Vein; POLYGON; 63, 72, 204; 760,611;755,612;751,614;747,615;742,617;738,618;733,620;729,621;725,623;720,624;716,627;711,629;707,630;703,632;698,633;694,634;689,636;685,639;680,642;676,645;671,648;670,652;667,657;664,661;661,666;657,669;655,673;652,678;651,682;655,685;659,687;664,688;668,688;673,687;677,685;681,684;686,681;690,681;694,679;699,678;703,676;708,675;712,675;716,672;721,670;725,669;730,666;734,663;739,660;743,658;748,655;752,652;757,649;760,645;764,640;767,636;769,631;770,627;769,623;766,618;761,617;
Vein; POLYGON; 63, 72, 204; 698,676;697,680;692,685;689,689;684,692;681,697;677,699;673,701;668,702;664,704;660,704;655,702;651,702;646,704;642,705;638,707;633,710;629,713;624,714;620,717;617,722;612,723;609,728;606,732;602,735;599,740;595,743;592,747;587,752;582,755;579,759;578,764;579,768;584,769;588,769;590,774;591,778;591,783;591,787;591,791;587,794;582,796;578,797;573,796;569,794;564,791;560,790;556,788;551,785;547,784;544,779;541,775;538,770;536,766;536,762;536,757;535,753;535,749;538,744;541,740;544,735;548,732;551,728;554,723;557,719;560,714;563,710;566,705;571,702;575,699;580,696;584,695;589,693;593,692;597,690;602,689;606,687;610,687;615,689;619,689;623,690;628,692;632,692;637,693;641,693;645,692;649,692;654,689;655,684;657,680;661,677;666,676;670,674;
Vein; POLYGON; 63, 72, 204; 598,695;594,695;590,695;585,697;581,698;576,700;572,701;568,702;563,704;559,707;554,710;550,713;547,717;542,720;539,725;536,729;533,734;532,738;530,743;529,747;527,751;527,756;527,760;530,764;532,769;535,773;538,778;541,782;544,787;548,788;553,793;557,796;562,794;566,790;568,785;569,781;571,777;571,772;571,768;571,764;569,759;569,755;571,751;572,746;577,743;581,740;586,737;589,733;
Vein; POLYGON; 63, 72, 204; 587,777;591,780;594,784;595,788;595,793;594,797;594,801;595,806;597,810;600,815;604,815;609,816;613,818;617,821;622,822;625,827;629,830;629,834;629,838;634,841;638,843;643,843;647,841;651,838;656,837;660,835;664,835;669,835;673,838;678,840;682,841;686,843;691,843;695,840;700,837;703,832;706,828;707,823;709,819;712,814;715,810;719,807;721,802;722,798;725,794;729,791;734,789;738,791;743,792;747,795;749,799;750,804;752,808;753,813;753,817;752,821;750,826;749,830;746,835;744,839;743,843;740,848;737,852;732,855;729,860;725,863;720,866;716,869;711,870;707,872;703,873;698,875;694,876;689,878;685,879;681,880;676,882;672,883;667,885;663,885;659,885;654,883;650,880;647,876;642,871;638,868;633,865;629,862;625,861;620,859;616,859;611,856;605,855;599,853;595,850;590,849;586,846;581,844;577,843;572,840;568,835;563,832;559,828;556,823;553,819;551,814;550,810;547,806;545,801;547,797;547,792;547,788;551,785;
Vein; POLYGON; 63, 72, 204; 683,874;678,876;674,879;672,883;668,888;665,892;662,897;659,901;654,904;653,909;653,913;653,917;657,920;662,923;666,925;671,926;675,926;679,926;683,926;688,926;692,925;696,923;701,922;705,920;710,919;714,919;718,919;722,919;727,919;731,919;735,919;740,919;744,920;747,925;748,929;748,933;748,938;747,942;747,946;742,949;738,952;734,954;729,955;725,958;720,960;716,960;712,961;707,963;703,964;698,966;694,966;690,967;685,969;681,970;677,971;672,971;668,973;663,974;659,976;655,976;651,976;646,977;642,977;638,977;633,977;629,976;625,974;620,971;615,967;611,964;608,959;603,956;599,953;596,949;593,944;592,940;589,935;584,932;581,928;578,924;577,919;575,915;575,910;575,906;575,902;577,898;578,893;578,889;578,885;578,880;580,876;581,872;580,867;581,863;584,858;584,854;584,850;583,845;581,841;585,839;590,839;594,839;598,841;603,841;607,842;611,844;616,845;620,847;625,850;629,850;633,851;
Vein; POLYGON; 63, 72, 204; 585,867;581,864;577,862;572,858;568,855;563,853;559,850;554,850;550,849;546,849;541,847;537,844;532,843;528,838;523,835;519,832;516,828;511,826;507,822;502,819;498,816;493,813;489,810;484,805;480,802;475,799;472,795;468,793;463,790;459,789;455,787;450,787;446,784;442,783;437,781;433,780;433,776;437,771;442,768;446,767;450,767;455,765;459,765;463,765;468,765;472,765;476,765;481,767;485,767;489,767;493,767;498,768;502,768;506,768;511,770;515,770;519,768;524,767;528,765;533,765;537,765;541,767;546,768;550,771;552,776;555,780;556,784;557,789;559,793;562,798;563,802;566,807;569,811;572,816;577,817;581,820;586,823;589,828;589,832;589,836;589,840;590,845;590,849;590,853;
Vein; POLYGON; 63, 72, 204; 520,769;515,768;514,763;513,759;510,754;505,751;500,747;496,745;492,744;487,742;483,741;478,738;474,736;470,735;465,732;461,731;456,729;452,728;447,725;443,725;439,723;434,722;430,720;425,717;421,716;417,714;412,711;408,708;403,705;399,702;394,701;390,701;386,699;381,698;377,696;372,695;368,695;364,694;359,692;355,691;351,689;346,688;342,688;338,686;333,688;329,688;325,688;320,688;316,689;315,694;315,698;317,702;322,704;326,707;331,710;335,713;338,717;343,720;346,725;350,728;355,731;358,735;362,738;367,741;371,744;376,749;380,753;385,756;389,759;394,764;399,767;403,768;407,771;412,774;416,776;421,777;425,777;429,779;434,780;438,782;442,782;447,783;451,783;455,783;460,783;464,785;468,785;473,786;477,786;481,788;486,789;490,789;494,791;499,791;
Vein; POLYGON; 63, 72, 204; 330,693;325,690;321,687;316,685;312,685;308,685;304,685;299,684;295,684;291,684;291,688;295,690;300,694;304,696;308,697;313,699;317,699;322,700;326,703;330,705;
Vein; POLYGON; 63, 72, 204; 259,676;256,671;251,667;247,664;247,659;245,655;244,651;241,646;239,642;236,637;233,633;232,628;229,624;227,619;226,615;223,611;220,606;216,605;211,602;207,599;202,597;198,594;193,593;189,590;184,588;180,585;176,584;171,582;167,579;162,578;158,576;154,576;149,576;145,576;141,576;136,578;132,578;128,579;123,582;119,584;117,588;116,593;116,597;117,601;117,606;119,610;120,614;125,617;129,620;134,622;138,622;142,623;147,625;151,626;156,628;160,631;165,635;169,640;172,644;175,649;180,653;183,658;187,661;192,664;196,665;201,668;205,671;210,673;214,674;218,676;223,677;227,677;231,677;236,679;240,680;244,680;249,682;253,682;257,682;
Artery; POLYGON; 237, 28, 36; 810,896;811,900;811,904;811,909;811,913;811,917;810,922;808,926;808,930;804,933;801,938;797,939;792,941;788,942;783,944;779,945;775,945;770,944;766,942;763,938;758,936;757,932;757,928;756,923;756,919;756,915;757,910;758,906;761,901;766,898;771,894;775,891;779,889;784,886;788,886;
Artery; POLYGON; 237, 28, 36; 757,916;752,914;748,914;744,913;739,914;735,914;731,914;726,913;722,913;718,913;714,913;709,914;705,914;701,916;696,917;692,917;688,917;683,919;679,919;675,919;670,919;666,917;662,914;657,911;658,907;660,903;663,898;668,893;672,889;677,887;681,884;686,881;690,878;694,877;699,874;703,872;708,871;712,871;716,870;721,870;725,868;729,867;734,865;738,864;743,862;747,862;751,861;756,861;760,858;765,855;768,850;771,846;775,843;776,838;781,835;784,831;785,827;788,822;793,819;796,815;800,813;805,810;809,809;814,807;818,804;823,800;826,795;829,791;830,786;832,782;833,777;836,773;837,769;842,766;845,761;849,758;854,757;858,754;863,752;867,751;871,752;876,752;880,754;884,754;889,757;893,760;895,764;893,768;892,773;890,777;889,782;888,786;886,790;885,795;882,799;882,804;880,808;879,812;877,817;876,821;874,826;870,830;867,835;862,839;857,844;853,848;848,851;845,856;841,859;836,862;832,865;827,870;823,874;820,879;817,883;815,888;812,892;811,896;808,901;805,905;800,908;796,910;791,913;791,909;
Artery; POLYGON; 237, 28, 36; 884,783;887,779;890,774;894,770;899,767;903,764;908,762;912,762;916,761;921,759;925,758;929,756;934,753;938,752;943,749;947,747;952,744;956,744;960,744;965,746;969,744;973,743;978,742;982,742;986,740;991,739;995,737;1000,734;1004,731;1009,728;1013,725;1016,721;1019,716;1022,712;1024,707;1025,703;1027,699;1027,694;1024,690;1019,685;1017,681;1014,676;1013,672;1009,670;1004,667;1000,667;996,667;991,669;987,669;983,670;978,672;974,675;969,679;965,682;960,687;955,690;951,695;946,699;942,702;937,705;933,707;928,710;924,711;920,711;915,711;911,711;907,713;902,714;898,716;894,717;889,720;885,721;880,724;876,727;871,730;867,733;865,738;861,742;859,747;856,751;853,756;852,760;850,765;849,769;849,773;853,776;858,778;862,776;867,778;871,778;
Artery; POLYGON; 237, 28, 36; 892,727;887,724;887,720;886,715;885,711;885,707;885,702;888,698;888,694;889,689;890,685;890,681;890,676;892,672;892,668;893,663;895,659;896,654;896,650;895,646;895,641;893,637;892,633;890,628;889,624;886,619;883,615;878,610;874,607;870,606;865,604;861,604;856,606;852,606;848,607;844,607;839,606;839,602;841,597;842,593;845,588;848,584;847,579;844,575;839,572;836,567;832,566;827,563;823,562;819,562;814,563;811,567;807,570;805,575;804,579;802,584;799,588;798,593;796,597;795,601;792,606;792,610;792,614;790,619;790,623;790,627;792,632;793,636;796,641;799,645;804,647;808,648;812,648;817,648;821,648;825,649;830,651;833,655;834,660;836,664;834,669;833,673;830,677;828,682;827,686;825,691;824,695;824,699;822,704;824,708;825,712;828,717;830,721;834,724;837,729;840,733;845,736;848,741;852,742;857,745;861,748;866,751;870,753;874,754;879,756;883,754;
Artery; POLYGON; 237, 28, 36; 349,905;353,905;357,906;362,906;366,908;370,911;375,912;379,915;384,917;388,918;393,921;397,924;402,927;406,928;410,931;415,933;419,936;424,937;428,939;432,937;437,937;441,936;445,936;450,936;454,934;458,934;463,934;467,934;471,934;475,934;480,934;484,934;488,936;493,937;497,940;502,942;506,943;511,946;514,951;518,952;523,957;527,961;532,966;536,969;539,974;542,978;547,980;551,983;556,986;560,986;564,987;569,988;573,990;577,990;582,991;586,991;590,990;595,988;599,987;604,986;608,984;612,981;617,980;621,980;626,978;630,978;634,978;638,978;643,978;647,977;651,975;656,975;660,974;664,972;669,971;673,971;677,971;682,969;686,969;690,971;695,971;699,971;703,972;708,972;712,971;716,969;721,969;725,969;729,969;734,971;738,971;741,975;745,977;750,978;754,980;757,984;759,989;757,993;754,997;750,1000;745,1003;741,1005;736,1006;732,1008;728,1008;723,1009;719,1009;715,1008;710,1009;706,1009;702,1009;697,1009;693,1009;689,1009;685,1009;680,1008;676,1008;672,1009;667,1009;663,1009;659,1009;654,1009;650,1009;646,1009;642,1009;637,1011;633,1011;629,1012;624,1012;620,1012;616,1012;612,1012;607,1012;603,1014;599,1014;594,1014;590,1012;586,1012;581,1012;577,1012;573,1012;569,1012;564,1012;560,1012;556,1012;551,1012;547,1011;543,1011;539,1011;534,1009;530,1008;525,1006;521,1005;516,1000;512,996;507,994;503,994;499,994;495,994;490,996;486,994;481,994;477,994;473,994;469,994;464,996;460,996;456,996;451,996;447,996;443,996;439,996;434,996;430,996;426,996;421,994;417,994;413,993;408,991;404,988;399,985;395,982;390,981;386,978;382,975;377,973;373,970;368,969;364,966;359,964;355,963;350,960;346,955;341,951;340,946;337,942;334,937;331,933;328,928;326,924;329,920;332,915;337,912;
Artery; POLYGON; 237, 28, 36; 493,991;498,993;502,994;506,996;511,999;515,1000;520,1003;524,1006;529,1011;533,1014;535,1018;539,1020;543,1020;548,1021;552,1021;556,1021;561,1021;565,1021;569,1021;574,1022;578,1022;582,1022;586,1022;591,1022;595,1022;599,1022;603,1022;608,1022;612,1021;616,1021;621,1020;625,1020;629,1020;634,1020;638,1020;642,1020;646,1020;651,1020;655,1020;659,1021;664,1021;668,1021;672,1021;676,1021;681,1020;685,1020;690,1018;694,1018;698,1018;702,1017;707,1017;711,1017;715,1015;720,1015;724,1014;729,1011;733,1011;737,1008;742,1003;745,999;749,999;754,997;758,997;762,997;766,997;771,996;775,994;780,991;781,987;783,982;784,978;784,974;780,971;777,966;772,965;768,965;764,965;759,965;755,966;751,968;746,969;742,971;737,972;733,975;729,977;724,980;720,981;715,983;711,984;707,984;702,985;698,985;694,985;689,987;685,987;681,987;676,988;672,988;668,990;662,990;657,991;651,991;647,993;642,994;638,996;634,996;629,997;625,999;621,999;616,997;612,997;608,997;603,996;599,996;595,996;591,996;586,997;582,997;578,997;573,997;569,997;565,997;561,997;556,996;552,996;548,994;543,993;539,990;534,990;530,987;525,985;521,984;517,982;512,982;506,981;502,981;
Artery; POLYGON; 237, 28, 36; 354,914;350,911;345,909;341,908;337,908;332,905;329,900;328,896;326,891;325,887;323,883;322,878;319,874;318,869;315,865;312,860;307,856;302,851;299,847;295,842;290,837;286,834;283,830;278,829;274,826;269,824;265,823;261,821;256,821;252,823;247,826;246,830;243,834;240,839;240,843;239,848;239,852;240,856;241,861;244,865;247,870;252,874;256,877;261,880;265,883;267,888;270,892;271,897;274,901;276,905;279,910;280,914;283,919;288,920;292,923;297,926;301,929;306,931;310,932;314,932;318,932;323,932;327,932;331,932;336,931;340,929;344,929;349,928;
Artery; POLYGON; 237, 28, 36; 268,829;266,824;263,820;259,817;254,815;250,812;246,811;241,808;237,806;232,805;228,803;224,802;219,799;215,799;210,797;206,794;201,793;197,792;193,790;188,790;184,789;180,787;175,784;171,781;166,778;162,777;157,774;154,769;151,765;147,762;144,757;141,753;138,748;135,744;132,739;127,736;126,732;121,727;118,723;114,720;109,717;105,712;100,709;96,705;91,702;87,699;82,696;78,691;73,688;69,687;64,684;60,682;55,679;51,678;47,676;44,672;44,667;44,663;44,659;47,654;50,650;51,646;53,641;55,637;58,632;60,628;61,623;61,619;61,615;61,611;61,606;57,603;52,600;49,596;45,593;41,591;36,590;32,588;27,587;23,587;19,588;14,590;11,594;11,599;11,603;11,607;13,612;14,616;16,620;11,623;10,628;5,631;4,635;2,640;1,644;1,648;1,653;1,657;1,661;2,665;2,670;2,674;4,678;4,683;5,687;7,691;7,696;8,700;10,705;13,709;16,714;19,718;23,721;26,725;29,730;34,731;37,736;41,737;46,742;50,743;54,746;59,746;63,746;67,748;72,749;76,751;81,752;85,755;88,760;91,764;96,769;99,773;102,778;105,782;108,787;111,791;114,796;118,799;121,803;126,808;130,811;135,814;139,817;142,821;147,824;151,827;156,832;160,835;165,838;169,841;174,844;178,845;182,848;187,850;191,851;196,851;200,853;204,854;209,856;213,856;217,857;222,857;226,857;230,859;235,860;239,862;243,863;248,864;252,866;257,867;261,869;265,870;270,872;274,872;279,870;283,869;
Stroma; POLYGON; 128, 128, 128; 108,235;113,233;117,233;121,233;125,233;130,235;134,236;139,238;143,238;147,239;152,241;156,242;160,244;165,245;169,245;173,245;178,246;182,246;186,246;191,246;195,246;199,246;203,245;208,246;212,246;216,246;221,246;225,246;229,246;234,246;238,246;242,248;246,248;251,248;255,248;259,246;264,246;268,246;272,245;277,245;281,245;285,244;290,242;294,241;298,241;303,238;307,236;312,235;316,232;321,229;325,227;329,226;334,224;338,223;343,221;347,221;351,221;355,220;360,220;364,218;368,218;373,217;377,217;381,216;386,216;390,216;394,214;399,214;403,213;407,211;412,210;416,210;421,208;425,208;429,207;434,208;438,208;442,208;446,208;451,210;455,210;459,210;464,210;468,211;472,211;477,213;481,213;485,214;490,214;494,214;498,214;503,216;507,216;511,216;515,216;520,217;524,217;528,217;533,217;537,217;541,218;546,218;550,218;554,220;558,220;563,220;567,220;571,221;576,221;580,221;584,221;588,221;593,221;599,221;603,221;607,221;612,221;616,221;620,221;624,220;629,220;633,220;637,218;642,218;646,217;650,217;655,217;659,216;663,216;668,216;672,216;676,216;680,216;685,214;689,214;693,214;698,214;702,214;706,214;710,214;715,213;719,213;723,211;728,211;732,210;736,210;741,208;745,207;750,205;754,205;758,204;763,202;767,202;771,201;776,199;780,199;784,198;789,198;793,198;797,198;801,198;806,198;810,198;814,198;819,198;823,198;827,196;831,196;836,196;840,196;844,196;849,195;853,195;857,195;862,194;866,192;870,192;875,191;879,191;883,189;888,188;892,186;896,186;901,185;890,186;882,188;873,190;867,190;863,191;858,191;854,191;850,191;844,191;840,191;835,191;831,191;827,191;821,193;816,194;810,198;805,202;801,205;794,208;788,214;781,217;774,220;767,225;761,229;754,234;749,237;743,242;736,245;729,250;722,256;716,259;711,262;705,267;700,270;694,273;687,276;681,280;674,283;667,286;663,288;657,291;648,294;643,297;635,301;626,304;621,306;617,307;608,311;604,312;600,314;595,317;587,320;578,324;569,325;560,327;552,329;543,329;535,329;527,329;522,329;518,329;514,329;508,329;504,329;499,329;495,329;491,329;486,330;482,330;478,330;474,330;465,332;457,332;453,333;445,333;441,333;433,333;428,333;424,333;418,333;414,333;410,333;404,333;399,333;395,333;391,333;385,333;380,333;376,333;372,335;368,335;363,335;357,336;353,336;349,336;344,336;340,336;336,336;331,336;327,336;323,336;319,335;314,335;310,335;306,335;301,335;297,334;293,334;285,332;278,329;271,325;267,324;261,321;254,317;245,314;238,309;234,307;227,304;223,302;218,299;210,296;206,295;199,290;194,287;190,284;185,279;181,274;176,271;170,266;163,263;159,260;154,257;150,254;145,251;141,248;
Stroma; POLYGON; 128, 128, 128; 768,205;772,205;777,203;781,203;785,202;790,200;794,199;799,197;803,197;807,196;812,194;816,194;820,193;825,193;829,192;833,192;838,192;842,192;846,190;850,190;855,189;859,189;864,187;868,187;872,186;876,186;881,186;885,184;890,183;894,183;898,180;903,180;907,178;911,178;915,178;920,177;924,177;929,175;933,174;937,174;941,174;946,175;950,178;955,181;958,186;962,190;967,193;970,198;975,203;979,206;984,210;985,215;988,219;991,223;993,228;994,232;997,237;1000,241;1003,246;1006,250;1009,255;1012,259;1013,264;1015,268;1016,272;1016,277;1016,281;1015,285;1015,290;1013,294;1013,298;1010,305;1009,309;1007,313;1006,318;1004,322;1003,327;1000,331;998,337;994,342;992,346;988,351;985,355;980,362;975,367;972,371;969,376;965,380;960,383;956,386;951,391;946,394;940,399;935,402;929,407;922,412;913,417;908,422;903,423;895,429;888,434;884,435;877,440;873,442;864,447;860,448;855,451;851,453;846,454;840,457;835,459;829,460;825,463;819,465;813,467;804,468;798,470;792,471;785,475;779,475;773,476;767,478;762,481;754,482;748,482;740,484;734,486;727,487;721,487;713,489;707,490;701,490;695,490;689,490;683,490;677,492;671,490;665,490;660,490;654,489;648,489;642,487;636,486;632,484;626,483;619,481;613,478;607,476;602,473;596,470;590,469;583,465;578,461;572,457;567,454;561,451;556,447;552,444;545,439;541,436;536,431;531,426;527,422;517,412;514,407;509,404;506,400;499,391;492,382;485,374;482,370;477,363;469,356;464,349;460,344;455,340;453,335;450,331;450,327;
Stroma; POLYGON; 128, 128, 128; 1015,278;1018,283;1022,287;1022,292;1024,296;1022,300;1022,305;1022,309;1021,313;1021,318;1021,322;1019,326;1019,330;1019,335;1019,339;1021,343;1021,348;1021,352;1021,356;1021,361;1021,365;1021,369;1021,373;1021,378;1021,382;1019,386;1019,391;1019,395;1019,399;1019,403;1018,408;1018,412;1018,416;1018,421;1018,425;1018,429;1016,433;1018,438;1018,442;1018,446;1018,451;1019,455;1019,459;1019,464;1019,468;1021,472;1021,477;1021,481;1022,485;1022,490;1022,494;1022,498;1022,502;1024,507;1022,511;1024,516;1022,520;1024,524;1022,529;1022,533;1022,537;1022,542;1022,546;1022,550;1021,554;1021,559;1021,563;1021,567;1021,572;1021,576;1021,580;1022,584;1022,589;1022,593;1022,597;1022,602;1022,606;1022,610;1022,614;1022,619;1022,623;1021,627;1021,632;1019,636;1019,640;1018,645;1016,649;1015,653;1010,656;1006,658;1002,659;997,661;993,662;988,664;984,664;980,664;975,665;971,668;967,670;962,673;958,674;953,677;949,679;944,680;940,683;935,684;931,687;927,689;922,690;918,692;914,692;909,692;905,690;900,689;897,684;897,680;897,676;897,672;897,667;899,663;900,659;902,654;903,650;903,646;905,641;905,637;906,632;908,628;906,624;906,619;905,615;900,612;896,609;891,604;887,600;882,598;878,595;873,594;869,594;865,594;860,594;856,594;852,594;850,589;850,585;852,581;853,576;853,572;853,568;852,563;848,562;843,561;839,559;834,556;830,555;825,553;821,553;817,555;813,555;808,555;804,555;800,555;795,553;791,552;786,549;780,542;775,537;770,530;763,523;757,514;756,509;750,499;749,494;747,490;746,486;744,481;743,477;743,472;740,464;738,458;738,452;738,446;739,441;743,435;746,429;751,422;758,416;763,413;771,408;781,403;785,401;789,398;798,393;802,391;811,386;816,383;824,378;834,370;838,367;847,360;852,357;856,354;860,351;865,348;869,346;878,338;888,333;892,330;896,328;901,327;
Stroma; POLYGON; 128, 128, 128; 813,550;809,555;806,559;801,562;798,567;794,568;789,571;785,576;780,579;776,584;771,585;767,588;762,590;758,591;754,591;749,592;745,594;741,594;736,595;732,597;728,597;721,598;715,600;711,601;705,603;700,604;694,606;690,607;682,609;673,611;669,611;664,611;660,611;656,612;651,612;647,611;641,611;637,611;632,611;628,609;624,609;618,608;612,606;607,605;601,603;594,600;590,597;584,594;577,590;572,587;566,583;561,578;554,573;550,568;545,563;540,559;537,554;533,550;530,545;525,541;522,536;519,532;516,527;513,523;509,518;506,514;503,509;497,500;496,496;493,492;490,487;488,477;487,472;487,468;487,464;487,460;488,455;490,451;491,446;496,440;503,433;508,430;512,428;519,425;523,422;528,419;534,416;543,412;552,410;561,407;569,405;581,403;589,401;601,400;609,400;620,398;628,398;634,399;643,399;649,399;657,401;663,401;669,402;675,404;681,405;688,407;694,409;700,412;707,413;713,417;720,420;724,423;730,425;737,428;747,436;751,437;755,440;760,443;769,450;776,455;780,457;787,463;791,468;796,473;
Stroma; POLYGON; 128, 128, 128; 794,559;793,564;790,568;787,573;784,577;782,582;778,586;775,591;770,595;765,598;761,601;756,604;752,606;748,607;743,609;739,610;734,612;730,615;726,616;721,618;717,621;712,622;708,624;703,627;699,628;695,629;690,632;686,634;681,637;677,640;672,643;668,644;666,649;662,652;657,656;654,661;653,665;650,670;647,674;642,679;638,680;634,680;629,680;625,682;621,682;616,680;612,680;608,680;604,680;599,680;595,682;591,682;586,682;582,683;578,685;573,686;569,689;564,692;560,697;555,700;550,704;546,707;542,710;537,712;533,715;528,718;524,719;519,719;515,719;511,719;507,718;500,715;496,713;489,710;485,708;481,705;476,702;471,698;468,693;467,689;465,683;464,674;464,666;464,662;464,656;464,651;464,645;464,639;464,633;464,629;464,625;465,619;467,613;468,608;471,602;471,597;473,593;474,589;480,580;481,576;484,571;487,567;490,562;495,558;504,548;509,545;518,538;522,535;527,532;531,529;536,527;542,524;546,523;551,521;555,518;560,517;564,515;568,514;579,510;583,510;589,509;594,507;600,507;606,506;612,504;616,504;622,503;628,503;633,503;639,501;643,501;649,501;655,501;659,501;664,500;668,500;672,500;677,501;683,501;687,501;691,501;696,503;703,503;708,503;716,503;722,504;728,504;734,506;738,506;
Stroma; POLYGON; 128, 128, 128; 600,677;596,679;591,682;585,685;581,686;576,689;572,691;567,694;563,695;558,698;554,703;549,707;546,712;542,715;539,719;536,724;531,728;527,731;524,736;522,740;519,745;518,749;513,746;509,743;504,740;500,737;495,736;491,733;486,730;482,728;478,727;473,724;469,721;464,719;460,716;455,715;451,712;446,709;442,706;437,703;433,702;429,699;424,696;420,694;415,691;411,691;407,690;402,690;398,690;394,690;389,690;385,691;381,690;376,690;372,690;368,688;363,685;359,681;356,676;353,672;350,667;350,663;350,659;350,654;351,650;353,644;354,638;358,629;359,622;361,618;364,613;367,609;370,605;373,600;376,596;382,592;387,588;394,582;401,577;405,576;412,571;418,568;423,565;429,560;434,558;440,553;445,552;451,547;458,544;464,542;469,539;473,536;479,533;486,531;492,528;497,527;505,525;509,523;515,522;522,520;527,520;533,520;538,520;542,522;548,522;553,523;557,526;561,528;566,529;572,532;579,538;584,541;590,546;597,553;603,560;607,563;609,567;612,572;615,576;616,580;619,585;
Stroma; POLYGON; 128, 128, 128; 484,297;479,294;475,294;469,293;465,291;457,291;452,291;448,291;442,293;436,293;432,294;425,296;419,298;413,299;407,301;402,304;396,305;390,308;383,312;378,316;374,319;369,324;365,329;360,333;357,338;353,342;347,349;344,356;341,362;337,369;334,376;333,382;331,388;328,393;327,397;325,403;324,407;322,412;322,418;320,426;319,430;317,439;316,447;316,452;314,456;314,460;313,465;313,469;311,473;310,482;308,490;308,498;306,505;306,509;306,515;306,521;306,525;308,531;308,540;309,546;311,554;315,563;318,570;319,574;323,581;328,588;335,595;342,600;351,606;360,609;367,611;371,612;379,614;384,614;388,614;394,614;398,614;402,614;408,614;413,613;417,613;423,611;427,611;432,610;436,610;440,608;445,607;449,607;453,605;458,604;462,601;471,596;475,593;480,590;485,585;490,578;495,571;500,564;506,555;513,545;519,533;525,524;531,512;536,503;542,494;548,484;553,477;558,470;563,463;567,457;568,451;570,444;570,438;570,433;570,427;570,421;568,416;568,410;565,402;563,396;562,387;558,380;557,372;553,363;551,354;548,347;544,338;541,329;537,323;534,316;531,309;528,305;
Stroma; POLYGON; 128, 128, 128; 496,730;492,728;488,727;483,727;479,725;475,725;470,725;466,725;462,724;457,724;453,723;449,723;444,721;440,720;436,720;431,718;427,717;422,714;418,712;414,711;409,708;405,705;400,703;396,700;391,699;387,699;383,697;378,696;374,694;370,693;365,692;361,690;356,689;352,687;348,686;343,684;339,684;335,684;330,683;326,683;322,683;317,681;313,681;309,681;304,681;300,680;296,680;291,678;287,677;283,675;278,674;274,671;269,668;265,665;260,663;256,661;251,656;247,651;244,647;241,642;241,638;237,632;236,625;234,619;234,615;233,611;231,606;231,602;231,598;231,593;231,589;230,581;231,577;230,570;230,564;230,560;228,554;227,548;227,544;225,537;225,533;225,529;227,525;228,520;231,516;233,511;237,507;242,502;246,497;253,494;262,488;269,483;274,482;278,480;287,477;291,475;295,474;304,471;308,471;312,469;317,468;321,468;329,466;334,466;338,466;346,466;354,466;363,468;371,470;376,470;380,471;385,472;389,474;397,477;402,479;410,484;415,485;419,488;428,495;432,498;435,503;442,510;445,514;450,523;452,527;453,532;455,536;456,540;456,545;458,549;459,555;461,564;462,568;464,573;466,581;467,587;467,591;469,600;470,606;472,612;473,616;473,621;473,625;475,631;475,637;476,641;
Stroma; POLYGON; 128, 128, 128; 160,240;156,238;151,235;147,234;142,233;138,233;134,231;129,230;125,230;121,230;116,230;112,230;108,231;103,234;99,237;94,240;93,244;88,249;85,254;82,258;79,262;78,267;75,271;72,276;67,280;66,285;63,289;58,294;55,298;54,303;51,307;49,312;46,316;46,320;45,325;43,329;42,334;42,338;40,342;39,347;37,351;36,355;36,360;34,364;34,368;33,373;32,377;32,381;30,386;29,390;29,395;27,399;26,405;26,409;24,414;24,418;24,422;23,427;23,431;23,435;23,439;23,444;23,448;23,452;23,457;24,461;24,465;26,470;26,474;27,478;29,483;32,487;33,492;36,496;41,501;45,504;50,507;56,510;60,511;65,513;71,513;77,513;83,513;89,511;95,513;99,513;104,513;110,514;114,514;118,516;124,516;129,516;133,517;139,517;145,517;151,517;157,519;163,519;169,519;173,520;179,520;186,522;190,522;196,523;202,523;208,523;216,525;224,525;233,525;241,525;247,525;251,525;257,525;261,523;267,523;276,522;284,520;291,517;301,509;310,501;317,494;322,491;325,487;329,484;334,479;344,469;352,460;355,455;362,446;363,442;366,438;367,433;369,427;370,423;374,416;374,410;375,404;377,400;378,394;380,389;381,385;383,379;384,373;386,368;386,364;386,360;386,355;383,351;381,345;380,340;377,336;375,331;374,327;372,323;371,318;368,314;363,312;359,308;354,306;350,302;345,299;341,296;
Stroma; POLYGON; 128, 128, 128; 244,631;240,628;238,623;234,620;231,616;226,613;222,611;217,608;214,604;210,601;206,598;201,595;197,592;192,590;188,589;183,586;179,585;174,583;170,582;166,580;161,580;157,579;153,580;148,579;144,577;140,577;135,577;131,577;127,579;122,580;118,583;113,586;109,586;105,588;100,588;96,586;92,585;87,585;83,583;78,582;74,580;70,579;65,577;61,577;57,576;52,574;48,571;43,570;39,567;36,562;33,558;30,553;28,549;28,545;27,540;27,536;27,532;28,526;30,521;30,517;31,513;31,508;35,502;36,496;38,491;41,487;42,483;45,478;50,472;54,469;61,464;64,459;69,456;75,453;82,450;88,446;95,443;101,440;110,436;117,435;121,435;129,433;133,433;138,433;142,433;146,433;150,433;155,433;161,433;165,433;169,433;173,433;178,434;184,434;188,436;193,437;201,441;205,442;210,444;214,445;221,450;225,451;234,459;241,466;247,475;254,482;259,489;263,496;268,503;271,509;274,514;277,520;279,526;282,533;285,538;288,544;290,548;291,553;293,557;293,561;293,566;293,570;293,574;291,580;290,585;
Stroma; POLYGON; 128, 128, 128; 33,556;29,561;26,565;24,570;23,574;21,578;21,583;26,586;30,589;35,589;39,590;43,590;48,592;52,595;57,598;58,602;61,606;63,611;65,615;67,620;67,624;67,628;64,633;61,637;56,640;53,645;52,649;51,654;51,658;51,662;52,666;55,671;60,676;64,677;68,678;73,680;77,681;82,683;86,684;90,684;96,684;101,684;105,684;109,684;113,683;118,681;122,678;127,675;130,671;133,666;133,662;133,658;133,654;131,649;130,645;128,640;125,636;124,632;122,627;119,623;118,618;115,614;115,610;114,605;112,601;111,596;109,592;108,588;108,583;108,579;109,575;111,570;109,566;106,561;102,558;97,557;93,555;89,555;
Stroma; POLYGON; 128, 128, 128; 112,617;117,620;121,622;125,622;130,623;134,623;139,625;143,626;147,628;152,629;155,634;159,637;162,641;167,644;170,649;174,652;176,656;180,657;185,660;189,663;193,665;198,668;202,669;207,671;211,672;216,675;220,677;224,680;229,681;233,683;237,683;242,683;246,683;250,681;255,681;259,681;263,683;268,687;271,692;272,696;275,701;275,705;277,709;277,714;278,718;277,722;277,727;275,731;274,735;271,740;268,744;265,749;260,752;256,755;252,758;247,759;243,762;238,764;234,767;229,768;225,770;221,770;216,771;212,771;208,771;203,773;199,773;195,771;190,771;186,770;182,770;177,770;173,768;169,768;164,767;160,765;156,764;151,761;147,758;142,755;139,750;138,746;135,741;132,737;127,732;126,728;121,725;118,721;114,718;109,715;105,712;100,709;96,707;91,702;87,699;82,697;78,695;73,692;69,691;65,688;60,686;56,683;54,679;51,674;51,670;51,666;53,661;56,657;60,654;65,651;69,646;74,643;78,642;83,639;87,637;91,636;96,636;100,634;
Stroma; POLYGON; 128, 128, 128; 253,653;254,657;257,662;260,666;262,671;263,675;263,679;265,684;269,687;273,687;278,685;282,682;287,681;291,679;295,679;300,676;301,672;300,668;300,663;297,659;292,657;288,656;284,654;279,654;275,654;271,654;267,654;
Stroma; POLYGON; 128, 128, 128; 283,678;286,682;291,685;292,690;297,693;301,696;306,700;310,703;315,706;319,709;324,712;327,717;331,720;334,724;339,727;343,729;348,732;352,735;357,739;361,742;364,747;367,751;370,756;373,760;373,764;376,769;376,773;378,778;378,782;378,786;378,790;378,795;376,799;375,803;372,808;367,811;363,816;358,817;354,820;349,821;345,821;341,821;337,821;332,820;328,820;324,820;319,820;315,820;311,820;307,820;302,820;298,820;294,820;289,819;285,819;281,817;276,817;272,816;268,814;263,814;259,813;255,811;250,811;246,810;242,808;237,808;233,807;229,805;224,804;220,802;215,799;211,798;206,793;202,790;197,789;193,787;189,787;184,786;180,785;176,783;171,782;167,779;162,777;158,774;155,770;153,765;153,761;155,757;158,752;161,748;167,741;172,738;177,733;181,730;186,727;190,724;197,719;201,718;205,716;210,715;214,714;218,714;225,710;229,709;234,707;238,706;243,703;
Stroma; POLYGON; 128, 128, 128; 353,744;357,746;362,749;366,752;371,755;375,758;378,762;383,765;387,770;392,771;395,776;399,777;404,780;408,783;413,786;417,789;421,789;426,789;430,791;434,791;439,791;443,794;448,795;452,798;456,800;461,803;465,806;470,809;474,812;479,814;483,819;486,824;491,827;494,831;497,836;501,839;504,843;509,844;513,846;518,849;522,849;526,850;531,852;535,852;539,853;544,855;548,856;553,858;557,859;561,861;566,864;569,868;567,873;566,877;564,881;564,886;563,890;563,894;563,899;564,903;564,907;564,911;564,916;560,919;555,922;551,922;547,923;543,923;538,923;534,923;530,922;525,922;521,920;517,920;512,919;508,919;502,919;498,919;493,919;489,919;485,917;480,916;476,916;472,914;467,914;463,913;459,913;454,911;450,911;446,911;441,910;437,909;433,909;428,907;424,907;420,906;415,904;411,904;407,903;402,901;398,898;393,897;389,894;385,892;380,891;376,886;371,882;366,879;362,876;358,874;353,871;347,868;342,865;338,862;333,859;329,856;324,855;320,852;315,847;311,846;306,841;302,839;297,836;293,832;288,827;284,824;279,821;275,818;270,814;266,811;263,806;260,802;264,799;
Stroma; POLYGON; 128, 128, 128; 294,831;297,836;302,839;306,840;309,845;314,848;317,852;320,857;321,861;323,866;325,870;327,874;330,879;331,883;334,888;339,891;343,894;348,897;352,898;357,898;361,900;365,900;370,901;374,903;378,904;383,906;387,909;392,913;396,916;401,918;405,919;410,922;414,922;418,922;422,922;427,924;431,924;435,924;440,924;444,924;448,924;452,924;457,925;461,925;466,926;470,926;476,926;480,926;484,928;489,929;493,929;497,929;502,929;506,931;510,932;515,932;519,934;524,935;528,937;532,937;537,938;541,940;545,940;550,940;554,940;558,940;562,940;567,938;571,938;574,934;575,929;574,925;571,920;571,916;570,912;570,908;571,903;572,899;574,894;575,890;575,886;575,881;575,877;574,873;569,870;565,867;561,865;556,862;552,859;547,856;543,853;538,849;534,846;529,843;525,840;520,838;516,835;511,832;507,831;502,828;498,826;493,825;489,822;485,820;480,820;476,817;471,814;467,813;463,812;458,812;454,812;450,812;445,812;441,812;437,812;433,812;428,813;422,813;416,815;407,816;401,818;395,818;389,819;383,821;379,822;374,824;370,825;
Stroma; POLYGON; 128, 128, 128; 660,703;655,705;651,708;646,709;642,712;637,715;633,718;628,721;624,724;621,728;616,731;613,736;609,737;606,742;601,745;597,748;594,752;591,757;590,761;587,766;590,770;594,773;596,778;597,782;597,786;598,791;597,795;596,799;596,804;600,807;603,811;607,811;612,811;616,811;620,813;625,814;629,817;631,821;631,826;631,830;634,835;638,836;642,835;647,835;651,833;655,832;660,830;664,830;668,830;673,830;677,833;682,836;686,838;690,838;695,836;699,833;701,829;704,824;707,820;710,815;711,811;712,806;714,802;717,798;720,793;723,789;726,784;729,780;730,775;733,771;735,766;738,762;739,757;741,753;742,747;744,741;745,736;747,732;750,727;750,723;753,719;753,714;754,710;754,706;754,702;753,697;751,693;750,688;745,685;741,682;736,681;732,681;728,682;724,682;719,682;713,684;709,685;704,687;700,688;696,690;691,694;
Stroma; POLYGON; 128, 128, 128; 703,687;707,687;712,686;716,681;721,678;725,677;730,675;734,674;738,672;741,668;746,665;750,662;755,657;758,653;762,650;767,647;771,644;
Stroma; POLYGON; 128, 128, 128; 789,647;794,651;
Stroma; POLYGON; 128, 128, 128; 698,690;702,687;707,684;711,681;716,677;720,675;725,671;729,669;734,668;738,666;743,663;747,662;751,659;754,654;759,651;763,647;768,645;772,644;777,644;781,647;785,648;790,651;794,654;799,656;803,656;807,656;812,657;816,660;818,665;818,669;816,673;815,678;813,682;812,686;810,691;807,695;806,700;804,704;804,708;804,713;804,717;803,721;800,726;798,730;796,735;793,739;790,744;785,747;782,751;778,754;773,757;769,760;764,762;760,762;756,762;750,760;745,759;739,757;735,756;730,753;726,750;721,747;717,742;714,738;711,733;711,729;712,724;715,720;
Stroma; POLYGON; 128, 128, 128; 756,598;761,599;765,602;768,607;771,611;774,616;774,620;774,624;773,629;773,633;770,638;767,642;764,647;762,651;764,655;768,657;772,655;777,654;781,652;784,648;786,644;786,639;787,635;787,631;788,626;788,622;790,618;790,613;790,609;790,605;791,600;791,596;793,592;796,587;799,583;800,578;802,574;
Stroma; POLYGON; 128, 128, 128; 788,622;789,626;791,630;791,635;795,638;800,642;804,645;808,647;813,650;817,651;822,651;826,654;831,656;831,660;832,664;831,669;831,673;829,677;828,682;826,686;825,691;823,695;822,699;823,704;825,708;826,713;829,717;832,721;834,726;838,729;843,733;847,735;852,738;852,742;852,746;852,751;850,755;849,760;846,764;841,769;837,770;832,773;828,775;823,778;819,779;814,782;810,783;805,786;801,788;797,789;792,791;788,791;784,791;779,791;775,791;771,789;767,789;762,788;758,786;753,785;749,785;745,786;740,788;736,789;732,791;727,792;723,794;718,795;714,797;710,798;705,794;705,789;706,785;706,779;708,773;709,767;711,760;712,756;714,750;716,744;719,739;720,735;723,730;726,726;730,723;735,720;740,715;744,712;748,711;753,708;757,705;
Stroma; POLYGON; 128, 128, 128; 738,785;743,786;746,791;749,795;749,799;750,804;752,808;752,812;753,817;753,821;753,825;752,830;752,834;750,838;749,843;744,847;741,852;746,853;750,852;754,852;759,850;762,846;766,843;768,839;771,834;774,830;777,825;780,821;781,816;783,812;787,810;791,807;796,806;800,804;805,803;809,800;813,799;816,794;818,790;821,785;824,781;825,776;827,772;828,767;827,763;824,759;819,756;815,754;811,753;
Stroma; POLYGON; 128, 128, 128; 896,776;901,773;905,770;910,767;914,766;918,764;923,761;927,761;932,760;936,758;940,757;945,757;949,755;953,754;958,755;962,757;965,761;965,766;965,770;962,774;961,779;958,783;955,788;952,792;947,795;944,800;943,804;940,809;935,813;932,818;931,822;928,827;925,831;920,836;917,840;913,845;908,849;905,854;900,857;897,861;893,866;890,871;885,873;882,878;879,882;875,885;870,890;866,892;862,893;857,894;853,894;849,896;844,896;840,896;836,896;831,893;828,888;824,887;824,883;825,878;827,874;830,869;834,866;839,863;843,860;846,856;851,853;855,850;858,845;863,842;867,840;870,835;875,832;876,828;881,825;882,820;883,816;888,811;891,807;894,802;896,798;897,793;
Stroma; POLYGON; 128, 128, 128; 976,664;973,669;970,673;967,678;964,682;960,687;955,691;951,694;946,696;942,697;937,699;933,700;929,702;924,702;920,703;915,705;911,706;907,706;902,708;898,708;894,706;892,702;892,697;894,693;895,689;897,684;900,680;903,675;904,671;
Stroma; POLYGON; 128, 128, 128; 955,647;959,650;964,652;968,655;973,656;977,658;
Stroma; POLYGON; 128, 128, 128; 147,576;146,576;144,576;143,576;142,576;140,577;139,577;137,577;136,578;134,578;133,579;131,579;130,580;128,580;127,581;126,581;124,582;123,582;121,583;120,584;119,586;119,587;118,589;118,590;118,592;117,593;117,595;117,596;117,597;117,599;118,600;118,602;119,603;119,605;120,606;121,608;121,609;122,611;122,612;124,613;125,615;126,615;128,617;129,617;130,618;132,618;133,619;135,620;136,621;136,623;137,624;137,625;137,627;137,628;137,630;137,631;136,633;135,634;133,635;132,635;130,636;128,635;127,635;125,634;123,634;121,633;119,632;117,632;115,631;114,630;111,629;109,628;107,626;105,625;103,624;101,622;99,620;97,618;95,616;93,613;92,611;92,609;91,608;90,605;90,604;90,602;90,601;89,598;90,595;90,593;91,591;92,588;93,586;94,584;95,582;97,580;99,578;101,576;104,575;106,573;108,571;111,570;113,569;115,568;117,568;120,568;122,568;124,568;127,568;128,568;129,568;132,569;135,569;138,570;140,570;141,570;
Stroma; POLYGON; 128, 128, 128; 126,619;127,619;129,619;130,619;132,620;133,620;134,620;136,621;137,621;139,621;140,622;142,622;143,623;145,623;146,624;148,624;149,625;151,626;152,626;153,627;155,628;156,628;158,629;159,630;161,631;162,631;164,632;165,634;167,635;168,636;169,637;170,639;171,640;172,642;173,643;173,645;175,646;176,648;177,649;178,650;180,651;181,652;183,653;184,655;185,656;187,657;188,658;189,659;191,660;192,662;193,662;195,663;196,664;198,665;199,666;201,667;202,668;204,669;205,669;207,670;208,670;210,671;211,671;213,672;214,672;215,672;217,673;218,673;220,673;221,674;223,674;224,675;226,675;227,675;229,676;230,676;231,676;233,677;234,677;236,677;237,678;239,678;240,678;242,679;243,679;245,679;246,680;247,680;249,681;250,681;252,682;253,683;255,685;255,686;255,688;255,689;254,691;252,692;251,694;249,694;247,695;245,695;242,696;241,696;238,696;237,695;236,695;234,695;231,695;230,695;228,694;226,694;224,694;222,693;219,693;217,692;214,692;211,691;209,690;206,689;204,689;201,688;198,688;195,686;193,686;190,685;188,684;185,682;183,681;181,680;178,679;177,678;175,677;173,676;172,675;170,674;169,673;167,672;166,672;164,671;163,670;161,669;160,668;158,667;156,666;155,665;153,664;151,663;150,662;148,661;145,659;143,656;142,655;141,653;139,650;137,647;136,645;134,643;133,641;132,639;130,637;128,635;127,633;127,631;126,630;126,628;126,626;127,625;127,623;127,622;
Stroma; POLYGON; 128, 128, 128; 149,576;150,576;152,576;153,577;154,577;156,578;157,579;159,579;160,580;162,581;163,581;165,582;166,582;168,583;169,583;171,584;172,584;174,584;175,585;176,585;178,585;179,586;181,586;182,587;184,587;185,588;187,589;188,590;190,591;191,591;193,592;194,593;196,594;197,595;199,596;200,597;202,598;203,599;205,599;206,600;208,601;209,602;211,603;212,604;214,605;215,606;216,608;218,609;219,610;220,611;221,612;222,613;223,615;224,616;225,618;226,619;226,621;227,622;228,624;228,625;228,626;229,628;230,629;230,631;231,632;232,634;233,635;233,637;234,638;235,640;235,641;236,643;237,644;237,646;238,647;238,649;239,650;240,652;240,653;241,655;242,656;243,657;243,659;244,660;245,662;246,663;247,665;248,666;250,667;251,669;252,670;252,672;253,673;254,675;255,676;256,678;256,679;257,681;257,682;258,684;258,685;259,687;260,688;261,690;262,691;264,692;265,693;267,694;268,695;270,696;271,696;272,695;273,694;273,692;273,690;274,689;274,687;274,685;274,683;275,682;275,680;275,678;275,677;276,674;276,671;275,670;275,669;275,667;275,666;274,664;274,663;273,661;273,659;271,657;271,656;270,654;269,652;269,650;268,649;268,647;267,645;267,643;266,641;266,639;265,637;265,636;265,635;264,632;264,631;263,630;263,628;262,626;261,624;260,622;258,620;257,619;255,617;253,615;251,613;249,611;247,609;245,607;243,606;241,604;239,603;238,601;236,600;234,599;
Stroma; POLYGON; 128, 128, 128; 37,495;36,495;34,496;34,498;33,499;32,501;32,502;33,504;32,506;32,507;32,508;32,510;31,512;31,514;31,516;31,519;30,521;30,523;30,524;29,526;29,528;29,530;29,531;29,532;29,534;29,536;29,537;28,539;28,541;28,543;27,545;27,546;27,548;27,549;26,551;26,552;26,553;25,555;25,556;24,558;23,559;23,561;22,562;22,564;21,565;21,567;20,568;20,570;20,571;19,573;19,574;19,575;19,577;19,578;19,580;20,581;20,583;21,584;23,586;24,587;26,588;27,588;29,589;30,589;31,589;33,590;34,591;36,591;37,592;39,592;40,593;42,593;43,594;45,594;46,595;48,596;49,597;51,598;52,599;54,600;55,601;56,603;57,604;57,605;57,607;57,608;58,610;58,611;58,613;58,614;58,615;58,617;58,618;57,620;57,621;57,623;57,624;56,626;56,627;56,628;55,630;55,631;55,633;54,634;54,636;53,637;53,639;52,640;52,642;52,643;52,645;52,647;53,648;54,649;56,650;57,651;59,652;61,652;62,652;64,652;66,652;68,651;70,650;71,649;73,647;75,645;75,644;77,641;78,639;78,637;79,636;79,634;80,633;80,631;81,629;81,628;82,626;82,624;82,623;82,621;82,619;83,618;83,617;83,614;83,613;83,611;83,609;83,606;84,604;84,601;84,597;85,594;85,590;86,587;86,583;86,580;87,577;87,573;87,570;87,567;87,564;86,562;86,560;86,558;85,556;85,554;84,552;83,550;83,548;82,547;82,545;81,543;80,542;80,540;79,539;78,537;78,536;77,534;76,533;75,530;73,527;71,525;70,523;69,522;68,520;
Stroma; POLYGON; 128, 128, 128; 55,631;55,632;54,634;54,635;54,637;53,638;52,639;51,641;51,642;50,644;50,645;49,647;48,648;48,650;47,651;47,653;47,654;46,656;46,657;45,659;44,660;43,662;43,663;43,664;42,666;42,667;42,669;42,670;42,672;43,673;44,675;45,676;46,677;47,679;49,679;50,680;51,680;53,681;54,682;56,683;57,683;59,683;60,683;61,681;63,679;64,677;65,674;66,672;66,671;67,668;69,665;70,663;70,661;70,659;70,658;70,656;
Stroma; POLYGON; 128, 128, 128; 80,692;82,694;83,695;85,695;86,697;88,698;89,699;91,700;92,701;93,703;95,704;96,705;97,707;98,708;100,710;101,711;102,713;103,714;105,715;106,716;108,717;109,718;111,719;112,720;113,722;115,723;116,724;117,725;119,726;120,727;121,729;122,730;124,731;125,733;126,734;127,735;128,737;129,738;130,740;132,741;133,743;134,744;135,746;136,747;137,749;138,750;138,752;139,753;141,755;142,756;143,758;143,759;145,761;146,762;147,764;148,765;150,766;151,767;153,767;154,769;156,770;157,772;158,773;160,774;161,775;163,776;164,776;166,776;168,776;170,776;171,776;173,776;174,776;176,774;178,773;179,772;181,771;182,769;184,768;185,767;186,765;187,763;188,761;188,759;189,758;190,754;191,750;192,749;192,748;192,746;193,745;193,743;193,742;194,740;194,739;194,737;194,736;194,735;193,733;193,731;192,729;191,727;191,725;190,723;190,722;190,720;
Stroma; POLYGON; 128, 128, 128; 161,773;161,775;163,776;164,777;166,778;167,779;169,780;170,781;172,782;173,784;174,785;175,786;176,787;178,788;179,789;181,789;182,790;184,791;185,792;187,792;188,793;190,793;191,794;193,794;194,795;196,796;197,797;199,797;200,797;202,798;203,798;204,799;206,799;207,800;209,800;211,801;212,801;214,802;216,802;217,802;219,803;221,803;223,804;224,804;226,804;227,803;229,803;231,803;233,802;234,802;236,801;238,800;239,799;241,798;242,796;243,795;244,793;245,792;245,790;
Stroma; POLYGON; 128, 128, 128; 286,685;287,685;289,684;290,684;292,684;293,684;295,684;296,684;297,684;299,684;300,684;302,685;303,685;305,685;306,685;307,685;309,686;310,686;312,686;313,687;315,687;316,687;318,687;319,688;320,688;322,688;323,688;325,688;326,688;328,689;329,689;331,689;332,689;333,689;335,690;336,690;338,690;339,690;341,691;342,691;344,691;345,692;346,692;348,692;349,693;351,693;352,693;354,694;355,694;357,694;358,695;360,695;361,695;362,695;364,695;365,696;367,696;368,697;370,697;371,697;373,698;374,698;375,698;377,699;378,700;380,700;381,700;383,701;384,702;386,702;387,702;389,703;390,703;392,704;393,704;395,705;396,705;397,706;399,706;400,706;402,707;403,708;405,709;406,710;408,710;409,712;411,712;412,713;414,714;415,715;417,715;418,716;420,716;421,717;423,718;424,718;426,719;427,719;428,719;430,720;431,720;433,720;434,719;436,719;437,717;439,716;440,714;440,713;441,711;442,710;443,708;443,706;444,705;444,703;443,701;443,699;441,697;439,695;438,693;435,690;431,687;429,686;427,685;425,684;422,682;420,680;417,679;413,677;410,676;407,675;403,673;400,671;396,670;392,668;389,666;385,665;383,665;379,663;375,662;370,661;366,660;364,659;360,659;356,658;352,657;348,656;346,656;342,655;338,655;334,654;331,654;327,654;323,653;321,653;318,653;314,653;312,653;309,653;306,653;302,653;300,654;297,654;294,654;291,655;288,656;285,656;282,656;280,657;278,658;275,658;273,659;271,659;269,660;268,661;265,662;262,663;
Stroma; POLYGON; 128, 128, 128; 288,688;290,688;291,689;293,690;294,691;296,691;297,692;298,693;300,693;301,693;303,694;304,695;306,696;307,696;309,697;310,698;312,699;313,700;315,700;316,701;318,701;319,702;321,703;322,704;324,705;325,706;327,707;328,708;330,709;331,710;333,711;334,712;336,713;337,715;339,716;340,717;342,718;343,720;344,720;345,722;347,723;348,724;349,725;351,727;352,728;354,729;355,730;356,732;358,733;359,734;360,735;362,736;363,738;365,739;366,741;368,741;369,742;371,743;372,744;374,746;375,747;376,748;378,749;379,750;380,752;381,754;382,755;383,757;384,758;385,760;385,762;386,763;386,765;387,766;387,767;387,769;387,770;386,772;385,773;383,775;382,775;380,775;377,775;374,775;372,774;371,774;369,773;366,772;364,771;362,770;359,769;356,767;354,765;350,763;348,762;345,760;342,758;339,757;337,755;333,753;331,751;329,749;326,747;324,745;322,743;320,741;318,739;317,737;316,735;315,734;313,732;313,730;312,729;311,727;310,726;309,724;308,723;307,721;304,718;302,715;299,712;296,710;294,708;291,707;289,705;288,704;286,703;285,701;284,700;282,699;281,698;279,697;
Vein; POLYGON; 63, 72, 204; 298,687;296,686;295,686;293,686;292,686;290,686;289,687;289,688;289,690;290,691;291,693;292,694;294,695;295,696;297,697;298,698;300,698;301,699;303,700;304,700;306,701;307,702;309,703;310,703;312,704;313,705;315,706;316,706;318,707;319,708;321,709;322,709;323,710;325,711;326,712;328,712;329,713;331,713;332,714;334,714;335,715;337,715;338,716;340,717;341,717;343,718;344,719;346,719;347,721;349,722;350,723;352,724;353,725;355,726;356,727;358,728;359,729;361,730;362,731;364,731;365,731;366,732;368,732;370,731;
Stroma; POLYGON; 128, 128, 128; 288,685;289,687;290,688;291,690;292,691;294,692;295,694;296,695;298,696;299,697;301,697;302,698;304,698;305,699;307,699;308,700;310,701;311,702;313,703;314,704;316,705;317,706;319,708;320,709;321,711;322,712;323,714;324,715;325,717;324,718;323,718;321,718;320,717;318,717;316,716;314,716;311,715;307,713;305,712;304,712;299,709;297,709;294,708;292,707;291,706;289,705;287,704;286,703;284,702;281,699;280,697;279,695;279,693;279,692;
Stroma; POLYGON; 128, 128, 128; 416,713;417,713;419,714;420,716;422,717;423,718;425,719;426,720;428,721;429,721;431,722;432,722;434,723;435,723;437,723;438,724;439,725;441,725;442,726;444,726;445,727;447,727;448,728;450,728;451,728;453,728;454,729;455,729;457,730;458,730;460,731;461,732;463,732;464,733;466,734;467,735;469,736;470,737;472,737;473,738;475,738;476,739;478,740;479,740;481,741;482,742;484,742;485,743;487,744;488,744;489,745;491,746;492,746;493,747;495,748;496,749;498,750;499,750;501,751;502,752;504,753;505,754;506,755;507,757;507,758;508,760;509,761;510,763;511,764;512,766;513,767;514,769;516,769;517,770;519,770;520,770;521,770;523,769;524,769;526,769;527,769;529,768;530,766;530,765;530,763;530,762;530,761;530,759;529,758;528,756;528,755;528,753;528,752;528,750;528,749;527,748;527,746;526,745;525,743;525,742;523,740;522,738;520,736;517,734;515,732;512,730;509,728;506,726;504,725;503,724;501,723;500,723;497,720;495,720;494,719;492,718;490,717;488,717;485,715;484,715;481,714;480,713;478,713;475,711;472,710;469,709;466,708;465,708;463,707;461,706;459,706;458,706;456,705;455,705;453,705;451,704;450,704;448,704;446,703;445,703;443,703;441,702;439,702;438,702;437,702;435,701;434,701;432,701;431,701;429,701;427,700;
Stroma; POLYGON; 128, 128, 128; 526,756;526,754;526,753;526,751;527,750;527,749;527,747;527,746;528,744;528,743;529,741;530,740;531,738;532,737;532,735;533,734;534,732;532,732;531,732;530,732;528,732;527,732;525,731;524,731;522,731;521,730;519,729;518,729;516,731;516,733;515,734;515,736;515,737;515,739;515,741;515,742;515,744;515,745;515,747;
Stroma; POLYGON; 128, 128, 128; 529,757;529,756;529,754;528,753;528,751;528,750;528,748;528,747;529,745;529,744;530,742;530,741;531,740;531,738;532,737;532,735;533,734;534,732;535,731;536,729;537,728;538,726;538,725;540,724;541,722;542,721;544,720;545,718;546,717;548,716;549,715;550,714;552,713;553,712;555,711;556,710;557,709;559,708;560,707;561,706;563,705;564,705;566,704;567,703;568,703;570,702;571,702;573,701;574,700;576,700;577,699;579,699;580,698;582,698;583,697;585,697;586,697;587,696;589,696;590,696;592,695;593,695;595,694;596,694;598,693;599,693;601,692;602,692;604,692;605,692;606,691;608,691;609,690;611,689;612,688;614,687;615,686;616,684;617,683;617,681;616,680;615,678;613,677;612,676;610,675;609,674;607,674;606,673;604,673;603,672;602,672;600,672;598,672;595,672;593,673;592,673;590,674;588,674;587,675;585,675;583,676;581,676;579,677;577,678;574,678;572,679;569,680;566,682;564,682;562,684;560,685;559,686;557,687;554,688;553,689;551,690;548,692;547,692;545,694;543,694;540,696;538,698;537,699;535,700;533,703;531,704;530,705;527,708;526,710;525,712;522,714;521,716;519,718;517,720;516,723;514,725;513,728;
Stroma; POLYGON; 128, 128, 128; 509,738;509,740;509,741;509,743;509,744;509,746;509,747;509,749;509,750;510,751;510,753;510,755;511,756;511,758;
Stroma; POLYGON; 128, 128, 128; 376,749;378,749;379,751;380,752;382,753;383,754;384,755;386,756;387,757;388,759;390,760;391,761;393,762;394,762;396,763;397,764;399,765;400,766;402,767;403,768;405,768;406,769;408,770;409,771;411,771;412,772;414,773;415,774;417,774;418,775;420,775;421,776;422,776;424,777;425,777;427,778;428,778;430,778;431,779;433,779;434,779;436,780;437,780;439,781;440,781;441,782;443,782;444,783;446,783;447,784;449,784;450,785;452,785;453,786;455,786;456,787;458,788;459,788;461,789;462,789;463,790;465,790;466,791;468,792;469,793;471,794;472,794;474,795;475,796;477,797;478,798;480,799;481,801;482,802;483,803;485,804;486,805;487,807;489,808;490,809;492,810;493,811;495,812;496,813;498,814;499,815;501,816;502,817;504,818;505,820;506,820;507,822;509,823;510,824;512,826;513,827;514,828;516,829;517,830;518,832;520,833;521,834;522,836;524,837;525,839;526,840;526,842;527,843;527,845;527,846;527,848;527,849;526,850;525,852;524,852;522,853;520,853;519,853;518,853;516,853;514,853;512,852;511,852;509,851;506,851;500,849;497,848;493,847;489,845;485,844;481,843;477,841;474,840;471,839;468,838;464,837;461,835;458,835;455,834;452,832;449,831;446,831;444,829;441,828;438,827;435,826;432,825;429,824;426,822;423,820;420,819;417,818;414,816;412,815;409,814;407,812;405,811;403,809;401,808;400,807;398,805;397,804;395,803;394,801;391,798;390,797;388,794;385,791;383,788;381,785;379,782;377,779;375,775;374,772;372,769;372,767;371,766;371,764;370,763;370,761;370,760;369,758;369,757;
Stroma; POLYGON; 128, 128, 128; 502,819;504,819;505,820;507,821;508,822;510,823;511,824;513,825;514,827;515,827;517,828;518,829;520,830;521,831;523,832;524,833;526,834;527,835;528,837;529,838;531,839;532,841;533,842;535,843;536,844;538,844;539,845;541,845;542,846;543,846;545,847;546,847;548,848;549,848;551,849;552,849;554,849;555,850;557,850;558,850;559,851;561,851;562,851;564,852;565,852;567,853;568,854;570,855;571,856;573,857;574,858;576,859;577,860;579,861;580,863;580,864;581,866;580,867;580,868;580,870;579,871;579,873;578,874;578,876;578,877;578,879;578,880;577,881;577,883;576,884;574,885;573,885;571,886;570,886;568,886;567,886;565,885;563,885;561,884;559,883;556,882;555,882;554,882;551,881;548,880;545,879;542,878;540,877;537,876;534,875;531,873;529,872;527,871;525,870;524,868;522,867;521,866;518,862;517,861;516,859;513,856;511,853;510,852;509,849;507,846;506,844;505,841;504,840;503,838;502,836;502,834;502,833;502,832;
Stroma; POLYGON; 128, 128, 128; 578,864;579,866;579,867;579,868;579,870;579,871;579,873;579,871;579,870;579,868;578,867;578,866;580,866;580,868;581,869;581,870;581,872;581,873;580,875;580,876;580,878;580,879;580,880;579,882;579,883;579,885;579,886;579,888;579,889;578,891;578,892;578,893;578,895;578,896;578,898;577,899;578,901;577,902;577,904;577,905;577,906;577,908;577,909;577,911;577,912;578,914;578,915;579,917;580,918;580,920;581,921;581,922;582,924;583,925;583,927;585,928;586,929;587,930;589,932;589,933;589,935;588,936;587,937;585,937;584,937;582,937;581,937;579,937;578,936;577,936;575,936;574,936;572,935;571,935;569,934;567,934;565,933;564,933;562,933;561,932;559,932;558,931;556,930;555,929;554,927;553,925;552,923;552,920;552,918;552,915;553,912;553,910;553,908;554,906;554,905;555,903;555,902;556,900;557,899;557,897;558,896;559,894;560,892;561,889;563,886;564,885;565,883;566,882;567,880;569,879;570,878;572,878;573,877;
Stroma; POLYGON; 128, 128, 128; 508,928;507,928;505,927;504,927;502,926;501,926;500,925;498,925;497,925;495,924;494,924;492,924;491,923;489,923;487,923;485,923;484,923;483,923;480,922;479,922;477,922;476,922;474,922;473,922;471,922;469,922;467,922;465,922;464,921;462,921;461,921;460,921;458,921;457,921;455,921;454,921;453,921;451,921;449,921;447,921;446,921;444,921;443,921;441,921;440,921;438,921;437,921;435,921;434,920;432,920;430,920;428,919;426,919;424,919;423,919;421,919;420,918;418,918;417,918;415,918;414,918;413,918;411,917;410,917;408,917;407,917;405,916;404,916;402,916;401,915;400,915;398,914;397,914;395,913;394,913;392,912;391,912;389,912;388,911;386,911;385,910;383,910;382,910;380,909;379,908;378,908;376,907;375,907;373,906;372,906;370,905;369,905;367,904;366,903;364,902;363,902;361,902;360,901;359,901;357,901;356,901;354,901;353,901;351,901;350,902;348,903;347,903;345,904;344,905;343,905;341,905;340,905;338,905;337,905;335,904;334,903;333,901;332,900;330,898;329,897;329,895;328,894;328,892;327,891;327,889;327,887;327,886;326,884;327,882;327,880;329,879;330,877;332,877;335,875;336,875;338,874;339,874;341,873;342,873;343,872;345,872;347,872;348,871;350,871;352,871;354,871;356,871;359,871;361,871;364,872;366,872;368,872;371,873;373,873;376,874;378,874;381,875;383,875;385,876;387,876;390,878;393,878;395,879;398,880;401,881;403,882;406,883;409,884;411,885;414,886;415,887;417,887;420,888;422,889;424,889;425,890;427,890;429,890;431,891;
Stroma; POLYGON; 128, 128, 128; 393,911;391,910;390,910;388,910;387,910;385,910;383,909;382,909;381,909;379,908;378,908;376,908;375,908;373,907;372,907;370,907;369,906;368,906;366,906;365,906;363,905;362,905;360,905;359,905;358,905;356,905;355,906;353,906;352,906;350,906;349,906;347,906;346,907;345,907;343,908;342,908;340,908;339,908;337,907;336,907;334,906;333,905;331,904;331,902;330,901;329,899;328,898;328,896;327,895;327,893;326,892;326,891;325,889;325,888;324,886;324,885;324,883;323,882;322,880;322,879;321,877;320,876;320,874;319,873;319,871;319,870;319,869;320,867;320,865;321,864;322,862;324,861;325,859;326,859;328,858;330,857;331,857;334,856;337,856;339,856;341,856;342,856;344,857;345,857;347,857;349,858;351,858;353,859;354,859;356,859;358,860;360,860;362,861;364,861;366,863;368,863;371,864;373,865;375,865;378,866;381,868;383,869;385,870;387,871;389,871;392,873;394,874;396,875;398,876;400,878;402,879;404,880;406,881;408,881;409,882;412,884;414,885;416,886;417,888;
Stroma; POLYGON; 128, 128, 128; 362,902;360,903;359,903;357,904;356,904;355,904;353,905;352,905;350,905;349,906;347,907;346,907;344,907;343,907;341,908;340,908;339,907;337,907;336,906;334,905;333,904;331,902;330,901;330,899;329,898;328,896;327,895;327,893;326,892;326,890;325,889;325,887;324,886;323,885;323,883;322,882;322,880;321,879;320,877;319,876;318,874;318,873;317,871;315,870;314,868;313,867;312,865;311,864;310,862;310,861;309,859;308,858;307,856;306,855;305,853;304,852;303,850;302,849;300,848;300,846;298,845;297,844;296,842;295,841;293,840;292,839;291,838;289,836;288,835;287,834;285,833;284,832;282,831;281,829;279,829;278,828;276,827;275,826;273,825;272,824;270,824;269,823;267,822;266,821;264,820;263,819;261,818;260,818;258,817;257,816;255,815;254,814;253,813;250,812;248,811;247,811;245,810;243,809;242,809;240,808;238,807;237,806;235,806;234,805;232,804;231,804;229,803;227,803;226,802;224,801;226,800;228,800;230,800;232,800;235,800;237,800;239,800;241,800;243,800;245,801;247,801;249,801;251,801;253,801;256,802;258,802;260,802;262,803;265,803;267,804;269,804;272,806;274,806;277,807;279,808;282,808;285,809;287,810;290,811;292,812;295,813;296,814;299,816;301,817;302,818;304,819;306,819;307,820;309,821;310,822;312,823;314,824;315,825;317,826;318,827;320,828;321,830;323,831;326,833;328,836;330,837;332,839;335,842;336,844;338,847;340,849;342,851;343,853;344,856;345,857;346,859;347,861;348,864;349,866;350,868;351,870;352,872;353,875;354,876;355,878;356,880;357,881;
Stroma; POLYGON; 128, 128, 128; 751,802;751,801;750,799;748,798;747,797;746,796;745,794;743,793;742,792;740,791;739,791;737,790;736,790;734,790;733,790;731,791;730,791;729,792;727,792;726,794;725,795;724,797;723,798;723,800;722,801;721,803;721,804;720,806;719,807;718,809;716,809;715,811;714,811;713,813;711,814;710,816;710,817;709,819;709,820;709,822;708,823;708,824;708,826;707,827;706,829;705,830;704,831;703,833;702,834;701,836;700,837;699,838;697,839;696,840;694,841;693,841;691,842;690,842;688,843;687,843;686,843;684,843;683,843;681,842;680,841;678,840;677,839;675,838;674,837;672,837;671,836;669,835;668,835;667,835;665,835;664,835;662,835;661,835;659,836;658,836;656,837;655,837;653,838;652,839;650,840;649,841;647,842;646,842;645,843;643,843;642,843;640,843;639,843;637,842;636,842;634,841;633,840;631,839;630,838;628,837;627,836;627,834;627,833;627,831;627,830;627,828;627,827;627,826;627,824;628,823;628,821;628,820;629,818;630,817;630,815;631,814;632,812;633,811;634,809;635,808;637,806;638,804;641,802;643,799;645,798;648,797;651,794;654,792;655,791;657,790;660,788;661,787;664,786;666,785;668,784;669,783;671,782;673,781;674,780;676,778;678,777;680,776;682,775;684,774;686,773;688,773;690,772;692,771;693,771;695,770;696,769;698,769;699,768;701,768;702,768;705,767;707,766;709,765;711,765;712,764;715,764;718,763;720,763;722,763;724,763;725,764;727,764;729,764;731,764;733,765;734,765;736,766;737,767;739,768;740,769;741,771;743,773;744,775;745,776;746,778;748,781;749,783;750,784;750,787;751,790;752,792;753,794;754,796;755,798;756,799;
Stroma; POLYGON; 128, 128, 128; 669,701;667,702;666,702;665,702;663,702;662,702;660,702;659,702;657,702;656,701;654,701;653,701;652,701;650,701;649,701;647,702;646,703;644,703;643,704;641,704;640,705;638,705;637,706;635,707;634,708;632,708;631,709;629,709;628,710;627,710;625,711;624,712;622,713;621,714;619,716;618,717;617,718;615,719;614,720;612,721;611,723;610,724;609,725;607,726;606,728;604,729;603,730;602,731;601,733;599,734;598,735;597,737;596,738;595,739;594,741;593,742;592,744;590,745;589,746;588,747;587,749;586,750;584,751;583,752;582,753;581,755;580,756;579,758;578,759;578,761;577,762;577,764;577,765;578,767;579,768;580,769;582,769;583,770;585,771;586,771;588,773;588,774;589,776;590,777;590,779;591,780;592,782;592,783;592,785;593,786;593,788;593,789;593,791;593,792;593,793;592,795;592,796;592,798;592,799;592,801;592,802;592,804;593,805;594,807;595,808;596,809;596,811;597,812;597,814;598,815;600,816;601,816;603,816;604,816;606,817;607,817;609,817;610,817;611,818;613,819;614,820;616,821;617,823;618,823;620,824;621,826;623,827;624,827;626,828;627,829;629,830;630,830;632,830;633,830;635,830;636,829;638,828;639,826;640,824;641,823;643,820;643,818;645,815;646,814;647,812;648,811;648,809;649,808;650,806;651,805;651,803;652,802;653,801;653,799;654,797;655,795;656,794;656,792;657,790;658,788;659,786;660,783;660,781;661,779;662,777;663,775;663,773;664,772;665,770;665,768;666,766;666,765;666,763;667,761;667,759;667,757;667,755;667,753;668,751;668,750;668,748;668,747;669,745;670,743;671,742;672,740;673,738;674,736;674,734;675,733;675,731;676,730;676,728;
Stroma; POLYGON; 128, 128, 128; 752,805;752,806;752,808;753,809;753,810;753,812;753,813;752,815;752,816;751,818;751,819;750,821;750,822;750,823;749,825;749,826;748,828;748,829;748,831;747,832;747,834;746,835;745,837;744,838;743,840;743,841;742,843;741,844;740,846;739,847;738,849;738,850;737,852;735,853;734,854;733,855;731,856;730,858;729,859;728,860;726,861;725,863;723,863;722,865;721,865;719,866;718,866;716,867;715,868;713,868;712,869;710,870;709,871;707,871;706,872;707,872;709,871;710,871;712,871;713,871;715,871;716,871;717,870;719,870;720,870;722,870;723,870;725,870;726,869;728,869;729,868;730,868;732,867;733,867;735,866;736,866;738,865;739,865;741,864;742,864;744,863;745,863;747,863;748,862;749,862;751,862;752,862;754,861;755,861;757,860;758,859;759,858;760,856;762,855;763,854;764,853;765,851;766,850;768,849;769,847;770,846;771,845;773,843;774,842;775,840;776,839;777,837;778,836;779,834;780,833;781,831;782,830;783,828;784,827;785,825;786,824;787,822;788,821;788,819;789,818;789,816;790,815;790,813;791,812;791,811;791,809;791,808;791,806;790,804;790,803;789,801;787,800;786,799;784,798;783,798;781,797;780,797;778,796;777,796;775,796;774,796;773,796;
Stroma; POLYGON; 128, 128, 128; 848,736;849,737;851,738;852,738;854,739;855,741;856,742;857,743;859,744;859,746;859,747;859,748;857,750;856,751;855,753;855,754;854,756;853,757;851,758;850,759;849,761;847,762;846,763;845,764;844,766;842,767;841,768;840,770;839,771;837,772;836,774;836,775;835,777;835,778;834,780;834,781;833,783;833,784;832,786;832,787;831,789;831,790;830,792;829,793;828,794;827,796;826,797;825,799;824,800;823,802;822,803;820,804;819,806;818,807;816,807;815,808;813,809;812,809;810,810;809,810;808,811;806,811;805,812;803,813;802,814;800,814;799,815;797,816;796,817;795,819;793,820;792,821;791,823;789,824;789,825;788,827;787,828;786,830;785,831;784,833;783,834;782,835;781,837;780,838;779,840;778,841;777,843;776,844;775,846;774,847;772,848;771,850;769,851;768,852;766,853;765,854;763,855;762,856;760,857;759,858;757,859;756,859;754,860;753,860;751,861;750,861;748,861;747,860;746,859;744,857;744,854;743,852;743,851;744,848;744,847;744,845;746,843;747,840;748,837;750,833;750,832;751,830;752,829;752,828;753,825;754,824;755,822;756,820;758,817;759,815;760,813;761,811;762,809;763,808;766,805;766,803;769,801;770,799;771,797;772,794;773,791;775,788;776,785;778,783;779,782;781,779;782,776;784,774;785,772;787,770;788,768;789,766;791,765;793,763;795,762;796,760;798,759;799,757;801,756;803,755;804,753;806,753;807,752;809,751;810,750;
Stroma; POLYGON; 128, 128, 128; 687,879;685,880;684,881;682,881;681,882;679,882;678,883;676,884;675,884;673,885;672,885;670,886;669,887;667,888;666,889;664,890;663,891;662,893;661,894;660,896;658,897;657,899;656,900;655,902;654,903;654,905;653,906;653,908;653,909;653,910;655,911;656,910;657,908;658,907;659,905;659,904;660,902;661,901;663,899;663,898;664,896;665,895;667,894;668,892;669,891;670,890;672,889;673,888;675,887;676,887;678,886;679,885;681,884;682,882;684,881;685,880;687,880;
Stroma; POLYGON; 128, 128, 128; 692,876;691,876;689,877;688,878;686,878;685,878;683,878;682,879;681,880;679,880;678,881;676,882;675,882;673,882;672,883;670,884;669,885;667,886;666,887;665,889;664,890;663,892;662,893;660,894;659,896;659,897;660,898;662,897;663,897;665,896;666,895;668,894;669,893;671,892;672,891;674,890;675,889;677,888;678,887;680,886;681,885;682,883;684,882;685,881;686,880;688,878;689,878;691,877;692,876;
Stroma; POLYGON; 128, 128, 128; 659,902;658,903;658,905;657,906;657,908;658,909;659,911;660,912;662,913;663,914;664,915;665,915;667,916;668,916;670,916;671,917;673,917;674,918;676,918;677,920;678,921;678,923;677,924;675,925;674,926;672,926;671,925;669,925;668,924;666,924;665,924;664,923;662,922;661,922;659,921;658,920;656,919;655,918;654,917;652,915;651,914;651,913;651,911;651,910;651,908;652,907;653,905;654,904;655,902;656,901;
Stroma; POLYGON; 128, 128, 128; 672,918;674,918;675,917;676,917;678,917;679,917;681,917;682,918;684,918;685,917;687,917;688,917;689,916;691,916;692,916;694,916;695,915;697,915;698,915;700,915;701,914;702,914;704,914;705,914;707,913;708,913;710,913;711,913;713,913;714,913;715,913;717,913;718,913;720,912;721,912;723,912;724,912;725,912;727,912;728,912;730,912;731,912;733,912;734,912;735,912;737,912;738,913;740,913;741,913;743,913;744,913;746,913;747,913;748,913;750,914;751,914;751,916;751,917;751,919;749,920;748,920;746,920;745,920;744,920;742,920;741,920;739,920;738,920;736,920;735,920;733,920;732,920;731,919;729,919;728,919;726,919;725,919;723,919;722,919;721,919;719,919;718,919;716,919;715,919;713,919;712,919;711,920;709,920;708,920;706,920;705,921;703,921;702,921;700,922;699,922;698,922;696,923;695,924;693,924;692,924;690,925;689,926;687,926;686,926;684,926;683,927;681,927;680,927;679,926;677,926;676,925;674,925;673,925;671,924;670,924;668,924;667,923;665,922;664,920;663,919;
Stroma; POLYGON; 128, 128, 128; 887,814;886,816;885,817;884,819;884,820;883,821;882,823;881,824;879,825;878,826;876,827;875,827;873,829;872,830;870,831;869,832;868,833;866,834;865,835;863,836;862,837;860,838;859,840;857,841;856,842;855,843;853,844;852,846;851,847;850,849;848,850;846,851;845,852;843,854;842,855;840,856;839,857;837,858;836,859;834,860;833,861;831,862;830,864;828,865;827,866;826,867;824,868;823,869;822,871;821,872;820,873;819,875;818,876;817,878;816,879;815,881;814,882;813,884;812,885;811,887;811,888;810,890;810,891;810,892;810,894;810,895;810,897;810,898;810,900;810,901;810,903;811,904;813,904;814,905;816,904;817,904;819,903;820,902;822,901;823,900;825,900;826,900;828,899;829,899;831,899;832,899;833,899;835,899;836,899;838,898;839,898;841,898;842,897;844,897;845,897;846,896;848,896;849,895;851,895;852,895;854,894;855,894;857,893;858,892;860,891;861,890;863,889;864,888;866,886;867,884;869,882;870,880;871,877;872,876;875,873;875,871;876,870;877,868;878,867;879,864;880,863;881,861;881,860;882,858;882,857;883,855;883,854;884,852;884,851;885,849;885,848;886,846;886,844;887,843;887,842;888,840;889,837;890,836;892,834;893,833;
Stroma; POLYGON; 128, 128, 128; 743,914;745,914;746,913;748,913;749,913;750,913;752,914;753,914;755,915;756,916;756,917;755,919;754,920;753,921;751,921;750,920;749,920;747,920;745,920;744,920;742,920;741,920;739,919;737,919;736,918;734,918;733,917;
Stroma; POLYGON; 128, 128, 128; 935,809;935,808;936,806;937,805;938,803;940,802;941,800;942,799;943,797;944,796;945,794;946,793;948,792;949,790;950,789;951,787;953,786;954,785;956,784;957,783;958,782;960,781;961,780;963,779;964,777;965,776;966,774;968,773;968,771;969,770;969,768;969,767;970,765;970,764;971,762;971,761;972,759;972,758;973,757;973,755;974,754;975,753;976,752;978,751;979,749;981,748;982,746;983,745;985,744;985,742;986,741;985,740;983,740;982,741;980,741;979,742;977,742;976,743;974,744;973,744;972,745;970,745;969,745;967,745;966,745;964,745;963,744;961,744;960,744;959,744;957,743;956,744;954,744;953,744;951,745;950,745;948,746;947,746;945,747;944,747;942,747;941,748;940,749;938,749;937,750;935,751;934,751;932,752;931,753;929,753;928,754;926,754;925,755;923,756;922,756;920,757;919,757;917,758;916,758;915,758;913,758;912,759;910,759;909,759;907,760;906,760;904,761;903,762;901,763;900,764;898,765;897,766;896,767;894,769;893,770;892,772;891,774;890,776;890,777;890,779;889,782;889,783;888,786;888,787;888,789;889,791;889,793;890,795;891,798;893,799;894,801;897,802;898,803;901,805;902,806;904,808;905,809;907,810;908,811;910,812;911,812;912,812;914,812;915,811;917,811;919,811;920,810;922,810;
Stroma; POLYGON; 128, 128, 128; 981,741;980,741;979,742;977,742;976,742;974,742;973,742;971,742;970,742;969,742;967,742;966,742;964,742;963,742;961,742;960,743;959,743;957,743;956,743;954,743;953,743;951,744;950,744;948,745;947,746;945,746;944,747;942,748;941,750;940,751;939,753;939,754;940,756;942,757;943,757;945,757;947,757;949,757;952,757;955,755;957,755;960,754;962,753;965,752;967,752;969,751;971,751;973,750;975,750;976,749;978,749;979,748;981,748;
Stroma; POLYGON; 128, 128, 128; 900,767;899,768;897,769;896,770;894,771;893,772;891,774;891,775;890,777;889,778;889,780;888,781;888,783;887,784;887,785;886,787;885,788;885,790;884,791;884,793;883,794;882,796;882,797;881,799;881,800;881,802;880,803;880,805;879,806;879,807;878,809;878,810;877,812;877,813;877,815;876,816;876,818;875,819;874,821;874,822;873,824;872,825;871,827;870,828;869,830;867,831;866,833;866,834;865,836;864,837;864,839;863,840;863,841;863,843;863,844;864,844;866,844;868,843;870,842;871,841;873,840;875,839;878,836;879,835;880,833;882,832;883,830;884,828;886,826;887,824;889,822;890,821;891,819;892,817;893,815;894,814;895,812;897,810;897,808;899,806;899,804;900,802;901,801;902,799;902,798;903,796;
Stroma; POLYGON; 128, 128, 128; 900,695;899,696;897,698;896,699;895,701;894,702;893,704;891,705;891,707;890,708;889,710;888,711;888,713;887,714;887,716;887,717;887,718;887,720;888,720;890,720;891,719;893,718;894,718;895,717;897,716;898,716;900,715;901,715;903,714;904,714;906,714;907,713;909,713;910,712;912,712;913,712;914,712;916,711;917,711;919,711;920,712;922,711;923,711;925,711;926,711;927,710;929,709;930,708;932,707;933,706;935,705;936,704;938,703;939,702;941,702;942,701;944,700;945,699;947,699;948,698;949,696;951,695;952,694;953,693;954,691;955,690;957,688;958,687;960,686;961,684;963,683;964,682;966,681;967,680;968,679;970,678;971,677;973,676;974,675;976,674;977,674;979,673;980,672;982,671;983,671;985,670;986,669;988,669;989,668;991,668;992,668;993,668;995,668;996,668;998,668;999,668;1001,669;1002,669;1003,669;1005,669;1006,669;1008,669;1009,669;1011,669;1012,669;1014,668;1015,667;1016,666;1016,664;1017,663;1017,661;1017,660;1017,659;1017,657;1017,656;1016,654;1016,652;1016,651;1016,649;1015,648;1015,646;1014,645;1013,643;1012,642;1010,641;1008,640;1006,639;1004,639;1003,639;1001,639;998,639;996,639;994,639;992,639;990,639;987,640;984,640;981,641;979,642;976,643;973,645;971,645;970,646;968,647;967,648;965,649;963,650;962,652;960,653;957,655;956,657;952,659;950,662;948,664;946,666;944,667;942,669;938,672;937,673;935,674;934,674;931,676;929,678;926,680;925,681;924,682;924,684;
Stroma; POLYGON; 128, 128, 128; 798,643;799,643;801,643;802,644;804,644;805,645;806,645;808,645;809,646;811,646;812,647;814,648;815,648;817,648;818,648;820,648;821,648;822,648;824,648;825,648;827,648;828,649;830,649;831,649;832,651;833,652;834,654;835,655;835,657;836,658;836,660;836,661;836,663;836,664;835,665;835,667;835,668;834,670;834,671;833,673;832,674;831,676;830,677;830,679;829,680;828,682;828,683;828,684;827,686;826,687;826,689;826,690;826,692;826,693;826,695;826,696;826,697;825,699;825,700;825,702;825,703;825,705;826,706;826,708;827,709;827,710;828,712;829,713;830,715;830,716;831,718;832,719;832,721;833,722;835,724;836,725;837,727;838,728;838,730;838,731;838,733;836,734;835,735;833,735;831,735;828,735;826,733;823,732;821,731;819,728;817,727;815,725;814,723;811,720;809,718;807,715;806,714;805,711;803,708;802,705;801,703;800,702;800,701;799,698;798,696;798,695;797,693;796,691;795,689;794,686;793,682;793,681;792,679;792,677;792,676;792,674;792,673;792,671;792,669;792,667;792,666;792,665;792,663;793,662;793,660;793,658;794,657;
Stroma; POLYGON; 128, 128, 128; 889,720;888,718;886,718;885,717;884,715;884,714;884,712;884,711;884,709;883,708;883,707;883,705;883,704;884,702;884,701;884,699;885,698;886,696;886,695;886,694;886,692;887,691;887,689;887,688;887,686;888,685;888,683;888,682;889,681;889,679;889,678;890,676;890,675;890,673;890,672;890,670;891,669;891,667;891,666;892,665;892,663;892,662;892,660;893,659;893,657;893,656;893,654;894,653;894,652;894,650;894,649;895,647;895,646;895,644;896,643;897,641;898,640;899,638;901,637;902,637;904,637;905,636;907,636;908,636;910,636;911,637;913,638;914,640;915,641;915,643;916,644;916,646;916,648;917,650;917,652;917,654;917,656;917,658;917,660;917,662;918,664;918,665;918,667;918,669;917,670;917,672;917,674;916,676;916,678;915,681;914,683;914,685;913,686;911,688;910,690;909,691;
Stroma; POLYGON; 128, 128, 128; 895,656;895,654;896,653;895,651;896,650;896,649;895,647;895,646;895,644;895,643;895,641;894,640;894,638;893,637;893,635;892,634;891,633;890,631;890,630;889,628;889,627;888,625;888,624;886,622;885,621;884,619;883,618;882,616;881,615;879,614;878,613;876,612;875,610;873,609;872,608;871,607;869,606;868,606;866,606;865,606;863,606;862,606;860,607;859,607;858,607;856,608;855,608;853,608;852,608;850,608;849,608;848,608;846,608;845,608;843,608;842,608;840,607;839,606;838,605;837,603;837,602;837,600;838,599;838,597;839,596;840,594;841,593;841,591;842,590;843,589;843,587;844,586;845,584;846,583;847,581;849,580;850,579;852,578;853,578;855,577;856,577;858,577;860,576;862,576;864,576;865,576;868,576;869,576;871,576;873,576;876,576;878,576;880,577;881,577;883,578;885,578;887,579;889,579;891,580;894,581;895,583;897,585;900,586;902,587;904,589;906,591;908,592;910,594;911,596;912,597;914,599;915,601;916,604;917,606;918,608;919,610;919,612;920,614;920,616;920,618;920,620;919,622;919,625;918,626;918,629;917,631;917,632;916,635;915,637;915,639;914,640;913,642;912,644;911,645;909,647;908,649;907,650;906,651;905,653;903,654;902,655;900,656;
Stroma; POLYGON; 128, 128, 128; 844,589;844,588;844,586;845,585;846,583;846,582;845,580;845,579;844,577;843,576;842,575;841,573;840,573;839,571;837,570;836,568;835,567;834,566;832,565;831,564;829,563;828,563;827,563;825,562;824,563;822,563;821,563;819,563;818,563;817,563;815,563;814,564;812,565;811,566;810,567;808,568;807,569;805,570;804,571;802,572;801,573;799,574;798,574;796,575;795,576;793,577;792,577;790,578;789,579;787,580;786,580;784,581;783,582;782,582;780,582;779,582;777,581;776,579;776,578;776,576;776,575;776,574;776,572;777,570;777,568;778,567;779,564;780,562;782,560;784,558;786,557;788,555;790,554;792,553;794,552;795,551;797,551;799,550;800,550;802,550;804,549;805,549;807,549;809,549;810,549;812,549;813,548;814,548;816,548;817,548;819,548;820,548;822,548;823,548;824,548;827,548;829,549;831,549;834,549;835,549;837,549;840,549;842,550;844,550;845,551;847,552;849,552;851,553;852,554;854,555;855,555;857,557;858,558;859,560;859,561;860,563;860,565;860,567;860,569;860,571;860,572;860,574;859,575;858,577;857,578;856,580;854,581;853,583;852,584;850,586;849,587;
Stroma; POLYGON; 128, 128, 128; 817,562;816,563;815,564;814,566;812,567;811,568;810,569;809,571;808,572;807,573;807,575;806,576;806,578;805,579;804,581;804,582;803,584;803,585;802,587;802,588;802,590;801,591;800,593;799,594;799,596;798,597;798,598;797,600;797,601;796,603;796,604;795,606;795,607;794,609;794,610;793,612;793,613;792,615;792,616;791,618;791,619;791,620;791,622;790,623;790,625;790,626;790,628;790,629;790,630;790,632;790,633;790,635;790,636;790,638;789,639;789,641;787,642;786,640;785,639;785,637;784,636;784,634;783,631;783,629;783,627;783,625;783,623;783,621;783,619;783,617;783,615;783,614;782,612;782,611;781,609;780,608;780,606;779,605;778,603;778,602;777,601;776,599;775,598;775,596;774,595;773,593;773,592;773,590;772,588;773,586;773,585;773,583;774,581;774,579;775,577;776,575;777,573;779,572;781,569;783,568;785,567;786,566;788,565;790,564;
Stroma; POLYGON; 128, 128, 128; 795,562;797,561;798,561;800,560;802,560;804,559;805,559;807,559;810,558;811,557;812,557;814,557;815,557;817,557;818,556;
Stroma; POLYGON; 128, 128, 128; 845,588;845,586;846,585;846,583;845,582;845,580;845,579;845,578;844,576;844,575;843,573;842,572;841,570;840,569;840,567;841,566;842,566;844,567;845,567;847,568;848,569;850,570;851,571;851,573;851,574;851,575;851,577;850,578;850,580;850,582;849,583;849,585;848,586;848,588;847,589;
Stroma; POLYGON; 128, 128, 128; 671,701;672,700;674,699;675,699;677,698;678,696;679,695;680,694;681,692;682,691;683,690;684,688;686,687;687,686;688,684;690,683;691,682;692,681;694,680;694,678;696,677;697,677;699,676;700,675;701,674;703,674;704,673;706,672;707,672;709,672;710,671;712,670;713,670;715,669;716,668;718,668;719,667;721,666;722,665;724,665;725,665;726,664;728,663;729,663;731,662;732,661;734,661;735,660;737,659;738,658;740,658;741,657;743,656;744,656;746,655;747,654;749,653;750,651;752,650;753,649;755,648;756,647;757,646;758,644;759,643;760,641;761,640;762,638;763,637;764,635;765,634;766,632;767,631;768,629;768,628;768,626;768,625;768,623;769,622;770,621;772,619;773,618;775,618;776,617;777,619;778,620;778,622;778,623;778,625;778,626;778,628;778,630;778,631;778,632;778,634;778,636;778,637;778,639;778,641;777,642;777,644;776,645;775,647;774,649;773,650;771,653;769,654;768,655;765,657;764,659;761,661;759,663;757,664;755,667;751,669;750,670;748,671;747,673;746,674;744,674;743,675;741,676;740,677;737,680;735,681;734,682;731,684;730,685;728,685;725,688;722,690;719,692;717,693;716,694;714,695;713,696;711,697;710,698;708,698;707,699;705,700;704,701;702,702;701,703;699,704;698,704;696,706;693,708;691,709;689,710;688,710;686,710;685,710;683,711;682,710;681,709;682,707;
Stroma; POLYGON; 128, 128, 128; 793,609;792,610;792,612;792,613;791,615;791,616;791,617;790,619;791,620;791,622;791,623;791,625;792,626;792,628;793,629;793,631;794,632;794,633;795,635;796,636;796,638;796,639;797,641;797,642;797,644;796,644;794,644;793,643;791,642;790,641;788,638;786,636;786,635;785,633;784,631;784,630;783,628;783,627;783,625;784,623;
Stroma; POLYGON; 128, 128, 128; 768,628;768,627;768,625;768,624;768,622;768,621;767,619;766,618;764,617;763,616;761,616;760,616;758,615;757,615;755,615;754,615;753,615;751,615;750,615;748,615;747,615;745,616;744,616;742,617;741,617;740,618;738,618;737,619;735,620;734,620;732,621;731,622;729,622;728,623;726,623;724,624;723,624;721,624;720,625;718,625;716,625;714,625;713,624;712,624;710,623;709,622;707,621;706,620;706,618;706,616;707,615;709,613;711,610;714,608;717,605;718,604;720,603;721,602;723,601;725,600;727,599;729,598;731,597;733,596;736,595;737,594;739,594;741,593;743,592;745,592;747,591;748,591;750,590;751,590;753,590;754,589;756,589;757,589;759,589;761,588;763,588;765,589;767,589;769,589;771,589;774,590;775,590;776,591;778,592;780,594;780,595;780,597;780,599;780,601;780,602;780,605;780,607;780,608;779,610;779,612;779,613;778,615;778,617;778,618;777,620;777,621;776,623;776,624;775,626;773,627;772,629;
Stroma; POLYGON; 128, 128, 128; 765,615;763,615;762,614;760,614;759,614;758,614;756,614;755,614;753,615;752,615;750,615;749,615;747,616;746,616;745,616;743,617;742,617;740,617;739,618;737,618;736,619;734,619;733,620;731,621;730,621;728,622;727,623;726,623;724,624;723,625;721,626;720,626;718,627;717,628;715,629;714,629;712,630;711,631;709,631;708,632;706,633;705,633;703,634;702,635;700,635;699,636;697,636;696,637;695,637;693,638;692,638;690,638;689,639;687,640;686,640;684,641;683,643;682,643;680,644;679,645;677,646;676,648;674,649;673,650;672,651;671,653;669,654;668,655;667,657;666,658;665,660;664,661;663,663;663,664;662,666;662,667;661,669;659,670;658,671;656,673;655,674;653,675;652,675;650,676;649,676;647,677;646,677;644,677;642,676;640,675;639,674;638,672;638,670;638,668;638,667;638,664;638,663;640,660;640,658;641,656;643,652;644,651;646,648;647,647;648,645;650,643;651,642;653,640;656,637;658,636;659,635;662,633;663,632;665,631;666,630;668,629;669,628;672,626;673,625;675,624;676,623;679,622;680,621;682,619;684,618;687,617;690,615;692,614;694,613;697,611;700,609;704,608;707,607;710,606;712,605;715,604;718,603;720,602;723,602;725,601;726,601;728,600;730,600;731,599;732,599;734,599;735,599;738,598;740,598;743,598;744,598;746,598;748,598;749,599;751,599;753,600;755,601;756,602;757,604;757,605;
Stroma; POLYGON; 128, 128, 128; 663,661;662,663;662,664;661,666;660,667;659,669;658,670;657,672;656,673;656,675;655,676;655,678;655,679;655,680;654,682;654,683;654,685;654,686;653,688;652,689;651,690;649,691;648,692;647,693;645,693;644,693;642,693;641,693;639,693;638,693;636,693;635,693;634,693;632,692;631,692;629,692;628,692;626,692;625,692;623,692;622,692;621,692;619,692;618,692;616,691;615,691;613,691;612,690;610,689;609,689;607,687;
Stroma; POLYGON; 128, 128, 128; 632,664;634,663;637,663;640,662;643,661;645,661;646,661;648,661;649,661;652,660;654,659;655,659;657,659;
Stroma; POLYGON; 128, 128, 128; 625,671;623,672;622,672;620,672;619,673;617,674;615,675;614,677;612,678;611,680;610,681;610,682;610,684;611,685;613,686;614,687;616,687;618,687;620,687;622,687;624,687;625,686;627,685;629,684;630,682;631,681;632,679;632,677;631,676;630,674;629,673;
Specular reflection; POLYGON; 191, 91, 22; 833,673;833,671;832,670;830,670;829,670;827,671;826,672;825,674;824,675;823,677;822,678;822,680;822,681;821,683;821,684;821,686;821,687;821,689;822,690;822,691;823,692;824,693;826,692;827,691;829,690;830,689;831,688;831,686;832,685;832,683;832,681;833,680;833,678;832,676;832,675;
Specular reflection; POLYGON; 191, 91, 22; 865,675;864,676;862,676;861,677;860,679;859,680;858,682;858,683;857,685;857,686;857,687;856,689;856,690;857,692;858,693;859,693;861,693;862,692;864,691;865,690;866,688;867,687;867,685;868,684;868,682;869,680;869,679;869,678;
Specular reflection; POLYGON; 191, 91, 22; 942,711;941,712;940,713;938,714;937,716;936,717;935,719;934,720;933,722;932,723;931,725;931,726;930,728;930,729;929,731;929,732;929,734;929,735;930,736;931,736;933,736;934,736;935,735;937,734;938,733;939,731;940,730;941,729;941,727;942,726;942,724;943,722;943,720;944,719;944,717;944,716;944,714;944,713;
Specular reflection; POLYGON; 191, 91, 22; 977,664;976,665;974,666;973,668;972,670;971,671;970,672;969,674;969,675;969,677;969,678;970,680;971,681;972,682;974,681;975,680;977,678;978,677;979,674;980,672;980,671;980,670;980,668;980,666;980,665;
Specular reflection; POLYGON; 191, 91, 22; 980,680;979,680;977,681;976,683;975,684;974,686;973,687;972,689;972,690;971,691;971,693;971,695;972,696;973,697;975,697;976,697;978,695;979,694;979,692;980,691;980,689;980,688;981,687;981,685;981,684;981,682;
Specular reflection; POLYGON; 191, 91, 22; 1005,660;1004,659;1003,659;1002,659;1000,660;999,661;997,662;996,664;995,666;995,668;995,670;995,671;995,673;995,674;996,676;997,677;998,678;999,678;1001,677;1002,676;1003,674;1004,673;1005,671;1006,670;1006,668;1006,667;1006,665;1006,664;1006,662;1005,661;
Specular reflection; POLYGON; 191, 91, 22; 894,602;892,602;891,602;889,603;888,603;886,604;885,605;884,607;883,608;883,610;883,611;882,613;882,614;883,615;883,617;884,618;886,619;887,618;889,617;890,616;891,615;892,613;893,612;893,611;893,609;893,607;893,606;
Specular reflection; POLYGON; 191, 91, 22; 893,582;895,582;896,581;896,579;
Specular reflection; POLYGON; 191, 91, 22; 904,561;903,561;901,560;900,561;898,562;897,562;895,563;894,565;893,566;892,567;891,569;891,570;891,572;890,573;889,575;889,576;889,578;890,579;891,581;892,582;894,582;895,582;897,581;898,580;900,579;901,577;902,576;902,574;903,573;903,571;903,569;903,568;903,566;903,564;903,563;
Specular reflection; POLYGON; 191, 91, 22; 922,552;920,553;919,554;917,556;916,557;915,559;914,560;913,562;913,563;912,565;911,566;910,567;909,569;909,570;908,572;908,573;907,575;907,576;907,578;907,579;907,581;909,582;910,583;912,582;913,581;914,580;916,578;917,576;918,574;919,573;919,571;920,570;921,568;922,567;922,565;923,563;923,561;923,560;924,558;924,556;924,554;924,553;
Specular reflection; POLYGON; 191, 91, 22; 970,475;970,477;969,478;968,480;967,481;967,483;966,484;965,486;965,487;964,489;964,490;963,492;963,493;962,494;962,496;962,497;962,499;962,500;962,502;962,503;963,505;963,506;963,507;965,508;966,509;968,509;969,508;970,506;971,505;971,504;972,502;973,501;973,499;974,498;975,496;975,494;976,493;976,491;976,490;977,488;978,487;980,486;981,485;983,485;984,485;985,486;985,488;985,489;986,491;986,492;986,493;986,495;986,496;986,498;986,499;986,501;987,502;988,504;989,505;991,506;992,506;993,504;994,503;994,501;994,500;994,498;994,496;994,495;993,493;993,492;993,491;993,489;993,488;992,486;992,485;992,483;992,482;992,480;992,479;991,478;990,476;990,475;989,473;989,472;987,471;986,470;984,470;983,469;981,469;980,469;978,469;977,469;975,470;974,471;972,471;971,473;970,474;969,476;968,477;966,479;
Specular reflection; POLYGON; 191, 91, 22; 1005,438;1003,436;1002,436;1000,436;999,436;997,436;996,438;995,440;994,441;993,443;992,444;992,445;991,447;991,448;992,450;993,451;995,452;996,452;998,452;999,452;1000,452;1002,451;1003,451;1004,449;1005,448;1005,446;1006,445;1006,443;1006,442;1005,441;1005,439;1003,438;
Specular reflection; POLYGON; 191, 91, 22; 715,642;714,642;712,642;711,642;709,642;708,643;706,644;705,644;704,645;702,646;701,647;699,648;698,650;697,651;695,652;695,654;694,655;693,657;693,658;694,660;695,661;696,663;698,664;699,665;700,665;702,665;703,664;705,664;706,663;708,662;709,661;711,660;712,659;714,658;715,657;716,655;717,654;718,653;719,651;719,650;719,648;719,647;719,645;717,644;
Specular reflection; POLYGON; 191, 91, 22; 758,592;757,591;756,591;755,591;753,591;752,591;750,592;749,592;747,592;746,593;744,595;743,596;743,598;742,599;743,601;743,602;744,604;746,605;747,606;749,607;750,607;752,607;753,607;755,606;756,606;757,606;759,605;760,604;762,603;763,603;764,601;765,600;765,598;764,597;763,595;
Specular reflection; POLYGON; 191, 91, 22; 686,711;685,712;683,712;682,712;680,712;679,713;677,713;676,714;674,715;673,717;671,718;671,720;670,721;671,723;671,724;673,725;674,726;676,726;677,726;679,727;681,726;682,726;683,726;685,726;686,725;688,724;689,723;690,722;690,720;691,719;692,717;691,715;690,714;689,713;688,711;
Specular reflection; POLYGON; 191, 91, 22; 611,676;609,675;608,675;606,674;605,675;603,675;602,676;600,677;599,678;598,680;597,681;596,683;596,684;596,686;597,687;599,688;600,689;602,689;603,689;605,689;606,689;608,688;609,688;611,687;612,685;613,684;613,682;613,681;612,679;611,678;610,677;
Specular reflection; POLYGON; 191, 91, 22; 585,713;584,711;582,712;581,713;579,714;578,715;576,716;575,717;574,718;573,720;572,721;572,723;571,724;570,726;570,727;570,729;571,730;572,731;574,731;576,731;578,731;579,731;581,730;582,729;584,728;585,726;586,724;587,723;587,721;587,720;588,718;588,717;587,716;586,714;
Specular reflection; POLYGON; 191, 91, 22; 724,606;722,606;721,606;719,606;718,607;716,607;715,608;713,609;712,609;710,610;709,611;708,612;707,614;706,615;704,617;703,618;703,620;703,621;703,623;703,624;704,625;706,625;707,625;709,625;711,624;712,624;714,623;715,622;718,621;719,620;721,619;722,618;724,617;725,615;727,614;728,613;728,611;
Specular reflection; POLYGON; 191, 91, 22; 639,614;640,613;640,611;640,609;639,608;639,606;639,605;638,603;637,602;635,601;634,600;633,598;631,597;630,596;628,596;627,595;625,595;624,595;622,594;621,594;619,594;618,595;617,595;615,595;614,596;612,597;611,598;609,600;608,601;606,602;604,604;603,605;602,606;601,608;600,609;599,611;598,612;598,614;597,615;597,617;597,618;597,620;598,621;598,623;598,624;600,626;602,627;603,628;604,628;606,628;607,628;609,628;610,628;612,627;613,626;615,626;617,625;619,624;621,624;623,623;625,622;627,621;629,620;630,620;632,620;634,618;635,617;637,616;638,615;639,613;641,611;642,610;642,608;
Specular reflection; POLYGON; 191, 91, 22; 583,618;583,617;583,615;582,614;581,612;580,611;578,610;577,609;575,609;574,609;572,608;571,608;570,609;568,609;567,610;565,610;564,611;562,611;561,612;559,613;558,613;556,614;555,615;553,615;552,615;550,616;549,617;548,618;546,619;545,620;543,620;542,621;540,622;539,623;537,624;536,625;534,626;533,627;532,629;531,630;531,632;531,634;533,635;534,636;536,637;537,637;538,637;540,636;541,636;543,636;545,635;546,635;549,634;551,633;553,632;556,631;558,630;559,630;561,629;562,629;564,628;565,628;566,628;568,628;569,627;571,627;572,627;574,627;575,626;577,626;578,625;580,624;581,624;583,623;584,621;585,620;585,618;586,616;587,615;587,613;
Specular reflection; POLYGON; 191, 91, 22; 476,630;474,631;473,631;471,632;470,632;468,631;467,629;467,628;466,626;466,625;466,623;466,622;465,620;465,619;466,617;466,615;467,614;468,612;468,611;470,610;471,608;474,607;475,606;477,605;478,604;480,603;481,602;483,601;484,601;485,600;487,600;488,600;490,599;491,599;493,599;494,599;496,599;497,599;499,599;501,599;502,599;504,599;505,599;507,598;508,596;510,595;511,594;512,593;514,591;515,590;516,588;518,587;519,586;520,585;521,583;522,582;523,580;524,579;524,577;525,576;527,576;528,575;530,576;531,576;533,577;534,577;536,579;537,580;538,581;539,583;540,584;540,586;541,587;541,589;541,591;541,592;541,594;541,595;540,596;540,598;538,599;537,599;535,600;534,600;532,600;531,601;529,601;528,602;526,603;525,603;523,604;522,605;520,606;519,607;518,608;516,608;515,609;513,610;512,610;510,611;509,611;507,611;505,610;504,610;502,610;501,610;500,610;498,610;496,610;495,611;493,611;492,612;490,612;489,613;487,614;486,615;485,617;484,618;484,620;483,621;483,623;482,624;482,626;480,627;479,628;477,628;476,628;474,629;472,629;471,629;469,629;469,627;470,626;
Specular reflection; POLYGON; 191, 91, 22; 554,551;552,550;551,550;549,551;548,551;546,552;545,554;544,555;543,557;542,559;540,561;540,562;540,564;541,565;543,567;544,568;546,569;548,569;549,570;551,569;553,569;555,567;556,566;557,564;558,562;558,560;558,558;558,556;558,555;557,553;556,552;
Specular reflection; POLYGON; 191, 91, 22; 693,553;692,552;690,551;689,550;687,550;685,549;684,549;683,549;681,549;679,549;677,549;676,549;674,549;672,549;671,549;669,549;668,549;665,549;663,549;662,549;660,549;659,549;658,549;656,549;655,549;653,549;652,549;650,549;648,550;646,550;645,551;643,552;641,552;640,553;638,553;637,554;636,554;634,555;633,555;631,556;630,557;628,558;627,559;625,559;624,560;622,561;621,562;619,563;618,564;617,566;616,567;616,569;616,570;616,572;617,573;618,574;620,575;622,575;624,575;626,575;627,575;629,574;633,573;635,572;637,571;640,570;642,569;644,568;645,567;647,567;648,567;650,566;652,566;654,566;655,566;657,565;659,565;660,565;661,565;663,564;665,564;666,564;668,564;669,563;671,563;673,562;674,562;676,562;678,562;679,562;681,562;682,562;684,562;685,562;687,562;688,561;690,560;691,559;691,558;691,556;691,555;
Specular reflection; POLYGON; 191, 91, 22; 481,710;480,710;478,709;476,709;475,709;473,709;472,710;470,710;469,711;467,713;466,714;466,716;466,717;466,719;467,720;468,722;470,723;471,724;473,725;475,726;476,727;478,727;480,726;481,726;483,725;485,724;486,723;488,722;488,720;488,719;488,717;488,716;487,714;
Specular reflection; POLYGON; 191, 91, 22; 446,707;445,706;444,706;442,706;441,705;439,705;438,705;436,704;435,704;433,704;432,704;431,704;429,704;428,704;426,705;425,706;423,706;423,707;422,709;423,710;423,712;423,713;424,715;425,716;426,717;428,718;430,719;431,720;433,721;435,721;436,722;438,723;440,723;441,723;443,723;444,722;446,722;447,721;449,720;450,718;452,716;452,715;452,713;452,711;452,710;451,708;451,707;
Specular reflection; POLYGON; 191, 91, 22; 719,798;717,797;716,797;714,797;712,797;711,798;709,799;708,800;706,801;705,802;704,804;703,805;703,807;702,808;703,810;703,811;704,813;706,814;707,814;709,814;710,814;712,814;713,813;714,813;716,812;717,811;719,810;721,808;722,806;722,805;722,803;722,801;721,800;721,798;719,798;
Specular reflection; POLYGON; 191, 91, 22; 736,821;734,820;733,820;731,821;730,821;728,821;727,822;725,823;724,825;723,826;722,828;722,829;722,831;722,832;722,834;723,835;724,837;726,838;728,839;729,839;731,839;732,838;734,837;735,836;736,834;737,832;738,831;738,829;738,828;738,826;736,824;
Specular reflection; POLYGON; 191, 91, 22; 674,833;673,833;671,834;670,834;668,835;667,836;665,838;665,839;665,841;665,842;664,844;664,845;664,847;665,848;665,849;665,851;665,853;665,855;665,856;665,858;665,859;665,861;665,862;666,863;666,865;668,865;669,866;671,866;672,866;674,866;675,865;676,865;678,864;678,862;679,861;679,860;680,858;680,857;680,855;680,854;681,852;681,850;681,849;681,847;681,846;681,844;681,843;680,841;680,839;680,838;680,836;679,835;
Specular reflection; POLYGON; 191, 91, 22; 610,851;610,850;610,848;610,847;610,845;610,844;609,842;608,841;607,839;606,837;605,836;604,834;603,833;601,831;600,830;598,830;597,830;595,829;594,830;592,830;591,831;590,832;589,834;589,835;589,837;590,838;591,840;592,841;593,843;594,844;595,846;596,847;597,849;597,850;597,851;598,853;598,854;598,856;600,857;601,857;603,857;604,857;606,856;607,855;609,854;610,852;610,851;610,849;610,848;610,847;610,845;
Specular reflection; POLYGON; 191, 91, 22; 536,774;535,773;533,772;532,771;530,771;529,771;527,772;526,773;524,774;523,776;522,777;521,779;521,780;521,782;521,783;522,785;523,787;525,788;526,788;528,789;529,789;531,788;533,788;534,787;536,786;537,784;538,783;538,781;539,780;538,778;538,777;538,775;537,774;535,773;534,772;532,771;
Specular reflection; POLYGON; 191, 91, 22; 483,761;481,760;480,759;478,758;477,758;476,759;474,759;473,759;471,760;470,762;470,763;471,765;471,766;472,768;473,769;474,771;475,772;477,774;478,774;480,774;481,774;482,774;484,774;485,773;486,772;487,770;487,768;487,767;487,765;486,764;485,762;484,760;
Specular reflection; POLYGON; 191, 91, 22; 508,849;509,848;509,846;509,844;509,843;509,841;509,840;508,838;507,837;506,835;505,834;503,834;502,832;500,832;499,832;497,832;496,833;494,834;493,836;491,837;490,839;488,839;487,838;485,836;484,835;483,834;482,833;482,831;481,830;482,828;481,827;479,825;478,824;476,824;475,823;474,823;472,823;471,823;469,824;468,824;466,825;465,827;465,828;465,830;464,831;464,832;464,834;465,835;466,837;467,838;469,838;470,839;472,840;473,840;475,841;476,841;477,841;479,841;480,841;482,841;483,841;485,841;486,842;488,842;489,843;490,844;491,845;491,847;492,848;493,849;495,850;496,851;498,851;500,851;501,850;503,850;504,850;506,850;507,850;508,849;510,849;
Specular reflection; POLYGON; 191, 91, 22; 471,931;470,929;468,928;467,928;465,927;463,926;462,925;460,925;459,925;457,925;456,924;454,925;453,925;451,926;450,927;448,928;448,929;448,930;448,932;448,933;449,935;450,936;451,938;453,939;454,940;456,941;457,942;459,942;460,943;462,943;464,942;466,942;468,941;470,939;471,938;472,936;472,935;472,933;471,932;470,930;469,929;
Specular reflection; POLYGON; 191, 91, 22; 556,958;554,956;553,956;552,955;550,955;549,955;547,955;546,955;544,956;543,956;541,957;541,959;540,960;541,962;541,964;541,965;542,967;542,969;543,970;545,971;547,972;548,972;550,972;551,972;553,972;554,971;556,971;557,970;559,968;559,967;559,965;559,964;559,962;558,960;556,959;555,958;
Specular reflection; POLYGON; 191, 91, 22; 441,935;439,934;438,934;436,933;435,933;433,933;432,933;431,933;429,933;428,933;426,934;425,935;424,936;425,938;426,939;428,940;429,941;431,942;432,943;434,944;435,945;437,945;439,946;440,947;442,947;443,946;445,945;446,943;447,942;446,940;446,939;444,938;442,937;
Specular reflection; POLYGON; 191, 91, 22; 331,944;331,942;330,941;330,939;328,938;327,936;325,935;324,934;322,934;321,934;319,933;318,934;316,934;315,934;314,934;312,934;311,934;309,934;308,934;307,934;305,934;304,934;302,934;301,935;300,936;299,938;300,939;301,941;302,942;303,944;305,944;307,945;309,946;311,948;313,948;315,949;316,949;318,949;320,950;321,950;323,950;325,949;327,949;329,949;330,948;332,948;333,947;334,947;336,946;337,944;
Specular reflection; POLYGON; 191, 91, 22; 303,943;302,943;300,943;299,943;298,942;296,942;295,941;293,941;292,941;290,942;289,942;287,943;286,943;284,944;283,945;281,946;281,947;283,949;284,950;286,951;287,952;290,953;291,954;293,954;294,955;296,955;298,955;299,955;302,955;303,955;304,954;306,954;307,953;309,952;310,950;310,949;310,947;309,946;307,945;306,944;
Specular reflection; POLYGON; 191, 91, 22; 395,987;393,986;392,985;390,984;389,984;387,983;386,983;384,982;383,982;381,983;380,983;379,985;378,986;378,988;379,989;380,991;381,992;383,993;385,994;387,995;388,995;389,995;391,996;392,996;394,996;395,995;397,994;397,993;397,991;397,989;397,988;396,986;395,984;393,982;392,982;390,980;388,980;
Specular reflection; POLYGON; 191, 91, 22; 406,621;406,620;407,619;407,617;406,616;406,614;406,613;406,611;406,610;405,608;404,607;403,605;402,604;402,603;401,601;399,600;398,599;397,599;395,597;394,597;392,597;391,598;389,598;388,599;388,601;388,602;388,604;389,605;389,607;389,609;390,610;390,612;391,614;391,616;391,617;392,619;392,620;393,622;394,623;396,625;397,626;399,626;401,627;402,627;404,627;405,626;407,625;408,624;409,623;410,621;410,619;410,617;410,616;
Specular reflection; POLYGON; 191, 91, 22; 658,435;656,435;655,435;653,435;652,436;651,438;651,439;650,441;650,442;650,443;650,445;650,446;649,448;649,449;649,451;649,452;649,454;649,455;649,456;650,458;650,459;650,461;651,462;651,464;651,465;653,467;653,468;654,470;655,471;655,473;656,474;656,475;656,477;656,478;656,480;655,481;654,483;653,483;651,484;650,485;649,487;649,488;650,490;651,491;653,493;654,494;655,496;656,497;658,498;659,499;661,500;662,501;663,503;664,504;665,506;666,507;667,509;668,510;668,512;669,514;669,515;670,517;672,517;673,517;674,517;675,515;676,514;676,512;677,510;677,508;677,506;678,505;678,503;679,502;678,500;678,499;678,497;677,496;677,494;676,492;676,491;675,490;675,488;675,487;676,485;676,483;678,483;679,482;681,482;683,482;684,482;686,481;686,480;686,478;686,477;685,475;684,474;683,472;682,471;681,469;680,468;679,467;679,465;679,464;679,463;680,461;680,460;681,458;682,457;684,457;685,458;687,459;688,459;690,459;691,457;692,456;692,454;691,453;691,451;691,450;691,448;691,446;690,445;689,443;688,443;686,442;684,441;682,440;680,440;679,439;677,439;676,439;675,439;673,440;672,442;672,444;672,445;672,447;672,448;671,450;671,452;671,453;671,455;671,456;671,457;671,459;671,461;670,463;670,465;669,466;668,467;666,466;665,465;664,463;664,462;663,461;663,459;663,458;662,456;662,455;662,453;662,452;661,450;660,449;659,447;659,446;660,445;660,443;660,442;660,440;660,439;660,437;659,436;
Specular reflection; POLYGON; 191, 91, 22; 652,404;652,406;651,407;651,409;651,410;650,412;650,413;650,415;650,416;650,418;651,419;652,420;653,421;655,422;656,422;658,422;659,423;661,423;662,423;664,423;665,423;667,423;668,423;670,423;671,423;673,424;674,424;676,425;677,426;679,426;680,427;681,427;683,428;684,428;686,428;687,428;689,427;690,427;692,425;693,424;694,422;696,421;697,420;699,420;700,420;702,420;703,420;704,420;706,420;707,421;709,421;710,421;712,421;713,421;715,420;716,420;717,419;719,418;720,417;722,416;723,414;725,413;725,411;725,410;725,408;724,407;723,405;723,404;723,403;724,402;726,402;727,401;729,400;730,399;731,398;732,396;732,395;731,393;731,392;730,390;730,389;730,387;731,386;732,384;733,383;734,382;734,381;734,379;733,378;731,377;730,376;728,375;727,375;726,374;726,373;726,371;726,370;726,368;727,367;726,365;725,364;723,363;722,362;721,362;719,361;718,360;716,359;717,358;718,357;719,356;719,354;719,353;720,351;720,350;720,348;720,347;720,346;720,344;719,343;718,341;718,340;717,338;716,337;714,336;713,335;711,334;710,334;708,335;707,335;705,336;704,336;702,337;701,338;700,339;699,341;698,342;698,344;697,345;697,346;697,348;698,349;698,351;699,352;700,354;701,355;702,357;702,358;702,360;701,361;699,363;698,364;697,366;696,367;695,369;694,370;692,372;691,372;689,373;688,374;686,375;685,377;683,378;682,379;680,380;679,380;677,381;676,381;674,381;673,382;672,382;670,383;669,384;667,385;666,385;664,386;663,386;661,386;660,387;658,388;657,388;656,390;655,391;654,393;653,394;653,396;653,397;652,398;652,400;652,401;652,403;652,405;652,407;651,408;651,410;
Specular reflection; POLYGON; 191, 91, 22; 641,382;641,383;642,384;643,384;645,384;646,384;647,384;649,383;650,382;651,381;652,380;652,378;652,377;653,375;653,374;653,372;654,371;655,370;657,370;658,369;660,369;661,369;663,370;664,369;665,369;667,368;667,367;667,365;667,364;668,363;668,361;668,360;668,358;668,357;668,355;668,354;668,353;668,351;668,350;669,348;669,347;670,345;671,344;671,342;670,341;668,340;666,339;665,339;663,338;662,337;660,337;659,336;657,335;656,334;654,333;653,333;652,333;650,332;649,332;647,332;645,332;644,332;642,332;641,332;639,333;638,334;637,335;637,337;638,338;639,340;640,341;641,343;642,344;643,346;644,347;642,348;641,348;640,349;638,349;637,349;635,348;634,348;632,349;632,351;631,352;631,354;631,355;632,357;632,358;632,359;633,361;634,362;634,364;635,365;635,367;636,368;637,370;637,371;638,373;638,374;638,376;639,377;639,378;639,380;640,381;640,383;641,384;642,386;
Specular reflection; POLYGON; 191, 91, 22; 713,335;714,335;716,336;717,337;719,338;720,340;721,341;721,343;722,344;723,346;723,347;723,349;722,350;722,352;721,353;719,355;718,356;716,356;715,357;713,357;712,357;711,356;709,355;709,353;708,352;709,350;709,349;709,347;709,345;709,344;709,342;709,341;
Specular reflection; POLYGON; 191, 91, 22; 575,478;574,479;572,480;571,480;569,481;569,483;568,484;569,486;569,487;569,488;570,490;570,491;571,493;572,494;573,496;575,497;576,498;578,499;579,500;581,501;582,501;584,501;585,501;586,500;588,499;588,498;589,496;589,495;590,493;591,492;593,491;594,490;596,489;597,488;599,488;600,488;602,489;602,490;603,491;603,493;603,494;603,496;603,497;603,499;602,500;602,501;602,503;604,504;605,504;607,504;608,504;610,504;611,504;612,503;613,501;614,500;614,499;615,497;615,496;615,494;615,493;615,491;615,490;616,488;616,487;617,485;617,484;618,483;620,481;620,480;620,478;621,477;621,475;622,474;621,472;621,471;621,469;619,468;618,467;616,466;615,465;613,465;612,465;611,466;609,466;608,467;606,467;605,468;603,469;602,470;600,470;599,471;597,472;596,472;594,472;593,473;591,473;590,473;589,474;587,474;586,474;584,474;583,475;581,475;580,476;578,477;
Specular reflection; POLYGON; 191, 91, 22; 589,429;590,431;591,432;592,434;593,434;595,435;596,436;598,436;599,436;600,436;602,436;603,435;605,434;606,433;607,431;607,430;607,429;608,427;608,426;608,424;608,423;608,421;608,420;608,418;608,417;607,416;605,415;604,413;603,413;601,412;600,412;598,412;597,412;596,412;594,412;593,413;591,413;590,413;588,414;587,414;585,413;584,413;582,412;581,410;581,409;580,408;578,408;577,408;575,408;574,409;572,409;571,410;570,412;568,413;567,415;566,416;565,418;564,419;563,420;561,422;560,423;558,424;557,426;556,427;555,429;554,430;553,432;552,433;551,434;549,435;548,436;546,437;545,439;544,440;543,442;543,443;543,444;543,446;544,447;544,449;545,450;545,452;544,453;543,455;542,456;540,458;539,459;538,461;537,462;535,462;534,460;532,459;531,459;529,460;528,460;526,461;525,462;523,463;522,465;521,466;519,467;518,469;517,470;515,471;514,471;513,471;511,472;510,472;508,472;507,473;505,473;504,474;503,476;502,477;502,478;501,480;501,481;500,483;499,484;498,486;497,487;497,489;497,490;497,492;497,493;497,495;499,495;500,495;502,494;503,493;505,492;506,491;508,490;509,488;511,487;512,486;513,485;515,484;516,483;518,482;519,482;521,482;522,481;523,481;525,481;526,481;528,480;529,480;531,479;532,479;534,478;535,477;537,477;538,476;540,476;541,475;542,474;544,474;545,473;547,473;548,472;550,471;551,470;553,470;554,469;556,468;557,468;559,467;560,468;562,468;563,468;564,469;566,469;567,469;569,468;570,468;572,469;573,469;575,468;576,468;577,468;579,467;580,466;582,465;583,464;584,463;584,461;584,460;583,458;582,457;581,456;579,455;578,455;577,454;575,454;574,454;573,452;572,451;571,449;570,448;569,446;569,445;568,443;568,442;567,440;567,439;567,437;567,436;568,434;568,433;569,432;570,430;571,430;573,430;574,429;575,429;577,429;578,428;580,428;581,428;583,427;584,427;586,427;587,427;588,427;590,428;
Specular reflection; POLYGON; 191, 91, 22; 525,467;523,468;522,468;521,469;519,470;518,470;516,470;515,471;513,471;512,471;510,472;509,472;507,472;506,472;505,473;503,474;502,475;501,476;499,478;498,479;497,480;496,482;495,483;494,484;494,486;494,487;494,489;494,490;495,492;496,492;498,493;499,493;500,491;502,490;503,488;505,487;506,486;508,485;509,484;511,483;512,481;
Specular reflection; POLYGON; 191, 91, 22; 621,388;620,387;618,387;617,387;615,388;614,389;613,391;612,392;612,394;612,395;612,396;613,398;615,399;616,399;618,398;619,398;621,397;622,396;623,394;624,393;624,392;624,390;623,389;
Specular reflection; POLYGON; 191, 91, 22; 605,356;604,355;603,354;601,355;600,356;599,358;597,359;596,360;596,362;595,363;595,364;596,366;597,367;599,368;600,368;602,367;603,367;605,365;606,364;607,362;608,361;608,359;608,358;606,356;
Specular reflection; POLYGON; 191, 91, 22; 563,352;561,352;560,353;558,353;557,354;555,354;554,355;552,356;551,357;550,359;549,360;549,362;549,363;550,365;551,366;553,367;555,368;556,368;558,368;559,368;561,366;562,365;564,363;564,362;565,360;565,359;565,357;
Specular reflection; POLYGON; 191, 91, 22; 554,395;552,396;551,397;550,398;548,399;547,401;546,402;544,404;544,405;542,407;541,408;540,410;539,411;539,413;538,414;538,416;538,417;538,419;539,420;540,421;542,422;543,422;544,422;546,422;548,421;550,419;551,418;553,417;554,416;555,414;555,413;555,411;556,410;556,408;557,407;557,405;557,404;557,403;557,401;557,400;
Specular reflection; POLYGON; 191, 91, 22; 473,468;473,469;473,471;473,472;473,473;473,475;473,476;473,478;474,479;474,481;474,482;475,484;475,485;477,486;478,486;480,486;481,486;482,486;484,485;485,484;486,482;486,481;487,479;487,478;488,476;489,475;490,473;491,472;492,470;494,469;495,468;497,468;498,467;500,467;501,467;503,466;504,466;506,466;507,465;508,465;510,465;511,465;513,465;514,464;516,464;517,464;519,463;520,462;522,461;523,460;524,459;525,457;526,456;526,454;526,453;526,452;525,450;525,449;525,447;524,446;524,444;525,443;525,441;525,440;525,439;526,437;526,436;526,434;526,433;526,431;527,430;528,428;528,427;526,427;525,427;523,428;522,428;520,429;519,430;517,430;516,430;514,429;513,429;511,428;510,428;509,428;507,429;506,429;504,430;503,431;501,431;500,431;498,431;497,429;497,428;497,427;497,425;495,424;494,425;492,426;491,426;489,427;488,428;486,428;485,429;483,430;482,431;480,431;479,432;478,433;476,434;475,435;473,435;472,433;471,432;470,432;468,432;467,433;466,435;464,436;463,437;462,439;462,440;462,441;462,443;463,444;464,446;465,447;467,447;468,448;470,448;471,449;473,449;474,450;475,451;476,452;477,454;477,455;478,457;478,458;477,460;476,461;475,462;474,463;473,465;472,466;472,468;
Specular reflection; POLYGON; 191, 91, 22; 501,415;501,417;500,418;500,420;500,421;501,423;501,424;503,425;504,426;506,425;507,424;509,424;510,423;511,423;513,423;514,423;516,423;517,422;519,422;520,422;522,421;523,421;525,420;526,419;528,418;529,416;529,415;529,413;529,412;529,410;529,409;529,408;529,406;529,405;529,403;528,402;527,400;527,399;526,397;525,396;524,394;524,393;524,391;524,390;524,389;523,387;521,387;520,386;518,385;517,385;515,385;514,385;512,385;511,385;510,385;508,385;507,385;505,385;504,385;502,385;501,385;499,386;498,387;496,388;495,388;493,389;492,389;491,389;489,389;488,389;486,389;485,388;483,388;482,387;480,386;480,385;480,383;480,382;481,380;481,379;482,377;483,376;483,374;484,373;485,371;487,371;488,370;490,369;491,368;493,368;494,367;496,367;497,367;499,368;500,369;501,370;503,371;504,372;505,372;507,372;508,372;510,372;511,372;513,373;514,373;515,373;517,373;518,373;520,373;521,372;523,371;524,370;525,369;526,367;526,366;527,365;527,363;527,362;528,360;528,359;528,357;528,356;528,354;527,353;525,352;524,351;522,351;521,350;519,350;518,350;516,349;515,349;514,348;512,348;511,347;509,347;508,347;506,347;505,347;503,346;502,346;501,346;499,346;498,346;496,345;495,345;493,345;492,344;490,344;489,344;487,343;486,343;485,342;483,342;482,342;480,342;479,342;477,342;476,342;474,342;473,342;472,343;470,343;469,344;467,344;466,345;464,346;463,347;461,348;460,348;458,349;457,350;455,351;454,351;452,351;451,352;449,352;448,353;446,353;445,354;444,355;442,355;441,356;439,356;438,357;436,357;435,357;433,358;432,358;430,359;429,360;428,361;427,362;426,364;425,365;425,367;424,368;424,370;423,371;423,373;423,374;423,375;423,377;423,378;422,380;421,381;420,383;419,384;419,386;419,387;418,389;417,390;417,392;416,393;416,395;415,396;415,397;415,399;414,400;414,402;414,403;413,405;413,406;413,408;413,410;413,411;413,412;413,414;413,415;413,417;414,418;414,420;414,421;415,423;415,424;416,425;416,427;417,428;417,430;418,431;419,433;419,434;420,436;421,437;422,439;423,440;424,441;426,442;427,443;428,443;430,443;431,443;433,443;434,443;436,442;437,442;439,442;440,441;441,441;443,441;444,440;446,440;447,439;449,438;450,437;452,436;453,434;453,433;455,431;456,430;457,429;459,428;460,427;462,425;463,424;465,423;466,422;468,421;469,420;471,420;472,419;474,418;475,418;477,417;478,417;480,417;481,416;482,416;484,416;485,417;487,418;488,417;490,416;491,414;492,413;493,411;494,410;495,409;497,408;498,408;499,410;500,411;500,413;500,414;500,416;
Specular reflection; POLYGON; 191, 91, 22; 903,394;902,393;901,393;899,394;898,395;896,396;895,397;894,399;894,400;894,402;894,403;894,405;894,406;895,408;897,409;898,409;900,409;901,409;902,408;904,407;905,406;906,404;907,403;907,402;908,400;908,399;907,397;
Specular reflection; POLYGON; 191, 91, 22; 847,306;846,305;845,305;843,306;842,306;841,308;840,309;839,311;839,312;840,314;840,315;841,317;842,318;843,319;844,320;846,320;847,320;849,320;850,319;851,318;852,316;853,315;853,313;853,312;852,310;852,309;851,308;
Specular reflection; POLYGON; 191, 91, 22; 878,313;876,312;875,313;874,314;873,315;872,316;872,318;873,319;873,321;874,322;875,324;876,324;877,325;879,325;880,325;882,324;883,323;884,322;885,320;885,318;884,316;883,315;882,314;
Specular reflection; POLYGON; 191, 91, 22; 892,328;891,328;889,328;888,328;886,329;885,330;885,332;884,333;885,335;885,336;886,337;888,338;889,339;891,339;892,339;894,339;895,338;897,338;898,336;899,335;900,334;900,332;899,331;898,329;
Specular reflection; POLYGON; 191, 91, 22; 909,355;908,356;906,356;905,356;904,355;903,353;903,352;902,350;901,349;902,347;902,346;903,345;905,344;906,342;906,341;906,339;906,338;906,336;906,335;905,333;904,332;904,330;904,329;905,327;905,326;906,325;907,323;908,322;910,322;911,323;913,324;914,326;914,327;915,328;916,330;916,331;917,333;917,334;917,336;917,337;917,339;917,340;917,342;917,343;917,344;917,346;916,347;915,349;914,350;913,352;911,353;910,354;908,355;907,356;
Specular reflection; POLYGON; 191, 91, 22; 921,306;920,305;919,305;917,306;916,307;915,309;915,310;914,312;914,313;915,314;916,316;918,316;919,317;920,317;922,316;923,316;925,315;925,314;926,312;926,310;926,308;925,307;924,305;
Specular reflection; POLYGON; 191, 91, 22; 948,309;947,308;945,308;944,308;942,308;941,308;939,308;938,308;937,309;935,310;934,312;933,313;933,315;933,316;933,317;933,319;933,320;933,322;934,323;935,325;936,326;937,328;937,329;936,331;934,332;933,333;932,335;932,336;932,337;932,339;932,340;932,342;933,343;934,344;935,344;936,346;938,347;939,347;941,349;942,350;944,351;945,352;947,352;948,353;950,353;951,353;953,354;954,354;956,354;957,353;959,353;960,353;961,352;963,351;964,349;965,348;966,346;966,345;967,343;968,342;968,340;969,339;969,337;969,336;969,335;969,333;968,332;967,330;966,329;965,328;963,327;962,326;961,326;959,326;958,327;956,328;955,328;953,329;952,329;950,329;950,327;950,326;950,324;950,323;951,321;952,320;953,318;954,317;954,315;954,314;954,313;954,311;953,310;953,308;951,307;950,306;
Specular reflection; POLYGON; 191, 91, 22; 961,281;959,280;958,279;956,279;955,279;953,279;952,280;951,282;951,283;951,285;951,286;951,288;951,289;952,290;953,292;955,292;956,292;958,292;959,291;961,290;962,289;962,288;963,286;962,285;962,283;961,282;960,280;
Specular reflection; POLYGON; 191, 91, 22; 907,849;906,848;904,847;903,847;901,847;900,848;899,849;897,850;896,851;895,852;894,854;893,855;893,857;893,858;894,859;895,861;896,862;897,863;898,863;900,863;901,862;903,861;904,860;905,858;907,857;908,855;909,853;909,852;909,850;909,849;
Specular reflection; POLYGON; 191, 91, 22; 940,797;938,797;937,797;936,797;934,798;933,798;931,799;930,801;929,802;928,804;928,805;928,806;928,808;929,809;930,811;932,811;933,812;935,812;936,811;937,810;939,808;940,806;941,805;942,803;942,801;941,800;940,799;
Specular reflection; POLYGON; 191, 91, 22; 834,929;832,929;831,930;829,930;828,931;826,931;825,931;824,932;822,933;820,935;819,937;818,938;817,940;817,941;818,942;820,943;821,943;823,944;825,944;826,943;828,943;830,943;831,943;833,942;834,940;836,939;837,937;838,936;838,934;838,933;837,932;
Specular reflection; POLYGON; 191, 91, 22; 796,798;795,797;793,797;792,797;791,798;789,799;787,801;786,802;785,803;784,805;784,806;784,808;784,809;785,811;785,812;787,813;788,814;790,814;791,813;793,812;794,812;796,810;797,809;798,807;799,805;799,804;800,802;800,801;
Specular reflection; POLYGON; 191, 91, 22; 863,794;862,794;861,795;859,795;858,796;856,797;855,798;853,799;852,801;850,802;849,804;847,806;846,807;845,809;844,810;844,812;844,813;845,815;845,816;847,817;848,816;850,815;851,815;853,813;856,811;857,810;858,809;860,807;861,805;863,803;864,801;865,798;866,797;867,795;
Specular reflection; POLYGON; 191, 91, 22; 830,824;829,824;827,825;826,825;825,826;823,827;822,828;820,829;819,830;817,832;815,834;814,835;813,837;812,838;810,840;809,841;808,843;807,844;806,846;805,847;804,849;803,850;803,852;802,853;802,854;803,856;803,857;805,858;806,857;808,856;809,855;812,854;813,853;814,851;815,850;817,849;819,847;820,845;822,842;824,841;825,839;826,838;827,836;828,834;830,833;831,832;832,830;832,829;833,827;833,826;833,824;833,823;
Specular reflection; POLYGON; 191, 91, 22; 870,754;869,754;867,754;866,754;865,755;863,755;862,756;861,758;860,759;859,761;859,762;859,764;859,766;860,767;861,768;863,768;864,767;866,767;867,765;869,764;870,762;871,761;873,759;873,758;874,756;872,755;871,755;
Specular reflection; POLYGON; 191, 91, 22; 226,775;224,776;225,778;227,778;228,778;230,778;231,778;233,777;234,777;235,775;236,774;237,772;237,771;238,769;238,768;238,767;239,765;239,764;238,762;236,762;235,761;233,760;232,760;230,760;229,760;227,760;226,759;224,758;223,756;222,756;221,755;219,754;218,753;216,753;215,752;213,751;212,751;210,750;209,750;207,749;206,749;204,749;203,748;201,749;200,748;198,748;197,748;196,748;194,747;193,747;191,747;190,747;188,748;187,749;185,750;185,752;184,753;183,755;183,756;182,758;180,758;179,758;178,758;176,757;175,756;173,755;172,754;171,753;170,751;169,750;168,748;167,747;166,745;165,744;165,742;164,741;164,740;164,738;164,737;163,735;162,735;160,734;159,734;157,734;156,734;155,734;153,735;152,736;151,738;150,739;150,741;151,742;152,743;152,745;153,746;154,748;155,749;156,751;156,752;157,753;158,755;158,756;159,758;160,759;162,760;163,762;164,763;166,764;167,765;169,766;170,767;172,768;173,768;175,769;176,769;178,769;179,769;181,768;182,768;184,767;185,766;186,766;188,765;189,764;191,763;192,763;194,762;195,762;197,763;198,764;200,765;201,765;203,765;204,765;206,766;207,766;208,766;210,766;211,766;213,766;214,767;216,768;217,769;219,770;220,771;220,773;221,774;221,776;222,777;223,777;226,777;
Specular reflection; POLYGON; 191, 91, 22; 130,728;130,727;129,725;129,724;128,722;128,721;127,719;125,718;124,717;122,715;121,714;119,714;118,713;116,713;115,712;113,711;112,711;110,711;109,711;107,712;106,713;104,714;104,715;104,717;105,718;106,720;107,721;108,723;109,724;111,725;112,726;114,726;115,727;117,728;118,729;120,729;121,730;123,731;124,731;126,731;127,731;128,730;130,730;131,729;132,728;132,726;133,725;
Specular reflection; POLYGON; 191, 91, 22; 234,830;234,828;234,827;234,825;234,824;233,822;232,821;230,820;229,819;227,818;226,818;224,817;223,817;221,816;220,816;219,816;217,816;216,816;214,816;213,815;211,815;210,815;209,814;207,814;206,813;204,813;203,812;201,811;200,810;198,809;197,809;195,808;194,807;192,807;191,806;189,805;188,805;186,804;185,803;183,802;182,801;180,801;179,800;177,800;176,799;175,798;173,797;172,797;170,796;169,796;167,796;166,797;165,798;165,800;164,801;164,802;165,804;165,805;166,807;167,808;169,810;170,811;172,812;173,813;175,814;176,814;178,815;180,816;181,817;183,818;184,818;186,819;187,820;189,820;190,821;192,822;193,822;195,823;196,824;198,824;199,825;200,825;202,826;203,826;205,826;206,827;208,827;209,827;211,828;212,828;214,828;215,829;217,829;218,830;220,830;221,830;223,830;224,831;226,831;227,831;229,831;230,831;231,832;233,832;234,831;
Specular reflection; POLYGON; 191, 91, 22; 148,790;148,789;148,787;147,786;147,784;147,783;147,781;146,780;146,778;145,777;143,775;142,775;140,774;139,773;138,772;136,771;135,770;134,768;132,767;130,765;129,764;128,763;127,762;125,761;124,761;122,761;121,763;121,764;121,766;121,767;122,769;122,770;122,772;123,773;124,774;125,776;126,777;127,779;128,780;130,781;131,783;133,785;134,786;136,787;137,788;139,789;140,790;142,791;143,792;145,793;146,794;148,793;149,793;151,793;
Specular reflection; POLYGON; 191, 91, 22; 149,667;149,666;149,664;148,663;147,661;145,660;144,659;142,658;141,657;140,657;138,656;137,656;135,656;134,656;132,656;131,658;131,659;131,660;131,662;132,663;132,665;133,666;134,668;135,669;136,671;138,672;139,673;141,673;142,673;144,674;146,674;147,674;149,673;150,673;151,672;152,670;152,669;152,667;152,666;152,665;153,663;
Specular reflection; POLYGON; 191, 91, 22; 190,610;188,609;187,609;185,608;184,608;182,608;181,609;180,611;179,612;179,613;180,615;180,616;180,618;181,619;182,621;183,622;184,623;186,623;187,623;189,622;190,621;191,619;191,618;192,616;192,615;192,613;191,612;191,611;191,609;
Specular reflection; POLYGON; 191, 91, 22; 258,643;259,644;259,645;260,647;260,648;260,650;260,651;261,653;261,655;262,657;262,659;263,660;263,662;263,663;264,665;264,666;265,668;265,669;266,671;266,672;266,673;267,675;267,676;268,678;269,679;270,680;272,681;273,681;275,682;276,682;278,681;278,679;279,677;279,676;279,674;280,673;280,671;280,670;280,669;280,667;280,666;281,664;281,663;282,661;282,660;283,658;283,657;283,656;282,654;281,653;280,651;279,650;278,648;276,647;275,645;274,644;273,642;272,641;270,640;269,638;267,638;266,637;264,637;263,637;261,638;261,640;260,641;258,642;257,641;
Specular reflection; POLYGON; 191, 91, 22; 212,593;212,592;212,590;212,588;211,587;210,585;210,584;209,582;207,581;206,580;204,580;203,579;201,579;200,580;198,580;197,581;195,581;194,582;193,583;192,585;192,586;193,588;195,589;196,590;198,591;199,592;201,593;202,594;204,594;205,594;207,594;208,594;210,593;211,593;213,592;
Specular reflection; POLYGON; 191, 91, 22; 142,574;143,574;145,573;145,571;146,570;146,568;146,566;146,565;145,563;145,562;145,560;144,559;142,557;141,556;139,555;138,555;136,554;135,554;133,554;132,554;130,554;129,554;128,553;126,552;125,552;123,552;122,553;120,553;119,553;117,554;116,555;114,555;113,556;111,557;110,558;108,558;109,560;110,561;111,563;113,564;114,565;117,567;118,567;120,568;122,569;123,569;125,570;126,570;128,571;129,571;130,571;132,572;133,572;135,573;136,573;138,573;139,574;141,574;142,574;
Specular reflection; POLYGON; 191, 91, 22; 118,544;117,545;115,545;114,545;113,546;111,546;110,546;108,547;107,547;105,548;104,548;102,548;101,549;99,549;98,550;96,550;95,550;94,550;92,549;91,549;90,547;88,546;87,544;85,543;84,542;83,540;82,539;81,538;80,536;79,535;78,533;77,532;76,530;75,529;74,527;74,526;74,524;73,523;73,522;75,521;76,520;78,520;79,519;80,519;82,519;83,520;85,520;86,520;88,520;89,521;91,521;92,522;94,523;95,525;96,526;98,527;99,529;99,530;100,532;101,533;103,535;104,536;105,538;107,539;108,539;110,540;111,540;112,540;114,541;115,542;117,543;
Specular reflection; POLYGON; 191, 91, 22; 87,695;86,694;84,695;83,696;81,697;80,699;80,700;79,702;79,703;80,704;81,706;82,707;83,708;85,708;86,708;88,708;89,707;90,706;91,704;92,702;92,700;92,699;92,698;92,696;91,695;
Specular reflection; POLYGON; 191, 91, 22; 468,618;467,620;467,621;466,623;466,624;466,625;466,627;466,628;466,630;466,631;467,633;469,634;470,634;472,634;473,633;475,632;476,631;477,629;478,628;479,626;479,625;479,623;
Specular reflection; POLYGON; 191, 91, 22; 574,624;572,625;571,626;569,627;568,628;566,629;565,630;563,631;562,631;560,632;559,633;557,633;556,634;554,634;553,634;551,635;550,635;549,635;547,635;546,634;546,632;546,631;547,629;549,629;550,628;552,628;554,627;556,626;557,626;559,625;
Specular reflection; POLYGON; 191, 91, 22; 405,622;407,621;408,621;409,620;410,618;410,617;410,615;409,614;409,612;409,611;408,609;406,608;405,607;403,607;402,608;400,609;400,611;399,612;399,614;400,615;400,617;399,618;399,619;
Specular reflection; POLYGON; 191, 91, 22; 319,376;318,375;316,377;315,379;315,380;315,381;315,383;315,384;315,386;315,387;315,389;315,391;315,393;315,394;315,395;315,397;315,398;315,400;315,401;315,403;315,404;315,406;315,407;315,409;316,410;316,412;316,413;316,415;316,416;316,418;317,420;317,421;317,423;318,424;318,425;318,427;319,428;320,430;321,431;322,433;323,434;325,435;326,437;328,437;328,436;329,434;329,433;329,432;329,430;329,429;329,427;329,425;329,423;329,422;329,420;329,419;329,418;329,416;329,414;329,413;329,411;330,410;330,408;331,407;331,405;332,404;333,402;335,402;336,401;337,400;339,399;339,397;339,396;339,395;339,393;339,392;339,390;339,389;338,387;337,386;336,384;335,383;333,382;332,382;330,381;329,380;327,379;326,377;325,376;324,374;322,373;321,373;319,372;
Specular reflection; POLYGON; 191, 91, 22; 359,269;358,269;356,269;355,270;353,270;352,271;350,272;349,273;347,273;346,274;344,275;343,276;341,277;340,279;340,280;341,281;342,283;344,284;345,285;347,286;349,286;350,286;352,286;354,286;356,286;358,286;360,285;361,285;363,285;365,284;366,284;368,284;370,284;371,284;373,284;374,284;376,283;377,283;379,283;380,283;382,283;384,283;385,283;387,282;388,282;390,282;391,281;393,281;394,281;396,281;397,280;399,280;401,278;403,278;404,277;406,277;407,277;409,276;410,276;412,275;414,274;417,274;419,273;420,272;422,272;423,272;425,271;427,271;428,271;429,270;431,270;433,269;434,269;436,269;437,268;439,268;441,268;442,267;444,267;445,266;447,266;449,265;451,265;452,264;454,263;456,263;457,262;459,261;461,261;462,260;464,260;465,259;467,259;468,258;470,258;471,257;473,257;474,256;476,255;477,255;478,254;480,253;482,252;484,251;485,251;486,250;488,249;489,248;491,246;492,245;493,243;493,242;492,240;491,239;490,237;489,236;487,236;486,235;484,235;482,235;480,235;479,235;477,235;476,235;474,234;473,234;472,234;470,234;469,234;467,234;466,234;464,235;463,235;462,235;460,235;459,235;457,235;455,235;453,235;451,236;450,236;448,236;446,236;445,236;444,236;442,236;441,236;439,236;438,236;436,236;435,236;433,236;432,237;431,237;429,237;428,238;426,238;425,238;423,238;422,239;420,239;418,239;416,240;415,240;413,241;412,242;410,242;409,243;408,243;406,244;405,245;403,245;402,245;400,246;400,248;400,249;400,251;402,252;403,253;405,254;406,254;408,253;409,253;410,253;412,252;413,252;415,252;416,251;418,251;419,251;421,251;422,250;423,250;425,250;426,250;428,250;429,249;431,249;432,249;434,249;436,248;438,248;440,248;442,248;443,248;445,248;447,247;448,247;449,247;451,247;453,246;455,246;456,246;458,246;459,246;461,246;462,246;463,246;465,246;466,246;468,246;469,246;471,246;472,246;471,248;470,249;468,249;467,250;465,251;464,251;462,252;460,253;458,253;456,254;454,254;453,255;451,255;450,255;448,256;446,256;445,256;443,257;442,257;440,257;439,257;437,258;436,258;435,259;433,259;432,260;430,260;429,261;427,261;425,262;424,263;422,263;420,264;419,264;417,265;415,265;413,265;412,265;410,266;409,266;407,266;406,267;404,267;403,267;402,268;400,268;399,269;397,269;396,270;394,270;393,270;391,271;390,271;388,271;387,271;386,272;384,272;383,272;381,273;380,273;378,273;376,274;375,274;373,274;372,274;370,275;369,275;368,275;366,275;364,276;363,276;361,276;359,276;358,277;356,277;355,275;356,274;357,272;358,271;360,269;
Specular reflection; POLYGON; 191, 91, 22; 303,326;304,325;306,325;307,325;309,324;310,324;311,324;313,324;314,324;316,324;317,325;318,326;318,328;317,329;316,330;314,331;313,332;311,333;310,334;308,335;307,335;305,336;304,336;302,337;301,338;299,338;298,339;297,339;295,339;294,340;292,340;291,340;289,341;288,341;286,342;285,343;283,344;282,344;280,345;279,345;278,346;276,347;275,347;273,347;272,348;270,348;269,349;267,349;266,350;264,350;262,350;261,351;259,351;258,352;256,352;255,352;254,353;252,353;251,353;249,353;248,354;246,354;244,354;243,354;241,355;240,355;239,355;237,355;235,356;234,356;232,356;230,357;229,357;227,357;226,358;224,358;223,358;221,358;220,359;219,359;217,359;216,360;214,360;213,360;211,361;209,361;208,362;206,362;205,362;203,363;202,363;201,363;199,363;198,363;196,363;194,362;193,362;191,362;190,361;188,361;187,360;186,359;186,357;187,356;189,354;190,353;192,353;193,352;196,351;197,350;199,350;201,349;203,348;204,348;206,347;207,347;209,346;210,346;211,345;213,345;214,344;216,344;217,344;219,343;220,343;222,342;223,342;225,342;226,341;228,341;230,340;232,340;234,339;235,339;237,339;238,338;239,338;241,338;242,337;244,337;246,337;247,336;249,336;251,336;252,335;254,335;255,335;257,335;258,334;259,334;261,334;263,333;264,333;266,333;267,333;269,332;271,332;272,332;274,332;276,332;277,332;278,332;280,331;281,331;283,331;284,331;286,330;287,330;289,330;290,329;292,329;293,329;294,328;296,328;297,327;299,327;300,327;
Specular reflection; POLYGON; 191, 91, 22; 220,347;218,347;217,347;215,348;214,348;212,348;211,348;210,348;208,348;207,348;205,348;204,348;202,348;201,349;199,349;198,349;197,349;195,350;194,350;192,350;191,350;189,350;188,350;187,350;185,350;184,351;182,351;180,351;179,351;177,351;176,352;174,352;173,352;172,352;170,352;169,352;167,352;166,351;164,351;163,350;161,350;160,349;158,349;157,348;155,347;154,345;153,344;152,342;150,341;149,339;148,338;147,337;145,335;144,335;142,334;141,334;140,334;138,334;137,334;135,334;134,334;132,334;131,336;130,337;130,339;130,340;130,342;131,343;131,344;132,346;134,347;135,348;136,349;138,350;139,351;141,352;142,353;144,354;145,355;147,356;148,357;150,357;151,358;153,358;154,359;156,360;157,361;159,361;160,361;161,362;163,362;164,363;166,364;167,365;169,365;170,366;172,366;173,366;175,367;176,366;178,366;179,366;180,366;182,366;183,365;185,365;186,365;188,365;189,364;191,364;192,364;193,363;195,363;196,362;198,362;200,361;201,360;203,360;204,359;206,358;208,358;209,357;211,357;212,356;214,356;215,356;217,355;219,355;
Specular reflection; POLYGON; 191, 91, 22; 301,305;299,306;298,307;296,307;295,307;293,308;292,308;290,308;288,308;286,309;285,309;284,309;282,309;281,310;279,310;278,310;276,310;274,311;273,311;271,311;270,312;269,312;267,312;266,313;264,313;263,313;261,314;260,314;258,314;257,315;255,315;253,315;251,315;249,316;248,316;246,317;245,317;244,317;242,318;241,318;239,318;238,319;236,319;234,319;233,320;231,320;230,320;229,320;227,320;226,320;225,322;224,323;225,324;227,324;228,324;229,324;231,324;232,324;234,324;236,324;237,323;239,323;241,323;242,323;244,323;246,322;247,322;249,322;250,321;252,321;254,321;255,320;257,320;259,320;260,319;262,319;264,319;266,318;268,318;269,318;271,317;272,317;274,317;275,317;277,316;278,316;280,315;282,315;283,315;284,314;286,314;287,313;289,313;290,312;292,312;293,311;295,311;296,310;298,309;
Specular reflection; POLYGON; 191, 91, 22; 307,257;305,257;304,257;302,257;300,257;298,257;297,257;296,258;294,258;293,259;291,260;290,260;288,261;287,262;285,263;284,263;282,264;281,265;279,265;278,266;276,267;275,268;273,268;272,269;270,269;268,270;267,271;265,271;264,272;262,273;261,273;259,274;257,274;256,275;254,276;252,277;251,277;249,278;248,279;247,279;245,280;244,281;242,281;241,282;239,282;238,283;236,283;235,284;233,285;232,286;230,287;229,288;228,290;227,291;227,293;227,294;229,295;230,295;232,295;233,295;234,294;236,294;237,294;239,293;241,293;242,293;244,292;245,292;247,291;249,290;250,290;252,288;254,288;255,287;257,287;258,287;260,286;261,286;263,285;264,285;266,284;267,283;269,282;271,281;272,280;274,280;275,279;277,279;278,278;280,277;281,276;283,275;284,274;286,273;287,272;289,271;290,270;291,270;293,269;294,268;296,268;297,267;299,267;300,267;302,267;303,266;305,266;306,265;308,264;308,263;309,261;308,260;
Specular reflection; POLYGON; 191, 91, 22; 214,278;212,279;211,279;209,280;207,280;205,280;201,281;198,281;196,282;193,282;190,283;188,284;185,284;183,285;181,285;180,286;178,287;176,287;175,288;173,290;171,291;170,291;167,292;166,293;165,293;163,294;161,295;159,296;158,297;157,297;155,298;154,299;152,300;151,300;149,301;148,302;146,304;145,305;145,307;146,307;148,308;149,307;151,307;153,307;155,307;157,306;158,306;161,304;163,304;166,303;169,301;172,300;175,300;177,299;180,297;182,297;184,296;186,295;188,295;190,294;192,293;194,293;196,292;198,292;199,291;201,290;203,290;204,289;206,288;208,287;210,285;211,285;213,284;214,283;216,282;217,281;218,281;
Specular reflection; POLYGON; 191, 91, 22; 195,323;194,322;193,322;191,322;190,323;188,323;187,324;186,326;185,327;185,329;187,330;189,331;190,331;192,331;194,330;195,330;197,329;198,328;199,326;200,325;
