Specular reflection; POLYGON; 191, 91, 22; 29,680;30,680;31,680;32,680;33,680;33,679;34,679;35,679;37,678;38,678;39,678;40,678;41,677;42,675;42,674;43,674;44,672;46,672;47,671;48,671;49,671;50,671;52,671;53,671;53,670;54,670;55,669;56,669;57,668;58,667;59,667;60,666;61,664;61,663;62,662;62,661;63,660;64,659;65,658;65,657;65,656;65,655;65,654;66,654;66,653;66,651;66,650;66,649;66,648;66,647;66,646;65,646;64,646;63,646;62,646;61,646;60,646;58,646;57,647;56,647;56,648;55,648;54,648;53,648;52,649;51,650;50,651;50,652;49,652;48,653;47,653;46,653;44,654;43,654;42,655;41,655;40,655;39,655;38,655;37,655;36,655;35,655;34,654;33,654;32,654;31,654;30,655;29,656;28,657;28,658;
Specular reflection; POLYGON; 191, 91, 22; 215,790;214,790;213,790;212,790;210,790;209,790;208,790;207,790;206,790;205,790;205,791;204,792;203,794;202,794;201,794;199,795;198,795;197,795;196,795;195,796;194,796;193,797;192,797;191,797;191,799;189,799;187,799;186,799;185,799;184,800;183,800;182,800;182,801;181,801;180,802;179,802;178,803;178,804;178,805;178,806;178,807;178,808;178,809;178,810;178,811;178,812;178,813;178,814;179,814;181,814;182,814;184,814;185,814;186,814;188,814;191,814;192,814;193,814;194,814;195,814;197,814;199,814;201,814;203,814;205,814;206,814;207,814;210,814;212,814;213,814;214,815;215,816;216,816;218,816;219,816;220,816;221,816;223,818;224,819;225,819;226,820;226,821;227,821;228,822;229,822;230,822;231,822;232,822;234,822;236,823;237,823;238,823;240,823;241,823;242,823;243,823;244,823;245,823;246,824;247,824;248,824;249,824;250,824;251,824;252,824;253,824;254,824;256,823;257,823;258,823;259,823;260,823;262,823;264,823;265,823;266,823;268,823;269,823;270,823;271,823;272,823;273,823;274,823;275,823;276,823;277,823;279,823;280,823;281,823;282,823;283,823;284,823;285,823;286,823;288,823;289,823;290,823;291,823;292,823;293,823;294,823;295,823;295,822;296,822;296,821;297,821;298,820;299,820;300,819;301,819;302,819;303,818;305,817;306,815;306,814;307,814;307,813;307,812;307,811;307,810;307,808;307,807;307,806;307,805;307,804;307,803;307,802;307,801;307,799;306,799;304,799;302,799;299,798;296,798;294,796;291,796;290,796;289,796;288,795;288,794;288,793;288,792;287,790;287,789;287,788;287,787;285,786;284,785;283,785;282,785;281,785;279,785;277,785;276,785;274,785;273,785;272,785;271,785;270,785;267,785;266,785;265,786;264,786;263,786;261,787;260,787;259,788;258,788;256,788;255,788;254,788;254,789;253,790;252,792;252,793;252,794;252,795;251,796;251,797;251,798;251,799;249,800;248,800;247,800;245,800;244,800;243,800;242,800;241,800;241,801;240,801;239,801;238,801;236,801;235,801;234,801;233,801;232,801;231,801;230,801;229,801;227,800;226,800;225,799;225,798;225,797;224,796;223,796;223,795;223,794;222,793;221,791;220,791;220,790;219,790;218,790;216,789;215,789;213,789;210,789;209,789;208,789;
Specular reflection; POLYGON; 191, 91, 22; 220,857;218,856;217,855;216,855;215,855;214,855;213,855;212,855;211,855;210,855;209,855;207,856;206,856;204,857;203,858;202,859;201,859;201,860;201,863;201,864;200,864;200,865;199,867;198,867;197,867;196,867;195,867;194,867;193,867;191,867;190,867;189,867;188,867;188,868;188,869;188,870;188,871;188,872;188,873;188,874;188,875;188,876;188,877;190,877;191,878;192,879;194,881;194,882;195,882;196,882;197,883;198,883;199,883;200,883;202,883;203,883;203,884;204,884;205,884;206,884;207,884;208,884;209,884;210,884;211,884;212,884;213,884;214,884;215,884;216,884;217,884;219,884;220,884;221,884;222,884;223,884;224,884;226,884;227,884;228,884;229,884;230,884;231,884;232,884;233,884;234,884;235,884;237,883;238,883;240,882;240,881;241,881;241,880;242,880;243,879;244,879;245,879;246,878;246,877;248,877;249,877;251,877;252,877;253,877;254,877;255,877;256,877;257,877;259,877;260,877;261,877;262,877;263,877;264,877;264,876;265,875;266,875;267,875;269,875;270,875;271,875;272,875;273,875;274,875;275,875;276,875;276,874;277,874;278,873;279,873;279,872;279,871;279,870;279,869;279,868;279,867;279,866;279,865;279,864;279,863;279,862;279,861;278,861;277,860;276,859;272,857;268,856;266,856;264,856;263,856;261,856;260,856;259,856;258,856;256,856;255,856;253,856;252,856;250,856;249,856;248,856;247,856;245,855;244,855;243,855;242,855;241,855;240,854;239,854;238,854;237,854;235,854;232,854;231,854;230,854;229,854;228,854;227,854;225,853;224,853;223,853;222,853;221,853;219,853;218,853;217,853;
Specular reflection; POLYGON; 191, 91, 22; 239,879;240,879;241,879;242,879;242,880;243,880;244,880;245,880;246,880;247,880;248,880;249,880;250,880;251,880;252,880;253,880;254,880;255,880;256,880;257,880;259,880;262,880;263,880;264,880;265,880;266,880;267,879;267,878;267,877;267,875;267,873;267,872;267,871;266,871;265,871;264,871;263,871;262,871;261,872;260,872;
Specular reflection; POLYGON; 191, 91, 22; 335,853;334,853;333,853;332,853;331,853;329,853;328,853;327,853;326,854;326,855;326,856;325,856;325,857;324,857;324,858;324,859;323,860;323,861;323,862;323,863;323,864;322,864;322,866;322,867;322,869;322,870;322,871;322,872;324,874;325,875;327,875;328,875;330,877;331,877;332,879;333,880;334,880;335,880;335,881;336,881;336,882;337,882;338,882;340,882;341,882;342,882;343,882;344,882;345,882;346,882;348,882;349,882;350,883;351,883;352,883;354,883;355,883;357,883;358,883;359,883;360,883;361,883;362,883;363,882;364,882;364,881;364,880;364,879;364,878;365,877;366,876;366,875;367,874;367,873;367,872;367,871;368,870;368,869;368,868;369,867;369,866;370,866;370,865;371,863;372,862;372,861;373,861;373,859;373,858;373,857;373,856;373,855;373,853;373,852;373,851;373,850;373,849;373,848;373,846;373,845;373,844;373,843;373,842;373,841;373,840;373,839;372,839;370,839;368,839;367,839;365,840;364,840;364,841;363,842;362,842;362,843;361,843;361,845;361,846;361,847;360,847;360,849;359,850;358,851;358,852;357,853;357,854;357,855;357,856;357,857;356,858;355,858;354,858;352,858;351,858;348,858;347,858;343,858;342,858;340,858;339,858;338,858;337,858;336,858;335,856;334,856;332,855;330,854;329,853;329,851;329,850;329,849;
Specular reflection; POLYGON; 191, 91, 22; 321,494;319,494;318,494;316,494;315,494;314,495;312,496;312,497;311,497;311,498;311,499;311,500;310,503;309,504;309,505;309,506;308,507;308,508;308,510;308,511;308,512;308,513;308,514;308,515;308,516;308,517;308,518;308,519;309,519;309,520;310,520;311,521;312,521;313,521;314,521;315,523;316,523;318,524;319,524;320,524;321,524;322,524;323,524;324,524;324,522;325,522;325,521;326,521;326,520;327,520;328,520;329,520;331,518;332,518;332,517;333,516;333,515;334,515;335,514;335,512;335,511;335,509;335,508;335,507;335,506;335,505;335,504;334,503;334,502;332,502;331,501;330,501;329,501;329,500;328,499;328,498;328,497;327,496;326,496;326,495;325,494;325,493;324,492;323,492;322,492;321,490;320,490;317,491;
Specular reflection; POLYGON; 191, 91, 22; 774,596;773,596;772,596;771,596;770,596;768,596;767,596;765,596;762,596;761,596;760,596;759,596;758,596;757,596;756,596;754,596;752,596;751,596;750,596;749,596;748,596;747,595;745,594;743,593;741,593;740,593;739,592;738,592;737,592;737,591;736,591;735,589;734,589;732,588;732,587;731,586;730,586;729,585;729,584;729,583;729,582;729,581;728,580;728,579;728,577;728,576;728,575;728,574;728,573;728,572;728,570;728,569;729,568;729,567;730,566;731,565;731,564;731,563;731,562;732,561;733,561;734,561;734,560;735,560;735,559;735,558;735,557;735,556;735,555;735,554;735,553;735,552;735,551;735,550;734,549;733,548;732,547;732,546;732,545;732,543;732,542;731,542;731,541;731,540;731,539;731,538;732,536;732,533;732,532;733,531;733,530;735,529;735,528;735,527;735,526;736,524;736,523;737,522;738,520;739,520;741,520;742,520;743,520;744,520;745,520;746,520;747,520;748,520;749,520;750,520;751,521;752,521;753,522;754,522;755,522;756,523;757,523;757,524;758,525;758,526;759,526;759,527;760,527;761,528;762,528;763,528;764,528;765,528;767,528;768,528;769,528;770,528;771,528;772,528;773,529;775,529;776,529;776,530;777,531;778,532;779,532;780,532;781,533;781,534;782,534;783,535;784,535;785,537;785,538;787,539;787,540;788,540;788,541;789,541;791,542;792,542;793,543;793,544;794,544;795,546;796,546;797,547;797,548;797,549;797,550;797,551;797,552;797,553;797,554;797,555;796,556;794,557;793,557;792,557;791,559;789,560;789,561;788,562;788,563;788,564;788,565;788,566;788,567;788,568;788,569;788,570;788,571;788,572;788,573;788,574;788,575;788,576;788,577;788,578;788,579;788,580;788,582;787,583;787,584;787,585;787,586;786,587;786,588;785,589;785,590;785,591;784,591;783,592;783,594;782,595;781,595;780,596;779,596;778,596;777,596;776,596;775,596;774,596;773,596;772,596;771,596;770,596;769,596;768,596;767,596;766,596;
Specular reflection; POLYGON; 191, 91, 22; 940,484;939,484;937,484;936,484;936,483;935,483;934,483;933,483;932,483;932,482;930,481;929,480;929,479;929,478;928,477;927,474;926,474;926,472;926,471;925,470;924,469;924,468;922,466;921,465;920,465;919,464;918,464;916,462;915,461;915,460;915,459;915,458;915,457;915,456;915,455;915,454;916,454;916,453;918,453;919,453;921,452;922,452;923,452;924,452;925,450;925,449;925,448;925,447;926,447;927,447;928,447;929,447;930,447;931,447;932,447;933,448;934,448;935,448;936,450;937,450;937,451;938,451;938,452;940,453;941,453;942,453;943,454;944,454;945,454;946,454;947,456;948,456;949,456;950,456;951,456;952,457;953,457;954,457;955,457;956,458;956,459;957,459;957,460;958,461;960,462;962,463;964,464;965,464;965,465;965,466;965,467;965,468;965,469;965,471;965,472;964,473;964,474;964,475;962,477;961,478;960,478;959,479;959,480;958,480;957,481;957,482;957,483;956,483;955,483;953,483;952,483;952,484;951,484;950,484;949,484;948,484;946,484;945,484;944,484;942,484;941,484;940,484;939,484;938,484;937,484;
Specular reflection; POLYGON; 191, 91, 22; 865,685;864,685;863,685;861,687;860,688;859,689;858,690;858,691;858,692;858,693;858,694;858,695;858,696;858,697;860,698;860,699;860,700;861,700;861,701;861,703;861,704;861,705;861,707;861,708;861,710;861,712;862,713;862,714;862,715;862,716;862,717;862,718;862,719;862,720;861,721;860,721;860,722;859,723;859,724;858,724;857,724;856,726;855,726;855,727;854,727;854,728;852,730;851,731;850,731;849,731;849,732;849,733;849,734;849,735;849,737;849,738;849,739;849,740;849,741;849,742;849,743;849,744;849,745;849,746;849,747;849,748;849,749;849,750;849,751;849,752;849,753;849,754;849,756;849,757;851,759;852,759;853,760;854,760;855,760;857,760;858,760;860,760;861,760;862,760;863,759;864,759;865,759;866,759;867,758;868,757;869,757;870,756;871,756;873,756;875,756;876,756;878,756;879,756;880,754;881,754;882,753;883,753;884,753;885,753;885,752;886,752;887,751;889,750;889,749;891,749;892,749;893,748;895,748;897,747;898,747;899,747;900,746;902,745;902,744;903,744;903,743;904,743;904,742;904,741;906,740;906,739;906,738;906,737;906,736;906,735;907,733;907,731;907,730;907,729;907,728;907,727;907,726;907,725;907,724;907,723;905,721;904,720;903,718;902,717;901,717;900,717;899,716;898,716;897,715;897,714;896,713;896,712;896,711;896,710;896,708;896,707;897,706;898,705;898,704;898,702;899,702;900,701;900,700;901,699;901,697;902,696;904,695;905,694;906,693;906,691;906,689;904,688;901,686;899,684;896,682;894,681;893,681;893,680;891,680;890,680;888,679;887,679;886,679;885,678;885,677;884,677;883,677;882,677;881,677;880,677;878,678;877,678;877,679;876,679;875,679;874,679;873,679;872,679;871,680;870,680;869,681;868,681;868,682;868,683;867,684;867,685;866,685;866,687;865,687;864,687;
Specular reflection; POLYGON; 191, 91, 22; 679,411;680,411;681,411;682,411;684,410;685,410;686,410;686,409;687,409;688,409;689,409;690,409;691,409;692,409;693,409;694,409;695,408;696,408;697,408;698,408;699,408;700,408;701,408;701,407;702,406;702,405;703,404;704,403;705,403;707,402;708,402;710,402;711,401;712,401;713,401;714,400;716,399;718,399;719,399;720,399;721,399;722,398;723,398;724,397;724,396;724,394;724,393;724,392;724,391;724,390;724,388;724,386;724,385;724,384;724,383;724,382;724,381;723,380;722,379;721,379;720,378;719,378;718,378;717,378;715,378;714,378;713,378;712,378;711,378;710,378;709,378;708,378;706,378;705,378;703,378;702,378;700,378;699,378;697,378;696,378;695,378;694,379;692,379;691,379;690,379;689,379;688,379;687,380;687,381;686,381;685,381;685,382;683,382;682,382;681,382;680,383;679,383;678,383;677,383;676,383;676,384;675,384;675,385;674,385;673,385;672,385;671,386;671,387;669,388;668,388;668,389;667,389;666,391;666,392;666,393;666,394;665,395;665,396;665,397;664,399;664,400;663,400;663,401;663,403;663,404;663,405;663,406;663,407;663,408;664,409;665,409;666,409;667,409;669,409;670,410;671,410;672,410;673,410;674,411;675,411;676,411;677,411;679,411;681,411;682,411;683,412;684,412;685,412;686,412;689,413;692,413;695,414;
Specular reflection; POLYGON; 191, 91, 22; 40,680;39,680;38,680;37,680;36,680;35,680;34,680;33,680;32,680;31,680;30,680;29,681;28,681;27,682;26,682;25,682;24,683;23,684;20,686;20,687;19,687;18,687;17,687;16,688;15,688;13,688;12,688;11,688;10,688;9,688;8,688;7,688;6,688;5,688;4,688;3,688;2,688;2,687;2,685;2,684;2,683;2,682;2,681;2,679;2,678;2,677;2,676;2,675;2,674;2,673;2,672;2,671;2,670;2,669;2,668;3,667;4,666;4,665;5,664;6,663;8,662;8,661;9,661;10,661;11,661;12,659;13,658;14,658;15,658;16,657;18,656;20,656;21,656;22,655;23,654;24,654;25,654;26,653;27,653;28,653;29,653;30,653;31,653;33,653;34,653;35,653;37,653;38,653;39,653;40,653;
Artery, ICG; POLYGON; 34, 177, 76; 1,445;1,446;1,447;1,448;2,449;2,450;4,451;4,453;5,453;6,454;7,455;7,456;8,456;8,457;9,458;10,458;10,459;11,459;12,460;13,460;13,461;14,461;15,461;16,463;17,463;18,463;18,464;18,465;19,466;19,467;21,468;21,469;22,470;22,471;22,472;23,472;23,473;24,473;24,474;25,475;25,476;25,477;27,479;27,480;28,480;28,482;28,483;29,484;29,485;30,486;31,486;31,487;31,488;32,489;32,490;33,490;33,491;34,492;34,494;35,494;35,495;37,495;37,496;38,497;38,498;39,499;40,500;40,501;41,501;42,501;43,502;44,502;45,502;46,502;47,502;49,503;50,504;51,504;53,505;54,505;55,505;56,506;57,506;59,506;60,506;62,507;63,507;65,508;66,509;67,509;68,509;70,511;70,512;71,512;74,513;75,513;76,513;77,514;78,514;79,514;80,516;82,516;83,517;84,518;85,518;86,518;86,519;87,519;88,520;89,521;91,523;92,524;93,524;95,525;96,526;97,526;99,528;100,528;101,530;102,530;103,531;104,531;106,532;107,532;108,532;110,533;112,533;113,533;113,534;114,534;115,535;115,536;116,536;118,537;119,538;120,538;121,538;122,539;123,539;123,540;124,540;126,540;126,542;127,543;129,543;130,543;130,544;132,545;133,545;134,545;135,545;135,546;136,546;137,546;138,548;140,549;142,550;143,550;144,550;145,550;145,551;146,551;147,551;148,552;149,552;151,552;153,552;154,552;155,554;156,554;157,554;158,554;158,555;160,555;161,555;162,555;164,556;165,556;166,556;167,556;168,556;170,557;171,557;173,558;174,558;175,559;176,559;177,559;177,560;178,561;179,561;180,561;181,561;182,561;183,561;185,562;186,562;187,562;188,562;189,563;190,563;192,564;193,565;194,565;195,565;196,565;197,565;198,565;199,565;200,565;201,566;202,566;203,566;204,566;205,566;206,566;207,566;209,566;210,566;212,566;213,566;215,566;216,566;217,566;218,566;219,566;220,566;221,566;222,566;223,566;225,566;227,565;227,564;228,564;229,564;230,564;231,563;232,563;233,563;234,563;235,563;236,563;237,563;238,562;239,562;240,562;241,562;242,561;244,561;245,561;247,561;248,561;249,561;250,561;250,560;251,560;252,559;253,558;255,558;256,558;257,558;258,558;259,558;260,558;262,558;263,558;266,558;267,557;268,557;269,557;270,557;271,557;272,557;274,557;275,557;276,557;278,557;279,557;280,557;281,557;282,557;283,557;284,557;285,557;286,556;287,556;288,555;289,555;290,555;291,555;292,555;293,555;295,555;296,555;297,555;298,555;299,555;300,555;301,555;302,555;304,555;305,555;306,555;307,554;308,554;309,554;310,553;312,553;313,552;315,552;316,552;319,551;321,551;323,551;323,550;324,550;325,550;326,550;327,550;328,550;328,549;329,549;331,549;333,548;334,548;335,548;337,548;339,547;339,546;340,546;341,546;343,546;345,544;346,544;347,544;348,543;349,543;350,543;351,543;352,542;353,542;355,542;356,541;356,540;358,540;359,540;360,540;361,540;362,540;362,539;363,539;365,539;366,539;367,539;368,539;370,538;371,537;372,537;374,537;375,536;376,536;377,535;378,534;379,534;380,534;381,534;381,533;382,533;383,533;384,532;385,530;386,530;387,528;388,527;389,527;390,526;391,525;392,524;393,524;394,522;394,521;394,520;394,519;395,519;395,518;396,518;397,517;397,516;397,515;398,515;398,514;398,513;400,512;400,511;400,510;401,509;401,508;402,507;402,506;402,505;403,504;403,502;404,501;404,500;405,500;405,499;405,498;405,497;406,497;406,495;407,495;408,494;408,492;409,491;409,490;411,490;411,489;411,488;411,487;411,486;411,485;412,484;412,483;412,482;412,481;412,480;412,479;413,478;413,477;413,476;413,475;413,474;413,472;414,471;414,470;414,469;414,468;414,466;414,465;414,464;414,463;414,462;414,460;414,459;414,458;414,457;414,456;414,455;415,453;416,452;416,450;416,449;416,448;416,446;417,445;417,444;417,443;418,442;419,440;419,439;419,438;420,437;420,436;421,434;421,433;422,433;423,432;423,431;423,430;424,429;424,428;424,427;424,426;425,426;425,425;426,423;427,423;427,422;427,421;428,420;428,418;428,417;428,416;429,416;430,415;430,414;431,412;432,411;433,411;433,410;433,409;434,408;435,408;436,407;437,406;437,405;438,405;438,404;440,403;440,401;441,401;443,399;444,398;445,398;446,398;446,397;447,396;448,395;449,394;450,393;450,392;451,392;452,390;452,389;453,388;454,388;455,386;456,386;457,384;458,383;459,383;460,382;461,382;461,381;462,381;464,381;466,381;467,381;469,381;473,381;476,381;480,381;482,381;485,382;488,382;492,384;493,384;495,386;498,388;500,389;502,392;504,393;507,395;508,396;509,397;509,398;510,398;511,401;511,402;512,403;512,405;514,407;514,408;515,412;517,415;520,419;520,421;521,421;521,422;522,424;523,427;523,429;524,433;524,434;526,435;526,438;526,440;526,442;527,446;528,447;528,449;529,452;530,452;531,455;532,458;534,462;534,463;536,467;536,469;536,472;536,474;537,479;537,480;539,482;539,483;539,485;539,486;539,487;540,488;542,490;542,491;542,492;542,493;543,494;544,495;545,497;546,498;546,499;548,501;548,503;549,504;550,506;550,507;551,509;552,510;552,511;552,512;553,512;553,513;553,514;554,515;554,516;555,517;555,518;556,519;556,520;556,521;557,522;558,523;558,524;559,525;559,526;559,527;559,528;559,529;559,530;560,531;561,532;561,533;561,534;562,535;562,536;562,537;562,538;564,539;564,540;564,541;564,542;564,544;564,546;565,547;565,548;566,549;566,550;566,552;566,553;566,554;566,555;566,556;566,557;566,558;566,559;566,560;566,561;566,562;566,563;566,564;566,565;566,566;566,567;566,568;566,570;566,571;566,572;565,572;564,573;563,573;563,574;562,575;562,576;561,576;561,577;560,578;559,578;559,579;558,579;558,580;557,581;557,582;556,582;554,583;553,583;552,583;552,584;550,585;550,586;549,587;549,588;548,588;548,589;547,591;547,592;547,593;547,594;547,595;547,597;546,598;546,599;546,601;545,601;544,602;544,603;544,604;544,605;543,608;541,610;540,610;539,611;538,613;537,615;537,616;535,617;534,619;534,620;533,621;533,622;532,623;531,624;530,624;528,626;528,627;527,628;526,629;526,630;525,631;525,632;524,633;524,634;524,635;522,636;521,638;520,638;520,639;519,639;519,640;518,641;518,642;517,642;516,643;515,644;514,644;514,645;513,645;512,647;511,648;510,648;509,649;508,650;507,650;507,651;506,651;505,652;504,652;504,653;503,654;502,654;501,655;500,656;500,657;499,657;498,658;497,660;496,661;495,662;494,662;493,663;492,665;491,666;490,667;489,668;488,670;487,671;486,671;486,672;485,673;485,674;484,674;483,675;482,675;482,676;482,677;481,677;481,678;480,678;479,679;479,680;478,681;477,681;476,683;475,684;473,686;472,687;471,688;470,689;469,690;468,690;467,690;466,692;465,692;465,693;464,693;463,693;463,695;462,696;461,696;460,696;457,698;457,699;456,700;455,700;454,700;453,702;452,703;451,704;450,705;449,706;448,706;447,707;446,709;445,709;443,710;441,710;440,711;439,712;438,712;437,712;437,713;436,714;436,715;435,715;433,716;432,716;431,716;431,717;430,717;429,718;428,718;427,718;426,718;425,718;424,718;423,719;422,720;422,721;421,721;420,721;419,721;418,722;417,722;416,722;415,722;414,723;414,724;413,724;412,724;411,724;411,725;411,726;410,726;408,727;407,728;406,728;406,729;404,730;403,732;402,732;401,732;400,732;398,733;397,733;396,733;395,734;394,734;393,734;393,735;392,735;391,735;390,736;389,736;388,736;387,738;386,738;385,738;383,738;382,739;381,739;380,739;379,739;377,739;376,740;374,740;373,741;372,741;371,741;370,741;369,741;368,741;367,742;365,742;364,742;364,743;362,743;361,743;360,743;360,744;358,744;357,745;355,745;354,746;353,746;351,747;350,747;349,747;348,749;346,749;345,749;344,749;343,750;342,750;340,750;339,750;337,750;336,750;335,750;334,750;333,751;332,751;331,751;330,751;329,751;328,751;326,751;325,752;324,752;323,752;322,752;321,752;320,752;319,752;317,752;316,752;314,753;314,754;312,754;311,754;309,756;308,756;306,756;305,757;304,757;303,757;302,757;301,758;299,758;298,758;297,758;296,758;295,759;294,759;293,759;292,759;290,760;288,760;287,760;286,761;285,761;282,762;281,762;280,762;279,762;277,762;276,762;275,762;274,762;274,763;272,763;270,764;269,764;268,764;267,764;266,764;265,764;264,764;263,764;262,764;260,765;259,765;257,765;255,765;255,766;254,766;253,766;252,766;251,766;250,766;247,767;244,767;241,767;240,767;239,767;237,767;235,767;234,767;233,768;232,768;231,768;229,768;227,768;226,768;225,768;224,768;222,768;221,768;220,768;217,768;215,768;213,768;211,767;210,767;209,767;208,766;207,766;206,766;205,765;204,765;203,764;202,764;200,764;199,763;198,763;195,763;194,763;194,761;193,761;192,761;191,761;188,760;187,759;186,759;185,759;184,759;183,759;182,759;181,758;180,758;179,758;177,758;174,758;173,758;172,758;170,758;168,758;167,757;165,757;164,757;163,757;162,757;161,757;159,756;158,756;156,756;153,756;152,756;151,756;150,756;149,756;147,755;146,754;145,754;144,754;143,754;142,754;141,754;140,754;138,754;137,754;136,753;135,753;134,753;133,753;132,753;131,753;130,753;129,753;128,753;127,753;126,753;124,752;122,752;121,752;118,752;116,752;115,752;114,752;113,752;111,752;110,752;108,752;107,752;104,752;102,752;101,752;99,752;98,752;97,752;96,752;94,752;93,752;91,752;90,752;89,752;88,752;87,752;86,753;85,753;83,753;82,754;80,755;80,756;79,756;78,756;77,757;76,757;75,757;73,758;72,758;71,758;70,758;68,759;66,760;65,760;63,760;62,762;60,763;58,763;57,763;57,764;56,764;54,764;53,764;52,764;51,764;49,764;48,764;47,764;46,764;44,764;42,764;39,764;37,764;36,764;35,764;35,765;34,765;33,765;32,766;31,766;30,766;28,767;27,768;26,768;24,769;23,769;22,770;21,770;21,771;20,771;19,771;19,772;18,772;17,774;16,775;15,775;14,775;13,775;12,775;11,775;9,775;8,775;7,775;6,775;4,774;3,774;3,773;3,772;3,771;3,770;3,769;3,767;3,766;3,765;3,764;3,762;3,761;3,759;3,757;3,756;3,755;3,754;3,753;3,752;3,751;3,750;3,749;3,748;3,747;3,745;3,743;3,742;3,739;3,738;3,737;3,736;3,735;3,733;3,732;3,731;3,730;3,729;3,728;3,726;3,725;3,724;3,723;3,722;3,721;3,719;3,718;3,717;3,716;3,715;3,714;3,713;3,712;3,711;3,710;3,709;3,708;3,707;3,706;3,705;3,704;3,703;3,702;4,701;4,700;4,699;4,698;4,697;4,696;4,695;4,693;5,693;5,692;5,691;5,690;7,689;7,688;8,687;8,686;9,686;10,686;11,686;12,686;13,685;14,685;15,685;16,685;17,684;18,684;19,684;20,683;21,683;22,682;23,682;24,682;25,682;26,682;27,681;28,680;29,679;30,679;31,679;32,678;33,678;34,678;35,678;36,678;37,678;38,677;39,677;40,677;41,677;42,676;43,675;44,674;45,673;46,672;47,671;48,670;49,669;50,669;52,668;52,667;53,666;54,665;55,665;56,664;57,663;58,663;59,663;60,662;61,661;62,661;63,660;64,660;65,659;65,658;66,657;67,657;67,656;67,655;68,654;68,653;68,652;69,651;70,649;70,647;70,646;70,645;71,645;71,644;70,642;70,641;69,641;68,641;67,641;66,641;65,642;63,643;62,643;62,644;61,645;60,645;59,646;58,646;57,646;55,648;55,649;54,649;53,649;52,649;50,650;48,650;47,650;46,650;45,650;45,651;44,651;43,651;42,651;41,651;40,651;38,651;37,651;36,651;35,651;34,651;32,651;31,651;30,651;29,651;28,651;27,651;25,651;24,651;22,651;21,651;20,652;19,652;18,652;17,652;16,654;15,654;13,654;12,656;11,656;11,657;10,657;9,658;8,659;7,660;7,661;6,661;4,660;
Artery, ICG; POLYGON; 34, 177, 76; 528,620;529,620;530,620;532,619;532,618;533,618;534,618;535,617;536,617;537,615;538,614;539,614;540,614;541,614;542,613;543,612;544,612;545,612;546,612;546,611;547,611;548,611;549,611;550,610;551,610;552,610;553,610;554,609;556,609;557,609;558,609;560,609;561,608;562,608;563,607;564,607;565,607;566,607;568,607;570,607;572,606;573,606;575,606;576,606;577,606;578,606;578,604;580,603;580,602;581,602;582,602;583,602;584,601;585,601;586,601;587,601;587,600;588,600;588,599;589,599;590,599;591,599;591,597;592,597;593,596;594,595;596,594;597,593;598,593;599,592;599,591;601,591;602,591;603,591;606,590;607,590;608,590;610,590;612,589;613,588;614,588;615,588;615,587;616,586;616,585;617,585;618,584;619,584;620,584;622,583;623,582;624,582;625,582;626,582;626,581;627,581;629,579;631,578;633,577;634,577;635,577;635,576;637,576;638,576;639,575;641,573;643,573;646,573;647,572;649,571;650,571;651,570;652,569;653,569;654,569;656,569;659,568;661,567;661,566;662,566;664,566;665,566;666,566;667,566;667,565;669,565;670,565;671,565;672,565;673,565;675,565;676,565;677,565;678,565;679,565;680,565;681,565;683,565;684,565;686,565;687,565;688,565;689,565;690,565;691,565;693,565;694,565;695,565;696,565;697,565;698,565;699,565;700,565;701,565;702,565;703,565;704,566;705,566;706,566;707,566;708,566;709,567;710,567;711,567;713,568;714,568;715,568;716,568;718,568;719,568;720,568;721,568;722,568;723,568;724,566;725,566;725,565;726,565;726,563;727,562;728,560;728,559;728,558;728,557;728,556;729,554;729,553;729,552;730,552;731,551;732,550;732,549;732,548;732,547;732,546;732,545;732,544;732,543;732,542;732,540;731,538;731,537;731,535;731,534;730,533;730,532;730,531;730,530;730,529;730,528;730,527;731,526;732,525;733,524;734,524;734,523;735,523;736,523;737,523;738,522;739,521;741,521;742,521;743,521;744,521;746,521;747,521;749,521;751,521;752,521;753,521;754,521;755,521;757,521;758,521;759,521;760,521;760,523;761,523;762,524;763,525;764,526;764,527;765,527;766,527;767,527;769,528;770,529;770,530;771,530;771,531;772,531;773,531;775,532;776,532;776,533;777,533;778,533;780,533;781,533;782,533;783,533;784,534;785,534;785,535;786,536;786,537;787,538;787,539;788,539;788,540;789,540;789,542;790,544;791,545;792,545;794,547;795,548;795,549;795,550;797,550;798,550;799,550;801,550;802,550;803,550;805,550;807,550;808,550;810,550;811,550;812,550;813,550;814,550;815,550;817,550;818,550;820,550;821,550;822,550;824,550;825,550;826,550;828,551;829,551;831,552;833,552;835,552;838,554;841,554;843,554;845,554;846,554;847,554;848,556;849,556;852,556;853,556;854,556;855,557;856,557;858,557;859,557;862,557;865,558;867,559;868,559;869,559;870,559;871,559;872,559;875,560;876,560;878,562;879,562;880,562;881,562;881,563;882,563;884,564;885,564;886,564;888,565;891,566;893,568;894,568;895,568;897,568;898,568;900,570;902,570;903,570;905,570;906,570;908,570;909,571;910,571;911,571;913,572;914,572;916,572;917,572;918,572;919,572;920,574;923,574;924,574;926,574;927,574;928,574;931,574;933,574;936,574;937,574;938,574;940,575;941,575;945,576;947,576;948,577;950,577;951,577;953,577;955,578;956,578;957,578;958,578;959,578;961,578;961,580;962,580;963,580;964,581;967,582;969,582;971,583;972,583;973,583;974,584;975,584;976,584;977,584;978,584;979,584;980,584;981,584;982,585;983,586;984,586;985,586;986,586;987,586;988,586;989,586;990,586;991,586;993,586;994,586;995,586;997,587;998,587;1000,587;1001,587;1002,587;1003,587;1004,587;1005,587;1006,587;1007,587;1008,587;1008,588;1009,588;1010,588;1011,588;1012,588;1013,588;1014,588;1015,588;1015,587;1015,586;1015,585;1015,584;1015,583;1015,582;1015,580;1015,579;1015,578;1015,576;1015,575;1015,574;1015,573;1015,572;1015,571;1014,570;1013,569;1013,568;1013,567;1013,566;1012,565;1012,564;1012,563;1012,562;1011,561;1011,560;1011,559;1011,558;1011,557;1011,556;1009,554;1009,553;1009,552;1009,551;1009,550;1009,548;1009,547;1009,546;1009,545;1009,544;1008,542;1008,541;1008,540;1008,539;1008,538;1008,536;1008,534;1008,533;1008,532;1008,530;1008,529;1008,528;1008,527;1008,526;1008,525;1008,523;1008,522;1008,520;1008,518;1008,517;1008,516;1008,515;1008,513;1008,512;1008,511;1008,510;1008,507;1008,506;1008,505;1008,504;1008,503;1008,502;1008,499;1008,498;1008,494;1008,492;1008,491;1007,490;1006,487;1006,486;1006,485;1004,482;1004,481;1003,480;1002,479;1001,478;1000,476;999,476;999,475;998,475;996,475;995,475;994,473;993,473;990,473;989,473;988,473;987,473;985,473;984,473;983,473;982,473;980,473;979,473;978,473;977,473;976,473;975,473;974,474;973,474;972,476;971,476;971,477;970,477;969,479;968,479;967,480;966,480;965,480;963,480;961,481;960,481;959,481;958,481;957,481;956,481;955,481;953,481;952,481;951,481;949,481;948,481;947,481;946,481;945,481;944,481;943,481;941,481;940,481;939,481;938,481;936,481;935,481;933,480;932,480;930,479;929,479;928,479;927,478;926,478;925,478;924,476;924,475;923,475;923,474;923,473;922,472;921,471;921,469;921,468;920,467;920,466;920,465;919,464;917,462;916,461;914,461;913,461;912,460;912,459;912,457;913,456;913,455;913,454;914,453;914,452;916,452;917,451;917,450;917,449;918,449;919,449;920,449;921,449;922,449;923,449;924,449;926,449;927,449;928,449;929,449;930,449;931,449;932,450;933,450;934,450;935,450;936,450;939,450;940,451;941,451;942,451;943,452;944,452;946,454;947,454;949,455;951,456;952,457;953,458;954,459;955,459;956,459;957,459;959,459;961,459;962,459;963,459;964,459;965,459;968,458;969,458;972,457;974,457;975,455;976,455;977,453;978,453;979,453;981,453;982,453;986,452;988,451;989,451;990,451;991,450;991,449;992,449;993,449;994,449;995,448;995,447;996,446;997,445;997,444;998,442;999,441;999,440;999,439;1000,438;1000,436;1000,434;1000,433;1000,432;1000,430;1000,429;1001,428;1001,427;1001,426;1001,425;1001,424;1001,421;1001,419;1001,416;1001,415;1001,413;1001,412;1001,410;1001,409;1001,407;1001,406;1001,405;1001,403;1001,402;1001,401;1001,400;1001,398;1001,397;1001,396;1001,395;1001,394;1001,392;1001,391;1001,390;1001,389;1001,388;1001,386;1001,385;1002,384;1002,383;1002,382;1003,381;1003,380;1003,379;1004,378;1004,377;1004,376;1006,374;1006,372;1006,371;1006,368;1006,367;1006,366;1006,364;1008,362;1008,361;1008,360;1008,358;1010,355;1010,353;1012,352;1012,351;1013,350;1014,349;1014,348;1014,347;1014,345;1014,343;1014,342;1014,341;1014,340;1014,338;1014,336;1014,333;1014,332;1014,330;1014,329;1013,328;1012,328;1011,327;1010,327;1009,327;1008,327;1006,327;1005,327;1004,327;1003,327;1002,327;1000,327;999,327;998,327;997,328;995,328;994,328;993,329;992,329;991,329;990,329;989,329;987,329;986,329;984,328;983,328;981,328;979,328;978,328;976,327;975,327;974,326;973,326;972,326;971,324;970,324;968,324;967,323;966,323;965,322;963,322;962,322;961,322;960,321;959,321;958,320;957,320;956,320;955,320;954,318;953,318;951,318;950,318;949,317;947,316;946,316;945,316;945,315;943,315;942,314;939,314;938,314;937,312;936,312;935,311;934,311;934,310;932,309;931,309;930,308;929,308;927,308;926,306;925,306;925,305;924,304;923,303;922,303;922,302;921,300;920,300;918,299;917,299;915,298;914,297;913,296;912,296;911,295;910,295;909,293;908,293;907,293;905,292;905,291;903,291;902,289;901,289;901,288;901,287;900,286;899,285;898,285;898,284;897,283;896,283;895,282;894,280;893,279;892,278;891,277;890,275;889,275;889,274;888,274;888,273;887,272;886,270;885,268;884,268;883,267;882,267;882,266;881,266;881,265;880,263;879,263;879,262;878,262;878,261;877,261;877,260;876,259;875,258;874,257;872,256;871,256;870,256;869,254;867,254;865,253;864,253;863,252;862,251;860,251;859,251;859,250;857,250;856,249;855,249;854,249;853,249;852,249;850,249;848,249;847,249;846,249;845,249;843,248;842,248;841,248;840,248;838,248;837,248;835,247;833,247;831,247;830,247;829,247;828,246;826,246;825,245;825,244;824,244;822,244;820,244;818,243;816,243;814,243;812,242;811,242;810,242;809,242;808,242;807,240;805,240;804,240;803,240;802,240;801,240;799,240;798,240;797,240;796,240;795,240;794,240;793,240;792,240;791,240;790,240;789,240;788,240;787,240;786,240;785,240;783,240;781,241;780,241;779,241;778,241;776,242;775,242;773,243;772,244;771,244;770,244;769,245;768,246;767,246;767,247;766,247;765,248;764,248;763,249;763,250;762,250;761,251;761,252;760,253;758,253;758,254;757,254;757,255;756,257;755,258;754,258;753,259;752,260;751,261;750,262;750,263;750,264;749,264;747,265;746,266;745,267;745,268;744,268;744,269;743,271;742,272;741,273;740,274;739,275;738,277;737,278;736,278;735,279;734,280;733,281;733,282;732,282;732,284;731,284;729,285;728,285;727,286;727,287;726,288;725,288;724,288;723,289;723,290;722,291;721,292;721,293;720,294;719,294;718,295;717,296;716,297;715,297;713,297;711,297;710,297;709,299;708,299;707,299;707,300;706,300;705,300;704,300;703,300;703,301;702,301;701,301;701,302;700,302;699,302;698,302;697,302;696,303;694,303;693,303;692,303;691,303;689,303;688,303;687,305;686,305;685,305;683,305;682,305;680,305;679,305;678,305;677,305;676,305;675,305;674,305;673,305;672,305;671,305;670,305;668,305;667,305;666,306;665,306;664,306;663,306;661,307;660,307;659,307;658,307;656,307;655,307;654,307;652,307;650,307;649,307;648,307;646,307;645,307;644,307;643,307;642,307;640,307;638,307;637,307;636,307;635,307;634,307;633,307;631,307;630,307;628,307;627,307;625,307;622,307;621,305;620,305;619,305;618,305;617,304;616,304;615,304;612,303;610,303;608,303;606,303;605,303;604,303;603,303;602,303;600,303;599,303;598,303;597,303;596,303;595,303;594,303;593,303;592,303;591,303;590,303;589,303;588,303;587,303;586,303;585,305;584,305;582,305;581,306;580,306;579,307;577,307;576,308;575,308;574,309;573,310;570,312;570,313;569,313;567,314;566,314;564,315;563,315;563,317;562,318;561,318;559,318;558,318;557,318;556,318;555,318;555,319;554,320;553,320;552,321;551,321;550,321;549,321;548,321;547,323;546,323;545,323;544,323;543,324;542,324;541,324;541,325;539,326;538,326;537,326;534,329;533,329;531,329;530,329;530,330;529,330;528,330;527,331;526,331;526,332;524,333;523,334;522,335;522,336;520,336;519,336;518,337;517,337;516,338;515,339;513,340;512,340;511,342;510,342;509,343;509,344;508,344;507,344;506,344;506,345;505,346;504,347;503,347;502,347;500,348;500,349;499,349;497,349;496,349;495,350;494,350;494,351;493,352;492,352;491,353;489,354;488,354;487,354;486,356;485,356;483,358;483,359;483,360;482,360;481,361;480,361;478,362;477,363;476,363;475,364;475,365;474,366;473,366;472,366;472,367;471,367;471,368;470,368;468,369;467,370;466,371;466,372;465,373;464,373;464,374;463,375;461,377;460,378;460,379;459,379;459,380;458,380;456,382;456,383;456,384;456,385;455,385;455,386;455,388;454,390;454,391;454,392;454,394;454,395;454,398;454,399;454,400;454,401;454,402;454,403;454,406;454,408;454,409;454,412;455,413;457,414;457,415;457,416;458,418;459,419;459,420;459,421;460,422;460,423;461,424;462,425;464,427;465,430;465,432;467,433;467,434;469,435;469,436;470,437;470,438;472,439;473,441;475,441;477,442;480,444;483,444;485,444;486,444;488,444;489,444;491,444;495,444;496,444;497,444;499,444;500,444;502,443;505,443;506,442;508,441;509,441;512,440;514,440;517,439;518,439;520,439;522,437;524,437;526,435;530,434;534,433;539,430;542,429;545,428;548,427;550,426;552,424;555,423;559,420;561,420;563,419;566,419;568,417;571,415;573,414;576,413;579,410;581,410;582,409;584,408;586,407;588,407;589,407;590,406;590,405;591,405;592,405;594,405;596,405;598,404;599,404;600,404;603,403;605,402;606,401;607,401;608,401;609,401;610,401;613,401;615,401;618,401;621,401;622,401;623,400;624,400;626,399;629,399;632,399;634,399;635,399;636,399;638,398;639,398;641,397;642,397;643,396;643,395;645,394;646,394;648,393;648,392;649,392;650,391;650,390;651,390;653,389;655,388;656,388;657,387;658,386;659,386;660,386;661,385;661,384;662,383;663,383;664,383;665,382;666,382;668,382;670,382;671,382;672,382;673,382;675,382;676,382;677,382;678,381;679,381;679,380;680,380;681,380;683,380;686,378;687,378;687,377;688,377;689,377;690,377;691,377;691,376;692,376;693,375;694,375;695,375;697,375;698,375;699,375;700,375;701,375;701,374;702,374;704,374;706,374;709,374;711,374;712,374;713,374;714,374;715,374;716,374;717,374;719,374;720,374;721,374;722,374;723,374;724,374;725,375;726,375;727,375;729,377;729,378;729,379;731,379;732,381;732,382;732,383;732,385;732,386;731,386;731,387;730,387;730,388;730,389;728,390;727,391;725,391;724,392;723,393;722,394;721,394;720,396;719,396;718,396;717,396;716,396;715,396;714,396;713,397;712,397;711,397;709,398;708,399;707,399;706,400;705,400;704,400;703,402;703,403;702,403;701,403;701,404;700,405;698,406;697,406;696,406;695,406;695,408;694,408;693,408;692,409;691,409;689,409;688,409;686,409;685,409;684,409;683,409;682,409;681,409;680,409;679,409;678,409;677,409;676,409;675,409;674,409;673,409;672,409;671,409;670,409;669,409;668,409;667,409;666,410;665,410;664,410;663,410;661,411;659,412;657,413;656,413;652,414;650,415;648,415;647,416;645,417;642,419;641,420;639,423;637,424;634,425;631,427;627,429;624,429;620,432;617,432;615,434;613,434;611,436;608,437;606,439;604,440;603,441;601,442;599,442;598,442;597,443;595,444;593,445;592,445;590,446;589,446;588,446;585,449;583,449;581,451;579,451;578,451;577,451;575,451;574,451;573,451;572,452;570,453;568,453;566,454;564,456;561,457;557,458;555,459;552,460;549,463;545,465;541,467;537,470;535,472;532,473;528,475;525,477;521,480;518,482;516,484;512,487;510,489;508,491;504,493;502,494;500,497;499,497;495,500;495,501;492,503;490,505;488,507;487,508;485,510;481,513;478,514;477,516;475,517;474,517;473,519;471,520;470,521;468,523;465,524;462,526;461,526;461,527;459,528;457,529;457,530;456,531;456,532;454,532;454,533;453,535;453,536;453,537;
Artery, ICG; POLYGON; 34, 177, 76; 724,393;724,392;724,391;724,389;724,388;724,387;724,386;724,385;724,384;724,382;724,381;724,379;723,376;722,375;721,375;720,375;719,375;717,374;716,374;715,374;714,374;713,374;712,374;711,374;710,374;709,374;708,374;707,374;705,374;704,374;703,374;702,374;701,374;700,374;699,374;698,374;697,374;696,374;694,374;693,374;691,374;690,374;689,374;688,374;687,374;686,374;685,374;684,374;683,374;683,375;682,375;682,376;680,376;679,377;679,378;677,379;677,380;676,381;676,382;675,383;674,384;673,384;671,385;671,386;670,387;669,388;669,389;668,390;667,391;667,392;667,393;667,394;667,395;667,397;666,398;666,399;666,400;666,401;666,402;666,403;666,404;666,405;666,408;666,410;666,411;666,414;665,416;665,420;664,422;664,425;663,428;662,431;661,434;660,437;660,438;659,440;657,443;657,444;655,447;653,449;651,451;646,455;644,457;641,460;636,465;633,467;630,468;627,470;623,474;618,477;616,480;610,483;604,486;598,490;592,493;588,495;583,497;580,499;577,500;574,500;571,501;569,502;566,502;563,503;562,503;559,503;555,503;553,503;551,504;548,504;545,504;542,504;539,504;538,504;537,504;535,504;533,504;531,504;528,504;527,504;524,504;522,504;518,502;516,500;512,498;510,495;507,493;504,490;500,489;500,488;498,487;498,486;497,484;497,481;497,479;497,475;497,473;497,471;497,469;497,466;497,463;498,459;499,456;499,453;499,450;500,446;501,443;502,440;503,437;504,435;505,432;508,430;510,427;513,423;516,420;519,416;522,411;524,409;527,404;529,403;534,399;536,399;538,395;540,394;543,392;545,389;548,387;549,386;551,385;554,384;557,382;560,380;564,377;568,374;572,373;575,370;577,369;578,368;581,366;583,363;585,361;587,360;591,356;593,354;595,352;597,350;598,348;600,348;601,346;602,346;604,346;608,346;613,343;615,343;617,343;620,343;623,342;628,341;633,340;640,340;648,340;655,340;662,340;668,340;674,340;679,339;685,338;691,337;692,337;694,337;695,337;697,337;700,337;704,337;706,337;708,338;711,338;715,338;718,338;722,338;724,338;725,339;727,340;731,341;734,343;737,344;740,346;744,347;749,348;750,348;751,348;752,348;753,349;754,350;755,352;756,352;759,354;763,357;765,359;770,362;773,365;776,365;777,367;778,369;778,371;778,374;778,376;779,379;780,382;780,385;780,389;780,393;780,397;780,400;780,403;780,407;780,412;779,416;778,421;776,429;773,436;770,442;766,448;762,454;758,458;753,462;748,466;744,469;739,472;735,474;733,475;730,477;729,477;726,477;724,477;720,477;718,477;715,477;712,477;708,477;706,477;703,477;699,476;695,476;696,475;697,475;697,474;697,473;
Artery, ICG; POLYGON; 34, 177, 76; 971,481;971,480;971,479;971,478;971,477;971,476;971,475;971,474;970,473;970,472;970,471;970,470;970,469;970,468;969,468;969,466;969,465;968,465;967,463;966,463;966,462;966,461;965,460;965,459;964,459;963,457;962,456;961,455;960,454;960,453;959,451;959,450;959,449;958,448;958,447;957,445;957,444;957,443;957,441;957,439;957,436;957,435;957,432;957,430;960,427;962,424;966,420;968,415;971,412;974,407;976,406;980,401;982,400;986,397;987,397;989,394;990,394;990,393;991,392;992,391;993,391;993,390;994,390;997,390;998,389;999,388;1000,388;1001,388;1002,389;1002,390;1002,391;1003,393;1003,396;1004,397;1004,398;1004,400;1004,402;1004,403;1004,404;1004,408;1004,410;1004,413;1004,416;1004,417;1004,420;1004,422;1004,424;1004,425;1004,429;1004,432;1004,435;1004,438;1004,439;1004,443;1004,444;1004,445;1004,448;1004,449;1003,451;1002,452;1002,454;1001,457;1000,459;1000,462;999,464;998,467;997,469;997,470;997,471;997,473;997,474;996,475;993,479;993,480;993,481;993,482;993,483;992,486;992,488;991,490;990,490;990,493;989,494;988,496;987,499;986,501;985,502;982,506;981,506;981,508;978,511;976,513;974,515;973,516;972,517;969,518;968,518;967,518;
Artery, ICG; POLYGON; 34, 177, 76; 958,488;957,487;957,486;957,485;957,484;957,483;957,482;957,481;957,480;958,479;959,479;960,479;960,478;961,477;961,476;961,475;961,474;961,473;962,471;962,470;962,469;963,468;963,466;963,464;963,462;963,461;963,459;963,458;963,457;964,456;964,454;964,453;964,452;964,451;964,450;964,449;964,447;964,446;965,445;966,444;967,444;970,444;974,444;976,446;979,450;980,450;984,452;985,453;986,456;987,456;988,458;990,459;990,460;990,462;990,463;990,464;990,467;990,469;990,470;990,472;990,474;990,476;990,477;989,479;988,482;988,484;987,485;986,486;985,487;984,487;983,487;981,487;980,487;978,487;976,487;974,491;972,493;969,495;
Artery, ICG; POLYGON; 34, 177, 76; 1008,342;1008,343;1010,344;1010,345;1010,346;1010,347;1010,349;1010,350;1011,352;1011,353;1011,354;1011,355;1011,356;1012,356;1012,357;1012,358;1012,359;1012,360;1012,361;1013,362;1013,363;1013,365;1013,366;1013,367;1013,368;1014,369;1014,370;1014,372;1015,374;1015,375;1015,376;1015,378;1015,379;1015,380;1015,381;1015,382;1015,383;1015,385;1015,386;1015,387;1015,388;1015,389;1015,390;1015,391;1015,392;1015,393;1015,394;1015,395;1015,396;1015,397;1015,398;1015,399;1016,400;1016,402;1016,403;1016,404;1016,405;1016,406;1016,407;1017,408;1017,410;1018,411;1018,412;1018,413;1018,415;1018,416;1019,417;1020,418;1020,419;1020,420;1020,421;1021,422;1021,423;1021,425;1021,426;1021,428;1021,430;1021,431;1021,432;1021,433;1021,435;1021,436;1021,437;1021,439;1021,440;1021,442;1021,443;1021,444;1021,445;1021,446;1021,447;1021,448;1021,449;1021,450;1021,452;1021,454;1021,455;1021,457;1021,458;1021,460;1021,461;1021,462;1021,463;1021,464;1021,465;1021,466;1021,467;1021,468;1021,469;1021,471;1021,472;1021,473;1021,475;1021,476;1021,478;1021,479;1021,480;1021,482;1021,483;1021,484;1021,485;1021,486;1021,487;1021,489;1021,490;1021,491;1021,492;1021,494;1021,495;1021,496;1021,497;1021,499;1021,501;1021,503;1021,507;1021,508;1021,509;1021,513;1021,516;1021,519;1020,520;1020,522;1020,523;1019,525;1019,527;1018,528;1018,531;1017,532;1017,535;1016,540;1016,541;1015,543;1015,544;1014,545;1014,546;1013,547;1012,548;1010,550;1009,550;1008,550;1006,551;1005,552;1003,553;1002,554;998,556;997,556;996,556;995,556;994,556;993,556;992,556;991,556;989,556;988,556;986,556;985,556;983,555;982,555;982,554;980,553;980,552;979,551;
Artery, ICG; POLYGON; 34, 177, 76; 1000,397;1001,396;1002,395;1003,393;1004,393;1004,392;1004,391;1005,390;1005,389;1005,388;1005,387;1007,386;1007,385;1008,384;1008,381;1008,380;1008,379;1009,379;1009,378;1009,377;1010,375;1010,374;1010,373;1010,372;1010,371;1011,371;1011,370;1011,369;1011,368;1011,367;1011,365;1011,364;1011,363;1011,361;1011,360;1011,359;1011,358;1011,357;1011,356;1011,355;1011,354;1011,353;1011,352;1011,350;1011,349;1011,348;1011,347;1011,346;1011,345;1011,344;1010,343;1009,343;1007,343;1005,343;1004,343;1002,343;1001,343;1000,343;999,343;998,343;997,344;996,344;995,345;994,345;993,345;993,346;992,346;991,346;991,347;990,348;990,349;989,352;989,354;
Artery, ICG; POLYGON; 34, 177, 76; 862,560;863,560;864,561;866,561;867,561;868,561;869,561;870,561;871,561;872,561;873,561;874,561;876,562;878,562;882,562;884,564;885,564;887,564;890,564;892,564;893,564;894,564;895,564;896,564;897,565;897,566;898,566;900,566;901,567;902,568;904,568;905,568;905,569;907,570;908,570;909,572;910,572;913,573;914,573;915,573;916,575;917,575;919,575;920,576;921,577;925,578;926,578;927,579;928,579;929,579;931,580;932,581;934,581;935,581;937,582;938,582;939,582;940,582;941,582;942,582;943,582;944,582;945,582;948,582;950,583;952,583;953,583;956,583;957,583;959,583;960,583;961,584;963,585;965,585;965,586;966,586;967,586;967,587;969,587;971,588;973,588;975,589;977,590;978,590;978,591;980,592;981,592;984,592;985,592;986,592;987,592;988,592;989,593;990,593;991,593;992,594;993,594;996,594;997,594;998,594;999,594;1000,594;1001,594;1002,594;1003,594;1004,594;1006,594;1006,595;1007,595;1008,595;1010,596;1010,597;1012,597;1013,597;1014,597;1016,597;1017,597;1017,596;1019,595;1019,594;1019,592;1019,590;1019,589;1019,588;1019,587;1019,586;1019,585;1019,584;1019,583;1019,582;1020,582;1020,581;1020,580;1020,579;1020,578;1020,577;1020,576;1020,575;1020,574;1020,572;1020,571;1020,570;1020,569;1020,568;1020,567;1021,565;1021,564;1021,563;1021,561;1021,560;1021,559;1021,558;1021,555;1021,554;1021,553;1021,550;1021,548;1021,546;1021,544;1021,543;1021,541;1021,540;1021,539;1021,538;1021,536;1021,535;1021,534;1021,532;1021,531;1021,530;1021,529;1021,528;1021,526;1021,524;1021,523;1021,521;1021,519;1021,518;1021,517;1020,515;1020,514;1019,514;1018,511;1017,511;1016,510;1015,510;1014,509;1012,508;1011,508;1009,507;1006,507;1004,505;1001,505;998,504;995,504;991,504;988,504;985,504;983,504;981,504;979,504;978,504;976,504;975,504;972,504;971,504;969,504;968,504;
Vein; POLYGON; 63, 72, 204; 536,614;537,614;539,614;540,614;542,614;544,614;545,614;546,613;547,613;549,613;551,612;552,612;553,612;555,611;556,611;557,611;558,610;559,610;560,610;562,610;562,609;563,609;563,608;564,608;565,608;566,608;568,608;569,607;571,607;572,607;574,606;576,605;577,605;578,604;580,604;580,603;581,602;582,602;583,602;584,602;585,601;587,600;588,600;589,600;591,600;592,600;593,600;595,600;596,600;597,599;598,598;599,598;601,597;602,597;602,596;604,595;605,595;606,595;606,594;608,594;609,593;610,593;611,593;612,593;612,592;613,591;614,591;615,590;616,590;616,589;618,589;619,589;620,588;621,588;622,588;623,587;624,586;625,585;626,585;627,585;628,584;629,583;630,583;631,583;633,582;634,582;634,581;635,581;637,581;638,581;638,580;639,579;640,578;641,578;642,578;644,577;644,576;646,576;647,576;647,575;649,575;650,574;650,573;651,573;652,573;653,573;656,572;658,572;659,572;659,571;660,571;660,570;662,570;663,570;664,570;665,570;666,570;667,569;668,569;669,569;671,569;672,569;674,569;676,569;677,569;679,569;680,569;681,569;684,569;685,569;687,567;688,567;691,567;692,567;693,567;694,566;695,566;696,566;697,566;698,566;699,566;701,566;702,566;703,566;704,566;706,566;708,566;709,566;710,566;711,566;712,566;714,566;715,566;716,566;717,566;718,566;719,566;719,567;720,567;720,568;720,569;720,571;721,573;722,573;723,574;724,575;724,576;725,577;726,577;727,577;728,577;728,579;729,579;730,580;731,580;731,581;732,582;732,583;732,584;733,585;733,586;734,586;735,586;735,587;735,588;735,589;735,590;736,591;736,592;736,593;737,593;737,594;738,594;739,594;740,594;741,594;742,594;743,594;744,594;745,594;746,594;747,594;748,594;749,594;750,594;751,594;752,594;753,594;754,594;755,594;756,594;758,594;759,594;760,594;761,595;764,595;765,595;766,595;767,595;768,595;769,595;770,595;771,596;772,596;773,596;774,596;775,596;776,596;778,596;779,596;780,596;782,596;783,596;784,595;785,594;785,593;785,592;785,591;786,590;786,589;786,588;786,587;786,586;786,585;786,584;786,583;786,582;786,581;786,579;786,578;786,577;787,576;787,575;788,575;788,573;788,572;789,572;789,571;790,570;791,570;791,569;793,569;794,569;795,567;796,566;797,565;798,564;799,564;800,564;801,563;802,563;803,563;803,561;804,560;805,560;806,560;807,559;808,559;809,558;810,558;811,558;812,558;813,558;814,558;815,558;817,558;818,558;819,558;820,558;821,558;823,558;824,558;825,558;826,558;828,558;829,558;830,558;831,558;832,558;833,558;834,558;835,558;836,558;837,558;838,558;839,558;840,558;841,558;842,559;843,559;844,559;845,559;846,559;848,559;849,559;850,559;851,559;852,559;853,559;854,559;855,559;856,559;857,559;858,559;859,559;860,560;861,561;862,561;863,561;864,561;865,562;865,563;866,563;867,563;868,563;869,564;870,564;871,564;873,565;874,565;875,565;876,565;877,565;878,565;879,565;879,566;881,566;882,566;883,566;884,566;885,566;886,568;887,568;889,569;892,569;893,569;894,569;895,569;897,569;898,569;899,569;901,570;902,570;903,571;904,571;905,572;907,572;909,572;910,573;912,573;913,573;914,574;916,574;918,574;919,575;920,575;921,575;922,575;923,575;924,575;925,575;927,576;928,576;929,576;929,577;930,577;931,578;932,579;933,579;934,580;936,580;937,580;939,581;940,581;940,582;941,582;943,582;943,583;944,584;944,585;945,585;946,585;948,585;950,587;952,587;953,587;954,587;955,587;956,587;957,587;958,587;959,588;961,588;962,588;963,589;964,589;967,589;968,589;970,589;971,590;974,590;975,591;977,591;979,591;980,591;982,591;983,592;984,592;985,592;986,592;987,592;989,592;991,592;992,592;992,593;993,593;994,593;995,593;996,593;998,594;999,594;1001,594;1002,595;1003,595;1004,596;1005,596;1006,596;1006,597;1007,597;1008,598;1009,598;1010,598;1012,599;1013,599;1014,599;1014,600;1015,602;1015,603;1015,604;1015,605;1015,606;1015,607;1015,609;1015,610;1015,611;1015,613;1015,614;1015,615;1015,616;1015,618;1015,619;1015,620;1015,621;1015,622;1015,623;1014,624;1014,625;1014,627;1014,629;1014,632;1014,633;1014,634;1014,635;1014,636;1014,637;1014,638;1014,639;1014,640;1014,641;1014,643;1014,644;1014,645;1014,646;1014,647;1014,648;1014,649;1014,650;1014,651;1014,652;1014,653;1014,655;1014,656;1014,658;1014,660;1014,662;1014,664;1014,665;1014,667;1014,668;1014,669;1014,671;1014,673;1014,675;1014,676;1014,678;1014,680;1014,681;1013,683;1013,685;1013,686;1012,686;1012,687;1011,688;1010,689;1009,691;1008,692;1007,692;1006,692;1005,693;1003,693;1001,693;998,693;997,693;995,693;994,693;993,693;990,693;989,693;986,693;985,693;984,693;983,693;982,693;981,693;980,693;979,693;978,693;977,693;974,693;973,693;972,693;971,692;970,691;968,690;967,690;967,689;966,689;965,689;964,689;963,689;962,689;961,689;960,688;959,688;958,688;957,688;956,688;955,688;954,688;952,688;951,688;950,688;948,688;947,688;946,688;945,688;944,688;943,688;942,688;940,688;939,688;938,688;936,688;935,688;934,688;933,688;932,688;930,688;929,688;928,688;927,688;926,688;925,688;924,688;923,688;923,687;922,687;921,686;920,686;919,686;917,686;916,686;915,686;913,686;912,686;911,686;910,686;909,686;908,686;907,686;906,686;905,685;905,684;904,684;903,683;902,683;901,683;901,682;899,681;899,680;898,680;898,679;898,678;896,677;894,677;893,677;892,677;890,677;888,676;887,676;886,676;884,676;883,676;882,676;881,676;880,676;879,676;878,676;877,676;876,676;875,676;874,676;873,676;872,678;870,679;869,680;867,681;866,681;865,682;864,682;863,682;862,683;861,684;860,685;858,685;857,685;857,686;856,686;854,686;853,687;852,687;851,687;850,687;849,687;848,687;847,687;845,686;844,686;843,686;841,684;840,684;839,684;837,684;836,684;836,683;834,682;832,682;831,682;830,681;829,681;828,681;827,681;826,681;825,681;824,681;823,681;822,681;821,681;820,681;820,680;819,680;819,679;818,679;818,678;816,678;816,677;815,677;814,676;813,676;812,676;811,675;810,675;809,675;808,673;807,673;806,673;805,673;804,673;804,672;802,672;801,672;799,671;798,671;796,670;794,670;792,670;789,669;787,669;786,669;785,669;784,669;783,669;783,668;781,668;780,667;778,666;775,666;774,666;772,666;770,666;768,666;766,666;764,666;763,665;762,664;760,664;759,664;758,664;757,664;756,664;755,664;754,664;753,664;752,664;751,664;750,664;749,664;748,664;747,664;746,664;744,664;743,664;741,664;739,664;737,664;736,664;733,664;732,664;731,664;731,665;729,666;728,666;726,666;724,666;723,666;721,666;719,668;718,669;716,669;715,669;714,670;713,670;712,670;711,670;710,670;710,671;709,671;708,673;707,674;705,674;703,675;702,676;701,677;699,678;698,678;697,678;695,680;693,680;692,680;691,680;689,681;687,682;685,682;684,683;682,683;680,683;676,683;675,684;674,684;672,684;670,684;668,685;666,685;662,685;660,685;657,686;656,686;656,687;654,687;654,688;653,688;652,688;651,689;649,689;646,692;645,692;644,694;641,694;638,695;636,696;633,697;630,699;627,700;625,700;623,701;621,701;619,703;617,703;614,703;614,704;612,706;609,706;608,707;606,707;603,708;602,708;599,709;597,709;596,709;595,710;593,712;590,712;588,713;587,713;585,713;583,715;581,715;579,715;578,716;576,716;575,716;575,718;574,718;572,719;570,720;567,720;566,720;565,720;563,720;561,722;559,722;558,722;557,723;555,723;553,724;551,724;550,725;549,725;548,726;547,726;546,726;545,726;544,726;543,727;542,727;541,727;540,727;539,728;538,728;536,728;535,728;532,728;530,728;529,728;528,728;526,728;524,728;520,728;518,728;517,728;516,728;515,728;513,728;512,728;510,728;508,728;507,728;506,728;504,728;503,727;502,727;501,726;500,726;499,726;497,725;496,724;496,723;495,723;493,721;492,721;491,721;490,720;488,719;486,718;485,717;485,716;484,716;483,715;482,715;481,715;480,714;478,714;477,713;477,712;477,711;475,710;474,710;473,710;472,710;470,710;468,710;468,709;467,709;466,708;464,707;463,706;462,705;462,703;462,702;463,702;463,701;463,700;464,699;464,698;465,698;465,697;466,696;467,695;467,693;468,692;468,691;469,691;470,690;471,689;473,687;473,686;474,686;475,685;476,684;476,683;477,683;478,682;479,681;479,680;479,679;480,679;481,677;482,677;482,676;483,676;483,675;484,675;484,673;485,672;486,672;487,672;487,671;487,670;488,670;488,669;489,667;490,667;490,666;491,666;492,664;493,663;494,663;495,661;495,660;497,660;498,659;499,658;499,657;500,656;500,655;501,654;502,653;503,653;503,652;504,652;506,650;507,648;509,647;510,647;512,645;513,645;514,643;515,643;516,643;517,642;518,641;518,640;519,640;520,640;521,639;522,639;524,637;525,637;526,637;526,636;526,635;526,634;526,633;526,632;526,631;526,630;526,629;526,628;526,627;526,626;526,625;526,624;526,622;526,621;527,620;528,619;529,617;530,617;531,615;533,614;535,614;536,614;536,613;537,613;538,611;539,611;539,610;540,610;541,610;542,611;542,612;
Vein; POLYGON; 63, 72, 204; 793,572;793,571;793,570;792,570;791,568;791,567;790,566;789,565;789,564;790,564;790,563;790,562;791,561;792,561;792,560;794,558;794,557;794,556;795,556;796,555;797,554;797,553;798,552;799,551;800,551;802,551;803,551;804,550;805,550;806,550;807,550;808,550;809,550;810,550;811,550;812,550;813,550;815,550;816,550;817,550;818,550;819,550;820,550;821,550;822,550;824,550;825,550;826,550;828,550;829,550;830,550;831,550;832,550;833,550;834,550;835,550;836,550;837,550;838,550;839,550;841,552;842,552;843,552;844,552;845,552;847,553;851,555;853,555;856,556;860,558;865,560;866,560;867,560;868,560;869,561;870,561;871,561;874,563;875,563;876,564;877,565;878,567;880,568;881,568;881,569;883,570;883,571;885,573;888,573;890,576;891,577;891,578;891,579;891,580;891,581;891,582;891,583;890,585;889,585;888,586;886,588;884,589;882,589;880,591;879,591;877,592;876,592;874,593;873,593;872,594;871,595;870,595;870,596;869,596;867,598;866,598;862,601;860,602;859,602;858,604;855,604;
Specular reflection; POLYGON; 191, 91, 22; 337,888;336,888;335,888;334,888;333,888;331,888;330,888;328,888;327,888;326,888;325,889;324,890;323,891;323,893;323,894;323,895;323,896;323,897;323,899;323,900;323,901;324,901;324,902;325,903;327,903;327,904;328,905;329,906;330,907;331,907;332,909;333,909;333,911;334,911;335,911;336,911;338,911;339,911;340,911;342,911;343,911;344,911;345,911;346,911;347,911;348,911;348,910;349,909;349,908;350,908;351,907;352,905;353,905;354,904;355,903;355,902;356,902;356,901;357,901;357,900;357,899;357,898;357,897;357,896;357,895;358,894;358,892;358,891;358,890;357,890;356,890;355,890;354,890;353,890;352,890;351,890;350,890;348,890;347,890;346,890;345,890;344,890;342,890;341,890;340,890;339,889;338,889;337,889;336,889;335,889;335,888;334,888;
Specular reflection; POLYGON; 191, 91, 22; 259,788;258,788;256,788;255,788;254,788;253,788;252,788;251,788;250,788;249,788;248,788;247,788;246,788;245,788;244,788;243,788;242,788;241,788;239,788;238,788;237,788;235,789;235,790;234,791;233,791;233,793;232,793;231,794;230,795;230,796;230,797;229,799;229,800;228,801;227,802;227,803;227,804;227,805;227,806;227,807;228,808;228,809;229,809;230,810;231,810;232,810;234,810;235,810;237,812;
Specular reflection; POLYGON; 191, 91, 22; 257,811;256,811;255,811;254,811;252,811;251,811;250,811;249,811;248,811;247,811;246,811;245,811;244,811;243,809;243,808;243,806;243,805;243,803;243,802;243,801;243,800;243,799;243,797;243,796;243,795;243,794;243,793;245,792;246,792;248,792;249,792;251,792;252,792;253,792;254,792;255,792;256,793;260,794;261,794;262,795;262,797;263,797;263,798;264,799;264,800;264,801;264,803;264,805;264,806;263,806;
Specular reflection; POLYGON; 191, 91, 22; 453,910;452,910;451,909;450,909;449,908;448,907;447,907;446,905;445,905;444,904;443,904;442,904;441,903;441,902;439,902;438,902;437,901;436,900;436,899;434,899;433,898;432,898;432,897;431,897;430,897;429,897;427,897;426,897;425,897;423,897;422,897;421,897;420,897;419,897;417,897;416,897;415,897;414,897;413,897;413,898;413,899;413,901;413,902;413,903;413,904;413,906;414,907;416,907;418,908;419,908;421,909;421,910;422,910;422,911;423,911;426,913;429,914;432,915;434,915;437,916;438,916;440,916;441,916;442,918;443,918;445,919;446,920;448,921;448,922;449,923;449,924;449,925;450,925;450,926;451,927;452,927;453,928;454,928;455,928;456,928;456,929;457,930;457,931;458,931;459,931;459,932;460,932;461,932;463,933;465,933;466,933;468,933;469,933;471,934;472,935;473,935;474,935;475,935;477,935;479,935;480,936;482,936;483,936;484,936;484,937;485,937;486,937;487,938;488,938;489,938;490,938;491,938;492,938;493,938;494,938;494,937;494,936;494,935;494,934;494,932;494,931;494,929;494,928;494,927;494,926;494,925;494,923;494,922;492,922;491,922;490,922;487,922;486,922;484,922;483,922;482,922;481,922;479,922;478,922;477,922;476,922;475,922;473,922;473,921;471,920;471,919;470,919;470,918;469,916;468,915;467,914;465,913;464,912;463,912;462,911;462,910;461,910;460,910;459,909;458,908;457,908;456,908;455,908;454,907;452,907;451,907;450,907;449,907;
Specular reflection; POLYGON; 191, 91, 22; 446,936;445,935;444,935;442,935;440,935;439,935;438,935;437,935;436,935;435,937;434,937;432,938;432,939;431,939;431,940;431,941;431,942;431,943;429,944;428,945;427,945;425,946;424,946;423,946;423,947;422,948;421,949;419,950;418,950;417,951;417,952;417,953;417,954;417,956;419,958;421,959;423,960;424,961;427,961;428,962;429,962;430,962;431,962;432,962;433,962;435,962;436,962;437,962;438,962;439,962;441,962;442,962;443,962;444,962;445,962;446,962;447,962;448,962;450,962;452,962;453,962;454,962;455,962;456,962;457,962;458,962;459,962;461,961;462,959;464,958;465,957;465,956;466,956;467,955;468,954;469,953;469,952;471,951;472,950;473,950;474,949;474,948;474,947;474,946;474,945;473,945;472,944;471,944;470,942;469,941;468,941;467,941;466,941;464,941;461,941;460,940;459,940;458,940;457,940;456,939;455,939;454,937;454,936;453,936;451,935;450,934;449,934;448,934;447,934;446,934;446,933;445,933;444,932;443,932;443,933;442,935;442,938;442,941;440,946;440,950;440,953;
Specular reflection; POLYGON; 191, 91, 22; 478,989;477,988;476,988;475,988;474,988;473,988;472,988;471,988;470,988;469,988;468,988;467,988;466,988;465,988;464,988;463,988;461,988;458,988;457,988;456,988;455,988;453,988;452,988;451,988;451,989;451,990;451,991;450,992;450,993;450,994;450,995;450,997;450,998;450,999;450,1000;450,1001;450,1003;450,1004;450,1005;450,1006;450,1007;451,1008;453,1008;453,1009;453,1010;454,1011;454,1012;455,1013;456,1013;458,1013;459,1014;461,1015;462,1015;463,1015;464,1015;465,1015;466,1015;467,1015;468,1015;469,1015;471,1015;471,1014;472,1013;474,1013;476,1013;478,1012;479,1012;480,1012;481,1012;482,1012;483,1012;485,1012;486,1011;487,1011;488,1011;490,1011;492,1011;493,1010;494,1009;495,1009;497,1009;499,1009;500,1009;502,1009;504,1009;505,1009;506,1009;507,1009;507,1008;509,1007;509,1006;509,1005;509,1002;509,1001;509,1000;509,999;509,998;509,997;508,996;507,995;507,994;505,992;503,992;500,990;496,989;495,989;494,989;493,988;491,987;490,987;487,986;483,985;481,984;478,984;477,984;475,984;474,984;473,984;472,984;471,984;470,984;469,984;468,984;468,985;468,987;468,989;469,989;
Specular reflection; POLYGON; 191, 91, 22; 590,943;588,942;587,942;585,942;584,942;583,942;581,942;580,942;578,942;576,942;574,942;573,943;573,944;573,945;573,946;573,947;573,949;573,950;573,951;573,952;573,953;573,955;573,956;573,957;573,958;573,959;573,961;572,961;572,962;572,963;571,964;571,965;571,967;571,968;571,969;571,970;571,971;571,973;571,975;571,977;571,979;571,980;571,981;571,982;571,983;571,985;571,986;573,986;575,987;577,987;578,987;579,988;580,988;581,988;583,988;584,989;586,989;588,989;589,989;590,989;591,989;592,989;594,989;596,989;597,989;598,989;599,989;600,989;601,989;602,989;603,989;604,989;605,989;606,989;607,989;608,989;610,988;611,987;612,985;613,984;614,983;616,981;616,980;617,977;618,977;619,975;619,974;619,973;619,972;619,970;619,967;619,966;619,964;619,963;619,962;619,961;619,960;619,958;619,957;619,956;619,955;619,954;618,953;618,952;617,952;616,952;616,951;615,950;614,949;613,948;611,948;609,946;608,945;607,945;606,945;605,945;603,945;603,944;601,943;599,943;598,943;597,943;596,943;595,943;594,943;592,943;591,943;590,943;588,943;587,943;586,943;585,943;584,943;582,943;581,943;
Vein; POLYGON; 63, 72, 204; 533,894;535,894;536,894;538,894;540,894;543,894;547,894;552,894;558,894;563,894;569,894;574,894;578,894;582,894;587,893;588,893;589,893;590,892;591,891;592,890;594,889;596,888;597,888;599,887;600,887;601,887;604,885;606,885;607,884;608,884;609,884;610,884;612,884;613,884;615,884;618,884;619,883;621,883;622,882;623,881;624,881;626,880;627,880;628,880;630,880;631,880;632,880;633,880;635,879;638,878;641,878;642,878;644,878;645,878;647,878;648,878;649,878;651,878;652,877;653,877;655,876;658,876;659,876;661,876;664,875;666,875;668,875;669,873;671,873;672,873;673,873;674,873;675,873;676,873;677,873;678,873;679,873;682,873;683,873;684,873;687,872;688,871;689,871;691,870;692,870;693,870;694,870;696,870;697,870;700,870;701,870;703,870;704,870;705,869;706,869;708,869;709,869;711,869;715,869;718,869;720,869;722,869;724,869;725,869;726,869;728,869;729,869;731,869;733,869;736,868;737,868;739,868;740,868;741,868;743,868;744,868;745,868;748,868;749,868;752,868;754,868;757,868;759,868;760,868;761,868;762,868;764,868;766,868;768,868;769,868;772,868;773,868;775,868;777,866;778,866;779,865;779,864;780,864;781,864;783,862;784,862;786,862;789,861;791,861;792,861;793,860;794,860;795,859;797,859;797,858;799,858;801,858;803,857;804,857;806,857;809,857;812,856;814,856;816,855;818,854;820,853;821,852;823,852;825,852;826,850;829,850;831,850;832,850;834,850;835,850;837,850;840,849;841,848;842,848;843,848;845,848;846,848;847,848;848,848;849,848;850,848;851,848;852,848;854,848;857,848;859,848;860,848;861,848;862,850;862,851;863,854;863,857;863,858;863,859;863,860;863,861;863,862;863,864;863,866;863,867;863,868;863,869;863,870;863,872;863,873;861,876;861,877;861,878;861,879;860,879;858,881;858,883;856,883;854,885;852,885;851,886;850,887;849,889;845,891;844,891;841,893;839,893;837,894;836,896;834,897;833,897;832,897;830,899;827,899;826,899;824,901;823,901;822,901;821,901;819,902;818,903;817,903;815,905;814,905;813,906;811,907;811,908;810,908;808,908;807,910;806,910;805,910;804,910;802,910;800,911;797,912;796,912;793,913;791,914;789,914;789,915;788,915;784,917;783,917;781,918;778,919;776,920;775,920;771,921;769,921;769,922;767,922;766,923;765,923;764,923;763,923;761,924;759,924;757,925;756,926;754,926;752,928;751,928;750,928;747,929;746,930;745,930;744,930;743,930;742,931;741,931;741,932;740,933;737,934;736,934;735,935;734,936;733,937;732,937;731,937;730,939;727,940;727,941;726,941;723,941;722,942;721,943;720,943;719,944;718,944;717,944;715,944;713,945;713,946;711,946;710,946;708,947;707,947;705,947;703,948;702,948;699,948;698,948;696,949;694,949;693,949;692,949;689,949;686,950;685,950;684,950;682,951;681,951;680,951;678,951;676,951;675,953;673,953;672,953;670,954;666,955;665,955;664,955;662,955;661,955;660,955;658,955;657,955;655,955;654,955;653,955;652,955;651,956;650,957;647,957;646,957;645,957;643,957;642,957;641,957;641,958;640,958;639,958;638,958;637,958;635,958;634,958;634,959;633,959;632,959;631,959;630,959;629,959;628,959;625,959;622,958;620,958;619,958;619,957;618,956;616,956;616,955;615,954;615,953;615,952;614,951;613,950;612,950;610,948;609,948;608,947;607,947;606,947;605,947;603,946;602,946;600,946;598,946;597,946;596,946;594,945;592,945;591,945;590,944;588,944;587,944;586,944;585,944;584,944;584,943;583,943;582,943;580,943;579,943;578,943;577,943;576,944;576,945;576,946;576,947;576,948;576,949;576,950;576,951;576,952;576,953;576,954;576,955;576,956;576,957;575,959;575,960;574,960;574,961;574,962;573,963;573,964;572,965;572,966;572,967;572,968;572,969;571,970;571,971;571,972;571,973;571,974;571,976;570,977;570,978;570,979;570,980;569,981;568,982;567,982;567,983;565,983;564,983;563,983;562,983;561,983;560,983;557,983;555,983;553,983;552,983;551,983;549,983;547,983;546,983;543,983;541,983;540,983;539,983;538,983;537,984;536,984;534,986;533,986;532,986;531,986;530,988;529,988;528,989;527,989;527,990;525,990;524,990;524,991;523,991;521,992;520,992;519,993;519,994;518,994;517,994;515,994;513,995;512,995;511,995;509,995;508,995;507,995;506,995;505,995;504,994;504,993;503,993;502,992;501,992;500,991;499,991;499,990;498,990;497,990;496,989;495,989;494,989;494,988;494,987;493,987;492,986;491,986;491,985;490,985;489,985;488,985;486,984;485,984;484,984;483,984;482,984;481,984;479,984;478,984;477,984;476,984;474,984;472,984;471,984;470,984;469,984;468,984;467,984;467,985;466,986;465,986;463,986;462,986;461,987;459,987;456,987;454,987;453,987;452,987;450,987;449,987;449,988;449,989;448,989;448,990;447,990;446,990;445,990;444,990;442,990;441,990;439,990;436,990;435,990;434,990;433,990;432,990;431,990;430,990;428,990;426,990;425,990;424,990;423,990;423,989;421,987;420,985;419,985;418,983;418,982;417,982;417,981;417,980;417,979;417,978;417,977;417,976;417,975;416,973;416,972;416,971;416,970;416,969;416,968;416,967;417,966;417,965;417,964;417,963;418,961;418,960;420,960;421,960;422,960;423,960;424,960;424,959;425,959;428,959;430,959;433,959;434,959;435,959;437,959;438,959;439,959;440,959;441,959;442,959;443,959;444,959;445,959;446,959;448,959;450,959;451,959;452,959;453,959;454,959;455,959;456,959;457,959;457,958;458,958;459,958;460,958;461,957;462,957;463,956;463,955;464,955;465,954;465,953;466,953;467,953;467,952;468,951;468,949;468,948;468,947;468,946;468,945;468,944;468,943;467,943;467,942;466,942;466,941;465,941;465,940;464,938;464,937;463,937;463,936;462,936;461,936;460,935;459,935;458,935;457,935;456,935;454,935;453,935;452,935;451,935;450,935;448,935;446,935;445,935;444,935;443,935;442,935;441,935;440,935;439,935;438,935;437,935;436,935;435,935;435,934;433,934;432,933;432,932;431,932;430,932;429,932;428,932;427,932;426,932;425,932;424,931;423,931;422,931;422,929;422,928;422,926;421,926;421,924;421,923;421,922;422,922;424,922;425,922;426,922;428,922;429,922;430,922;431,922;432,922;433,922;437,922;438,922;439,922;440,922;441,922;442,922;443,922;444,922;445,922;446,922;447,922;448,922;449,922;450,922;451,922;451,923;452,923;453,924;454,924;455,924;456,924;457,926;458,926;459,927;460,928;461,928;461,929;462,929;463,929;464,930;465,930;466,931;467,932;468,932;469,932;470,932;471,932;473,932;474,932;475,933;476,933;477,933;480,933;480,934;481,934;482,934;483,934;483,935;484,935;485,935;486,935;487,935;488,935;490,935;492,935;493,935;494,935;495,935;495,934;496,933;496,931;496,930;497,929;497,928;497,927;497,925;497,924;498,924;498,923;497,922;496,922;495,922;494,922;493,922;493,921;492,921;490,919;489,919;489,918;488,918;487,917;486,916;485,916;484,915;483,915;482,915;481,915;480,913;479,913;477,913;476,912;475,912;474,912;473,912;472,912;471,912;469,912;468,911;467,911;466,911;464,911;463,911;461,910;460,910;459,910;458,910;457,910;456,910;455,910;454,909;454,908;453,907;452,907;451,907;450,907;450,906;449,906;448,905;447,904;447,903;447,902;447,901;448,901;448,900;449,900;450,900;451,900;452,900;454,900;455,899;456,899;457,899;458,898;459,898;460,898;462,898;463,898;466,898;467,898;471,898;472,898;475,898;479,898;481,898;482,898;483,896;484,896;485,895;486,895;487,895;488,895;489,895;490,895;491,894;492,894;494,894;495,894;495,893;496,893;497,893;498,893;499,893;501,893;502,893;503,893;504,893;505,893;506,893;507,893;509,893;510,893;512,893;513,893;516,893;517,893;519,893;521,893;522,893;523,893;524,893;525,893;526,893;527,893;528,893;530,893;531,893;533,893;535,893;536,893;537,893;539,893;540,893;541,893;542,893;543,893;544,893;545,893;546,893;547,893;548,893;549,893;
Vein; POLYGON; 63, 72, 204; 515,921;514,921;513,921;512,921;510,921;508,921;507,921;506,921;504,920;503,920;502,919;500,919;498,918;497,918;496,918;495,918;494,918;493,918;492,918;491,918;490,918;489,918;488,918;487,918;486,918;485,918;484,918;483,918;482,918;481,918;480,918;478,917;476,917;475,917;474,917;473,917;473,915;472,915;471,914;471,913;471,912;471,911;471,910;471,909;471,908;471,907;471,906;471,905;475,905;477,905;479,905;483,905;489,905;494,905;499,905;504,905;506,906;507,906;510,906;511,906;512,906;
Vein; POLYGON; 63, 72, 204; 573,1026;572,1027;571,1027;570,1027;569,1028;567,1028;565,1028;563,1028;559,1028;558,1028;557,1028;555,1028;554,1028;552,1028;550,1029;546,1029;542,1029;538,1029;535,1029;531,1029;527,1029;524,1029;521,1029;520,1029;519,1029;518,1029;516,1029;515,1030;512,1030;508,1030;504,1030;500,1030;498,1030;496,1031;495,1031;494,1032;493,1032;492,1033;
Stroma, ICG; POLYGON; 255, 255, 255; 449,899;447,899;447,898;446,898;445,898;445,897;444,896;444,894;442,893;442,892;440,891;440,890;439,890;438,889;438,888;436,887;436,886;435,886;433,884;432,884;431,884;429,883;428,882;428,881;426,880;425,880;423,879;421,878;420,878;419,877;418,877;416,876;415,875;412,874;411,874;411,873;409,872;409,871;408,871;408,870;405,867;404,865;403,864;402,862;402,861;400,860;400,859;399,858;398,856;395,853;395,852;394,850;393,849;393,848;393,847;393,846;393,845;392,843;392,842;392,841;391,840;390,838;389,838;388,838;388,837;388,836;387,836;387,835;386,835;384,832;383,831;382,830;381,830;380,829;379,828;379,827;377,826;376,825;375,824;373,823;373,822;372,821;370,819;369,819;369,818;367,817;366,815;365,814;362,812;361,811;360,811;359,810;357,810;357,809;357,808;356,807;355,807;354,806;352,804;350,801;348,800;348,799;347,799;346,799;345,798;345,797;344,797;343,796;343,795;343,794;342,793;342,792;341,791;340,789;339,788;338,787;337,786;337,785;337,784;337,782;336,782;336,781;335,781;335,780;335,778;335,776;335,774;334,773;334,772;333,771;333,770;333,769;333,768;333,767;333,765;333,764;333,763;333,762;333,760;333,759;333,758;334,758;334,757;335,757;336,756;337,756;338,756;339,755;339,754;340,754;341,753;342,753;343,753;344,753;345,753;346,753;348,753;349,753;350,753;351,753;352,753;353,752;354,752;355,752;357,752;358,752;359,752;360,752;361,752;362,751;363,750;364,748;365,748;366,748;367,748;369,748;370,747;372,746;373,746;374,745;375,745;377,745;378,745;378,744;379,744;381,742;382,742;383,741;384,740;386,739;386,738;387,738;388,738;389,736;390,736;391,734;392,734;392,733;393,733;395,733;396,733;398,732;399,732;400,731;401,731;402,731;403,731;405,730;406,730;407,730;408,730;409,730;409,728;410,728;411,728;412,728;413,728;415,727;415,726;416,726;417,725;419,725;420,725;420,724;421,724;422,723;422,722;424,721;425,720;426,719;427,719;428,719;429,718;430,718;431,718;431,716;432,716;433,716;434,715;435,715;437,714;438,713;439,712;440,711;440,710;441,710;441,709;442,709;443,709;443,708;444,707;445,707;446,706;447,706;447,705;447,704;448,704;449,703;450,703;451,703;452,703;453,703;454,702;456,701;457,701;458,701;459,701;461,700;462,700;463,700;465,699;466,698;467,699;467,700;467,701;467,702;468,704;468,705;468,706;468,707;469,708;469,709;470,710;470,711;471,712;472,712;473,713;474,713;476,714;476,715;478,716;478,717;480,717;480,718;481,719;482,719;483,719;484,720;485,720;486,720;488,720;490,721;491,721;492,721;493,722;494,722;495,722;496,722;498,724;499,724;500,725;501,725;502,725;504,726;506,727;507,727;508,727;509,727;510,727;512,727;513,727;513,728;514,728;515,728;516,728;517,728;518,728;519,728;520,728;521,728;522,728;523,728;524,728;525,728;527,728;528,728;530,728;531,728;533,728;534,728;535,728;536,728;537,728;538,728;539,728;540,728;542,728;543,728;545,728;546,728;547,728;548,728;549,728;551,727;552,727;553,726;554,726;555,726;557,724;559,723;560,722;561,722;562,722;563,721;564,721;565,721;566,721;567,721;568,721;569,720;570,720;571,720;572,719;575,719;576,718;578,718;579,718;580,718;581,718;581,717;582,717;583,717;584,716;585,716;586,716;587,716;588,716;588,715;589,715;590,715;591,715;592,714;592,713;592,712;595,712;596,712;597,712;598,711;599,710;600,710;600,709;601,709;602,709;603,709;603,708;605,708;606,707;606,706;607,706;608,706;609,705;610,704;611,703;612,702;614,702;616,702;617,702;618,702;619,702;620,702;622,702;623,701;624,701;625,701;625,700;625,699;626,699;627,699;628,699;629,699;630,699;631,698;632,697;633,697;634,697;635,697;636,697;639,695;641,695;642,695;643,695;644,693;645,693;646,692;647,692;649,692;650,692;651,691;652,691;653,691;653,690;654,690;655,690;656,690;656,689;657,689;657,688;659,687;660,687;661,687;662,686;663,686;664,686;665,685;667,684;668,684;669,683;669,682;671,682;672,681;673,681;674,681;675,681;676,681;677,681;678,680;679,680;680,680;681,680;682,680;684,680;684,679;685,679;686,679;687,679;688,679;689,679;690,679;691,679;692,679;694,678;697,678;699,677;700,677;701,677;702,677;703,676;704,676;705,675;707,675;708,675;709,674;710,674;710,673;712,672;713,672;714,671;715,671;716,671;718,670;719,670;720,670;721,669;722,669;723,669;724,668;725,668;727,668;728,668;729,667;730,667;731,667;733,667;734,667;734,666;735,666;736,666;737,666;738,666;739,666;740,666;741,665;742,665;744,665;745,665;746,665;747,665;748,665;749,665;750,664;751,664;752,664;753,664;754,663;755,663;756,663;758,663;759,663;760,663;761,663;762,663;764,663;766,663;767,663;768,663;769,663;770,663;771,663;772,663;774,663;775,663;776,663;777,663;778,663;779,663;780,663;782,664;783,665;784,665;785,665;786,667;787,667;788,667;789,667;790,667;791,667;791,668;792,668;794,668;795,668;796,668;797,668;799,669;800,669;802,670;803,670;805,670;806,670;807,670;808,670;809,670;811,671;812,671;813,672;816,672;816,673;817,673;818,674;819,674;821,674;822,674;823,675;824,675;825,675;826,675;828,676;829,677;830,677;831,677;831,678;831,679;832,679;833,679;834,679;835,679;837,679;839,680;840,681;841,681;842,681;843,682;845,682;846,682;847,682;847,683;849,683;851,684;852,684;853,684;854,685;855,686;856,687;857,688;857,690;858,691;858,692;859,693;859,694;860,694;861,695;862,695;862,696;862,697;862,698;863,700;863,701;863,703;863,704;863,705;863,706;863,707;863,708;863,709;863,711;863,712;861,713;860,714;860,715;860,716;859,717;859,718;859,719;857,720;857,721;855,721;854,723;853,723;852,725;852,726;851,726;851,727;850,727;849,728;849,729;848,731;848,732;847,733;847,735;846,737;846,738;846,739;845,739;845,740;845,743;845,745;845,746;845,747;845,748;845,749;845,750;845,751;845,752;845,754;845,755;845,756;845,757;845,758;845,760;845,761;845,762;845,763;845,766;846,768;847,768;847,770;848,772;848,773;849,774;849,775;850,776;850,778;850,779;850,780;850,781;850,782;850,785;850,786;850,788;851,791;851,792;851,794;851,795;851,797;851,798;851,799;851,800;851,802;851,803;851,804;851,805;851,808;851,809;851,810;851,812;851,814;851,816;851,818;851,821;851,822;851,824;850,827;849,828;848,830;847,832;847,833;846,834;846,835;846,836;846,837;845,840;844,841;843,842;842,842;842,843;841,843;841,844;838,845;837,846;837,847;836,847;835,848;834,848;833,848;832,849;831,849;830,849;829,849;829,850;827,850;826,850;825,851;825,852;823,852;822,853;821,854;820,854;819,854;818,854;817,854;817,855;816,855;815,855;814,855;813,855;812,856;810,856;808,856;806,857;804,857;803,857;802,857;801,857;801,858;800,858;799,859;797,859;797,860;796,860;795,860;794,860;793,860;792,860;792,861;790,861;788,861;787,863;786,863;785,863;783,864;782,864;782,865;781,865;780,865;779,865;777,866;775,866;774,866;774,867;773,867;771,867;770,867;769,867;768,868;767,868;766,868;765,868;764,868;763,868;762,868;761,868;760,868;759,868;758,868;757,868;756,868;753,868;752,868;751,868;750,868;749,868;748,868;746,868;745,868;744,868;742,868;741,868;740,868;739,868;738,868;737,868;736,868;735,868;734,868;733,868;731,868;730,868;729,868;728,868;727,868;726,868;725,868;724,868;722,868;721,868;720,868;719,868;718,868;716,868;715,868;714,868;713,868;712,868;710,868;709,868;708,868;707,868;706,868;705,868;704,868;702,868;701,868;699,868;697,868;696,868;695,868;694,868;693,868;692,868;691,868;690,868;689,868;687,868;686,868;685,868;684,868;683,868;682,868;681,868;680,868;679,868;678,868;676,868;675,868;674,869;673,869;672,869;671,870;670,870;669,870;668,870;667,870;666,871;665,871;663,872;662,872;661,872;660,873;659,873;658,873;657,874;655,875;653,875;652,876;651,876;650,876;649,876;648,876;647,877;646,877;645,877;643,877;642,877;641,877;640,877;639,877;639,878;638,878;636,878;634,878;632,878;631,880;630,880;630,881;628,881;627,881;625,881;624,882;623,882;623,883;622,883;621,883;620,883;619,883;618,883;617,884;616,884;615,884;614,884;612,884;611,884;608,886;607,886;606,886;605,886;604,886;602,887;601,888;600,888;598,888;596,889;595,889;594,889;593,890;592,890;591,890;589,891;586,891;584,892;583,892;582,893;581,893;580,893;579,893;578,893;577,893;575,893;574,893;573,893;572,893;571,893;571,894;570,895;569,896;568,896;567,896;566,896;565,896;564,896;563,896;561,896;560,896;559,896;558,896;557,896;556,896;555,896;554,896;552,896;551,896;550,896;549,896;548,896;546,896;545,896;544,896;543,896;542,896;541,896;540,896;539,896;537,896;536,896;535,896;534,896;532,896;530,896;529,896;528,896;527,896;526,896;524,896;522,896;520,896;519,896;518,895;517,895;515,894;514,894;513,894;512,894;511,894;509,894;508,894;507,894;506,894;505,894;504,894;503,894;501,894;500,894;499,894;498,894;497,894;495,894;494,894;493,894;492,894;491,894;490,894;488,894;486,894;485,894;484,894;483,894;482,894;481,894;479,894;478,894;477,894;476,894;475,894;474,894;472,894;470,894;469,894;468,894;467,894;466,894;465,894;464,894;463,894;462,894;460,894;459,894;458,894;457,894;456,894;455,894;454,894;453,894;451,894;449,896;448,896;447,896;446,898;445,899;444,899;444,900;443,900;
Stroma, ICG; POLYGON; 255, 255, 255; 473,895;472,897;471,897;468,898;468,899;467,899;465,899;464,899;462,900;461,900;460,900;459,900;456,901;455,901;454,901;453,901;452,901;452,902;451,902;450,902;449,902;447,902;445,902;444,902;443,902;442,902;441,902;440,902;439,902;438,901;437,900;436,900;433,900;432,900;431,900;431,899;430,899;429,899;428,898;426,897;425,897;424,897;423,897;421,896;420,895;419,895;418,894;417,894;416,894;415,894;414,893;413,892;411,892;409,891;409,890;407,889;406,888;405,888;404,887;404,886;403,885;403,884;402,884;401,882;400,882;399,881;398,880;398,879;397,879;396,876;396,875;395,875;394,874;394,873;394,871;394,870;394,869;394,868;394,866;394,865;394,863;394,862;394,861;394,859;394,858;394,857;394,856;394,855;396,851;398,849;401,848;403,844;406,842;408,841;410,838;415,836;417,834;419,833;422,832;425,832;429,831;433,830;437,830;441,829;444,828;448,827;451,827;454,826;455,826;457,826;459,826;463,825;
Stroma, ICG; POLYGON; 255, 255, 255; 180,801;179,801;178,801;177,801;176,801;175,801;174,802;173,802;172,802;171,802;169,800;169,799;169,797;169,795;169,794;169,793;169,791;169,790;169,789;169,788;169,787;169,785;171,783;172,781;173,779;173,778;174,777;175,776;176,775;178,772;180,770;181,769;182,769;184,769;185,768;185,767;186,767;186,766;187,766;188,765;189,764;189,763;190,763;190,762;192,762;193,762;194,762;195,762;196,762;197,762;198,762;199,762;200,762;201,762;202,762;203,763;205,763;206,763;207,763;209,763;209,765;210,765;211,765;212,765;213,765;214,765;216,765;218,765;219,765;220,765;221,766;221,767;222,767;223,767;224,767;226,767;227,767;228,767;229,767;230,767;231,767;232,767;233,767;234,767;235,767;236,767;238,767;239,767;240,767;242,767;243,767;244,767;245,767;246,767;247,767;249,767;251,767;252,767;253,767;254,767;255,767;256,767;257,767;258,766;260,766;262,766;263,766;264,765;266,764;267,764;268,764;269,763;270,763;272,763;274,763;275,762;277,762;278,762;279,762;279,761;281,761;282,761;283,761;284,760;285,760;286,760;287,760;288,759;289,759;290,759;291,758;292,758;293,758;294,758;296,757;297,757;298,757;299,757;300,757;301,757;302,757;303,757;303,756;304,756;305,756;307,756;308,756;309,755;310,755;311,755;312,754;313,753;314,753;316,753;317,753;318,753;320,753;321,753;322,753;323,753;324,753;325,753;326,753;327,753;328,752;330,752;331,752;331,751;333,751;334,751;336,751;337,751;338,750;339,750;340,750;341,749;342,749;343,749;344,749;346,749;346,747;347,747;348,747;350,746;352,746;354,746;356,745;357,745;359,744;361,744;364,743;365,741;367,741;369,740;370,740;372,740;374,740;375,740;377,740;378,740;381,740;383,739;385,739;386,739;387,738;389,738;390,738;391,738;392,737;394,737;396,737;398,736;399,735;400,735;401,734;402,734;403,734;404,734;406,734;407,732;408,732;409,732;410,731;411,731;412,731;412,730;413,729;414,729;415,729;416,728;417,728;418,728;419,727;420,727;422,726;423,725;425,723;426,723;427,723;428,722;428,721;429,721;430,720;431,719;432,718;434,718;435,718;436,716;437,716;438,716;440,715;442,715;445,715;447,715;448,715;450,715;453,715;455,715;456,715;457,715;459,717;461,719;461,720;462,724;463,726;463,730;463,733;463,737;464,739;464,742;465,745;465,747;465,748;465,750;465,751;465,753;465,756;465,757;465,758;465,759;465,762;465,763;465,764;465,765;465,766;465,768;464,770;462,773;462,774;462,775;461,775;461,777;460,777;460,778;459,778;459,779;457,781;456,781;456,783;455,783;454,785;453,785;451,788;450,789;447,792;447,794;446,796;444,796;443,798;442,800;441,802;440,804;439,805;439,807;439,808;439,810;439,813;439,814;438,816;438,817;438,819;437,821;437,822;437,824;436,826;436,827;435,829;435,831;435,833;432,836;432,838;432,839;430,841;430,842;430,844;429,845;428,847;428,848;428,849;426,851;426,852;424,853;423,856;423,857;422,858;421,860;420,863;419,865;418,867;416,869;416,871;415,872;413,873;413,875;411,877;410,879;408,879;408,880;407,880;407,881;406,881;405,881;404,881;402,881;400,881;397,881;396,881;395,881;394,881;393,881;391,879;390,878;390,877;390,876;390,875;390,874;390,872;390,871;390,869;390,868;389,867;389,866;389,864;389,862;389,861;389,860;389,859;389,857;388,856;388,855;387,854;386,854;385,853;385,852;385,850;385,849;385,848;384,846;384,845;383,843;382,842;381,842;381,841;380,841;379,841;378,840;377,839;375,837;374,837;373,836;372,836;371,837;370,837;369,837;368,838;367,838;366,838;365,839;363,840;363,841;362,842;362,843;361,843;361,845;360,846;359,847;358,848;357,849;357,850;356,851;355,851;355,852;354,852;353,853;351,854;350,854;349,855;348,855;347,856;346,856;345,856;344,856;343,856;342,856;341,856;341,855;339,855;338,855;338,854;337,854;335,854;335,853;334,853;334,852;333,852;331,852;330,851;329,849;328,848;327,847;326,847;326,846;325,845;323,844;322,843;322,842;321,842;319,841;318,840;317,840;316,839;315,839;315,838;314,837;312,836;310,835;309,835;308,835;307,834;306,834;305,833;305,832;305,831;304,831;303,829;303,828;303,827;303,825;303,823;303,822;303,821;303,820;303,819;303,818;304,817;304,816;305,815;305,814;306,813;306,812;306,811;308,810;308,809;308,808;308,807;308,806;308,805;308,804;308,803;308,802;307,800;306,799;305,798;303,797;302,797;301,796;300,796;299,794;298,794;297,793;296,793;295,793;294,793;293,793;292,793;291,793;290,792;290,791;290,790;289,789;289,788;289,787;289,786;288,785;287,784;286,783;286,782;285,782;284,781;283,781;282,780;281,780;280,780;278,780;277,780;275,780;274,780;272,780;271,780;270,780;269,780;268,780;267,781;265,782;263,782;262,782;262,783;260,784;259,784;258,784;257,784;256,785;255,785;254,785;253,785;252,785;251,785;251,786;250,786;248,786;247,787;246,787;245,787;244,787;242,787;240,787;239,787;238,787;237,787;236,789;235,789;234,790;233,790;232,790;231,790;230,791;230,792;230,793;230,794;229,795;229,796;228,796;226,798;225,798;224,798;223,796;222,796;222,794;222,793;222,792;222,791;221,791;221,790;221,789;220,787;219,786;219,785;218,785;217,785;216,785;215,785;213,785;212,785;211,785;210,785;209,785;208,785;207,785;206,785;205,787;204,788;203,788;203,789;202,790;201,791;200,791;200,792;200,793;200,794;199,795;198,796;197,796;196,796;195,797;194,797;193,797;192,797;190,798;189,798;188,799;187,800;187,801;185,801;184,801;182,801;181,801;180,801;177,802;176,802;175,802;174,802;174,803;173,803;172,803;
Stroma, ICG; POLYGON; 255, 255, 255; 314,804;313,804;312,804;310,804;310,805;309,805;308,806;308,807;307,809;306,809;306,810;306,811;306,812;305,812;305,813;304,815;304,816;303,817;302,817;302,818;302,820;302,821;301,821;301,822;299,822;298,823;297,823;296,824;295,824;294,824;293,824;292,824;291,824;289,824;287,824;286,824;285,824;284,825;283,825;283,826;283,827;282,827;281,827;280,827;279,827;277,827;275,827;274,827;273,827;272,827;271,827;270,827;269,827;268,827;267,827;266,827;265,827;264,827;263,827;262,827;261,827;260,827;258,827;257,827;255,827;254,827;253,827;252,826;251,826;250,826;249,826;248,825;247,825;246,825;245,825;244,825;243,825;242,825;240,825;239,824;238,824;237,824;235,823;234,823;233,823;232,822;231,822;230,822;229,822;228,822;228,821;228,820;227,820;226,820;225,820;224,819;221,819;220,819;220,818;219,818;219,817;218,817;217,817;216,816;215,815;215,814;214,814;213,814;212,814;211,814;210,814;209,814;208,814;208,813;207,813;206,813;205,813;204,813;202,813;201,812;200,812;198,812;197,812;195,812;194,812;193,812;192,812;191,812;190,812;188,812;187,812;185,812;184,812;183,812;182,812;180,812;179,812;178,812;176,814;176,815;175,815;174,816;173,816;173,817;172,817;172,818;171,819;171,820;170,822;170,823;170,824;169,824;169,825;169,826;169,828;169,829;169,830;169,831;169,832;169,834;169,835;169,836;169,837;169,838;169,840;169,841;169,842;169,843;169,845;169,847;169,848;169,849;169,850;169,851;169,852;169,853;169,854;169,855;169,856;169,857;170,858;171,858;172,860;174,861;175,861;176,861;177,862;178,862;179,863;180,863;181,863;182,863;183,863;183,864;184,864;185,864;186,864;187,864;188,864;189,864;190,864;191,864;192,864;193,864;194,863;195,863;197,862;198,862;198,861;199,859;201,858;202,858;203,858;204,857;204,856;205,856;205,855;206,855;207,855;208,855;209,855;210,855;212,855;213,854;214,854;215,854;216,854;217,854;218,854;219,853;220,853;221,853;223,853;224,853;226,853;227,853;228,853;229,853;230,853;232,853;233,853;234,853;235,853;236,853;238,853;240,853;242,854;244,854;246,854;247,854;248,855;249,855;250,855;251,855;253,855;254,855;255,855;256,855;257,855;257,856;258,856;259,856;260,856;261,856;262,856;264,856;265,856;266,856;267,856;268,856;269,856;270,857;271,857;273,857;274,858;274,860;274,861;275,861;276,862;277,863;278,863;278,864;278,865;278,866;279,866;279,867;279,868;280,868;280,869;280,870;280,871;280,872;281,873;281,874;282,875;282,878;283,879;283,880;284,881;285,883;285,884;286,884;287,884;289,884;291,884;294,884;296,884;297,884;298,884;299,884;300,884;301,884;302,884;303,884;304,884;305,884;306,884;307,884;308,884;308,883;308,882;310,882;311,881;312,881;314,880;315,879;316,878;318,876;318,875;318,874;319,873;320,873;320,872;320,871;320,870;320,869;320,868;320,867;320,866;320,864;320,863;320,862;321,862;321,861;322,860;322,859;322,858;322,857;323,857;323,856;324,856;324,855;326,854;327,853;328,851;329,851;330,851;331,850;332,850;332,849;333,848;334,847;335,847;335,846;336,845;336,844;338,844;339,844;339,842;339,841;341,839;341,838;343,837;344,836;345,835;346,835;346,832;346,831;346,830;348,825;348,824;348,822;348,819;348,818;349,816;349,815;349,812;349,811;349,808;349,806;349,804;349,803;349,800;349,799;349,798;349,797;349,796;347,794;345,793;343,793;342,792;340,792;338,792;337,792;335,792;332,793;332,794;
Stroma, ICG; POLYGON; 255, 255, 255; 308,800;307,800;306,800;305,800;302,800;301,800;300,800;299,800;298,800;297,799;296,799;294,799;293,799;292,798;291,797;291,796;290,796;289,795;288,794;287,793;287,792;287,791;286,790;285,790;284,789;283,789;282,789;281,788;280,788;279,788;278,788;277,788;276,788;275,788;274,788;273,788;271,788;270,788;269,788;268,788;266,788;263,788;262,788;260,788;259,788;257,788;255,788;254,786;253,785;253,784;253,783;253,782;253,781;253,780;254,780;254,779;255,778;256,777;257,776;261,776;263,776;265,776;266,776;267,776;268,776;269,776;270,775;271,775;272,775;273,775;275,775;278,775;281,775;284,775;287,775;289,775;292,775;295,775;299,775;304,775;307,775;310,775;312,775;314,775;316,775;319,775;321,775;322,775;324,775;326,775;329,775;331,775;333,775;335,776;337,777;337,778;338,779;339,780;339,781;339,782;339,784;342,787;
Stroma, ICG; POLYGON; 255, 255, 255; 373,832;373,833;373,834;373,835;373,837;373,839;373,840;373,841;373,842;373,843;373,844;373,845;373,846;373,847;373,848;373,849;373,851;373,852;372,852;372,853;371,854;371,855;370,857;370,858;370,859;370,860;369,861;369,863;369,864;368,865;367,866;367,867;366,870;366,871;365,871;365,872;365,874;364,875;363,876;363,877;363,879;362,879;362,880;362,881;362,882;362,883;362,884;362,885;361,885;361,886;361,889;361,891;361,893;361,894;361,895;361,896;361,897;361,898;361,899;361,901;361,903;361,904;362,907;362,908;364,909;365,909;365,910;366,911;367,913;368,914;369,916;370,916;370,917;371,917;372,917;372,919;373,919;373,920;374,921;375,922;376,922;379,923;380,923;381,924;383,925;385,925;386,925;387,925;388,925;389,925;390,925;392,925;393,925;394,925;395,925;396,924;397,924;399,924;400,924;400,923;401,923;403,923;404,922;405,922;406,921;406,920;407,920;408,918;408,917;409,916;411,916;411,915;412,914;413,912;414,911;414,910;414,909;414,908;414,906;414,905;414,904;414,903;414,902;414,901;414,899;414,898;414,897;414,896;414,895;415,895;416,893;416,892;417,890;417,889;419,887;419,886;420,884;421,882;424,879;425,877;425,875;426,872;426,868;427,865;428,861;428,858;428,855;428,852;428,849;428,848;427,845;427,842;425,841;425,840;422,837;422,836;419,833;418,831;417,829;416,828;415,827;414,826;413,825;412,824;408,822;405,820;401,818;397,817;394,815;393,815;393,814;392,814;389,813;386,813;382,813;381,813;380,813;379,813;379,814;
Stroma, ICG; POLYGON; 255, 255, 255; 363,886;362,886;361,886;359,886;358,886;357,886;356,886;355,886;354,886;353,886;352,886;350,886;348,886;347,886;346,886;345,886;344,886;343,886;342,886;341,886;340,886;339,886;338,886;337,886;336,886;335,886;334,886;333,886;332,886;331,886;329,886;328,886;327,886;325,885;323,885;322,885;320,884;319,884;318,884;317,884;315,884;313,883;312,883;311,883;309,883;308,883;307,882;307,881;306,880;305,879;304,879;304,878;304,877;304,876;304,875;304,874;305,874;307,874;309,874;310,874;311,874;313,874;314,874;315,874;316,874;317,874;318,874;319,874;320,875;321,875;323,876;325,877;326,877;327,878;328,878;329,878;330,878;330,879;332,879;334,880;335,880;336,880;338,880;339,880;340,880;341,880;342,880;343,880;344,880;345,880;346,880;347,880;348,880;349,880;350,880;351,880;352,880;353,880;354,880;355,880;357,880;358,880;359,880;360,880;362,879;363,879;364,879;365,879;366,879;367,879;368,879;369,879;370,879;371,879;372,879;373,880;373,881;373,882;373,883;373,884;373,885;373,886;373,887;373,888;373,890;373,891;373,893;373,894;373,896;372,898;372,901;372,903;
Stroma, ICG; POLYGON; 255, 255, 255; 360,911;358,909;358,908;358,907;358,906;357,906;357,905;357,904;356,903;356,902;355,902;355,901;354,900;354,899;354,898;354,896;354,895;353,895;353,894;353,893;353,892;353,891;353,890;353,889;355,888;356,888;359,888;360,887;361,887;361,886;362,886;363,886;365,886;367,886;369,886;371,886;372,886;373,886;374,886;376,886;377,886;377,888;378,889;378,890;379,891;379,893;381,894;382,895;382,896;382,897;382,898;382,899;382,901;382,903;382,907;382,909;382,911;382,913;
Stroma, ICG; POLYGON; 255, 255, 255; 848,725;848,726;848,727;848,729;848,730;848,731;848,732;848,733;848,734;848,735;848,736;846,737;846,738;846,739;846,740;846,741;846,742;846,743;846,744;846,745;846,746;846,747;846,748;846,749;846,750;846,751;846,752;846,754;846,755;846,756;846,757;846,758;846,759;847,761;848,762;849,762;850,762;851,762;853,761;854,761;856,760;856,759;857,759;858,759;859,759;860,759;860,758;861,758;862,757;863,757;864,757;864,755;865,755;866,755;867,755;868,754;869,754;870,754;871,754;872,754;873,754;874,754;876,754;878,752;879,752;880,752;881,752;883,752;884,752;885,752;885,751;886,751;887,751;888,749;889,749;890,749;890,748;891,747;892,747;893,747;894,747;895,746;896,746;897,745;898,745;898,744;899,743;900,742;901,740;901,739;901,736;901,735;902,735;902,734;903,733;903,732;905,731;906,729;906,728;907,727;907,726;907,725;907,723;907,722;906,721;905,721;904,720;903,720;903,719;902,719;901,718;901,717;901,716;900,716;900,715;900,714;899,713;898,712;898,711;898,710;898,709;898,708;898,707;898,706;898,705;898,704;898,703;898,702;898,701;898,699;898,698;898,697;899,697;899,696;900,695;901,695;902,695;903,695;903,693;905,692;906,692;908,692;911,692;912,692;914,692;914,691;915,691;916,691;917,691;918,690;920,690;921,690;923,690;925,690;927,690;928,690;929,690;930,690;931,690;932,690;933,690;934,690;936,690;937,690;938,690;940,690;941,690;942,690;943,690;944,690;945,690;946,690;946,689;947,689;948,689;949,689;950,689;951,689;952,689;953,689;954,689;956,689;957,689;959,689;963,689;965,689;966,689;967,689;969,689;970,689;972,689;973,689;974,689;975,689;976,689;977,687;978,687;980,687;981,687;983,687;985,687;987,687;988,687;989,687;990,687;991,687;992,687;993,687;994,687;995,687;996,687;997,687;998,687;999,687;1000,687;1001,688;1002,688;1003,690;1003,692;1003,693;1005,695;1005,696;1005,697;1005,698;1005,700;1005,701;1005,702;1005,703;1005,704;1005,705;1005,706;1004,707;1003,707;1002,707;1001,708;1000,709;998,709;995,709;993,709;992,709;991,711;990,711;989,713;988,713;986,714;985,715;983,715;982,715;981,715;979,716;978,716;978,717;977,717;976,718;976,719;976,720;975,721;975,722;974,723;974,725;973,727;973,729;973,730;973,733;973,734;973,735;973,736;973,737;973,738;973,739;973,740;973,741;973,743;973,744;973,745;973,746;973,747;973,749;973,750;973,751;973,752;973,753;973,755;973,756;973,757;973,758;973,761;973,762;973,763;973,764;972,765;971,765;970,765;969,765;968,765;967,767;966,768;965,769;963,770;962,771;961,771;960,772;958,772;956,775;953,777;949,778;947,780;945,782;943,783;941,784;940,785;939,785;936,786;936,787;934,789;933,790;932,790;930,791;927,792;924,795;922,795;919,796;917,796;916,796;915,797;914,797;914,798;912,799;912,800;911,801;910,801;910,802;909,802;909,803;907,804;906,806;905,807;904,807;904,808;902,808;901,809;900,809;899,810;898,811;897,812;896,812;896,813;895,813;894,814;893,815;893,816;892,816;891,816;890,816;889,816;889,817;887,818;886,819;885,819;884,820;884,821;883,821;882,822;881,822;881,823;881,824;879,824;878,825;877,826;876,827;876,828;876,829;876,830;875,831;874,832;874,833;874,834;874,835;874,836;873,837;872,837;872,838;872,839;871,840;871,841;871,842;870,842;869,843;868,843;868,844;867,846;866,846;865,847;864,847;864,848;862,849;860,849;860,850;858,851;856,853;854,853;853,853;852,854;851,854;850,854;849,854;848,854;846,855;844,855;842,855;841,855;840,855;839,856;838,856;838,855;837,855;835,854;834,854;833,854;832,854;831,854;830,854;829,854;828,853;827,853;826,853;824,852;823,851;822,851;821,851;820,851;818,850;816,849;813,849;812,848;811,848;810,847;809,847;807,845;807,844;806,844;806,842;806,841;806,838;806,837;805,835;804,832;803,829;803,827;803,825;803,824;803,823;803,820;803,817;803,814;803,812;803,810;803,808;803,805;803,802;803,799;803,797;803,796;804,793;805,791;805,790;805,789;806,787;807,785;808,783;808,782;808,780;809,778;809,777;810,774;810,771;811,770;812,767;813,765;815,762;818,758;819,756;819,753;821,751;821,749;821,746;821,744;822,742;822,739;822,736;822,732;822,730;823,728;824,724;825,720;826,717;828,715;829,712;831,710;831,708;831,706;832,705;
Stroma, ICG; POLYGON; 255, 255, 255; 647,877;647,878;647,879;646,880;644,880;643,880;642,880;643,878;644,878;645,878;647,878;649,878;650,878;651,877;652,877;652,876;653,876;654,876;655,876;656,876;657,876;658,874;660,874;662,874;663,873;664,873;665,873;666,873;667,873;668,873;669,873;671,873;672,872;673,871;674,871;675,871;676,871;678,871;681,871;683,871;686,871;687,871;688,871;689,871;690,871;693,871;696,870;698,869;701,865;704,865;706,864;709,863;711,861;711,860;712,858;713,856;714,854;715,852;715,850;716,849;716,845;716,842;716,839;716,835;716,833;715,830;714,827;714,826;714,824;714,822;713,822;713,821;711,820;710,818;709,818;707,818;704,817;701,816;699,816;698,816;697,816;696,816;695,816;694,816;692,818;692,820;
Stroma, ICG; POLYGON; 255, 255, 255; 711,853;710,853;710,854;709,856;709,857;709,858;709,861;709,862;708,863;708,864;708,865;707,865;706,866;706,867;706,868;706,869;705,869;704,870;703,870;703,871;702,871;701,871;700,871;699,871;698,871;697,871;696,871;694,871;693,871;692,871;691,871;690,872;689,872;688,872;687,872;687,873;686,873;685,874;684,874;683,874;682,874;681,874;680,875;679,875;678,876;677,876;676,876;675,876;674,876;673,876;672,877;671,877;670,877;669,877;666,878;665,878;664,878;663,878;661,879;660,879;658,880;656,880;655,880;654,880;652,880;651,880;649,881;647,881;646,881;644,881;641,881;640,881;637,881;635,881;631,881;630,881;629,881;627,881;625,881;623,881;622,881;620,881;617,879;616,878;613,874;611,872;609,871;607,868;607,867;607,866;607,864;607,860;607,858;607,855;607,853;607,850;607,847;608,843;610,840;612,837;616,835;620,833;624,831;624,830;625,829;626,829;627,829;
Stroma, ICG; POLYGON; 255, 255, 255; 81,308;80,309;80,310;78,313;77,314;77,315;76,316;73,319;73,320;71,321;71,322;71,323;70,325;68,328;68,329;67,330;65,332;64,333;61,335;60,336;59,338;57,339;57,340;56,341;55,342;54,346;53,347;52,349;50,351;50,352;48,354;47,355;45,357;45,358;43,360;43,361;42,362;41,365;41,366;39,367;39,368;36,371;35,372;34,373;33,375;31,377;30,378;28,380;27,381;26,383;24,384;23,386;23,387;21,390;20,391;19,393;18,394;18,396;17,398;16,399;16,400;15,402;15,403;15,404;13,406;13,408;11,410;11,412;11,413;10,416;10,417;10,418;10,419;10,421;10,422;9,423;9,424;9,425;9,428;9,431;9,432;9,434;9,435;9,436;9,437;9,438;9,439;9,440;9,441;9,442;9,443;9,445;9,446;9,447;9,448;9,450;10,451;10,452;11,452;11,453;11,454;11,455;11,457;11,458;12,458;13,458;14,459;15,460;17,461;17,462;18,462;18,463;19,464;20,464;21,464;22,466;23,466;24,467;25,469;26,470;26,472;27,472;27,473;27,475;28,477;28,478;28,479;29,480;29,482;29,483;29,484;30,484;30,485;30,486;31,488;31,489;31,490;32,491;32,492;33,493;33,494;34,494;35,494;36,495;37,496;38,497;39,497;40,498;41,499;41,500;42,500;43,501;44,502;47,502;48,503;49,503;51,504;52,505;54,506;55,506;57,506;57,507;58,507;59,507;60,508;61,508;63,509;64,509;66,511;66,512;67,512;68,512;69,512;70,513;70,514;72,514;73,514;75,515;76,515;78,516;79,516;80,516;82,518;83,518;84,518;85,518;86,518;87,519;88,519;89,520;90,520;91,520;92,520;94,521;95,521;98,522;99,523;100,523;100,524;101,524;102,525;104,525;105,525;106,526;107,527;107,528;108,530;109,530;110,530;110,531;111,531;113,533;114,533;115,533;116,533;116,534;116,535;117,535;117,536;118,536;119,537;120,537;121,538;123,539;125,539;126,541;127,542;128,542;130,542;131,542;132,542;133,543;134,543;136,544;138,544;139,544;141,546;143,547;144,548;145,548;146,548;148,548;149,548;150,548;151,549;152,549;153,550;154,550;155,550;155,551;156,551;157,551;158,551;160,552;161,552;162,552;162,553;162,554;163,554;164,554;165,554;165,555;166,555;167,555;168,556;169,556;171,557;173,557;174,558;175,558;175,559;175,560;177,560;178,560;179,561;180,561;181,561;183,561;184,561;185,561;186,562;187,562;188,562;189,562;189,563;190,563;191,563;192,563;194,564;195,564;196,564;197,564;198,565;200,565;201,565;202,565;203,565;204,565;205,565;206,565;207,565;208,565;209,565;210,565;211,565;212,565;213,565;215,565;216,565;217,565;218,565;219,565;220,565;221,565;222,565;223,565;224,565;225,565;226,565;227,565;228,565;229,565;230,565;231,565;232,565;233,565;235,565;236,565;237,565;238,565;240,565;241,565;242,563;243,563;244,562;245,562;246,562;247,562;247,561;248,561;248,560;249,560;252,559;252,558;253,558;255,557;256,557;257,557;258,557;259,556;260,556;262,556;263,556;264,556;265,556;266,556;267,556;268,556;269,556;270,556;271,556;274,556;275,556;276,556;277,555;278,555;279,555;281,555;284,555;286,555;287,554;288,554;289,554;290,554;292,554;294,554;295,553;297,551;298,551;299,551;300,551;301,551;302,551;303,551;305,550;306,550;308,549;309,549;310,549;311,549;312,549;314,548;315,548;317,547;317,546;318,546;319,545;320,545;321,545;322,545;323,544;324,543;325,543;326,543;327,542;328,542;329,541;329,540;330,539;331,538;332,538;332,537;332,536;332,535;332,534;332,533;332,532;332,531;332,530;332,528;332,527;332,526;332,525;331,524;330,523;330,522;329,521;328,521;327,521;326,521;325,521;324,521;323,521;322,520;321,519;320,519;319,519;318,518;317,518;316,517;315,516;314,515;313,515;313,513;312,512;312,510;312,509;312,507;312,506;312,505;312,504;312,503;312,502;312,501;312,500;312,499;312,498;312,497;312,496;312,495;313,494;313,492;314,491;315,490;317,490;318,490;320,490;321,490;323,490;324,490;325,490;326,490;328,490;329,490;330,490;330,492;330,493;330,494;331,494;331,495;331,496;331,498;331,499;331,500;331,501;331,502;331,503;331,504;331,505;331,506;331,507;332,509;332,510;332,511;332,512;332,513;332,514;333,515;333,517;333,518;334,518;334,519;334,520;334,521;334,522;334,523;334,524;334,525;335,525;335,526;335,527;336,527;336,528;336,529;336,530;337,530;337,531;339,532;340,533;341,534;342,535;343,537;344,538;345,538;346,538;347,539;348,539;349,539;350,540;352,541;353,541;354,540;355,540;356,540;358,539;358,538;359,538;360,538;361,536;362,535;363,535;364,535;365,534;366,534;367,534;368,534;369,534;370,534;371,534;372,534;373,534;374,534;375,534;376,534;376,533;377,533;378,533;379,532;380,532;381,532;382,530;383,529;384,527;385,527;386,527;387,526;388,525;389,524;389,523;390,523;390,522;390,521;390,520;392,520;392,519;393,519;393,517;394,516;395,516;395,515;396,515;397,514;398,513;398,511;399,510;400,509;401,507;402,506;402,505;402,504;403,503;404,503;405,502;405,501;406,500;406,497;406,496;407,495;408,495;409,495;409,494;409,492;409,491;410,491;410,490;411,489;411,488;411,487;411,486;411,485;412,485;412,483;412,482;413,481;413,480;413,478;413,477;414,477;414,476;414,474;415,473;415,472;415,471;415,470;415,469;415,468;415,467;416,467;416,466;417,464;417,463;417,462;417,461;418,461;418,459;418,458;419,457;420,456;420,455;420,454;420,452;420,451;420,450;420,449;420,448;420,447;420,446;420,445;420,444;420,443;420,442;420,441;420,440;420,439;420,438;420,437;420,436;420,435;421,435;421,434;421,433;421,431;421,430;421,429;421,428;421,427;421,425;422,424;422,423;422,422;423,421;424,420;424,419;424,418;426,418;427,418;427,417;428,417;428,416;428,415;429,414;430,414;433,412;434,411;434,410;435,410;436,410;437,409;437,408;437,407;438,407;438,406;439,406;439,405;440,405;441,403;442,402;442,401;442,400;442,399;443,398;443,397;443,395;444,395;444,394;445,393;446,392;447,391;447,390;448,389;448,388;449,388;449,387;449,386;450,386;450,385;450,384;451,383;452,383;453,382;454,381;455,380;456,378;456,377;458,375;459,374;459,373;460,372;461,371;461,370;461,369;462,368;463,367;465,366;465,365;465,363;465,362;465,361;465,359;465,358;465,357;465,356;463,353;461,351;457,349;453,349;450,349;449,348;447,348;444,348;442,348;440,348;438,348;436,348;435,349;433,349;431,352;429,352;425,354;424,354;422,356;421,357;420,357;419,358;418,360;417,361;416,362;414,362;413,363;412,364;412,365;411,365;410,366;408,367;406,367;405,367;402,367;400,367;397,367;395,368;392,368;390,369;388,370;386,370;385,371;384,372;383,373;382,374;381,375;380,376;378,378;377,380;376,381;375,382;374,383;374,384;373,385;372,386;371,387;369,388;368,389;367,390;366,390;365,390;364,390;362,390;361,391;360,391;359,391;358,391;356,391;354,391;352,391;351,392;350,392;349,392;348,392;347,392;346,392;345,392;344,392;342,393;341,393;340,393;339,393;338,393;337,394;336,394;335,394;335,396;334,396;333,396;332,396;331,396;330,396;329,397;328,398;326,398;325,398;324,399;323,399;321,399;320,399;319,399;318,400;317,401;316,402;316,403;316,404;315,405;315,407;315,408;314,409;314,410;314,411;314,413;314,414;313,414;312,415;311,416;311,417;309,418;309,419;308,419;307,419;306,419;304,420;303,420;302,420;301,420;299,420;297,421;295,422;294,422;292,423;290,423;289,423;288,423;287,423;284,424;283,424;281,424;278,424;277,424;273,424;272,424;271,424;268,424;266,424;264,423;263,422;261,420;259,417;257,415;256,410;255,408;254,407;254,404;254,403;254,400;254,399;254,395;254,393;254,390;255,388;255,384;257,381;257,378;257,376;257,375;258,372;259,369;261,365;262,362;263,360;263,358;263,355;263,354;263,351;262,349;260,345;256,342;252,337;249,334;247,333;244,331;239,329;236,326;233,324;230,323;226,321;222,320;217,318;212,315;207,314;202,312;199,310;194,307;191,306;187,304;183,302;180,301;177,299;172,298;168,296;164,295;159,294;153,293;149,292;143,291;138,291;135,291;133,290;131,290;130,290;127,290;125,290;123,289;121,289;118,289;117,289;116,289;114,289;113,289;112,289;111,289;110,290;108,290;105,292;104,292;103,293;103,294;101,295;101,296;100,297;100,298;99,298;97,298;96,299;95,299;94,300;93,300;92,301;92,302;91,302;91,303;89,303;88,303;85,303;84,304;83,304;82,304;81,305;80,305;79,305;79,306;
Stroma, ICG; POLYGON; 255, 255, 255; 330,500;330,499;329,498;327,497;327,496;326,496;325,496;324,496;323,496;322,496;320,496;319,496;317,496;316,496;315,496;312,495;311,495;308,495;305,493;304,493;303,493;302,493;302,492;301,492;301,491;300,490;300,488;300,486;300,483;300,481;300,479;300,478;300,477;300,475;301,473;303,472;305,471;309,468;314,467;317,466;321,465;323,464;326,464;329,464;332,463;333,463;334,463;335,463;336,463;339,464;342,465;344,466;345,467;348,469;348,470;350,471;350,472;351,472;352,473;352,475;356,477;356,478;356,479;356,480;356,482;356,483;356,486;356,488;356,490;356,493;356,495;356,496;
Stroma, ICG; POLYGON; 255, 255, 255; 335,516;335,515;334,516;333,517;332,517;331,517;330,518;330,519;329,520;328,520;328,521;328,522;327,523;326,524;325,524;324,526;322,527;322,528;321,529;320,530;319,530;319,531;319,532;319,533;319,534;319,535;319,536;319,537;319,538;319,539;319,540;319,541;319,542;319,543;320,544;321,544;322,544;323,544;324,544;325,544;326,544;328,544;329,544;330,544;331,544;332,544;333,544;334,544;335,544;336,544;337,544;339,544;340,544;341,544;342,544;343,544;344,544;345,544;346,544;347,543;349,542;349,541;350,541;351,541;352,541;353,541;355,539;356,538;357,537;358,535;359,533;360,532;360,530;360,529;361,528;361,525;361,524;361,521;361,517;361,515;361,513;361,512;361,511;
Stroma, ICG; POLYGON; 255, 255, 255; 293,554;294,554;296,554;297,554;298,554;300,554;301,554;302,554;304,554;305,554;306,554;307,554;308,554;309,554;310,554;311,554;312,553;314,553;315,553;316,553;317,552;318,552;320,551;321,550;323,550;325,550;326,549;327,549;328,549;329,549;330,549;331,549;332,549;333,549;335,549;336,547;337,546;338,546;339,545;341,545;343,544;345,544;346,544;347,543;347,542;349,540;350,539;351,539;352,538;353,538;355,538;356,538;357,538;358,538;358,537;359,537;360,537;362,537;363,537;367,537;369,537;370,537;371,537;372,537;373,537;374,537;375,537;377,536;377,535;379,535;380,535;381,534;382,533;383,532;384,531;384,530;385,528;385,526;385,525;385,524;385,523;385,522;385,520;385,519;385,518;385,517;384,514;382,512;380,512;378,511;377,511;376,511;375,511;374,511;373,511;372,511;370,511;369,511;369,512;368,513;368,515;366,518;365,519;365,521;363,522;363,523;361,524;361,525;360,525;359,526;357,526;356,527;354,527;352,529;351,529;350,529;348,530;346,530;342,531;340,531;337,531;335,531;332,533;328,535;326,535;323,537;321,537;318,538;316,538;315,538;314,540;312,540;310,541;309,541;308,541;306,541;305,541;303,542;301,542;299,543;297,543;295,543;291,543;289,543;288,543;287,543;286,543;287,544;288,545;290,547;
Specular reflection; POLYGON; 191, 91, 22; 282,406;283,406;285,405;288,405;289,404;291,404;292,403;293,403;294,403;296,402;298,402;299,401;300,400;301,400;302,400;303,399;305,399;306,399;306,398;308,397;309,395;310,395;311,394;311,393;311,392;312,392;312,391;313,391;314,390;315,390;315,389;315,388;316,388;317,387;318,387;320,387;321,386;322,386;324,385;326,385;327,385;328,385;329,385;331,384;332,384;333,383;334,383;336,383;337,383;338,382;339,382;340,382;341,381;342,381;343,381;344,381;346,381;347,381;348,380;349,380;350,380;352,380;353,380;354,380;355,380;356,381;358,383;359,384;359,386;359,387;359,388;359,390;359,391;359,392;359,393;359,394;359,395;358,395;357,395;356,395;355,395;354,395;353,395;350,395;349,395;348,395;347,395;346,395;345,395;344,395;343,396;342,396;340,396;339,396;338,396;337,396;336,396;336,397;335,397;334,397;333,397;332,397;329,398;328,398;327,398;327,399;325,399;324,400;322,400;321,402;320,402;319,403;317,404;316,404;315,405;315,406;315,407;315,408;315,409;315,410;314,411;313,412;313,413;312,414;310,416;309,416;309,417;308,417;306,417;304,417;302,417;301,418;299,418;299,419;298,419;296,419;295,419;294,419;293,419;292,419;291,419;290,419;289,419;288,419;287,419;286,419;284,419;283,419;281,419;280,419;279,419;278,419;277,419;276,419;274,419;273,419;272,419;271,418;271,417;271,416;271,414;271,413;271,412;272,411;273,411;274,411;275,410;276,410;279,410;280,409;281,408;282,408;285,407;286,407;288,405;291,405;292,404;293,404;294,404;294,403;
Specular reflection; POLYGON; 191, 91, 22; 320,386;319,386;318,386;317,386;315,386;314,386;313,386;312,386;311,386;310,387;309,387;308,387;308,388;307,389;306,389;305,389;305,390;304,392;303,393;302,394;302,395;301,395;300,395;299,395;298,395;297,395;296,395;294,395;293,395;292,395;291,395;289,395;288,395;287,395;286,396;285,397;285,398;285,399;285,400;284,401;284,402;283,403;282,403;282,405;281,405;281,406;280,407;280,408;280,409;280,411;280,412;281,412;282,412;283,412;285,412;288,412;292,412;296,412;300,412;
Stroma, ICG; POLYGON; 255, 255, 255; 305,417;304,417;303,417;302,417;301,417;299,417;298,417;297,417;296,417;295,417;293,417;292,417;291,417;290,417;288,417;287,417;286,417;285,417;284,417;283,417;282,417;281,417;280,417;277,417;276,417;275,417;274,417;273,417;272,417;271,417;270,417;269,416;269,415;269,414;269,413;270,412;271,411;271,410;272,410;273,408;274,406;275,405;276,405;277,405;278,404;279,403;279,402;279,401;279,400;280,400;281,399;281,398;282,396;283,395;283,394;283,393;284,393;285,393;286,393;288,392;288,391;289,391;290,391;292,391;293,391;295,391;296,391;297,391;298,390;299,390;300,390;301,390;302,388;303,387;304,387;305,387;306,387;307,387;308,386;309,386;311,386;312,386;313,386;314,386;315,386;316,386;317,386;320,388;323,388;324,388;325,388;326,388;327,388;328,388;329,388;330,388;331,388;332,388;333,388;334,388;335,388;336,388;337,388;338,388;339,388;341,388;343,388;345,387;346,387;347,387;347,386;348,385;350,385;351,385;352,384;353,384;354,384;355,384;357,384;358,384;359,384;360,384;361,384;362,384;362,385;362,386;362,388;361,389;361,390;360,390;360,391;360,392;360,393;360,394;360,395;360,396;360,397;360,398;360,399;360,400;360,401;361,402;361,403;361,404;362,404;363,404;364,404;365,404;367,404;369,404;370,404;372,404;375,404;377,404;380,404;382,404;384,404;385,404;386,404;387,404;388,404;390,404;392,403;392,402;394,402;395,400;396,400;399,400;400,399;402,398;403,398;403,397;405,396;406,394;407,394;408,393;410,390;411,390;414,388;415,387;416,387;416,386;417,386;418,385;419,385;420,384;420,383;421,382;421,381;422,381;423,381;423,380;424,380;425,379;426,379;427,378;428,377;430,377;430,376;430,375;431,375;432,374;433,374;433,373;434,372;434,371;436,370;437,369;439,368;439,367;440,367;440,366;441,365;442,364;442,363;443,362;444,361;445,360;446,360;446,358;448,357;448,356;449,355;449,354;449,353;451,351;451,350;452,349;453,348;453,347;454,345;454,344;455,342;455,341;455,340;455,337;455,335;455,331;455,329;457,327;459,323;459,321;461,317;462,314;463,312;463,309;464,306;465,302;467,298;468,294;469,291;471,286;472,284;473,280;474,277;476,273;476,272;477,270;477,269;477,267;477,264;477,261;477,259;477,258;477,257;477,255;477,254;477,253;477,252;477,251;477,249;477,248;477,247;477,244;477,243;477,241;477,238;477,235;477,232;477,228;477,225;475,221;473,218;471,213;471,211;470,209;468,206;467,203;465,200;462,195;460,192;457,187;455,184;454,180;453,180;453,179;452,179;451,178;450,177;449,176;447,174;446,173;444,171;443,171;440,168;438,167;434,166;430,165;428,165;426,165;423,165;418,165;412,165;407,165;403,165;399,165;395,165;393,165;391,165;390,167;389,169;387,171;385,174;384,177;383,180;381,183;380,188;379,191;377,192;375,195;372,198;372,200;370,204;367,207;367,210;365,212;365,217;364,220;363,224;363,225;362,226;360,227;360,228;359,228;358,230;357,232;355,233;353,235;351,236;348,237;345,239;342,239;339,240;335,241;334,242;333,243;330,244;329,244;328,244;324,245;323,245;321,246;318,247;316,247;315,248;314,248;313,249;312,250;310,252;309,252;308,253;307,253;305,253;304,253;303,253;302,253;301,253;301,254;300,254;299,255;298,255;296,257;295,257;294,257;293,258;292,258;291,258;290,258;289,258;288,259;287,260;286,261;285,261;284,261;283,261;282,261;281,261;278,261;277,261;275,261;272,261;270,261;265,259;262,257;259,256;255,253;251,250;247,248;243,247;240,243;237,242;236,240;236,238;235,236;235,234;234,231;234,230;233,228;232,225;232,223;230,221;228,218;227,217;225,216;221,214;220,213;218,212;216,212;212,212;207,212;203,212;198,212;194,212;190,212;186,212;180,213;174,214;169,216;163,218;157,220;152,222;149,223;146,225;145,226;145,227;143,229;141,232;140,234;138,236;137,237;133,240;131,242;127,245;124,248;124,249;123,251;122,253;122,256;121,259;119,263;118,266;116,269;114,273;113,276;111,279;109,282;108,286;105,289;103,293;101,294;99,298;98,300;96,302;93,305;88,309;87,312;85,313;84,314;82,317;82,321;80,323;78,327;76,331;76,334;75,337;75,339;75,342;75,346;75,351;75,355;76,358;78,363;80,367;81,372;83,375;85,380;87,383;89,387;91,390;92,393;94,395;96,398;99,401;101,405;105,408;108,412;110,415;113,419;115,422;116,424;117,425;117,427;117,428;117,429;117,431;117,432;117,434;117,437;117,438;117,439;117,441;117,443;117,446;117,447;118,450;121,453;123,456;127,460;130,462;135,467;137,469;141,472;144,475;149,479;152,481;156,483;162,486;170,488;180,491;189,493;199,495;207,496;215,497;222,498;227,498;232,498;236,498;240,498;245,498;252,498;257,498;264,498;271,497;277,496;282,496;288,495;292,495;296,494;299,493;302,492;306,491;309,491;313,490;318,488;322,486;327,484;331,482;336,479;340,477;345,475;349,473;350,473;351,473;352,472;352,471;353,470;355,468;355,467;356,466;357,464;357,463;358,463;358,462;360,461;360,460;362,458;363,457;363,456;363,455;363,454;363,453;363,452;363,451;363,450;363,449;363,446;363,444;363,443;363,441;363,440;363,438;363,436;363,435;363,434;363,432;363,431;363,429;
Stroma, ICG; POLYGON; 255, 255, 255; 436,398;437,397;438,396;439,395;439,394;440,394;441,393;442,392;443,392;444,392;444,391;445,391;446,390;447,389;448,388;449,387;449,386;449,385;450,385;451,385;452,385;453,385;454,384;455,384;456,383;457,382;458,382;459,381;459,380;460,379;461,378;462,377;462,376;463,376;463,374;464,373;465,372;465,371;466,371;467,370;468,369;469,368;469,367;470,366;471,365;472,364;473,363;474,362;475,361;476,361;477,361;478,360;478,359;480,359;481,358;482,358;482,357;483,356;484,356;484,355;486,355;487,355;487,354;488,354;489,353;490,353;490,352;491,352;491,350;492,349;494,348;495,348;496,346;498,344;500,343;500,342;501,342;502,341;503,341;504,340;505,340;506,340;507,339;508,339;509,338;510,338;511,337;512,337;513,337;514,335;516,334;517,334;518,334;519,333;520,333;521,333;522,332;522,331;523,331;523,330;524,330;525,329;526,329;527,329;528,327;529,326;531,325;533,324;534,324;535,323;535,322;536,322;537,322;538,322;539,320;540,319;542,318;543,317;544,317;546,316;547,315;547,314;548,314;549,314;550,314;550,313;551,313;552,312;553,312;554,312;556,312;557,312;558,312;559,311;560,311;561,311;562,311;564,310;565,310;566,310;566,309;566,308;568,307;569,307;570,307;571,307;572,307;573,307;575,306;576,306;578,305;579,304;580,304;581,304;582,304;582,303;583,302;584,302;585,302;586,301;587,301;588,301;589,301;590,300;591,300;592,300;594,298;595,296;596,295;598,294;599,292;601,288;603,285;604,282;606,278;607,276;607,271;608,266;609,259;610,252;610,245;610,239;610,232;610,225;610,218;610,212;610,206;609,201;608,196;606,192;604,188;601,185;599,181;596,178;594,176;592,174;589,173;586,173;583,172;580,172;575,172;570,172;564,172;558,172;552,172;546,172;539,172;532,172;527,172;523,172;518,172;515,172;512,172;511,172;508,172;507,172;505,173;502,174;499,175;496,177;492,178;488,180;483,182;479,183;473,186;467,189;462,192;458,196;454,198;452,201;450,203;448,206;447,210;447,213;446,216;446,219;445,221;444,221;444,224;442,226;441,228;439,232;439,233;437,235;437,238;436,239;434,241;433,245;432,248;431,251;431,253;
Stroma, ICG; POLYGON; 255, 255, 255; 422,425;423,425;423,424;424,423;424,422;425,422;425,421;426,421;427,419;428,419;428,418;429,416;430,414;431,414;432,413;432,412;433,411;433,410;433,409;433,408;434,408;434,407;435,407;436,405;437,405;437,404;437,403;437,402;438,402;439,401;440,400;440,399;442,397;443,396;444,395;444,393;445,393;446,392;447,390;449,388;450,387;450,386;451,385;453,382;454,381;454,380;455,380;456,379;456,377;457,375;458,372;458,371;458,369;458,368;458,366;458,364;458,363;458,360;458,357;458,356;458,352;457,350;456,349;454,345;452,342;451,340;449,339;448,339;446,338;443,336;440,336;437,336;435,336;434,336;433,336;432,336;431,336;427,336;423,336;419,336;417,336;413,339;409,343;405,347;403,352;402,356;
Stroma, ICG; POLYGON; 255, 255, 255; 489,346;490,346;491,345;493,344;495,343;496,343;498,343;499,343;500,342;501,341;501,340;502,339;504,338;505,338;506,338;507,338;507,337;508,337;510,335;511,334;512,334;513,333;514,332;515,332;516,332;517,332;518,332;519,332;521,331;522,331;523,329;524,329;524,328;525,328;526,327;527,326;528,326;529,326;530,325;531,325;532,325;533,325;535,325;536,325;538,325;539,325;539,323;540,323;542,322;544,321;545,321;546,321;547,320;548,320;550,319;551,319;552,318;553,318;554,318;555,317;557,316;559,315;560,314;561,312;563,310;564,308;566,308;569,308;571,308;572,307;573,306;573,305;574,305;574,304;575,303;575,302;575,298;575,297;578,295;578,294;578,291;578,289;579,288;579,285;579,283;580,282;580,279;580,276;580,275;580,272;580,271;580,270;580,269;579,269;576,267;575,267;574,267;571,267;569,267;566,267;564,267;560,267;557,267;555,267;552,267;549,267;545,267;540,267;532,267;525,267;518,267;513,267;509,268;
Stroma, ICG; POLYGON; 255, 255, 255; 491,350;493,348;494,348;495,346;496,345;497,345;499,344;500,344;501,344;502,344;503,343;504,343;505,342;506,342;507,342;507,341;509,340;510,340;511,339;512,339;514,339;515,339;516,339;517,338;518,338;519,337;520,337;522,337;523,336;524,336;525,336;526,336;527,336;528,336;529,336;530,334;531,334;531,333;532,333;533,332;534,332;534,331;535,331;536,331;536,330;538,329;539,329;540,329;541,328;542,327;543,327;545,325;547,324;548,322;549,322;550,322;551,322;552,321;553,321;553,320;554,320;555,319;556,319;557,319;558,319;559,318;560,318;561,318;563,316;563,315;565,315;566,314;567,314;569,314;569,313;571,313;572,313;573,313;573,312;574,312;575,312;576,312;578,310;580,309;581,309;582,309;584,308;584,307;585,307;586,306;587,304;588,302;589,300;591,298;591,296;592,294;593,291;593,290;593,289;593,285;593,284;593,282;593,280;593,278;593,276;591,274;588,271;587,270;586,270;584,269;582,269;580,269;577,269;574,269;571,269;568,269;565,269;562,269;558,269;554,269;550,269;547,269;544,269;540,269;537,269;536,269;533,269;532,269;531,269;530,269;
Stroma, ICG; POLYGON; 255, 255, 255; 579,300;580,300;581,300;582,300;583,299;585,299;586,299;588,299;590,298;591,297;592,297;593,297;594,296;596,296;599,296;602,296;604,296;605,296;606,296;607,296;608,296;609,296;610,296;612,296;613,296;614,296;614,297;615,297;616,297;617,298;618,298;620,300;621,300;622,301;623,301;624,301;626,302;627,302;628,302;629,302;631,302;633,302;637,302;638,302;641,302;643,302;645,302;646,302;647,302;649,302;651,302;652,302;654,302;656,300;658,299;661,297;662,296;666,295;669,292;672,291;675,289;677,287;679,284;684,281;688,278;689,277;691,273;691,271;692,270;692,267;692,266;692,263;692,259;692,258;691,256;689,253;687,250;683,248;678,244;674,241;668,238;662,235;656,233;649,231;642,229;634,228;624,227;615,227;604,226;594,226;583,226;574,226;566,226;559,226;554,226;548,226;543,226;538,227;534,228;533,229;532,233;532,235;532,239;532,241;532,242;
Stroma, ICG; POLYGON; 255, 255, 255; 584,303;586,303;588,303;589,303;590,303;592,303;594,303;597,303;600,303;601,303;602,303;603,303;604,303;605,303;606,303;607,303;608,303;610,303;612,302;613,302;614,302;615,302;616,302;617,302;618,302;619,302;620,302;621,302;622,302;623,302;624,302;625,302;626,302;627,302;628,302;629,302;631,302;632,302;633,302;635,302;636,302;637,302;639,302;640,302;642,302;643,302;644,302;645,302;646,302;647,302;648,303;649,303;651,305;652,305;654,305;656,306;657,306;658,306;659,306;661,306;662,306;663,306;663,307;665,307;666,307;667,307;668,307;669,307;670,307;672,307;673,307;674,307;676,307;677,307;678,307;679,307;680,307;681,307;682,307;683,307;684,307;685,307;686,307;687,307;688,306;689,305;690,305;691,305;693,304;694,304;695,303;696,303;697,303;699,302;700,302;701,302;702,302;702,301;703,301;704,301;705,301;706,299;707,299;708,299;709,298;711,298;712,298;712,297;713,297;713,296;714,296;715,296;715,295;716,295;717,295;718,294;718,293;719,292;721,292;722,292;722,291;723,291;725,289;726,288;727,287;729,285;730,284;731,283;731,282;733,282;734,282;735,280;736,279;736,278;736,277;737,277;738,276;739,276;740,275;740,274;740,273;741,272;741,271;742,271;742,270;743,269;744,267;745,267;746,265;747,265;747,264;748,263;749,261;749,260;750,258;751,258;752,257;753,255;754,255;755,253;755,252;756,251;756,250;758,249;759,249;759,247;760,246;760,245;762,244;762,243;763,242;764,240;765,240;765,239;767,238;767,237;768,237;768,236;768,234;768,233;768,232;768,231;768,230;768,229;768,228;768,227;767,226;767,225;766,223;765,222;764,221;763,220;761,219;758,216;756,215;754,213;751,213;749,212;748,210;745,209;744,208;743,208;743,207;742,207;741,206;740,206;740,205;740,204;739,204;738,204;737,204;736,204;735,204;733,204;731,204;729,204;727,204;726,204;725,204;724,204;723,204;722,204;721,204;719,204;718,204;716,204;715,203;715,202;715,200;715,198;714,197;713,196;713,195;713,194;713,191;713,189;713,187;713,185;713,182;713,181;713,179;713,177;712,176;712,173;711,172;711,171;710,169;709,166;708,165;708,164;707,162;707,161;706,159;705,159;703,157;703,156;700,153;699,153;698,152;696,151;695,149;694,148;693,147;689,146;688,144;686,142;683,141;682,140;680,138;677,136;676,134;674,132;672,131;671,128;670,127;670,126;669,125;668,123;667,121;665,120;665,119;663,116;662,116;661,114;659,111;658,110;656,107;653,104;652,102;649,101;646,99;644,99;643,97;642,97;640,96;640,95;638,95;637,94;635,93;632,90;628,90;625,89;623,88;620,87;618,87;615,87;613,86;611,84;609,83;607,82;604,80;601,78;597,76;595,75;592,73;590,72;587,70;582,68;578,65;572,64;568,62;563,60;558,58;555,57;552,56;548,55;543,54;540,53;537,53;536,52;534,52;533,52;531,52;529,52;528,52;526,52;525,52;524,52;523,52;522,52;521,52;520,52;517,52;516,52;513,52;510,52;508,52;506,52;505,52;504,52;502,52;500,52;496,52;492,52;489,52;486,53;481,53;480,53;478,54;476,56;472,56;471,56;468,59;466,59;463,63;459,66;454,68;451,72;448,74;446,75;442,77;439,78;438,80;436,81;436,83;434,85;434,87;433,89;433,91;430,95;429,98;428,100;426,103;425,105;422,107;421,109;420,111;419,112;417,115;417,116;415,118;414,119;413,120;412,123;410,125;408,129;407,131;406,133;405,136;404,137;404,139;403,142;403,144;403,146;402,148;402,149;402,151;401,152;400,156;400,158;399,162;399,165;398,167;397,170;397,172;394,176;394,178;392,181;392,183;392,187;392,191;392,193;392,195;392,198;392,201;392,203;392,207;392,209;392,211;394,214;397,219;400,223;401,228;403,231;404,232;404,233;405,234;406,235;408,236;410,238;411,240;412,241;413,241;414,242;415,242;416,243;417,244;418,246;419,246;421,248;423,251;427,256;430,259;433,262;437,266;440,270;445,275;449,280;452,284;
Stroma, ICG; POLYGON; 255, 255, 255; 608,302;608,303;609,303;609,304;612,305;614,306;615,306;616,306;617,307;618,309;619,309;621,309;623,309;624,309;626,310;627,310;628,310;630,310;632,310;633,310;634,310;635,310;636,310;637,310;639,310;640,310;641,310;642,310;643,310;645,310;646,310;648,310;650,310;651,310;653,310;654,310;655,310;658,310;659,310;661,310;663,310;665,310;666,308;669,308;672,306;674,305;676,303;677,302;680,300;681,299;683,297;684,295;684,293;685,292;688,289;688,288;689,286;691,284;691,281;692,280;692,277;692,274;692,270;692,266;692,263;692,260;692,257;691,254;689,251;688,248;687,245;687,244;
Stroma, ICG; POLYGON; 255, 255, 255; 745,262;746,261;747,261;749,261;751,259;754,259;755,259;757,258;758,258;760,257;761,257;762,257;763,256;764,256;765,255;765,254;765,253;766,252;767,251;768,250;769,249;769,248;769,247;771,247;772,246;773,246;774,246;775,246;776,246;778,245;779,245;780,244;781,244;782,244;784,243;785,242;786,242;787,242;788,242;789,242;790,242;790,241;791,241;792,241;793,241;794,241;795,241;796,240;797,240;798,240;799,240;800,240;801,240;802,240;803,240;804,240;806,240;807,240;808,240;809,240;811,240;813,240;815,240;816,240;817,241;818,241;818,242;819,242;821,243;822,243;823,243;824,243;826,243;827,244;828,244;830,244;831,244;832,244;833,244;834,244;835,244;838,244;839,245;840,245;841,245;842,245;844,245;845,246;846,246;848,246;849,246;851,246;853,248;854,248;855,248;856,248;857,248;858,249;859,249;862,250;862,251;863,251;865,251;866,252;867,252;868,253;873,255;874,255;875,255;876,255;877,256;879,256;880,257;881,258;883,259;884,260;884,261;884,262;884,263;886,265;887,266;887,267;887,268;887,269;888,270;889,270;889,271;889,272;890,273;890,274;890,275;891,276;892,276;892,277;893,278;893,279;894,279;895,279;895,280;896,281;897,282;898,284;899,285;900,286;901,287;901,288;902,288;903,288;905,288;906,288;906,289;908,289;909,290;911,291;913,291;914,292;915,292;916,292;917,293;918,294;919,295;920,296;921,297;922,297;922,298;922,300;923,301;923,302;923,303;924,303;924,304;925,304;926,305;927,305;929,305;929,306;930,307;930,308;931,308;932,308;933,308;934,309;935,309;936,310;937,310;940,312;942,312;943,313;944,313;945,314;945,315;946,315;947,315;948,316;949,316;950,316;952,317;953,318;954,318;956,319;957,319;958,320;959,320;961,320;962,320;963,321;964,322;965,322;966,322;967,322;968,322;969,322;970,322;972,323;974,324;977,324;978,324;979,325;980,325;982,326;983,326;984,326;986,326;987,326;988,326;989,326;990,326;992,326;992,327;996,328;997,328;998,328;999,328;1000,328;1001,328;1002,328;1003,328;1004,328;1005,328;1007,326;1007,325;1008,324;1008,323;1010,322;1011,321;1012,319;1013,319;1013,318;1013,317;1013,315;1013,311;1013,309;1013,305;1013,303;1013,301;1013,298;1013,295;1013,292;1012,289;1012,288;1012,286;1012,285;1012,283;1012,282;1010,279;1010,276;1009,272;1009,271;1007,269;1006,266;1005,262;1004,259;1003,256;1003,255;1002,252;1002,250;1001,248;1001,246;1001,242;1001,241;1001,238;1001,234;999,229;999,226;999,224;998,221;997,218;997,215;996,212;996,211;996,207;995,205;994,200;991,197;990,194;987,189;985,187;983,184;982,183;981,181;979,178;979,177;977,176;977,175;974,172;973,171;971,169;969,168;967,166;963,162;962,160;958,157;954,152;951,151;950,149;948,147;945,145;944,143;940,140;938,136;936,134;934,130;931,127;927,122;924,122;921,118;917,115;914,112;910,109;907,107;902,105;899,101;894,99;892,96;887,94;885,91;882,90;879,89;875,86;871,84;868,82;863,79;858,75;854,71;849,68;845,66;842,63;838,60;835,58;831,55;828,53;826,50;825,50;824,49;823,49;822,49;820,47;819,44;816,44;815,43;813,43;812,43;811,42;810,42;809,41;807,40;804,39;802,38;801,37;799,37;797,35;796,34;794,34;791,34;790,34;788,33;786,33;785,33;784,33;783,33;780,33;779,33;778,33;775,33;772,34;771,34;769,35;766,35;766,36;765,36;764,36;763,36;762,36;761,36;760,36;758,36;755,36;754,36;753,36;750,35;748,34;745,33;743,31;740,30;737,28;735,27;731,26;728,26;725,26;722,23;719,23;716,23;712,23;708,22;704,21;699,20;695,19;692,18;688,17;685,17;680,16;676,16;673,16;670,16;669,16;666,16;665,16;663,16;661,16;660,16;658,15;654,15;652,15;649,14;647,14;645,14;644,14;640,14;637,14;633,14;629,14;627,14;624,14;621,14;617,14;615,14;614,14;613,14;612,14;611,14;608,15;607,16;604,18;602,20;600,21;597,23;593,25;590,27;589,28;586,29;585,30;581,32;579,32;576,34;574,35;573,35;571,37;570,38;569,39;568,40;566,41;565,43;562,46;560,47;557,49;555,51;552,54;550,56;548,58;545,61;541,64;538,68;536,70;534,73;529,78;529,81;529,85;528,88;528,91;528,94;527,97;527,99;526,101;526,104;526,108;526,111;526,113;526,116;526,119;527,124;529,130;531,136;534,142;537,149;541,156;546,163;552,170;557,176;562,181;565,185;569,189;574,194;579,199;585,204;591,210;599,215;606,221;613,226;620,230;628,234;635,237;641,239;645,241;650,242;653,243;654,243;656,245;660,249;662,252;666,255;668,257;670,258;672,260;675,262;676,263;677,263;678,263;679,265;679,267;679,269;679,270;
Stroma, ICG; POLYGON; 255, 255, 255; 186,226;187,226;188,226;190,226;191,226;193,226;196,226;199,225;200,225;204,222;207,222;209,220;212,219;214,218;216,215;219,215;221,212;222,212;223,211;224,208;225,205;226,201;226,199;226,198;227,196;227,193;229,190;230,189;231,187;233,183;233,181;235,178;236,174;237,171;237,169;237,166;239,164;239,163;240,160;241,159;243,156;243,155;245,152;246,150;248,147;249,145;251,144;252,143;253,143;254,142;256,140;257,139;259,136;261,134;262,133;263,132;265,131;267,130;268,127;269,127;271,125;272,124;274,121;274,120;277,119;278,119;279,119;280,118;281,118;282,118;283,118;284,118;285,118;286,118;287,118;289,118;290,118;291,118;293,118;295,118;296,118;297,118;299,118;301,118;302,118;304,118;304,119;305,119;306,120;307,120;308,121;310,122;313,123;315,123;316,124;317,124;318,124;319,124;320,124;321,124;325,125;326,126;327,126;329,128;330,128;332,128;334,129;337,129;338,129;339,129;340,130;342,130;345,130;347,130;349,130;353,130;357,130;359,130;361,130;364,130;367,130;369,130;371,130;374,127;376,127;378,125;381,123;385,121;387,120;388,118;389,117;392,114;393,110;394,106;395,105;395,103;396,100;396,98;397,95;397,93;397,90;397,88;397,85;397,84;397,80;397,78;397,74;397,71;397,68;399,66;399,65;400,63;401,62;401,61;403,59;403,57;405,56;408,54;412,53;415,52;417,51;419,50;421,49;424,48;428,46;432,44;437,43;441,41;446,39;450,37;455,36;459,35;463,35;467,33;470,32;473,30;476,30;477,29;478,29;479,28;481,28;483,28;486,28;488,28;490,28;493,28;495,28;498,27;499,27;502,26;504,25;506,24;508,23;509,23;512,21;514,21;517,21;519,21;522,20;526,20;530,20;533,20;536,20;538,20;542,20;547,20;550,20;553,20;559,21;566,23;572,24;577,25;581,25;585,25;586,25;589,26;591,27;592,27;592,28;594,29;597,33;602,37;607,41;608,43;610,45;611,47;611,49;611,52;612,55;612,58;612,61;612,64;612,68;612,70;612,73;612,76;610,79;607,83;605,85;604,88;602,92;600,95;598,101;596,107;594,111;591,117;588,122;585,126;581,131;577,136;573,141;569,146;562,152;556,157;550,161;545,165;541,169;537,172;533,176;530,180;525,183;520,187;515,191;511,194;505,197;499,201;493,205;487,209;482,213;476,217;470,221;464,225;459,229;453,232;447,236;441,239;437,241;432,244;427,248;422,252;416,256;411,260;405,264;399,268;395,272;390,275;385,278;380,282;376,286;371,290;366,293;361,296;357,299;352,302;347,305;343,307;338,308;334,309;330,310;325,311;321,313;317,315;314,316;310,318;306,320;303,321;302,321;302,323;
Stroma, ICG; POLYGON; 255, 255, 255; 349,135;350,133;352,133;352,132;354,131;354,128;355,128;357,126;357,125;358,125;359,124;359,122;361,121;361,120;362,120;362,119;362,118;364,117;365,117;365,116;365,115;366,114;367,114;367,113;368,113;368,112;370,111;371,110;372,108;373,108;373,106;373,105;373,104;374,104;374,102;374,99;374,98;374,96;375,95;375,93;375,92;375,91;375,90;375,88;375,87;375,84;375,83;375,82;375,81;375,79;375,77;375,75;375,73;375,70;375,69;375,68;375,66;375,64;375,63;375,62;374,59;374,57;374,55;374,53;374,52;374,51;374,50;374,49;374,46;374,45;374,44;376,41;378,40;378,39;379,38;380,37;382,35;384,34;386,34;389,33;394,32;397,31;400,31;404,30;406,30;410,30;414,29;420,28;424,27;429,26;430,26;433,26;437,26;439,26;442,26;446,27;449,28;452,28;454,30;455,31;456,31;458,33;460,38;463,43;465,46;466,48;467,53;469,59;471,66;472,72;473,77;474,82;475,86;475,91;475,98;475,106;475,115;475,125;473,137;469,148;466,159;462,169;458,177;453,183;448,189;444,194;442,196;440,198;438,199;436,202;433,205;431,207;430,208;
Stroma, ICG; POLYGON; 255, 255, 255; 313,123;313,122;313,120;313,119;313,117;313,115;315,115;317,114;318,114;319,114;321,113;323,110;325,109;327,108;329,107;331,106;332,104;335,104;335,103;336,102;336,101;338,101;341,97;343,95;344,94;346,91;347,90;349,88;351,88;352,86;353,86;356,86;358,84;360,83;362,82;365,82;367,80;369,80;370,78;373,77;375,77;377,77;380,77;384,77;385,77;389,77;391,77;392,77;393,77;394,77;396,77;399,77;403,79;407,80;412,81;416,82;419,83;420,83;420,84;422,87;422,88;424,90;424,92;424,94;425,96;425,97;425,100;425,101;425,103;425,105;425,109;425,112;425,115;425,117;425,120;424,124;423,128;422,132;422,134;421,136;421,138;420,140;420,141;420,145;420,147;419,148;417,152;
Stroma, ICG; POLYGON; 255, 255, 255; 241,182;241,181;241,180;240,177;240,176;240,174;240,173;240,172;240,169;240,168;240,167;240,165;240,162;240,161;240,160;240,159;240,157;240,156;240,155;241,154;242,153;242,152;242,150;242,149;243,148;244,147;244,146;244,145;244,143;244,142;244,141;245,141;246,137;246,136;246,135;247,135;247,133;247,132;247,131;248,130;248,129;248,128;249,127;250,127;250,125;251,125;251,124;252,124;254,122;254,121;256,120;257,119;258,119;259,119;259,118;259,117;260,117;260,116;261,116;261,115;261,114;261,113;261,112;261,110;261,109;261,108;261,107;261,106;262,105;263,105;263,104;264,103;265,102;266,102;267,100;267,99;268,98;269,98;270,98;271,98;272,98;273,97;274,96;275,96;276,96;277,95;278,95;279,95;281,93;282,93;282,92;283,92;284,91;288,90;290,90;291,89;293,87;294,86;295,86;297,85;298,84;298,83;299,82;300,82;301,82;302,81;303,80;304,80;305,80;306,80;307,80;309,80;311,80;314,80;317,81;319,81;321,81;322,81;323,81;324,82;326,83;327,83;328,83;329,83;329,84;331,84;332,84;333,84;334,84;335,86;337,86;339,86;341,86;343,86;344,86;345,86;345,87;346,87;347,87;348,87;349,87;350,88;350,89;351,89;351,90;352,91;355,93;356,95;359,99;361,102;363,106;364,108;365,110;366,113;367,115;367,118;367,121;368,124;369,128;370,132;371,137;371,141;373,147;375,155;379,164;383,171;387,178;390,184;390,185;
Specular reflection; POLYGON; 191, 91, 22; 345,84;345,83;345,81;344,80;343,80;343,79;341,78;340,78;339,77;339,76;339,75;338,75;337,75;336,75;335,75;334,75;334,74;333,74;332,73;330,73;329,73;328,72;327,71;327,70;326,69;326,68;325,68;325,67;324,67;324,66;323,66;322,64;322,63;322,62;322,61;322,60;322,59;322,58;322,57;323,57;324,56;325,56;326,56;327,56;328,56;330,56;332,56;333,56;334,56;335,56;337,56;338,56;338,57;339,58;339,59;340,59;342,60;343,61;344,61;344,62;345,62;345,63;346,64;346,65;347,66;348,67;348,68;350,68;351,68;351,69;351,70;352,71;353,71;354,72;355,72;356,73;357,73;359,73;360,73;361,73;362,74;363,75;363,77;365,77;365,78;365,79;365,80;364,81;363,82;363,83;362,83;361,84;360,84;359,84;358,84;357,85;356,85;356,86;354,86;353,86;352,86;351,86;350,86;349,86;348,86;347,86;346,86;345,86;344,86;343,86;342,86;341,86;340,86;339,86;338,85;338,84;338,83;338,82;338,81;338,80;338,79;338,78;338,77;338,76;338,75;338,74;338,73;337,72;337,71;
Specular reflection; POLYGON; 191, 91, 22; 252,119;251,118;250,117;250,116;249,115;248,114;247,114;246,114;246,113;245,113;244,111;243,111;243,110;242,110;242,109;241,108;240,107;239,107;239,106;239,105;238,104;238,103;238,102;238,101;238,100;238,99;238,98;238,97;238,96;238,95;239,95;240,94;240,93;241,93;242,93;243,92;245,91;246,91;246,90;248,90;249,90;249,91;250,91;252,92;253,92;254,93;256,94;257,94;258,94;259,94;260,96;261,96;262,97;263,97;264,97;265,97;266,97;267,97;268,97;269,97;270,97;271,97;272,96;273,96;274,95;274,94;274,93;276,92;277,91;277,90;279,89;279,88;279,87;279,86;279,85;281,84;281,83;281,82;281,81;281,80;281,78;281,77;281,76;281,75;280,74;279,72;278,71;277,70;276,67;275,67;275,66;274,66;273,65;273,64;272,64;271,64;270,64;269,64;268,64;267,64;266,64;265,64;264,64;263,64;262,64;261,64;259,64;257,64;256,64;255,64;254,64;253,64;252,64;251,64;250,64;249,64;247,64;246,64;245,64;244,65;243,65;242,65;241,65;239,66;238,68;236,68;235,69;234,71;233,71;232,72;232,74;231,74;231,75;231,76;230,77;230,78;230,79;229,80;229,81;229,82;229,83;228,83;228,84;227,84;226,85;225,86;225,87;224,87;224,88;222,89;221,89;221,90;220,90;219,92;218,93;218,94;218,95;217,97;217,98;216,100;216,101;216,102;216,103;216,104;216,105;216,106;216,107;216,108;216,109;216,110;216,112;216,113;216,114;216,115;216,116;216,117;216,118;217,119;218,120;219,124;220,125;220,126;221,126;221,127;222,127;225,128;225,129;226,129;227,129;228,129;230,129;232,129;233,129;234,129;235,129;236,129;237,129;238,128;239,128;240,128;241,128;242,128;243,128;245,128;246,128;247,128;248,127;248,126;248,125;248,124;248,123;248,122;248,121;248,119;248,118;248,117;248,116;248,115;248,114;248,113;248,112;250,113;255,116;260,121;
Stroma, ICG; POLYGON; 255, 255, 255; 271,122;269,122;268,122;267,122;266,122;265,122;264,122;263,122;262,122;260,122;259,122;258,122;257,121;256,121;256,120;255,120;255,119;254,119;253,118;252,116;251,116;250,115;249,115;248,114;247,113;246,112;246,111;245,111;245,110;244,109;244,108;243,108;242,107;242,106;242,105;241,104;240,104;239,104;239,103;239,102;239,101;239,100;239,99;239,98;239,97;239,96;239,95;240,94;240,93;241,93;241,92;242,91;243,91;244,91;245,91;246,91;248,91;249,91;251,91;252,91;254,91;255,91;256,91;257,91;258,91;259,91;261,91;262,91;264,92;266,94;267,95;269,97;270,97;271,97;272,98;274,99;274,100;278,101;279,102;280,102;281,102;282,103;283,104;284,104;285,104;286,104;286,105;286,107;287,107;288,108;290,109;290,110;290,112;290,113;
Stroma, ICG; POLYGON; 255, 255, 255; 272,94;272,93;272,92;272,91;272,90;273,89;274,89;275,88;276,87;277,87;278,86;278,84;279,84;279,83;280,83;281,82;281,81;282,79;283,78;284,77;284,75;284,74;284,72;284,71;284,69;284,68;284,66;284,65;283,65;282,64;281,64;281,63;280,63;279,63;279,62;277,61;277,60;275,59;274,58;274,57;272,56;272,54;271,53;271,52;271,51;271,49;271,47;271,46;271,45;271,44;271,43;271,42;272,41;273,41;274,40;275,40;276,40;277,38;278,38;280,36;282,36;284,36;286,36;289,36;291,36;292,36;293,36;294,35;295,35;297,35;298,35;299,35;301,35;302,35;303,35;304,35;305,35;306,35;308,37;309,39;310,39;311,40;311,41;313,41;313,42;313,43;313,44;314,45;314,46;314,47;314,48;314,50;315,50;315,51;315,53;315,54;316,55;316,56;316,57;317,58;318,58;319,58;319,59;320,59;320,60;321,61;322,62;323,62;324,63;325,63;326,63;326,64;327,64;327,65;328,66;328,67;330,68;330,69;331,69;331,70;332,70;333,71;333,72;333,73;334,73;334,74;334,76;334,77;334,78;334,79;334,80;335,80;335,81;335,82;335,83;336,83;336,84;336,86;336,89;337,89;337,91;338,93;338,94;338,95;338,96;339,98;339,100;339,102;340,104;340,106;340,108;340,110;340,113;340,116;340,119;340,122;340,124;340,128;340,130;340,131;340,134;340,136;340,138;340,140;338,140;337,141;336,142;335,142;332,143;332,144;331,144;330,144;329,144;328,145;328,146;
Stroma, ICG; POLYGON; 255, 255, 255; 367,87;366,87;365,87;365,85;365,84;365,82;365,81;365,80;365,79;364,77;364,76;363,74;363,73;363,72;363,71;362,70;361,69;360,68;359,67;358,66;357,65;356,65;355,65;354,65;354,64;353,64;352,64;351,63;350,63;349,63;348,63;347,63;346,63;344,63;343,63;342,63;341,63;341,62;340,61;340,60;340,59;340,58;339,58;338,57;337,57;336,57;335,57;333,57;332,57;331,57;330,57;329,57;328,57;327,57;326,57;325,57;324,57;323,57;321,57;320,57;319,59;318,59;317,59;316,59;314,59;313,59;312,59;310,59;309,59;308,59;307,59;307,58;306,57;305,55;305,54;305,53;305,52;305,51;305,50;305,48;305,47;305,46;305,45;305,44;305,43;305,42;305,41;305,40;306,40;306,38;308,37;309,37;311,37;313,36;314,34;315,34;317,32;318,32;319,32;322,30;325,29;326,29;329,29;331,29;333,29;336,29;339,29;341,29;344,29;346,28;349,28;352,28;354,28;355,28;357,28;361,27;366,27;368,26;370,25;372,24;373,24;376,23;377,23;378,23;380,23;383,23;386,23;387,23;388,23;390,25;392,26;394,27;397,27;400,28;403,28;406,28;408,28;410,29;411,29;413,30;414,32;417,33;418,34;421,36;423,38;425,40;427,44;427,46;428,50;428,52;429,56;430,60;431,66;433,73;434,81;436,91;437,100;438,110;439,118;439,119;439,120;439,122;438,123;438,124;437,125;435,126;434,126;
Stroma, ICG; POLYGON; 255, 255, 255; 367,78;365,78;363,77;362,77;360,75;359,75;359,74;359,73;358,73;358,72;357,71;356,71;355,70;354,68;352,67;351,66;350,66;349,66;347,65;346,65;345,65;343,63;342,62;342,61;341,60;341,59;341,58;341,57;341,55;341,52;341,51;341,50;341,48;341,47;342,45;343,44;345,44;347,44;351,44;356,44;360,44;364,44;368,44;372,44;374,44;376,45;377,45;378,46;379,47;381,50;386,51;390,55;393,58;394,59;397,61;398,62;399,64;401,65;401,66;
Stroma, ICG; POLYGON; 255, 255, 255; 179,238;179,237;180,234;180,233;181,233;182,231;182,230;182,228;182,227;183,226;184,224;185,222;186,221;188,219;189,219;190,218;192,215;193,214;194,213;197,209;198,208;202,205;205,204;209,199;212,197;215,196;220,193;225,190;228,188;230,188;234,187;239,186;243,184;248,182;251,181;252,179;255,179;257,178;258,178;262,178;265,178;267,178;271,178;274,179;279,179;284,180;290,181;294,182;297,182;299,184;302,186;303,186;303,188;304,189;305,190;305,191;306,191;307,191;308,192;308,193;309,194;309,195;
Stroma, ICG; POLYGON; 255, 255, 255; 166,226;165,225;164,224;163,224;162,223;162,222;162,221;161,219;161,218;160,217;160,214;160,213;159,211;159,209;159,207;159,205;159,204;159,201;159,199;159,198;159,197;159,195;161,193;161,192;162,191;163,189;164,188;165,186;165,185;166,183;167,182;167,181;168,180;168,179;168,178;168,177;169,176;169,175;169,174;169,173;169,172;169,171;169,170;169,169;169,168;169,166;169,165;169,164;169,163;170,162;170,159;170,157;170,156;170,154;170,153;170,151;170,149;170,148;170,147;170,146;170,145;170,144;170,143;170,142;171,140;171,139;171,138;171,137;171,136;172,133;173,133;175,132;175,131;176,130;176,129;177,127;178,127;178,126;179,126;179,125;180,124;181,124;182,124;186,122;186,121;187,121;188,121;189,120;190,120;191,120;192,120;193,120;194,120;195,120;196,120;199,120;200,120;201,120;202,120;202,121;203,122;204,123;205,123;207,124;208,124;209,124;210,124;211,124;213,124;214,124;216,125;217,125;218,125;220,125;221,125;222,125;222,126;223,126;224,126;225,126;227,126;228,126;229,126;230,126;231,126;232,126;234,126;235,126;236,126;238,126;240,125;241,125;243,124;244,124;245,123;246,123;247,123;248,121;249,120;249,119;250,118;250,117;250,116;251,115;251,114;252,114;254,114;255,114;258,114;259,114;260,114;262,114;263,114;264,114;265,114;266,114;267,114;270,115;275,119;277,120;278,123;281,126;283,129;286,134;289,139;291,142;292,145;293,148;294,151;295,155;295,158;295,161;295,165;295,168;295,172;295,177;295,181;295,185;295,189;295,195;295,196;295,197;295,200;295,203;295,205;293,207;293,208;290,211;288,216;287,218;283,223;280,225;278,228;276,230;273,232;269,235;266,239;261,241;259,244;256,246;252,250;247,255;242,260;237,263;232,266;227,270;224,273;221,274;216,277;213,279;209,281;207,281;205,284;204,285;
Stroma, ICG; POLYGON; 255, 255, 255; 792,243;794,243;795,243;795,241;796,241;797,241;798,241;799,241;800,241;801,241;802,241;803,241;805,241;806,241;808,241;809,241;810,241;811,241;812,241;813,241;814,241;815,241;816,241;818,242;819,242;820,242;821,243;822,243;823,243;824,243;825,244;826,244;827,245;828,245;829,245;830,246;832,248;834,248;836,248;837,249;838,249;840,249;841,250;842,250;843,250;844,251;845,251;846,251;847,251;848,251;849,251;850,251;852,252;853,252;854,252;856,252;857,252;858,252;859,254;860,254;861,255;862,255;864,255;865,255;866,255;867,256;868,257;869,257;870,258;871,258;872,258;873,260;874,260;875,260;876,261;877,262;878,262;878,263;879,263;880,264;880,265;882,267;884,268;885,268;885,269;886,269;887,270;888,271;888,272;889,272;889,273;889,274;890,275;891,276;892,277;892,279;893,280;895,282;896,282;896,283;897,285;897,287;898,287;899,288;899,289;900,289;900,290;900,291;902,292;902,293;903,293;904,293;905,293;906,294;907,295;908,295;909,295;910,297;911,297;912,298;913,298;914,298;915,299;918,300;919,300;920,300;921,301;922,301;923,302;924,303;926,303;928,304;929,304;931,305;933,306;934,306;935,307;936,307;937,307;938,307;939,307;942,305;942,303;943,301;944,299;945,297;946,293;947,291;948,287;949,285;949,283;949,280;949,276;949,273;949,270;948,265;947,260;946,256;945,252;944,249;944,245;943,242;941,239;939,236;938,232;934,228;929,224;923,219;916,213;907,208;899,204;890,200;883,197;876,195;869,193;862,191;855,188;848,188;841,186;834,185;827,184;822,183;815,182;806,180;797,179;789,176;779,175;771,174;763,174;755,174;747,174;740,174;734,174;727,174;721,174;717,174;714,175;711,176;709,177;
Stroma, ICG; POLYGON; 255, 255, 255; 970,760;971,760;972,760;973,760;974,760;975,760;976,760;977,760;979,760;980,760;981,760;982,759;982,758;982,757;984,757;985,756;986,755;986,754;986,753;986,751;986,750;986,749;986,748;986,746;986,744;986,743;986,742;986,741;986,740;986,739;986,738;986,737;986,736;985,735;985,734;985,733;985,732;985,731;984,730;984,729;984,728;984,727;983,726;983,724;983,723;982,723;981,721;981,720;979,718;978,717;977,716;977,715;976,715;975,714;975,712;974,712;973,712;972,711;971,711;970,711;969,711;968,711;966,711;965,711;
Artery, ICG; POLYGON; 34, 177, 76; 589,602;591,602;592,602;593,602;594,602;595,602;596,602;597,602;598,602;599,602;600,602;601,600;602,599;603,599;604,599;605,597;606,597;607,597;608,596;609,595;610,595;612,594;613,593;614,593;616,592;617,592;619,591;620,591;621,591;622,591;623,590;624,590;626,588;626,587;628,586;629,586;630,585;631,584;632,584;633,584;634,584;635,583;636,583;637,583;638,582;639,581;640,581;641,581;642,581;642,580;643,579;644,579;645,579;646,579;647,579;649,578;650,578;651,577;652,577;653,576;653,575;654,575;655,575;656,575;657,575;658,575;659,575;659,574;660,574;661,574;662,574;663,574;664,574;665,573;666,573;667,573;668,573;670,573;671,573;672,573;673,573;674,573;675,573;676,573;677,572;679,572;680,572;681,572;682,572;683,572;684,572;685,572;686,572;687,570;687,569;688,569;689,569;690,569;692,569;693,569;693,568;694,568;695,568;696,568;697,567;698,567;699,567;700,567;701,567;702,567;703,567;704,567;705,565;706,565;706,564;706,562;707,560;707,559;707,558;707,556;707,555;707,554;707,553;707,552;707,549;707,547;706,544;704,542;703,540;702,540;701,538;701,537;700,536;700,535;699,535;696,534;695,534;692,533;690,532;687,531;686,530;685,529;684,529;683,529;682,529;679,529;676,529;672,529;668,529;665,529;662,529;658,529;656,529;652,529;647,529;641,530;635,531;628,533;623,535;618,537;614,539;609,540;604,543;600,545;594,547;590,549;584,551;579,552;575,554;570,556;566,557;563,558;560,558;556,560;553,562;550,563;547,565;546,566;545,567;544,568;543,568;542,568;542,569;542,570;
