Artery, ICG; POLYGON; 34, 177, 76; 193,229;195,229;196,229;197,229;198,229;200,229;205,231;208,232;212,233;213,233;215,233;217,233;219,233;220,233;221,233;222,233;223,233;225,233;226,233;228,233;229,233;230,233;232,233;233,233;234,233;237,233;240,233;241,233;242,233;243,233;244,233;247,233;248,233;249,233;250,233;251,233;253,233;255,233;256,233;258,233;259,233;261,233;262,233;264,233;265,233;266,233;267,233;268,233;271,233;272,233;275,233;277,233;278,233;279,233;280,233;281,233;282,233;283,233;284,233;286,233;287,233;288,232;289,232;290,232;292,232;293,232;295,232;296,232;297,232;298,232;300,232;301,232;303,232;303,231;304,230;305,230;306,230;307,230;308,230;310,230;311,230;312,230;313,230;314,230;315,230;316,230;317,230;318,230;320,230;321,230;323,230;324,230;325,230;326,229;327,229;328,229;329,229;330,229;331,229;332,229;333,229;334,229;335,229;336,229;337,229;338,229;339,229;340,229;341,229;342,229;343,229;344,229;345,229;346,229;347,229;348,229;348,228;349,228;351,227;352,227;354,226;356,226;357,226;358,226;360,225;361,225;362,225;363,225;364,225;365,225;366,225;367,225;368,225;369,225;370,225;371,225;372,224;373,224;374,224;376,224;377,224;379,224;381,224;382,224;383,223;384,223;385,223;386,223;388,223;389,223;390,223;392,223;393,222;394,222;395,222;396,222;397,222;399,222;400,222;403,222;404,221;405,221;406,221;407,221;408,221;409,221;410,221;411,221;412,221;413,221;414,221;415,221;416,221;416,220;417,220;418,220;419,219;421,219;422,219;423,219;424,219;427,219;427,218;428,218;429,218;430,218;431,218;432,218;433,218;434,218;436,218;437,218;439,218;440,218;441,218;442,218;443,218;444,218;445,218;446,218;448,218;450,218;452,218;453,218;455,218;457,217;461,217;464,217;467,217;471,217;474,217;477,216;478,216;481,214;483,214;485,214;488,214;491,214;494,213;497,212;501,211;505,210;509,210;512,208;513,207;515,207;517,204;520,203;522,201;523,200;524,198;526,196;529,194;531,193;533,191;534,189;534,188;535,187;535,186;535,184;535,183;535,182;536,181;536,180;536,179;536,178;536,177;536,176;535,175;533,173;531,172;527,171;524,170;519,168;516,167;513,166;509,166;506,165;503,165;500,165;497,165;494,165;491,165;487,164;482,164;478,164;474,164;470,164;466,164;462,164;459,164;455,164;452,164;448,164;444,164;440,164;434,164;429,164;423,164;418,164;412,164;407,164;403,164;399,164;393,165;386,166;380,166;374,166;369,166;363,167;359,168;357,168;356,168;354,168;353,168;352,168;351,168;350,169;349,170;348,171;347,171;347,173;347,174;
Artery, ICG; POLYGON; 34, 177, 76; 210,234;209,234;208,234;206,234;205,234;204,234;203,234;203,235;202,235;201,235;200,235;199,235;197,235;196,235;195,235;194,236;193,236;192,236;191,236;190,236;189,236;188,236;187,236;186,236;185,236;183,236;180,236;178,236;177,236;176,236;175,236;174,236;171,236;170,236;168,236;166,236;163,236;162,236;161,236;160,236;159,236;158,236;157,236;155,236;152,236;150,236;149,236;147,236;146,236;145,236;144,236;143,236;142,236;139,237;138,237;137,237;135,237;134,237;132,237;131,237;130,237;126,237;122,237;120,236;117,236;115,236;114,236;112,235;111,235;110,235;109,235;107,235;106,235;104,235;102,235;101,235;100,235;99,234;98,234;97,234;96,234;95,234;94,234;93,234;92,234;91,234;89,234;88,234;87,234;85,234;84,234;83,234;81,233;80,232;79,232;78,232;76,231;75,231;72,231;70,231;70,230;69,230;68,230;67,230;67,229;66,229;64,229;62,228;61,228;59,228;58,228;57,228;56,228;56,226;55,226;54,226;53,226;52,226;52,225;50,225;47,224;45,224;43,223;42,222;40,222;39,222;39,220;37,220;36,220;35,219;34,219;33,219;32,218;31,217;30,216;29,216;28,216;26,213;25,213;24,213;22,213;21,213;20,213;19,213;17,212;16,212;16,211;16,210;15,210;15,209;15,208;15,207;15,206;15,205;15,203;15,202;16,201;17,201;17,200;18,200;19,200;19,199;20,199;21,199;23,199;25,198;26,198;27,198;27,197;27,196;29,195;30,195;31,195;33,195;36,195;39,195;41,195;44,196;45,196;47,196;48,196;49,197;50,197;52,198;53,198;55,199;56,199;56,200;57,200;59,200;60,200;62,203;65,203;67,203;68,203;69,203;70,203;71,203;72,203;73,203;75,204;77,204;80,204;83,205;84,205;85,205;87,205;88,205;89,205;90,205;91,205;93,205;95,205;96,205;97,205;98,204;99,204;100,204;100,203;102,202;103,202;104,201;105,201;106,201;107,200;108,200;109,200;110,200;111,200;112,199;113,199;114,199;115,199;118,197;119,195;120,194;120,193;120,192;121,192;121,191;121,189;121,188;121,187;121,186;121,185;121,184;121,183;121,182;121,181;120,181;119,180;117,179;115,177;114,177;114,176;113,175;112,174;111,173;110,173;107,172;104,170;102,170;101,169;100,169;99,169;98,169;97,169;96,169;94,169;92,169;91,169;90,169;88,169;87,169;86,169;85,169;84,170;83,170;81,170;80,170;79,171;78,172;76,172;75,172;74,172;73,172;72,172;71,172;69,172;68,172;67,172;66,172;64,172;62,172;61,172;60,173;59,173;58,173;57,173;56,173;53,173;51,173;49,173;45,173;43,173;40,173;39,173;38,173;37,173;36,173;35,173;34,173;33,173;32,173;31,172;30,171;30,170;29,169;29,168;29,167;29,166;29,165;29,164;29,163;29,162;29,161;29,159;30,158;31,157;32,156;33,156;35,155;36,155;37,154;38,154;39,154;41,153;42,153;43,153;44,152;45,152;46,152;48,151;52,151;54,151;57,151;60,151;63,151;67,151;70,151;73,151;75,151;77,151;78,151;79,151;80,151;82,151;84,151;86,151;88,151;91,151;94,151;97,152;99,152;102,152;103,152;104,152;106,152;107,152;109,152;112,152;114,152;116,152;117,152;119,152;120,152;121,151;122,151;124,151;126,151;127,151;129,151;130,151;131,150;132,150;134,149;136,149;137,149;139,149;141,148;143,148;144,148;145,148;148,147;149,147;150,147;152,146;153,145;154,145;156,145;157,145;159,145;160,145;161,145;162,145;164,144;166,143;167,143;168,143;170,143;172,143;173,143;174,143;176,143;179,143;183,143;185,143;187,142;189,142;191,142;193,142;195,142;198,142;200,142;204,142;208,142;211,142;214,142;217,142;218,141;219,141;220,140;221,140;223,140;225,140;226,140;228,140;229,140;229,139;230,139;231,139;232,138;233,138;234,138;236,138;240,138;243,138;245,138;247,138;248,137;251,137;253,137;255,137;258,137;261,137;264,137;265,137;267,137;269,136;270,136;271,135;272,135;273,134;276,133;277,133;278,133;281,133;283,133;285,133;288,133;290,133;293,133;296,132;298,132;301,131;302,131;304,130;305,130;306,130;308,130;310,130;313,130;315,130;318,130;320,130;322,130;323,130;324,129;325,129;326,128;327,127;328,127;331,127;333,127;336,127;338,126;339,126;340,126;342,126;343,126;344,126;345,126;348,126;350,126;352,126;352,125;353,125;354,125;355,125;356,125;358,125;360,125;362,125;364,125;366,125;367,125;369,125;370,125;372,125;374,124;375,124;376,124;377,124;378,123;379,123;381,123;382,123;383,121;384,121;384,120;384,119;384,118;384,117;384,115;384,114;383,112;381,111;380,110;380,109;380,108;379,108;378,106;377,106;375,105;373,104;370,104;369,103;367,102;366,102;366,101;365,101;364,100;363,100;362,100;361,100;360,100;359,100;358,100;358,99;357,99;356,98;355,98;355,97;354,97;353,95;352,95;350,95;349,95;348,94;347,93;346,92;346,90;344,90;343,89;342,89;341,89;340,88;338,87;337,86;336,86;336,85;335,85;335,84;334,84;334,83;333,82;332,81;331,81;331,80;331,79;331,78;331,77;331,76;331,75;331,74;331,73;331,72;331,71;331,70;332,69;334,69;335,70;336,71;336,72;337,72;338,73;338,74;338,75;340,76;340,77;341,77;341,78;342,78;343,80;343,81;344,81;344,82;345,82;346,82;346,83;347,83;348,84;349,84;350,84;351,85;353,85;353,86;354,86;355,86;356,86;357,87;358,87;359,87;360,87;361,88;363,88;364,88;365,88;366,89;367,89;368,89;369,89;370,91;371,91;372,91;372,92;374,92;375,93;376,93;377,94;378,96;379,97;380,97;382,97;382,98;383,99;384,99;385,100;386,100;387,101;389,103;390,104;391,104;392,104;393,104;393,105;394,105;395,105;397,106;399,106;401,107;402,108;403,108;404,109;405,109;405,110;407,110;408,110;408,111;409,111;410,111;411,111;411,112;412,112;412,114;413,115;415,115;417,115;418,115;419,115;420,115;421,115;423,115;424,115;425,115;426,115;427,115;429,115;430,115;431,115;432,115;434,114;435,114;437,114;438,114;440,114;441,114;442,114;442,113;444,113;445,113;446,112;447,112;448,112;449,112;451,112;452,112;453,112;454,112;455,112;456,112;457,112;459,112;461,112;462,111;464,111;466,111;467,111;469,111;470,111;473,111;474,111;477,111;478,111;480,111;482,111;484,111;485,111;486,111;488,111;489,111;490,111;491,111;492,111;493,111;494,111;496,111;497,111;499,111;500,111;501,111;502,111;503,111;506,111;507,111;508,111;509,111;511,111;513,111;514,111;515,111;516,111;517,111;520,111;521,111;523,110;525,110;529,110;531,110;533,110;534,110;535,110;536,108;537,108;538,108;540,108;541,108;542,108;544,108;546,108;548,108;549,108;550,108;552,108;552,107;551,105;549,105;549,104;548,104;547,103;547,102;546,101;546,100;545,99;544,99;543,99;542,97;538,95;536,93;532,92;528,91;523,88;522,88;521,87;520,86;519,86;517,85;516,84;515,84;513,84;512,84;511,84;510,82;508,81;507,81;505,81;503,81;501,80;500,79;499,79;498,79;497,79;495,78;495,77;494,76;492,76;490,75;488,75;487,75;486,74;484,73;482,73;481,73;481,72;480,72;478,71;477,70;476,70;475,69;473,69;472,67;471,67;470,67;469,67;467,66;466,66;464,66;462,64;461,64;460,63;458,63;456,63;455,63;454,63;453,62;452,61;451,61;450,61;448,61;446,60;444,60;442,59;440,59;439,58;438,58;437,57;436,57;435,57;433,57;431,56;430,55;429,54;428,54;428,53;427,52;427,51;426,50;425,50;424,50;423,49;421,48;420,48;419,47;418,46;418,45;418,44;417,44;415,43;414,43;414,42;412,42;411,41;410,41;409,41;409,40;409,39;410,38;411,38;412,38;413,38;414,38;415,38;416,38;417,39;417,40;418,40;418,41;419,41;419,42;421,43;422,43;423,43;424,43;425,43;427,44;428,44;429,44;430,45;432,45;433,45;434,45;436,46;437,46;438,46;439,46;440,46;442,46;444,46;445,46;446,46;447,46;448,46;449,46;451,46;453,47;454,47;456,47;457,47;458,47;459,47;460,47;461,47;462,47;464,47;465,47;465,45;465,43;465,42;465,41;465,39;465,38;465,37;465,36;465,35;464,32;463,32;463,31;462,31;460,30;460,29;459,29;458,29;456,29;455,29;454,29;453,29;452,29;451,29;450,29;449,28;448,27;448,26;450,26;450,25;451,25;452,24;453,23;455,23;456,23;458,23;458,22;460,22;462,21;463,21;464,21;464,20;465,20;468,20;470,20;471,20;472,20;473,20;474,21;475,21;476,21;478,21;479,22;480,22;481,22;481,23;482,24;483,24;484,24;484,25;485,25;485,26;487,27;490,27;491,27;492,28;494,29;495,29;496,30;498,30;500,32;502,32;503,32;504,32;506,33;506,34;507,34;509,35;510,36;512,36;512,37;514,38;515,39;517,39;521,40;524,41;526,42;528,44;529,44;530,44;531,45;533,46;534,46;537,47;538,47;540,47;543,47;546,49;547,50;548,50;549,51;550,51;551,51;552,52;553,52;554,53;555,53;556,53;557,53;558,53;558,54;559,54;560,54;561,54;562,54;562,56;563,56;564,56;565,56;566,56;567,57;569,57;570,57;571,58;574,59;575,59;576,59;578,59;580,60;581,61;583,61;585,62;586,62;587,63;588,63;589,63;591,64;593,64;594,64;596,64;597,65;598,65;599,66;601,66;602,68;603,68;604,68;606,69;608,69;609,69;610,70;612,70;612,71;614,71;616,71;617,72;618,73;618,74;620,75;621,75;624,75;625,75;625,76;626,76;628,77;630,78;631,78;632,78;632,80;634,81;635,81;636,82;637,83;638,84;639,85;640,85;641,86;642,86;642,87;643,88;645,89;646,89;647,90;649,92;649,93;652,93;653,94;655,94;656,95;657,95;659,96;660,96;663,97;667,99;668,100;671,100;673,100;677,100;680,101;684,101;687,101;690,102;691,102;693,102;695,103;698,103;700,103;702,103;705,103;707,103;708,104;711,104;714,106;717,106;718,106;720,106;722,107;725,108;728,109;729,109;731,109;733,109;734,109;735,109;736,109;738,109;740,110;741,110;743,110;745,110;747,111;748,111;751,111;752,111;754,111;757,111;759,111;760,111;763,111;764,111;765,111;768,111;771,111;775,111;777,112;781,113;785,113;788,113;792,113;795,113;797,113;800,113;805,114;806,114;809,114;811,115;814,116;815,116;817,116;819,116;821,116;822,116;826,116;827,116;831,118;832,118;835,119;838,119;840,119;841,119;843,119;844,119;846,119;848,120;849,120;853,120;855,120;857,120;860,120;862,120;865,121;868,122;870,122;871,122;873,122;875,122;878,123;881,123;884,123;885,123;889,123;891,123;893,124;895,124;898,124;899,124;900,124;904,126;907,126;909,126;910,126;912,126;915,127;916,127;917,127;918,127;919,127;920,127;923,127;926,127;927,127;930,128;931,128;933,128;934,128;935,128;937,128;938,128;939,128;940,128;941,128;942,128;943,128;944,128;946,128;948,128;949,128;951,128;953,128;955,128;956,128;957,128;957,129;959,130;960,132;961,133;962,135;963,136;964,138;964,139;965,140;965,142;966,144;967,146;967,147;967,148;969,153;969,155;971,158;971,160;971,163;971,166;971,167;972,168;972,171;972,172;972,174;972,177;974,181;974,185;974,187;974,190;974,191;974,192;974,193;974,196;974,197;974,199;974,201;974,203;974,204;974,205;974,206;974,207;974,208;974,210;974,212;974,213;973,214;972,215;971,215;971,216;970,217;969,217;968,217;966,218;964,218;963,218;961,220;960,220;958,220;956,220;955,220;953,220;952,220;950,220;947,220;946,220;945,220;944,220;942,220;941,220;938,220;936,220;935,220;933,220;931,220;929,220;928,220;925,220;924,219;923,219;921,219;918,219;915,219;913,219;910,219;909,219;907,219;906,218;905,218;903,218;900,218;898,218;895,217;891,217;888,217;886,217;884,217;882,217;881,217;879,216;878,216;877,216;876,216;873,216;871,216;869,216;866,216;865,215;863,215;862,215;861,215;860,215;859,215;858,215;855,214;854,214;853,214;851,214;849,214;848,214;847,214;846,214;844,214;843,214;841,214;840,214;839,215;837,215;836,215;835,215;834,215;833,215;830,216;829,216;828,217;827,217;826,217;825,217;824,218;822,218;818,219;816,219;815,219;815,220;814,220;813,220;812,220;811,220;809,221;807,221;806,221;804,222;802,222;799,222;798,222;797,222;796,222;795,222;793,222;792,223;791,223;789,223;788,223;787,223;784,223;780,223;776,223;774,223;770,223;768,223;766,223;764,223;762,223;759,223;756,223;752,223;750,223;747,223;745,223;743,223;741,223;739,223;735,222;734,222;732,222;730,221;728,220;726,220;723,219;721,219;720,219;719,218;716,218;715,218;713,217;710,216;708,216;706,216;704,215;701,215;700,215;697,213;695,213;693,213;690,213;686,212;683,211;681,211;678,211;676,211;674,211;672,211;671,210;669,209;668,209;665,209;662,209;660,209;659,209;657,209;656,209;654,209;653,209;652,208;651,208;650,208;649,208;647,208;646,208;645,208;644,208;643,208;642,208;638,208;634,208;631,207;628,207;626,207;624,207;622,207;621,207;620,207;619,207;617,207;615,207;614,207;612,207;610,207;609,207;608,207;607,207;606,207;605,207;603,207;601,208;600,208;599,208;598,208;596,208;595,209;594,209;592,210;590,210;588,210;585,210;584,210;583,210;582,211;581,211;580,211;579,211;578,211;577,211;575,211;574,211;573,211;571,211;570,211;569,211;568,211;567,211;566,211;565,211;564,211;562,211;560,211;559,211;558,211;556,211;555,211;554,211;552,211;550,211;548,211;545,211;543,211;540,211;538,211;536,211;535,211;534,211;532,211;531,211;528,211;526,211;524,211;522,211;521,211;520,211;519,211;518,211;516,211;515,211;514,211;513,211;512,211;511,211;509,211;508,211;507,211;506,211;504,212;503,212;501,212;500,212;499,212;498,212;496,212;494,212;493,212;491,212;490,212;488,212;485,212;482,212;481,212;480,213;478,213;477,213;476,213;475,214;474,214;473,214;471,214;470,214;469,214;468,215;466,215;465,215;463,215;462,215;461,215;459,215;458,215;457,215;455,215;454,215;453,215;452,215;451,215;450,215;449,215;447,215;444,215;443,215;442,215;440,215;438,215;436,215;432,215;429,215;426,215;
Artery, ICG; POLYGON; 34, 177, 76; 120,193;119,193;118,193;117,191;116,191;113,189;112,189;111,189;111,188;110,187;109,187;107,186;106,186;105,184;104,184;104,183;102,182;100,182;99,181;98,181;98,180;96,180;96,178;95,178;93,178;91,178;90,177;89,177;87,177;86,177;85,177;84,176;83,176;78,174;77,174;75,174;75,173;75,172;74,171;73,171;74,170;75,170;76,170;77,168;78,168;80,168;84,168;87,168;90,168;93,168;96,168;99,168;102,168;105,168;109,168;112,168;113,168;114,168;116,168;119,168;123,168;126,168;129,169;132,169;133,169;134,169;135,170;136,171;137,173;139,174;140,174;141,175;141,176;141,178;141,179;141,182;141,185;139,188;137,190;136,191;135,192;134,192;132,192;131,193;130,194;129,194;
Artery, ICG; POLYGON; 34, 177, 76; 119,192;118,192;117,194;116,194;115,195;114,195;112,195;110,196;108,196;107,196;106,197;105,197;104,197;103,197;102,198;100,198;99,198;98,198;97,199;96,199;94,199;93,200;92,200;91,200;89,200;88,200;86,200;85,200;84,200;83,200;83,201;82,201;81,201;80,201;80,202;80,203;80,204;81,204;82,205;86,206;88,206;90,207;91,207;94,207;95,207;99,207;101,207;104,207;107,207;111,207;112,207;115,207;118,207;120,207;124,207;125,207;128,207;129,207;131,206;132,206;136,205;138,205;141,205;143,205;145,205;148,205;149,205;151,204;152,204;154,203;155,203;159,202;160,201;163,200;
Artery, ICG; POLYGON; 34, 177, 76; 369,128;368,127;369,127;369,126;372,124;374,123;375,123;375,122;376,122;377,122;378,121;380,119;380,118;381,118;382,117;382,116;382,115;382,112;382,111;382,110;382,109;382,108;382,107;381,105;380,104;379,103;379,102;380,102;381,102;382,102;383,102;384,102;385,102;386,103;387,103;389,104;391,105;392,105;393,107;394,108;394,109;395,110;396,111;398,113;398,114;399,115;400,115;401,115;402,116;403,116;403,117;403,118;404,120;404,121;405,122;407,125;
Artery, ICG; POLYGON; 34, 177, 76; 426,123;426,122;425,122;425,121;424,120;424,119;423,118;422,117;422,116;421,115;419,113;419,112;418,112;418,110;416,109;415,109;414,109;413,108;412,108;411,107;410,106;410,105;409,105;408,104;407,104;404,103;403,102;402,102;401,101;399,101;398,100;397,100;396,99;395,99;393,99;392,99;392,98;391,97;390,97;389,97;388,97;387,96;387,95;386,95;386,94;385,94;383,94;380,94;379,93;378,93;377,93;377,94;376,96;376,97;376,98;376,99;376,100;377,102;379,104;381,105;382,107;383,107;383,108;384,108;385,109;386,110;389,111;393,114;395,114;396,114;396,115;397,115;398,115;399,116;400,116;402,118;404,118;405,118;406,118;408,120;410,121;410,122;411,123;
Artery, ICG; POLYGON; 34, 177, 76; 548,120;547,120;546,118;545,118;543,115;543,114;542,114;541,113;540,113;540,112;540,111;539,109;539,108;538,106;537,105;536,105;536,104;535,102;535,101;534,99;533,99;533,98;532,97;532,96;531,96;530,96;529,95;528,94;527,94;526,92;524,91;523,91;523,90;522,90;521,90;518,89;517,89;516,88;514,88;513,86;512,86;511,85;510,84;507,83;506,83;504,82;502,82;499,80;498,80;497,80;496,79;495,79;494,79;493,79;492,79;491,78;490,78;489,78;488,77;487,77;485,77;484,77;483,76;482,76;481,75;480,74;479,74;478,74;476,74;472,73;471,73;470,72;469,72;468,72;467,72;465,72;464,72;463,71;462,70;461,70;460,69;458,68;457,68;456,68;455,67;454,67;453,66;452,66;451,66;450,65;449,65;449,64;449,63;449,62;451,61;451,60;453,60;453,59;454,59;455,59;456,59;457,59;459,59;461,59;463,59;466,59;470,59;472,59;476,59;480,59;484,59;488,59;491,59;494,59;496,59;498,59;502,59;504,59;505,59;508,59;511,59;514,59;517,60;520,60;523,60;526,60;527,61;529,61;532,64;535,66;538,68;542,70;544,71;546,72;550,72;550,73;551,74;551,76;
Artery, ICG; POLYGON; 34, 177, 76; 570,120;569,121;568,121;567,121;565,121;564,121;563,121;561,121;560,121;559,121;558,120;557,120;556,120;554,120;553,120;552,120;551,120;550,120;549,120;549,119;548,119;548,118;547,117;546,117;546,116;545,115;545,114;544,113;543,112;542,110;541,110;541,109;541,108;540,107;540,106;540,105;540,104;540,102;540,101;540,99;539,99;539,98;540,97;541,97;545,96;548,96;550,96;552,95;555,95;556,94;558,94;560,94;561,94;563,94;565,94;566,94;
Artery, ICG; POLYGON; 34, 177, 76; 457,65;457,64;456,64;456,63;454,63;453,62;451,62;450,61;450,60;449,60;448,59;447,59;446,59;445,59;444,58;444,57;443,57;442,56;440,54;439,53;438,53;437,53;436,52;435,52;434,52;433,51;432,51;431,50;429,49;429,48;428,48;427,48;426,48;425,47;424,47;423,46;422,46;421,46;421,45;419,44;418,43;417,43;416,42;415,42;414,42;413,41;412,41;411,41;411,40;410,39;409,39;408,39;407,38;407,37;406,36;405,36;404,35;403,35;402,34;401,34;400,33;398,32;397,32;396,32;396,31;395,30;394,29;393,29;392,29;392,28;391,28;390,28;389,28;389,26;388,25;387,25;386,25;385,24;383,23;383,22;382,21;381,20;381,19;381,18;381,17;381,16;381,15;381,13;381,12;382,10;383,10;384,9;385,9;386,9;387,8;388,7;389,6;390,6;391,6;392,6;393,6;394,6;395,6;396,6;397,6;398,5;399,5;400,4;401,4;402,4;403,4;404,3;405,3;406,3;407,3;408,2;410,2;412,2;413,2;415,2;416,2;418,1;418,0;420,0;421,0;422,0;423,0;424,0;425,0;426,0;427,0;428,0;429,0;430,0;431,0;432,0;434,0;435,0;436,0;437,1;438,1;439,1;440,1;441,1;442,2;443,2;444,2;445,3;446,3;447,4;448,4;449,4;450,6;451,6;452,7;454,7;455,7;455,8;457,9;458,9;459,9;459,10;460,10;462,10;462,12;465,13;467,13;468,14;469,14;469,15;470,15;471,15;472,15;473,16;474,16;475,16;475,18;476,19;476,20;476,22;476,24;476,25;476,26;475,27;475,28;474,28;473,29;473,30;472,30;471,31;470,31;469,31;468,31;467,31;466,31;465,31;463,32;462,32;461,32;460,32;459,32;458,32;456,32;455,32;453,32;452,32;451,31;450,29;449,29;448,28;447,27;446,27;446,26;446,25;445,24;444,23;442,22;441,21;440,21;439,21;438,21;436,20;435,20;434,20;433,20;432,20;431,20;430,20;429,20;428,20;427,20;426,20;425,20;425,21;425,22;425,23;425,24;425,25;425,26;425,27;425,29;425,30;425,31;426,31;426,32;427,33;428,33;428,34;428,35;431,36;432,36;433,37;434,37;435,38;436,38;438,39;439,39;440,39;442,41;443,41;443,42;444,42;445,42;446,42;446,43;447,44;448,45;449,45;452,48;453,48;454,49;455,49;457,50;460,52;462,52;464,54;467,54;469,55;470,56;472,56;472,57;473,57;474,58;476,60;477,60;477,61;477,62;477,63;477,64;477,65;477,66;477,67;477,68;477,69;477,70;
Artery, ICG; POLYGON; 34, 177, 76; 534,110;534,109;534,108;534,107;534,106;533,105;533,104;533,103;532,102;532,100;531,99;531,98;530,97;529,96;528,95;527,94;526,93;525,93;524,92;522,91;521,91;520,90;519,90;518,90;518,89;517,88;517,87;516,87;515,87;514,87;513,86;512,86;511,85;510,85;509,85;509,84;507,84;506,84;506,83;505,82;505,81;504,81;503,81;502,80;501,79;501,78;501,76;501,74;501,73;501,72;503,72;505,72;506,72;509,72;513,72;517,72;519,72;523,72;527,72;531,72;536,72;540,72;541,72;542,72;544,72;546,72;547,72;550,73;552,75;
Artery, ICG; POLYGON; 34, 177, 76; 539,111;539,110;538,110;538,109;537,109;536,107;536,106;535,106;535,105;534,104;533,103;532,103;531,102;530,101;529,101;529,100;528,100;528,99;527,99;526,98;526,97;525,97;524,96;523,96;522,96;522,95;521,94;519,94;518,94;517,93;515,92;514,92;513,91;512,90;510,89;508,89;507,89;506,88;505,87;505,86;504,86;503,86;502,86;502,85;502,84;501,83;499,83;499,82;497,81;497,80;496,80;496,78;496,77;495,77;494,77;494,76;494,75;494,74;495,74;497,73;498,73;499,73;501,73;503,73;507,73;510,71;513,71;516,71;518,71;520,71;523,71;526,71;529,72;532,73;536,75;539,75;542,77;545,79;549,79;552,80;552,81;553,81;553,83;554,83;555,84;556,86;557,89;558,91;559,94;559,97;561,100;
Artery, ICG; POLYGON; 34, 177, 76; 470,53;469,53;468,52;468,51;468,50;468,49;468,48;467,48;467,47;467,45;467,44;465,43;464,42;463,42;463,41;462,41;461,41;460,41;460,39;459,38;458,38;457,38;456,37;456,36;455,36;455,35;455,34;455,33;455,32;455,31;456,31;458,31;460,31;462,31;463,31;464,31;465,31;466,31;468,32;471,33;474,36;478,38;480,39;481,39;484,41;485,41;485,43;486,44;487,45;488,46;490,48;
Artery, ICG; POLYGON; 34, 177, 76; 370,122;371,122;371,121;372,121;373,120;374,119;375,117;375,116;376,116;376,115;378,114;378,113;379,113;379,112;379,111;379,110;379,108;378,107;377,106;376,105;375,104;375,103;375,102;374,102;373,102;373,101;372,101;371,101;369,100;368,99;367,98;366,97;366,96;365,95;364,95;363,94;362,93;362,92;361,91;361,90;360,89;359,88;358,88;356,86;355,85;355,84;355,83;354,83;353,83;352,83;350,82;349,82;347,82;345,82;344,82;343,81;342,81;340,81;339,80;337,80;335,80;333,80;331,80;330,79;330,78;330,77;330,76;330,75;331,75;332,75;334,75;335,75;336,75;337,75;338,75;339,75;340,75;341,75;342,75;343,75;344,75;346,75;347,75;348,76;349,76;351,76;352,78;353,78;354,79;355,80;357,80;358,81;359,81;360,82;360,84;361,84;362,85;363,86;364,86;365,87;366,88;366,89;367,90;368,91;369,91;369,92;371,93;371,94;372,94;372,95;374,97;375,97;376,98;377,98;379,99;380,99;381,100;383,100;383,102;384,102;385,103;386,104;387,104;388,104;391,105;392,106;394,106;395,107;
Artery, ICG; POLYGON; 34, 177, 76; 377,97;376,97;375,97;374,96;374,95;373,95;372,95;371,95;370,94;369,94;367,94;366,93;365,93;364,93;364,92;363,91;362,91;361,91;360,91;359,90;359,89;358,89;357,88;356,88;356,87;355,87;354,87;353,87;351,87;351,86;350,86;349,86;348,86;347,86;346,86;345,86;344,85;343,84;343,83;342,83;341,82;340,81;340,80;339,79;338,78;338,77;338,76;338,75;338,74;338,73;339,72;339,71;340,71;341,72;342,72;343,72;344,72;345,73;346,74;346,75;348,75;348,77;349,77;350,78;351,78;352,78;352,79;353,79;354,80;
Artery, ICG; POLYGON; 34, 177, 76; 369,122;367,122;368,122;369,122;370,122;371,121;372,120;373,119;373,118;374,116;375,116;376,115;376,114;376,111;376,110;378,108;378,107;378,105;379,103;380,103;381,103;382,103;383,105;384,106;384,107;384,108;385,109;385,111;385,113;385,114;385,115;385,116;385,117;385,118;385,119;385,120;385,121;385,123;385,124;385,125;385,126;385,127;
Artery, ICG; POLYGON; 34, 177, 76; 377,118;376,118;375,118;374,118;373,118;372,118;371,118;370,118;369,118;368,118;367,118;366,118;365,118;364,118;364,119;363,119;362,120;361,121;361,122;360,123;359,124;358,125;358,126;358,128;358,129;358,130;358,131;358,132;358,133;358,134;359,137;360,138;361,138;363,139;364,139;365,140;369,140;370,141;373,141;375,142;377,142;380,142;382,142;384,142;387,142;390,142;393,142;
Artery, ICG; POLYGON; 34, 177, 76; 448,961;449,961;449,960;450,960;451,959;452,959;453,959;455,958;457,957;459,956;462,955;464,952;465,951;465,950;465,949;467,949;468,948;469,947;470,947;470,946;471,946;472,945;473,944;473,943;474,943;475,943;477,942;477,941;479,941;480,941;480,940;481,940;482,940;483,940;484,940;485,940;485,938;487,938;487,937;488,936;489,936;490,936;491,935;491,934;493,934;494,933;495,933;497,932;498,931;499,931;500,930;501,930;502,929;503,929;504,928;505,926;505,925;506,924;508,923;509,922;509,921;510,920;511,920;512,920;512,919;513,918;514,917;515,917;516,917;516,916;516,915;516,914;517,914;518,913;519,913;519,912;520,911;521,910;522,909;522,908;523,908;524,908;525,907;526,907;528,905;530,904;530,903;531,902;532,901;533,901;534,900;535,899;535,898;537,897;537,896;539,896;540,894;541,894;542,893;543,893;544,892;546,891;547,889;550,888;550,887;551,887;552,887;553,887;554,887;555,885;556,884;557,883;558,882;558,881;559,881;560,881;561,880;562,880;562,879;563,878;563,877;564,877;565,875;568,875;569,875;569,874;570,874;571,874;571,873;573,872;573,871;574,871;574,870;575,869;576,868;578,866;579,865;580,864;581,864;582,863;583,862;585,860;585,859;587,858;587,857;588,856;589,855;590,855;591,855;592,855;594,853;594,852;594,851;595,851;596,850;597,850;597,849;597,848;598,848;598,847;598,846;598,845;599,845;599,844;600,843;601,843;602,842;602,841;603,840;603,839;604,838;604,837;605,836;606,834;607,833;607,832;608,831;608,830;609,830;610,829;610,828;611,826;612,826;614,824;615,823;616,823;617,823;617,822;618,821;618,820;619,819;620,818;620,817;621,817;621,815;623,813;623,812;624,812;625,811;625,810;627,808;627,806;627,805;627,804;628,803;628,802;628,801;629,800;630,799;631,796;632,795;632,794;633,792;634,791;635,790;636,788;637,787;638,786;639,785;640,783;641,782;643,781;643,780;644,780;645,780;647,779;648,779;649,778;650,777;651,776;652,776;653,775;654,775;655,775;656,774;657,774;658,773;659,773;659,772;660,771;661,771;662,771;663,771;664,770;665,770;666,770;666,769;667,769;669,769;671,768;672,768;673,768;674,767;676,766;678,766;681,766;684,766;685,766;688,764;690,764;694,763;695,763;696,762;698,761;699,761;700,761;701,761;702,761;703,760;704,759;706,759;706,758;707,758;708,758;709,758;710,757;712,757;713,756;716,756;718,756;721,754;722,753;723,752;725,751;726,751;728,750;729,750;730,750;732,748;733,748;735,746;736,746;738,745;739,745;740,745;741,744;742,744;744,743;745,743;746,743;747,743;748,743;750,743;751,740;752,740;753,740;754,740;754,739;755,739;757,739;759,738;762,737;763,737;766,737;767,735;768,735;770,734;771,733;773,732;774,732;775,732;776,731;778,731;778,729;781,729;782,728;785,727;786,726;787,726;788,725;789,725;791,723;793,722;795,721;797,721;798,721;799,720;800,720;801,720;801,719;802,718;803,717;804,717;806,716;807,714;808,714;809,714;810,713;811,712;814,711;814,710;815,709;816,708;818,707;819,707;820,706;820,705;823,703;825,702;827,701;828,701;829,701;830,701;832,700;833,698;834,698;836,697;837,696;838,695;839,695;840,695;842,693;844,692;845,692;846,692;847,691;848,690;849,690;850,690;850,689;853,689;855,689;856,689;858,689;859,687;860,686;861,686;862,686;863,686;864,686;865,686;865,685;866,685;868,684;869,683;870,683;871,683;872,683;873,683;875,681;876,681;878,681;880,681;881,681;882,681;884,681;885,681;887,681;888,681;889,681;890,681;891,681;892,681;893,681;895,681;897,681;899,681;901,681;902,681;902,680;903,680;905,680;906,680;908,680;909,680;910,680;912,679;913,679;914,679;915,679;915,678;916,678;917,677;918,676;919,676;921,676;922,676;925,676;927,676;928,676;929,676;930,676;932,677;935,678;936,678;937,678;938,678;940,679;943,680;943,681;943,682;945,683;946,683;947,683;948,683;949,683;951,683;952,683;954,683;956,683;958,683;959,683;961,683;963,683;965,683;967,683;968,683;969,684;970,684;971,684;972,684;973,684;974,684;975,684;976,684;978,684;980,684;982,684;984,684;986,684;987,684;989,684;990,684;991,684;992,684;993,684;993,681;993,680;993,679;993,678;992,677;991,674;990,674;987,672;985,671;984,671;983,671;982,671;981,670;981,669;980,668;978,665;977,665;976,663;974,661;974,660;973,660;973,659;973,657;973,655;973,654;973,652;973,651;973,650;973,649;973,647;973,646;973,644;973,643;973,642;975,639;976,638;976,637;976,635;979,633;979,632;980,631;981,629;982,629;983,627;984,626;984,624;985,623;986,621;986,620;987,620;988,619;989,618;990,617;993,613;994,612;996,611;997,609;998,608;998,607;999,607;1000,606;1001,605;1002,605;1002,604;1003,604;1004,603;1004,601;1004,600;1005,600;1005,598;1007,596;1007,595;1008,593;1008,592;1008,590;1009,588;1009,587;1009,585;1009,583;1010,580;1010,578;1011,577;1011,575;1011,574;1011,572;1011,571;1011,570;1011,569;1011,567;1011,564;1011,563;1011,562;1011,560;1011,559;1011,558;1011,556;1011,555;1011,554;1011,552;1011,551;1011,549;1011,546;1011,544;1011,540;1011,538;1011,536;1011,533;1011,531;1011,528;1010,525;1008,523;1008,520;1008,518;1008,517;1007,516;1007,515;1006,514;1006,513;1006,512;1006,511;1006,509;1005,509;1004,508;1004,507;1003,506;1003,505;1001,504;1001,502;1000,502;998,501;997,500;997,499;996,498;996,497;995,497;994,497;993,497;991,497;989,497;988,497;987,497;986,499;983,499;982,500;980,500;979,500;977,500;974,501;973,501;972,502;971,502;970,503;969,504;967,504;965,505;964,506;962,506;960,506;959,507;958,508;956,509;954,509;953,510;952,510;951,510;949,510;949,511;948,511;947,511;946,511;945,511;944,511;943,511;942,511;941,511;939,511;937,511;935,511;932,511;930,511;929,511;928,512;927,512;926,512;924,512;923,512;921,512;919,512;918,512;917,512;915,512;913,512;912,512;910,512;908,512;906,512;905,512;904,512;903,512;902,512;900,512;898,512;897,512;896,513;894,513;892,513;891,513;890,513;889,513;887,513;886,513;884,513;883,513;881,513;880,513;878,513;875,513;873,513;870,513;868,513;866,513;864,513;862,513;861,513;860,513;859,513;858,513;856,513;855,513;852,513;850,513;849,513;847,513;845,513;843,513;840,513;839,513;837,513;836,513;835,513;834,513;833,513;832,513;831,513;830,514;829,515;828,516;827,516;827,517;826,517;825,518;824,518;824,519;824,522;824,523;824,524;823,524;823,525;823,526;823,527;823,528;822,528;822,529;822,530;822,531;822,532;822,533;822,534;822,535;822,536;822,537;822,538;822,539;822,540;822,541;822,542;822,543;822,544;822,546;822,547;822,548;822,549;823,549;823,550;825,550;825,552;826,552;827,553;828,553;829,553;831,554;832,555;834,556;837,556;839,556;840,558;842,559;843,559;843,560;843,561;843,563;843,564;843,565;843,566;843,567;843,568;843,569;843,570;842,570;841,571;841,572;840,573;839,573;838,573;837,574;836,574;835,575;834,575;834,576;833,576;832,576;831,576;829,577;828,578;826,578;825,578;824,578;823,579;822,579;821,579;820,580;819,580;817,581;815,581;814,582;812,583;811,583;810,584;808,584;806,585;805,585;804,585;803,586;802,587;801,587;801,588;800,589;799,589;798,589;796,590;795,590;794,590;794,591;793,592;791,593;790,594;789,594;787,595;785,595;784,595;784,596;783,597;782,597;781,597;780,597;779,597;777,599;776,599;773,599;773,600;772,600;771,600;770,601;768,602;766,602;765,603;762,603;760,604;759,605;758,606;756,606;754,607;753,608;752,608;751,608;750,608;749,608;749,609;748,609;747,609;746,609;745,610;745,611;744,612;743,612;742,612;741,613;740,613;739,613;738,613;738,614;737,614;736,614;735,614;734,615;732,615;731,615;730,617;729,617;729,618;727,618;726,618;725,618;724,619;723,619;722,619;721,619;720,620;720,621;719,621;718,621;717,622;716,622;715,622;714,623;713,624;712,624;711,624;709,626;708,626;707,626;705,627;703,628;702,629;700,629;699,630;698,630;697,631;696,631;695,631;694,632;693,632;692,632;690,632;689,634;688,634;686,634;685,635;684,635;682,635;681,635;680,636;679,637;677,637;676,638;674,639;673,639;671,640;670,640;669,640;667,641;666,641;664,642;663,642;662,644;661,644;660,644;659,644;658,644;658,645;657,646;656,646;655,646;653,646;652,646;651,647;650,647;648,648;647,648;646,648;643,649;642,649;641,649;640,649;639,651;637,651;636,651;634,652;632,653;631,653;630,653;629,653;628,653;626,654;625,654;624,654;623,654;621,655;620,656;619,657;619,658;618,658;617,658;615,658;614,658;612,659;611,659;609,660;608,660;607,660;606,660;606,661;605,661;604,661;603,661;601,662;600,662;599,662;597,663;596,663;595,663;594,663;593,664;592,664;591,664;589,665;588,665;587,665;586,665;585,665;584,666;582,666;581,666;581,667;579,668;578,669;577,669;575,670;574,670;573,670;572,670;571,670;570,671;569,671;568,671;567,672;566,672;565,673;563,673;562,673;561,673;560,675;559,675;558,676;557,676;556,676;555,676;554,676;553,676;552,676;551,676;550,676;549,677;548,677;547,677;546,677;545,678;543,679;542,680;540,680;539,680;537,681;536,681;535,681;533,682;532,682;530,682;529,683;528,683;526,683;525,683;524,683;523,684;522,685;521,685;520,685;519,685;517,685;516,685;514,685;513,685;512,685;511,685;510,685;509,685;508,685;506,686;505,686;504,686;503,687;502,687;501,687;500,687;498,687;497,687;495,687;495,688;494,688;493,688;491,688;490,688;489,688;488,688;487,688;486,689;485,689;484,690;483,690;482,690;478,690;476,690;475,690;472,690;471,691;469,691;467,691;465,691;463,691;462,691;461,691;460,691;459,691;458,691;457,691;456,691;455,691;454,691;453,691;452,691;450,691;449,691;448,691;447,691;445,691;443,693;441,693;440,693;439,693;438,693;437,693;436,693;435,693;432,694;430,694;429,694;428,694;427,695;426,695;425,695;424,695;423,695;421,695;420,695;419,695;418,695;416,696;415,696;413,697;412,697;411,697;410,697;409,697;408,697;406,697;404,697;403,697;401,697;400,698;399,698;398,698;397,699;397,700;396,700;395,700;394,700;393,700;393,701;392,701;391,701;388,701;387,702;386,702;384,702;383,702;382,702;381,703;380,703;379,703;378,703;377,703;376,703;374,703;373,703;372,703;371,703;369,703;366,704;364,704;362,706;361,706;360,706;358,706;357,706;355,706;354,706;353,707;352,707;351,707;349,708;348,708;347,708;346,708;345,708;343,708;341,708;340,708;337,708;334,708;330,709;329,709;327,709;324,710;322,710;321,710;318,712;316,712;313,712;311,712;309,712;306,712;305,712;303,712;302,712;299,712;296,712;295,712;294,712;292,712;291,712;290,712;288,712;287,712;286,712;284,712;281,712;279,712;277,712;275,712;271,712;270,712;269,712;268,712;267,712;266,712;265,712;264,712;261,712;259,712;258,712;255,712;254,712;253,712;252,712;251,712;250,712;249,712;248,712;247,712;247,713;245,714;245,715;244,715;244,716;243,718;243,719;242,720;242,721;242,722;241,723;241,725;241,726;241,728;241,729;241,730;241,731;241,732;241,733;241,734;241,736;242,738;243,739;244,739;244,740;245,741;245,742;246,743;249,744;250,744;251,744;252,744;254,744;256,744;257,744;258,744;260,744;261,744;264,744;266,744;267,744;269,745;272,745;273,745;274,745;275,745;276,745;277,745;278,745;278,746;279,746;281,746;284,748;285,748;286,748;287,748;288,748;289,748;290,748;291,749;293,750;294,750;295,750;296,750;297,750;298,750;299,752;300,752;301,752;303,752;304,752;306,752;307,754;308,754;309,754;310,754;312,754;313,754;314,754;315,755;317,755;318,755;319,755;320,755;321,755;322,755;324,755;325,755;327,755;330,755;331,755;332,755;334,755;336,755;338,755;340,755;341,755;342,755;344,755;345,755;346,754;347,753;348,753;350,752;350,751;351,751;354,750;355,750;356,749;357,748;358,747;359,747;360,746;361,746;362,746;363,746;364,745;365,745;367,745;369,745;370,744;371,744;373,744;375,744;376,744;379,744;380,744;381,744;382,744;383,744;384,744;386,744;387,744;390,744;393,744;395,744;396,744;397,744;398,744;399,744;401,744;402,744;403,745;404,746;406,746;406,747;407,747;408,747;409,747;410,747;410,748;412,749;412,750;412,751;412,752;412,753;412,754;412,756;412,757;412,759;412,760;411,760;410,761;409,761;408,761;408,762;407,762;406,762;406,763;405,763;403,763;403,764;402,764;401,765;399,766;398,766;396,766;395,766;394,766;391,767;390,767;389,768;387,768;385,769;384,769;382,770;382,771;381,771;381,772;380,773;378,773;377,774;376,774;376,775;375,776;374,777;373,778;372,778;371,780;371,781;370,783;368,784;368,786;368,787;367,788;367,789;366,791;365,792;365,793;365,796;364,797;363,797;363,799;363,800;362,801;362,802;361,802;361,803;361,804;360,805;360,806;360,809;359,810;359,811;358,813;358,814;358,815;358,816;358,818;357,819;357,821;357,822;356,822;356,823;356,824;355,825;355,826;355,827;355,828;357,828;358,828;359,828;361,828;362,828;363,828;366,828;369,828;370,828;371,828;372,828;374,828;375,827;376,827;379,826;381,825;381,824;382,823;384,822;384,821;385,821;386,821;387,819;389,819;391,818;392,818;393,817;394,816;394,815;395,815;396,814;397,814;399,814;400,814;402,814;403,814;405,813;406,813;407,813;408,813;408,812;410,812;412,812;414,812;416,812;417,812;419,811;420,811;421,811;424,810;425,810;427,809;429,809;430,808;431,808;433,808;437,807;439,807;440,807;442,807;443,807;445,807;448,807;450,807;452,807;453,807;454,807;455,806;456,806;457,806;458,806;460,805;461,805;463,805;464,805;465,805;467,805;468,805;470,805;471,804;473,803;474,802;476,802;477,802;478,802;480,802;481,802;482,801;483,801;484,801;486,800;487,800;488,799;489,799;491,799;494,798;496,798;498,798;498,796;499,796;501,796;502,795;503,795;505,795;506,795;508,794;509,794;510,794;511,794;512,794;514,794;515,794;516,794;517,793;518,793;519,792;521,792;522,790;524,790;527,790;528,790;529,789;530,789;533,788;534,788;536,787;538,787;540,787;541,787;543,787;544,787;545,787;546,787;547,787;549,787;551,787;552,787;553,787;554,787;555,787;556,787;557,787;558,787;558,788;558,790;558,791;558,792;558,793;558,794;558,796;558,797;558,798;558,799;558,800;558,801;557,802;556,804;555,806;555,807;554,807;553,808;553,809;552,810;551,810;550,811;548,812;547,812;546,813;545,815;543,817;542,817;540,818;540,819;539,819;538,820;537,821;537,822;535,822;535,823;533,824;531,825;529,827;528,828;525,830;524,830;522,832;521,833;520,834;519,835;518,836;517,837;516,837;515,838;513,840;513,841;512,841;512,842;511,842;511,843;510,844;509,845;508,846;507,848;506,848;506,849;505,849;503,851;501,853;500,854;498,856;497,857;497,858;497,859;496,859;495,860;492,862;490,862;489,864;488,865;488,866;487,866;487,867;485,867;483,870;482,870;480,872;479,872;479,873;478,873;477,874;476,876;476,877;475,877;474,878;474,879;473,879;472,880;471,881;471,882;471,883;470,883;469,883;468,884;468,885;467,885;467,886;466,887;466,888;466,889;465,889;464,890;463,890;463,891;462,892;461,893;461,895;460,896;459,896;458,896;458,897;457,897;457,898;456,899;455,900;455,901;455,902;454,903;453,903;452,904;452,905;452,906;451,907;451,908;450,908;449,909;449,910;448,911;447,912;446,912;446,914;445,915;445,916;445,918;445,919;444,920;443,921;443,922;443,923;443,924;442,926;441,927;441,928;441,931;441,932;441,933;441,934;441,936;441,938;441,939;441,940;441,941;441,943;441,944;441,945;441,946;441,947;442,949;442,950;442,951;442,952;442,953;442,954;442,955;443,956;444,957;444,958;445,958;446,958;448,960;448,961;449,961;450,961;451,961;452,960;453,960;453,959;454,958;455,956;455,955;
Artery, ICG; POLYGON; 34, 177, 76; 645,779;646,779;647,779;647,778;647,777;649,776;650,776;651,775;652,775;654,775;655,774;657,773;658,773;659,773;661,771;662,771;663,771;664,771;666,770;667,770;669,769;670,769;671,769;672,769;673,769;675,768;676,768;678,768;679,768;680,768;681,768;681,767;682,767;683,767;684,766;684,765;685,765;686,765;688,765;688,764;690,764;692,764;692,763;694,763;695,763;697,762;700,761;701,761;702,761;703,759;704,759;705,759;706,759;707,759;708,759;709,758;710,758;711,758;713,758;714,758;716,758;718,758;719,758;720,756;721,756;722,756;723,756;724,756;725,756;725,755;726,755;727,755;727,754;728,754;729,754;729,753;730,753;731,753;732,753;732,752;733,752;734,751;735,751;736,751;737,751;738,751;739,750;740,750;741,750;742,750;743,748;744,748;745,747;746,747;746,746;747,746;748,746;749,746;751,745;752,745;753,745;754,744;756,744;757,744;758,742;759,741;760,741;761,741;762,740;763,740;764,740;765,739;767,739;768,739;769,739;770,739;771,738;772,738;773,736;774,736;775,736;776,735;777,735;779,734;782,734;783,734;784,733;786,732;787,732;788,732;790,731;792,730;794,730;794,729;795,729;795,728;796,728;797,728;798,727;799,726;800,726;801,725;803,724;804,724;805,723;806,723;807,722;808,722;809,722;810,722;812,721;812,720;813,720;815,719;816,719;816,718;817,718;818,718;819,718;820,718;821,718;822,717;823,716;824,716;825,716;826,715;827,715;829,715;830,714;831,713;832,713;833,713;833,712;834,712;835,711;836,711;837,710;838,710;839,710;840,710;841,708;842,707;843,707;844,707;845,707;845,706;847,706;847,705;849,705;850,705;851,704;852,704;853,704;854,704;854,702;856,702;858,700;859,700;862,699;863,698;864,698;865,698;866,697;867,697;868,696;869,696;870,696;872,694;873,693;874,693;875,691;876,691;877,691;878,690;879,690;880,689;882,688;883,688;885,687;886,687;887,687;888,687;889,687;890,687;891,687;893,686;895,685;896,685;898,685;900,685;901,685;902,685;904,685;905,685;906,685;907,683;908,683;910,683;912,683;915,683;917,683;919,683;920,682;922,682;923,682;924,681;925,681;928,681;930,681;931,681;932,681;933,681;934,681;935,681;936,681;938,681;940,681;942,681;943,681;944,681;945,681;946,681;947,681;948,681;951,681;953,681;954,681;955,680;956,680;957,680;958,680;960,680;963,680;964,680;965,680;967,680;968,680;969,680;970,680;971,680;974,680;977,680;978,680;979,680;979,679;979,678;979,677;979,676;979,675;979,674;979,673;978,671;976,670;974,670;973,669;971,668;969,668;968,667;968,666;968,665;967,665;966,664;965,664;965,663;964,662;962,661;961,660;961,659;960,659;960,658;959,657;958,655;958,653;956,651;956,650;954,649;953,646;951,646;950,645;949,644;948,643;948,641;947,640;945,638;943,636;942,635;938,632;937,632;935,630;932,628;931,627;929,626;928,626;925,626;924,626;921,624;919,624;917,624;914,623;912,623;911,623;908,623;906,623;904,623;900,623;897,625;895,627;892,629;891,629;889,631;888,632;886,633;885,633;884,633;884,635;883,636;883,638;882,638;881,638;880,638;
Artery, ICG; POLYGON; 34, 177, 76; 838,541;837,541;836,541;835,541;834,541;833,541;833,542;832,542;831,543;830,543;829,543;828,544;827,544;826,544;825,544;824,544;823,544;822,544;821,544;818,545;817,546;816,546;815,546;814,546;813,546;812,547;811,547;810,547;809,547;807,547;805,548;804,548;802,548;800,548;798,548;795,548;793,548;791,548;789,548;787,548;786,548;783,548;781,550;778,550;776,550;774,550;773,550;771,550;770,551;769,551;768,551;766,551;765,551;763,551;762,552;761,552;760,552;758,552;756,553;756,554;754,554;752,554;751,556;750,556;748,556;747,556;746,556;744,557;742,557;739,558;737,558;736,558;734,558;732,559;731,559;730,559;728,559;725,559;722,560;721,560;719,560;717,560;715,561;713,561;712,561;711,561;710,562;710,563;709,563;708,563;705,563;704,563;701,563;698,564;697,564;696,564;695,564;693,564;692,564;690,564;689,564;688,565;687,565;685,565;683,565;682,565;680,565;678,565;676,565;674,566;673,566;672,567;671,567;669,567;667,567;666,567;665,567;663,569;662,570;661,570;660,570;657,571;656,571;655,571;653,572;650,572;649,572;647,572;646,572;645,572;643,573;642,573;640,575;639,575;638,575;638,576;636,576;634,576;633,577;631,577;629,577;627,577;624,577;623,578;622,578;621,578;619,578;618,578;616,578;615,578;614,578;612,578;611,579;610,579;608,579;604,579;602,579;599,580;598,580;597,580;596,580;595,582;594,582;593,583;592,583;591,583;588,583;587,583;584,583;580,583;578,583;577,583;575,583;574,583;573,583;572,584;570,584;569,584;567,584;565,584;561,584;560,584;558,585;555,585;555,586;553,586;550,586;547,586;544,586;541,586;539,586;538,586;537,587;536,587;534,588;533,588;531,589;530,589;528,589;526,589;524,589;522,590;521,590;519,590;518,591;517,591;515,591;513,591;511,591;510,591;509,592;507,592;506,592;505,592;505,593;503,593;502,594;500,594;497,594;496,594;494,594;491,595;489,595;488,595;484,595;483,595;481,595;479,596;478,596;477,596;475,596;471,596;466,597;464,597;462,597;459,598;458,598;457,598;456,598;454,598;454,599;453,599;452,599;451,599;450,600;450,601;448,601;446,602;445,602;444,602;441,602;440,603;438,603;437,603;435,604;434,604;433,604;432,604;432,605;431,605;430,605;429,605;428,605;426,605;424,607;423,607;421,607;419,607;417,607;414,608;413,608;412,609;411,609;409,609;407,609;406,609;405,609;403,609;402,609;402,610;401,610;400,610;399,610;398,610;396,610;395,610;394,610;393,609;391,607;390,606;390,605;390,604;390,603;390,601;390,600;390,599;392,599;393,598;394,597;395,595;395,594;395,593;396,593;396,592;397,591;398,590;399,590;399,589;400,589;401,588;402,588;403,587;405,587;406,586;407,586;408,586;409,585;410,585;411,585;411,584;412,583;413,583;414,583;415,583;417,583;418,582;418,581;421,580;422,580;423,579;424,578;425,578;427,577;428,577;429,576;430,576;431,576;433,576;435,576;436,576;437,575;438,574;439,574;440,574;441,574;442,574;443,573;444,572;445,572;446,571;447,571;448,571;448,570;450,570;451,570;453,569;453,568;454,568;455,566;456,565;456,564;456,563;456,562;456,561;456,560;456,559;456,558;456,557;456,556;456,555;456,554;456,553;456,552;456,551;457,551;457,550;458,550;459,548;460,548;461,547;462,547;463,547;464,545;465,545;465,544;466,544;467,544;468,544;469,544;471,542;472,542;473,542;475,541;477,541;478,540;479,540;480,540;481,540;482,540;483,539;485,538;486,538;487,538;488,538;489,538;491,538;493,538;495,538;497,538;500,538;502,538;503,538;504,538;505,539;507,539;509,540;512,541;514,543;515,543;517,543;518,543;520,543;522,543;523,543;526,543;528,543;530,543;531,543;534,543;536,543;537,543;538,543;539,543;540,543;542,543;543,543;545,543;547,543;548,543;550,542;551,542;554,540;558,540;559,540;560,540;562,539;563,539;565,539;566,539;568,538;569,538;570,538;571,538;573,536;576,536;577,536;580,536;582,536;584,535;586,534;588,533;590,533;592,532;593,532;595,532;596,532;598,532;599,532;600,530;602,530;604,530;605,530;606,530;607,529;608,529;610,529;610,528;612,528;613,528;616,527;617,526;618,526;619,526;620,526;621,526;623,526;624,526;625,526;627,526;628,526;629,524;630,524;631,524;632,524;633,524;634,524;635,524;636,524;637,524;638,524;639,524;640,524;641,523;643,523;644,523;645,523;646,523;647,523;648,523;651,522;652,522;653,522;654,522;657,522;658,522;660,521;663,521;665,521;666,520;667,520;668,520;669,520;671,520;672,520;675,520;677,520;679,520;681,520;683,520;684,519;687,519;688,519;689,518;689,517;690,517;691,516;692,516;694,515;695,515;697,515;700,514;700,513;701,513;702,513;703,511;705,511;707,511;709,511;710,511;711,511;712,511;712,510;713,510;714,510;715,510;716,510;718,509;718,508;720,508;721,508;722,508;723,508;724,508;725,508;726,508;727,508;728,507;729,507;729,506;729,505;730,505;732,505;733,505;734,505;735,505;737,505;738,505;739,505;740,504;741,504;742,504;744,504;745,504;746,504;747,503;748,503;750,502;751,502;752,502;754,502;755,502;756,502;757,502;758,502;759,502;761,502;762,502;763,502;765,502;767,502;768,502;770,502;771,502;772,502;773,502;774,502;776,502;777,502;779,502;780,502;781,502;782,502;783,502;784,502;785,502;787,502;788,502;790,502;792,502;793,502;794,502;797,502;798,502;802,502;805,502;806,502;807,503;808,503;811,504;813,504;814,504;816,505;817,505;818,505;819,505;820,505;822,505;823,505;825,505;826,505;828,505;830,505;831,505;832,505;833,505;834,505;835,505;836,505;837,505;838,505;840,505;841,505;842,505;843,505;845,505;847,505;849,505;850,505;851,505;852,505;854,505;855,505;857,505;858,505;859,505;861,505;862,505;863,505;864,505;865,505;866,505;867,505;868,505;869,505;870,505;871,505;874,505;877,505;880,505;883,506;885,506;887,506;888,506;890,506;892,506;893,506;895,506;897,506;899,506;901,506;903,506;904,506;906,506;907,506;908,506;909,506;910,506;912,506;915,506;916,506;917,506;919,506;922,506;924,506;927,506;928,506;929,506;931,505;932,505;933,505;934,505;936,505;937,505;938,505;939,505;940,505;941,505;943,504;944,504;945,504;947,504;950,504;952,504;953,504;954,504;955,504;957,504;958,504;959,504;962,504;963,504;965,504;966,504;967,504;968,504;969,505;969,507;969,508;970,510;971,514;972,515;972,517;972,519;972,521;972,522;972,524;972,526;972,528;972,530;972,533;972,534;971,536;970,538;968,539;968,540;967,541;966,543;965,545;964,546;962,548;960,550;959,552;958,553;957,554;956,554;955,554;954,556;953,557;952,558;951,558;
Artery, ICG; POLYGON; 34, 177, 76; 834,552;833,552;832,552;831,552;828,552;827,552;825,552;824,552;823,552;821,552;819,552;818,552;816,552;815,552;814,552;812,552;810,552;809,552;808,552;807,552;806,552;805,552;803,552;802,552;801,552;800,552;798,551;797,551;794,550;791,550;789,549;786,549;784,549;781,549;779,547;778,547;778,546;778,545;777,544;776,543;776,541;776,540;776,538;776,537;776,536;776,535;777,533;779,533;781,533;783,533;785,532;787,531;789,530;791,528;793,527;796,526;797,525;800,525;802,525;804,525;807,525;810,525;811,525;814,525;816,525;817,525;819,525;820,525;
Artery, ICG; POLYGON; 34, 177, 76; 252,737;251,737;249,737;247,737;244,739;243,739;241,739;240,739;238,740;237,740;235,740;234,741;233,741;232,741;231,741;230,741;229,741;228,741;227,741;225,741;224,741;223,741;222,741;221,741;220,741;219,741;217,741;216,741;214,741;212,741;211,741;209,741;207,741;206,741;205,741;204,741;202,741;200,742;198,742;197,742;195,742;191,743;188,743;186,743;184,743;183,743;182,743;181,743;180,743;178,743;176,743;175,743;174,743;173,743;172,743;170,743;169,743;167,743;166,743;164,743;163,743;162,743;161,743;159,743;158,743;155,743;154,743;152,743;151,743;150,743;149,743;147,743;146,743;144,743;143,743;141,743;140,743;140,744;140,745;140,746;139,747;138,749;138,750;138,752;137,752;137,753;136,753;134,754;134,755;133,757;132,757;132,759;131,759;130,760;130,761;129,762;128,763;127,764;126,764;124,765;123,765;121,765;121,766;119,767;117,768;116,768;115,768;114,768;112,768;111,768;110,769;109,769;108,769;107,769;105,769;103,769;101,769;100,769;99,769;97,769;96,769;95,769;94,769;93,770;92,770;89,770;88,770;87,770;86,770;85,770;84,770;83,770;82,770;80,771;79,771;78,771;77,771;76,771;75,771;74,772;72,772;71,772;70,772;70,773;68,773;65,773;64,773;62,773;61,773;59,773;58,773;55,773;54,773;52,773;49,773;46,773;43,773;41,773;40,773;38,773;37,773;34,773;31,773;29,773;27,773;25,772;24,772;23,772;22,772;21,772;20,772;19,772;19,771;18,771;17,771;15,770;14,770;13,770;12,769;11,769;10,769;9,769;8,769;6,769;5,769;4,769;3,769;3,768;1,766;0,765;0,764;-1,763;-1,762;-2,762;-2,761;-2,759;-2,758;-2,757;-2,756;-2,754;-2,753;-2,751;-2,750;-2,749;-2,748;-1,747;-1,746;-1,744;1,742;1,741;3,740;3,739;4,739;4,738;5,738;6,738;7,738;9,738;10,738;12,737;12,736;13,736;15,736;16,736;17,736;18,736;20,736;21,736;24,736;25,736;28,736;30,736;32,737;33,737;34,737;35,738;36,738;37,739;38,739;40,739;43,739;44,739;47,739;48,739;50,739;51,739;53,739;54,739;55,739;57,741;58,741;61,741;62,741;65,741;66,742;67,742;68,742;70,742;71,742;72,742;74,742;77,742;79,742;80,742;81,742;82,742;83,742;84,742;85,742;86,742;88,742;89,742;91,741;91,740;92,740;93,739;94,739;95,738;95,737;95,735;95,734;95,733;97,732;97,731;97,730;98,729;98,728;98,727;98,726;98,725;98,724;97,723;96,723;95,721;93,721;91,721;90,721;88,721;87,721;85,720;83,720;82,720;81,720;80,720;79,720;77,719;76,719;73,719;72,719;70,719;68,719;67,719;66,719;63,719;60,719;58,719;56,719;54,719;53,719;51,719;50,719;49,719;48,719;47,719;45,719;44,719;43,719;42,719;40,719;39,719;37,718;36,718;35,717;34,717;33,717;33,716;32,716;31,715;29,715;28,715;27,714;25,713;24,713;23,713;22,713;21,713;19,713;18,713;16,712;15,712;11,710;10,710;8,710;5,709;3,709;2,709;1,709;0,709;-1,709;-2,708;-2,706;-2,705;-2,704;-2,703;-2,702;-2,700;-2,699;-2,697;-2,696;-1,695;-1,693;-1,692;0,690;0,689;1,686;2,685;3,684;3,683;3,681;3,680;3,679;3,678;4,677;5,677;6,676;7,675;8,675;9,675;11,675;12,675;14,675;15,675;16,675;17,675;20,675;21,675;22,675;24,675;25,675;26,675;27,675;28,675;29,675;30,675;31,675;33,675;35,675;37,675;38,675;39,675;41,675;42,675;43,675;46,675;48,675;50,675;51,675;54,675;56,675;57,675;58,675;58,676;59,676;60,676;61,676;64,677;67,678;68,678;69,678;70,679;71,679;73,679;74,680;76,681;77,681;78,681;79,681;80,681;81,681;82,681;83,681;84,681;85,681;86,682;87,682;88,683;90,683;91,683;93,683;94,683;95,684;95,685;96,685;97,685;98,685;99,685;100,685;101,686;101,687;102,687;103,688;105,688;107,688;110,688;112,690;113,690;114,690;115,690;117,690;120,690;120,691;122,691;123,692;124,692;126,692;127,693;128,693;131,693;133,693;135,693;136,693;137,693;138,693;139,693;140,693;141,693;142,693;143,694;144,694;145,694;147,694;148,694;149,694;150,694;151,694;152,694;152,695;152,696;153,697;155,697;156,697;157,697;158,698;160,698;162,699;163,699;164,699;166,699;166,700;167,700;169,700;171,700;171,702;173,702;174,702;175,703;176,703;177,703;178,703;180,704;181,704;182,704;184,705;185,705;186,705;187,705;188,706;189,706;191,706;192,706;193,706;194,707;195,707;196,708;198,708;201,709;202,709;203,709;204,709;205,709;207,709;207,710;208,710;210,710;211,710;213,710;214,710;215,710;216,710;217,710;218,710;219,710;221,710;222,710;224,710;225,710;226,710;227,710;229,710;231,711;232,711;234,711;234,712;235,712;236,712;237,712;239,712;240,712;241,712;242,713;243,714;245,714;247,714;248,714;250,714;251,714;252,714;253,714;254,714;255,715;257,715;259,716;260,716;261,716;262,716;262,717;263,717;264,719;265,720;265,721;265,723;265,724;265,725;265,726;265,727;265,728;265,729;265,730;265,732;265,733;265,734;265,735;264,737;264,738;264,739;264,740;264,741;264,742;
Artery, ICG; POLYGON; 34, 177, 76; 288,746;286,746;285,746;283,746;282,746;281,746;280,746;279,746;277,746;276,746;275,746;273,746;271,746;270,746;269,746;267,746;266,746;265,746;263,746;261,746;259,746;258,746;256,746;255,746;254,746;253,746;252,746;251,746;248,746;247,746;246,746;245,746;244,746;243,746;242,746;241,746;240,746;237,746;235,746;233,746;232,746;231,746;230,746;228,746;227,746;225,746;224,746;223,746;221,746;220,746;219,746;218,746;216,746;213,746;212,746;209,746;208,746;206,746;205,746;204,745;203,745;201,745;199,745;198,744;197,744;194,744;192,744;189,744;187,743;184,742;182,742;179,742;175,741;174,741;173,741;172,741;172,740;171,740;170,740;169,740;167,739;166,739;165,739;164,739;163,739;162,739;160,739;158,739;157,739;155,739;153,739;152,739;151,739;150,739;149,739;148,739;147,739;146,739;146,740;146,741;144,741;142,742;141,742;140,743;139,744;138,744;137,745;136,746;136,747;136,748;136,749;136,750;136,751;136,753;136,754;136,755;136,756;136,757;136,758;136,759;136,760;136,761;136,762;138,762;139,762;141,763;144,764;144,765;146,765;148,766;149,766;150,766;151,766;151,767;153,767;154,767;156,767;158,767;160,767;162,767;164,767;165,767;166,767;168,768;170,768;173,769;175,769;178,769;179,769;180,769;181,769;184,770;186,770;187,770;189,770;190,770;191,770;192,770;193,770;194,770;195,770;196,770;198,770;200,770;203,770;204,770;206,770;207,770;208,770;209,770;211,771;213,771;214,771;215,771;216,771;217,771;219,771;221,771;222,771;223,771;224,771;225,771;225,772;227,772;229,772;231,773;233,774;235,774;237,774;239,775;242,775;243,775;247,775;249,775;250,775;251,776;252,776;253,776;254,776;255,776;256,776;257,776;259,776;260,776;261,776;262,776;263,777;264,777;265,777;266,777;269,779;271,779;272,779;274,779;275,779;276,779;277,779;278,779;279,779;280,779;281,779;282,779;283,779;284,779;286,779;287,779;288,779;289,779;291,779;292,779;294,779;296,779;297,779;298,779;300,779;302,779;303,779;304,779;305,779;306,779;307,779;308,779;309,779;310,779;311,779;312,779;315,779;316,779;317,779;318,779;320,779;322,779;323,779;325,779;326,779;327,779;328,779;329,779;330,779;331,779;332,779;333,779;334,779;335,779;336,779;337,779;338,779;339,779;340,779;341,779;342,779;343,779;344,779;345,779;347,779;349,779;350,779;351,779;352,779;353,779;355,779;356,779;356,778;358,778;359,778;360,778;361,778;362,778;363,778;364,778;364,777;365,776;366,776;367,776;369,776;371,776;372,776;373,776;374,776;375,776;376,776;378,776;380,775;381,775;382,774;383,774;384,774;385,774;386,773;386,772;387,772;387,771;388,770;388,769;388,767;388,766;388,764;388,763;388,762;388,761;388,760;388,759;388,758;388,757;388,755;387,755;387,754;386,752;385,752;385,751;384,749;384,748;384,747;383,746;382,746;382,744;382,743;382,742;382,741;382,740;382,738;382,737;383,736;383,735;384,735;385,735;386,734;387,734;388,734;391,734;393,734;394,734;396,733;397,733;398,733;399,733;400,733;402,732;404,732;405,732;407,732;408,732;410,733;413,734;416,734;418,735;420,735;421,735;422,736;424,738;425,738;427,740;429,741;430,742;431,743;433,745;434,746;435,747;436,748;436,749;436,750;437,751;437,753;438,753;438,756;438,758;438,759;438,761;438,763;438,765;438,766;438,767;438,768;438,769;437,769;437,770;437,771;436,772;436,773;435,775;434,776;434,777;433,777;433,778;432,778;431,780;431,781;430,781;428,782;427,782;426,782;425,782;425,783;424,783;423,784;422,785;422,786;422,787;421,787;420,787;419,787;418,788;416,788;415,789;414,789;413,789;412,789;410,790;409,790;407,791;406,791;404,793;402,794;401,795;399,795;398,795;397,796;396,796;395,797;394,797;394,798;394,799;393,799;392,799;391,800;390,802;389,802;388,804;388,805;387,805;387,806;387,807;386,808;385,810;385,811;385,812;385,813;384,813;384,814;382,816;381,817;380,818;379,819;379,820;378,820;377,821;377,822;377,823;376,824;375,824;374,824;374,825;373,826;372,826;371,826;370,827;369,828;368,828;368,829;366,829;365,830;364,831;363,832;362,832;361,833;361,834;359,835;358,836;358,837;357,838;356,840;355,840;355,841;354,841;353,842;352,842;351,842;351,843;349,844;349,845;347,845;347,846;346,846;344,847;343,847;342,847;342,848;341,848;340,848;338,847;336,847;335,847;335,846;334,846;333,844;332,844;331,842;330,841;329,841;328,841;327,839;326,838;326,837;326,836;325,833;325,831;325,830;325,829;325,828;325,827;325,826;325,825;325,824;325,823;325,822;325,821;326,820;327,818;327,817;328,816;328,815;329,813;330,813;331,812;332,811;334,809;335,809;335,808;335,807;336,806;337,806;338,805;339,804;340,803;341,802;341,800;342,800;343,800;343,799;344,799;344,798;345,797;346,796;346,794;346,793;346,792;346,791;346,789;346,788;346,787;346,786;345,785;345,784;344,784;343,784;342,782;341,782;340,782;339,782;338,781;337,781;335,781;334,781;333,781;332,781;331,781;329,781;328,781;326,781;325,781;323,781;321,784;320,784;318,784;316,785;315,785;314,785;313,785;313,786;312,787;311,787;310,787;310,788;310,789;310,790;310,791;310,792;310,793;310,794;310,796;310,797;310,798;310,799;310,800;310,801;311,802;311,803;311,804;312,805;312,806;312,807;313,807;313,808;314,808;315,809;315,810;315,811;315,812;315,813;315,814;315,815;315,816;315,817;315,818;315,819;315,820;315,821;315,822;315,824;314,825;313,826;312,827;312,828;310,829;309,830;309,831;307,832;306,833;306,834;305,834;303,836;302,836;302,837;301,837;300,837;299,837;299,838;298,838;296,839;294,839;293,840;292,840;291,841;290,841;289,841;289,842;287,842;286,842;285,842;283,842;283,843;282,843;281,843;280,843;279,843;277,844;275,844;274,845;272,845;272,847;271,847;270,847;269,847;269,848;268,848;267,849;267,850;265,850;264,850;263,851;262,852;262,853;260,854;259,854;258,855;257,855;256,856;254,857;253,857;252,859;251,859;249,861;248,861;248,862;246,862;245,863;243,865;241,866;239,867;237,868;235,868;234,869;232,869;231,870;230,870;229,871;228,871;226,871;225,871;222,872;221,872;219,872;217,872;214,872;213,872;209,873;207,873;205,873;201,873;199,873;196,874;195,874;194,874;192,874;190,875;189,875;187,875;184,875;183,875;181,877;180,877;179,877;178,877;176,877;175,877;173,878;172,878;170,878;170,879;168,879;167,879;166,879;165,879;164,879;163,879;162,879;161,879;159,879;157,879;156,879;155,879;152,879;150,879;149,879;148,879;147,879;146,879;145,879;144,879;143,879;141,879;140,879;139,879;138,879;137,879;136,879;135,879;134,879;133,879;131,879;130,878;129,877;129,876;128,876;127,876;125,874;124,873;124,872;124,871;124,870;124,869;124,868;124,867;124,865;124,864;124,863;124,862;124,861;124,859;124,858;126,857;127,856;128,855;128,854;129,854;130,853;131,852;132,851;134,851;135,850;136,849;137,848;138,848;139,848;140,848;141,848;142,848;143,848;146,848;148,848;150,848;152,848;153,848;154,848;155,848;157,846;159,846;160,846;161,846;163,846;165,846;168,846;169,846;171,846;173,846;174,845;176,845;178,844;180,844;182,844;183,843;185,842;186,842;187,842;189,840;192,839;193,839;194,839;195,838;197,837;198,837;199,836;201,835;204,834;207,832;208,832;210,832;212,832;213,831;214,830;216,830;216,829;217,828;218,828;219,828;220,827;222,827;223,827;226,826;227,826;228,826;229,826;229,825;230,825;231,825;232,825;233,825;234,823;237,823;238,822;239,821;240,821;241,821;242,821;243,820;244,820;245,820;248,820;251,820;253,820;254,820;254,819;255,819;256,819;256,818;257,818;258,816;259,815;259,814;259,812;259,811;259,810;259,809;258,808;257,808;256,808;255,808;254,808;251,808;250,808;247,808;245,808;243,807;241,807;239,807;237,807;236,807;235,807;234,807;232,807;230,807;228,807;226,807;225,807;224,807;223,807;222,807;221,807;220,807;219,807;218,807;217,807;215,807;214,807;212,807;211,807;210,807;209,807;208,807;207,807;206,807;204,807;203,807;202,807;201,807;199,807;198,807;197,807;196,807;194,807;193,807;192,807;191,807;190,807;189,807;188,807;187,806;186,806;185,806;184,806;182,806;181,806;180,806;179,806;178,806;177,804;176,804;175,803;174,803;173,803;172,803;170,802;169,802;167,802;165,801;163,801;162,801;160,800;159,800;157,799;155,799;154,798;153,798;152,798;151,798;150,798;149,797;147,797;144,797;143,797;142,797;141,796;140,796;138,796;137,796;136,796;133,796;131,795;129,795;127,794;126,794;125,794;122,792;121,792;119,792;118,791;118,790;117,790;116,790;115,790;114,790;113,790;113,789;112,789;111,789;110,789;109,789;108,789;106,788;104,788;103,787;101,785;100,785;99,785;98,784;97,784;96,784;95,784;94,783;93,783;92,783;92,782;90,782;89,782;88,782;87,782;86,782;85,782;83,780;81,780;79,779;77,778;75,778;72,777;70,777;69,777;68,776;67,776;66,775;65,775;64,775;63,775;62,775;61,775;60,775;59,775;57,775;56,775;55,775;54,775;53,775;53,774;52,774;50,774;49,774;46,774;43,774;41,772;41,771;41,770;41,769;41,767;42,765;43,764;46,762;46,761;48,761;51,760;53,760;57,759;59,759;62,758;65,756;67,756;69,756;71,756;72,754;73,754;74,754;76,754;79,754;83,754;85,754;87,754;90,754;91,754;92,754;93,754;94,754;95,754;96,754;97,753;97,752;98,752;99,751;100,751;101,750;102,749;102,748;103,747;104,746;104,745;105,745;105,744;106,743;107,742;108,742;109,742;110,741;110,740;111,739;112,737;113,737;113,736;114,736;115,734;116,734;117,733;118,733;120,733;121,732;123,731;124,731;125,731;126,730;127,730;128,730;130,730;131,729;132,729;134,729;135,729;137,729;138,729;141,729;142,729;144,729;147,729;149,729;151,729;153,729;157,729;160,729;163,729;166,729;168,729;170,729;173,729;175,729;178,729;179,729;180,729;183,729;185,729;187,729;190,729;194,729;199,729;203,729;208,729;212,729;215,729;218,729;221,729;223,729;225,729;227,729;229,729;231,729;233,729;235,729;239,729;243,729;245,729;247,729;248,729;250,729;252,729;254,729;258,729;261,729;263,729;266,729;268,729;270,729;273,729;275,729;276,729;277,729;278,729;279,729;281,730;284,730;286,730;289,731;291,732;292,733;293,733;295,733;296,735;297,735;297,736;299,737;300,740;301,741;302,741;
Artery, ICG; POLYGON; 34, 177, 76; 392,754;391,753;390,753;389,752;388,752;387,752;386,751;384,751;384,750;383,750;381,750;379,750;377,750;376,750;375,750;374,750;373,750;372,750;371,750;370,750;369,750;368,750;367,750;366,750;365,750;364,750;363,750;361,750;360,750;358,750;356,750;354,750;350,750;348,750;345,750;342,750;339,750;337,750;336,750;335,749;335,748;335,747;335,746;335,745;335,743;335,742;335,741;336,739;336,738;338,737;341,737;344,735;347,734;350,731;354,730;357,730;360,728;364,728;369,726;373,724;378,721;381,719;385,719;387,719;388,719;390,719;392,719;394,719;396,719;400,719;401,719;403,719;404,719;405,719;406,719;
Artery, ICG; POLYGON; 34, 177, 76; 402,700;401,700;401,699;400,699;399,699;398,699;397,699;394,699;393,699;392,699;391,699;390,699;389,699;388,699;387,699;386,699;385,699;384,699;383,699;381,699;379,699;377,699;376,699;374,699;373,700;372,700;371,700;370,701;369,702;368,703;366,703;365,704;364,704;363,704;362,704;361,704;360,704;359,705;357,706;356,706;355,706;354,706;353,706;351,706;350,706;349,706;347,708;346,708;345,708;344,708;342,708;339,708;338,708;336,708;335,708;334,708;332,708;331,708;329,708;327,707;324,706;323,706;321,706;320,705;319,705;317,705;316,705;315,705;314,705;313,705;312,705;310,705;308,705;307,705;306,705;305,705;304,705;303,705;300,705;299,705;298,705;297,706;296,707;296,708;295,708;294,708;293,708;292,709;291,709;290,710;289,710;289,711;288,711;286,712;286,713;286,714;285,715;284,715;284,716;283,716;283,717;283,718;283,720;283,721;284,722;285,722;286,723;287,723;288,723;290,724;293,724;297,724;299,727;303,727;306,727;310,727;312,727;313,727;315,727;317,727;320,727;325,728;329,728;332,728;334,728;337,728;341,728;345,728;349,728;353,728;357,728;361,728;
Artery, ICG; POLYGON; 34, 177, 76; 352,791;352,790;351,790;350,789;349,789;348,789;346,789;344,788;343,787;342,787;341,787;340,787;338,787;335,787;333,787;332,787;331,787;330,787;329,787;328,786;328,785;326,785;326,786;325,786;324,786;323,786;323,787;322,787;321,788;320,788;319,789;318,789;317,789;316,791;314,792;313,793;312,793;312,794;311,794;311,795;310,795;309,797;307,799;306,799;305,801;304,801;304,802;303,804;303,805;301,805;300,805;299,805;299,806;298,806;298,807;296,807;295,807;294,807;293,807;289,807;288,807;286,806;285,805;283,804;282,803;281,803;281,802;280,802;280,801;280,800;279,798;279,797;279,796;279,795;279,793;279,792;279,791;280,790;280,789;281,789;282,788;283,787;285,786;287,786;290,784;291,784;292,782;293,781;293,780;294,780;295,780;296,780;298,779;299,779;301,779;303,778;304,778;307,778;308,778;310,778;311,778;312,777;313,777;314,777;315,777;316,777;317,777;318,776;319,776;320,776;321,776;323,776;325,776;326,776;327,776;328,776;330,776;331,776;332,776;334,776;336,776;338,776;339,776;340,776;341,776;342,776;344,776;345,776;347,776;348,776;350,776;351,776;352,776;353,776;354,776;356,776;357,776;358,776;359,776;360,776;361,777;361,778;361,779;361,781;361,782;361,783;361,784;361,785;360,788;359,790;358,790;357,791;
Artery, ICG; POLYGON; 34, 177, 76; 280,784;280,783;280,782;280,780;280,779;280,777;280,776;280,775;279,774;278,773;277,772;277,771;276,771;275,769;274,768;272,768;271,768;269,767;268,767;267,767;266,767;264,767;263,767;261,767;260,767;259,767;258,767;257,767;256,767;255,767;254,766;253,766;251,766;250,766;249,766;247,766;246,765;245,765;244,765;243,765;242,765;240,765;239,765;238,765;237,765;235,765;234,765;233,765;232,765;231,765;230,765;229,765;228,765;226,765;225,765;224,765;222,767;221,768;220,770;219,771;218,772;218,773;218,775;217,776;217,777;217,779;217,781;217,782;217,783;217,784;218,784;218,785;220,787;221,788;223,788;226,788;227,789;229,789;231,789;233,789;236,789;238,790;240,790;242,790;246,790;248,790;249,790;250,790;251,790;252,790;253,790;254,790;255,790;256,790;257,790;259,790;260,790;
Artery, ICG; POLYGON; 34, 177, 76; 293,777;293,776;292,776;291,776;291,775;290,775;289,775;288,775;287,774;286,774;285,773;283,773;282,773;281,773;280,773;279,773;277,773;276,773;275,773;274,773;273,773;271,773;270,773;269,774;268,775;267,776;266,780;266,781;266,782;266,783;266,786;
Artery, ICG; POLYGON; 34, 177, 76; 161,872;162,873;164,873;165,874;167,875;168,876;169,877;171,877;172,877;173,877;174,878;176,879;177,879;177,880;178,881;178,882;179,882;180,883;183,884;183,885;184,885;184,887;185,888;187,888;187,889;188,889;188,890;188,891;188,892;188,894;188,895;188,897;188,899;188,900;188,901;188,903;188,906;188,907;188,908;188,909;188,911;186,912;186,913;185,915;184,917;184,918;184,920;183,921;183,922;183,924;183,925;183,926;183,927;183,928;182,928;182,929;182,930;182,931;182,932;182,933;182,935;182,936;182,937;183,938;184,938;186,938;187,938;188,938;190,938;191,938;192,938;193,938;194,938;195,938;196,938;197,937;198,937;199,936;201,935;202,935;203,934;205,934;205,933;206,932;208,931;209,931;210,930;210,929;211,928;213,928;214,927;215,926;216,925;217,925;217,924;218,923;218,922;219,922;220,921;221,921;221,920;222,920;223,919;224,919;224,918;226,916;226,915;227,915;228,914;229,914;229,913;230,913;230,912;232,911;232,910;233,910;234,910;234,909;235,909;236,908;237,907;238,906;238,905;240,904;241,904;242,903;243,903;244,902;244,901;245,900;245,899;246,899;246,898;246,897;246,896;246,895;246,894;246,893;246,892;246,891;246,890;246,889;244,887;244,886;244,885;242,885;241,884;240,882;240,881;239,880;238,879;238,878;238,877;238,875;238,874;238,873;238,872;238,870;238,869;238,868;238,867;238,866;238,864;238,862;238,861;237,859;237,858;236,857;236,856;235,855;235,854;235,853;234,852;
Artery, ICG; POLYGON; 34, 177, 76; 266,849;267,849;268,849;269,849;270,849;271,850;273,850;274,850;274,851;276,852;277,853;278,853;279,854;279,855;280,855;281,856;282,857;282,858;282,859;283,859;283,860;283,861;284,862;285,862;286,862;287,862;288,862;289,862;290,862;291,862;292,862;293,862;293,861;294,861;295,860;296,859;297,858;298,857;299,856;299,855;299,854;299,853;300,851;300,850;300,849;300,848;300,847;300,845;300,844;300,843;300,842;300,841;300,839;300,837;300,836;300,835;298,834;297,832;296,831;294,829;293,829;292,828;291,828;291,827;290,827;289,827;288,827;288,826;286,826;285,826;283,826;282,826;280,826;279,826;277,826;276,826;
Vein; POLYGON; 63, 72, 204; 264,949;265,949;266,949;267,949;268,949;269,948;271,948;272,947;273,947;274,947;276,945;278,945;279,945;280,945;282,945;283,944;284,944;285,944;286,944;287,944;288,944;289,944;290,944;291,943;292,943;294,942;295,942;296,942;297,941;298,940;299,939;300,939;301,939;303,939;304,938;305,938;306,937;307,937;307,936;309,936;310,936;310,935;311,935;311,934;312,933;313,933;314,933;315,933;316,933;317,933;319,932;320,932;320,931;321,931;322,931;323,931;324,930;325,930;326,929;327,928;328,928;328,927;331,927;332,927;333,926;334,925;335,925;335,924;335,923;335,922;335,921;335,920;335,919;335,918;335,917;335,916;334,916;333,915;331,915;330,914;329,913;328,913;327,913;326,913;325,912;324,912;323,911;323,910;320,910;319,910;318,910;317,910;316,910;315,910;314,910;313,910;312,910;309,910;308,910;307,912;306,912;305,913;304,913;303,914;302,914;301,914;300,914;300,915;298,915;297,915;295,916;293,916;292,917;291,917;290,917;289,918;288,918;286,918;283,919;282,920;281,920;280,920;279,920;278,920;277,921;276,921;275,921;275,922;273,922;272,923;270,924;268,924;267,925;266,925;265,925;265,926;264,926;263,926;262,927;261,927;260,927;259,928;259,929;257,930;256,930;255,931;254,931;254,930;253,929;253,928;253,927;253,926;253,924;253,921;254,920;255,917;256,915;257,914;257,912;258,911;259,910;259,909;260,909;261,908;261,907;262,906;263,906;264,904;265,904;266,902;267,901;268,901;269,899;271,899;274,899;276,897;278,896;279,895;280,895;281,894;282,893;283,892;284,891;285,891;286,891;287,891;287,890;288,890;291,889;292,889;293,887;295,887;296,886;297,886;298,886;298,885;300,884;302,884;304,883;306,882;308,881;309,879;311,879;313,877;314,876;315,876;317,875;317,874;318,873;320,873;321,872;322,872;323,871;323,870;324,869;325,869;326,869;327,867;329,867;330,866;331,866;331,865;332,865;333,865;334,864;335,864;336,864;338,861;339,860;340,860;341,859;342,858;344,858;346,857;348,855;349,855;349,854;350,853;352,853;353,853;355,853;357,853;359,853;360,853;361,852;362,852;364,851;367,850;369,850;369,849;370,849;372,848;374,848;375,847;379,847;381,847;384,847;386,847;388,847;390,846;391,846;392,846;393,846;394,845;395,845;396,845;397,845;398,845;400,844;401,844;403,844;404,843;405,843;406,842;407,842;408,842;409,841;410,841;412,841;414,841;416,841;417,841;419,841;420,841;421,841;422,841;423,841;424,841;426,841;427,841;428,841;429,841;431,841;432,841;433,841;434,841;435,841;436,841;437,841;439,841;440,841;441,841;442,841;443,841;445,841;448,841;451,841;453,841;454,841;456,841;457,841;459,841;462,841;463,841;465,841;466,841;467,841;468,843;469,843;470,844;472,844;473,845;475,845;478,846;479,846;479,847;479,849;479,850;480,850;480,851;480,852;480,853;480,854;480,855;480,856;480,857;480,858;480,859;480,860;480,861;480,862;480,863;480,864;480,865;480,866;480,867;480,868;480,870;480,871;480,872;479,872;479,874;478,875;477,876;476,877;475,877;474,878;473,878;472,878;471,878;470,880;469,880;467,880;467,881;466,881;466,882;465,882;464,882;463,883;462,884;462,885;462,886;462,887;462,888;462,889;462,890;462,891;462,892;462,893;460,893;459,894;459,895;458,895;458,896;457,897;456,898;455,899;454,900;453,901;453,902;453,903;453,904;452,905;451,906;450,906;449,908;449,911;449,912;448,913;448,914;448,915;448,917;447,918;446,919;446,920;445,920;445,921;445,922;445,923;444,924;443,924;443,925;443,926;443,927;443,928;442,928;442,930;441,931;441,932;440,933;439,933;438,934;438,935;437,935;436,935;435,934;434,934;432,934;431,934;430,934;428,934;427,934;426,934;424,934;423,934;422,934;421,934;420,934;419,934;418,934;416,934;415,934;414,934;413,934;412,934;411,934;410,934;409,934;408,934;407,934;406,934;405,934;404,935;403,935;402,936;401,936;401,937;400,938;399,939;397,941;397,942;395,943;394,944;394,945;393,946;393,947;393,948;392,948;392,949;391,950;390,951;389,951;388,953;387,953;386,953;386,954;385,954;383,955;382,956;381,956;380,956;378,957;377,957;376,957;374,958;374,959;373,959;372,959;371,959;370,959;369,959;368,959;367,961;366,961;365,961;364,961;363,961;362,961;360,961;359,961;357,961;356,961;355,961;354,961;353,962;350,962;348,962;347,962;344,962;342,963;341,963;340,963;337,963;336,963;334,965;333,965;332,965;331,965;330,965;329,965;327,965;325,966;324,966;322,966;321,966;319,966;318,966;316,967;315,967;314,967;313,967;312,968;311,968;310,968;309,968;308,968;307,968;306,968;304,969;303,969;302,969;301,969;300,969;298,971;297,971;296,971;294,971;293,971;290,971;288,971;287,971;285,971;284,971;283,971;282,971;281,971;280,971;279,971;278,971;277,971;276,971;275,971;274,971;273,971;272,971;271,971;270,971;268,971;267,970;266,969;265,969;264,968;262,967;262,966;260,965;260,964;259,964;258,964;257,963;256,963;255,962;254,962;253,962;252,962;251,961;251,960;251,959;251,958;251,957;251,956;251,955;251,953;251,951;251,950;251,949;252,949;252,948;253,947;253,946;254,945;255,944;256,944;257,944;258,944;259,944;260,944;261,944;262,944;263,944;264,944;265,944;266,944;268,944;269,945;271,946;272,946;273,946;274,946;275,946;276,946;
Vein; POLYGON; 63, 72, 204; 275,944;276,942;277,941;278,940;279,939;280,938;281,938;281,937;281,936;282,935;282,934;282,933;284,933;286,931;287,930;287,928;287,927;287,926;287,925;287,924;287,923;287,922;287,921;287,920;287,919;287,918;287,917;287,916;287,915;287,914;287,913;287,912;287,911;287,910;287,909;288,909;290,909;291,909;292,909;293,909;296,909;299,909;301,909;303,909;305,909;306,909;307,909;308,909;310,909;312,909;313,909;312,911;312,912;310,913;309,914;308,914;308,915;307,915;306,915;305,915;304,917;303,917;301,918;301,919;300,920;300,921;300,922;300,924;300,925;300,926;300,927;300,929;301,930;303,932;303,933;304,933;304,934;305,935;305,936;307,936;307,937;308,937;310,937;311,937;312,937;313,937;314,937;316,937;317,937;318,937;319,937;321,937;322,937;323,937;324,938;325,939;325,940;325,942;325,943;324,944;323,944;322,944;320,944;319,944;318,944;317,944;316,944;315,944;314,945;312,947;310,947;308,947;307,947;306,947;305,947;304,947;303,947;302,947;301,947;
Vein; POLYGON; 63, 72, 204; 337,923;337,922;336,921;335,921;334,921;333,921;330,921;329,922;329,923;328,923;327,924;327,925;326,925;325,926;324,927;324,928;323,928;322,929;322,930;320,930;319,930;318,930;317,930;316,930;315,930;313,930;312,930;311,930;310,929;310,927;310,926;309,925;308,924;308,923;308,922;308,921;308,920;308,919;307,919;307,918;307,917;306,917;306,915;306,914;306,913;306,912;306,911;306,910;306,909;306,908;305,908;304,908;303,908;302,908;300,908;300,909;300,910;300,911;299,912;298,912;298,913;297,914;297,915;297,916;296,916;296,917;296,919;296,920;296,921;296,922;296,923;296,924;296,925;296,927;296,928;296,929;296,930;296,931;296,932;296,934;296,936;296,937;296,939;296,940;296,941;297,941;297,942;298,944;299,944;301,945;302,945;303,945;304,945;305,945;306,945;308,945;309,945;310,945;312,945;313,945;316,945;319,945;321,945;324,943;326,943;327,943;329,941;330,941;331,941;332,940;336,939;338,937;340,935;342,934;344,933;347,930;347,929;349,928;350,927;351,926;351,925;352,924;352,922;353,921;353,920;354,917;354,915;356,911;357,911;357,910;357,909;357,908;
Vein; POLYGON; 63, 72, 204; 16,576;15,576;13,576;12,576;11,576;10,576;9,576;8,576;7,576;6,576;7,574;8,573;9,572;10,572;11,571;12,570;13,570;14,569;15,569;16,569;17,567;19,567;19,566;20,566;21,566;22,566;23,566;24,566;26,566;27,566;28,566;29,566;30,566;31,566;32,566;33,566;34,566;35,566;36,566;37,566;38,566;39,566;40,566;43,566;46,566;47,566;48,566;50,566;51,566;52,566;53,566;54,566;55,566;56,566;57,566;58,566;59,566;60,566;61,566;62,566;64,566;66,566;69,566;73,566;74,566;76,566;77,566;78,566;79,566;80,566;81,566;82,566;84,566;85,566;86,566;89,566;90,565;91,565;92,565;93,565;94,565;95,564;96,564;98,564;100,564;101,564;103,564;104,563;106,563;107,562;108,562;109,562;110,562;111,562;113,562;114,562;116,562;117,561;119,561;120,561;123,559;124,559;125,559;127,559;128,559;129,559;130,559;133,559;135,559;136,559;137,559;138,559;139,559;140,559;141,559;143,559;147,559;148,559;151,559;153,559;156,559;157,559;158,559;159,559;160,559;161,559;162,559;165,559;167,559;170,559;173,559;175,559;178,559;180,559;182,559;183,559;184,559;186,559;189,559;192,559;194,559;198,559;200,560;203,560;206,560;207,560;208,560;209,560;210,560;211,560;213,560;215,560;217,560;220,560;224,560;226,560;228,560;230,560;231,560;232,560;233,560;235,560;237,560;239,560;240,560;242,560;244,559;247,559;248,559;250,558;252,557;254,555;257,555;259,555;262,555;265,555;268,554;271,554;274,554;275,554;277,553;278,553;281,552;283,552;283,551;286,550;288,549;292,549;295,548;299,548;301,548;303,548;306,546;309,546;311,545;314,542;317,541;319,540;321,540;322,539;323,539;324,538;325,536;328,534;333,529;334,528;336,526;337,525;339,521;340,520;340,519;340,517;343,513;343,512;343,508;345,505;345,502;345,500;345,498;345,496;345,494;345,492;344,491;343,489;343,488;342,487;341,486;340,486;339,486;338,486;337,485;336,485;335,485;334,485;332,485;331,485;330,485;329,485;328,485;326,485;323,486;322,486;322,487;320,487;318,489;317,490;314,492;312,493;309,495;307,495;305,496;304,497;301,497;296,501;295,502;291,504;288,505;286,507;282,508;280,509;278,509;275,511;272,512;270,513;269,514;268,514;267,514;266,515;265,515;264,515;262,517;261,517;259,517;256,518;254,519;252,520;250,520;249,520;247,521;246,521;245,523;244,523;243,523;242,524;240,524;238,524;235,525;234,525;233,525;232,525;231,525;229,525;228,525;225,525;224,525;223,526;222,527;221,527;220,527;218,527;217,527;216,527;215,527;215,528;215,529;214,529;212,529;211,529;209,529;206,529;204,529;202,529;199,529;197,529;196,529;194,529;190,529;187,529;185,529;183,529;182,529;181,529;179,529;178,529;177,529;175,529;174,529;173,529;172,529;171,529;170,528;168,528;167,528;165,528;163,528;162,528;160,528;157,528;155,528;154,528;153,528;151,528;150,528;149,527;148,527;147,527;146,527;144,527;142,527;141,527;139,527;138,527;136,527;135,527;133,527;132,527;131,527;130,527;129,527;127,527;124,527;122,527;121,527;119,527;118,527;117,527;116,527;115,527;114,527;113,527;112,527;110,527;109,527;108,527;107,527;106,527;105,527;103,527;102,527;101,527;100,527;100,528;99,528;98,529;98,530;97,530;95,531;94,531;92,532;92,533;91,533;90,533;89,533;88,533;87,533;87,535;86,535;84,535;81,535;79,535;78,535;76,535;75,535;74,535;72,535;69,535;67,535;66,535;65,535;64,535;63,535;61,535;58,535;56,535;55,535;54,535;53,535;52,535;51,535;49,535;47,536;46,536;44,536;42,536;41,537;39,537;37,537;36,537;34,538;33,538;32,538;31,538;30,539;29,539;28,539;28,540;27,540;26,540;22,540;20,540;18,540;17,540;16,540;15,539;15,538;15,537;15,535;15,534;17,534;18,534;20,533;21,532;22,532;24,532;25,531;26,531;27,531;29,530;30,529;31,529;32,528;32,527;33,527;34,527;35,527;35,526;36,526;37,525;38,524;39,524;40,522;41,521;42,520;43,520;44,520;47,519;48,519;50,518;52,518;53,518;54,516;55,516;56,516;57,516;58,516;60,516;61,516;62,515;63,515;64,515;65,515;66,515;67,515;68,515;69,515;71,515;72,515;73,515;74,515;77,515;78,515;80,515;83,515;86,515;88,515;89,515;90,515;92,515;93,515;94,515;95,515;96,515;97,515;98,515;99,515;100,515;101,515;102,515;103,515;105,515;106,514;108,514;108,513;109,513;111,513;112,513;114,512;116,512;117,512;119,512;122,512;124,510;125,510;126,510;127,510;128,510;130,510;131,510;132,510;133,510;134,510;136,510;137,509;138,509;139,509;140,509;141,509;141,508;142,508;143,508;144,508;145,508;147,508;148,508;149,508;150,508;151,508;152,508;154,508;155,508;157,508;159,508;161,508;164,507;165,507;166,506;167,506;168,506;170,506;171,506;172,506;173,506;175,506;176,506;177,506;178,506;180,506;181,506;182,506;183,506;184,506;185,506;187,506;188,506;189,506;190,507;191,507;193,507;194,507;196,508;197,508;199,508;200,508;201,508;202,508;203,508;204,508;205,508;207,508;210,509;211,509;212,509;213,509;215,509;216,509;217,509;218,509;220,509;221,509;223,509;226,509;228,509;230,509;233,509;234,509;236,509;237,509;239,509;240,509;241,509;243,508;245,508;247,508;249,508;251,507;253,506;255,505;256,504;257,503;258,502;259,500;260,500;261,498;262,497;263,495;264,494;265,493;265,491;265,490;265,489;265,487;265,484;266,483;266,482;266,481;266,480;266,479;266,478;266,477;266,476;266,475;266,473;266,472;266,471;265,471;263,470;262,470;260,469;260,468;259,468;255,468;252,468;250,468;248,467;247,467;246,467;244,467;243,467;242,467;241,467;240,467;238,467;236,467;234,467;233,467;230,467;229,467;227,467;226,467;225,467;224,467;223,467;221,467;218,467;215,467;214,467;213,467;211,467;208,467;205,467;203,467;202,467;201,467;199,467;197,467;196,467;195,467;194,467;193,467;192,467;190,467;189,467;188,467;186,467;184,467;183,467;181,467;180,467;179,467;178,467;176,467;174,467;173,467;172,467;171,467;170,467;169,467;168,467;164,467;163,467;159,467;155,467;154,467;152,467;151,467;150,467;148,467;147,467;146,467;143,467;139,467;138,467;137,467;135,467;134,467;133,467;132,467;131,467;130,467;128,467;127,467;126,467;125,468;124,469;124,470;123,470;123,471;121,471;120,471;119,471;118,471;117,471;116,471;114,472;113,472;112,472;111,473;109,473;109,474;108,474;107,474;106,474;105,474;104,474;103,474;102,474;101,475;100,475;99,475;98,475;96,475;95,475;91,475;89,475;87,475;85,475;84,475;83,475;82,475;80,475;79,475;77,475;76,475;75,475;74,475;73,475;72,475;70,475;68,475;67,475;67,474;66,473;65,473;64,473;63,473;62,473;61,472;61,471;59,471;58,471;57,470;56,470;55,470;54,469;53,469;51,469;50,468;46,467;44,466;43,466;42,466;41,466;40,466;39,466;38,466;37,466;36,467;35,467;34,468;33,469;32,469;31,469;30,470;29,470;28,470;27,470;26,471;24,472;23,473;22,473;21,473;20,474;19,474;18,475;16,475;15,476;13,476;13,478;12,478;12,479;11,479;10,480;9,480;9,481;7,482;5,484;5,485;5,486;4,486;4,487;4,488;4,489;4,490;4,491;4,492;4,493;4,494;3,494;2,495;2,496;2,497;2,498;2,499;2,500;2,501;2,502;2,503;2,504;2,505;2,506;2,507;2,508;2,509;2,510;2,511;2,513;2,514;2,515;2,516;2,517;2,518;2,519;2,520;2,522;2,523;2,524;2,525;2,526;2,527;2,528;2,529;2,530;2,531;2,532;2,535;2,536;2,537;1,539;1,540;1,542;1,543;1,544;1,545;1,546;1,547;1,548;1,549;1,551;1,552;1,553;1,554;1,555;1,556;1,557;1,558;1,559;1,560;1,561;1,562;1,563;1,564;1,566;1,567;1,569;1,571;1,574;1,575;1,576;1,578;
Vein; POLYGON; 63, 72, 204; 257,521;256,521;255,521;254,521;253,521;251,521;250,521;249,521;248,521;248,519;247,517;246,517;246,516;245,516;245,515;244,515;244,513;243,512;242,510;242,509;242,508;240,506;239,504;238,504;237,503;237,502;236,501;236,500;236,499;236,498;236,497;235,496;235,494;235,493;235,492;235,490;235,489;235,487;235,486;236,486;237,485;237,484;238,484;239,482;240,481;241,480;241,479;243,479;245,478;246,478;247,478;247,477;248,477;249,477;250,476;251,476;252,476;253,476;254,475;255,475;256,475;257,475;258,475;259,474;260,474;261,473;262,473;263,473;264,473;265,473;268,473;270,473;273,473;275,473;276,473;277,472;279,472;281,472;282,472;283,472;284,472;285,472;287,472;288,472;290,470;291,470;292,470;294,470;295,470;296,470;297,470;298,470;300,470;302,469;303,469;304,469;305,469;307,469;308,468;310,468;313,468;315,467;317,467;318,467;320,467;321,466;324,466;328,465;331,465;333,465;336,465;339,465;342,464;345,464;347,464;348,463;350,462;352,462;353,462;354,462;355,461;356,461;360,461;362,461;364,460;365,460;368,460;369,460;371,458;372,458;374,457;375,457;378,457;380,457;382,457;384,456;385,456;386,456;387,455;388,455;392,454;393,454;395,454;396,454;398,454;399,454;401,454;404,453;406,453;408,453;410,453;412,452;413,451;414,451;417,450;418,450;420,450;420,449;421,449;422,449;423,449;424,449;427,448;428,447;430,446;432,445;434,444;435,444;437,443;439,442;440,442;441,442;441,441;442,440;443,439;444,439;445,438;447,438;450,437;451,437;453,436;455,436;457,436;457,435;458,435;459,434;460,433;462,432;463,432;465,432;466,432;467,432;468,432;470,432;470,431;471,431;472,431;473,431;474,431;475,431;476,431;477,430;479,430;481,430;482,430;484,430;486,430;487,430;489,429;490,429;491,429;492,428;493,427;496,427;497,427;498,427;499,427;501,427;502,427;504,427;507,426;510,426;511,426;513,425;514,425;515,425;516,425;517,425;519,425;522,425;526,425;530,425;534,425;538,425;542,425;546,425;550,426;554,427;555,427;557,428;560,429;563,430;565,431;568,433;570,434;573,437;576,438;581,440;585,442;586,442;589,444;590,444;591,444;592,445;593,445;593,446;595,447;595,448;596,450;596,451;596,452;596,454;597,455;597,456;598,459;598,461;599,462;599,463;599,464;599,465;599,466;599,468;600,470;600,472;600,474;601,475;601,477;601,478;601,479;601,481;601,482;601,485;601,486;601,488;601,489;601,490;601,491;601,492;601,493;601,494;600,494;600,495;599,496;599,497;598,497;597,497;596,497;594,497;593,497;592,497;591,498;590,498;589,499;587,499;586,499;585,499;583,499;581,500;580,500;580,501;578,501;577,502;575,502;574,503;573,503;572,503;571,503;570,503;569,503;568,503;567,503;566,503;565,503;564,504;563,504;562,504;560,505;560,506;558,506;557,506;556,506;555,506;554,507;553,508;552,509;551,510;550,510;549,510;548,510;546,511;545,511;545,512;544,512;543,512;542,512;541,513;540,514;539,515;538,515;537,516;536,516;535,516;534,516;533,517;532,517;531,517;529,517;527,518;524,518;522,518;519,520;518,520;516,520;515,521;513,521;512,521;511,521;510,521;509,521;508,522;507,522;506,522;505,522;504,522;502,522;500,522;498,523;496,524;495,524;494,526;493,526;491,527;490,528;489,528;488,528;486,529;484,529;483,530;481,530;478,530;477,530;476,532;475,532;474,532;473,533;470,534;469,534;467,534;466,534;465,535;464,535;463,535;462,535;461,535;460,535;458,536;457,536;456,536;455,536;454,536;452,536;451,538;450,538;449,538;448,538;447,538;445,538;443,538;440,539;438,539;435,539;432,539;430,539;429,540;428,540;427,540;426,540;425,540;424,540;422,540;420,540;418,540;415,540;413,540;412,540;411,541;410,541;408,541;407,541;406,542;405,542;404,542;403,542;402,543;401,543;400,543;398,543;394,543;392,545;389,545;388,545;387,546;386,546;385,546;383,546;381,547;379,547;378,547;377,547;376,547;375,547;374,548;372,548;371,549;370,549;369,550;367,550;365,550;363,551;362,551;361,551;360,551;359,551;358,551;357,551;356,551;355,551;354,552;353,552;350,552;349,552;348,552;347,552;346,552;344,552;342,553;341,553;339,553;338,553;337,553;336,554;335,554;334,554;333,554;332,554;332,555;329,555;328,555;327,555;325,556;323,556;322,556;320,556;318,556;316,556;315,556;314,556;313,556;312,556;311,556;310,556;307,556;306,556;305,556;304,556;302,556;301,556;299,556;298,556;296,556;295,556;294,556;293,557;291,557;291,558;290,558;289,558;288,558;287,558;286,559;285,559;284,559;283,559;281,559;279,559;278,561;276,561;274,562;272,562;271,563;270,563;268,563;267,563;266,563;265,563;264,563;263,563;261,563;260,565;258,565;256,565;255,565;254,565;253,565;251,565;251,567;250,567;249,567;248,567;247,567;246,568;245,568;243,568;241,569;240,569;239,569;239,570;238,570;237,570;236,570;235,570;234,571;233,571;232,571;231,571;230,572;229,572;228,572;227,572;225,572;223,573;222,573;221,574;220,574;219,574;218,574;217,574;215,574;214,574;213,574;211,574;210,574;209,574;208,574;206,575;205,575;203,575;202,575;201,575;201,576;200,576;198,576;196,576;194,577;193,577;192,577;190,577;189,578;187,578;186,579;185,579;184,579;184,580;183,580;181,580;179,580;178,581;177,581;176,581;175,582;175,583;174,583;173,583;172,583;170,583;170,585;169,585;168,585;167,586;166,586;165,587;164,587;163,588;162,588;161,588;160,589;159,589;158,590;158,591;157,591;156,591;155,591;154,591;153,590;152,590;152,589;151,589;151,588;151,587;150,587;150,585;150,584;149,583;149,582;148,582;147,582;147,581;147,579;146,579;146,578;145,578;144,577;143,576;143,575;142,574;140,573;139,572;138,571;136,571;135,571;134,570;133,570;132,569;131,568;130,568;129,568;128,567;126,567;124,567;123,567;122,567;121,567;120,567;119,567;118,567;117,567;116,567;115,567;114,567;112,567;111,567;110,567;109,567;107,567;105,567;104,567;104,568;103,568;102,568;101,568;100,568;99,568;98,569;97,569;96,569;95,569;94,570;93,570;90,570;90,571;89,571;87,571;86,571;84,572;83,572;82,572;81,572;78,572;77,572;75,574;73,574;72,574;71,574;70,574;68,574;67,574;66,574;65,574;64,574;63,574;62,574;61,574;60,574;58,574;57,574;56,574;55,574;54,574;53,574;52,574;51,574;50,574;49,574;48,574;46,574;45,574;44,574;43,574;42,574;41,574;40,574;39,575;38,575;36,575;35,575;34,575;33,575;32,575;31,575;30,575;29,575;28,575;27,575;26,575;25,575;24,575;23,575;22,575;21,575;20,575;19,575;18,575;17,575;16,575;15,575;14,575;13,575;12,575;11,575;9,574;8,573;7,572;7,571;7,570;7,569;7,568;7,567;7,566;7,565;7,564;7,563;8,563;8,561;9,561;10,561;13,560;17,558;19,558;21,557;22,557;25,556;26,556;27,555;28,555;29,555;30,554;31,554;32,554;33,554;36,554;38,554;39,554;40,554;41,554;43,554;44,553;45,553;47,553;49,553;52,552;53,552;56,552;57,552;61,552;63,551;64,551;66,551;66,550;68,549;69,549;71,548;72,548;73,548;74,548;75,548;76,547;77,547;78,547;80,547;82,546;86,546;87,546;89,546;91,546;92,545;94,545;96,545;98,545;99,545;101,544;103,543;106,543;109,543;111,543;113,543;114,543;115,543;116,543;119,543;120,543;122,542;123,542;124,542;125,542;127,542;128,542;129,542;131,542;134,542;136,542;138,542;139,542;140,542;142,542;144,541;145,541;146,541;148,541;149,541;150,541;152,541;154,541;156,541;157,541;161,541;162,541;165,540;168,540;170,539;171,539;172,539;174,539;177,539;181,539;182,539;183,539;185,539;187,539;189,539;190,539;192,538;193,538;194,538;196,538;198,538;201,538;205,538;206,538;209,538;210,538;212,538;213,538;214,538;215,538;217,538;218,538;220,538;221,538;222,538;225,538;226,538;228,538;229,538;230,538;231,538;232,538;233,538;234,538;235,538;236,537;237,537;238,536;239,536;240,535;241,535;242,535;243,534;244,533;247,532;247,531;249,529;250,529;251,529;252,529;252,528;253,528;254,528;255,526;256,526;257,525;257,524;
Vein; POLYGON; 63, 72, 204; 493,428;493,427;494,425;495,425;497,423;499,423;499,422;501,422;505,422;506,421;509,421;512,420;514,419;516,419;518,418;520,418;522,417;523,416;524,416;525,416;527,414;529,413;530,413;532,413;533,412;535,411;537,411;537,410;538,410;539,410;541,408;544,408;545,407;546,407;546,406;548,405;549,405;551,403;552,403;554,401;557,399;558,399;559,398;561,397;562,397;563,395;564,395;565,395;566,394;568,394;568,393;569,392;570,392;571,391;571,390;572,390;573,389;574,389;574,388;575,388;575,387;578,386;579,385;579,384;580,383;582,383;583,382;584,381;585,380;587,378;588,378;590,378;591,378;593,378;595,377;597,377;599,376;601,375;602,374;604,374;605,372;606,372;607,372;609,372;611,372;612,372;614,372;616,372;618,371;619,371;620,371;621,370;623,370;625,370;625,369;627,369;629,369;630,369;633,367;634,367;635,367;636,366;639,365;640,365;641,365;642,365;644,364;647,363;649,363;650,361;653,360;656,359;658,358;661,356;662,356;665,356;668,356;672,356;676,356;680,356;682,356;685,356;689,355;693,354;696,353;699,352;702,351;706,351;711,351;714,351;718,351;722,351;726,351;729,351;731,351;732,350;735,350;736,350;737,349;739,349;741,349;744,349;748,349;751,349;754,349;757,349;761,349;764,349;765,349;769,349;771,348;772,347;773,347;776,347;780,347;783,347;785,347;789,347;790,347;792,346;793,346;794,346;795,346;796,346;797,345;801,345;805,345;807,345;810,345;813,345;814,345;817,344;818,344;820,343;823,343;825,343;827,343;831,343;833,343;835,343;837,343;839,341;842,340;843,339;845,339;846,338;848,337;850,337;852,336;856,336;861,334;864,333;867,332;872,330;874,329;876,327;878,325;879,324;881,323;885,320;888,319;890,319;893,318;895,317;896,317;898,317;900,316;901,315;902,315;903,314;905,312;906,312;908,311;910,311;912,311;913,311;916,310;917,310;921,309;923,309;924,309;926,309;928,309;931,309;933,309;935,309;936,309;937,309;939,309;942,309;945,309;948,309;951,309;952,309;953,309;955,309;956,309;958,309;959,309;960,309;961,309;964,309;965,309;967,309;968,309;969,307;970,307;971,307;972,307;974,307;975,307;976,307;977,307;978,307;980,307;981,307;983,307;985,307;987,307;989,307;991,307;993,307;995,307;997,307;998,307;999,307;1000,307;1001,308;1002,309;1004,309;1005,310;1006,310;1007,311;1007,312;1007,313;1008,314;1009,316;1009,317;1009,318;1010,319;1010,320;1010,321;1011,322;1011,324;1011,325;1011,326;1011,327;1012,327;1013,330;1013,331;1014,332;1014,333;1014,335;1014,338;1014,340;1014,342;1015,344;1015,346;1015,348;1015,350;1015,352;1015,354;1015,355;1015,356;1018,356;1020,357;1020,360;1020,362;1020,364;1021,368;1021,369;1021,371;1021,374;1021,375;1021,377;1021,380;1021,382;1021,383;1021,384;1021,385;1021,387;1021,388;1021,389;1021,391;1020,393;1020,394;1020,395;1019,396;1019,398;1017,400;1017,401;1016,404;1014,406;1013,407;1011,410;1011,411;1009,412;1009,414;1008,414;1007,416;1006,418;1004,420;1002,421;1001,421;1000,423;998,425;997,426;996,427;994,429;993,430;990,432;989,432;986,436;986,437;984,438;983,438;982,440;978,442;978,443;977,443;976,445;975,445;974,446;974,448;973,448;972,450;971,450;970,451;969,452;969,453;968,453;966,455;965,455;964,456;963,456;962,456;961,457;960,457;959,457;958,457;957,458;954,459;953,459;952,460;950,460;948,460;945,461;944,462;941,462;940,462;938,462;936,463;935,463;932,464;929,464;927,464;925,465;923,465;921,465;919,465;917,465;915,465;913,465;911,465;909,465;907,465;904,465;902,465;900,465;898,465;897,465;896,465;895,465;893,465;892,465;891,465;890,465;888,463;887,463;886,462;884,461;884,460;883,460;882,459;881,458;880,458;879,456;878,456;876,454;874,454;872,454;871,453;869,452;867,452;864,451;861,451;858,450;857,450;856,450;852,450;850,450;848,450;845,450;842,450;839,450;835,450;832,450;830,450;828,450;826,450;823,450;820,450;817,450;814,450;811,450;810,450;807,450;805,450;802,450;800,450;798,451;796,451;795,451;792,451;789,451;786,452;785,452;783,452;782,453;780,453;778,454;775,455;774,455;772,456;769,456;767,457;763,457;761,458;758,459;755,459;753,459;751,461;749,462;747,462;745,462;743,463;742,464;739,464;737,465;734,465;731,467;728,467;725,469;723,469;720,471;719,471;716,472;712,472;709,473;708,474;705,475;703,475;701,476;698,477;697,477;696,478;694,479;691,481;689,482;686,482;683,485;680,486;679,486;676,486;673,486;671,487;668,488;667,488;664,489;663,489;661,489;660,489;660,490;658,490;656,490;652,490;651,490;649,491;646,492;644,492;642,492;639,492;636,492;634,494;633,494;631,494;629,494;628,494;625,495;624,495;623,495;620,496;618,496;615,496;611,496;610,496;607,496;606,497;604,497;603,497;602,497;600,497;599,497;598,497;597,497;597,498;596,498;595,498;594,498;593,498;591,498;590,498;589,498;588,498;587,498;586,498;585,498;584,498;583,498;582,498;580,498;579,498;578,498;575,498;573,498;571,498;569,498;568,498;567,498;566,498;566,497;565,497;563,497;559,496;555,496;551,495;548,495;546,494;545,494;544,493;542,493;
Vein; POLYGON; 63, 72, 204; 465,536;464,537;463,537;462,537;461,537;460,538;460,539;458,539;457,539;456,540;455,540;454,540;453,540;451,540;450,540;449,541;448,541;447,541;445,541;444,541;443,543;441,543;439,543;438,543;437,543;436,545;435,545;433,546;432,546;431,546;430,546;427,547;424,547;424,548;422,548;421,548;420,548;419,548;418,548;417,549;416,549;414,550;413,551;411,551;410,551;408,551;405,552;404,552;401,552;398,553;397,553;394,554;393,554;391,554;390,554;389,554;387,554;386,554;385,554;383,555;381,555;378,557;375,557;373,557;371,557;369,558;368,558;367,559;366,559;365,559;364,559;362,559;361,559;360,559;357,559;355,559;354,559;353,560;352,560;351,560;350,560;349,560;347,560;346,560;345,560;344,561;343,561;342,561;340,561;338,561;337,561;336,561;335,561;335,562;334,562;333,562;332,562;331,563;329,563;328,563;326,563;325,563;324,563;323,563;322,563;321,564;317,564;316,564;315,564;314,564;312,564;312,565;311,565;310,565;309,565;308,565;307,565;306,565;305,565;304,565;302,565;301,565;300,565;299,565;297,565;294,565;292,565;291,565;290,565;289,565;288,565;288,564;288,562;288,561;288,560;287,559;287,558;287,556;287,555;287,554;287,553;287,550;287,548;287,546;287,544;287,543;287,542;289,540;291,536;292,534;295,530;298,529;300,527;304,526;305,523;307,521;311,519;313,516;316,515;319,512;320,511;324,510;328,508;329,508;333,507;
Vein; POLYGON; 63, 72, 204; 295,558;294,558;292,559;291,559;290,560;289,560;288,560;287,561;286,562;285,562;284,562;283,563;281,563;280,563;280,564;279,564;277,564;275,564;274,564;273,564;272,564;271,564;270,564;269,564;267,564;264,564;263,564;261,564;260,564;258,564;257,564;255,564;255,563;253,560;253,559;253,557;253,556;253,554;253,553;253,552;253,551;253,550;253,548;255,546;256,545;257,545;258,545;260,544;262,544;265,544;267,544;268,544;271,544;
Specular reflection; POLYGON; 191, 91, 22; 381,622;380,622;379,622;377,621;374,621;371,621;370,621;369,621;368,621;367,621;366,621;365,621;364,621;363,621;362,621;361,621;359,621;358,621;356,621;355,621;354,621;353,621;352,621;351,621;350,621;349,621;348,621;347,621;347,620;345,620;344,619;342,618;340,618;338,618;337,618;336,618;334,617;331,617;330,617;328,616;327,616;326,616;325,616;323,616;322,616;321,616;320,615;320,614;320,613;320,612;320,611;320,610;320,609;320,607;321,606;321,605;322,604;323,604;324,604;324,603;325,603;327,602;327,601;328,600;329,600;331,600;332,599;334,599;335,599;336,599;337,598;338,598;339,598;340,598;341,598;342,597;343,597;344,596;344,595;345,595;346,595;347,595;349,594;350,594;351,594;352,593;353,593;354,593;355,593;356,593;357,593;358,592;359,591;360,591;361,591;363,589;364,588;365,588;366,587;366,586;367,586;367,585;369,585;370,585;370,584;370,583;371,583;372,583;373,582;374,582;375,582;376,582;377,582;379,581;380,581;381,581;382,581;382,583;382,584;382,585;382,586;382,587;382,588;382,590;381,590;380,591;379,591;378,592;377,593;375,594;374,594;374,595;374,597;374,598;374,599;374,600;374,601;374,602;375,603;376,604;376,605;377,606;378,607;378,608;378,609;379,610;380,612;380,613;380,615;380,616;380,617;380,618;380,619;380,620;380,621;
Specular reflection; POLYGON; 191, 91, 22; 359,657;359,656;358,656;357,656;355,656;354,656;352,656;351,656;349,656;347,655;346,655;345,655;344,655;343,655;342,655;342,654;341,653;341,652;340,652;340,651;339,651;339,650;338,650;338,648;338,647;337,646;336,645;335,645;334,644;334,643;333,643;331,643;330,643;329,643;328,643;327,643;325,643;324,643;323,643;321,643;320,643;318,643;317,644;316,645;315,645;314,645;314,644;314,643;314,642;313,640;313,639;313,638;312,637;312,636;311,636;311,634;310,633;309,633;308,633;307,633;306,633;305,633;304,633;302,633;301,633;300,633;299,634;297,634;296,635;295,636;295,637;295,638;295,639;293,641;293,643;293,644;293,645;293,646;293,647;293,648;293,649;293,650;294,652;294,653;296,654;297,655;297,656;297,657;297,658;297,659;296,660;295,660;294,660;293,661;290,661;289,661;288,661;287,661;286,661;285,661;284,661;283,661;282,661;281,662;280,662;279,663;278,663;277,664;276,664;275,665;273,665;271,666;270,666;269,666;267,667;266,668;265,668;264,668;263,668;262,669;262,670;260,670;259,670;258,671;258,672;257,672;257,674;257,675;257,677;257,678;257,679;257,680;258,682;258,683;259,683;260,684;261,684;262,685;263,685;264,686;265,686;266,686;266,687;267,687;268,688;269,688;271,689;272,689;274,689;275,689;276,690;278,691;279,691;281,691;282,691;284,691;285,692;286,693;287,693;288,693;289,693;290,694;291,694;293,694;295,694;295,695;296,695;297,695;298,695;299,696;300,696;302,696;303,696;304,696;305,696;306,696;307,696;308,696;309,696;310,697;311,697;312,697;314,697;315,697;315,698;316,698;317,698;318,698;319,698;320,698;321,698;322,698;323,698;325,698;326,698;326,697;327,696;328,695;329,695;330,694;331,693;332,693;332,692;333,691;333,690;334,690;335,688;336,688;338,687;339,686;340,686;341,685;342,684;343,683;343,682;344,682;345,682;347,682;348,682;349,682;350,682;351,682;352,681;354,681;355,680;357,679;359,676;360,676;362,674;363,673;363,672;363,671;364,669;365,669;365,668;366,668;366,667;366,666;366,664;366,663;366,662;366,661;366,660;365,659;364,657;363,657;362,657;362,656;361,656;360,656;359,656;359,655;358,655;357,655;356,654;355,654;354,655;
Specular reflection; POLYGON; 191, 91, 22; 163,823;162,823;161,823;160,823;158,823;157,823;156,823;153,822;152,822;151,822;149,822;147,821;144,819;142,819;140,819;139,819;139,818;138,818;137,818;136,818;135,817;133,817;131,817;130,817;129,817;128,817;127,816;126,816;124,815;122,814;122,813;120,813;118,812;116,812;115,812;114,812;111,811;107,810;106,810;103,810;103,809;101,809;100,809;98,808;96,807;95,807;93,807;92,807;91,807;90,807;89,807;89,806;88,806;86,806;83,806;81,806;80,807;79,808;78,808;77,809;76,809;75,810;74,810;73,810;72,811;71,811;70,811;69,811;68,811;67,811;66,813;65,813;64,813;63,813;62,812;61,812;61,810;61,809;61,808;61,807;61,806;61,805;61,803;61,802;62,800;63,800;63,799;64,798;65,796;66,795;66,794;67,792;68,791;69,791;70,791;71,789;72,789;73,789;74,789;74,788;75,788;76,788;77,788;78,788;79,788;80,788;81,788;82,788;83,788;85,788;86,788;88,788;89,788;90,788;91,788;92,789;92,790;94,790;96,791;97,792;98,792;99,792;100,793;101,793;102,794;104,794;105,794;106,794;107,794;108,794;109,794;110,794;111,795;112,795;113,796;114,796;115,796;116,796;117,796;118,796;119,796;120,796;121,796;122,796;123,796;124,796;126,796;127,796;128,796;129,796;130,796;133,796;134,796;135,796;136,796;137,796;139,796;140,796;141,796;142,796;143,796;144,796;146,796;147,796;148,797;149,797;150,797;151,797;152,798;153,798;154,799;156,799;157,799;158,799;160,800;161,800;163,802;165,803;166,804;167,804;168,804;169,804;170,805;171,805;172,806;173,807;174,809;175,809;176,810;176,811;176,812;177,813;178,814;178,816;178,817;178,818;176,819;175,820;174,820;173,821;172,821;170,821;169,821;168,821;167,821;166,821;165,821;165,822;165,823;164,823;163,823;161,823;160,823;159,823;156,823;155,823;153,823;152,823;151,822;
Specular reflection; POLYGON; 191, 91, 22; 129,788;128,788;127,788;126,788;125,788;124,788;122,788;121,788;119,788;117,788;116,788;115,788;114,788;113,788;112,788;109,788;108,788;106,788;104,787;102,787;101,787;100,787;98,786;96,786;95,786;94,786;93,786;92,786;91,786;90,786;89,786;88,786;86,786;85,786;84,786;83,786;82,786;81,786;80,786;79,787;79,788;79,789;79,790;78,791;78,792;78,793;78,794;78,795;78,796;78,797;79,798;81,799;83,799;86,799;89,800;92,801;94,801;98,801;100,802;102,802;105,802;107,802;109,802;111,802;112,802;113,802;115,802;116,802;118,802;120,802;121,803;122,803;123,804;124,804;125,804;126,804;127,804;128,802;129,801;129,799;131,797;132,797;132,795;132,794;133,794;133,793;133,792;133,791;132,790;131,789;130,789;129,789;128,789;126,789;125,790;125,792;
Specular reflection; POLYGON; 191, 91, 22; 267,850;266,850;265,850;264,850;263,850;261,851;261,852;260,852;259,853;258,853;258,854;257,854;256,855;255,855;254,855;253,855;252,856;251,857;251,858;250,858;249,859;248,859;247,860;246,860;245,861;244,862;244,863;243,863;241,864;240,864;240,865;239,865;238,866;238,867;237,868;237,869;237,870;237,871;237,872;237,873;237,875;237,876;238,876;238,877;239,877;240,877;241,877;242,877;243,877;244,877;245,877;247,877;248,877;249,876;250,876;252,876;253,876;254,876;255,876;256,876;257,876;258,876;259,876;260,876;261,874;263,874;265,874;267,874;268,873;269,873;270,873;271,872;272,872;272,871;273,871;274,871;275,871;276,871;277,871;279,870;280,870;282,869;282,868;283,868;283,867;283,866;284,866;284,865;284,864;284,863;284,862;284,861;284,860;284,859;284,858;283,856;283,855;282,855;281,855;280,855;280,854;279,854;278,854;277,853;276,853;275,853;274,853;273,852;272,852;270,850;268,850;267,849;266,849;265,849;263,849;262,849;259,849;258,849;257,849;256,849;257,851;257,852;
Specular reflection; POLYGON; 191, 91, 22; 302,857;302,856;302,855;302,854;302,853;301,852;301,850;301,849;301,847;301,846;301,844;301,843;301,842;301,841;301,840;301,839;301,838;302,838;303,837;304,836;305,836;305,835;307,835;308,833;309,833;310,832;311,831;312,831;312,830;313,830;314,829;314,828;315,827;315,826;316,826;316,825;317,824;318,824;318,822;318,821;318,820;318,819;318,818;318,816;318,815;318,814;318,813;317,812;317,811;317,810;316,809;315,809;315,808;314,808;314,807;312,805;312,804;312,803;311,802;311,801;311,799;311,798;311,797;311,796;311,795;311,794;311,793;312,792;313,791;314,791;315,791;316,791;316,790;317,790;318,790;320,790;322,790;323,790;324,790;326,790;327,789;328,789;330,789;331,789;332,789;333,789;333,788;334,788;335,788;336,788;337,788;338,788;339,788;341,788;342,788;343,788;344,788;345,788;346,789;346,790;346,791;346,793;346,794;346,795;346,796;346,797;345,798;344,799;344,800;344,801;342,802;341,803;341,804;341,805;339,806;339,807;338,807;338,808;337,808;337,809;336,809;335,809;334,809;334,810;332,812;331,812;330,813;329,813;328,815;327,816;327,818;327,820;327,821;327,822;327,823;327,824;327,825;327,826;327,827;327,828;327,829;327,832;328,833;328,834;329,834;330,834;330,835;330,836;330,837;330,838;330,839;330,840;330,841;329,841;329,842;328,843;327,844;326,844;325,845;324,846;323,847;322,847;321,847;321,848;319,849;318,849;317,849;317,850;315,851;314,851;313,851;312,851;311,852;310,852;309,852;307,854;306,854;305,854;305,855;304,857;303,857;302,858;301,858;300,858;300,859;299,859;
Specular reflection; POLYGON; 191, 91, 22; 215,768;216,768;216,769;215,769;214,769;213,770;212,770;211,770;210,771;209,771;207,771;206,771;205,771;203,771;202,771;201,771;199,771;198,771;197,771;196,771;195,771;193,771;192,771;191,771;190,771;189,771;188,771;187,771;186,771;184,770;183,769;182,769;181,769;180,769;179,769;178,769;177,769;176,769;175,768;173,767;173,766;172,766;171,766;170,766;170,765;169,765;168,765;167,765;166,765;165,765;164,765;163,764;160,764;160,763;159,763;158,763;156,763;154,763;153,763;152,763;151,763;150,763;149,763;148,763;147,763;146,763;145,763;144,763;143,763;142,763;141,763;140,763;139,762;138,761;137,761;136,760;134,760;133,760;132,760;131,759;130,758;129,757;129,755;129,754;129,753;129,752;129,751;129,750;129,748;130,748;131,747;132,747;133,747;135,747;136,747;137,747;138,747;138,746;139,746;140,745;142,745;143,745;144,745;145,745;146,744;147,744;148,744;149,744;150,744;151,744;154,744;156,744;158,744;160,744;161,744;163,744;164,744;167,744;169,744;171,744;172,744;173,744;175,744;176,744;178,744;179,744;180,744;182,744;184,744;185,744;186,744;187,744;188,744;189,744;190,744;191,744;193,744;195,744;196,744;197,744;198,744;199,744;200,744;201,744;203,744;205,744;206,744;207,744;208,744;209,744;210,744;211,744;212,744;213,744;214,744;215,744;216,744;217,745;218,745;220,745;221,745;222,745;223,745;224,745;225,745;226,745;227,745;228,745;230,746;233,746;234,746;235,747;236,747;237,747;238,747;239,747;240,747;241,747;243,747;245,747;246,747;247,747;248,747;249,747;250,747;251,747;254,747;255,749;256,749;257,749;259,749;261,749;262,750;263,750;265,750;266,750;268,750;269,750;270,750;271,750;271,751;272,751;273,751;275,751;277,751;279,751;281,751;282,751;283,751;284,751;285,751;286,751;287,751;288,751;289,751;291,751;293,751;294,751;295,751;296,751;297,751;298,751;299,751;300,752;301,752;304,752;305,753;307,753;309,753;310,753;311,753;312,753;313,753;315,753;317,754;319,754;320,754;321,754;321,755;323,755;324,755;326,755;327,755;328,755;329,755;330,755;331,755;333,755;334,755;335,755;336,755;337,755;338,755;339,755;340,755;341,755;342,755;343,755;345,755;346,755;347,755;348,755;349,755;351,755;353,755;354,755;355,754;356,754;357,754;359,754;361,754;362,754;363,754;364,754;365,754;365,753;366,753;367,753;368,753;369,753;370,753;372,753;373,753;374,753;375,753;376,753;377,753;378,752;379,752;380,752;381,752;382,752;384,752;385,752;387,752;388,752;389,752;390,752;390,753;390,755;390,756;390,757;390,758;389,759;389,760;389,762;388,763;388,764;387,765;386,766;385,768;384,769;383,769;382,769;382,770;380,771;379,771;379,772;378,772;376,772;375,772;373,772;371,772;370,772;369,772;368,772;367,774;366,774;365,774;364,774;363,774;360,774;359,774;358,774;357,774;356,774;355,774;354,774;353,774;352,774;350,774;349,774;348,774;347,775;346,775;345,775;344,775;343,776;342,776;341,776;340,776;339,776;337,776;336,776;335,776;334,776;333,776;333,777;332,777;331,777;329,777;328,777;327,777;326,777;324,777;323,777;321,777;320,777;318,778;316,778;315,778;314,778;312,778;311,778;309,778;308,778;307,778;306,778;305,778;304,778;302,778;301,778;300,778;299,778;298,778;297,778;296,778;295,778;294,778;293,778;292,778;291,778;290,778;289,778;288,778;287,778;286,778;285,778;284,778;283,778;281,778;280,778;279,777;278,777;278,776;276,775;276,773;275,773;274,772;274,771;273,771;273,770;271,768;270,767;269,766;268,766;267,766;266,766;266,765;265,765;264,765;263,765;262,765;261,765;260,765;259,765;258,765;257,765;256,765;255,765;254,765;253,765;252,765;250,765;249,765;247,765;246,765;245,765;244,765;243,765;242,765;241,765;240,765;239,765;237,765;235,765;234,765;232,765;231,765;230,765;229,765;228,765;226,765;225,765;223,765;222,765;221,765;220,765;219,765;218,765;217,765;216,765;215,765;214,765;213,765;212,765;211,765;210,765;209,765;208,765;207,765;207,766;206,766;
Artery, ICG; POLYGON; 34, 177, 76; 382,749;381,749;380,749;379,749;378,749;377,749;376,749;375,749;374,749;373,749;372,749;371,749;370,749;369,750;368,750;366,750;365,750;363,750;362,750;361,750;360,750;359,750;358,752;357,753;356,753;354,753;353,753;351,753;350,753;349,753;347,753;346,753;343,753;342,753;339,753;338,753;337,753;336,753;335,753;334,753;332,753;330,753;329,753;328,753;327,753;326,753;325,753;324,753;323,753;322,753;321,753;320,753;318,753;317,753;315,753;314,753;313,753;312,753;311,753;310,753;309,753;308,753;307,753;306,753;305,753;304,753;303,753;302,753;301,753;299,753;298,753;295,753;294,753;293,753;292,753;291,753;290,753;289,753;289,752;287,752;286,752;284,752;283,752;282,752;281,751;279,751;277,751;276,751;273,751;272,751;271,751;270,751;269,751;268,751;267,751;266,750;264,750;263,750;262,750;261,750;259,750;258,750;256,750;254,750;253,750;253,749;252,749;251,749;250,749;249,748;248,748;247,747;245,746;245,745;244,745;243,745;242,744;241,743;240,740;238,739;237,738;236,738;236,737;236,736;236,735;236,734;236,733;237,733;240,733;243,733;245,733;249,733;251,733;254,733;257,733;261,733;262,733;263,733;264,733;266,733;267,733;269,733;271,733;274,733;278,733;282,733;287,733;289,733;291,733;292,733;295,733;297,733;300,733;302,733;303,733;305,733;306,733;308,733;310,733;313,733;314,733;315,733;
Artery, ICG; POLYGON; 34, 177, 76; 298,714;297,713;296,712;295,712;293,712;292,712;291,712;290,711;288,711;288,710;287,710;286,710;285,710;284,710;282,710;281,710;280,710;279,710;278,710;276,710;275,710;274,710;273,710;270,710;269,710;267,709;266,709;264,709;262,709;259,709;257,709;255,709;253,709;252,709;250,709;249,708;248,708;246,708;245,708;243,708;242,708;240,708;238,708;237,708;235,708;234,708;232,708;231,708;230,708;229,708;228,708;227,708;226,708;225,708;224,708;223,708;222,708;219,708;218,709;215,709;213,710;211,710;210,710;209,711;208,712;207,712;206,712;206,713;205,713;203,714;202,715;201,716;200,716;200,717;200,718;199,719;199,720;200,721;
Artery, ICG; POLYGON; 34, 177, 76; 228,767;227,766;226,766;225,766;224,766;223,766;222,766;221,766;219,766;218,766;217,766;216,766;215,766;214,766;213,766;211,766;210,766;209,766;208,766;207,766;206,766;205,766;204,766;203,766;202,766;199,766;197,766;196,766;195,766;194,766;193,766;191,766;190,766;188,766;186,766;185,766;183,766;182,766;181,766;180,766;177,766;176,766;175,766;174,766;172,766;171,765;171,764;170,764;169,764;169,763;168,763;166,763;164,763;163,763;163,762;161,762;160,762;158,761;157,761;155,760;152,760;151,760;150,760;149,760;147,758;146,758;145,758;143,758;142,758;139,758;139,759;138,759;137,760;136,760;135,761;134,761;133,761;133,762;132,763;132,764;133,766;135,766;135,767;136,767;139,768;141,768;144,770;147,771;149,771;151,771;152,772;156,773;158,774;159,774;163,774;167,777;169,777;171,778;175,778;178,778;182,779;187,780;189,781;193,782;197,782;198,782;200,782;201,782;204,782;207,782;210,782;212,782;214,782;215,782;216,782;217,782;219,782;220,782;222,782;223,782;224,782;225,782;226,782;228,782;
Artery, ICG; POLYGON; 34, 177, 76; 189,800;188,800;186,800;185,800;183,800;182,800;182,801;183,801;186,803;188,804;190,804;193,804;194,804;195,804;196,804;197,804;198,804;198,805;199,805;201,805;203,806;204,806;205,806;206,806;207,806;208,806;208,807;209,807;210,807;211,807;212,807;213,809;214,809;216,810;217,810;218,810;219,811;219,812;220,812;222,812;224,813;226,814;227,815;230,816;231,816;232,816;233,816;234,816;235,817;236,817;237,817;238,818;240,818;241,819;242,819;243,819;244,820;244,821;245,821;246,822;247,822;248,822;249,822;251,822;252,822;254,822;255,822;256,822;257,822;258,822;259,822;261,822;264,822;266,821;266,820;267,819;267,818;268,817;268,816;268,814;269,812;270,812;272,810;273,809;274,808;274,807;274,806;274,805;274,803;274,801;274,800;274,798;274,796;274,795;274,793;274,790;271,787;268,783;266,782;263,782;261,782;260,782;259,782;258,782;256,782;253,782;
Artery, ICG; POLYGON; 34, 177, 76; 359,834;360,834;361,834;362,834;364,834;365,834;367,834;368,833;369,832;370,832;371,831;372,831;374,831;375,830;376,830;377,830;377,829;379,828;380,827;381,826;381,825;382,825;383,824;384,824;385,824;385,823;388,823;390,822;392,822;393,822;394,822;395,820;396,819;398,819;399,819;401,818;402,818;403,818;404,818;405,818;406,817;407,817;408,817;409,817;410,817;411,817;411,816;412,815;413,814;415,814;416,813;417,812;418,812;421,811;422,811;424,811;425,811;427,811;428,811;429,811;430,811;431,811;432,811;433,811;434,811;435,811;436,811;437,811;438,811;439,811;440,811;442,811;443,811;444,811;445,811;446,811;448,811;450,811;451,811;452,811;453,811;454,811;456,811;456,810;457,810;458,809;459,809;460,809;461,809;462,808;463,807;464,807;465,807;466,806;467,806;468,806;469,806;470,806;472,805;473,805;474,805;476,804;477,804;479,804;480,804;481,804;482,804;483,804;484,802;485,802;487,802;488,802;489,802;490,802;491,802;493,802;494,801;496,801;498,800;499,800;500,800;502,799;504,799;506,799;507,798;508,798;509,798;510,798;511,798;512,798;513,798;514,798;515,798;516,798;517,798;519,798;520,798;521,798;522,798;523,797;523,796;524,796;525,796;526,796;527,796;528,796;530,796;531,796;533,796;534,796;535,796;537,796;539,796;540,796;543,797;544,797;545,797;547,797;548,797;549,797;550,797;552,797;554,798;557,798;559,798;562,798;564,798;565,798;566,798;567,798;568,798;569,798;571,798;572,798;573,798;574,796;574,795;574,794;576,793;576,792;576,790;576,789;576,788;576,787;576,785;576,782;574,780;571,775;567,775;564,774;562,774;561,773;560,773;559,773;556,771;552,770;548,770;545,770;540,769;533,769;527,769;521,769;516,769;512,769;511,769;510,769;508,769;506,769;505,769;504,769;502,769;500,769;498,769;497,769;496,769;
Artery, ICG; POLYGON; 34, 177, 76; 426,802;425,803;424,803;423,804;422,805;422,806;421,806;419,806;418,807;417,807;416,807;416,808;415,809;414,810;413,810;411,811;411,812;410,812;410,813;409,813;408,813;408,814;407,814;407,815;406,815;406,816;405,816;404,817;403,818;402,818;400,818;399,818;398,818;397,819;396,820;395,820;394,820;393,820;393,821;392,821;391,821;389,822;387,823;385,823;385,824;384,825;382,826;381,826;380,828;379,828;378,828;378,829;377,829;376,830;374,830;373,830;373,831;372,831;370,831;369,831;368,831;367,830;366,830;365,828;364,826;363,826;362,826;360,826;357,826;356,825;356,824;356,823;356,821;356,820;358,818;358,817;361,814;363,812;366,811;370,809;372,807;374,806;377,805;381,801;382,801;386,800;387,800;388,798;390,798;392,798;394,798;396,798;399,798;403,798;408,798;
Specular reflection; POLYGON; 191, 91, 22; 89,579;88,579;87,579;86,579;85,579;84,580;83,581;82,581;81,581;80,582;79,582;78,583;76,583;75,584;74,584;73,584;72,584;71,585;70,585;69,586;68,586;67,586;66,586;65,586;64,586;62,587;61,587;60,587;58,588;57,588;55,588;54,588;54,589;54,591;54,592;54,593;54,594;54,595;55,595;56,595;56,596;57,598;58,599;58,600;59,600;59,601;60,602;62,604;62,605;63,605;63,606;64,606;65,606;66,606;67,606;69,606;70,606;72,606;73,606;75,606;76,606;77,606;78,606;79,606;80,606;81,606;82,606;83,606;84,606;85,606;86,607;86,608;87,608;87,609;87,610;88,611;90,612;90,613;90,614;91,614;92,616;93,617;93,618;94,620;95,620;96,622;97,623;98,623;99,623;101,624;102,624;103,624;103,625;104,625;105,625;106,625;107,625;108,625;109,625;110,625;112,625;114,625;115,625;116,625;116,624;118,624;119,624;120,624;121,624;122,623;123,623;124,623;125,622;125,621;126,621;127,621;127,620;128,620;129,619;130,619;131,618;131,617;131,616;131,615;131,614;131,613;132,612;133,611;134,611;135,609;135,608;136,607;137,607;138,607;139,607;140,607;141,607;141,606;142,606;143,605;144,605;146,604;147,603;148,603;148,602;150,601;151,601;151,600;152,600;153,600;154,599;155,597;155,596;155,595;156,594;156,593;156,592;156,591;156,590;156,589;155,588;154,588;154,587;153,585;153,584;152,584;152,583;150,583;148,582;147,582;146,582;145,583;144,584;143,585;143,586;142,587;141,587;139,586;138,585;138,584;137,584;136,583;136,582;135,582;134,582;133,582;132,582;131,581;130,581;129,581;129,580;127,580;126,580;126,579;125,579;123,579;122,579;121,579;120,579;119,579;119,578;118,578;116,578;115,578;114,578;113,578;113,577;112,577;111,577;110,577;109,577;108,577;107,577;105,577;104,577;103,577;101,577;99,577;98,577;97,577;96,577;95,577;94,577;93,577;91,577;90,577;89,577;88,577;87,577;86,577;83,577;82,578;81,578;81,581;81,584;
Vein; POLYGON; 63, 72, 204; 84,680;84,679;84,678;84,676;84,675;84,674;84,673;84,672;84,671;84,670;85,670;86,669;86,668;87,668;88,668;89,667;90,667;91,667;92,667;92,666;93,666;93,665;95,665;96,665;98,665;99,664;101,664;103,664;104,663;104,662;105,662;105,661;106,661;107,661;107,659;108,659;109,658;110,658;111,657;113,655;114,653;115,653;116,652;117,651;117,649;118,649;118,647;118,646;119,646;120,645;121,643;121,642;121,641;122,640;123,640;124,640;126,639;127,639;127,638;127,637;128,637;128,636;128,635;129,635;130,634;132,632;132,631;133,631;133,630;134,629;134,628;135,627;136,627;137,625;138,625;139,623;139,622;140,621;141,620;142,619;142,618;143,616;143,615;145,613;146,612;147,611;147,609;147,608;148,608;148,607;150,606;150,605;151,603;151,602;152,601;152,600;152,599;152,598;153,596;153,595;153,594;154,594;154,593;154,592;153,592;153,593;152,594;151,595;150,595;148,596;148,597;146,597;145,598;144,598;143,599;142,600;142,601;142,602;141,603;140,604;139,605;138,605;137,605;137,606;136,606;135,607;134,607;133,607;133,609;132,609;131,611;130,611;130,612;129,612;128,612;127,613;125,613;124,614;123,614;122,615;122,616;121,616;120,617;119,618;118,618;117,619;115,621;114,621;113,622;112,622;111,623;110,623;109,624;108,624;108,625;107,625;105,627;105,628;103,629;102,630;101,631;100,631;99,631;99,633;98,633;98,634;97,634;96,635;95,636;94,636;94,637;92,638;91,639;90,639;90,640;89,641;89,642;88,643;87,644;87,645;86,646;86,647;85,647;84,649;83,649;83,651;81,652;80,652;80,653;79,653;79,654;79,655;78,656;77,657;77,658;76,659;75,660;74,662;74,663;74,664;73,665;71,666;70,667;70,669;70,670;69,670;69,671;68,672;68,673;68,675;68,676;67,677;
Specular reflection; POLYGON; 191, 91, 22; 223,670;222,669;221,669;220,669;219,669;218,669;217,669;215,667;214,667;213,667;212,667;211,666;210,666;208,665;207,665;206,665;205,665;204,665;203,665;202,665;201,665;200,665;199,664;198,663;196,662;196,661;196,660;198,660;199,659;200,659;201,659;202,658;203,657;204,657;205,657;206,657;208,657;209,657;210,657;212,657;213,657;214,657;216,657;218,657;220,657;223,657;225,657;226,657;227,657;229,657;231,657;232,657;234,657;235,657;236,657;237,657;237,658;238,659;239,659;239,660;239,661;239,662;239,663;239,664;239,665;239,666;239,667;239,668;239,669;239,670;239,671;239,672;239,673;239,674;238,675;237,675;236,676;235,676;234,676;232,676;231,676;230,676;229,676;227,676;225,676;223,676;222,676;221,676;220,676;219,676;218,676;216,675;214,674;212,673;211,673;209,672;208,672;207,671;206,671;205,671;205,670;204,670;202,669;200,668;199,668;199,667;199,666;199,665;
Specular reflection; POLYGON; 191, 91, 22; 220,661;219,661;217,661;216,661;215,661;214,660;213,660;211,660;210,660;208,659;208,658;207,658;206,658;205,658;204,658;203,659;203,660;202,660;201,661;200,661;200,662;199,663;198,664;198,665;198,666;198,667;198,668;198,669;200,670;201,670;202,670;203,670;204,671;205,671;207,671;208,671;210,672;211,672;212,672;213,672;
Specular reflection; POLYGON; 191, 91, 22; 226,641;225,641;224,641;223,641;221,641;220,639;219,639;217,639;214,639;213,639;211,638;209,638;206,637;205,637;202,637;201,637;200,637;198,637;196,637;195,637;193,637;192,637;190,637;189,637;187,637;186,637;185,637;185,636;184,633;184,632;184,631;184,628;184,627;184,626;184,625;184,623;184,622;184,620;184,619;184,618;185,617;185,615;186,614;187,613;188,612;189,612;190,612;192,612;193,612;194,612;196,612;197,612;198,612;200,612;201,612;203,612;204,612;205,612;206,612;207,612;208,613;209,614;210,614;210,615;210,616;211,616;212,616;213,616;214,616;215,616;216,616;217,617;218,617;219,617;220,617;221,617;222,617;223,617;224,617;225,617;226,617;227,617;228,617;229,617;230,617;231,617;232,617;234,617;235,617;236,617;237,617;238,618;240,618;241,618;242,619;243,619;244,619;247,619;248,619;249,620;250,620;251,620;253,620;254,620;255,620;256,620;257,620;259,620;261,620;262,620;263,621;264,621;265,621;266,621;268,622;269,622;271,623;272,624;273,624;273,625;274,625;274,627;275,628;276,630;277,631;277,632;277,633;277,634;277,635;278,635;278,638;278,639;278,640;278,641;278,643;278,644;278,645;278,646;278,647;277,648;276,648;275,649;274,649;273,650;272,651;272,652;271,652;270,652;268,653;267,653;266,653;266,654;265,655;264,655;263,655;262,655;261,655;259,655;258,655;257,655;256,655;255,654;254,654;253,653;251,653;250,652;250,651;250,650;249,650;249,649;248,648;248,647;247,646;246,645;245,645;244,644;243,644;242,644;241,643;240,643;239,643;238,643;237,643;236,643;235,643;233,642;232,642;231,642;230,642;229,642;228,642;227,642;226,642;225,642;224,642;223,642;
Specular reflection; POLYGON; 191, 91, 22; 253,605;252,605;251,605;250,605;249,605;248,605;247,605;245,605;244,605;243,605;242,605;241,605;239,605;238,605;237,606;236,606;234,606;233,606;232,606;231,606;230,606;229,606;228,606;227,606;226,606;225,606;223,605;222,605;221,605;220,604;220,603;219,603;219,602;218,601;217,601;216,600;216,599;216,598;217,597;218,597;219,597;220,597;221,596;222,595;223,595;223,594;225,594;226,594;227,594;228,594;229,593;230,593;231,593;232,593;233,593;235,593;236,593;237,593;238,593;239,593;240,593;241,592;242,592;243,592;244,592;245,592;246,592;247,592;248,592;249,592;251,592;252,592;253,592;254,592;255,592;256,592;259,592;260,592;262,592;263,592;264,593;264,594;265,595;265,596;266,596;266,597;266,598;266,599;267,599;267,600;267,601;267,603;266,603;265,604;264,605;263,605;262,605;260,606;258,606;256,609;255,609;253,610;253,611;252,611;252,612;251,612;
Specular reflection; POLYGON; 191, 91, 22; 89,530;88,530;87,530;85,531;84,531;83,531;82,531;81,531;80,532;79,532;78,532;77,532;77,533;76,533;74,533;72,533;71,533;70,533;69,533;68,533;67,533;65,533;64,533;62,533;62,534;61,534;60,534;59,534;58,534;57,535;55,535;54,535;53,535;50,535;49,536;47,536;45,536;44,536;43,536;42,536;41,536;40,536;39,536;38,537;37,537;36,538;34,539;33,539;32,539;31,539;30,539;29,540;28,540;27,540;26,540;25,540;24,540;23,540;22,540;21,540;19,540;18,540;18,539;18,537;18,536;18,535;19,534;19,533;20,533;21,533;21,532;22,532;23,531;25,531;26,530;29,529;30,529;32,529;33,529;34,529;35,528;36,527;37,527;37,526;38,525;39,524;40,523;41,523;41,522;42,522;43,520;44,520;45,520;46,520;47,520;48,520;49,519;50,518;51,518;52,518;53,518;55,518;56,518;57,517;59,517;60,517;62,517;63,517;63,516;64,516;65,516;66,516;68,516;70,516;71,516;72,516;73,516;75,516;76,516;77,516;79,516;80,516;83,516;84,516;85,516;86,516;87,516;88,516;89,516;90,516;92,516;93,516;94,516;96,516;97,516;98,516;99,516;100,516;102,516;103,516;105,516;107,516;108,516;109,516;110,516;111,516;112,516;114,516;116,516;117,516;118,516;119,516;120,516;121,516;122,516;123,516;124,514;125,514;127,514;128,514;129,514;130,514;131,513;132,513;133,513;134,512;135,511;136,511;138,511;139,511;140,511;142,511;142,510;143,510;144,510;145,510;146,510;147,510;148,510;149,510;150,510;152,508;154,508;155,508;156,508;157,508;159,508;160,508;160,507;161,507;162,507;163,507;164,507;166,507;167,507;168,507;169,506;170,506;171,506;173,506;174,506;175,506;176,506;177,506;178,506;179,506;181,506;182,506;183,506;184,506;185,506;186,506;187,506;188,506;190,507;192,507;193,507;195,507;196,507;197,509;198,509;199,509;201,509;203,509;205,509;207,509;207,510;208,510;209,510;210,510;211,510;212,510;215,510;217,510;217,511;218,511;219,511;220,511;222,512;223,512;225,512;226,512;227,512;228,512;229,512;230,512;231,512;232,512;233,512;236,512;237,512;238,512;239,512;240,512;241,512;242,513;243,514;243,515;244,516;245,516;246,516;246,517;246,518;246,519;245,520;244,521;244,522;244,523;243,524;242,524;241,524;240,524;240,525;239,525;238,525;237,525;236,525;234,525;232,525;231,525;229,527;229,528;228,528;227,528;226,528;225,528;224,528;222,528;221,528;220,528;220,529;219,529;218,529;217,529;216,529;215,529;214,529;213,529;213,530;212,530;210,530;208,530;207,530;206,530;204,531;203,531;202,531;200,531;199,531;198,531;196,531;195,531;194,531;193,531;192,531;190,531;189,531;188,531;187,531;186,531;185,531;184,531;183,531;182,531;181,531;180,531;179,531;178,531;177,531;176,531;175,531;174,531;173,531;172,531;170,531;169,531;167,531;166,531;165,531;164,531;163,531;162,530;161,530;160,530;159,530;157,530;156,530;155,530;154,530;153,530;153,529;152,529;151,529;150,529;149,528;148,528;146,528;145,528;145,527;144,527;143,527;142,527;141,527;140,527;139,527;138,527;137,527;136,527;135,527;134,527;133,527;132,527;131,527;130,527;129,527;128,527;127,527;126,527;125,527;123,527;122,527;120,527;119,527;118,527;117,527;116,527;114,527;113,527;112,527;110,527;109,527;109,528;108,528;107,528;106,528;106,529;105,529;103,529;102,530;101,531;100,531;99,531;98,533;97,533;97,534;96,534;95,534;95,535;93,535;92,535;92,536;91,536;90,536;89,537;88,537;86,537;85,537;84,537;82,537;81,537;80,537;78,537;77,537;76,537;74,537;73,537;72,537;71,537;70,537;69,536;68,536;68,535;67,535;67,534;66,533;65,532;64,532;65,532;67,532;
Specular reflection; POLYGON; 191, 91, 22; 150,509;148,509;147,508;146,508;145,508;144,508;142,508;141,508;140,508;139,509;138,509;137,509;136,509;135,510;135,511;134,511;133,511;132,511;131,511;128,512;127,512;126,512;125,512;124,512;123,512;122,512;121,512;120,513;118,513;116,513;113,513;110,513;107,513;105,513;104,513;102,514;101,514;
Specular reflection; POLYGON; 191, 91, 22; 488,962;487,963;486,963;486,964;485,965;484,965;483,966;482,968;481,969;480,970;479,972;478,972;477,972;476,974;476,975;474,976;474,977;473,977;471,978;470,979;469,979;469,980;468,981;467,982;466,982;465,982;464,983;463,983;462,985;461,985;459,987;457,987;455,988;453,989;451,990;450,990;448,990;447,991;446,991;444,993;444,994;443,994;442,994;441,995;440,995;439,995;438,995;437,995;436,996;436,997;435,998;434,999;433,1000;433,1001;433,1002;432,1002;431,1005;431,1006;430,1007;429,1009;428,1010;427,1011;426,1012;426,1013;426,1014;426,1016;426,1017;426,1018;427,1018;428,1019;429,1019;430,1019;432,1020;434,1020;436,1020;440,1020;444,1020;448,1020;450,1020;453,1020;457,1020;461,1020;466,1020;470,1020;471,1020;472,1020;473,1020;475,1020;477,1020;478,1020;480,1020;481,1020;482,1020;483,1020;486,1020;488,1020;489,1020;491,1020;492,1020;494,1020;495,1020;496,1020;497,1019;498,1019;499,1019;499,1018;500,1017;500,1016;501,1015;501,1014;503,1014;503,1013;505,1013;506,1012;507,1010;508,1009;509,1008;510,1007;511,1007;512,1007;513,1007;514,1007;514,1006;516,1006;516,1004;517,1004;518,1003;519,1002;520,1001;521,1001;522,1001;524,999;524,998;525,998;525,997;527,995;528,994;530,993;530,992;531,990;531,989;531,987;531,985;531,984;531,981;531,980;531,979;530,978;530,977;530,976;530,975;529,975;529,974;526,972;525,972;524,972;523,970;522,969;521,969;521,968;521,967;520,966;519,966;519,965;519,964;518,963;516,963;515,963;513,962;511,961;509,961;507,959;503,958;502,958;501,958;500,958;499,958;498,958;497,958;496,958;495,958;494,958;493,958;492,959;491,960;490,960;489,961;488,961;487,961;487,962;487,963;487,964;487,966;488,968;
Specular reflection; POLYGON; 191, 91, 22; 561,954;560,954;559,954;557,955;556,956;555,957;554,959;554,960;553,961;553,962;552,963;552,964;549,967;549,969;549,970;548,971;548,972;548,973;548,974;548,975;548,977;548,978;548,979;548,980;548,981;548,982;548,983;548,984;548,986;548,987;548,988;548,989;548,990;549,990;550,991;551,992;554,993;554,994;556,994;558,994;560,995;563,997;564,997;565,997;567,997;568,997;571,998;573,998;575,998;578,998;580,998;581,998;583,998;586,998;588,998;589,998;592,998;593,998;597,998;598,996;599,996;600,995;601,995;602,995;603,995;605,995;607,995;608,995;609,994;610,993;611,993;612,993;613,993;614,993;616,993;619,993;620,993;622,993;623,993;625,992;628,992;632,992;634,992;636,992;640,992;644,992;647,992;651,990;653,990;658,989;659,988;661,988;663,988;664,988;666,988;670,988;671,988;674,988;675,988;676,988;677,988;680,988;683,988;685,988;687,988;689,988;691,988;692,988;693,988;695,988;696,988;699,988;703,988;706,988;708,988;710,988;712,988;713,988;714,988;715,988;716,987;717,987;718,986;720,986;721,986;722,986;722,984;722,983;723,982;723,981;723,980;723,979;723,978;723,977;723,974;722,971;721,970;720,970;719,969;719,968;718,966;718,965;717,965;716,963;714,962;712,960;710,959;708,958;706,958;705,956;704,956;702,954;700,953;699,952;698,952;697,951;696,951;695,950;694,950;693,949;692,949;691,949;689,948;688,948;686,948;685,947;684,947;683,946;682,946;680,946;678,946;677,946;675,946;674,946;673,946;672,946;671,946;670,946;668,948;666,950;664,951;663,952;662,953;660,955;660,956;658,957;657,959;656,959;655,960;655,961;655,962;654,962;653,962;652,963;651,964;651,965;649,965;648,965;647,965;646,965;644,965;641,965;638,965;636,965;635,965;633,965;631,965;629,965;628,965;628,964;627,963;627,961;627,960;627,959;627,958;627,957;627,956;628,955;629,954;630,954;631,953;632,952;633,951;634,949;634,948;634,947;635,945;635,944;635,943;635,942;635,941;635,940;634,939;634,938;633,938;632,937;631,936;629,936;628,936;626,936;624,935;623,935;622,935;621,935;620,935;619,935;618,935;617,935;616,937;615,937;614,938;613,939;613,940;612,941;611,943;610,944;609,944;608,945;608,946;607,947;606,949;606,950;606,951;606,952;606,953;606,954;606,955;606,956;606,957;606,958;606,959;606,960;606,961;605,961;604,961;602,961;601,963;598,963;594,963;592,963;590,963;588,963;586,963;585,963;584,963;583,963;582,963;581,963;580,963;579,963;576,963;575,963;574,963;573,963;571,963;570,963;570,962;569,962;568,960;567,960;566,958;565,957;564,957;563,957;562,956;561,956;561,955;561,954;561,953;561,952;561,951;561,950;561,949;
Specular reflection; POLYGON; 191, 91, 22; 414,932;413,932;412,932;411,932;409,932;408,932;407,932;406,932;404,933;404,934;402,935;400,936;399,937;398,937;397,938;395,938;394,938;393,939;392,939;391,939;391,940;390,941;390,942;390,943;389,943;389,944;389,945;389,946;389,947;389,948;389,950;389,951;389,952;390,953;390,954;391,954;392,955;395,956;395,957;396,957;397,957;399,958;403,960;405,962;407,962;408,962;409,962;410,962;411,962;413,962;414,962;417,962;418,962;420,962;421,962;421,960;422,960;423,959;424,959;424,958;426,958;427,958;427,957;428,956;428,955;429,955;430,955;431,955;431,954;432,953;433,953;434,953;435,953;436,952;437,952;438,951;438,950;439,949;440,949;440,948;440,947;440,946;440,944;440,943;440,942;440,941;440,940;440,939;440,938;440,937;440,936;439,935;438,934;437,934;436,934;435,934;434,934;434,933;434,932;433,932;431,931;430,931;428,931;427,931;426,931;425,931;424,931;423,931;422,931;421,931;420,931;419,931;417,931;415,931;414,931;412,931;410,931;408,931;407,931;406,931;404,931;402,933;401,934;
Specular reflection; POLYGON; 191, 91, 22; 327,916;327,915;326,915;326,914;325,913;324,912;324,911;323,910;321,910;320,910;319,910;318,910;317,910;316,910;315,910;314,910;313,910;312,910;311,910;310,911;309,912;308,913;307,913;306,914;305,914;305,915;304,916;304,917;304,918;304,919;304,920;304,921;304,923;305,925;306,925;308,926;310,926;311,927;311,928;312,928;314,928;315,928;316,928;319,928;320,928;321,928;323,927;324,927;324,926;325,926;326,926;327,925;329,923;329,922;329,921;330,920;330,919;330,917;330,916;330,915;
Specular reflection; POLYGON; 191, 91, 22; 276,922;276,921;275,921;274,921;273,921;272,921;271,921;270,921;269,921;267,921;266,922;265,923;264,923;263,923;263,924;262,924;260,925;260,926;258,926;257,926;256,926;255,926;254,926;253,926;251,926;250,926;248,926;247,926;246,926;245,926;243,926;241,926;240,927;239,927;238,927;237,927;236,928;235,928;234,928;232,928;231,929;230,929;229,931;228,931;228,932;226,933;225,933;224,933;223,933;221,934;220,935;220,936;220,937;219,937;218,938;218,939;218,940;218,941;218,942;218,943;219,944;220,944;220,945;222,945;223,945;226,946;229,946;231,948;232,948;233,948;234,948;234,949;235,949;236,949;237,949;238,949;239,949;240,949;241,949;242,949;243,949;245,949;246,949;247,949;248,949;249,949;250,949;251,949;254,949;255,949;256,949;257,949;258,949;259,949;260,948;261,947;262,947;263,946;264,945;265,944;266,944;266,943;267,942;269,942;271,940;272,939;273,938;274,937;275,937;277,937;278,936;279,935;280,934;281,934;282,933;283,933;284,933;285,933;286,933;288,932;289,932;289,931;289,930;289,928;289,927;289,925;289,924;288,923;288,922;288,921;286,920;285,920;284,920;283,920;282,920;281,920;280,920;279,920;278,920;277,920;276,920;273,921;272,922;270,923;267,923;265,923;
Specular reflection; POLYGON; 191, 91, 22; 282,927;282,926;281,926;280,926;279,926;278,926;277,926;276,926;273,926;272,928;272,929;272,930;272,931;271,931;271,932;270,933;269,933;267,935;267,936;266,937;265,938;265,939;264,939;263,940;263,941;263,942;262,943;262,944;263,944;264,944;265,944;266,944;269,945;270,945;272,945;273,945;274,945;276,945;277,945;278,945;279,945;280,945;281,944;283,943;284,942;284,941;286,940;287,939;287,938;287,937;287,936;288,935;289,935;289,933;289,932;289,931;289,929;289,928;289,927;288,926;287,925;284,925;282,924;280,924;279,924;278,924;277,924;275,924;
Specular reflection; POLYGON; 191, 91, 22; 812,551;812,552;812,553;812,554;811,557;810,557;808,558;807,558;807,559;806,559;805,559;804,560;802,560;801,560;800,561;799,561;799,562;799,563;798,563;796,563;795,563;794,563;793,563;792,564;791,564;790,564;789,565;788,565;787,565;786,565;785,566;784,566;783,566;782,566;781,566;780,566;778,566;778,567;777,567;776,567;775,568;774,569;773,569;772,569;771,569;771,570;770,570;769,570;767,570;765,570;764,570;763,570;762,571;761,571;760,572;760,573;759,573;758,574;756,574;755,574;754,574;753,575;753,576;752,577;751,578;751,579;751,580;751,581;751,582;751,583;751,584;752,585;752,586;753,586;754,586;755,586;755,587;759,587;761,588;762,589;763,589;764,589;765,589;766,589;768,589;769,591;771,591;772,591;773,591;775,591;776,591;777,591;778,591;779,591;780,591;781,591;782,592;783,592;785,592;786,592;787,592;788,592;790,592;791,592;792,591;792,590;793,589;794,589;794,588;795,588;797,588;798,588;798,587;799,587;800,587;801,587;802,587;802,585;803,585;804,585;805,584;806,583;807,583;809,583;810,583;810,582;812,582;813,582;814,581;815,581;816,581;817,580;818,580;819,579;819,578;821,578;822,578;823,578;823,577;825,577;826,577;827,577;828,575;829,575;830,575;831,575;834,573;835,572;836,572;837,571;838,571;840,570;841,570;841,569;842,567;843,566;843,565;843,564;844,564;844,563;844,562;844,561;844,560;844,558;843,557;842,557;841,557;840,557;839,556;838,556;838,555;837,555;835,555;834,554;834,553;833,553;832,553;832,552;831,552;830,551;829,551;828,551;827,551;826,551;825,551;824,551;823,551;822,551;821,551;820,551;818,551;817,551;816,551;815,551;814,551;813,551;813,553;812,554;812,555;812,556;812,557;
Specular reflection; POLYGON; 191, 91, 22; 767,573;766,573;765,574;764,574;763,574;763,575;762,575;761,577;760,577;759,577;758,578;757,579;756,580;755,580;755,581;755,582;755,583;755,584;755,586;755,587;755,588;756,589;758,589;759,590;760,590;762,590;764,591;765,591;766,591;767,592;768,592;769,592;770,592;771,592;772,592;774,592;775,593;776,593;777,593;778,593;779,593;780,593;781,593;782,593;
Specular reflection; POLYGON; 191, 91, 22; 772,575;771,576;770,576;769,577;768,578;768,579;768,580;767,581;766,581;766,582;766,583;765,584;765,585;764,585;764,586;763,587;763,588;763,589;763,591;763,592;763,593;763,594;765,594;766,594;767,594;768,594;770,594;771,594;772,594;773,594;776,594;
Artery, ICG; POLYGON; 34, 177, 76; 392,609;392,610;392,611;393,612;393,613;394,613;395,614;395,616;396,616;397,617;398,617;399,617;401,617;403,617;404,617;406,617;407,617;408,617;409,617;410,617;411,616;413,615;414,615;415,615;416,615;417,615;418,615;419,614;421,614;422,613;423,613;424,612;425,612;426,612;427,612;428,611;428,610;430,609;431,609;432,609;433,609;435,609;436,609;437,608;438,607;439,607;440,607;442,607;443,607;444,607;445,607;446,607;448,607;450,607;451,607;453,607;455,607;456,606;458,606;459,606;461,606;462,606;463,606;464,606;465,606;466,606;467,606;468,606;469,606;471,606;472,606;474,606;475,606;478,606;480,606;482,604;483,604;484,604;485,603;486,603;487,603;488,602;489,601;490,601;491,601;492,601;493,601;495,601;496,601;497,601;499,601;500,601;501,600;502,600;503,600;505,599;506,599;507,599;508,599;509,598;510,598;511,598;512,598;513,598;514,598;516,598;517,598;518,598;519,598;520,598;521,598;522,598;523,598;525,597;526,597;527,597;529,596;530,596;531,596;532,596;533,596;534,596;535,596;536,596;537,596;538,596;539,596;540,596;541,596;542,596;543,596;545,596;545,595;546,595;548,595;551,594;552,594;553,594;555,593;555,592;557,592;558,592;560,592;561,592;562,591;563,591;564,591;565,591;566,591;567,591;568,590;569,590;570,590;571,590;572,590;573,589;574,589;575,588;576,588;577,588;578,588;579,588;580,588;580,587;580,586;581,586;582,586;583,586;584,586;585,586;586,586;587,586;588,585;590,585;591,585;592,585;593,585;595,585;596,585;597,584;598,584;599,584;600,584;601,584;603,584;604,584;607,584;609,584;610,584;611,584;612,584;613,584;614,584;616,584;617,584;617,583;620,583;621,583;622,583;623,583;624,583;625,583;626,583;626,582;627,582;629,581;632,581;633,580;634,580;635,580;636,579;637,578;638,578;639,578;640,578;641,578;643,578;644,578;644,577;646,577;647,577;648,577;649,577;650,577;652,577;653,577;656,575;657,575;659,574;660,574;661,574;662,574;663,574;664,574;664,573;666,573;667,573;668,573;669,573;670,573;671,573;672,573;673,573;674,573;675,573;676,573;677,573;678,573;678,572;679,572;680,572;681,572;682,572;683,572;685,572;688,572;689,572;690,571;692,571;693,571;694,571;695,571;698,569;699,569;700,569;701,569;702,569;702,568;703,568;704,568;705,568;706,568;707,568;708,568;709,568;710,568;711,568;712,567;713,567;715,567;716,567;717,567;718,567;719,567;723,567;724,566;726,566;728,566;729,565;731,565;732,565;733,565;735,565;737,565;738,565;739,565;740,565;741,565;742,565;742,564;742,563;743,563;744,563;746,563;748,563;749,563;750,562;752,562;753,562;754,562;755,562;756,562;759,562;761,561;762,561;763,561;764,561;765,561;768,561;769,561;771,561;772,561;773,561;774,561;775,561;777,561;778,561;779,561;780,561;781,561;783,560;784,560;785,560;786,560;787,560;788,560;788,559;789,559;790,559;791,559;793,559;794,559;795,559;796,559;797,559;798,559;799,558;799,557;800,557;801,557;803,556;805,556;806,556;807,556;809,556;810,556;811,556;813,555;814,555;815,555;817,554;819,554;820,554;821,554;822,553;823,553;823,552;825,551;826,550;827,549;828,549;829,549;829,548;829,547;829,545;829,544;827,543;826,542;824,541;823,541;821,539;818,538;816,538;812,538;811,538;810,538;809,538;807,538;806,538;804,538;801,538;798,538;794,538;790,538;786,538;783,538;779,538;775,538;773,538;770,538;767,538;765,538;764,539;762,539;760,540;759,540;757,540;753,541;752,541;748,541;744,542;740,543;738,543;736,544;735,544;731,546;727,547;725,547;722,547;718,547;714,548;709,549;705,549;701,550;698,550;695,551;690,552;683,553;675,554;668,555;662,556;656,556;650,557;646,557;642,557;638,557;634,557;629,558;625,558;620,558;614,559;609,559;603,560;598,561;591,562;584,563;577,564;570,565;563,566;555,568;548,569;541,570;534,571;527,572;519,573;511,573;503,573;495,574;487,574;479,575;472,576;466,577;465,577;464,577;463,577;462,578;462,579;
Artery, ICG; POLYGON; 34, 177, 76; 423,607;424,607;425,608;428,608;429,608;432,608;433,608;434,608;435,608;436,608;437,608;438,608;439,608;439,609;440,609;441,609;444,610;445,610;446,610;447,610;448,610;450,610;451,610;453,610;454,610;456,610;458,610;459,610;460,610;461,610;462,610;464,610;466,610;468,610;469,609;470,609;473,609;473,608;475,607;479,607;480,606;481,605;483,604;484,603;486,603;488,602;491,601;492,601;497,600;500,600;503,598;506,596;511,594;513,592;518,589;522,586;523,584;525,581;526,580;526,579;527,578;527,577;527,576;
Artery, ICG; POLYGON; 34, 177, 76; 419,610;419,611;419,612;419,613;419,614;419,615;421,615;423,616;424,616;426,616;427,616;428,616;429,616;431,616;432,616;433,616;435,616;436,616;438,616;439,616;440,616;441,616;442,616;444,616;445,616;445,615;446,615;448,615;450,615;451,615;452,614;453,613;453,612;454,612;454,611;455,611;456,609;457,607;458,605;459,605;459,604;461,601;461,600;462,598;462,597;463,595;463,594;463,593;464,592;464,590;465,589;466,588;467,588;469,588;
Artery, ICG; POLYGON; 34, 177, 76; 997,503;997,502;998,502;999,502;1000,502;1002,502;1003,502;1004,502;1005,502;1006,502;1008,502;1009,502;1011,502;1013,502;1015,502;1016,503;1017,504;1017,505;1018,505;1018,507;1018,508;1018,509;1018,510;1018,511;1018,512;1018,514;1018,515;1018,516;1018,517;1018,518;1018,519;1018,520;1018,521;1018,522;1018,523;1018,525;1018,526;1018,527;1018,528;1018,529;1018,531;1018,532;1018,533;1018,534;1018,535;1018,537;1018,538;1018,539;1018,541;1018,542;1018,543;1018,544;1018,545;1018,546;1019,547;1019,548;1019,550;1019,551;1019,552;1019,554;1019,555;1019,556;1019,557;1019,558;1019,560;1019,561;1020,563;1020,565;1020,566;1020,568;1020,569;1020,571;1020,572;1020,573;1020,575;1020,577;1020,578;1020,579;1020,582;1020,583;1020,584;1020,585;1020,586;1020,587;1020,588;1020,589;1020,590;1020,591;1020,592;1020,593;1020,594;1020,596;1020,597;1020,598;1020,599;1020,600;1020,601;1020,603;1020,604;1020,605;1020,606;1020,608;1020,610;1020,611;1020,612;1020,613;1020,615;1020,616;1020,617;1020,619;1020,622;1020,623;1020,625;1020,627;1020,628;1020,629;1020,631;1020,632;1020,634;1020,636;1020,639;1020,640;1020,642;1020,645;1020,646;1020,648;1020,650;1020,652;1020,654;1020,655;1020,657;1020,658;1020,659;1020,660;1020,661;1020,663;1020,664;1020,666;1020,667;1020,669;1020,670;1020,672;1020,675;1020,676;1020,678;1020,679;1019,681;1018,682;1018,683;1017,685;1016,685;1015,687;1014,688;1014,689;1013,689;1011,690;1010,690;1009,690;1008,690;1007,690;1005,690;1003,690;1002,690;998,690;997,690;995,690;994,690;993,690;992,690;992,689;992,688;991,688;991,687;989,686;988,685;987,684;986,684;986,682;984,681;984,680;983,680;983,679;982,679;981,679;980,679;979,679;977,678;976,678;974,678;973,677;971,676;969,675;968,675;967,675;966,675;965,675;964,675;963,675;
Artery, ICG; POLYGON; 34, 177, 76; 871,692;873,692;874,691;875,691;877,691;879,691;882,691;884,690;886,690;888,690;890,690;892,689;893,689;894,689;896,689;898,689;901,689;902,689;903,689;903,687;904,687;905,687;907,687;908,687;909,687;910,686;911,686;912,686;913,686;914,686;916,685;918,685;919,685;920,685;922,685;922,684;923,684;924,684;926,684;927,684;928,684;931,684;933,684;936,684;938,684;940,684;941,684;942,684;944,684;946,684;948,684;949,684;951,684;953,684;956,684;958,684;960,684;963,684;965,684;967,684;970,684;972,684;973,684;974,684;975,684;976,684;978,681;980,681;982,681;984,681;987,681;989,681;991,681;992,681;993,681;994,681;996,681;998,681;1000,681;1001,681;1002,681;1003,681;1004,681;1004,680;1004,679;1004,676;1004,673;1004,671;1004,667;1004,663;1003,661;1001,658;998,653;994,648;990,643;987,640;984,636;983,633;981,632;980,631;979,630;977,628;977,627;976,626;975,626;
Artery, ICG; POLYGON; 34, 177, 76; 889,693;890,692;892,692;895,692;897,692;900,689;901,689;904,688;906,688;907,687;908,687;910,686;912,686;914,686;916,686;918,686;920,685;923,685;925,685;927,685;929,685;930,685;933,685;936,685;939,685;942,685;944,685;946,685;947,685;948,685;949,686;950,686;952,688;954,688;957,689;959,690;961,691;962,691;963,691;965,691;966,691;968,692;971,693;972,693;974,693;975,693;976,693;977,694;978,694;979,694;980,694;981,694;983,694;984,694;985,695;986,695;987,695;989,695;991,695;992,695;994,695;994,693;995,692;995,691;995,688;996,686;997,682;997,679;997,678;997,674;997,670;997,666;997,662;994,657;992,654;991,652;990,648;989,647;988,645;988,644;987,644;984,640;982,639;978,637;973,636;969,635;
Vein; POLYGON; 63, 72, 204; 497,933;498,932;499,932;500,931;502,931;505,931;508,931;509,931;510,930;511,930;512,930;513,930;514,929;516,929;517,929;518,928;519,928;520,928;521,927;522,927;523,927;525,927;526,927;527,926;528,926;530,926;531,925;531,924;533,924;534,923;535,922;536,922;536,921;538,921;539,921;539,920;540,920;541,920;542,920;543,920;545,920;546,919;547,918;548,917;550,916;551,916;552,915;555,915;556,915;558,915;560,915;562,915;564,914;565,914;565,913;566,913;567,913;568,911;569,911;570,911;571,911;572,911;575,911;576,911;577,911;578,909;579,909;580,907;581,907;582,906;584,905;585,905;586,905;587,904;588,904;589,903;591,903;591,902;592,902;594,902;597,901;598,901;599,901;602,900;603,900;605,900;606,900;609,900;611,900;612,900;613,900;613,899;614,899;615,899;616,898;617,898;620,897;621,897;622,897;623,897;623,896;624,896;625,896;626,894;627,894;628,894;630,892;630,891;634,890;634,889;635,889;636,889;637,888;638,887;639,886;639,884;640,883;640,882;640,881;640,880;641,878;642,876;642,875;642,874;643,872;644,872;645,870;645,869;645,868;645,865;645,864;646,864;646,863;646,862;647,862;647,861;647,860;647,859;647,858;648,857;648,856;649,855;649,854;649,853;650,852;651,851;652,851;653,851;655,851;656,851;657,851;658,851;658,852;659,853;659,854;659,855;660,857;660,858;660,859;660,861;660,862;660,863;660,864;660,865;660,867;660,868;660,869;660,870;660,871;660,872;660,873;660,874;660,875;660,876;661,876;661,877;661,878;661,879;661,881;661,882;661,883;661,885;661,886;661,887;661,888;662,889;662,891;662,892;663,894;664,894;664,895;664,896;664,897;666,897;666,898;668,898;670,899;672,901;673,902;674,902;675,902;675,903;676,903;679,903;679,904;681,904;683,904;685,904;686,904;688,904;691,904;692,904;695,905;697,906;698,906;701,906;702,906;703,906;704,906;706,907;707,908;708,908;709,908;710,908;712,908;714,909;715,909;716,909;716,910;717,910;719,910;721,911;722,911;723,912;724,912;725,912;726,912;727,912;728,913;729,913;730,913;732,915;733,915;734,915;734,916;735,916;737,916;738,916;740,916;741,917;742,918;744,918;746,919;747,919;750,920;751,920;752,921;752,922;753,923;754,923;754,925;754,926;755,927;755,929;755,930;755,931;755,932;755,934;755,935;755,937;755,939;755,940;755,942;755,944;754,946;754,947;753,948;752,950;752,952;752,953;752,954;751,955;749,956;748,957;747,958;747,959;746,959;745,959;742,959;740,959;738,959;736,959;735,959;734,959;732,959;731,959;730,959;729,959;728,959;726,959;725,959;724,959;723,958;721,958;720,958;718,958;718,957;716,956;714,956;711,955;710,955;708,955;708,954;707,954;705,953;705,952;704,952;702,951;701,951;700,950;699,950;698,948;697,948;696,946;695,946;693,945;690,944;689,944;688,944;687,944;686,944;685,944;683,944;682,944;681,944;679,944;678,944;677,944;676,944;675,944;674,944;672,946;670,946;670,947;669,947;667,948;666,948;666,949;665,949;665,950;664,952;663,953;663,954;663,955;662,955;662,956;661,958;661,959;660,959;660,960;659,961;658,962;657,962;656,962;655,963;654,963;653,963;652,963;651,963;650,963;649,965;648,965;647,965;646,965;644,965;643,965;642,967;641,967;640,967;639,967;638,967;637,967;636,967;634,967;633,967;632,968;631,968;630,968;629,968;628,968;627,968;626,967;625,966;624,965;624,964;624,963;624,962;624,961;624,959;624,958;624,957;626,956;627,955;628,955;628,954;629,953;629,952;630,952;631,952;631,951;633,950;635,948;636,948;637,948;637,947;638,946;638,945;639,945;639,944;639,943;639,942;639,940;639,939;639,938;639,937;639,936;639,935;637,935;634,932;633,932;632,932;631,932;630,932;629,932;627,932;625,932;623,932;622,932;621,932;620,932;619,932;617,932;617,931;614,931;613,931;612,931;611,931;610,931;609,931;608,934;608,935;608,936;608,938;608,939;608,940;608,941;608,942;607,942;607,943;607,944;607,945;607,946;607,947;606,948;606,949;606,950;606,951;606,953;605,954;604,955;604,956;603,956;603,957;602,957;601,957;600,957;599,959;599,960;597,960;596,960;595,960;594,960;592,960;591,960;590,960;589,960;588,960;587,960;586,960;585,960;584,960;582,960;581,960;580,960;579,960;578,960;577,960;575,960;574,960;573,960;572,960;571,960;570,960;569,960;568,960;567,960;566,960;565,960;564,960;564,959;563,959;561,959;559,959;558,959;557,959;556,959;556,960;555,961;553,963;552,963;551,965;548,966;548,967;547,968;546,969;545,969;545,970;545,971;544,972;543,972;542,972;542,973;541,973;540,973;538,973;536,973;535,973;534,973;533,973;532,973;531,973;530,973;529,973;528,973;527,973;526,973;525,973;524,973;524,972;523,972;522,971;521,970;520,970;519,969;518,969;517,969;515,968;514,968;513,967;513,966;511,964;510,963;509,963;509,962;508,962;507,962;506,962;505,962;503,962;502,962;501,962;500,962;499,962;498,962;497,962;496,962;495,962;494,962;493,962;492,962;491,964;490,964;490,965;489,965;489,966;488,966;486,967;485,967;484,967;484,968;483,968;482,968;480,968;479,968;478,968;477,967;476,967;474,966;473,964;472,963;471,962;470,961;468,960;467,960;467,958;467,957;467,955;467,954;467,952;467,951;467,950;467,949;467,948;467,947;468,945;468,944;469,944;470,943;471,942;472,941;472,940;472,939;473,939;474,939;475,939;476,939;477,939;478,939;480,939;481,939;482,939;484,939;485,939;486,939;487,938;488,938;490,938;490,937;492,937;493,937;493,936;494,935;496,934;497,933;498,933;500,932;502,932;503,932;504,931;505,930;506,930;508,929;509,928;510,928;512,928;
Specular reflection; POLYGON; 191, 91, 22; 89,828;87,828;86,828;85,828;83,829;82,831;81,831;80,832;80,833;80,834;80,835;79,835;79,837;78,838;78,839;77,839;77,840;77,841;76,842;76,843;76,844;76,845;76,846;76,848;76,849;76,850;76,851;76,852;76,853;77,853;78,853;79,853;80,853;81,853;82,853;83,853;84,853;86,853;87,855;88,855;89,855;90,856;91,856;92,856;93,856;94,856;96,856;97,856;98,856;99,856;100,856;100,854;100,853;101,853;101,852;103,851;103,850;104,849;104,848;104,847;104,846;104,843;104,842;104,840;104,839;104,838;104,837;104,836;104,835;104,834;104,833;104,832;103,831;103,830;101,828;100,828;99,828;98,828;96,828;95,828;94,828;93,828;92,828;91,828;90,828;89,828;88,828;87,828;84,830;83,833;
Specular reflection; POLYGON; 191, 91, 22; 6,812;6,811;8,810;9,810;11,808;12,807;13,807;14,806;15,805;15,804;16,803;18,802;18,801;20,800;23,798;25,796;26,796;26,795;28,795;28,794;29,794;30,794;31,793;32,793;33,793;34,791;35,790;35,789;35,788;35,786;35,785;35,784;35,783;35,782;35,781;34,781;32,781;32,779;31,779;30,779;29,779;27,778;26,778;25,778;24,778;23,778;22,777;21,777;20,777;18,777;17,777;16,777;15,777;14,777;13,777;11,777;9,777;7,778;5,778;4,778;3,778;1,780;0,780;-1,780;-2,781;-1,781;
Specular reflection; POLYGON; 191, 91, 22; 3,798;3,799;3,800;3,801;3,803;2,803;2,804;2,805;1,805;1,807;1,808;0,808;0,810;-1,811;-1,812;-2,813;-2,814;-3,813;-2,813;-2,812;-2,811;-2,808;-2,807;-2,806;-2,804;-2,803;-2,801;-2,800;-2,799;-2,798;-2,797;-2,796;-1,794;0,792;0,791;0,790;0,789;1,789;2,789;2,788;2,786;3,786;3,785;4,785;4,784;5,784;5,783;6,783;7,783;
Specular reflection; POLYGON; 191, 91, 22; 12,790;12,791;12,793;12,795;12,796;12,797;12,799;12,801;11,802;11,803;11,804;11,805;10,805;10,806;9,806;8,807;8,808;7,808;7,809;5,811;4,812;2,812;1,813;0,814;-1,814;-2,814;-2,813;
Specular reflection; POLYGON; 191, 91, 22; 10,831;9,832;9,833;8,834;8,835;7,837;6,838;5,838;4,838;4,840;4,843;4,844;3,845;3,846;3,847;3,849;3,850;3,851;3,852;2,852;2,853;2,854;2,856;2,857;1,857;1,858;1,859;1,860;1,861;1,862;1,863;1,864;1,865;1,866;2,866;3,866;5,866;6,865;7,864;8,864;9,863;10,863;10,862;12,860;13,859;14,858;15,857;17,855;17,854;18,853;19,853;20,851;21,850;22,848;22,846;23,846;23,845;24,845;25,843;26,842;26,841;28,840;29,840;29,839;29,838;29,836;29,835;30,835;31,833;31,831;31,830;31,829;30,829;29,829;27,829;26,829;25,829;22,829;21,829;19,829;17,829;15,829;13,829;11,829;8,829;
Specular reflection; POLYGON; 191, 91, 22; 69,798;68,798;66,798;65,798;64,798;63,798;62,798;61,798;60,798;59,798;58,798;57,798;56,798;55,798;53,800;52,800;51,800;50,801;49,801;49,802;48,802;47,802;46,802;45,802;44,802;43,803;42,803;40,803;39,804;38,805;38,806;38,807;37,807;37,808;37,809;37,810;37,812;37,813;37,814;37,815;37,817;37,818;37,819;37,820;38,821;39,821;40,822;41,822;42,822;43,824;44,825;45,825;46,825;47,825;48,825;49,825;51,825;52,825;53,825;54,825;55,825;56,826;57,826;58,826;59,826;60,826;61,826;63,825;64,825;65,825;66,825;66,824;66,823;67,823;68,823;69,822;70,822;71,821;72,820;73,819;74,819;75,817;76,817;76,816;78,816;79,815;79,814;80,814;81,813;82,811;83,811;84,811;85,810;86,810;87,810;88,809;89,808;89,807;90,806;91,806;92,806;
Specular reflection; POLYGON; 191, 91, 22; 102,666;101,666;100,666;99,666;98,666;97,667;96,667;96,668;95,668;95,669;94,670;93,671;92,671;92,672;91,672;89,672;88,672;88,673;87,673;87,674;87,676;87,677;87,678;87,679;88,679;89,679;91,680;92,680;93,680;94,680;95,680;96,680;97,680;98,680;99,680;100,680;101,680;102,680;103,679;104,678;105,677;105,675;105,674;105,673;105,672;105,671;105,670;105,668;105,667;104,667;103,667;
Specular reflection; POLYGON; 191, 91, 22; 99,665;98,665;97,665;97,664;96,664;95,664;94,664;93,664;92,664;91,664;90,664;89,665;88,666;88,667;88,668;88,669;88,670;88,671;88,672;88,673;88,674;88,675;88,676;88,677;88,678;88,680;88,681;88,682;89,682;90,682;92,682;94,683;95,683;96,683;98,684;99,684;100,684;101,684;103,684;104,684;105,683;106,683;106,682;106,681;107,680;107,679;107,678;107,677;107,676;107,675;107,674;107,673;107,672;109,670;109,669;109,667;108,666;107,666;106,666;104,666;102,666;101,666;100,666;99,666;
Specular reflection; POLYGON; 191, 91, 22; 134,691;134,690;134,689;134,688;134,687;134,686;134,685;136,685;137,684;137,683;138,683;140,683;141,683;142,683;143,684;144,685;145,685;146,686;147,687;148,687;149,689;149,690;150,690;150,691;150,692;150,693;149,693;148,693;147,693;147,694;147,695;
Specular reflection; POLYGON; 191, 91, 22; 53,625;53,626;53,627;53,628;52,628;52,629;52,631;52,632;52,633;52,634;52,636;51,636;50,638;50,639;49,640;49,641;49,642;49,643;48,644;47,644;46,644;45,644;44,644;44,645;43,645;42,645;41,645;40,645;39,645;38,645;37,645;36,645;35,645;32,645;29,644;28,644;27,644;26,644;25,644;25,645;25,646;25,647;25,649;25,650;25,651;25,652;25,654;25,655;26,656;26,657;27,658;28,659;29,659;30,661;31,661;33,661;34,661;35,661;36,662;37,662;38,663;39,663;40,663;41,663;42,663;42,664;43,664;44,665;44,666;45,666;46,666;47,666;48,666;49,666;50,666;51,666;52,666;53,666;54,666;55,665;55,664;56,664;56,663;57,663;58,662;59,660;59,659;60,658;61,657;61,656;61,654;61,652;62,651;63,651;63,650;63,649;63,648;63,647;63,646;64,645;64,644;64,643;64,642;64,641;65,640;65,639;65,638;65,637;65,636;65,635;65,634;65,633;65,632;65,631;65,630;65,629;65,627;65,626;65,625;64,624;64,623;63,622;62,621;61,621;60,621;59,621;57,621;56,621;55,621;53,621;52,621;51,621;49,621;48,621;47,621;46,621;46,622;45,622;45,624;45,625;44,625;44,627;44,628;44,629;44,630;43,631;43,632;43,634;43,635;42,636;42,637;41,637;40,638;38,639;38,640;36,640;35,640;34,641;33,641;32,641;31,641;31,642;31,643;31,644;31,646;31,647;31,648;31,649;31,650;31,651;31,652;33,653;
Specular reflection; POLYGON; 191, 91, 22; 51,629;50,629;49,629;48,629;47,629;46,629;45,629;44,629;42,629;41,631;40,631;40,632;39,632;38,633;37,633;37,634;36,635;36,636;36,637;36,638;36,639;36,640;36,642;36,643;37,643;37,644;38,645;39,645;40,645;42,645;43,646;44,646;45,646;46,646;47,646;
Specular reflection; POLYGON; 191, 91, 22; 50,629;49,629;48,629;47,629;46,629;45,629;44,629;42,630;41,631;41,633;40,634;40,636;39,637;39,638;39,639;39,640;39,641;39,642;39,644;39,645;39,646;39,647;40,648;41,648;42,649;42,650;44,650;45,650;46,650;47,650;48,650;49,650;50,650;51,650;52,649;53,649;55,649;56,648;57,648;57,647;
Specular reflection; POLYGON; 191, 91, 22; 9,425;10,424;11,424;13,424;13,423;15,422;19,419;22,418;23,418;25,418;27,418;29,417;32,416;33,416;34,416;35,416;36,416;38,417;39,418;40,419;41,419;42,420;43,420;45,420;46,420;48,421;49,421;51,421;52,421;53,421;54,421;55,422;56,422;57,422;58,422;59,422;60,422;61,422;62,422;63,421;65,421;67,420;69,418;70,417;72,417;73,417;74,417;76,417;77,416;78,416;81,416;82,416;85,416;88,415;89,415;91,415;92,415;94,415;94,414;95,414;96,414;96,412;97,412;98,412;99,412;100,411;101,410;102,410;103,410;103,409;104,409;104,408;105,407;105,406;106,405;107,403;108,402;109,402;110,400;111,398;111,397;112,396;112,394;114,393;114,392;114,391;114,390;114,388;114,387;114,386;114,385;114,384;113,382;112,381;111,381;110,381;109,381;108,381;107,381;106,381;105,381;104,381;102,381;101,381;100,381;99,381;97,381;96,381;95,381;94,381;94,383;92,383;90,384;89,384;87,384;86,385;85,385;84,385;83,385;82,385;81,385;78,385;77,385;75,384;73,382;71,381;70,381;68,380;67,380;66,380;66,379;65,379;64,378;64,377;64,376;62,376;61,375;60,374;58,372;57,371;55,369;54,368;53,368;52,368;51,368;51,367;49,366;47,364;46,364;44,363;42,363;40,362;38,362;36,361;35,360;34,360;31,360;30,360;28,360;27,358;26,358;25,358;24,358;23,358;22,358;21,358;19,358;18,358;17,358;16,358;15,358;14,358;13,358;12,358;11,358;8,359;7,359;6,359;6,360;5,360;4,360;3,360;2,361;1,361;0,361;-1,362;
Specular reflection; POLYGON; 191, 91, 22; 15,427;14,427;12,427;11,427;9,427;8,427;7,427;6,427;5,427;3,426;2,426;2,424;1,423;1,422;1,421;1,420;1,419;1,418;1,417;1,415;1,414;1,413;1,412;1,411;1,410;1,409;1,408;1,407;1,406;1,405;1,403;1,402;1,401;1,400;1,399;1,397;1,396;1,395;1,394;1,393;1,392;1,391;1,389;1,388;1,387;1,386;1,385;1,384;1,383;1,382;1,381;1,380;1,379;2,379;3,378;5,378;6,378;8,378;9,378;11,378;12,378;14,378;16,380;18,382;20,383;21,384;
Specular reflection; POLYGON; 191, 91, 22; 4,318;4,317;6,316;7,316;8,316;9,316;11,315;12,315;13,314;15,314;15,313;17,313;18,313;20,313;23,313;24,311;25,311;27,311;29,311;31,311;34,311;35,312;37,313;38,313;38,314;39,315;39,316;39,317;39,318;40,318;41,319;41,320;42,321;42,322;43,322;44,322;45,324;47,324;48,325;49,325;50,325;52,326;54,327;56,327;58,327;59,328;60,328;61,329;63,330;66,330;68,331;70,332;71,332;72,332;74,332;76,332;77,332;78,332;80,332;81,333;83,333;87,334;90,334;94,334;96,336;97,336;98,336;99,336;101,336;102,336;104,336;105,335;106,335;107,334;108,333;108,332;109,332;110,330;111,329;112,328;112,327;113,327;113,326;113,325;114,324;114,323;116,322;117,322;118,322;119,320;120,320;120,319;120,318;120,317;120,316;121,315;121,314;121,313;121,311;121,310;121,308;118,305;117,304;116,303;114,302;112,300;112,299;110,298;109,298;108,297;106,297;104,296;101,295;100,295;97,295;94,295;91,295;90,295;89,295;88,295;87,295;86,295;84,295;83,295;82,295;81,296;79,297;78,297;77,297;75,297;74,297;73,297;72,297;71,297;70,297;69,297;66,297;63,297;62,297;61,297;59,297;59,296;58,296;55,296;54,296;53,295;51,295;50,294;49,294;48,294;48,293;48,292;47,292;47,291;45,290;45,289;45,288;45,286;46,285;47,284;48,283;48,282;49,282;50,281;51,279;52,278;53,278;54,277;55,277;56,276;57,275;58,273;59,273;60,271;60,270;61,269;62,267;63,266;64,266;65,266;66,266;67,266;69,265;70,265;70,264;71,264;72,262;72,260;72,259;72,258;72,257;72,256;72,255;72,254;72,253;72,252;72,251;72,250;72,249;72,248;72,247;72,246;71,246;70,245;69,245;69,244;68,243;67,241;67,240;66,239;65,238;64,238;64,237;64,236;63,236;61,235;57,234;54,234;53,234;52,234;51,234;50,234;50,233;49,233;48,233;46,233;45,233;44,233;43,233;40,233;39,232;37,232;34,232;33,232;32,232;31,232;30,232;28,232;26,232;25,230;22,230;21,230;18,230;16,230;14,230;11,229;9,229;7,229;6,228;5,228;4,228;3,228;2,228;1,228;0,228;-2,228;
Specular reflection; POLYGON; 191, 91, 22; 2,180;4,180;5,181;7,182;8,183;9,184;9,185;10,185;11,185;12,185;13,186;13,187;14,187;15,187;16,187;18,188;19,188;20,188;21,188;22,188;24,188;25,188;26,188;27,188;28,188;29,188;30,188;32,188;34,189;35,189;36,189;37,189;37,190;39,190;41,190;41,191;42,191;43,191;44,191;44,192;45,193;46,194;47,194;48,195;49,196;50,196;51,197;52,197;54,198;55,198;56,198;57,198;58,199;59,199;60,199;61,199;62,199;63,200;64,200;65,200;66,200;67,200;68,200;69,200;70,200;71,200;72,200;73,200;74,200;75,200;76,200;77,200;78,200;79,200;80,200;81,200;82,200;83,200;85,200;87,200;88,200;89,200;89,199;90,199;91,199;92,199;93,199;94,199;96,198;98,198;99,198;100,198;101,198;101,197;102,196;103,195;104,195;105,194;106,194;106,193;107,193;108,192;109,191;109,190;109,189;109,188;109,187;109,186;108,186;106,184;105,183;104,183;102,182;102,181;101,181;100,181;99,181;98,181;97,180;96,180;95,179;94,179;93,179;92,178;91,177;90,177;89,177;88,176;87,176;87,175;86,174;84,173;83,173;81,172;79,171;78,171;77,171;76,171;75,170;74,170;73,170;72,169;71,169;70,169;69,169;67,169;66,169;65,169;64,169;63,169;62,169;61,169;60,169;58,169;57,169;55,169;53,169;52,169;51,169;50,169;49,169;47,169;46,169;45,169;44,169;43,169;42,169;41,169;40,169;39,169;38,169;37,169;36,169;34,169;33,169;31,168;30,167;29,166;28,166;27,165;27,164;26,164;25,163;23,163;22,163;20,163;19,163;18,163;17,163;16,163;15,163;14,163;13,163;12,163;10,163;9,163;8,163;7,163;6,163;5,163;3,163;3,164;2,164;2,165;1,166;1,167;0,167;-2,168;-2,169;
Specular reflection; POLYGON; 191, 91, 22; 8,173;7,174;6,176;5,176;4,177;3,177;2,178;2,179;2,180;2,181;2,182;2,183;2,184;2,186;2,187;4,188;5,189;6,190;7,190;8,191;9,192;10,192;11,193;13,194;14,194;14,195;15,195;15,196;16,196;17,197;17,198;19,198;20,198;21,198;22,198;23,198;24,198;25,198;26,198;27,198;28,198;29,198;30,198;31,198;32,197;34,197;35,196;36,196;37,196;38,196;39,196;40,196;41,196;43,196;44,195;45,195;46,195;47,195;48,195;49,195;50,195;51,195;52,195;53,195;54,195;55,195;56,195;57,195;58,195;59,195;60,195;60,196;61,196;61,197;62,197;64,197;66,197;67,197;69,198;70,198;72,199;73,199;74,199;76,199;77,199;78,199;79,199;80,199;82,199;83,199;84,198;84,197;84,196;84,194;84,191;84,190;84,189;84,187;83,186;80,185;77,184;75,183;73,182;71,182;70,182;
Specular reflection; POLYGON; 191, 91, 22; 219,85;217,84;216,84;215,84;214,84;213,84;212,84;211,84;210,84;208,84;207,84;206,84;205,84;203,84;202,84;200,85;199,86;199,87;199,88;197,90;196,92;196,93;196,95;196,97;196,98;196,99;196,100;196,101;196,102;196,103;196,104;197,105;198,105;199,105;201,105;203,105;204,106;205,106;207,106;208,106;209,107;210,107;212,107;213,108;214,108;215,108;217,108;218,108;219,108;220,108;221,108;222,108;223,108;224,108;225,108;225,107;226,107;226,105;226,104;226,102;227,100;228,99;228,98;228,97;229,97;230,96;230,95;230,94;230,93;230,91;229,90;229,89;228,88;227,87;226,87;225,86;224,86;222,85;221,85;220,83;219,83;218,82;216,82;215,82;213,82;212,82;211,82;210,82;209,82;207,82;205,82;
Specular reflection; POLYGON; 191, 91, 22; 457,46;457,45;456,45;455,45;454,45;453,45;452,45;451,45;448,45;446,45;444,43;443,43;442,42;441,42;440,41;438,41;437,41;437,40;437,39;436,39;435,38;435,37;434,37;434,36;433,36;431,35;430,34;430,33;429,32;428,31;428,30;428,29;427,27;426,26;425,26;425,25;425,24;424,23;425,22;425,21;427,21;428,21;429,21;430,21;431,21;432,21;433,21;434,21;435,21;436,21;437,21;439,21;439,22;440,22;441,23;442,23;443,24;444,25;444,26;444,27;445,27;446,28;447,30;448,30;449,32;450,33;451,34;452,35;453,35;454,35;455,36;456,36;457,37;458,37;458,38;459,38;459,39;461,40;462,40;462,41;462,42;462,43;461,44;460,45;459,46;458,46;457,47;456,47;455,47;454,47;453,47;452,47;
Specular reflection; POLYGON; 191, 91, 22; 37,467;37,468;37,469;36,471;35,472;34,472;33,473;33,474;32,475;31,475;30,477;30,478;29,478;28,478;27,479;26,479;25,479;24,479;23,479;22,480;21,480;19,480;18,480;17,480;16,480;15,480;15,481;14,481;13,481;12,481;11,481;10,481;9,481;8,481;7,481;6,481;5,481;5,480;5,479;5,477;5,475;5,474;5,473;5,472;5,471;5,470;5,469;5,468;5,467;5,465;4,464;4,463;4,462;4,461;4,460;4,459;4,458;4,457;4,456;4,455;4,454;4,453;4,452;5,452;6,452;8,452;12,452;13,452;14,452;15,452;16,452;17,452;18,452;19,452;20,453;21,454;22,455;25,455;26,456;28,457;29,457;30,457;31,457;32,457;32,458;33,458;34,459;34,460;35,461;36,463;37,464;
Specular reflection; POLYGON; 191, 91, 22; 22,452;20,452;19,452;18,452;17,452;16,452;15,452;14,452;13,452;12,452;10,453;9,454;8,454;8,455;7,455;7,456;6,457;5,457;4,457;4,458;3,458;2,460;1,461;1,462;1,463;1,464;1,465;1,466;1,467;1,468;1,469;1,470;1,471;1,473;1,474;1,475;1,476;1,477;1,478;1,479;1,480;1,481;1,482;2,482;4,482;5,482;7,482;10,482;11,482;13,482;14,482;14,481;15,481;16,480;17,480;19,480;20,480;22,480;23,480;24,480;
Specular reflection; POLYGON; 191, 91, 22; 78,476;78,475;77,474;76,474;75,473;74,473;73,473;73,472;72,472;71,471;71,470;71,469;71,467;71,466;71,465;71,464;71,463;72,463;73,463;74,463;75,463;76,462;79,462;80,462;81,462;82,462;83,462;84,462;86,462;87,462;88,462;89,462;90,462;91,462;92,462;93,462;94,462;96,462;97,462;98,462;99,462;100,462;101,462;102,462;103,462;104,462;105,462;106,462;107,462;107,463;107,464;107,465;107,466;107,467;107,468;107,469;107,470;106,471;106,472;105,473;104,474;103,474;102,474;101,474;100,474;100,475;99,475;97,475;96,476;95,476;94,477;93,477;92,478;90,479;
Specular reflection; POLYGON; 191, 91, 22; 204,367;206,368;208,369;209,370;210,370;210,371;213,373;214,374;216,375;219,376;220,376;221,376;222,376;223,376;225,378;226,378;227,379;229,379;230,380;231,380;232,380;235,381;237,381;238,381;239,382;240,382;241,382;241,383;241,384;242,384;244,384;245,384;246,384;247,383;248,383;249,382;250,381;251,380;251,378;251,377;249,376;249,375;248,375;248,374;247,374;246,372;245,372;244,371;242,370;240,370;239,370;238,369;237,369;236,369;235,369;234,367;233,367;232,367;231,367;231,366;230,366;228,365;227,365;224,365;223,364;222,364;222,363;221,363;220,362;219,361;218,360;217,360;216,360;215,360;214,359;213,359;212,358;211,358;210,358;209,357;208,357;207,357;206,357;205,357;204,357;203,357;203,359;203,360;202,362;202,363;203,365;204,365;205,367;206,367;206,368;208,368;210,368;
Specular reflection; POLYGON; 191, 91, 22; 137,237;137,238;137,239;136,239;136,241;136,242;136,244;136,245;136,247;136,248;136,249;136,250;136,251;136,252;136,253;136,254;136,255;137,255;137,256;138,257;139,258;140,259;141,260;143,260;144,260;145,260;146,260;147,260;149,261;150,261;151,261;154,261;156,261;157,261;158,261;159,261;160,261;160,262;161,262;162,262;163,262;164,262;165,262;166,262;167,262;168,262;169,262;169,261;169,260;170,259;172,257;173,256;173,255;173,254;174,253;174,252;174,251;174,250;174,248;175,248;175,247;175,246;175,244;176,243;176,242;176,241;176,240;176,239;176,238;176,237;
Stroma, ICG; POLYGON; 255, 255, 255; 176,237;177,238;178,240;178,242;178,243;178,244;178,245;178,246;178,247;178,248;178,249;178,250;178,251;178,252;178,253;178,255;178,256;177,257;176,259;176,261;175,262;174,263;174,265;174,267;173,268;173,269;173,270;173,271;173,274;173,277;173,280;173,282;173,285;173,288;172,290;172,293;172,297;172,300;172,302;172,304;172,305;172,308;172,311;172,312;172,315;172,318;172,319;172,320;172,322;173,323;173,325;174,325;175,326;177,328;177,329;177,330;178,331;178,332;179,333;179,334;180,336;180,337;181,338;183,339;183,340;184,341;187,342;190,342;192,343;193,343;194,343;195,343;196,343;198,343;199,343;199,344;201,345;203,347;204,348;207,348;208,349;209,349;210,349;211,349;212,350;212,351;212,352;213,352;213,353;214,353;214,354;215,355;216,355;216,356;216,357;216,358;216,359;217,359;217,360;218,360;219,361;219,363;219,364;220,365;221,365;222,365;223,365;224,366;226,367;227,367;227,368;228,368;229,368;230,368;231,368;232,368;233,368;234,368;235,368;236,368;237,368;238,368;239,368;240,369;240,370;242,370;243,370;243,371;244,371;245,372;246,374;247,374;248,376;248,377;249,378;250,379;250,380;250,381;251,382;251,383;251,384;251,385;252,386;253,387;254,390;255,392;257,393;258,395;259,397;261,399;263,402;266,404;268,405;268,406;269,407;270,407;271,407;271,408;272,408;273,410;274,410;275,410;275,411;276,411;278,413;279,414;280,415;281,416;282,418;283,419;284,420;285,422;286,423;286,426;288,429;289,430;289,432;289,433;289,435;291,435;291,436;292,436;292,437;292,439;292,440;292,441;292,442;292,444;292,445;292,447;293,447;293,448;294,449;295,450;295,451;295,453;297,454;298,456;299,456;299,458;300,459;301,461;302,462;303,463;304,463;305,463;306,464;307,466;308,466;309,467;310,468;311,468;312,468;313,468;315,468;316,468;318,466;319,466;320,466;321,466;322,466;324,466;326,465;327,465;329,465;330,465;331,465;332,465;333,465;334,465;335,465;336,465;337,465;339,465;341,465;343,465;344,465;345,464;346,464;347,463;348,463;349,463;350,462;352,462;353,462;354,462;355,461;355,460;356,459;357,459;358,459;359,459;360,459;361,459;363,459;364,459;365,459;366,459;367,458;369,458;370,458;371,458;372,458;374,458;375,458;376,458;377,458;378,458;379,458;382,458;383,458;384,458;385,458;387,458;389,458;390,458;391,458;393,458;393,457;394,457;395,456;396,456;397,456;399,454;401,454;402,453;403,453;405,453;406,453;407,452;408,452;409,452;410,451;411,451;412,451;413,451;414,451;416,450;417,450;418,450;419,450;420,450;421,448;423,448;424,448;425,448;426,448;427,448;428,448;429,448;430,447;431,446;432,446;433,445;435,445;436,445;437,445;438,445;439,445;440,445;441,445;442,445;443,445;444,444;445,443;447,443;448,443;449,443;450,442;451,441;452,440;454,440;455,440;456,440;456,439;457,439;459,439;459,437;461,437;463,437;464,437;465,437;466,436;467,435;468,435;469,435;470,435;471,435;472,434;473,434;474,434;474,433;475,433;476,433;477,432;479,432;480,432;482,431;484,430;485,430;486,429;487,428;488,428;490,428;491,428;492,428;493,427;494,427;495,426;495,425;496,425;498,425;499,425;500,425;501,424;502,424;503,424;504,423;505,423;506,423;508,423;509,423;509,422;511,421;512,420;512,419;513,419;514,419;515,419;516,418;517,418;518,418;519,417;520,417;520,416;521,416;521,415;523,415;524,415;525,414;527,413;527,412;528,412;529,412;530,411;531,410;532,410;533,410;535,408;536,408;536,407;538,407;539,407;541,406;543,406;544,405;545,405;546,404;547,404;548,404;550,404;550,402;551,402;552,402;553,401;554,401;555,400;556,399;557,399;558,399;559,399;559,398;560,398;561,397;562,396;563,395;564,395;565,393;566,393;566,392;568,392;569,392;570,390;571,390;572,390;572,389;574,389;574,388;575,387;576,387;577,387;578,386;579,386;580,385;580,384;581,384;582,383;583,383;584,383;586,382;587,382;587,381;588,381;589,381;590,381;590,380;591,379;591,378;592,377;593,377;594,376;596,375;598,375;599,375;600,374;601,373;603,371;604,371;605,371;607,371;608,371;610,371;611,371;611,370;612,370;613,370;614,369;615,369;618,369;620,369;622,368;623,368;624,368;625,368;626,367;626,366;627,366;628,366;630,366;631,366;632,366;633,365;634,365;635,365;636,365;637,365;638,365;638,364;640,364;641,364;642,363;643,363;644,363;645,363;646,363;647,363;648,362;649,362;650,361;651,361;653,361;654,361;656,360;657,360;658,360;659,360;660,360;661,360;662,359;663,359;665,359;666,358;668,358;669,358;670,358;671,356;672,356;673,356;674,356;676,355;676,354;677,354;678,354;679,353;680,353;681,353;683,353;684,352;685,352;685,351;686,351;688,351;689,351;691,351;693,350;694,350;696,350;698,350;700,350;701,350;702,350;703,350;704,350;705,350;706,350;707,350;710,350;711,350;712,350;713,350;714,350;715,350;716,350;719,350;721,350;722,350;723,350;724,350;725,350;726,350;727,350;728,350;729,350;730,350;731,350;732,350;733,350;734,348;735,348;736,348;737,348;738,348;739,348;740,348;741,347;742,347;743,347;746,347;747,347;748,347;749,347;751,347;752,347;753,347;755,347;756,347;757,347;758,347;759,347;761,347;762,347;763,347;764,347;766,346;767,346;768,346;769,346;770,346;771,346;773,346;774,346;774,345;775,345;778,345;779,345;782,345;784,345;785,345;786,345;788,345;789,345;791,345;792,345;793,345;795,345;796,345;797,345;798,345;799,345;800,345;801,345;802,345;804,345;805,345;806,345;807,344;808,344;810,344;811,344;812,344;814,344;816,344;817,344;818,344;819,344;820,344;821,344;823,344;824,344;825,344;826,344;827,344;828,344;830,344;831,344;832,344;833,344;834,344;835,344;836,342;837,342;838,342;839,341;840,341;841,341;842,341;844,341;845,341;845,340;846,340;847,339;848,339;850,339;851,339;851,338;853,337;854,336;855,336;856,336;857,336;857,335;859,334;860,334;861,333;862,333;863,333;864,332;866,332;868,331;869,331;870,331;871,330;872,329;874,328;875,328;877,328;877,327;879,327;880,327;881,327;883,326;884,326;885,326;886,324;887,324;889,323;890,323;891,323;893,322;894,322;894,321;895,321;896,321;897,321;897,320;898,320;899,320;900,320;901,320;903,318;904,317;905,317;906,316;907,316;908,316;909,316;910,315;912,315;913,315;914,315;916,313;917,312;918,311;920,311;921,311;922,310;923,310;925,310;926,310;927,309;929,309;930,309;930,308;931,308;932,308;933,308;934,308;937,308;938,308;940,308;942,308;943,308;944,308;945,308;946,308;947,308;948,308;951,308;953,308;955,308;957,308;958,308;960,308;961,308;964,308;965,308;966,308;967,308;968,308;971,308;972,308;974,308;975,308;977,308;978,308;979,308;980,308;982,308;983,308;986,308;986,306;987,306;988,306;989,306;991,306;992,306;993,305;994,305;995,305;996,305;998,304;1000,304;1001,304;1002,303;1003,302;1004,302;1005,302;1005,301;1006,300;1006,299;1007,299;1007,298;1007,295;1007,294;1007,292;1007,288;1007,286;1007,284;1007,283;1007,280;1007,279;1007,278;1007,277;1007,275;1007,273;1006,271;1006,267;1003,265;1001,260;999,257;999,256;999,254;998,253;998,252;998,251;996,250;996,247;995,246;993,243;992,240;991,240;990,239;990,238;989,236;989,234;988,233;988,232;987,231;987,230;987,228;986,227;985,226;984,226;983,226;982,226;980,225;979,224;978,224;977,224;976,224;975,224;974,223;972,223;971,223;969,223;968,222;968,221;966,221;965,221;964,220;963,220;962,220;961,220;960,220;959,220;958,220;957,220;956,220;954,220;953,220;951,220;949,220;948,220;947,220;945,220;944,220;943,219;942,219;941,219;940,219;938,219;937,219;936,219;934,219;933,219;932,219;931,219;930,219;929,219;928,219;927,219;926,219;925,219;924,219;923,219;920,219;919,218;918,218;917,218;916,218;915,218;913,218;912,218;911,218;910,218;908,218;907,218;906,217;905,217;904,217;903,217;902,217;900,217;896,214;895,214;894,213;893,213;892,213;891,213;890,213;889,212;888,212;887,212;886,212;885,212;884,212;883,212;882,211;881,211;880,210;879,210;878,210;876,210;875,210;872,210;872,209;870,209;869,209;868,209;867,209;866,209;865,209;864,209;863,209;862,209;861,210;860,210;859,210;857,210;855,210;854,210;853,210;851,210;850,210;849,210;848,211;847,211;845,211;844,212;843,212;841,213;840,213;838,213;837,213;836,213;835,215;834,215;832,215;830,215;829,216;828,216;827,216;826,216;825,216;824,216;823,217;822,217;821,217;820,218;819,218;818,218;817,218;817,219;816,219;815,219;814,220;812,220;811,220;809,220;807,220;805,220;802,220;798,220;797,220;795,220;794,221;793,221;792,221;791,221;790,221;788,221;787,221;786,221;785,221;784,221;782,221;781,221;781,222;780,222;779,222;778,222;776,222;775,223;774,223;773,223;772,223;770,223;768,223;767,223;765,223;763,223;762,223;761,223;759,223;757,223;755,223;754,223;753,223;752,223;751,223;750,223;749,223;748,223;747,223;746,223;745,223;743,223;741,223;740,223;739,223;738,223;737,223;736,223;735,223;734,223;733,223;732,223;730,223;729,223;728,223;727,223;726,223;725,223;724,223;723,223;722,223;721,223;719,223;718,223;717,223;716,223;714,223;713,223;712,223;712,222;711,222;710,222;708,222;707,222;704,222;702,221;701,221;701,220;701,219;700,219;699,219;697,219;696,218;695,218;694,218;694,217;692,216;690,215;689,214;688,213;688,212;687,212;685,212;685,211;684,211;683,211;682,210;681,210;680,210;679,209;678,209;676,208;675,208;673,208;671,207;670,207;669,207;668,206;667,206;666,206;665,206;664,205;662,205;660,205;659,205;658,205;656,205;655,205;654,205;653,205;652,205;651,204;650,204;649,204;648,204;647,204;646,204;645,204;643,204;642,204;640,204;639,204;638,204;637,204;635,204;634,204;633,204;632,204;630,204;628,204;627,204;625,204;624,204;622,204;619,204;617,204;615,204;614,204;613,204;612,204;611,204;611,203;610,203;608,203;606,203;604,203;603,203;602,203;601,203;599,203;597,203;596,203;593,203;591,203;589,203;587,203;586,203;584,203;583,203;582,203;581,203;580,203;579,203;577,203;576,203;575,203;574,203;573,203;571,203;570,203;569,203;568,203;566,203;565,203;564,203;563,203;562,203;561,203;560,203;559,203;558,203;557,203;556,203;555,204;554,204;553,204;552,204;552,205;551,205;550,205;548,205;547,205;544,207;543,207;542,207;541,207;540,207;539,207;538,208;537,208;535,208;534,209;532,209;530,209;529,209;528,209;527,209;526,209;525,209;524,209;524,210;522,210;521,210;520,210;519,210;518,210;518,211;517,211;516,211;515,211;514,211;512,211;511,211;510,211;507,212;506,212;505,212;504,212;503,212;501,212;500,212;498,212;497,213;496,213;495,213;494,213;494,214;494,215;493,215;491,215;490,215;488,215;486,215;485,215;483,215;482,215;481,215;480,215;478,215;477,215;475,215;474,215;473,215;471,215;469,215;466,215;465,215;464,215;463,215;462,215;462,216;461,216;460,216;459,216;458,216;457,216;455,216;454,217;453,217;452,217;451,217;450,217;449,217;448,217;447,217;446,217;445,217;444,217;441,217;440,217;438,217;436,217;434,217;432,218;431,218;429,218;428,218;427,218;425,219;424,219;423,220;421,220;420,220;418,220;417,220;416,220;416,221;415,221;414,221;413,221;412,221;411,221;410,221;409,221;408,221;407,221;406,221;405,221;404,221;403,221;402,221;401,221;399,222;397,222;396,222;393,223;392,223;391,223;390,223;389,223;388,224;387,224;386,224;385,224;384,224;384,226;382,226;381,226;379,227;378,227;376,227;375,227;374,227;373,228;371,228;370,228;369,228;368,228;367,228;365,228;363,228;361,228;360,228;359,228;357,228;356,228;354,228;353,228;352,228;350,228;348,228;347,229;345,229;341,229;339,229;337,229;335,229;333,229;331,229;329,229;327,229;326,229;325,229;323,229;322,229;320,229;318,229;316,229;313,229;312,229;311,229;309,229;308,229;307,229;306,229;305,229;305,230;303,230;301,230;300,230;299,230;298,230;297,230;296,230;295,232;294,232;292,232;291,232;289,232;288,233;287,233;286,233;285,233;284,233;283,233;282,233;281,233;279,233;278,234;277,234;276,234;275,234;274,234;272,234;271,234;269,235;267,235;266,235;265,235;263,235;261,235;259,235;257,235;254,235;253,235;252,235;251,235;250,235;249,235;248,235;247,235;246,235;245,235;244,235;242,235;241,235;240,235;239,235;238,235;237,235;236,235;234,235;232,235;231,235;230,235;229,235;228,235;227,235;226,235;224,235;223,235;221,235;220,235;219,235;218,235;217,235;216,235;214,235;212,235;210,235;209,235;208,235;207,235;205,235;203,235;201,235;200,235;199,235;197,235;195,234;192,234;191,234;190,234;189,234;188,234;187,234;186,234;185,234;184,234;182,234;181,234;180,234;178,234;176,235;175,235;175,236;174,236;173,237;173,238;173,239;
Stroma, ICG; POLYGON; 255, 255, 255; 249,374;251,375;251,376;251,377;251,378;251,379;251,380;251,381;251,382;250,382;249,382;248,383;247,383;246,383;244,384;243,384;242,385;242,386;241,386;240,386;239,386;238,386;237,386;236,386;235,386;233,385;232,385;231,384;229,383;228,383;227,382;226,381;226,380;225,379;225,378;224,378;223,377;222,377;221,377;221,376;220,376;219,376;218,376;215,374;214,374;213,374;212,373;211,373;210,372;209,372;208,370;207,369;206,368;206,367;205,367;203,366;202,366;201,366;201,365;200,364;200,363;200,362;200,361;200,360;200,359;200,358;201,358;201,357;204,357;205,357;206,357;207,357;208,358;209,358;209,359;210,359;211,359;212,360;213,360;214,360;215,360;216,360;218,359;219,359;220,358;222,356;223,356;225,355;226,354;229,352;229,351;230,349;230,347;230,345;230,342;230,341;230,338;230,335;230,333;230,330;230,328;228,325;226,322;223,319;223,317;221,315;220,314;218,312;216,310;214,308;213,307;211,306;207,303;205,303;202,301;199,300;198,300;197,300;196,300;195,300;195,299;193,299;190,298;188,298;187,298;185,298;184,297;182,297;181,297;179,297;178,297;176,297;174,298;173,298;172,299;171,300;170,301;166,305;166,307;165,309;164,310;163,311;162,313;161,313;161,316;159,317;158,319;156,321;154,322;154,323;152,325;151,328;148,330;148,332;147,334;146,335;144,336;143,336;143,337;142,338;141,338;139,340;138,340;137,341;136,341;135,341;133,343;132,343;130,344;129,345;128,346;128,347;128,348;128,350;127,352;126,354;125,354;124,355;124,356;123,356;122,358;121,359;121,360;119,361;119,362;119,365;119,367;119,368;119,369;118,370;118,371;118,372;118,373;118,374;118,375;117,376;117,377;117,378;117,379;117,380;116,380;116,381;116,383;116,384;116,385;116,386;114,387;114,388;113,390;112,390;111,391;111,392;111,393;110,393;108,394;107,394;106,396;106,397;105,397;104,399;103,399;103,400;102,400;102,402;101,403;101,404;100,404;99,405;97,406;97,407;96,408;95,409;94,409;94,410;93,411;92,411;91,411;91,412;90,412;89,413;87,413;86,414;85,414;84,414;82,415;81,415;79,416;78,416;77,416;75,417;74,417;73,419;72,419;71,419;70,419;69,419;68,419;67,419;65,419;64,419;63,420;62,420;61,420;60,420;59,420;58,420;56,419;54,419;52,418;51,417;50,417;49,417;48,417;46,416;45,415;44,415;43,415;42,415;41,415;40,415;39,415;38,415;37,415;36,415;34,415;33,415;32,415;31,415;28,415;26,415;24,415;23,415;22,415;21,415;20,415;19,415;18,416;18,417;17,418;17,419;17,420;17,421;17,424;17,425;17,426;17,427;17,428;17,429;17,430;17,431;17,432;17,433;17,434;17,435;17,436;17,437;17,438;17,439;17,440;17,442;17,443;18,445;18,446;19,447;20,449;20,450;20,451;21,451;24,452;25,453;26,453;27,454;29,454;30,455;30,456;31,456;32,456;33,456;33,457;34,457;36,458;37,459;38,460;39,461;39,462;40,462;41,462;42,463;43,464;44,464;45,465;46,466;47,467;48,468;49,468;50,468;51,468;52,468;53,469;54,469;55,469;56,469;58,469;59,469;60,469;61,469;62,469;63,469;64,469;65,469;66,469;68,469;69,469;70,469;71,469;72,469;72,467;72,466;72,465;72,464;72,463;72,462;72,461;73,461;74,461;75,461;76,461;77,461;78,461;79,461;81,461;83,461;84,461;85,461;87,461;88,461;89,461;90,461;91,461;92,461;93,461;94,461;95,462;96,462;97,462;98,462;100,462;101,462;102,463;103,463;104,463;104,464;104,465;105,465;105,466;105,467;106,468;107,468;108,468;109,468;110,468;111,468;112,468;113,468;114,468;115,468;116,468;117,467;118,467;119,466;120,466;121,466;122,466;123,466;124,466;126,466;127,465;128,465;129,465;131,465;132,465;134,465;136,464;137,464;138,464;140,463;141,463;142,463;143,463;145,463;146,463;147,463;148,463;150,463;152,463;153,463;154,463;155,463;156,463;157,463;158,463;159,463;160,463;161,463;162,463;163,463;164,463;166,463;167,463;169,463;171,463;172,463;174,463;175,463;177,463;178,463;179,463;180,463;181,463;182,463;183,463;185,463;186,463;187,463;188,463;189,463;190,463;191,463;192,463;194,463;195,463;197,463;198,463;199,463;200,463;201,463;203,463;205,463;206,463;208,463;211,463;212,463;213,463;214,463;215,464;216,464;218,464;219,464;220,464;221,465;223,465;226,465;228,465;230,466;231,466;232,466;233,466;237,466;239,467;241,467;243,467;245,467;245,468;246,468;247,468;248,468;249,468;250,468;252,469;253,469;256,470;259,470;262,470;263,470;264,470;266,470;267,470;268,470;269,470;270,470;271,470;272,470;273,470;275,470;276,470;277,470;278,470;279,470;280,470;283,470;286,470;287,470;288,470;289,470;290,470;292,470;294,470;297,470;299,470;302,470;303,470;304,470;306,470;307,470;308,470;310,470;312,470;314,466;315,466;318,464;320,462;322,460;325,458;327,456;327,455;331,452;332,451;333,448;334,445;334,443;334,440;334,438;336,436;336,434;336,431;337,428;337,426;338,423;339,422;339,420;340,419;340,417;340,415;340,413;342,410;342,409;342,407;342,404;342,402;342,400;342,397;342,396;342,394;342,391;342,389;342,387;342,384;342,383;342,381;339,377;337,374;334,371;334,368;332,365;330,363;327,359;325,357;323,355;322,353;322,350;320,349;318,346;316,345;313,344;309,342;307,342;305,342;302,341;299,340;296,339;294,339;
Stroma, ICG; POLYGON; 255, 255, 255; 118,388;118,387;118,386;118,385;118,384;118,383;118,381;118,380;117,379;117,378;115,378;115,377;114,377;112,377;110,377;109,377;108,377;107,377;105,377;104,377;102,377;101,377;99,377;98,377;97,377;96,377;95,377;93,377;92,377;91,377;90,377;89,377;88,377;87,377;86,377;85,377;83,377;82,377;80,377;79,377;78,377;76,377;74,377;73,377;71,377;70,377;69,377;68,377;67,377;67,376;66,374;65,373;63,373;61,372;59,371;58,370;57,370;56,370;56,369;56,368;55,368;54,367;53,367;51,365;50,364;49,364;47,364;46,363;43,361;42,361;41,360;39,360;37,360;36,359;35,359;34,359;33,359;32,359;30,359;29,359;28,359;26,359;25,359;24,359;23,359;22,359;21,359;20,359;20,360;19,360;18,360;17,360;16,360;15,362;14,362;13,362;12,362;11,362;10,362;9,362;8,362;7,362;6,362;6,361;5,360;5,359;5,357;5,356;5,355;5,354;4,352;3,351;3,350;3,348;3,347;3,346;3,345;3,344;3,343;3,342;3,341;3,340;3,339;3,337;3,336;3,335;3,334;3,333;4,332;4,331;5,330;5,329;6,329;6,328;8,326;8,325;10,324;11,323;11,322;12,322;13,322;14,322;14,321;15,321;17,319;18,319;19,318;20,317;20,316;21,316;21,315;21,314;23,312;25,312;26,312;27,312;29,312;30,312;31,312;32,313;32,314;32,315;33,315;33,316;34,317;34,319;35,319;36,320;37,320;39,321;40,322;41,322;42,322;43,322;44,323;47,323;49,323;51,324;53,324;55,324;58,325;60,325;61,325;62,325;64,325;66,325;70,326;72,326;74,326;75,326;77,327;79,327;81,328;82,328;83,328;84,329;84,330;86,331;87,331;88,331;89,331;90,331;91,331;93,331;94,330;95,330;96,330;97,330;99,330;100,330;101,330;103,330;103,329;104,328;106,328;107,328;108,327;109,326;110,325;110,324;111,324;111,323;112,323;113,322;114,321;114,320;115,319;116,318;117,318;118,317;119,317;119,316;120,315;121,314;121,313;122,312;122,311;122,310;122,309;122,307;121,306;121,305;119,305;116,303;114,303;113,303;112,303;111,302;111,301;111,300;110,300;108,299;107,298;105,298;104,298;104,297;103,297;102,297;101,295;100,294;98,294;96,294;94,293;93,293;92,293;91,293;90,293;89,293;87,293;86,293;85,293;84,293;83,293;81,293;80,293;79,293;78,293;77,293;75,294;73,295;72,296;71,296;69,297;68,297;67,298;66,298;65,298;64,298;64,299;63,299;62,299;60,299;58,299;57,299;55,299;53,298;52,298;52,297;51,297;51,296;49,294;49,293;49,292;48,291;48,290;47,289;47,288;47,287;47,286;48,285;49,283;50,282;52,281;53,280;54,280;55,280;56,280;57,279;59,278;60,277;61,277;62,277;62,276;63,276;63,275;64,275;65,274;66,272;67,271;67,270;68,269;68,268;69,268;69,267;69,265;70,265;71,263;71,262;71,260;71,259;71,258;71,257;71,256;71,254;71,253;71,251;70,251;70,250;69,249;69,248;68,248;66,247;66,246;65,245;64,245;63,244;62,244;61,242;60,242;60,241;60,240;59,239;58,239;58,238;58,236;58,235;59,234;60,233;60,232;61,232;62,232;63,232;64,232;65,232;66,232;67,232;69,232;70,232;71,232;72,232;73,232;74,232;75,232;76,232;77,233;78,233;79,233;80,233;81,233;82,233;83,233;84,233;86,234;87,234;88,234;89,234;92,234;93,234;94,234;97,235;98,235;99,235;100,235;101,235;102,235;104,236;104,237;105,237;106,237;107,237;108,237;109,238;110,238;111,238;112,238;113,238;115,238;117,238;119,239;120,239;121,239;122,239;123,239;125,239;126,239;127,239;129,239;130,239;131,239;132,239;133,239;134,239;135,239;136,240;136,241;136,243;136,244;136,246;136,247;136,248;136,249;136,250;136,251;136,252;136,253;136,254;136,255;136,256;136,257;137,257;139,258;141,259;142,259;143,259;145,261;146,261;147,261;148,261;149,261;151,261;152,261;153,261;154,261;155,261;156,261;157,261;158,261;160,259;161,259;161,258;162,258;162,257;163,256;164,256;165,256;166,256;167,256;167,255;167,254;168,253;168,252;168,251;168,250;169,250;169,249;169,248;169,247;169,246;171,246;172,245;173,244;174,243;175,242;176,241;177,241;178,241;179,241;180,241;181,241;183,241;184,241;185,241;186,241;187,241;187,242;188,243;189,244;190,247;191,247;191,251;192,252;194,253;196,254;196,256;197,257;197,258;198,258;198,259;198,261;200,263;201,265;202,267;203,269;204,272;204,273;205,275;205,277;206,278;207,279;207,282;207,285;208,286;208,288;208,289;208,291;208,294;208,295;208,299;209,300;209,303;209,305;210,307;210,309;210,313;210,316;210,318;210,321;210,322;210,326;210,329;210,332;210,334;209,336;207,340;207,342;205,346;203,348;203,350;201,352;199,354;198,355;197,355;
Stroma, ICG; POLYGON; 255, 255, 255; 629,822;628,824;628,825;628,826;627,827;626,828;625,828;624,828;623,830;622,830;622,831;621,831;620,834;619,835;618,836;617,837;616,838;615,839;614,841;613,842;611,843;610,844;608,845;607,845;606,846;606,847;605,848;604,848;602,849;601,850;600,850;599,850;599,851;598,852;597,853;597,854;596,855;595,856;594,856;593,857;592,859;592,860;592,861;592,862;591,862;591,863;591,864;590,865;590,866;589,866;588,867;588,868;586,869;586,870;586,872;584,874;584,875;583,875;582,877;581,877;581,879;581,880;580,880;580,881;580,883;580,884;580,885;580,886;581,886;582,886;583,886;583,885;584,884;586,884;588,882;591,881;592,880;594,879;
Artery, ICG; POLYGON; 34, 177, 76; 540,788;540,789;540,791;540,792;540,793;540,795;540,796;541,796;541,797;542,798;543,799;543,800;543,801;543,802;543,803;543,804;544,805;544,807;544,808;544,810;544,811;544,813;544,814;543,815;543,816;542,818;541,819;541,820;541,822;540,824;539,826;539,828;539,830;538,831;538,832;537,834;536,834;536,835;536,836;536,837;535,837;535,838;535,839;534,840;534,841;533,843;
Artery, ICG; POLYGON; 34, 177, 76; 558,789;557,789;556,789;555,789;554,789;553,789;552,789;550,789;549,789;548,789;547,789;546,789;546,790;545,790;544,791;543,791;543,792;543,793;542,794;542,795;542,796;542,797;542,798;542,799;542,800;542,801;542,802;542,803;542,805;542,806;542,807;542,808;542,809;542,810;542,811;542,812;542,813;542,814;542,815;542,816;542,818;543,819;545,819;546,819;548,819;552,819;554,820;556,821;557,821;559,821;561,821;563,821;565,821;566,820;567,820;567,819;568,819;568,817;569,816;570,815;570,814;570,813;571,810;571,807;575,802;576,800;577,799;
Artery, ICG; POLYGON; 34, 177, 76; 629,789;629,790;629,791;629,793;629,794;629,795;629,797;629,799;630,800;630,801;630,802;630,803;630,804;630,805;630,806;630,807;630,808;630,809;630,810;630,811;630,812;630,813;630,814;630,815;629,816;629,817;629,818;628,818;627,818;627,819;626,820;626,821;625,821;624,822;623,822;623,823;621,823;620,823;620,824;619,824;619,825;618,826;618,827;617,827;617,828;616,828;616,829;616,830;615,830;614,832;614,833;613,833;613,834;612,834;611,834;610,835;608,838;607,839;607,840;606,840;605,841;604,842;603,844;602,845;600,846;599,847;598,848;596,850;596,851;595,851;595,852;594,853;593,854;592,854;592,855;591,856;590,857;589,858;588,858;587,858;587,859;586,860;585,860;585,861;584,862;584,863;583,863;583,864;582,864;582,865;581,867;580,868;579,868;578,868;578,870;576,872;576,873;575,874;574,875;574,876;573,876;572,877;572,879;571,879;570,880;569,880;568,881;567,881;566,881;564,883;563,883;563,885;562,885;562,886;561,886;560,887;559,888;558,888;557,888;556,889;554,891;552,891;551,891;551,892;549,893;548,893;547,894;546,894;544,896;543,897;541,898;541,899;540,899;539,899;539,900;537,901;536,902;535,903;534,904;533,904;531,904;530,905;528,905;527,906;527,907;526,907;525,908;525,909;524,909;524,910;523,910;523,911;522,911;520,912;519,912;518,914;517,915;515,917;514,918;514,919;513,921;512,922;512,923;511,924;511,925;510,927;509,927;508,928;507,928;506,928;506,929;505,929;505,930;504,930;503,930;502,929;501,928;500,927;500,926;499,925;497,923;497,922;496,921;495,920;495,919;495,918;495,917;495,916;494,914;494,913;494,911;494,909;494,908;494,907;494,906;494,904;494,901;495,900;498,898;500,895;501,894;504,892;504,889;507,886;509,884;513,880;516,877;521,877;523,876;525,874;527,873;
Stroma, ICG; POLYGON; 255, 255, 255; 603,844;603,843;603,842;605,840;605,839;606,839;606,838;607,838;607,837;607,836;607,835;608,834;609,833;609,832;610,832;612,832;612,831;613,831;614,831;615,831;616,831;616,830;617,830;618,830;619,830;619,828;620,828;622,828;623,828;623,827;624,827;625,826;625,825;625,824;625,822;625,821;625,820;625,819;626,818;626,817;626,815;626,814;627,813;628,812;628,811;629,809;630,808;631,807;632,806;632,805;632,804;632,803;632,802;632,801;633,800;633,799;633,797;633,796;634,796;634,794;635,792;635,791;635,790;636,790;636,789;637,788;638,786;639,785;640,785;641,785;642,785;642,784;643,784;644,784;645,784;647,783;648,782;649,782;649,781;650,781;651,780;652,779;653,778;654,778;655,778;657,777;658,776;658,775;658,774;660,774;661,774;662,774;664,774;665,773;667,773;668,773;668,772;669,772;670,772;671,772;672,772;673,772;674,771;675,771;676,771;678,770;679,770;680,770;681,769;682,769;682,768;683,768;684,768;685,767;686,767;690,765;691,764;692,764;693,764;694,762;695,762;696,761;697,761;699,760;700,760;703,760;704,759;705,759;706,759;707,758;708,758;709,758;711,758;713,758;716,757;719,756;721,755;723,754;724,754;725,754;727,754;728,754;730,754;731,754;732,754;734,754;734,753;735,753;736,752;739,751;740,751;741,750;742,750;743,750;743,749;744,748;746,748;747,748;748,747;749,747;750,746;751,746;751,745;751,744;752,744;753,744;754,744;755,743;757,742;759,742;762,741;763,741;763,740;764,740;765,740;766,740;767,739;769,738;770,738;770,737;771,737;773,737;773,736;774,736;775,736;775,735;776,735;778,734;779,734;781,732;782,732;783,732;785,731;786,731;786,730;787,730;789,729;790,729;792,729;792,727;793,726;794,726;796,725;798,725;799,724;800,724;801,724;802,724;803,723;804,723;805,722;806,721;807,720;808,720;809,720;810,720;810,719;811,719;812,719;813,718;814,718;815,718;816,718;816,717;817,717;820,716;822,715;823,714;824,714;825,713;826,713;827,713;828,712;829,712;830,711;832,711;833,711;834,710;835,709;836,708;837,707;838,707;839,707;840,707;841,707;842,706;844,706;845,706;847,705;849,705;850,705;851,704;852,704;854,702;856,702;857,702;859,701;860,700;861,700;862,700;863,700;864,700;866,699;867,699;868,698;869,698;870,698;871,697;873,696;874,695;875,695;876,695;877,694;878,694;878,693;880,692;881,692;882,692;883,691;884,691;885,691;886,691;886,690;887,690;888,690;890,689;892,689;893,689;894,689;896,689;898,689;899,689;900,688;903,687;903,686;905,686;906,686;907,686;908,686;910,685;911,684;914,684;915,684;916,684;917,684;919,683;921,683;922,683;923,683;924,683;926,683;927,683;928,683;930,683;931,683;932,683;933,683;934,683;935,683;937,683;938,683;939,683;940,683;941,683;942,683;943,683;944,683;946,683;949,683;950,684;952,684;953,684;954,684;955,684;957,684;958,684;960,684;961,684;962,685;963,685;964,685;966,685;967,685;968,685;970,685;971,686;973,686;974,687;975,687;976,687;977,687;978,687;979,687;981,687;982,687;984,688;985,688;986,688;987,689;988,689;989,689;990,689;992,689;992,690;995,690;996,690;997,690;998,690;999,690;1000,690;1001,690;1002,690;1003,690;1004,690;1006,690;1007,690;1008,690;1009,690;1011,690;1012,690;1014,690;1015,690;1015,691;1016,691;1016,692;1016,693;1016,694;1016,696;1016,698;1016,701;1016,703;1016,705;1016,707;1016,709;1016,710;1016,713;1016,715;1015,717;1015,718;1015,721;1015,723;1015,725;1015,728;1013,731;1013,732;1013,734;1013,735;1012,736;1012,737;1011,738;1011,740;1011,741;1009,742;1009,743;1008,743;1008,744;1008,745;1008,746;1006,747;1006,748;1005,749;1004,750;1004,751;1003,751;1002,753;1000,753;999,753;998,753;998,754;996,754;994,754;993,755;991,756;988,757;984,757;980,759;975,761;972,762;970,763;967,763;964,764;961,764;959,764;957,765;956,766;955,767;954,769;953,770;952,772;952,773;951,777;949,779;948,780;945,783;943,786;942,788;941,792;939,796;938,800;936,802;935,804;932,808;931,810;928,813;924,818;921,821;917,825;915,826;913,831;908,835;906,837;902,840;898,842;896,845;891,847;886,849;884,851;883,851;880,855;879,855;877,857;874,858;871,862;870,862;867,865;863,867;862,869;860,871;859,872;856,875;856,876;855,877;854,879;853,882;852,884;851,886;850,888;850,889;848,892;846,894;845,896;844,898;842,901;841,903;840,905;837,909;835,912;834,915;832,916;831,918;830,919;829,920;829,922;827,924;825,926;824,927;823,929;822,929;821,930;820,931;819,932;818,932;817,932;817,933;815,933;814,934;812,934;812,935;812,936;810,936;809,936;808,936;807,936;805,936;804,936;802,936;801,936;799,934;798,934;796,933;795,933;794,932;791,932;790,932;789,931;788,931;785,931;784,931;783,931;782,930;782,929;781,929;780,929;779,928;778,927;776,927;775,926;774,924;773,924;772,924;771,924;770,924;769,924;768,924;767,924;765,924;764,924;763,924;762,924;761,924;759,924;758,922;754,922;753,922;751,922;750,922;748,922;747,922;746,922;745,922;744,922;742,921;741,920;740,920;739,920;738,919;737,918;737,917;735,917;734,916;731,915;730,915;728,914;727,914;726,914;725,914;724,914;723,914;721,914;720,914;719,914;718,914;717,914;716,914;715,914;714,914;713,913;712,913;711,913;709,913;708,913;707,913;706,912;706,911;705,911;704,910;702,910;701,910;698,909;697,908;696,907;695,907;694,906;693,905;693,904;692,904;691,904;690,904;689,903;688,902;685,902;684,902;683,902;682,902;680,902;679,902;677,901;676,901;675,901;673,900;672,900;671,900;669,900;668,900;667,899;666,899;665,898;663,898;662,898;662,897;662,896;662,895;662,894;662,893;662,892;662,891;662,890;662,889;662,888;662,887;662,886;662,885;663,884;664,884;664,883;664,882;665,881;665,880;665,879;665,878;665,877;665,876;665,875;665,874;665,873;665,872;665,871;665,870;665,869;665,868;665,867;665,866;665,865;665,864;665,862;665,861;665,860;665,859;665,858;665,857;665,856;665,855;664,854;664,853;663,851;662,850;661,849;661,848;660,848;659,848;658,848;656,848;655,848;653,848;652,848;651,848;650,849;649,850;649,851;649,852;647,854;647,855;646,856;645,858;645,859;645,861;644,861;644,862;644,863;644,864;643,867;642,867;642,868;641,868;640,868;640,869;640,870;640,871;640,873;640,874;640,875;640,876;640,877;640,878;640,879;640,880;640,881;640,882;639,883;638,884;637,885;637,886;637,887;637,888;636,888;636,889;635,889;634,889;633,889;633,890;632,890;631,890;630,890;630,891;628,891;627,891;626,891;625,891;624,893;623,893;622,893;621,893;620,893;619,894;618,894;617,894;615,894;613,894;612,894;610,894;609,894;608,894;607,894;606,894;605,894;604,894;603,894;601,894;600,894;599,894;597,894;596,894;595,894;594,894;593,894;591,894;589,894;586,894;584,894;582,894;579,894;578,894;577,894;575,894;574,893;573,892;573,891;572,891;572,890;572,889;572,887;572,886;572,885;572,883;572,881;572,880;572,879;572,878;572,877;573,875;573,873;574,873;574,871;574,870;575,869;575,868;576,868;576,867;577,867;577,866;578,866;578,864;580,862;581,861;582,861;583,861;584,861;585,861;585,860;586,859;587,859;588,858;589,858;590,858;590,856;591,856;592,855;593,855;593,854;594,854;594,853;595,852;596,850;597,849;597,848;598,847;598,846;598,844;599,843;599,842;600,841;601,841;601,840;601,839;603,836;603,835;605,832;606,831;607,829;609,828;609,826;610,826;611,826;612,826;614,826;617,826;620,827;
Stroma, ICG; POLYGON; 255, 255, 255; 672,886;671,886;670,886;669,886;668,886;667,886;666,886;665,885;664,885;662,885;661,884;660,884;659,884;658,883;658,882;657,882;656,882;655,881;655,880;655,879;655,878;655,877;655,876;655,875;655,873;655,872;655,871;655,870;655,868;655,867;655,866;655,865;655,864;655,863;655,862;655,861;655,860;655,859;655,858;656,857;656,856;656,854;656,853;656,852;657,852;657,851;657,850;656,849;655,849;655,850;654,850;653,851;652,852;652,853;652,854;652,855;652,856;650,856;650,857;650,858;648,859;647,861;646,862;646,863;645,864;645,865;643,867;643,868;641,869;641,870;640,871;640,872;638,873;637,873;637,875;637,877;636,877;635,878;634,879;632,879;631,879;630,878;629,878;628,877;627,876;627,875;627,874;627,873;625,872;625,869;625,868;625,866;625,863;625,862;625,860;625,859;626,856;626,855;627,853;628,852;630,850;630,848;631,847;632,846;633,843;634,843;635,841;636,841;639,840;641,839;644,839;646,837;648,836;651,835;653,833;656,833;660,829;661,829;665,828;668,828;670,828;672,828;673,828;676,828;678,827;679,827;681,825;683,825;686,825;690,822;691,822;692,822;694,822;695,822;698,822;702,822;704,823;706,824;708,824;709,824;710,824;711,825;712,826;712,827;713,830;
Stroma, ICG; POLYGON; 255, 255, 255; 616,830;615,830;614,830;614,829;614,827;614,826;614,825;615,825;616,824;617,824;617,823;618,822;618,821;619,820;620,819;620,818;621,818;621,817;623,817;624,816;624,815;624,814;625,814;625,813;627,812;627,811;629,811;630,810;630,809;631,808;631,807;631,806;631,805;631,804;631,802;631,801;631,800;631,799;631,798;631,797;631,796;631,795;631,794;632,794;632,793;632,791;632,790;633,789;633,788;635,787;636,786;637,785;638,785;639,785;640,784;641,783;642,783;643,782;644,782;645,782;646,782;647,781;648,781;649,781;650,779;650,778;651,778;651,777;651,776;652,776;652,775;652,774;653,773;653,772;654,772;654,770;655,770;657,770;658,770;658,769;659,769;660,769;661,769;662,769;664,768;665,768;666,768;667,768;668,768;669,767;670,766;671,766;673,766;675,766;676,766;677,766;678,766;680,765;681,765;683,765;685,765;685,764;687,764;689,764;692,764;693,764;695,764;698,764;702,764;705,764;706,764;708,764;709,764;710,764;711,764;712,764;713,764;714,764;715,764;716,765;716,766;716,767;717,767;717,768;717,769;717,770;717,771;717,774;717,777;718,779;719,783;719,787;720,791;720,796;720,800;720,804;720,807;720,809;720,811;719,813;718,813;716,814;
Stroma, ICG; POLYGON; 255, 255, 255; 570,881;569,881;568,881;567,881;566,881;565,882;564,883;563,884;561,884;561,885;560,885;560,886;559,886;558,886;557,887;556,889;556,890;555,890;554,890;554,891;553,892;552,892;551,892;550,892;550,893;549,893;548,893;548,895;547,895;545,896;544,896;543,898;542,898;541,898;541,899;540,899;539,899;538,901;537,902;536,903;535,903;534,903;534,904;533,904;532,904;532,905;531,905;530,905;529,905;528,905;528,907;527,907;526,907;525,907;524,908;524,909;523,909;522,909;521,910;520,910;519,910;518,911;517,912;516,913;516,914;516,915;515,915;515,916;515,918;515,919;515,920;515,921;515,922;514,922;515,922;516,922;518,922;519,922;521,922;522,923;523,923;525,923;526,923;527,923;528,925;530,925;531,925;532,925;533,925;534,925;535,925;536,924;537,924;538,924;540,924;541,924;542,924;543,923;544,922;546,922;548,921;549,921;550,921;551,919;552,919;553,918;554,918;555,917;555,916;557,915;558,914;558,913;560,913;560,912;561,912;561,911;562,911;564,911;565,911;566,910;567,910;568,909;569,908;570,908;571,908;573,907;574,906;575,906;576,906;577,906;578,906;579,906;580,906;582,906;583,906;584,906;585,906;586,906;588,906;590,905;592,905;593,905;594,904;595,904;597,904;599,902;600,902;601,902;602,901;603,900;603,899;605,899;607,898;608,898;609,897;611,896;612,895;613,895;615,894;616,893;616,892;618,892;619,891;621,889;622,888;623,888;623,886;624,885;624,884;624,883;624,882;624,881;624,880;624,879;624,877;623,877;622,876;621,875;621,874;
Stroma, ICG; POLYGON; 255, 255, 255; 630,883;630,884;630,885;629,886;629,887;629,889;629,890;629,891;628,892;628,893;627,893;626,895;625,896;624,896;623,897;622,897;621,897;620,897;619,897;617,897;616,897;615,898;614,898;613,898;612,898;611,899;610,899;608,901;607,901;607,902;606,902;605,903;604,903;603,904;601,904;600,904;599,905;598,905;597,905;596,907;596,908;595,908;594,908;593,908;592,908;591,909;589,909;588,909;587,910;586,910;585,910;584,910;582,911;581,911;579,911;577,911;575,913;574,914;573,914;572,915;570,916;569,917;568,917;564,919;563,920;562,920;561,920;560,920;559,920;557,921;556,921;554,921;552,921;551,921;549,921;547,922;545,922;543,922;542,923;541,923;539,923;538,923;537,923;537,925;536,925;535,925;533,926;533,927;532,927;530,928;530,929;529,929;527,929;526,930;525,931;524,931;523,931;522,932;521,932;520,932;519,932;518,932;517,932;515,933;514,933;513,933;512,933;511,933;510,933;509,933;508,931;508,930;508,929;508,927;508,926;508,925;508,924;508,923;508,922;508,921;508,920;508,919;508,918;508,917;508,916;509,916;509,915;510,914;510,913;511,913;511,912;512,911;512,910;513,910;514,910;515,910;516,910;518,908;519,908;520,908;521,908;522,908;523,908;525,908;527,907;528,907;529,907;530,906;531,906;532,906;532,907;
Stroma, ICG; POLYGON; 255, 255, 255; 460,888;460,887;460,886;460,885;461,884;461,883;462,882;463,881;464,880;464,879;464,878;465,878;466,877;467,877;467,876;468,876;469,874;471,872;472,871;473,870;474,869;475,868;476,867;476,866;476,865;476,864;477,863;478,863;479,863;479,862;479,861;479,859;479,858;479,857;479,855;479,854;479,853;479,852;479,851;479,849;479,848;479,847;479,846;479,845;479,844;479,843;479,842;478,842;478,841;478,840;477,839;476,839;475,839;473,839;473,838;472,838;470,838;468,838;467,838;466,838;465,838;464,838;463,838;461,838;460,839;459,839;458,839;457,839;455,839;453,839;452,839;450,839;449,839;448,839;446,840;444,840;443,841;442,841;441,841;439,841;437,841;436,841;435,841;434,841;433,841;432,841;431,841;430,842;429,842;428,842;427,842;426,842;425,842;423,842;422,842;421,842;420,842;419,842;418,842;417,842;416,842;415,842;414,842;413,842;411,842;409,842;408,842;407,842;406,842;405,842;404,842;403,842;402,843;401,843;400,843;399,843;398,843;397,843;396,844;395,844;394,844;393,844;393,846;392,847;391,847;389,847;388,847;387,848;385,848;384,848;382,848;381,848;380,849;379,849;378,849;377,849;376,849;375,849;374,849;372,850;371,850;368,850;366,850;365,850;364,850;362,850;361,850;360,850;359,850;358,851;357,851;356,851;355,851;353,852;353,853;352,853;351,853;350,853;349,853;349,854;348,854;347,854;346,855;345,855;341,856;338,857;335,857;334,858;333,859;333,860;332,860;330,860;328,861;328,862;327,862;327,863;326,863;326,864;325,865;324,866;323,867;322,868;321,869;320,869;319,870;318,871;317,872;316,872;316,873;315,873;315,874;313,876;313,877;312,877;311,878;310,879;309,880;309,881;308,881;308,882;308,883;306,884;305,884;304,884;304,885;303,885;302,886;301,886;300,887;299,887;298,888;297,888;296,888;296,889;295,890;294,890;293,890;292,890;292,891;291,891;290,891;289,892;289,893;288,893;287,893;284,896;283,896;282,896;281,897;280,898;279,899;278,899;277,899;275,900;275,901;274,901;272,902;270,903;269,903;268,904;266,905;266,906;265,906;265,907;264,908;264,909;263,910;262,911;262,912;261,912;260,912;259,913;259,914;259,915;258,916;258,917;257,918;256,920;256,921;255,922;254,923;253,923;253,924;252,924;251,924;250,925;249,926;248,926;246,927;245,927;243,927;242,927;242,928;241,928;240,928;238,929;237,929;236,929;234,929;233,929;231,929;231,930;230,930;229,930;226,930;225,930;223,930;222,930;221,930;221,928;221,927;221,925;221,924;221,923;221,922;221,921;221,920;221,919;221,918;221,917;221,916;222,915;222,914;224,912;225,911;227,911;228,910;229,910;229,909;230,908;231,908;231,907;232,907;233,906;233,905;234,905;235,904;236,903;237,902;238,901;239,900;240,899;240,898;241,898;242,896;242,895;243,894;243,893;244,893;244,892;244,891;244,890;244,889;244,888;244,887;244,885;244,884;244,883;244,882;244,881;244,880;244,879;244,877;243,876;243,875;244,874;245,874;246,874;247,874;248,874;249,874;250,874;251,874;252,874;253,874;254,874;255,875;256,875;257,875;258,875;259,875;260,875;261,875;262,875;264,874;265,874;267,874;268,874;269,874;270,873;271,873;272,872;272,871;273,871;274,869;275,869;276,869;277,868;278,868;280,868;282,867;283,866;283,865;284,864;284,863;285,863;286,863;287,863;287,862;288,862;290,862;291,862;292,861;293,861;295,860;295,859;296,859;297,859;298,859;298,858;299,858;300,858;301,857;302,856;303,856;304,856;305,856;305,855;306,854;306,853;307,853;307,852;308,852;309,852;310,851;311,851;312,850;313,850;314,850;315,850;317,850;318,849;319,848;319,847;320,847;322,847;323,847;323,846;324,846;325,845;326,845;327,845;329,845;330,844;331,843;332,843;333,843;334,843;334,844;335,844;336,844;337,844;338,844;339,844;340,844;341,844;342,844;343,844;344,844;345,844;346,844;347,844;348,844;350,843;351,843;351,842;351,841;352,841;353,841;354,840;355,839;356,839;357,839;358,838;359,837;360,836;361,836;362,835;363,835;363,834;364,833;365,833;366,832;367,832;368,832;369,832;370,831;372,830;373,829;374,829;375,829;376,828;377,827;378,826;379,826;380,826;381,825;381,824;383,824;385,823;386,823;387,822;388,822;389,822;391,821;392,821;393,821;394,821;395,820;396,820;397,820;398,820;398,819;399,819;400,819;401,819;401,818;402,817;403,817;404,816;405,816;406,816;408,816;410,816;411,816;412,816;413,815;414,815;415,815;416,815;418,814;419,814;420,814;421,814;421,813;422,813;423,813;424,812;425,812;426,812;427,812;428,812;430,811;431,811;432,811;433,811;434,810;435,810;436,810;437,810;438,810;439,810;440,810;442,810;444,810;445,810;446,810;448,810;449,810;451,809;452,809;454,809;456,809;457,809;458,809;459,808;460,807;461,807;462,807;464,807;465,807;467,806;468,806;470,806;472,806;473,805;475,805;476,805;477,804;478,804;479,804;480,804;481,804;482,804;483,804;484,804;485,804;486,804;487,804;489,803;490,803;491,803;492,803;494,802;495,802;497,802;498,802;499,802;500,802;501,802;502,802;503,802;504,802;505,802;508,802;510,802;511,802;515,800;517,799;518,799;520,799;521,799;522,799;523,799;525,799;526,799;528,799;532,799;534,799;536,799;537,799;539,798;540,798;540,797;541,797;541,798;541,799;541,800;541,801;541,802;541,803;541,804;541,806;541,807;541,808;541,809;541,810;541,811;541,812;541,813;541,814;541,815;541,817;541,818;541,819;540,819;540,820;540,821;539,823;539,824;538,825;537,826;536,827;534,827;533,828;532,829;531,830;530,830;529,831;528,831;527,832;526,832;526,833;524,833;523,834;522,835;520,837;519,837;518,837;517,838;516,838;516,839;514,840;513,841;512,842;511,843;510,844;508,845;507,846;506,846;505,848;505,849;504,849;503,851;502,851;502,852;501,852;500,853;500,854;499,855;499,856;498,858;497,859;496,859;495,860;494,861;494,862;493,862;493,863;492,864;491,865;490,867;489,868;488,869;487,869;486,870;485,870;484,870;484,871;483,871;483,872;482,872;481,873;481,874;480,874;479,875;478,875;477,876;476,877;476,878;474,880;473,880;472,881;472,882;471,882;470,883;469,883;467,885;466,885;465,887;465,888;464,888;463,888;461,889;460,889;460,890;459,890;
Stroma, ICG; POLYGON; 255, 255, 255; 368,664;367,664;365,663;364,662;364,661;363,659;362,658;361,658;361,657;361,655;361,654;361,653;361,652;361,651;361,649;361,648;362,647;362,646;363,646;364,644;365,643;366,642;367,642;368,642;369,640;370,640;371,639;371,638;372,638;374,637;374,636;375,635;376,634;377,634;377,633;378,632;379,631;379,630;380,630;380,629;381,628;382,627;382,626;384,625;385,624;386,622;388,620;388,619;389,619;389,618;390,617;391,617;392,617;393,617;394,617;395,617;396,617;397,617;398,616;399,616;400,616;401,616;404,616;405,616;408,616;409,616;410,616;411,616;413,616;414,616;415,616;416,616;417,616;418,616;419,616;420,616;421,616;422,616;423,616;424,616;425,616;426,616;427,616;428,616;429,616;431,616;432,616;433,616;434,616;435,616;436,616;438,616;439,616;440,616;441,616;442,616;443,616;444,616;445,616;446,616;447,615;449,615;450,615;450,614;451,613;452,613;453,613;454,613;455,613;456,612;457,611;459,611;460,611;461,611;463,610;464,610;465,609;466,609;468,608;469,608;470,608;471,608;472,608;473,608;474,608;476,608;477,607;478,606;479,606;480,606;481,606;482,606;483,605;484,605;485,605;487,605;488,605;489,605;491,604;492,604;493,604;494,604;497,604;499,604;500,604;501,602;502,602;503,602;504,602;505,601;506,601;508,601;509,601;510,601;511,601;512,601;514,601;515,601;516,601;517,601;518,600;519,600;520,599;521,599;522,599;523,599;524,598;525,598;526,597;528,597;529,596;530,596;531,596;532,596;535,595;537,595;538,595;539,595;540,594;541,594;543,594;544,594;545,594;546,594;546,593;547,593;549,592;550,592;551,592;552,592;555,592;556,592;557,592;559,591;559,590;560,590;561,590;563,590;564,590;566,590;566,589;567,589;568,589;569,589;570,589;571,588;572,588;573,587;574,587;575,587;576,587;577,587;579,585;580,585;581,585;582,584;584,583;588,582;589,582;591,582;592,582;593,582;594,582;595,582;596,581;597,581;598,581;598,580;599,580;601,580;603,580;604,580;606,580;607,580;609,580;610,578;612,578;614,578;615,578;616,578;617,578;618,578;619,578;621,578;623,578;626,578;627,578;629,578;630,578;631,578;632,578;633,578;634,578;635,578;636,578;638,577;639,577;641,577;642,577;643,576;644,576;645,576;646,576;648,576;650,576;651,576;652,576;653,576;655,576;657,575;658,575;660,574;661,574;662,573;662,572;663,572;664,572;665,572;666,572;667,572;668,571;670,571;671,571;673,571;674,571;675,570;678,570;679,570;680,570;680,569;681,569;682,569;684,569;686,569;690,569;692,569;695,569;697,569;698,569;699,569;700,569;701,569;702,569;704,569;705,568;706,568;707,568;709,567;710,566;711,566;713,566;714,566;715,566;716,566;719,566;720,566;722,566;723,566;724,566;725,566;728,566;730,566;732,566;734,566;735,566;736,565;737,565;739,565;741,565;743,565;744,565;745,565;746,565;747,565;748,565;749,565;751,565;753,565;754,565;755,565;756,564;757,564;758,564;759,564;760,564;761,564;762,564;764,564;766,564;768,564;770,563;771,563;772,563;773,563;774,563;775,563;776,563;777,563;778,563;779,561;780,561;781,561;782,561;783,561;784,561;785,560;787,560;789,560;791,560;792,559;793,559;793,562;792,563;791,564;790,564;789,564;788,565;786,566;785,567;784,567;783,567;782,568;781,568;780,569;779,569;778,570;777,570;775,570;774,570;773,571;772,571;771,571;770,571;769,571;768,571;767,572;765,572;764,572;763,573;762,574;761,574;760,574;759,575;758,576;757,576;756,577;754,578;753,578;753,579;753,580;753,581;753,582;753,583;754,584;755,584;756,585;756,586;757,587;757,588;758,588;760,589;761,589;763,589;764,589;765,589;766,589;767,589;769,589;770,590;772,590;773,590;774,591;775,592;776,593;777,594;778,594;778,595;778,596;777,597;776,598;776,599;775,599;773,600;773,601;772,601;771,601;769,602;768,602;767,602;766,602;765,602;764,602;763,602;762,602;762,603;761,603;760,603;759,603;757,604;757,605;756,605;754,605;753,605;752,605;752,606;751,606;750,606;749,606;748,607;747,608;746,608;745,608;745,609;744,609;742,611;741,611;740,612;739,612;738,613;737,613;736,613;736,614;735,614;733,616;731,616;731,617;730,618;729,618;728,618;727,619;725,619;724,619;724,620;723,620;723,621;723,622;721,622;720,622;719,622;718,622;717,623;716,623;715,623;715,624;714,624;713,624;712,624;711,624;709,625;708,625;707,625;706,625;705,626;704,626;703,627;703,628;702,628;701,628;699,628;698,628;697,629;696,629;695,629;695,630;694,630;693,630;692,631;691,631;690,632;689,633;688,633;687,633;686,634;685,634;683,635;683,636;682,636;681,636;680,637;679,637;678,637;677,637;676,637;674,640;673,640;671,641;670,641;669,641;668,641;666,642;664,642;661,644;660,644;659,644;659,645;657,645;655,646;653,646;651,646;649,646;648,646;648,647;647,647;646,647;645,647;643,648;642,648;641,648;640,648;640,649;639,649;638,649;636,649;635,649;634,649;632,649;630,651;629,651;628,652;627,652;626,652;626,653;624,653;622,653;620,654;618,654;618,655;617,655;616,655;615,655;614,655;613,655;612,656;611,657;610,657;608,657;607,658;606,658;605,658;604,658;604,659;603,659;602,659;601,659;600,659;600,660;599,660;598,660;597,660;596,660;595,661;594,661;593,662;592,662;591,662;591,663;590,663;589,664;587,664;585,664;584,664;583,665;582,665;581,665;580,666;579,666;578,667;577,667;576,668;576,669;575,669;572,669;571,669;571,670;570,670;569,670;568,670;567,670;566,671;565,671;565,672;564,672;563,672;562,672;561,672;560,673;559,674;557,674;556,675;555,675;554,675;553,675;551,677;550,677;549,677;548,677;548,678;547,678;546,678;544,678;543,678;542,678;541,678;540,678;539,679;538,679;536,680;535,681;533,682;533,683;532,683;531,683;529,684;528,684;527,684;526,684;525,684;524,684;522,684;522,685;521,685;520,685;518,685;517,685;517,686;515,686;514,686;513,686;512,686;511,686;510,687;509,687;508,687;506,688;505,688;504,688;503,688;502,688;501,688;499,688;499,689;498,689;497,689;496,689;494,689;491,689;489,689;488,689;487,689;486,689;484,689;482,689;479,689;478,689;476,689;473,689;472,689;470,689;468,689;467,689;466,689;465,689;464,689;463,689;461,689;459,689;458,689;457,689;455,689;454,689;453,689;453,690;452,690;451,690;450,690;449,690;447,690;444,690;443,690;441,690;439,690;438,690;437,690;435,690;433,690;432,690;431,690;430,690;429,690;428,690;427,690;426,690;426,691;423,691;422,691;421,692;420,692;418,693;417,694;416,694;415,694;414,694;413,694;412,695;411,695;410,695;409,696;407,696;404,696;403,696;403,697;402,697;401,697;400,697;399,697;397,697;397,699;395,699;394,699;392,700;390,700;389,700;388,700;386,700;384,700;383,700;382,700;380,700;379,701;378,701;377,701;375,701;373,701;371,702;370,702;368,702;367,702;366,702;365,702;364,702;363,703;362,703;361,703;360,703;359,703;358,704;357,704;356,704;355,705;352,705;351,705;350,705;349,705;347,706;346,706;345,706;344,706;343,706;342,706;341,707;340,707;339,707;338,707;337,707;334,707;333,707;332,707;331,707;330,707;329,707;328,707;327,707;326,707;325,707;323,707;322,707;320,707;319,707;317,707;316,707;314,707;313,706;312,706;311,705;311,704;310,703;309,703;309,702;309,701;309,700;309,699;309,698;310,695;311,694;312,692;313,691;314,690;315,689;316,688;317,688;318,687;319,687;320,687;322,686;323,686;324,686;325,685;326,684;327,684;328,683;329,683;329,682;330,682;331,682;332,682;333,682;335,682;336,681;337,681;338,679;340,679;342,679;343,677;345,677;346,677;347,676;348,675;349,674;350,673;351,672;352,672;354,672;357,672;357,671;358,671;359,671;360,670;360,669;361,669;361,668;361,667;363,666;363,665;364,665;364,664;365,663;367,662;368,661;368,660;368,659;368,658;
Stroma, ICG; POLYGON; 255, 255, 255; 395,694;395,693;396,693;397,693;398,693;400,693;401,693;402,693;403,693;403,692;404,692;405,692;406,692;407,692;408,691;409,690;410,690;412,690;413,690;414,690;416,690;417,690;418,690;420,691;422,691;423,691;424,691;426,691;428,691;430,691;433,691;436,691;438,691;440,691;441,691;442,691;443,691;444,691;448,691;451,691;455,691;458,691;462,691;466,691;468,690;469,689;470,689;471,688;472,687;476,687;478,686;479,686;481,684;483,683;483,682;483,680;483,679;483,678;483,677;483,675;
Stroma, ICG; POLYGON; 255, 255, 255; 403,695;405,695;408,695;409,695;411,695;412,695;414,695;415,695;416,695;417,695;418,695;420,695;422,695;423,695;424,695;425,695;426,695;427,695;428,695;429,695;430,695;431,695;432,695;434,694;434,693;436,693;437,693;440,691;441,691;442,691;443,690;444,690;446,689;447,689;450,689;454,689;456,689;459,688;459,687;462,684;464,682;466,681;467,679;467,676;
Stroma, ICG; POLYGON; 255, 255, 255; 20,850;21,850;22,850;24,850;28,850;30,850;30,851;31,852;31,853;32,855;32,856;32,857;32,858;32,859;32,861;33,862;33,863;33,864;35,867;36,867;36,868;37,868;37,869;38,870;39,872;40,873;41,875;43,875;44,876;46,878;47,880;48,880;48,881;49,882;50,882;52,883;53,883;55,885;57,886;59,887;61,887;64,888;65,888;66,888;67,888;68,889;70,891;72,892;74,893;76,894;78,894;79,897;80,898;81,899;82,901;83,901;85,902;88,905;89,906;90,907;92,908;93,910;93,911;94,912;96,914;98,916;100,917;102,920;104,920;105,921;108,923;111,924;112,926;114,926;117,930;118,930;120,931;123,933;124,933;126,934;128,935;129,936;131,937;134,937;137,938;138,938;142,938;144,939;146,939;149,940;150,940;152,940;153,940;153,941;155,942;156,943;157,944;158,944;158,945;159,945;160,945;162,946;163,946;164,947;165,948;166,948;167,949;168,949;169,949;171,949;171,950;172,951;174,951;175,951;176,952;177,952;178,952;179,952;180,952;182,954;183,954;185,954;186,954;188,955;189,955;190,955;191,955;192,955;195,956;196,956;198,956;199,956;200,956;201,956;202,956;203,956;204,955;205,955;206,955;207,954;207,953;208,953;208,952;210,952;211,952;212,951;212,950;213,949;213,948;213,947;213,946;214,945;215,943;215,942;216,941;216,940;218,939;218,938;220,937;220,936;221,935;221,934;222,933;223,932;224,931;224,929;224,927;224,926;224,925;224,924;224,923;224,922;224,921;224,920;224,919;223,919;223,921;223,922;222,923;221,923;221,924;221,925;220,927;220,928;218,928;217,929;216,930;215,930;214,930;211,930;210,930;206,930;205,930;204,930;203,930;202,930;201,931;200,931;199,931;198,933;197,934;196,935;194,935;194,936;193,936;192,936;191,937;190,937;189,937;188,937;186,938;186,939;185,939;183,938;183,937;183,936;183,935;183,933;183,932;183,930;183,929;183,928;183,927;183,926;183,925;183,924;183,923;183,922;183,921;183,920;183,919;183,918;183,917;183,916;183,915;183,914;183,913;183,912;184,912;184,910;184,908;184,907;185,906;185,905;185,904;185,903;185,901;185,900;185,899;185,898;185,897;185,896;185,895;185,894;185,893;185,891;185,890;185,889;185,888;185,887;185,886;185,885;185,884;184,884;184,883;183,882;182,881;181,881;180,880;179,880;177,880;176,880;175,880;174,880;173,880;172,880;170,880;169,880;168,880;167,880;166,879;165,879;164,879;163,879;162,879;161,879;160,879;158,879;157,879;156,879;155,879;154,879;152,879;151,879;150,879;149,879;148,878;146,878;144,878;143,878;142,878;141,878;140,878;139,877;138,877;137,877;136,877;135,877;133,877;132,877;131,876;130,876;129,876;128,876;128,875;127,874;126,873;126,872;125,870;125,869;125,868;125,867;125,866;125,865;125,864;125,863;125,862;125,861;125,859;125,858;125,857;125,856;125,855;125,854;125,853;125,852;125,851;125,850;126,850;127,850;128,850;129,850;131,849;132,849;133,849;134,849;136,849;137,848;138,848;139,848;140,848;141,848;144,848;145,848;146,848;148,848;149,848;150,848;151,847;153,847;154,847;155,847;156,847;157,847;158,847;159,847;160,847;161,847;162,846;163,846;164,846;165,846;166,846;168,845;170,844;171,844;172,844;174,843;175,843;177,843;178,843;180,843;181,841;182,841;185,841;187,840;188,840;189,839;190,839;191,839;191,838;192,837;193,837;194,837;195,837;196,837;197,836;198,836;200,835;200,834;201,834;202,833;203,832;204,832;205,832;206,832;207,832;209,832;210,832;211,831;212,831;214,830;216,829;217,828;218,827;219,827;220,827;222,827;223,827;224,826;225,826;226,826;227,826;228,826;229,826;230,826;232,826;233,825;234,825;234,824;235,824;235,823;236,823;237,822;237,821;237,820;236,819;235,819;234,819;234,818;233,818;231,817;230,816;229,815;228,814;227,814;226,814;225,814;224,814;224,813;223,813;222,813;221,813;220,813;219,813;218,813;217,812;216,812;215,811;214,811;213,811;212,810;210,810;209,810;207,810;206,809;205,809;203,808;202,808;201,808;199,808;198,808;196,808;194,808;193,808;192,808;191,808;190,808;189,808;188,808;187,808;186,808;185,808;183,808;182,808;181,808;180,808;179,808;179,807;178,807;178,806;177,806;176,806;175,804;174,803;172,803;171,804;171,805;171,806;171,807;171,809;171,810;171,811;171,812;171,813;171,814;171,816;171,817;171,818;172,819;172,820;172,821;172,822;172,823;172,824;171,824;170,824;169,824;168,825;167,825;166,825;165,825;164,825;162,825;161,825;160,825;159,825;157,825;155,825;154,825;153,825;152,825;150,825;149,825;148,825;146,825;145,825;144,825;144,824;143,824;142,824;141,824;139,822;138,822;137,821;136,821;135,819;134,819;133,819;132,819;131,818;130,817;129,817;128,817;127,817;126,817;125,817;125,816;124,816;123,815;122,815;121,815;121,814;120,814;119,813;118,813;115,812;114,812;114,811;113,811;112,809;111,809;110,809;108,808;107,808;105,808;104,808;103,808;101,808;100,808;99,808;98,808;97,808;96,808;94,808;93,808;91,808;90,808;89,808;88,809;87,809;86,809;83,810;83,811;82,811;81,812;80,812;79,812;78,812;78,813;78,814;76,815;75,816;73,817;71,817;70,817;69,818;68,819;67,820;66,821;66,822;66,823;66,824;67,825;68,827;69,828;70,828;71,828;72,828;73,828;75,828;76,829;77,829;79,829;80,829;81,829;82,829;83,829;84,829;85,829;86,829;88,829;89,829;90,829;91,829;93,829;94,829;96,829;97,829;98,829;99,829;100,829;101,829;102,829;103,829;105,830;106,830;108,830;108,831;109,832;109,833;110,835;110,836;110,837;110,838;110,839;110,841;109,842;108,842;108,843;107,843;107,844;105,845;104,847;103,847;102,848;101,848;100,849;99,849;99,850;98,851;97,852;97,853;97,854;96,854;95,855;94,855;93,855;92,855;91,856;90,856;89,856;88,856;87,856;86,856;85,856;83,855;82,855;81,854;80,854;79,854;79,853;78,852;78,851;78,850;78,849;77,848;77,847;77,846;77,845;77,844;77,843;77,842;76,842;75,840;73,840;72,839;70,839;69,838;68,838;67,838;65,838;65,837;64,837;64,836;63,835;63,834;62,834;61,834;61,833;60,833;60,832;59,831;58,831;58,830;57,829;57,828;56,827;54,826;53,826;51,826;50,826;49,826;48,826;47,826;45,826;44,826;43,826;42,826;41,826;40,826;39,826;38,826;37,826;36,826;36,827;34,827;33,827;32,827;31,827;30,829;28,829;26,829;25,829;25,830;24,830;24,831;23,832;23,833;23,834;23,835;22,836;21,837;20,838;20,839;20,840;20,841;19,841;19,842;19,843;17,844;17,845;17,846;17,847;17,848;17,849;17,850;
Stroma, ICG; POLYGON; 255, 255, 255; 3,841;3,840;3,839;3,838;4,836;4,835;5,834;6,832;7,832;7,831;8,830;8,829;9,829;9,828;10,828;11,828;12,828;13,827;14,827;15,827;16,827;17,827;18,827;19,827;20,826;21,826;22,826;23,826;25,826;27,827;29,828;31,829;32,829;33,828;33,827;35,827;36,826;37,826;38,824;39,823;40,823;40,822;40,821;40,820;40,819;40,818;40,817;40,816;39,815;39,814;37,813;37,812;37,811;37,810;38,810;39,810;39,809;40,809;42,809;43,809;45,807;46,807;47,807;48,806;49,806;50,806;50,805;51,805;51,804;52,804;53,804;54,803;55,802;55,801;56,801;57,801;58,800;59,799;61,799;62,799;63,799;64,799;65,798;66,798;67,797;68,797;70,795;72,794;72,793;73,792;74,792;74,791;76,789;77,789;78,788;79,788;81,788;82,788;82,787;84,786;85,785;86,785;87,784;87,783;88,783;89,782;88,782;87,782;86,782;85,782;84,781;83,781;82,781;81,780;80,780;79,780;76,780;75,780;74,780;73,780;72,780;71,779;70,779;68,779;67,779;66,779;65,779;64,778;63,778;63,777;62,777;61,777;60,777;58,776;57,776;56,776;54,776;52,776;51,776;49,776;48,775;46,775;45,775;44,774;43,774;42,774;40,774;39,774;38,774;37,774;35,774;34,774;33,774;32,774;30,774;29,774;28,774;27,774;26,774;24,774;22,774;21,774;20,774;19,774;18,774;17,774;14,774;13,774;11,774;9,774;8,774;7,774;6,774;5,774;4,774;3,774;3,775;3,776;5,776;6,777;7,777;8,778;9,778;10,778;11,778;13,778;14,778;15,778;16,778;17,778;19,778;20,778;21,778;22,779;23,779;24,780;25,780;28,780;29,781;30,781;30,782;30,784;29,785;29,786;27,786;26,786;25,787;25,788;24,789;23,789;22,789;22,790;21,791;20,791;19,792;18,792;16,794;15,794;15,795;15,796;14,797;14,798;13,799;12,800;12,801;11,803;11,804;10,805;9,806;8,806;8,807;7,808;7,809;6,809;5,809;4,809;3,810;2,810;2,811;1,811;-1,812;-2,813;-2,814;-2,815;-2,816;-1,817;
Stroma, ICG; POLYGON; 255, 255, 255; 71,849;71,848;71,847;72,847;74,846;75,845;76,844;77,844;78,844;78,843;78,842;78,841;78,840;78,839;78,838;79,837;79,836;79,835;80,834;81,834;82,832;83,831;84,831;84,830;84,829;84,828;84,827;84,826;82,825;81,825;80,824;79,824;78,824;77,823;76,822;75,822;74,822;71,820;69,820;68,820;65,819;65,818;64,818;63,818;61,818;60,818;59,818;58,818;57,818;56,818;55,818;54,818;53,819;52,819;51,819;51,820;51,821;51,822;51,823;50,824;50,825;50,826;50,827;49,828;48,829;48,830;48,831;48,832;48,833;48,834;48,835;48,836;48,837;48,838;50,840;53,842;
Stroma, ICG; POLYGON; 255, 255, 255; 111,840;111,839;111,838;111,837;110,836;109,836;108,835;108,834;107,833;106,832;105,831;104,830;102,829;101,829;101,828;101,827;101,826;101,825;102,825;103,825;104,825;105,825;106,825;107,825;109,825;111,825;113,825;114,825;115,825;116,825;118,825;120,825;122,826;127,829;
Stroma, ICG; POLYGON; 255, 255, 255; 116,849;114,849;113,849;112,849;110,849;109,849;108,849;107,849;106,847;106,846;106,845;105,843;105,842;105,840;105,839;105,838;105,836;105,835;105,834;105,833;105,832;105,831;106,830;106,829;106,828;106,827;107,827;109,827;111,829;112,829;113,830;115,830;
Stroma, ICG; POLYGON; 255, 255, 255; 173,920;174,918;175,918;177,916;178,916;180,915;181,915;182,915;183,913;184,913;185,912;185,911;186,911;187,910;187,909;188,909;189,908;189,907;189,906;189,905;189,904;189,903;189,902;189,901;189,899;189,898;189,897;189,896;189,895;189,894;187,892;186,890;185,889;184,888;184,887;183,886;182,884;181,883;181,882;180,882;179,882;178,881;177,881;175,880;173,880;171,879;169,879;166,879;165,879;163,879;161,879;159,880;155,882;151,886;147,889;145,892;142,895;139,898;137,899;136,901;136,904;135,905;135,906;
Stroma, ICG; POLYGON; 255, 255, 255; 209,937;209,936;209,935;209,934;209,933;209,932;210,931;210,930;211,929;211,928;212,927;212,926;214,925;215,925;215,924;215,923;215,922;215,921;216,921;217,920;218,919;219,918;220,917;221,916;222,915;223,915;224,915;225,915;226,914;227,914;228,914;229,914;230,914;231,915;231,916;232,917;
Stroma, ICG; POLYGON; 255, 255, 255; 206,956;207,956;208,956;212,956;216,956;218,958;221,958;224,960;227,961;229,962;230,962;232,962;233,963;235,966;237,968;240,972;244,975;245,976;247,979;249,981;251,981;252,981;256,981;258,982;259,982;261,983;262,983;266,986;268,986;270,986;273,986;274,986;277,986;280,986;282,986;284,986;286,986;287,987;289,987;291,988;292,989;295,989;297,989;300,989;301,989;303,989;304,989;306,990;308,990;309,991;312,992;314,993;317,994;320,994;323,995;326,995;329,995;332,995;335,995;336,995;338,996;341,996;343,997;347,997;349,997;350,997;352,997;354,997;355,997;356,997;359,997;360,999;363,999;365,999;367,999;368,999;371,999;372,999;374,998;375,998;376,998;377,998;379,998;383,998;385,998;387,998;389,997;390,997;392,997;393,996;395,996;396,996;398,996;400,995;403,995;405,994;406,993;407,992;409,991;410,991;412,991;414,991;415,991;416,991;417,991;418,991;420,991;423,991;425,991;428,991;430,991;431,991;432,990;433,990;435,990;436,990;436,989;437,988;438,988;440,988;441,988;442,988;444,986;445,986;447,986;448,986;449,986;450,986;451,986;453,986;454,986;455,986;456,986;457,985;458,985;460,985;461,985;464,985;465,985;466,985;467,985;468,985;470,986;470,985;470,984;471,982;471,981;472,980;472,979;472,978;473,977;474,976;475,976;476,976;476,975;476,974;476,973;476,972;477,971;477,970;476,969;475,969;475,968;474,966;474,965;473,965;473,964;472,963;472,962;472,961;472,960;471,959;471,958;471,957;471,956;470,955;470,953;470,952;469,952;469,951;468,951;468,950;467,950;465,951;464,952;464,953;463,953;463,954;462,955;461,957;460,957;460,958;459,958;459,960;458,961;457,961;456,961;453,962;452,962;451,962;450,962;450,960;450,959;450,958;450,957;449,957;449,956;448,955;448,954;447,954;446,953;446,952;445,950;445,949;445,948;445,947;443,947;443,946;442,946;442,945;441,945;440,945;439,945;439,946;438,946;438,947;436,949;434,951;433,952;431,952;429,953;428,954;427,955;426,956;425,956;423,957;423,958;422,958;421,958;419,959;417,959;417,960;416,960;415,960;414,960;413,960;412,960;411,960;410,960;409,960;408,960;407,960;407,959;406,959;406,958;405,958;404,958;404,957;403,956;402,956;401,956;401,955;400,955;398,955;397,954;395,953;394,953;393,953;391,953;390,952;389,952;388,952;387,952;385,952;384,952;383,952;382,952;381,952;380,952;379,952;378,952;377,952;376,952;374,952;372,952;371,952;369,952;368,953;367,953;367,954;366,955;365,955;364,955;362,956;360,957;359,957;358,957;357,958;356,958;355,958;354,958;353,959;351,959;350,959;349,960;348,960;347,960;346,960;345,960;344,960;343,960;342,960;341,962;340,962;338,963;337,963;335,963;333,963;332,963;331,963;330,963;329,963;327,963;326,963;324,963;323,963;321,963;320,963;318,963;315,963;313,963;312,963;311,963;310,963;309,963;308,963;307,963;306,963;305,963;304,963;303,964;302,964;301,964;300,965;298,965;297,965;296,965;294,965;292,967;291,967;290,967;289,967;288,968;287,968;286,969;285,969;284,969;282,969;281,969;279,969;277,969;276,969;275,970;274,970;273,970;272,970;270,970;269,970;268,970;267,970;266,970;264,970;263,970;263,968;262,967;262,966;261,966;260,965;260,964;259,964;258,964;257,963;257,962;257,961;257,960;256,959;255,958;254,958;254,957;253,956;253,955;253,954;253,953;252,951;252,950;251,949;251,948;250,948;249,948;247,948;246,948;245,948;244,948;242,948;241,948;240,948;239,948;238,948;237,948;235,948;234,948;233,948;232,948;231,948;230,948;228,948;227,948;226,948;225,948;223,948;222,948;221,948;220,948;219,947;218,946;217,946;216,946;215,946;213,946;211,945;
Stroma, ICG; POLYGON; 255, 255, 255; 300,876;300,875;300,874;301,874;304,873;306,873;307,872;309,871;310,870;311,870;313,868;315,868;316,868;316,867;317,867;318,866;319,865;320,865;321,865;322,865;323,865;324,865;325,864;327,864;328,863;328,862;329,862;330,862;331,862;332,861;334,861;335,861;336,860;337,859;338,859;339,859;340,858;341,858;343,858;343,857;344,856;345,856;345,855;346,855;346,854;347,853;348,853;349,853;350,853;350,852;350,851;349,850;348,849;347,849;346,849;345,849;344,849;343,849;342,849;340,849;
Stroma, ICG; POLYGON; 255, 255, 255; 308,874;308,876;309,877;310,876;311,876;312,876;314,876;315,876;317,874;318,874;319,873;320,872;321,872;322,872;323,871;323,870;323,869;324,869;324,868;326,868;327,868;328,868;328,867;329,867;330,866;331,866;332,866;332,865;333,864;334,863;335,862;337,861;337,860;338,859;340,859;340,858;341,857;342,857;342,856;343,856;343,855;343,853;344,851;345,850;
Stroma, ICG; POLYGON; 255, 255, 255; 493,535;494,535;494,534;495,534;497,533;497,532;498,532;499,532;499,531;500,530;500,529;501,529;502,528;503,528;504,528;504,527;505,527;507,527;511,525;511,524;514,523;514,522;515,522;516,522;517,522;518,521;519,521;520,521;521,521;522,521;523,521;524,521;525,521;525,520;526,520;527,520;528,519;529,519;530,519;533,518;534,518;535,517;536,517;537,517;539,517;540,516;541,516;543,515;544,514;545,514;546,514;547,514;547,512;548,511;549,511;550,511;550,510;552,510;553,510;555,510;557,510;558,510;560,509;561,509;563,509;564,509;564,508;566,508;566,507;568,506;570,506;571,506;572,506;574,505;575,505;576,505;577,504;578,504;580,504;581,504;582,502;583,502;585,500;587,500;587,499;589,498;591,498;592,498;593,498;595,498;596,498;597,497;598,497;599,497;600,497;601,497;603,496;604,496;605,496;606,496;607,496;608,496;609,496;610,496;611,496;612,496;612,495;612,494;613,494;614,494;615,494;617,494;618,494;620,494;622,494;623,494;625,493;627,493;628,493;629,492;630,492;631,492;632,492;634,492;635,492;637,492;638,491;639,491;641,491;642,491;643,490;644,490;645,490;646,490;647,490;649,490;650,490;651,489;652,489;653,489;655,488;656,487;657,487;660,487;662,487;663,487;664,487;665,487;666,487;667,486;668,486;669,486;671,486;672,486;674,486;675,486;676,486;678,486;679,486;681,485;684,484;685,483;686,482;687,482;688,482;689,482;690,481;691,480;693,480;693,479;694,479;695,479;696,479;697,479;698,479;698,478;700,477;700,476;701,476;703,475;703,474;704,474;705,474;706,473;707,472;709,472;710,471;711,471;712,470;713,469;714,469;715,468;717,468;719,468;720,467;722,467;724,466;725,466;727,466;729,464;731,464;732,464;732,463;733,463;734,463;735,463;736,463;736,462;737,461;738,461;739,461;741,461;743,461;744,461;744,460;745,459;746,459;747,459;748,458;749,458;750,458;752,458;754,457;756,457;757,456;759,456;761,456;762,456;764,455;765,455;766,455;767,454;768,454;768,453;769,453;770,453;771,453;773,452;774,452;775,452;776,452;777,452;778,452;778,451;780,451;781,451;783,451;784,451;786,450;787,450;788,450;789,450;790,450;791,449;792,449;793,449;795,449;798,449;799,449;800,449;802,449;803,449;804,449;806,449;808,449;810,449;811,449;812,449;813,449;815,449;816,449;817,449;818,449;819,449;822,449;823,449;824,449;825,449;826,449;827,449;828,449;830,449;832,449;833,449;836,449;838,449;839,449;840,449;841,449;843,449;845,449;847,449;849,449;850,449;852,449;853,449;855,449;856,449;857,449;858,449;859,449;860,449;862,449;863,449;866,449;869,449;872,449;873,449;874,449;875,449;876,449;878,449;880,449;881,450;882,450;882,451;883,452;883,453;884,453;885,455;888,456;891,457;892,457;893,458;893,459;894,459;895,459;896,459;897,459;898,459;899,459;901,459;903,459;904,459;905,459;907,459;908,459;910,459;912,459;914,459;915,459;917,459;918,459;919,459;920,459;921,459;925,459;927,459;929,459;930,459;931,459;932,459;933,459;934,459;935,459;936,459;939,459;941,459;942,459;943,459;944,458;946,457;947,457;949,457;951,457;952,456;953,455;954,455;955,455;955,454;956,453;956,452;957,452;958,452;960,451;961,451;962,450;964,449;964,448;966,447;966,446;967,446;969,444;970,444;972,444;973,444;974,443;975,443;975,442;977,441;977,440;978,439;978,438;980,438;980,437;981,436;983,435;984,434;986,433;987,433;988,432;989,431;990,431;991,430;992,429;994,428;995,427;996,426;997,425;997,424;998,424;999,422;1000,422;1001,422;1002,421;1003,421;1004,421;1006,421;1007,421;1008,421;1009,422;1009,424;1010,425;1010,427;1010,429;1010,430;1011,431;1012,434;1012,435;1012,436;1012,437;1012,438;1012,439;1012,440;1012,442;1012,443;1012,445;1012,446;1012,448;1012,449;1012,450;1013,452;1013,453;1013,455;1013,456;1013,458;1014,459;1014,460;1014,461;1014,462;1014,464;1014,466;1014,467;1014,469;1014,471;1014,472;1014,473;1014,474;1014,475;1014,477;1014,478;1014,480;1014,481;1014,482;1014,483;1014,484;1014,485;1014,486;1014,487;1013,489;1012,490;1012,491;1011,493;1010,494;1009,495;1009,496;1007,497;1007,498;1006,498;1004,499;1003,499;1002,500;1001,500;1000,500;999,502;998,502;997,503;996,503;995,503;994,503;992,503;991,503;990,503;989,503;988,503;986,503;984,503;983,503;981,503;980,503;978,504;976,504;974,504;972,504;969,504;966,504;965,504;964,504;963,504;962,504;961,504;960,504;959,504;957,505;956,505;955,505;954,505;953,505;952,505;951,505;949,505;948,505;947,505;946,505;944,505;943,505;942,505;940,505;939,505;938,505;937,505;936,505;935,505;934,505;933,505;932,505;931,506;928,506;927,506;926,506;925,506;923,508;921,508;920,508;919,508;918,508;917,508;916,508;915,508;914,508;913,508;911,508;910,508;908,508;907,508;906,508;905,508;903,508;902,508;901,508;899,508;898,508;897,508;896,508;895,508;893,508;892,508;890,508;888,508;887,508;886,508;885,508;884,508;883,508;882,508;880,508;879,508;877,508;876,508;875,508;875,507;874,507;873,507;872,507;870,507;869,506;868,506;867,506;866,506;865,506;864,506;862,506;861,506;859,506;856,504;855,504;853,504;851,504;849,504;848,504;847,504;845,504;842,504;841,504;838,504;835,503;833,503;832,503;831,503;829,503;827,502;827,501;826,501;825,501;823,501;821,501;820,501;818,501;817,501;816,501;814,501;812,501;811,501;809,501;808,501;807,501;806,501;805,501;804,501;803,501;801,501;800,501;799,501;798,501;796,501;795,501;794,501;793,501;791,501;789,501;787,501;786,501;785,501;784,501;783,501;782,501;780,501;779,501;778,501;777,501;776,501;775,501;774,501;773,501;772,501;771,501;770,501;769,501;767,501;766,501;765,501;764,501;763,501;762,501;760,502;759,502;758,502;757,502;754,502;753,502;752,502;751,502;750,502;749,502;748,503;747,503;746,503;745,503;744,503;742,504;740,504;739,505;738,505;737,505;736,506;735,506;734,506;730,507;729,508;727,508;726,509;725,509;724,509;722,510;719,511;718,511;717,511;715,512;714,512;713,512;711,513;709,514;707,514;706,514;705,514;704,514;703,514;702,514;701,514;699,515;698,516;697,516;695,516;694,516;692,516;691,516;690,516;689,516;688,517;687,517;686,517;685,517;683,517;682,518;681,519;680,519;679,519;678,519;678,520;677,520;676,521;675,521;674,521;673,521;672,521;671,521;669,522;668,522;666,522;665,522;661,523;660,523;658,524;657,524;656,524;654,525;653,525;652,525;651,525;649,526;648,526;647,526;646,526;644,527;643,527;641,527;638,527;636,527;635,527;634,527;633,527;632,527;629,527;627,527;626,527;624,527;623,527;622,527;621,527;619,527;618,527;616,527;613,528;611,528;610,528;609,528;608,528;607,528;606,529;605,529;602,529;600,529;598,529;597,530;596,530;595,530;594,530;592,531;591,531;589,532;588,532;587,533;586,533;585,533;584,533;581,535;580,535;579,535;579,536;578,536;577,536;576,536;575,538;574,538;573,538;571,539;570,539;569,539;568,539;567,540;566,540;565,540;564,541;562,541;561,541;560,541;559,541;558,541;554,541;552,541;550,541;550,542;549,542;547,543;547,544;546,544;544,544;541,544;539,544;538,544;537,544;535,544;534,544;533,544;532,544;531,544;528,544;526,544;523,544;521,544;518,544;517,544;516,544;515,544;514,544;513,544;512,544;511,544;510,544;508,544;506,544;505,544;504,544;503,544;502,544;501,544;500,544;499,544;498,543;497,543;496,543;495,543;495,542;493,541;493,540;493,538;493,537;493,536;493,535;493,534;493,533;493,532;493,531;493,530;495,529;496,529;497,529;
Stroma, ICG; POLYGON; 255, 255, 255; 107,672;107,671;107,670;107,669;107,667;107,666;107,665;108,665;109,663;109,662;109,661;109,660;109,659;109,658;110,657;111,656;112,655;113,653;113,652;115,651;117,649;118,648;120,646;121,644;122,644;123,643;124,643;125,642;126,641;127,640;127,639;127,638;129,636;130,635;131,634;131,632;131,631;133,630;134,629;134,628;135,627;136,626;137,626;137,624;138,623;140,622;141,622;142,622;142,621;143,621;143,620;144,620;144,618;145,618;147,616;147,615;148,614;148,612;149,611;149,610;149,609;149,607;149,606;150,605;150,604;150,603;151,602;151,601;151,600;151,599;151,598;151,597;152,596;152,595;153,593;154,592;155,591;156,590;157,590;158,589;158,588;160,587;161,586;162,586;163,586;164,585;165,585;166,585;167,585;168,585;169,585;170,585;171,585;172,585;172,584;173,583;174,583;175,583;176,583;177,583;177,582;177,581;179,581;180,581;182,581;184,581;185,581;188,581;191,581;192,580;193,580;194,580;195,579;197,579;198,579;199,578;200,578;201,578;203,578;206,578;206,577;208,576;209,575;210,575;211,575;212,574;213,573;215,573;216,573;217,572;218,572;219,572;220,572;221,572;222,572;223,572;224,572;227,571;228,571;229,571;230,570;230,569;231,568;232,568;234,568;235,568;236,568;237,568;238,568;239,568;240,568;241,567;242,567;243,567;244,567;245,566;247,566;248,565;249,565;250,565;251,565;252,565;253,565;254,564;255,564;256,564;257,564;259,564;261,564;263,564;264,564;265,564;266,564;267,564;268,564;269,564;270,564;271,564;273,564;274,564;277,564;278,564;280,564;281,564;283,564;286,564;288,564;289,564;291,564;292,564;293,563;294,563;295,563;297,563;298,563;300,563;300,562;301,562;302,562;303,562;304,562;305,562;306,562;308,562;309,562;311,562;312,562;314,562;315,562;316,562;317,562;318,562;321,562;323,562;324,562;326,562;327,562;329,561;331,561;332,561;333,561;334,561;335,561;336,560;338,560;339,560;340,560;341,560;342,560;343,560;344,560;345,560;346,560;347,560;348,560;349,560;350,560;351,560;352,558;354,558;355,558;356,558;357,558;360,558;362,558;363,558;364,558;367,558;368,558;371,558;374,558;376,558;379,558;380,557;381,557;382,557;383,557;385,557;387,557;391,555;393,555;394,555;396,555;397,555;397,554;398,554;400,553;401,552;402,552;403,552;404,552;406,551;407,551;408,551;410,551;412,550;413,550;415,550;416,550;416,549;418,549;420,549;422,548;425,548;427,546;429,545;430,545;431,545;433,545;434,545;435,545;436,544;437,544;439,544;440,543;441,543;443,543;444,543;445,543;446,542;446,541;447,541;448,541;448,540;449,540;452,540;453,539;455,538;456,538;457,538;458,538;459,538;461,538;462,538;463,537;464,537;465,537;466,537;467,536;468,536;469,536;470,536;471,536;472,536;472,534;473,534;474,534;475,534;477,532;478,532;479,532;481,532;484,530;485,530;486,529;487,528;488,527;489,527;490,526;491,526;492,526;493,525;495,525;496,525;497,525;498,525;499,525;500,524;502,524;503,524;504,524;505,524;505,523;506,523;507,523;508,523;509,523;511,522;513,522;515,521;516,521;517,521;519,520;520,520;521,520;522,520;524,519;525,518;526,518;528,518;530,517;531,516;532,516;534,514;535,514;537,514;538,514;539,513;541,513;542,513;542,512;544,512;545,511;546,511;547,511;548,511;549,510;550,510;551,510;553,509;555,509;556,508;557,508;558,508;559,507;560,507;561,507;563,507;564,507;566,507;567,507;568,506;569,506;570,506;571,506;573,506;575,506;578,506;580,506;581,506;582,507;583,507;583,508;583,509;584,510;584,511;584,512;584,513;584,515;584,516;584,517;583,519;582,520;582,521;580,522;578,523;575,524;572,526;570,527;567,528;566,529;562,530;560,531;558,531;556,533;555,533;554,534;553,534;551,534;547,535;545,535;543,536;541,536;540,536;540,537;539,537;538,537;537,537;536,537;535,537;534,537;533,537;532,537;531,537;530,537;529,537;528,537;527,537;526,537;524,537;523,537;522,537;521,537;520,537;519,538;518,538;517,539;516,539;515,539;514,539;512,540;511,540;510,540;509,540;507,541;506,541;505,541;504,541;503,541;502,541;501,541;500,541;500,542;499,542;498,542;497,542;496,542;495,542;494,542;493,542;491,542;490,542;489,542;488,542;487,542;486,542;485,542;484,542;483,542;482,542;481,542;480,542;478,542;477,542;476,542;475,542;474,542;473,542;471,542;470,542;469,542;467,542;466,542;464,542;463,542;461,542;459,543;458,543;457,543;457,544;457,545;457,546;457,547;458,548;458,550;458,551;458,552;458,553;458,554;458,556;458,557;458,558;458,559;458,560;457,561;457,562;457,563;456,563;455,563;455,564;454,565;453,565;452,566;451,566;450,566;449,567;448,567;447,568;446,569;445,569;444,569;443,569;442,569;441,569;440,570;439,570;438,570;437,570;436,571;435,571;434,572;432,573;431,573;430,574;429,575;428,575;427,575;425,576;424,576;422,576;421,576;420,577;417,579;417,580;416,580;415,580;415,581;414,581;413,581;412,581;412,582;411,582;410,582;409,582;409,583;408,584;408,585;407,585;406,586;406,587;405,587;405,588;404,588;404,589;403,590;402,591;401,592;400,592;399,593;398,595;398,596;397,596;396,597;395,598;395,599;395,600;395,601;395,602;395,603;395,604;395,606;395,607;395,608;395,609;395,610;395,611;395,612;394,614;393,615;392,615;391,616;390,617;389,617;388,617;386,617;385,617;383,617;382,617;381,617;380,617;379,617;379,616;378,616;378,614;377,614;376,614;376,613;376,612;376,611;375,610;375,609;375,608;374,608;374,607;373,607;373,606;373,605;373,604;373,603;373,602;374,601;374,600;375,600;375,599;376,597;377,597;378,595;379,595;379,594;380,594;381,594;381,593;382,593;382,592;382,591;382,590;382,589;382,588;382,587;382,586;382,585;382,584;382,583;382,582;382,581;381,580;381,579;380,579;379,579;377,579;376,579;375,579;374,579;373,579;372,579;371,579;370,579;369,579;368,579;367,580;366,580;364,581;363,582;362,583;361,584;361,585;360,585;359,587;358,587;358,588;357,588;355,588;355,589;354,589;354,591;352,593;351,593;351,594;350,594;349,594;348,594;347,594;346,594;345,594;343,594;342,594;341,594;340,594;338,595;337,595;336,595;335,595;334,595;333,595;332,595;331,595;329,596;329,597;329,598;327,599;326,599;326,600;325,600;324,601;324,602;323,603;323,604;323,605;323,606;321,606;321,607;321,608;321,609;321,610;322,611;322,612;323,612;324,612;326,612;327,612;329,612;331,612;332,612;333,612;334,613;336,613;337,614;338,614;339,614;340,614;341,614;342,614;343,614;345,614;346,614;347,614;348,614;349,614;350,614;351,614;352,614;353,614;354,614;355,614;357,614;358,614;359,614;360,614;361,614;362,614;363,614;364,614;365,614;366,614;367,615;367,616;369,616;370,616;371,616;372,616;373,616;374,617;375,617;377,617;380,617;381,618;382,618;382,619;382,620;382,621;382,622;382,623;382,624;382,625;382,627;382,628;382,629;382,630;382,631;382,632;382,634;382,635;382,636;382,637;381,639;381,640;381,641;381,642;381,643;381,644;381,646;381,647;381,648;380,649;379,650;378,650;378,651;376,653;376,655;375,655;375,656;374,657;374,658;373,658;373,659;372,659;372,660;371,661;371,662;370,662;369,662;368,662;367,662;366,662;365,662;364,662;363,662;362,662;360,660;359,660;358,659;357,659;356,658;355,658;354,656;353,655;352,655;350,655;349,655;348,655;348,654;346,653;344,652;343,651;343,650;342,649;341,649;340,648;339,647;338,647;337,647;336,647;335,647;334,647;333,647;331,647;330,646;328,646;327,646;326,646;325,646;324,646;323,647;322,647;320,647;319,647;318,647;317,647;317,646;316,646;315,644;314,643;312,642;309,640;308,639;307,638;306,637;305,636;304,635;303,635;302,635;301,635;299,635;298,635;297,635;296,635;295,635;295,636;294,636;294,637;294,638;294,639;294,640;294,641;294,642;294,643;295,644;295,645;295,646;295,647;296,648;296,649;296,650;296,651;296,652;296,653;296,654;296,656;296,657;296,658;295,659;295,660;294,660;292,660;291,660;290,660;289,660;287,660;286,660;285,660;284,660;283,660;282,660;281,660;280,660;279,661;278,662;277,662;274,663;273,663;272,664;270,665;269,665;268,665;267,665;266,665;265,666;264,667;263,668;262,668;261,669;259,670;258,671;258,672;258,673;258,674;258,675;258,676;258,678;258,679;259,680;260,681;263,682;265,682;267,684;269,685;270,685;271,685;272,686;273,686;274,686;276,686;276,687;277,687;279,687;280,687;282,687;283,688;284,688;285,688;286,688;287,688;288,689;290,690;291,690;293,690;294,690;295,690;296,691;298,692;299,692;300,692;301,692;302,692;303,692;304,692;305,692;306,692;307,692;308,692;309,692;311,692;312,692;313,692;314,692;315,692;316,693;317,694;317,695;317,696;317,697;317,698;317,699;317,700;317,701;315,703;314,703;313,704;311,704;311,705;309,705;308,705;306,706;305,706;304,706;303,706;302,706;301,706;299,707;299,708;297,708;295,708;292,708;291,708;290,708;289,708;288,708;287,708;286,708;285,708;284,708;282,709;280,709;279,709;278,709;277,709;275,709;274,710;273,710;272,710;271,710;270,710;268,710;267,710;265,710;263,710;262,710;261,710;259,710;259,709;257,709;256,709;255,708;254,707;253,707;252,707;251,707;250,707;249,707;247,707;246,707;245,707;243,707;242,707;241,707;239,707;238,707;237,707;236,707;235,707;234,707;232,707;231,707;230,707;229,707;228,707;226,707;225,707;223,707;221,707;220,707;219,707;218,707;217,707;216,707;215,706;213,706;212,705;209,705;207,705;206,705;205,705;204,705;203,705;202,705;201,705;200,705;199,705;198,705;197,705;196,705;195,705;193,705;192,705;191,705;190,705;188,705;187,705;186,704;185,704;183,704;182,704;180,704;179,704;178,704;177,704;176,702;175,702;173,701;172,701;171,701;170,701;169,701;168,700;168,699;166,699;165,699;163,699;162,698;161,698;160,698;158,698;157,698;157,697;156,697;155,697;155,696;154,696;153,696;152,696;152,695;151,694;150,693;150,692;149,691;149,690;149,689;148,688;147,686;146,685;145,684;144,684;142,684;141,684;140,684;139,684;138,684;137,684;136,684;135,684;134,684;133,684;132,684;131,686;131,687;129,688;128,689;127,690;126,692;125,692;124,692;123,692;122,692;121,692;120,692;119,692;117,692;115,692;114,692;112,691;111,691;110,691;109,691;108,690;107,690;106,690;105,690;104,689;103,689;103,688;102,688;102,687;102,686;101,685;101,684;101,683;101,682;102,681;102,680;103,679;105,677;106,676;107,676;108,676;108,674;110,673;111,673;111,672;113,671;114,671;115,670;116,670;117,670;118,669;119,669;120,669;121,669;122,669;123,669;124,669;125,669;126,669;127,669;128,669;131,669;132,669;133,669;135,669;136,669;137,669;138,669;139,669;141,669;142,669;144,669;145,669;147,669;148,669;149,670;150,670;152,670;153,670;155,670;156,670;156,671;158,671;159,671;160,671;162,671;162,672;163,672;164,672;165,672;166,672;167,672;168,672;169,672;171,672;172,672;173,672;174,672;175,672;176,672;178,672;180,672;181,672;182,672;183,672;183,671;184,670;185,670;186,670;186,669;187,668;187,667;188,667;189,666;190,666;191,665;192,664;193,663;194,662;196,661;197,661;197,660;198,660;199,660;200,660;202,660;203,660;204,660;205,660;206,660;207,660;209,660;210,660;212,660;213,660;215,660;216,660;217,660;218,660;219,659;220,659;221,659;222,658;223,658;224,658;225,658;226,658;227,658;228,658;229,658;230,658;231,658;232,658;234,658;235,658;237,658;239,658;241,658;243,658;244,658;245,658;246,658;247,658;248,658;249,657;249,656;250,656;251,656;252,656;254,655;255,655;256,655;257,655;258,654;259,654;260,653;261,652;263,652;264,652;265,651;266,651;267,651;268,651;269,650;270,650;271,649;272,649;272,648;274,648;275,647;276,645;277,644;278,644;278,642;279,640;279,639;279,638;279,636;279,635;279,634;279,633;279,631;279,630;279,628;278,627;277,627;276,627;275,626;274,626;273,626;272,624;271,624;270,623;269,623;268,623;267,623;266,622;265,621;263,621;262,621;261,621;260,621;259,620;258,620;257,620;256,620;255,620;254,620;252,620;251,620;250,620;249,620;248,620;247,620;245,620;244,620;243,620;242,620;241,620;239,620;238,620;237,620;236,620;235,620;235,619;234,619;233,619;232,619;231,619;231,618;230,618;228,618;227,618;227,617;226,617;225,617;223,616;222,616;221,616;220,616;219,615;218,615;217,615;216,615;215,615;214,615;213,615;212,613;211,613;210,613;209,613;208,613;206,613;205,613;203,613;202,613;201,613;200,613;199,613;198,613;197,613;196,613;195,613;194,613;193,613;192,613;191,613;190,614;190,615;189,615;188,616;187,616;187,617;186,617;185,619;184,619;184,620;184,621;184,622;184,624;184,625;184,626;184,627;184,628;184,629;184,630;183,631;182,632;182,633;182,634;182,635;182,636;181,638;181,639;180,639;179,640;179,641;177,643;177,644;175,645;174,645;172,647;170,648;168,648;165,650;162,650;160,650;159,651;155,652;154,652;152,653;151,653;149,653;148,653;147,653;146,653;145,653;144,654;143,654;141,654;140,654;139,654;138,655;137,656;136,656;135,656;134,656;133,656;132,656;131,657;130,657;129,657;128,657;128,658;127,658;125,659;125,660;124,660;124,661;123,662;122,662;121,663;120,663;120,664;119,664;117,665;116,665;115,666;114,667;114,668;113,669;113,670;112,670;112,671;111,671;111,672;110,673;110,674;
Stroma, ICG; POLYGON; 255, 255, 255; 194,667;194,666;194,665;194,664;194,663;194,661;192,659;192,658;190,658;188,656;187,656;186,655;185,653;184,652;183,650;182,650;181,649;178,647;177,647;176,647;175,646;172,646;172,645;170,645;166,644;164,642;163,641;162,640;161,640;160,640;159,639;156,639;153,638;151,638;149,638;148,638;147,638;146,638;142,637;141,637;139,637;138,637;137,637;136,637;135,637;133,637;132,637;129,638;128,638;127,638;126,638;126,639;124,641;123,642;123,643;121,645;120,646;119,648;118,648;118,649;118,650;118,651;118,653;117,653;116,654;115,654;115,655;114,655;113,655;111,656;110,656;110,657;109,658;108,660;108,661;108,663;108,664;108,665;108,666;108,667;108,668;109,669;109,670;110,672;111,672;112,673;114,673;116,673;119,674;122,675;124,675;125,675;126,675;127,675;128,675;129,675;131,675;133,675;134,675;136,675;138,675;139,675;141,675;143,675;145,675;147,675;149,675;153,675;156,675;157,675;158,675;159,676;161,677;162,678;166,678;167,678;168,678;170,678;171,678;171,679;172,679;173,679;174,679;176,679;178,679;179,679;180,680;181,680;182,680;183,680;185,680;186,680;187,680;188,680;189,680;191,680;192,680;193,680;195,680;197,679;198,678;199,678;201,677;201,676;201,675;201,674;201,673;201,672;200,672;199,670;198,670;
Stroma, ICG; POLYGON; 255, 255, 255; 177,636;178,636;179,636;180,636;181,636;182,637;185,637;186,637;187,637;189,637;190,637;191,638;192,639;193,639;194,639;195,639;197,639;198,639;200,640;201,640;202,640;203,640;204,640;206,640;207,640;209,640;211,640;214,640;215,640;216,640;217,640;218,640;220,640;221,640;223,640;224,640;225,640;226,640;226,641;226,642;227,642;229,643;230,644;231,644;232,644;233,644;234,645;235,645;236,646;237,646;238,647;239,648;240,648;241,648;242,648;243,648;243,649;244,649;245,650;246,650;246,651;247,651;248,652;249,652;250,653;250,654;250,655;250,656;250,657;250,658;250,659;250,660;250,661;249,661;248,661;247,661;246,661;244,661;243,661;242,661;240,661;239,660;239,659;239,658;238,658;237,658;236,658;235,658;234,658;233,658;231,658;231,657;230,657;228,657;227,657;226,657;225,656;224,656;223,656;222,656;221,656;220,656;218,656;216,656;213,656;211,656;210,656;208,656;207,656;206,656;205,656;204,656;202,657;201,657;200,658;199,658;197,658;196,658;194,658;193,658;190,658;188,658;186,658;185,658;183,658;179,658;177,658;175,658;174,658;173,658;172,658;171,657;171,656;171,654;171,653;171,652;171,651;171,650;171,649;171,647;171,646;171,645;171,644;171,643;173,641;173,640;174,640;174,638;175,637;176,637;176,636;177,635;177,634;
Specular reflection; POLYGON; 191, 91, 22; 194,663;195,663;196,664;197,664;198,664;198,666;200,667;201,667;201,668;202,668;202,669;203,669;204,669;205,669;206,670;207,670;208,670;209,670;209,672;212,672;213,672;214,672;215,672;216,672;217,672;220,673;222,673;223,673;225,673;226,673;227,673;228,673;229,673;230,673;231,673;233,673;234,673;235,673;236,673;237,673;238,673;239,673;240,673;241,673;241,672;240,671;239,671;238,670;238,669;236,669;235,668;235,666;235,665;234,665;234,664;232,663;232,662;230,660;230,659;229,658;228,657;227,657;225,657;224,657;223,657;222,657;221,657;220,657;219,657;218,657;217,657;216,657;215,657;213,657;212,657;211,657;210,657;209,657;207,657;206,657;205,657;204,657;203,657;202,657;201,657;200,657;198,657;
Specular reflection; POLYGON; 191, 91, 22; 332,605;332,606;332,607;332,609;332,610;332,612;332,613;333,613;333,614;334,615;335,616;337,617;338,617;339,617;340,617;341,618;342,618;343,619;346,619;347,621;348,621;349,621;351,621;351,622;352,623;354,623;355,624;356,624;357,625;358,625;359,625;361,625;362,625;363,625;364,625;365,625;366,624;367,624;368,624;369,623;370,623;370,621;372,620;373,619;374,618;375,618;375,617;376,617;376,615;376,614;375,614;374,614;372,614;
Specular reflection; POLYGON; 191, 91, 22; 332,598;333,597;335,596;336,596;337,596;337,595;340,595;341,595;342,595;344,595;345,595;346,595;347,595;347,594;349,593;349,592;350,592;351,592;352,592;352,591;353,591;353,590;354,589;355,588;356,587;357,586;358,586;359,586;359,585;360,585;361,585;362,584;363,583;364,583;365,583;366,583;367,583;369,583;370,583;372,583;373,581;374,581;
Stroma, ICG; POLYGON; 255, 255, 255; 399,620;399,619;398,618;397,617;396,617;396,615;396,614;395,613;394,612;393,611;393,609;392,609;390,609;389,609;388,609;387,609;386,609;385,609;384,609;383,610;383,611;382,611;382,612;381,613;381,614;380,615;379,616;378,616;378,617;378,618;378,619;378,621;378,622;378,623;378,624;378,625;378,626;378,628;378,629;378,630;378,631;379,632;380,632;381,632;383,633;383,634;385,634;386,634;387,634;387,635;388,635;
Stroma, ICG; POLYGON; 255, 255, 255; 407,582;408,582;410,581;412,580;413,580;414,580;416,580;417,579;418,579;419,578;420,578;421,577;421,576;422,576;425,576;426,576;426,575;427,575;428,575;429,575;430,575;431,575;434,574;436,573;437,573;438,573;440,573;442,573;443,573;443,571;444,570;445,570;446,570;448,570;449,570;450,569;451,568;451,567;452,567;453,567;453,566;453,565;454,564;454,563;456,562;456,561;457,561;457,560;457,559;457,558;457,557;457,556;457,555;457,554;457,553;457,551;458,551;459,550;460,550;460,549;461,549;462,549;462,548;463,548;463,547;464,547;464,546;465,545;465,544;466,544;466,543;466,542;466,541;466,540;466,539;466,538;466,537;465,538;464,538;463,538;462,539;461,539;460,539;460,540;458,540;458,541;457,541;456,541;455,542;454,542;454,543;453,543;452,543;451,544;450,544;448,544;446,544;445,546;444,546;443,547;443,548;442,550;440,553;
Stroma, ICG; POLYGON; 255, 255, 255; 452,609;454,609;455,609;456,609;457,609;458,609;460,609;461,609;463,609;465,609;466,609;466,608;467,608;468,608;469,608;469,607;470,607;471,607;471,606;473,606;474,605;475,604;477,604;478,604;479,603;480,603;480,602;482,602;483,602;485,602;486,602;487,602;488,602;489,602;490,601;492,601;493,601;494,601;495,601;496,601;496,600;497,600;497,599;497,598;499,598;500,598;501,597;502,597;503,596;505,596;506,596;507,596;508,596;509,595;511,595;513,595;515,595;518,595;519,595;520,594;521,594;523,593;525,593;526,593;528,593;529,593;530,593;531,594;532,595;534,596;534,598;534,599;534,600;534,601;534,602;534,604;534,605;534,606;534,607;534,608;534,609;534,611;533,613;533,614;532,615;532,616;531,616;530,618;529,619;528,620;527,620;526,620;525,620;523,620;519,620;516,619;514,619;511,619;508,619;505,619;
Stroma, ICG; POLYGON; 255, 255, 255; 8,673;7,672;6,672;5,672;4,671;4,670;4,668;4,667;4,666;4,665;4,663;4,662;4,660;4,657;4,655;4,653;4,651;4,650;4,649;4,648;4,647;4,645;4,643;4,642;4,641;4,640;4,639;4,637;4,636;4,635;4,633;4,632;4,630;4,627;4,626;4,625;4,624;4,623;4,622;4,621;4,620;4,619;4,617;3,613;3,612;2,611;2,610;2,609;2,607;2,605;2,604;2,603;2,602;2,600;2,599;2,598;2,597;2,596;1,594;1,593;1,592;1,591;1,589;1,588;1,587;1,586;2,585;3,584;4,583;4,582;5,582;6,582;7,582;8,582;9,582;9,581;10,581;11,581;12,581;13,580;14,580;14,579;16,579;17,579;17,578;18,577;18,576;19,576;20,576;20,575;21,575;22,575;23,575;23,574;25,574;26,574;27,574;29,574;30,574;31,574;32,574;33,574;34,574;35,574;36,574;38,574;39,574;40,574;41,574;43,574;44,574;45,574;46,574;47,574;47,573;48,573;50,573;52,573;53,573;54,573;55,573;56,573;57,573;57,572;58,572;59,572;60,571;61,571;62,571;63,571;65,570;66,570;67,570;68,570;69,570;70,570;71,570;73,570;74,570;75,570;76,570;77,570;78,570;79,570;81,570;82,570;83,570;84,569;85,569;86,569;87,569;88,569;90,569;91,569;92,569;93,569;95,569;96,569;96,568;97,568;98,568;99,568;101,568;102,568;103,568;104,568;106,568;107,568;108,568;110,567;111,567;112,567;113,567;114,567;115,567;117,567;118,567;119,567;120,567;122,567;124,567;125,567;127,567;128,567;130,567;131,567;132,567;134,567;135,567;136,567;138,567;139,567;140,569;142,570;144,570;144,571;145,572;146,573;147,574;148,574;148,575;149,575;149,576;150,577;150,578;151,578;152,579;152,580;152,581;152,582;150,582;149,582;148,582;146,582;146,584;145,584;144,584;143,583;142,583;141,583;140,583;139,583;138,583;137,583;136,583;135,582;134,581;133,581;130,580;127,578;126,578;125,578;124,578;124,577;123,576;121,575;120,575;119,575;118,575;117,575;116,575;115,575;114,575;113,576;112,576;111,577;110,577;109,577;108,577;107,577;105,577;104,577;103,577;102,577;101,577;100,577;99,577;98,577;97,577;95,577;93,577;92,577;91,578;90,578;89,578;88,578;87,578;86,578;85,578;84,579;83,579;82,580;82,581;81,581;80,582;79,583;79,584;78,584;77,584;76,585;75,585;74,585;73,585;71,585;70,585;69,585;68,585;67,585;66,585;65,586;64,587;63,587;63,588;62,588;61,589;59,589;59,590;58,590;57,590;57,591;57,592;57,593;57,595;57,596;57,597;57,599;57,600;57,601;58,602;59,602;60,602;61,602;61,603;62,603;64,604;65,605;66,605;67,605;68,605;69,605;70,605;71,605;72,605;73,605;74,605;75,605;76,605;77,605;78,605;80,607;81,607;82,607;83,609;84,609;85,610;86,610;87,612;87,613;87,614;88,615;88,616;88,617;88,618;89,619;90,620;90,621;91,622;92,622;93,623;94,623;96,625;97,626;97,627;97,628;97,629;97,630;96,630;96,631;95,632;95,633;93,635;91,636;90,636;90,637;89,637;87,639;87,640;86,640;84,641;83,642;82,643;81,644;81,645;81,646;80,647;79,649;79,650;79,652;78,653;77,653;77,654;77,655;77,656;76,657;76,658;76,659;74,660;74,661;73,662;73,663;72,664;71,666;71,667;70,668;69,668;68,670;67,672;66,673;66,674;64,675;64,676;64,677;63,677;63,676;61,675;61,673;61,672;61,671;60,670;60,669;60,668;60,667;60,666;60,665;60,664;60,663;60,662;60,661;60,659;60,658;60,657;60,656;60,655;60,654;60,653;62,652;62,651;62,650;62,649;63,647;64,647;64,646;64,645;65,644;65,643;65,642;65,641;65,640;65,639;65,638;65,637;65,636;65,635;65,633;65,632;65,631;65,630;65,629;65,628;65,627;65,626;65,625;65,623;65,622;64,622;63,622;62,622;62,621;61,621;60,621;59,621;58,621;57,621;56,621;55,621;54,621;52,622;51,622;50,622;50,624;49,625;48,625;47,625;46,625;45,625;44,625;43,625;43,626;42,626;40,627;39,627;39,628;37,628;37,630;36,631;34,632;34,633;33,633;33,634;32,634;32,635;31,636;31,637;30,637;29,638;28,638;28,639;27,639;27,640;27,641;27,642;27,643;27,644;27,646;27,647;27,648;27,650;27,651;27,652;27,653;29,653;29,654;29,655;30,656;31,657;32,657;33,657;34,658;35,658;37,659;38,659;39,659;40,661;41,661;42,662;44,664;45,665;45,667;45,668;45,669;45,670;45,671;45,672;44,673;43,674;42,674;41,674;40,674;39,675;38,676;37,676;36,676;35,676;33,676;32,676;31,676;29,676;28,676;27,676;26,676;25,676;24,676;23,676;22,676;21,676;20,675;19,675;17,675;16,675;15,675;14,675;13,675;12,675;11,675;10,675;9,675;8,675;6,675;
Stroma, ICG; POLYGON; 255, 255, 255; 44,666;46,665;47,665;49,665;50,664;51,662;51,661;51,660;52,659;53,659;55,660;56,660;57,660;58,660;59,662;60,663;60,664;61,664;62,666;63,666;64,668;65,669;65,670;65,671;65,672;64,672;63,673;62,673;62,674;60,675;59,675;57,675;56,675;55,675;54,675;53,675;52,675;51,676;50,676;49,676;48,676;46,676;45,676;44,676;43,676;43,675;
Stroma, ICG; POLYGON; 255, 255, 255; 33,660;32,660;31,660;30,660;29,660;28,660;27,659;27,658;26,658;26,657;26,656;26,655;26,654;26,653;26,651;26,650;26,649;27,649;27,647;28,646;28,645;29,644;29,643;30,642;30,641;30,640;31,639;32,639;33,639;34,638;36,637;37,637;37,636;39,635;39,634;40,633;40,632;41,631;41,630;42,630;43,627;44,626;44,625;44,624;45,622;46,621;46,620;46,619;46,618;46,616;46,615;45,613;42,612;40,612;38,612;35,612;32,611;29,611;27,611;26,611;24,611;23,611;21,611;19,611;17,611;16,611;16,612;16,615;16,616;16,618;16,622;16,625;
Stroma, ICG; POLYGON; 255, 255, 255; 25,448;24,448;23,448;22,448;21,448;20,448;19,448;18,448;16,448;15,448;15,449;14,449;13,449;12,449;12,450;11,450;11,451;10,451;9,451;8,451;7,451;5,451;4,451;3,452;2,452;1,450;0,450;-1,449;-1,448;-2,447;-3,447;-3,446;-3,444;-3,443;-3,442;-3,441;-3,440;-3,438;-3,437;-2,437;-1,436;-1,435;-2,435;-3,434;-3,433;-3,432;-3,431;-3,430;-3,429;-2,427;-1,427;0,426;1,426;2,426;3,426;4,426;6,426;7,426;8,425;9,425;10,425;10,424;11,424;13,424;15,424;16,424;17,424;18,424;19,424;20,424;21,424;22,424;23,424;24,424;25,424;27,424;29,424;32,424;33,424;37,424;
Stroma, ICG; POLYGON; 255, 255, 255; 123,386;122,384;121,384;120,382;119,381;118,381;117,380;116,380;115,379;113,379;112,379;111,379;110,378;109,378;108,378;107,378;106,378;105,378;104,378;103,378;102,379;101,379;99,379;98,379;96,381;95,381;94,382;93,382;92,383;91,383;90,383;89,383;88,383;86,383;85,383;84,383;83,383;82,383;81,383;79,383;78,383;77,383;76,383;74,383;73,383;72,382;70,382;69,382;68,381;67,381;66,381;64,381;63,381;62,381;60,380;59,380;58,380;58,378;58,377;58,376;58,375;58,374;58,372;58,371;59,370;61,369;63,368;65,365;66,364;67,363;68,363;69,362;70,362;71,362;73,362;74,362;76,362;77,361;78,361;79,361;81,360;83,359;84,359;87,359;90,359;94,358;97,358;99,358;102,358;
Stroma, ICG; POLYGON; 255, 255, 255; 212,380;213,380;215,380;215,379;216,379;217,379;218,379;219,379;220,379;221,379;222,377;223,377;224,377;225,377;226,377;227,377;228,377;229,377;230,377;231,377;232,377;233,377;234,378;237,380;238,380;240,381;241,381;243,383;244,384;246,385;248,385;249,387;251,388;251,389;252,391;253,392;255,393;255,394;256,395;257,397;257,398;257,399;257,400;257,401;257,403;257,404;257,405;257,406;257,407;
Stroma, ICG; POLYGON; 255, 255, 255; 864,504;862,504;861,504;860,504;858,504;857,504;856,504;855,504;854,504;853,504;851,504;850,504;849,504;848,504;847,504;846,504;845,504;844,504;842,504;841,504;839,504;838,504;837,504;836,504;834,504;833,504;832,504;831,504;830,504;828,504;826,504;825,504;824,504;823,504;822,504;821,504;818,503;817,503;817,502;815,502;814,502;813,502;812,502;811,500;810,500;809,500;808,500;807,500;806,500;803,500;801,499;800,499;798,497;794,497;791,497;791,496;790,496;790,495;790,494;790,493;790,492;790,491;790,490;790,489;790,487;793,485;795,485;797,485;801,485;803,485;806,485;808,485;811,484;815,482;817,482;819,481;822,480;825,479;829,479;833,478;836,478;838,478;840,478;
Stroma, ICG; POLYGON; 255, 255, 255; 681,216;682,216;683,216;684,216;685,216;686,216;689,216;690,216;692,216;693,216;695,216;696,216;697,216;699,216;700,216;701,216;702,216;703,216;704,216;705,216;706,216;707,216;708,216;710,216;711,216;713,216;713,217;714,217;715,217;716,218;717,219;718,219;719,219;719,220;720,220;722,221;722,223;724,223;725,224;728,225;729,227;731,227;736,229;737,230;738,230;739,232;739,233;740,235;742,237;742,239;743,240;744,242;744,243;745,243;
Stroma, ICG; POLYGON; 255, 255, 255; 669,223;670,223;671,222;671,221;672,221;673,221;674,221;677,220;678,220;679,220;680,220;681,220;682,220;683,220;684,219;687,219;688,219;689,219;690,219;691,219;692,219;693,218;694,218;695,218;696,218;697,218;698,218;699,218;700,218;701,218;702,218;703,218;704,218;705,218;706,218;707,218;709,218;711,218;713,218;714,218;716,218;718,218;721,219;723,220;725,221;726,221;729,222;731,222;733,223;736,224;739,225;741,227;742,228;743,228;743,229;743,230;744,230;745,231;746,234;747,234;
Stroma, ICG; POLYGON; 255, 255, 255; 671,223;671,221;672,220;673,220;674,219;675,218;676,217;677,216;678,215;679,214;680,214;681,214;682,214;683,214;684,214;685,214;686,214;687,214;689,214;692,214;694,213;695,213;696,213;697,213;698,213;701,213;704,213;705,213;706,214;709,215;712,217;716,218;719,219;720,220;721,221;722,222;722,223;722,224;722,225;723,230;724,231;
Stroma, ICG; POLYGON; 255, 255, 255; 352,230;353,230;353,229;355,229;356,229;357,227;358,227;359,227;360,227;362,227;363,226;365,226;366,225;367,225;368,225;369,225;371,225;374,225;376,225;377,225;379,225;381,225;383,225;386,225;387,225;388,225;389,225;390,225;391,225;393,225;394,225;395,225;398,225;399,225;
Stroma, ICG; POLYGON; 255, 255, 255; 52,151;52,150;54,150;55,150;56,150;57,150;59,150;61,150;62,150;64,150;66,150;68,150;69,150;71,150;73,150;74,150;75,150;78,150;79,150;81,150;82,150;83,150;84,150;85,150;86,150;88,150;90,150;91,150;92,148;94,148;95,148;97,148;99,148;100,147;102,147;103,147;104,147;105,147;106,147;107,147;108,147;109,147;111,147;114,145;115,145;116,145;117,145;118,145;119,145;121,145;122,145;125,145;126,145;127,145;128,145;129,145;130,145;131,145;132,145;134,145;135,145;137,145;138,145;139,145;140,145;141,145;142,145;143,145;144,145;145,145;146,145;148,145;149,145;150,145;151,145;152,145;153,145;154,145;156,145;159,145;160,145;161,145;162,145;164,145;165,145;167,145;168,145;170,145;171,145;172,145;173,145;175,145;177,145;179,145;183,145;184,145;186,145;188,145;189,145;190,145;191,145;192,145;194,145;195,145;196,145;197,145;198,145;199,145;200,145;201,145;202,145;204,144;205,144;206,144;207,143;208,143;209,143;210,142;211,142;213,142;214,141;215,141;217,141;218,141;219,141;220,140;221,140;222,140;222,139;224,139;225,138;227,138;228,138;229,138;230,138;232,138;233,138;235,138;238,138;239,138;240,138;242,138;245,138;246,138;247,138;248,136;249,136;250,136;251,136;253,136;254,136;255,136;256,136;257,136;259,136;261,136;262,136;263,136;264,136;265,136;266,135;267,135;268,135;271,135;272,135;273,135;274,134;276,134;277,134;281,134;284,134;286,134;287,134;288,134;289,134;291,134;293,134;294,134;296,134;297,134;299,134;300,133;301,133;304,132;305,132;306,131;307,131;309,131;310,130;311,130;312,130;313,130;315,130;316,130;317,130;318,130;319,130;320,130;322,129;323,129;324,129;326,129;326,128;328,128;329,128;331,128;332,128;334,127;335,127;337,126;338,126;340,125;342,125;344,124;346,124;347,124;349,124;351,123;352,123;353,123;353,122;355,122;356,122;357,122;358,122;359,122;360,121;362,121;363,121;364,121;365,119;366,119;367,118;368,118;369,118;370,118;371,118;371,117;372,116;373,115;374,115;375,115;376,115;377,114;377,112;376,111;375,110;374,109;372,107;372,105;372,104;370,104;369,104;368,103;367,103;365,103;364,102;363,101;362,101;361,101;360,101;359,101;358,101;357,100;356,100;355,99;354,98;352,98;351,97;350,97;349,96;348,96;347,94;347,93;346,92;345,92;344,92;344,91;343,91;341,90;340,90;339,88;339,87;338,87;337,86;336,85;335,84;334,84;333,82;333,81;332,81;332,80;330,79;330,78;330,76;330,75;330,74;330,73;330,72;332,72;333,70;333,69;334,69;335,69;336,69;338,69;339,69;340,70;341,70;342,70;343,70;344,71;345,71;347,72;348,72;349,72;350,73;351,73;351,74;353,74;355,76;357,77;358,78;358,79;360,80;361,82;361,83;361,84;362,84;362,85;363,85;364,86;365,86;367,88;368,88;369,89;370,89;372,90;373,90;374,91;376,91;377,91;377,92;380,93;382,94;385,95;386,95;387,95;388,96;389,96;391,97;392,97;393,97;394,98;395,98;396,98;397,99;398,99;399,100;400,100;401,100;402,100;403,100;404,100;404,101;405,102;406,102;407,102;407,103;408,103;409,104;410,105;410,106;411,107;411,108;412,108;413,108;414,109;415,109;416,109;417,110;419,110;420,110;421,110;422,110;424,111;425,112;425,113;426,113;427,113;429,113;430,113;430,114;431,114;432,115;433,115;434,115;436,115;437,115;438,115;439,115;440,115;441,115;442,115;443,115;444,115;444,116;445,116;446,116;447,116;448,116;449,116;450,116;451,116;453,116;454,116;457,116;458,116;459,116;460,116;461,116;462,116;464,116;465,116;466,116;467,116;468,116;469,116;470,116;471,116;472,116;473,116;474,116;476,116;477,116;478,116;479,116;480,116;481,116;482,115;483,115;484,115;485,115;486,115;488,115;489,115;490,115;491,115;492,115;494,114;495,114;496,114;497,114;498,114;500,113;501,112;502,111;503,111;504,111;505,111;506,111;507,111;509,110;510,110;511,110;512,110;513,110;514,110;515,110;516,110;517,110;518,110;519,110;520,110;521,110;522,110;523,110;524,109;525,109;526,109;527,109;528,109;529,109;530,109;531,109;531,108;531,107;531,106;531,105;531,104;531,102;531,101;530,100;530,99;529,99;529,98;528,98;528,97;527,96;526,96;525,96;524,96;524,95;523,95;522,94;521,94;519,93;518,93;517,92;516,92;515,92;514,92;513,91;512,91;511,91;510,90;509,89;508,88;507,88;506,88;505,88;504,88;503,87;502,87;501,86;500,86;499,86;498,86;497,86;496,86;495,86;494,85;493,84;492,84;491,84;490,84;489,83;489,82;487,81;486,81;485,81;484,81;483,81;482,80;480,80;478,79;477,79;476,79;475,78;474,77;473,77;472,76;472,75;471,75;470,75;470,74;469,74;468,73;467,73;466,73;465,72;465,71;464,71;462,71;461,71;460,71;459,71;458,70;457,69;456,69;455,69;454,69;453,68;452,68;451,68;451,67;449,67;448,66;446,65;445,64;444,64;443,64;442,64;441,63;440,63;439,63;439,62;438,62;437,61;436,61;435,61;435,60;433,59;432,59;431,59;430,58;429,57;427,57;427,56;426,56;425,55;423,54;422,54;422,53;421,53;420,52;419,51;418,51;418,50;417,50;416,50;415,48;414,47;413,47;412,47;412,46;411,46;410,45;410,44;409,44;408,43;408,42;407,41;406,41;405,40;404,40;404,39;403,38;402,38;401,37;401,36;400,35;400,34;399,34;399,33;398,33;397,32;397,31;396,30;395,29;394,28;393,27;392,27;391,27;391,26;390,25;390,24;389,24;389,23;388,22;387,22;387,21;386,21;386,19;385,19;384,19;384,18;383,18;381,17;380,16;379,15;378,14;378,13;376,12;375,11;373,10;372,10;371,10;370,8;368,8;368,7;367,7;366,7;365,7;363,7;361,7;358,7;355,7;353,7;352,7;351,7;349,7;348,7;346,7;345,7;344,7;342,7;341,9;338,9;337,11;336,11;335,11;334,11;334,12;332,12;329,12;327,13;325,15;324,15;322,16;321,16;319,18;318,18;316,19;315,21;314,21;312,21;310,22;309,22;309,23;307,23;306,24;305,24;303,25;302,25;301,26;298,28;295,28;293,28;292,29;291,30;290,30;289,30;288,31;286,31;283,31;281,31;278,31;276,32;273,32;269,32;265,32;263,34;260,35;257,35;252,36;249,36;248,37;246,38;244,39;242,40;240,41;239,42;236,42;235,43;235,44;233,44;233,45;232,46;229,47;228,47;226,48;224,50;223,50;221,51;219,52;219,53;218,53;216,54;214,56;213,56;212,56;211,56;210,57;208,57;207,59;206,60;205,60;204,61;202,61;202,62;202,63;201,64;201,65;201,66;201,67;201,68;201,70;201,72;201,74;202,75;203,75;204,75;206,77;207,78;208,78;210,79;211,79;212,79;214,79;215,79;217,79;218,80;220,81;222,81;224,81;225,81;227,81;228,81;228,82;228,83;228,84;228,86;228,87;228,88;228,90;228,91;228,92;228,93;228,94;228,95;228,96;228,97;228,98;228,99;228,101;227,102;227,103;226,104;226,105;225,106;224,106;223,107;222,107;221,107;220,107;219,108;218,108;217,108;215,108;214,108;213,108;211,108;210,108;208,108;207,108;207,107;205,107;204,107;204,106;203,105;202,105;202,104;201,102;201,101;201,100;201,99;200,98;200,96;200,95;199,95;199,94;198,94;197,93;196,93;195,93;193,93;192,92;189,92;188,92;186,92;184,92;181,92;178,92;177,92;176,92;175,92;173,92;171,92;169,92;167,92;166,92;164,92;161,92;159,92;157,92;154,92;152,92;150,93;147,94;144,96;141,96;138,97;134,98;131,98;127,99;124,100;123,100;121,102;119,103;117,103;115,104;110,107;107,109;104,110;101,112;97,113;96,114;92,114;87,117;84,119;83,119;80,120;75,120;74,122;72,123;71,124;70,124;69,125;68,125;66,126;64,126;61,126;60,126;58,127;58,128;56,129;55,129;54,129;54,130;53,130;52,130;51,131;50,131;49,131;49,132;48,132;47,134;46,135;46,136;44,137;43,139;41,140;40,142;40,143;42,143;
Stroma, ICG; POLYGON; 255, 255, 255; 185,99;186,98;187,98;188,97;188,96;189,95;189,94;190,94;190,93;191,93;192,92;193,91;195,89;195,88;195,87;195,86;196,85;196,84;197,84;198,84;200,82;201,82;202,81;203,80;205,80;206,80;207,80;208,80;209,80;210,79;211,79;212,78;214,78;215,78;216,78;217,78;218,78;219,77;220,77;222,76;223,75;223,74;223,72;223,71;223,70;222,68;221,68;221,67;220,66;218,65;216,64;215,62;213,61;210,60;208,60;207,60;205,59;204,59;203,59;202,59;201,59;199,59;197,59;194,60;191,60;189,61;187,63;186,63;184,64;183,65;182,66;180,67;178,69;176,70;173,71;169,72;166,73;164,76;161,79;158,84;157,87;155,89;152,94;150,96;150,97;149,99;149,101;149,102;149,105;149,106;149,107;149,108;150,108;151,108;152,108;153,110;154,110;155,110;156,110;157,110;158,110;159,110;160,110;
Stroma, ICG; POLYGON; 255, 255, 255; 191,96;191,95;192,94;192,93;193,92;193,91;194,91;195,89;196,89;196,88;197,88;197,87;197,86;197,85;198,83;199,82;200,82;201,82;202,82;203,82;204,82;205,82;206,81;207,81;208,81;210,81;211,81;212,81;213,81;214,81;216,81;217,81;218,81;219,81;220,81;222,82;223,83;224,83;225,85;226,85;227,86;227,87;228,87;230,89;231,89;232,90;232,91;234,92;236,93;240,93;242,94;244,94;246,94;248,94;249,94;251,94;252,94;254,93;256,89;256,87;258,84;258,83;258,81;259,78;260,74;260,70;260,68;260,66;260,63;260,61;258,59;257,57;255,57;253,56;250,56;247,55;244,55;240,55;238,55;235,55;233,55;231,55;228,55;227,55;226,55;225,55;223,55;223,56;221,57;220,58;219,59;217,60;215,62;214,63;212,65;211,66;210,66;208,66;207,67;206,68;204,70;202,72;201,72;199,74;198,74;196,76;195,76;192,78;191,79;190,79;188,81;186,83;185,85;180,90;178,92;176,93;173,94;171,97;170,98;168,100;166,102;
Stroma, ICG; POLYGON; 255, 255, 255; 150,144;150,145;149,145;148,146;147,146;147,147;146,147;146,148;145,148;143,148;142,149;142,150;141,150;140,150;139,150;138,150;137,150;137,151;136,151;135,151;133,151;132,151;131,151;129,151;128,151;126,151;124,151;123,151;122,151;121,151;120,151;119,152;118,152;117,152;116,152;115,152;114,152;113,152;110,153;109,153;108,153;107,153;106,153;105,153;104,153;103,153;102,153;99,153;97,153;95,153;94,153;93,153;92,153;91,153;90,153;90,152;89,151;89,150;89,148;89,146;89,145;89,144;89,143;89,142;90,142;91,142;92,141;93,141;94,140;95,139;99,136;100,135;101,134;102,132;103,132;104,131;105,130;107,130;107,129;108,129;108,128;111,128;113,126;115,126;
Stroma, ICG; POLYGON; 255, 255, 255; 449,2;450,2;452,2;453,2;455,2;458,2;459,2;460,2;461,2;462,2;465,2;467,2;470,2;471,2;475,4;479,4;480,4;483,5;485,5;486,5;488,5;492,5;494,6;495,6;496,6;497,7;499,7;502,7;505,8;508,9;512,11;516,11;521,12;522,12;523,12;524,12;525,13;526,14;529,14;532,15;533,16;534,17;537,17;537,18;538,18;540,18;541,18;542,19;543,20;544,21;545,22;548,25;552,26;555,28;557,29;559,29;560,29;562,29;564,31;568,32;572,32;575,33;578,33;580,33;581,33;582,34;583,34;584,34;585,35;589,35;592,38;595,40;598,40;600,40;603,40;606,40;606,41;607,41;608,42;610,42;612,43;615,45;616,45;619,46;620,47;621,47;622,47;624,48;624,49;627,51;629,52;632,53;636,56;638,56;640,58;643,59;644,59;644,60;647,60;649,62;653,65;657,68;660,69;663,71;666,72;669,73;670,73;672,74;674,74;675,74;677,75;679,75;682,77;685,77;686,78;688,78;690,78;692,79;693,79;694,79;695,79;696,80;697,80;699,80;701,80;703,81;704,81;705,81;707,82;708,82;710,82;711,82;713,83;713,84;714,84;714,85;716,86;717,86;718,87;719,87;719,89;720,90;720,91;720,92;721,92;721,93;722,94;722,96;722,97;722,98;723,98;723,99;723,100;723,102;723,103;723,104;723,105;723,106;722,107;721,107;720,107;719,107;717,107;716,107;715,107;714,107;713,107;712,107;711,107;710,107;709,107;708,107;706,107;705,107;704,107;703,107;702,106;701,106;700,106;698,106;698,105;697,105;695,105;694,105;692,104;691,103;691,102;689,102;688,102;686,101;684,101;683,100;682,100;681,100;680,100;679,100;678,100;677,100;676,100;675,99;673,99;672,99;671,99;669,99;668,97;667,97;665,96;663,96;662,96;662,95;660,94;659,94;658,94;657,94;656,93;655,93;654,93;653,92;653,91;651,90;650,89;649,89;648,89;645,88;644,88;643,88;642,88;641,86;640,85;639,85;639,84;638,84;637,84;636,83;635,83;634,83;633,82;632,81;631,80;631,79;630,79;629,78;627,77;626,77;625,77;623,76;621,75;619,75;617,74;616,73;614,72;613,72;612,72;611,72;610,71;609,71;608,70;607,70;606,70;605,69;604,69;603,67;601,66;600,66;599,66;598,66;597,65;596,64;594,64;593,63;592,62;591,61;590,61;589,61;587,60;586,59;585,59;584,59;581,58;579,58;578,58;576,57;574,55;573,55;571,55;570,55;569,54;568,54;567,54;566,54;565,53;564,53;563,52;562,52;561,52;560,52;558,52;557,52;556,52;555,52;554,52;553,51;552,51;551,51;550,50;549,50;548,50;546,50;545,49;544,49;543,49;540,49;538,48;536,48;534,46;533,46;532,46;531,45;530,45;529,43;528,42;527,41;526,40;524,40;524,39;523,39;522,38;521,38;520,37;519,36;517,36;516,36;515,36;513,35;513,34;511,34;510,34;509,34;508,34;507,33;505,33;504,33;502,33;501,33;500,32;499,32;498,31;498,30;497,30;496,29;495,28;494,28;493,28;492,28;490,27;488,26;487,26;486,26;485,26;484,26;484,24;483,24;481,23;479,22;478,21;477,21;476,20;476,19;476,18;475,18;474,18;473,18;472,17;471,17;470,17;469,16;468,16;467,16;467,15;466,15;464,14;462,13;462,12;461,12;460,11;459,11;458,11;456,11;455,11;455,10;453,10;451,9;450,8;449,6;448,4;448,3;447,3;445,3;444,3;443,3;
Stroma, ICG; POLYGON; 255, 255, 255; 504,83;503,83;502,83;501,82;500,82;499,82;498,81;497,80;496,79;495,78;493,77;492,77;490,77;489,77;488,77;487,77;487,76;486,76;485,76;484,76;483,76;482,76;482,75;480,75;478,75;477,75;476,73;475,73;474,73;474,72;473,72;473,71;471,71;471,70;469,69;468,69;467,68;466,67;465,67;465,66;463,66;462,66;459,64;456,64;454,64;453,63;452,63;451,62;450,61;448,60;445,60;444,60;443,59;442,58;441,58;440,58;440,57;439,57;438,57;437,57;437,55;436,55;434,53;433,53;432,53;431,52;430,52;430,51;428,51;427,50;425,49;423,49;422,49;421,49;420,47;419,47;416,46;414,46;413,46;412,46;411,46;409,45;408,45;408,44;406,43;405,43;404,42;403,42;403,41;401,40;400,40;399,40;398,40;398,39;397,39;396,38;395,37;392,36;390,35;389,34;388,34;387,34;386,34;385,34;383,34;382,35;381,36;381,38;381,41;380,43;380,46;380,48;380,50;382,52;382,54;383,55;383,56;385,58;386,59;390,61;395,63;397,64;399,65;402,65;404,65;405,66;406,66;408,66;412,67;413,67;414,67;416,68;418,68;419,68;421,68;422,68;424,69;424,70;426,70;426,71;428,72;429,72;433,74;435,75;439,78;441,80;446,81;449,83;452,84;454,85;455,86;456,86;457,87;460,88;462,88;464,89;466,90;470,90;471,90;472,90;473,90;474,90;475,90;476,90;477,90;478,90;479,91;482,91;484,92;488,93;491,93;493,93;495,93;496,93;497,94;498,94;
Stroma, ICG; POLYGON; 255, 255, 255; 479,847;478,847;477,847;476,846;475,845;474,845;473,844;472,844;471,844;470,844;469,844;468,844;467,843;466,843;464,842;463,842;462,842;461,841;459,840;458,839;457,838;456,837;455,836;454,836;454,835;454,834;454,833;454,831;454,830;454,829;454,826;454,825;455,825;458,825;460,824;462,824;464,823;466,823;468,822;470,821;471,821;472,820;473,820;474,820;475,820;476,820;478,820;480,820;483,820;486,821;487,821;488,821;490,823;491,823;493,824;494,826;497,827;
Stroma, ICG; POLYGON; 255, 255, 255; 536,803;536,802;535,802;535,801;535,800;535,799;534,798;534,797;533,797;532,796;531,796;530,795;530,794;529,793;528,793;527,793;526,793;525,793;524,793;523,793;522,793;521,793;520,793;518,793;516,793;515,793;514,793;513,793;512,793;511,794;510,794;510,795;508,795;507,795;506,795;505,795;503,795;502,796;501,796;500,796;499,797;498,797;497,797;496,797;495,797;493,798;491,799;490,799;489,800;488,802;487,802;486,803;484,804;483,804;482,805;481,805;480,805;479,807;478,807;476,808;476,809;474,811;473,811;472,812;472,814;471,814;471,815;471,816;471,817;472,818;473,818;474,819;475,820;475,821;476,821;479,821;481,823;484,823;488,825;
Specular reflection; POLYGON; 191, 91, 22; 1,710;1,711;0,711;0,712;0,713;0,714;0,715;0,717;0,718;0,719;-1,721;-2,722;-2,723;-2,724;-2,725;-2,726;-2,727;-2,728;-2,730;-2,731;-2,732;-2,733;-2,734;-2,735;-2,736;-2,737;-2,738;0,739;1,739;2,739;3,739;4,739;5,739;6,739;7,739;8,739;9,739;10,739;11,739;12,739;13,739;14,737;15,737;16,737;17,737;19,737;20,737;21,737;23,737;23,736;24,736;25,736;26,736;27,736;28,736;29,736;30,736;31,736;32,736;33,736;34,736;35,736;36,736;37,736;38,736;39,736;40,736;41,738;42,738;43,738;45,738;47,739;48,739;49,739;50,739;51,739;52,739;53,739;54,739;55,740;56,740;57,740;57,741;58,741;59,741;60,741;61,741;62,741;63,741;64,741;66,741;67,741;68,741;69,741;70,741;71,741;72,741;73,741;74,741;75,741;76,741;77,741;79,741;80,741;81,741;82,741;83,741;84,741;86,741;87,741;88,740;90,739;91,739;92,737;93,736;94,736;94,735;95,735;96,734;97,733;98,732;98,731;98,730;99,729;99,728;99,727;99,726;99,725;99,724;98,724;98,723;96,722;95,722;94,722;93,721;92,721;91,721;90,721;89,721;88,721;86,721;85,721;84,721;83,721;81,721;80,721;79,721;78,720;78,719;77,719;76,719;75,719;74,719;73,719;71,718;70,718;69,718;68,718;67,718;66,718;64,717;63,717;61,717;60,717;59,717;58,717;57,717;56,717;56,716;54,716;53,716;52,716;51,716;49,716;48,716;47,716;46,716;45,716;44,716;43,716;42,716;41,716;40,716;39,716;38,716;37,716;36,716;35,716;34,716;33,716;32,716;31,716;30,716;29,716;28,716;27,716;26,716;25,716;24,716;23,716;21,716;20,716;16,713;15,713;14,713;14,712;13,712;13,711;12,711;10,710;9,710;8,710;8,709;7,709;6,708;6,707;5,707;4,707;3,707;2,707;1,707;1,708;
Artery, ICG; POLYGON; 34, 177, 76; 376,119;376,118;376,117;376,116;376,115;376,114;376,113;375,111;375,110;374,110;373,110;373,109;372,108;371,108;371,107;370,107;369,107;368,107;367,107;366,106;365,106;364,106;363,105;363,104;362,104;360,103;359,103;359,102;358,102;357,101;356,101;355,101;354,101;354,100;353,99;353,98;351,97;350,96;349,95;348,95;347,95;347,94;345,93;345,92;344,92;343,92;342,91;341,91;340,90;339,89;338,89;337,89;336,88;335,88;334,87;333,86;332,86;331,85;331,84;331,83;331,82;331,80;331,79;331,78;331,76;331,75;331,74;332,74;333,73;334,73;335,73;337,73;338,72;339,72;340,72;341,72;342,72;344,72;345,72;346,72;347,72;348,73;349,73;350,73;351,73;352,73;352,74;353,74;354,75;354,76;355,76;356,76;357,77;358,78;358,79;359,80;360,81;361,81;363,82;364,83;366,84;367,85;368,86;369,86;370,86;371,86;371,87;372,87;373,87;374,88;375,89;375,90;376,90;377,90;379,91;380,91;381,92;382,92;383,92;384,92;385,92;386,92;386,93;388,93;391,94;392,94;392,95;392,96;393,96;394,96;395,97;396,97;397,97;398,98;399,98;400,98;401,98;402,99;403,99;404,100;405,100;405,101;405,102;406,102;407,102;407,103;408,104;409,104;409,105;411,105;412,106;412,107;414,108;415,108;416,109;417,109;417,110;418,110;419,111;421,111;423,113;424,113;424,114;426,115;426,116;427,116;429,117;429,118;430,119;430,120;431,121;432,122;433,122;434,123;435,123;435,124;436,125;436,126;436,127;436,128;435,128;433,129;432,129;431,129;430,130;428,131;427,131;426,132;
Artery, ICG; POLYGON; 34, 177, 76; 371,113;372,114;374,115;372,115;371,115;370,115;369,115;368,116;367,116;366,116;365,116;364,116;363,116;362,117;360,117;359,117;358,117;357,117;356,117;355,117;353,119;352,119;350,120;349,120;348,120;347,120;346,121;345,121;345,122;344,122;344,123;344,124;344,126;344,128;344,129;344,130;344,131;344,132;345,133;346,133;349,134;352,135;354,136;357,136;360,136;361,138;364,138;368,138;370,139;372,139;374,139;376,139;379,139;383,139;387,139;390,139;394,139;
Artery, ICG; POLYGON; 34, 177, 76; 354,777;354,776;355,776;357,776;358,775;359,775;361,774;363,773;364,773;365,773;366,773;367,771;367,770;369,770;370,770;370,769;372,769;374,769;375,769;376,769;377,769;378,768;379,767;380,767;381,767;383,767;384,767;386,767;388,767;389,767;390,767;392,767;393,767;395,767;396,767;397,768;398,768;398,769;398,770;398,772;398,773;397,775;396,776;394,778;392,779;391,779;388,780;384,781;383,781;382,781;379,781;378,782;377,782;376,782;376,783;376,784;374,785;373,785;372,785;371,785;369,786;368,786;367,786;366,786;364,786;
Artery, ICG; POLYGON; 34, 177, 76; 391,757;390,757;390,756;389,755;388,755;387,754;386,754;385,754;384,754;383,754;382,754;380,754;379,754;377,754;376,754;375,754;374,754;373,754;372,754;371,754;370,754;369,754;368,754;367,754;366,754;365,754;363,754;362,754;361,754;360,754;359,754;357,754;356,754;354,754;353,754;352,754;351,753;350,753;348,751;347,750;347,749;347,748;346,748;345,748;345,747;345,746;345,745;346,745;347,744;350,742;354,740;356,739;359,739;362,737;365,737;366,736;369,735;370,735;372,735;375,735;379,735;382,736;385,736;388,736;391,736;394,737;397,738;400,739;404,740;405,740;406,740;407,740;408,740;410,740;411,741;412,742;413,743;415,743;416,744;416,745;416,746;417,749;
Artery, ICG; POLYGON; 34, 177, 76; 769,605;769,604;770,603;771,601;772,600;773,599;774,597;774,596;775,596;776,596;778,594;779,594;780,593;781,593;781,592;782,592;783,592;784,592;785,591;786,590;788,590;789,590;790,590;790,589;790,588;791,588;792,588;793,587;794,587;795,587;796,587;797,587;798,587;799,587;800,587;802,587;806,587;808,587;811,587;814,587;815,587;816,587;817,588;818,588;819,588;820,588;821,588;821,589;822,590;824,591;826,594;
Artery, ICG; POLYGON; 34, 177, 76; 456,561;456,562;455,563;454,563;453,564;453,565;452,565;451,566;450,568;449,568;447,568;446,570;445,570;444,571;443,571;442,571;441,571;440,571;439,571;438,571;437,571;436,571;435,571;434,571;433,571;432,571;431,571;431,572;430,572;429,572;428,572;427,573;426,573;426,574;425,574;424,575;423,575;422,576;421,576;419,576;418,576;416,576;415,576;415,577;414,577;414,578;413,579;413,580;412,582;412,583;412,585;412,587;412,588;412,589;412,590;412,591;412,592;413,592;414,592;417,594;419,594;421,594;425,594;427,594;429,594;432,594;435,594;438,594;440,594;443,594;444,593;447,592;448,591;452,589;454,589;455,589;459,589;461,589;
Artery, ICG; POLYGON; 34, 177, 76; 242,823;241,823;239,823;238,823;238,822;237,822;237,821;236,820;236,819;235,818;234,817;233,816;232,814;231,813;231,812;231,811;230,811;229,811;227,811;226,811;225,811;224,811;223,811;222,811;221,811;220,811;219,811;218,811;217,811;215,811;214,811;213,811;212,811;209,811;209,810;208,810;207,810;206,810;205,810;203,810;202,809;201,809;200,809;199,809;198,809;197,809;196,809;195,809;194,808;194,807;194,806;193,806;192,805;192,804;191,802;191,800;190,800;190,799;190,798;190,797;190,796;193,794;195,793;198,793;200,793;203,793;207,793;212,793;217,793;224,793;230,793;234,793;238,793;242,793;243,793;245,793;247,793;251,793;253,794;256,795;257,796;257,797;257,798;
Artery, ICG; POLYGON; 34, 177, 76; 183,704;184,704;185,704;186,704;187,704;188,704;189,704;190,704;191,704;192,704;193,704;196,704;197,704;198,704;199,704;200,705;201,705;202,705;203,705;204,705;205,705;207,705;208,705;209,706;211,707;212,707;213,707;214,707;215,708;216,708;216,709;216,710;215,711;214,711;213,711;212,712;212,713;212,714;211,714;210,714;209,715;208,715;207,716;207,718;207,719;
Artery, ICG; POLYGON; 34, 177, 76; 784,507;786,505;787,505;787,504;789,503;789,502;790,502;792,502;794,502;795,501;796,501;797,501;798,501;801,500;803,500;804,500;805,500;806,500;807,500;809,500;810,501;811,501;812,501;813,501;814,501;815,501;818,501;819,501;821,501;822,501;823,501;824,501;825,501;827,501;828,502;830,502;832,502;834,502;835,502;836,502;837,502;838,503;839,503;841,503;844,503;847,503;848,505;852,505;855,506;858,506;861,507;862,507;863,507;864,508;866,508;867,509;868,510;869,511;869,512;871,514;872,514;873,515;874,516;875,517;876,518;877,519;879,520;879,521;880,521;880,523;
Artery, ICG; POLYGON; 34, 177, 76; 586,64;584,64;583,64;581,63;580,63;578,63;577,62;576,61;575,61;574,60;573,60;572,60;571,60;570,59;569,59;568,58;567,58;566,57;565,56;564,55;563,55;562,54;561,54;559,53;558,53;557,53;556,53;554,52;553,51;552,51;551,51;550,51;549,50;549,49;548,49;547,48;546,48;545,47;544,47;543,47;542,47;542,46;540,45;539,44;537,43;536,43;535,42;534,42;533,42;532,41;531,40;530,40;528,40;525,40;524,40;524,38;523,38;522,38;521,38;519,38;517,38;516,38;514,38;512,37;511,36;510,36;509,36;507,36;506,36;505,36;504,36;503,36;502,36;501,37;500,38;499,40;498,40;498,42;498,44;498,47;498,48;498,50;500,53;500,54;501,54;502,55;504,55;
Artery, ICG; POLYGON; 34, 177, 76; 526,116;526,115;525,115;525,114;525,113;525,111;525,110;524,109;523,108;523,107;523,106;523,104;523,103;523,102;523,101;523,99;523,97;523,96;523,95;523,94;523,90;526,88;527,87;529,86;532,86;533,86;537,84;540,84;543,84;544,84;547,84;549,84;551,84;553,84;556,85;561,87;564,88;569,91;572,94;577,98;582,100;587,104;588,106;
