Specular reflection; POLYGON; 191, 91, 22; 568,683;567,683;566,684;564,685;563,685;562,686;561,687;559,688;559,689;558,690;557,690;556,691;555,692;554,693;553,695;553,696;553,697;552,698;551,699;550,699;550,700;549,701;548,701;546,701;546,702;545,703;544,703;542,704;541,704;540,704;539,704;538,705;537,705;535,706;534,706;533,707;532,707;530,707;528,709;527,710;526,710;525,710;524,711;523,711;522,713;521,714;521,715;521,716;521,717;521,718;521,719;521,720;521,721;523,722;524,723;525,723;526,723;526,724;527,724;528,725;528,726;528,727;529,727;530,727;531,727;532,728;533,728;533,729;534,729;535,729;535,730;536,730;537,731;538,732;538,733;539,734;540,734;540,735;540,736;541,737;542,737;543,739;543,740;544,740;546,740;547,741;547,742;548,743;549,743;549,745;549,746;550,747;551,747;551,748;552,748;553,749;553,750;555,752;556,752;557,752;557,753;558,754;559,755;560,755;561,755;562,755;562,756;562,757;563,757;564,758;565,758;566,758;567,758;568,758;569,759;570,759;571,760;572,760;573,760;574,761;574,762;574,763;575,763;576,764;577,764;577,765;578,765;578,766;579,767;580,768;581,768;581,769;582,770;583,770;584,771;585,771;585,772;586,772;587,772;588,772;591,772;592,772;593,772;594,772;595,772;596,772;597,772;598,771;599,771;600,770;601,770;602,769;603,769;604,769;605,769;606,769;607,769;608,769;609,769;610,769;611,768;611,767;613,766;614,766;615,766;616,766;617,766;618,765;620,765;620,764;621,764;622,763;624,763;625,763;626,761;627,761;628,760;628,759;628,758;628,757;628,756;628,755;628,754;628,753;628,752;628,751;628,750;628,749;627,748;627,747;626,747;625,746;624,746;624,745;625,742;626,742;627,742;628,741;629,741;630,741;631,741;632,741;633,741;634,740;635,739;636,739;637,739;638,739;639,739;640,739;641,739;642,739;643,739;644,738;645,738;647,737;647,736;648,736;649,736;650,736;651,736;652,735;654,735;656,735;659,735;661,735;662,735;663,735;664,735;665,735;667,735;668,734;669,734;670,734;671,734;673,733;674,732;675,731;676,731;677,730;678,730;678,729;679,728;680,728;680,727;681,726;682,725;685,723;686,722;687,721;688,721;689,720;690,720;690,718;690,717;690,716;690,715;690,714;690,713;690,711;690,710;690,709;690,708;690,706;690,704;690,703;690,701;690,700;690,699;689,698;689,697;688,696;688,695;687,694;686,693;684,691;684,690;683,690;683,689;682,689;681,687;680,687;680,686;679,685;679,684;678,683;677,683;677,682;677,681;676,681;675,679;674,678;673,678;673,677;672,677;671,677;670,677;669,676;668,675;667,675;666,674;665,674;663,674;663,673;662,673;661,673;660,673;659,673;658,673;657,673;656,672;655,672;654,672;652,672;651,672;650,672;649,672;648,672;647,672;646,672;645,672;644,672;643,672;643,673;641,674;640,674;638,674;637,675;635,675;634,675;632,676;630,677;629,677;628,677;626,679;625,680;624,680;623,681;622,681;622,682;621,682;620,682;619,683;618,683;617,683;616,683;615,683;614,683;613,683;612,683;611,683;609,683;608,683;606,683;605,683;604,683;603,683;602,683;601,684;601,685;600,685;599,685;598,685;597,685;596,685;594,685;593,685;592,685;591,685;590,685;589,685;588,685;587,685;586,685;585,685;584,685;583,685;582,685;581,685;580,684;579,684;578,684;577,684;575,684;574,684;573,684;571,684;570,684;569,684;568,684;567,684;566,684;565,683;564,683;563,683;561,683;560,683;559,683;
Specular reflection; POLYGON; 191, 91, 22; 613,690;613,689;611,688;610,687;610,686;609,686;608,685;607,684;606,684;604,683;603,683;602,683;600,682;599,682;598,682;596,682;595,682;593,682;592,682;590,682;589,682;588,682;587,682;586,682;585,683;584,683;582,683;581,683;581,684;580,684;579,684;579,686;578,686;577,687;576,688;575,689;575,690;575,693;575,694;575,695;575,696;575,697;576,698;577,698;578,699;579,699;580,699;581,699;584,699;586,699;588,699;591,699;
Specular reflection; POLYGON; 191, 91, 22; 1260,681;1260,680;1260,678;1260,674;1260,673;1260,672;1260,671;1261,670;1261,669;1261,668;1261,667;1262,665;1263,662;1265,660;1266,657;1267,656;1267,655;1267,654;1267,653;1267,652;1268,651;1268,650;1268,649;1268,648;1268,647;1268,645;1268,644;1268,643;
Specular reflection; POLYGON; 191, 91, 22; 872,677;872,679;871,680;870,681;869,681;869,682;869,683;868,685;868,686;868,687;868,688;868,689;868,690;868,691;868,692;867,693;867,694;867,695;867,696;867,697;866,699;866,700;865,701;865,702;864,702;864,703;864,704;864,705;863,706;863,707;861,709;859,711;858,711;857,713;856,714;855,714;855,715;854,715;854,716;853,717;852,717;852,718;852,719;851,719;851,720;850,721;849,722;847,722;846,722;845,723;843,724;843,725;842,725;840,725;839,726;838,726;837,726;837,727;836,727;835,728;834,728;832,729;831,729;831,730;830,731;829,732;829,733;828,734;827,736;826,737;825,738;825,739;825,740;825,741;826,741;827,741;829,743;829,744;830,744;832,744;833,744;835,744;836,744;837,745;838,745;839,745;840,745;841,745;843,745;844,745;845,745;846,745;847,745;848,745;849,745;850,745;851,745;852,744;853,744;854,743;855,743;856,743;857,743;858,743;859,742;860,742;861,742;862,742;863,742;864,742;865,742;867,742;868,742;869,742;870,742;872,742;873,742;875,742;876,742;877,742;878,742;879,742;881,742;882,742;883,742;885,743;887,743;888,743;889,743;890,743;890,744;891,744;892,745;893,745;893,746;894,747;894,748;895,748;896,750;896,751;896,752;896,753;896,754;897,754;897,755;897,757;897,759;898,760;899,761;900,762;901,764;901,765;902,765;902,766;904,767;905,767;906,767;907,767;907,768;908,768;909,768;910,770;911,770;912,771;914,772;915,773;916,773;917,774;918,775;919,776;920,776;921,776;922,776;923,776;923,777;924,777;925,777;926,777;927,777;928,777;929,777;931,777;932,777;933,777;934,777;936,777;938,775;939,774;941,774;942,774;943,774;944,774;945,774;945,773;946,773;946,772;947,771;948,771;948,770;950,770;951,769;951,768;952,768;953,767;954,767;955,767;955,766;956,766;959,765;960,765;960,764;960,763;960,762;960,761;960,760;960,758;960,757;959,756;959,755;957,754;954,753;953,751;952,750;951,750;950,750;949,750;948,750;947,749;947,748;947,747;947,746;947,745;947,743;947,742;947,741;949,741;949,740;950,740;951,739;952,739;953,738;954,738;955,737;956,737;957,736;958,736;959,736;960,736;961,735;961,734;962,733;962,732;962,731;963,731;963,730;963,729;963,727;963,726;963,725;964,725;964,724;964,723;964,722;964,721;964,720;964,719;964,718;965,717;965,716;965,714;965,713;966,712;967,711;967,710;967,709;967,708;967,707;967,706;967,705;967,704;967,703;966,703;965,703;964,703;963,703;961,703;959,703;958,703;957,703;956,703;955,703;954,703;953,703;952,703;951,703;949,703;948,703;946,704;946,705;946,704;947,704;948,704;949,703;949,702;950,702;950,701;952,701;953,701;954,701;955,700;956,699;957,699;958,698;958,697;958,696;958,695;958,694;958,693;958,692;959,691;959,690;959,689;959,688;959,687;959,686;959,685;959,684;960,683;961,682;961,681;961,680;962,680;962,679;962,678;962,677;962,676;962,675;962,674;961,673;960,673;959,673;958,672;957,672;956,670;955,669;954,669;953,669;952,669;951,669;949,669;948,669;947,669;946,669;945,669;944,668;943,668;942,668;941,668;940,668;938,668;937,668;936,668;935,668;934,668;933,668;932,668;931,668;930,668;929,670;929,671;929,672;929,673;928,673;927,674;927,675;926,676;926,677;925,679;925,680;925,682;924,683;924,684;924,685;923,686;923,688;923,689;922,689;922,690;922,691;921,691;921,692;920,692;920,693;919,695;919,696;918,696;917,698;916,698;915,700;915,701;914,701;913,701;913,702;912,703;911,703;910,704;909,704;908,704;907,705;905,705;904,706;904,707;903,707;902,707;901,707;900,707;899,707;899,708;898,708;897,708;896,708;895,708;893,708;892,708;891,708;890,707;890,706;890,705;890,704;890,702;890,701;890,699;890,698;890,697;890,696;890,695;890,694;890,693;890,692;890,691;890,690;891,690;891,689;891,688;892,687;892,686;892,685;892,684;892,683;892,682;892,681;892,680;892,679;891,678;890,678;889,678;887,677;886,677;884,677;883,677;882,677;881,677;880,677;879,677;878,677;877,677;876,677;875,677;874,677;873,677;871,677;
Specular reflection; POLYGON; 191, 91, 22; 869,690;868,690;867,691;867,692;867,693;866,693;866,694;865,694;864,696;862,698;861,699;860,699;859,699;859,700;858,700;857,702;857,703;857,704;857,705;857,706;857,707;857,708;856,709;856,711;856,712;856,713;856,714;857,716;857,717;858,717;859,717;861,717;862,718;864,718;865,718;867,718;868,718;870,718;872,719;874,719;877,720;879,721;881,721;882,721;882,720;883,720;884,720;885,720;886,720;887,720;
Specular reflection; POLYGON; 191, 91, 22; 651,410;650,410;649,410;648,410;647,411;646,412;645,412;644,413;643,414;642,415;641,415;640,415;639,415;638,417;637,417;637,418;637,419;637,420;636,421;636,422;635,422;635,423;633,424;633,425;633,426;631,427;630,427;629,429;628,429;626,430;625,430;625,431;624,431;623,431;621,431;620,431;619,431;618,431;616,433;615,434;615,435;613,436;612,436;611,438;610,438;609,439;608,439;607,440;607,441;605,441;604,442;603,442;602,443;601,444;600,445;599,446;598,447;597,448;596,448;595,449;594,449;593,449;592,450;590,450;589,450;588,450;587,451;587,452;586,452;586,453;584,453;583,454;583,455;583,456;583,457;583,458;583,459;583,461;584,462;585,463;586,463;587,464;589,464;590,464;591,464;592,464;593,464;595,464;596,464;598,465;599,466;599,467;600,467;601,467;602,467;603,468;604,468;605,468;607,469;609,470;610,470;612,470;614,471;616,472;619,473;620,473;621,473;622,473;623,473;624,473;625,473;626,473;627,473;628,473;629,473;631,473;632,472;633,472;634,472;635,472;636,472;638,472;639,472;640,472;642,472;643,472;644,472;645,472;646,472;647,472;648,472;649,472;650,472;651,471;652,471;653,471;654,471;655,471;656,471;658,471;659,471;660,471;661,471;663,470;664,470;666,470;667,470;668,470;669,469;670,469;670,468;671,467;671,466;672,466;673,466;675,466;676,466;678,466;679,466;680,466;681,466;683,466;684,466;686,466;688,466;689,466;690,466;691,466;692,466;693,466;694,466;695,466;696,466;697,466;698,466;700,466;701,466;702,466;704,466;705,466;706,466;707,466;708,466;710,466;710,465;711,465;711,464;711,463;711,462;711,460;712,459;712,458;712,457;712,456;712,455;712,454;711,453;709,453;708,452;707,452;706,452;705,452;704,451;703,451;701,450;701,449;700,449;700,447;700,446;700,445;700,444;700,443;701,443;701,442;702,442;703,442;705,441;706,441;707,440;708,440;709,440;711,440;712,440;713,440;714,439;715,438;716,437;717,437;718,437;719,437;720,437;723,437;724,437;725,437;726,437;727,437;727,436;728,436;729,436;730,436;731,436;732,436;733,435;734,435;735,435;736,435;738,435;739,434;740,434;741,434;742,434;743,433;743,432;744,432;745,432;746,432;749,431;750,431;751,431;752,431;753,430;754,430;755,430;756,430;757,430;758,430;759,429;760,429;761,428;762,426;762,425;763,425;764,424;765,423;767,422;768,420;769,419;770,418;771,417;772,417;773,416;774,415;774,414;775,414;775,413;776,413;776,412;777,412;778,411;779,411;779,410;780,410;781,410;782,410;783,410;784,410;784,409;785,409;786,409;787,409;788,409;789,408;790,408;792,408;793,408;794,407;795,407;796,406;797,405;798,404;799,404;800,403;800,402;801,402;804,400;805,399;806,399;807,398;808,398;809,398;810,398;811,397;812,396;813,396;815,395;816,395;817,394;818,394;819,394;820,394;821,394;822,394;823,393;825,392;826,392;827,392;828,392;830,390;832,389;833,389;834,389;835,387;836,387;837,387;838,387;839,386;840,385;841,385;843,383;844,383;844,382;845,382;846,380;846,379;846,378;846,376;846,375;846,374;845,373;844,373;844,372;843,372;842,370;841,370;840,370;839,370;838,369;837,369;836,369;834,369;833,369;831,369;829,369;828,369;827,369;826,369;825,369;824,369;823,369;822,369;821,369;820,369;818,369;817,369;816,369;815,369;814,369;813,369;812,369;810,370;809,370;808,370;807,370;806,370;804,371;803,371;802,371;801,372;800,372;799,372;798,373;796,374;795,374;795,375;795,376;794,376;793,376;792,376;791,376;789,376;788,375;787,375;786,375;784,374;783,374;782,373;782,372;780,372;779,372;778,372;777,370;776,370;776,369;775,369;774,368;773,367;772,366;771,366;770,365;770,364;769,364;767,363;766,363;764,363;763,363;762,363;761,363;760,363;759,363;758,363;757,363;756,363;754,363;753,363;752,363;751,363;750,363;749,363;748,363;747,363;746,363;745,363;745,364;744,364;743,364;742,365;740,365;739,365;738,366;737,366;736,366;736,367;735,367;735,368;734,368;733,369;732,370;731,371;729,372;727,372;726,372;726,373;725,373;725,375;724,375;722,376;721,376;720,377;720,378;719,378;719,379;719,380;719,381;718,381;718,382;718,383;718,384;718,387;718,388;718,389;718,390;718,391;718,392;718,393;717,394;716,394;715,394;715,395;714,395;713,396;713,397;712,398;711,398;711,399;709,400;707,401;706,402;705,402;704,402;703,403;703,404;703,405;702,405;701,406;701,407;701,408;700,408;700,409;699,409;698,411;697,412;696,413;695,413;694,414;692,415;691,415;689,415;688,415;686,415;684,415;682,415;679,415;676,415;675,415;674,415;672,415;671,415;670,415;669,414;668,414;668,413;668,411;668,410;667,409;666,408;664,408;663,408;662,408;661,408;659,408;657,408;656,408;655,408;654,408;653,408;652,408;651,408;650,408;649,409;647,410;646,411;645,411;644,412;643,412;
Specular reflection; POLYGON; 191, 91, 22; 514,640;514,639;516,638;517,637;518,637;520,637;521,636;522,636;523,636;524,635;525,634;526,634;526,633;527,633;529,632;531,631;532,631;533,630;534,630;535,630;536,630;537,629;539,627;540,626;541,625;543,625;544,625;545,625;546,624;547,624;548,624;549,624;550,624;551,624;552,623;554,622;554,621;555,621;556,621;557,620;559,619;560,619;561,619;562,619;564,618;565,618;565,617;567,617;568,617;570,617;571,617;572,617;574,617;575,617;576,617;577,615;578,614;580,614;581,614;582,614;583,614;584,614;585,614;586,614;587,614;588,614;590,614;591,614;592,614;593,614;594,614;595,614;596,614;597,614;598,614;599,614;600,614;601,614;602,614;603,614;604,614;605,614;606,614;607,614;608,614;609,614;611,614;613,614;614,613;615,612;616,612;617,612;618,611;619,611;620,611;620,609;622,608;622,607;623,606;625,606;625,605;626,605;627,604;628,604;629,603;631,603;632,602;633,602;634,602;635,602;636,601;637,600;638,600;639,600;640,600;641,599;642,599;643,599;644,599;645,599;646,599;648,597;649,597;650,597;652,597;653,597;653,596;654,595;655,595;656,595;656,594;657,594;657,593;658,592;658,591;659,591;660,591;662,591;663,591;663,590;665,589;666,588;667,588;668,588;668,587;669,587;670,586;672,585;673,585;674,585;674,584;675,583;676,583;677,583;678,583;678,582;679,582;680,582;681,582;682,582;683,582;684,582;685,582;686,582;687,582;688,582;689,580;690,580;691,579;692,579;694,579;696,579;697,578;698,577;700,577;701,576;702,576;703,574;704,574;706,573;707,573;708,573;709,573;710,573;711,573;712,573;713,573;714,573;715,573;716,573;717,573;718,573;719,574;720,574;721,574;722,574;723,574;723,573;724,573;725,573;726,572;726,571;727,571;727,570;729,570;730,570;730,568;732,568;733,568;734,568;735,567;736,567;737,567;738,567;739,567;741,567;742,567;743,568;744,568;745,569;745,570;746,570;746,571;747,572;747,573;747,574;748,574;749,575;750,577;751,577;751,578;751,580;751,581;751,582;751,583;751,584;750,585;750,586;749,586;749,587;748,587;748,588;747,588;746,588;745,588;745,589;744,589;743,589;742,589;741,589;740,589;739,590;738,590;737,590;736,591;735,591;734,591;733,592;731,592;730,593;729,593;728,593;727,593;726,593;725,593;724,593;723,594;722,594;721,594;720,594;719,594;718,595;717,595;716,595;715,595;714,595;713,595;712,595;710,595;709,595;708,596;706,596;705,596;703,597;703,598;702,598;701,598;700,598;699,598;697,599;696,599;695,599;694,600;693,600;692,601;690,601;689,601;689,602;688,603;688,604;687,605;686,605;685,607;684,607;684,608;682,609;681,610;681,611;681,612;681,613;681,614;681,615;681,617;681,618;681,619;682,620;682,621;682,623;682,624;682,625;682,626;682,627;682,628;682,629;682,630;682,631;682,632;682,633;682,634;682,635;682,636;682,638;682,639;681,640;681,641;680,642;679,643;678,644;677,644;677,645;676,645;675,645;674,645;673,645;672,645;670,645;669,645;667,645;666,645;664,645;663,645;661,645;660,645;659,645;658,644;655,644;655,643;654,643;653,642;653,641;652,640;652,639;651,639;651,637;650,635;649,635;649,634;648,634;648,633;647,633;647,632;646,631;645,631;644,631;643,631;642,631;641,631;640,631;639,631;638,631;637,631;636,631;635,631;634,631;633,631;632,631;631,631;630,631;629,631;627,631;626,631;625,631;624,631;623,631;621,631;620,631;619,631;618,631;617,631;616,631;615,631;614,631;613,631;612,632;611,632;610,632;609,632;608,633;607,633;606,633;605,633;604,633;603,633;601,634;600,634;599,635;598,635;597,636;596,636;594,637;593,637;592,637;591,637;590,637;589,637;588,638;587,638;586,638;585,638;583,639;581,640;580,641;579,642;578,642;578,643;579,643;581,643;582,643;582,644;583,644;584,644;585,644;587,644;588,644;589,644;590,644;591,644;591,645;591,646;591,647;591,648;591,649;591,650;589,650;588,651;586,652;586,653;585,653;585,654;584,654;583,654;581,655;580,655;579,655;578,656;577,657;576,657;576,659;576,660;575,660;575,662;574,663;574,664;574,665;573,667;573,668;572,668;571,669;571,670;570,671;569,671;568,672;568,673;567,674;567,675;566,676;564,677;562,677;561,677;560,677;559,678;559,679;558,679;557,679;555,679;554,679;553,679;552,679;551,679;550,679;548,679;546,679;545,679;544,679;543,679;542,679;541,680;540,680;539,680;538,680;537,680;535,678;534,677;534,676;533,676;532,676;531,675;529,674;529,673;528,672;527,671;526,671;524,670;523,670;522,669;521,668;520,667;519,667;518,665;518,664;517,664;517,663;516,663;516,662;516,661;516,660;515,659;515,658;515,657;514,656;514,653;514,652;514,650;514,649;514,648;514,646;513,645;512,645;511,644;511,643;511,642;512,641;513,641;513,640;513,639;514,638;515,638;516,638;517,638;518,638;519,638;
Specular reflection; POLYGON; 191, 91, 22; 821,575;820,575;818,575;817,575;816,575;815,575;814,575;813,575;812,575;811,575;810,575;809,575;807,575;806,575;805,575;804,575;803,575;802,575;801,575;800,576;799,576;798,576;797,576;796,576;796,577;795,578;794,578;793,579;792,580;792,581;792,582;791,582;791,583;791,584;791,585;791,586;792,586;793,586;794,586;795,586;796,586;797,586;798,586;798,587;799,588;801,588;802,589;803,589;805,590;806,590;807,590;808,590;809,590;810,591;811,592;811,593;811,594;811,595;811,596;812,596;812,597;812,599;812,600;812,601;812,602;812,603;812,604;812,605;812,606;811,606;811,607;811,608;810,609;809,611;809,612;808,613;808,614;808,615;808,616;808,617;808,618;808,619;807,619;807,620;807,622;807,623;807,624;807,625;807,626;807,627;807,628;807,629;808,629;809,630;810,630;810,631;811,631;812,631;812,632;813,632;814,633;814,634;815,635;815,636;817,636;818,637;819,638;821,638;823,638;824,638;826,638;827,638;828,638;829,638;830,638;831,638;833,638;834,638;835,638;836,638;837,638;838,638;840,638;841,638;842,637;843,637;844,636;845,635;846,635;846,634;847,633;847,632;847,631;847,630;848,630;848,628;848,627;848,626;848,625;848,624;848,622;848,621;848,620;848,619;849,618;849,617;850,616;850,615;851,614;851,613;852,612;853,611;854,611;856,611;857,611;857,610;858,609;858,608;858,607;858,606;858,605;858,604;858,603;858,602;858,601;858,600;858,599;858,598;858,597;858,596;858,595;858,594;858,593;858,592;858,591;858,590;858,589;858,588;858,587;856,587;856,586;855,586;854,585;854,584;854,583;854,582;854,580;854,579;853,579;852,578;852,577;852,576;851,576;850,576;849,576;848,576;848,575;846,575;845,575;844,575;843,575;842,575;841,574;840,574;839,573;838,573;836,573;835,573;834,572;833,572;832,572;831,572;830,572;829,572;828,572;827,572;826,572;825,572;823,572;822,572;821,573;820,573;819,573;818,573;817,573;816,573;815,573;815,574;814,575;814,577;
Specular reflection; POLYGON; 191, 91, 22; 813,591;812,591;811,591;811,592;810,592;808,592;807,593;806,594;805,595;805,596;804,596;802,596;801,596;799,596;798,596;797,596;796,596;795,596;794,596;794,595;793,595;793,594;793,592;793,591;793,589;793,588;793,586;793,585;793,584;793,583;794,583;794,582;795,582;796,582;797,582;798,582;799,582;800,582;801,582;803,582;804,582;805,582;806,582;808,582;809,582;811,582;812,582;813,582;814,582;815,582;816,582;817,582;819,582;820,582;821,582;822,581;824,581;825,581;826,581;827,581;828,581;829,581;
Specular reflection; POLYGON; 191, 91, 22; 925,96;924,96;923,96;922,96;921,96;920,96;919,96;918,96;917,96;916,96;915,96;914,96;913,96;912,97;911,97;910,97;910,98;910,99;910,100;910,101;909,101;909,102;908,103;907,104;907,105;907,107;907,108;907,109;907,110;908,111;910,111;911,112;911,113;911,114;912,115;913,115;913,116;913,117;914,118;915,119;916,120;916,121;917,122;918,123;920,124;921,124;922,124;923,124;924,124;925,125;926,125;928,125;929,125;930,125;931,125;932,125;933,125;934,125;935,125;936,125;937,126;937,127;938,127;938,128;938,129;938,130;938,131;937,131;936,132;935,133;934,134;933,134;932,135;931,136;930,136;929,136;927,137;927,138;926,139;926,140;926,141;925,141;925,142;925,143;925,145;925,146;925,148;925,149;925,150;925,151;925,152;925,153;925,154;925,155;925,156;926,157;926,158;926,159;928,159;930,161;931,163;931,164;931,165;932,166;933,166;934,166;935,166;936,166;937,166;938,166;940,166;941,165;941,164;943,163;943,162;944,161;945,161;946,160;946,159;948,157;949,156;950,155;950,154;952,152;953,151;954,150;954,147;954,145;954,144;954,143;954,142;955,142;955,141;956,140;956,139;956,138;956,137;957,136;958,135;959,134;959,133;960,131;960,130;961,130;961,129;961,128;961,127;961,126;961,125;961,124;961,123;960,122;960,121;960,120;959,119;958,118;956,118;955,118;954,118;953,118;952,118;951,118;950,118;949,118;948,118;947,117;946,117;946,116;945,116;943,115;942,114;941,113;940,112;940,111;939,111;938,110;938,109;937,108;937,107;937,105;937,104;937,103;936,102;936,101;935,100;934,99;934,98;933,98;931,96;930,96;928,96;926,96;925,96;923,96;922,96;921,96;920,96;
Specular reflection; POLYGON; 191, 91, 22; 923,117;922,117;921,117;920,117;919,117;918,117;917,117;916,118;915,118;915,119;914,119;913,118;912,118;912,117;911,117;910,117;909,116;908,116;908,115;907,115;906,114;906,113;905,112;904,111;903,110;903,109;903,108;903,107;903,106;903,105;904,104;905,104;905,103;907,102;907,101;908,101;910,101;911,101;912,100;913,100;914,100;915,100;916,100;917,100;919,100;921,100;
Specular reflection; POLYGON; 191, 91, 22; 830,345;831,345;833,345;834,345;835,345;837,345;839,345;841,345;843,345;845,346;847,346;848,346;849,346;849,347;850,347;851,347;854,347;855,347;858,347;858,348;859,348;859,349;861,350;862,351;862,352;863,355;863,357;863,358;863,359;863,360;863,361;863,362;863,363;864,363;865,364;866,364;866,365;868,366;869,366;871,368;872,369;873,369;874,370;875,370;876,370;876,371;876,372;877,373;878,375;880,377;880,378;881,378;882,378;882,379;883,379;884,380;886,381;888,381;888,382;889,382;890,383;891,383;892,383;894,384;895,384;896,385;897,385;899,385;900,385;901,385;902,385;903,385;904,385;905,385;905,387;906,387;907,387;909,387;910,387;911,387;912,387;913,387;915,387;916,388;917,388;918,388;919,388;920,388;921,388;922,388;923,388;924,388;925,388;926,388;927,388;928,388;929,386;930,386;931,386;932,385;933,385;934,385;935,385;936,385;937,385;938,384;938,383;939,383;940,383;941,383;941,382;942,381;942,380;943,380;945,379;945,378;946,377;947,377;947,376;947,374;947,373;947,372;947,371;947,370;947,369;947,368;947,367;947,366;947,364;947,363;947,360;947,359;947,357;947,356;947,355;947,354;947,353;947,352;947,351;946,350;946,349;945,349;944,349;944,348;944,347;944,346;943,344;943,343;942,343;942,342;941,342;939,341;938,341;937,340;936,338;935,337;933,337;931,337;930,336;929,336;928,335;927,335;926,335;925,334;924,334;923,333;922,332;921,332;920,331;919,331;918,331;916,330;915,330;915,329;913,329;913,328;912,328;911,328;910,328;909,328;908,328;906,327;905,327;904,326;903,326;901,325;900,325;899,325;897,323;896,323;895,323;894,323;893,323;892,323;891,322;890,322;887,322;886,322;885,322;883,322;882,321;882,320;880,320;879,320;878,320;877,320;876,320;875,320;874,320;873,319;872,319;871,319;870,319;869,319;868,319;868,318;866,317;865,317;864,317;863,317;862,317;861,317;861,316;860,316;859,316;859,315;859,314;858,314;857,314;855,312;854,312;853,311;852,311;851,311;850,310;849,310;847,309;846,308;844,307;842,307;841,307;840,306;839,306;839,305;838,305;837,305;836,305;836,304;835,304;834,302;834,301;833,301;831,299;830,299;830,298;829,298;829,297;828,296;828,295;827,295;826,294;825,293;824,293;823,293;822,293;821,292;820,292;819,292;818,292;817,292;815,292;814,292;812,291;811,291;809,290;806,290;806,289;805,289;805,288;804,288;803,287;802,287;801,286;800,286;800,285;799,284;798,284;797,283;796,282;795,281;793,281;792,280;791,280;790,278;789,278;789,277;787,277;785,276;784,276;783,276;782,276;781,276;780,276;779,276;778,276;777,276;775,276;774,276;773,276;772,276;771,276;770,276;769,276;768,276;767,276;766,276;764,275;763,275;762,275;761,275;760,275;759,276;758,276;758,277;758,278;758,279;758,280;758,281;758,282;758,283;758,284;758,285;758,286;759,287;760,287;761,287;762,287;763,288;764,288;767,288;768,288;770,288;771,289;772,289;773,289;774,290;774,291;775,291;776,292;777,292;778,292;779,292;781,293;782,293;784,293;784,294;785,294;786,294;787,294;789,295;792,295;794,295;796,295;797,295;799,297;800,298;801,298;801,299;802,299;802,300;803,300;804,300;806,301;807,301;807,302;808,303;809,303;810,303;811,304;812,304;813,304;815,305;817,306;820,307;822,307;823,307;824,307;826,308;827,309;827,310;828,310;829,310;830,310;830,311;832,312;832,313;833,313;834,313;835,314;836,316;837,316;838,316;839,317;840,317;841,317;842,318;843,318;844,319;845,319;846,320;847,320;847,321;848,321;849,322;849,323;848,323;847,323;846,324;844,324;843,324;842,324;841,324;840,324;839,324;838,324;837,324;836,324;835,324;834,324;833,324;832,324;830,324;829,324;828,324;825,324;824,324;823,324;822,324;821,324;820,325;819,325;818,325;817,325;816,325;815,325;813,327;812,329;812,330;812,331;812,332;813,333;814,335;815,336;816,336;817,337;818,337;819,338;821,339;822,340;822,341;823,341;824,342;825,342;826,342;827,343;828,343;829,343;830,343;831,343;831,344;832,344;833,344;836,345;838,345;839,347;841,347;843,348;845,348;848,348;850,349;
Specular reflection; POLYGON; 191, 91, 22; 896,373;896,374;896,375;896,376;896,377;896,378;897,379;898,381;899,382;900,382;901,383;902,383;902,384;903,385;904,386;905,387;905,388;906,388;907,388;908,388;909,388;910,389;911,389;913,389;914,389;915,389;916,389;918,389;919,389;920,389;921,389;923,389;925,389;926,389;927,389;929,386;930,386;933,384;934,383;935,382;936,381;936,380;936,379;936,378;
Specular reflection; POLYGON; 191, 91, 22; 496,366;495,366;494,366;493,366;491,366;491,367;490,367;490,368;489,368;487,370;487,371;486,371;485,371;485,372;483,373;482,373;481,374;481,375;481,376;480,377;479,378;479,379;478,379;478,380;476,380;475,381;475,382;474,383;473,383;473,384;472,384;472,385;471,386;470,387;469,388;469,389;468,389;467,389;465,389;464,389;463,389;462,389;461,388;460,388;460,387;459,387;458,387;457,386;456,386;455,385;454,384;453,384;452,383;452,382;452,381;451,381;450,380;449,379;448,379;447,379;447,378;446,378;446,377;446,376;445,376;444,376;443,375;442,375;441,375;440,375;439,375;438,375;437,375;436,375;435,375;434,375;433,375;432,375;431,375;430,375;429,376;428,377;427,377;427,378;426,379;425,380;424,380;424,381;423,381;423,383;422,385;422,386;422,387;422,388;421,390;421,391;420,391;420,392;419,392;419,393;418,393;418,395;418,396;417,397;417,398;416,398;416,399;415,399;414,400;413,400;413,401;412,402;411,404;411,405;411,406;411,407;411,408;411,409;411,410;411,411;411,412;411,413;410,414;410,415;410,416;410,417;408,417;408,418;407,418;406,418;405,418;404,419;402,420;401,421;401,422;400,423;399,423;399,424;399,425;398,426;396,428;396,429;396,430;396,431;395,432;395,433;394,433;394,434;394,435;393,435;393,436;393,437;393,438;393,439;395,441;395,442;397,443;398,444;399,445;399,446;400,446;400,447;402,447;402,448;403,448;405,449;407,449;409,449;411,449;411,451;412,451;413,451;414,451;415,452;416,452;417,452;418,452;419,452;420,453;421,453;423,453;424,453;424,454;425,454;427,455;428,456;430,456;431,456;433,457;434,457;435,457;436,457;437,457;439,458;441,458;443,459;444,459;445,460;446,460;447,460;448,462;449,462;450,462;451,462;452,462;454,463;456,464;457,464;458,464;459,464;460,464;461,464;462,464;463,464;464,464;465,464;466,464;467,464;468,464;469,464;470,464;471,464;472,464;473,464;474,464;475,464;476,464;477,464;478,464;479,464;480,464;481,463;482,461;483,461;483,460;484,458;485,458;486,456;487,456;487,455;487,454;488,453;488,452;489,451;490,450;492,449;492,448;493,448;493,447;493,446;494,445;495,445;496,445;496,444;497,444;499,444;501,444;503,442;504,442;504,441;505,440;505,439;506,439;506,438;507,436;507,435;508,433;509,432;510,432;511,432;512,431;513,431;514,430;515,430;516,430;517,429;518,429;519,429;520,429;521,429;522,427;523,427;524,426;525,426;525,425;527,424;528,424;528,423;529,421;530,421;531,420;531,419;532,419;533,418;534,418;534,417;534,416;534,415;535,414;535,413;536,413;536,412;536,411;537,410;537,409;537,408;537,407;537,406;539,406;539,405;540,405;541,405;541,404;543,403;544,403;545,402;546,402;547,402;547,401;548,400;549,400;550,400;551,400;552,399;553,399;553,398;554,398;554,397;554,396;556,396;557,395;558,394;559,394;561,394;562,393;563,393;563,392;564,392;565,391;566,390;567,389;568,389;568,388;569,387;570,387;571,386;572,386;572,385;572,384;572,383;572,382;572,381;572,380;572,378;572,377;572,376;571,375;570,375;569,374;567,373;566,373;565,372;564,372;563,372;562,372;561,372;560,372;559,372;558,372;556,372;554,372;553,372;552,370;550,369;549,368;549,366;549,365;549,364;549,363;549,362;549,360;549,359;550,358;551,357;550,357;549,357;548,357;547,356;546,356;545,356;544,356;543,356;542,356;541,356;540,356;539,356;538,356;537,356;536,356;534,356;533,356;532,356;531,356;530,356;528,356;527,356;526,356;525,356;524,356;523,356;521,356;520,356;520,357;519,357;519,358;518,358;517,359;516,360;514,361;513,362;512,363;511,364;510,364;509,366;508,367;507,367;506,367;504,367;503,367;502,367;501,367;500,367;499,367;498,367;497,367;496,367;495,367;494,367;493,367;492,367;491,367;
Specular reflection; POLYGON; 191, 91, 22; 233,750;231,750;230,750;228,752;227,752;225,753;224,753;223,754;222,754;221,754;220,755;219,755;218,755;216,755;214,755;213,755;212,755;211,755;210,755;209,755;208,755;207,755;205,755;204,755;203,755;202,756;201,756;199,758;197,759;196,760;195,761;195,762;194,765;194,766;194,767;194,768;193,769;193,770;193,771;193,772;193,773;193,774;191,776;191,777;191,778;191,779;191,780;191,781;191,782;191,783;191,784;191,785;192,787;192,788;193,789;194,790;194,791;194,792;195,793;195,794;195,795;195,796;196,796;196,797;197,798;197,799;198,801;199,802;201,802;202,803;203,804;204,804;205,804;206,805;207,807;208,807;209,808;211,808;213,808;214,808;215,809;216,810;217,810;219,810;220,811;221,812;221,813;222,813;223,813;225,814;226,814;227,814;228,814;229,815;230,815;231,816;232,816;233,816;234,816;236,816;238,816;238,817;240,818;240,819;241,819;242,819;244,819;246,820;248,820;249,821;251,821;252,821;253,821;254,821;255,821;256,821;257,821;258,820;258,819;258,818;260,817;261,816;261,815;261,814;261,813;261,812;261,811;261,810;261,809;261,808;261,807;261,806;262,806;262,805;263,804;263,803;264,803;265,803;266,803;267,803;268,803;269,803;270,803;271,803;273,803;274,803;275,803;276,803;277,803;278,803;279,803;280,803;282,803;283,803;283,802;284,802;286,800;287,800;289,799;289,798;289,797;290,797;290,796;290,795;290,794;290,793;291,792;291,791;291,790;291,789;291,788;291,787;291,786;291,785;291,784;291,783;291,782;291,781;290,780;290,779;289,778;289,776;289,775;288,775;287,773;286,773;286,772;286,771;286,770;286,768;285,768;285,767;284,767;283,767;282,766;281,765;280,764;279,764;277,764;277,763;276,763;275,762;274,762;273,761;272,761;271,761;271,760;270,760;269,760;268,760;267,758;267,757;266,757;266,756;266,755;266,754;265,754;264,753;264,752;263,751;263,750;263,749;262,749;261,748;260,748;260,747;260,746;259,746;258,746;257,745;256,745;255,745;254,745;253,745;250,745;248,745;246,745;245,745;244,745;242,745;241,745;240,745;238,745;237,744;235,744;234,744;233,744;232,744;231,744;230,744;229,744;227,744;226,744;225,745;225,746;225,747;225,748;224,748;224,749;223,749;223,750;223,752;222,753;222,754;221,756;220,756;220,757;220,758;220,759;219,759;219,760;217,761;216,762;215,763;215,764;215,767;
Specular reflection; POLYGON; 191, 91, 22; 246,810;247,810;248,811;249,811;251,812;252,813;253,813;254,813;256,813;257,813;258,813;259,813;261,813;262,813;263,813;264,813;265,812;265,811;266,811;266,810;267,810;267,809;268,807;268,806;268,805;268,804;268,803;268,802;268,800;268,799;268,798;268,797;268,796;268,795;268,794;268,793;269,793;272,794;
Specular reflection; POLYGON; 191, 91, 22; 237,369;235,370;234,370;233,371;232,371;231,371;229,371;228,371;227,371;226,372;225,372;225,373;225,374;224,374;222,374;221,374;220,374;219,374;218,374;217,374;216,374;215,374;214,374;213,374;212,374;211,374;211,375;210,375;209,375;208,375;207,375;206,375;205,375;204,375;202,375;201,375;199,375;198,375;196,375;195,375;194,375;193,375;192,375;191,375;190,375;189,375;187,375;186,375;185,375;184,375;183,375;182,375;181,376;180,376;180,377;180,378;180,379;180,380;180,381;180,382;180,383;180,384;180,385;180,386;180,387;180,388;180,389;180,390;180,391;180,392;180,394;179,395;179,396;179,397;179,398;179,399;180,401;180,402;180,403;180,404;182,405;183,406;184,406;185,406;186,406;188,406;189,406;190,406;191,406;193,405;193,404;194,404;195,403;196,403;197,403;198,403;199,403;200,403;201,403;202,403;203,403;204,402;206,402;207,401;208,401;209,401;210,401;212,400;213,400;214,400;215,400;216,400;217,400;218,400;219,400;220,398;221,398;222,398;223,398;224,397;225,397;226,397;227,397;228,397;229,397;231,397;232,397;233,397;235,397;237,397;238,397;239,397;240,397;241,397;242,396;243,396;244,396;245,396;247,395;248,395;249,395;250,395;251,394;252,392;253,392;254,392;255,391;256,391;257,391;259,391;260,391;261,391;262,391;263,391;264,391;265,391;266,391;267,391;268,391;270,391;271,391;272,391;273,391;274,391;275,390;276,390;278,390;279,389;280,389;281,389;282,389;284,388;285,386;286,385;287,385;287,384;288,384;289,383;290,382;291,382;292,382;293,382;294,381;295,380;295,379;296,378;297,377;298,376;299,376;300,375;300,373;300,372;300,371;300,370;300,369;300,367;300,366;299,366;299,365;298,364;298,363;297,363;297,362;296,362;296,361;294,361;293,361;292,360;291,360;290,360;289,360;288,360;287,360;286,360;285,360;283,360;282,360;281,360;280,360;279,360;278,360;277,360;276,360;274,359;273,359;272,359;270,359;269,359;268,359;267,359;266,359;265,359;263,360;262,360;261,361;261,362;260,362;259,363;258,364;255,365;254,366;253,367;252,367;251,368;251,369;249,369;248,369;247,369;246,369;244,369;243,369;242,369;241,369;240,368;239,368;238,368;237,367;236,367;235,366;233,366;232,366;231,366;230,366;229,366;228,366;227,366;226,366;225,366;225,367;224,367;222,367;221,369;220,369;219,370;218,370;217,371;216,372;215,372;214,373;214,374;213,376;212,376;211,377;210,377;209,378;208,379;208,380;208,381;
Specular reflection; POLYGON; 191, 91, 22; 206,154;205,154;203,154;202,154;200,154;199,154;198,154;197,154;195,155;194,155;193,156;192,157;191,158;190,158;189,158;188,158;187,158;186,158;185,159;184,159;183,159;182,160;181,160;181,161;179,161;178,162;178,163;178,164;177,164;177,165;176,165;175,166;174,166;174,167;173,167;172,168;171,169;170,170;169,170;168,170;167,171;166,171;165,171;164,172;163,173;162,173;161,175;160,176;160,177;160,179;160,180;160,181;158,182;158,183;158,184;158,185;158,186;158,187;158,188;158,189;158,190;158,192;158,193;159,193;159,195;159,196;160,196;160,198;160,199;161,200;161,201;162,202;163,202;165,203;166,204;166,205;167,205;168,205;170,205;171,205;172,205;173,205;173,206;174,206;175,206;177,206;178,206;180,206;182,206;183,206;184,206;185,206;186,206;187,206;188,206;189,206;190,206;191,206;192,206;194,206;195,206;196,206;197,206;198,206;199,206;201,206;202,206;204,206;205,206;206,206;207,206;208,206;210,206;211,206;212,206;214,206;215,206;216,206;217,206;218,206;220,206;221,206;223,205;224,205;225,205;226,204;226,203;227,202;228,202;230,202;231,202;232,201;232,200;233,200;233,199;234,198;234,197;235,197;235,196;236,196;236,195;237,195;237,193;238,192;238,191;239,191;240,190;241,190;241,189;242,189;242,188;243,188;244,188;245,188;245,187;246,187;247,187;248,187;249,187;250,187;251,187;252,186;252,185;253,185;254,185;255,184;256,184;257,184;257,183;258,183;259,183;261,182;262,182;263,181;264,180;265,178;266,178;267,177;268,176;268,175;269,174;269,173;270,172;271,171;273,170;273,169;274,168;274,167;276,166;276,165;277,165;278,164;279,163;280,163;281,162;282,162;283,162;284,161;284,160;285,160;286,159;287,159;288,159;289,158;290,158;291,158;293,158;295,156;295,155;296,155;297,155;298,155;299,155;300,155;301,154;302,154;303,153;304,153;306,152;307,152;308,152;309,151;310,151;311,150;312,149;313,149;314,149;315,149;315,148;317,148;318,147;320,147;321,147;321,146;323,144;325,143;326,143;327,141;328,141;330,139;331,139;331,138;332,137;333,136;333,135;334,135;334,134;334,133;334,132;334,131;334,130;334,129;333,128;331,128;330,127;330,126;328,126;327,125;326,125;325,125;324,125;323,125;322,125;321,125;320,125;319,125;318,125;317,125;316,125;315,125;314,125;313,125;311,125;310,125;309,125;308,126;306,126;305,126;304,128;303,128;302,129;301,130;300,130;299,132;298,133;297,134;296,135;295,135;295,136;294,136;294,138;293,139;292,139;292,140;291,140;291,141;290,141;290,142;289,142;288,142;288,143;288,144;286,144;285,144;285,145;284,145;283,145;282,146;281,146;281,147;280,147;280,148;279,149;279,150;278,151;277,152;275,152;273,153;271,154;271,155;270,155;270,157;269,158;268,158;268,159;267,160;266,160;265,161;263,161;262,161;261,161;260,163;259,163;258,163;256,163;255,163;254,163;253,163;252,164;251,164;250,164;248,164;247,164;246,164;245,162;244,162;243,162;242,162;242,161;241,161;241,160;241,159;239,159;239,158;239,157;238,156;238,155;238,154;238,153;237,153;235,153;234,153;232,153;231,153;230,153;229,153;227,152;227,151;226,151;225,151;224,151;223,151;222,151;221,151;220,151;219,151;218,151;217,151;216,152;215,152;214,152;213,152;212,152;211,152;210,152;208,152;207,152;206,152;205,153;204,153;202,154;201,154;200,154;199,155;198,155;
Specular reflection; POLYGON; 191, 91, 22; 381,34;379,34;378,34;376,34;375,34;374,34;373,34;372,34;371,34;369,35;368,36;366,37;365,39;364,40;362,42;361,43;361,44;360,45;359,46;358,47;358,48;358,49;358,50;358,51;358,52;359,54;360,55;361,56;362,57;363,57;364,57;365,57;366,57;368,58;370,59;371,59;372,60;374,61;375,61;376,61;378,61;378,63;381,63;382,63;383,64;384,64;385,64;386,64;387,64;388,65;389,66;391,66;393,67;394,67;395,67;395,68;395,69;397,69;398,70;399,70;401,72;402,73;402,74;404,75;406,76;407,77;408,77;409,78;410,78;411,80;413,81;415,83;416,83;418,84;418,85;420,87;423,87;426,87;429,88;430,89;431,89;432,90;433,90;434,91;435,91;436,92;436,93;437,94;439,95;440,96;442,96;442,97;443,98;444,99;445,99;445,100;446,101;447,101;448,101;448,102;449,102;449,104;450,105;451,105;453,107;454,108;455,110;456,110;457,111;458,111;458,112;459,112;461,113;462,114;463,114;464,114;465,115;465,116;466,117;467,118;469,120;470,121;471,123;473,124;474,125;475,126;476,126;476,127;477,128;477,129;478,130;480,131;480,132;481,132;482,132;483,132;484,132;485,132;486,132;487,132;488,131;488,130;488,129;490,129;491,129;492,129;493,129;493,128;494,128;496,128;496,127;497,127;498,127;499,127;500,127;502,127;504,127;506,127;508,127;509,127;510,127;512,127;513,127;514,127;515,127;516,126;517,126;519,125;520,123;521,123;522,122;523,121;524,121;525,121;526,120;527,120;528,119;529,118;529,117;530,116;532,116;533,116;534,115;535,115;535,114;536,114;537,114;538,114;538,113;539,113;540,113;541,112;542,111;543,111;545,111;546,111;547,111;547,110;548,110;549,109;550,108;551,107;551,106;552,105;554,104;555,104;555,103;556,103;557,102;558,100;559,99;560,98;561,98;561,97;562,96;563,96;563,95;564,94;565,93;566,92;567,91;569,89;569,88;570,87;571,86;571,85;572,84;573,83;573,81;573,80;572,79;571,78;571,77;570,77;569,77;569,76;567,76;566,75;565,75;564,75;563,75;561,75;560,75;559,75;558,75;556,75;555,75;554,75;552,75;551,75;550,75;549,76;548,76;547,76;547,77;545,77;542,78;541,79;540,79;539,79;538,79;536,80;536,81;534,83;533,83;531,84;530,84;530,85;529,85;528,85;527,86;526,86;526,88;525,88;523,89;521,90;520,90;519,90;518,90;517,90;516,90;516,91;515,91;514,91;511,91;507,91;505,91;502,91;499,91;495,91;492,91;491,91;490,91;489,91;489,90;489,89;489,88;489,87;489,86;489,85;489,84;489,83;491,82;492,81;493,80;494,80;495,80;497,80;498,80;499,80;500,79;501,78;503,76;505,76;506,75;508,74;509,74;510,73;511,72;511,71;512,70;513,69;513,68;514,67;514,66;514,65;514,64;514,62;514,60;514,59;514,58;513,57;512,56;511,55;510,55;509,54;508,53;508,52;507,52;506,51;505,50;505,49;505,48;505,46;505,45;506,44;507,43;509,43;510,42;510,41;512,41;513,41;514,41;515,41;516,41;516,40;517,40;519,40;520,40;522,39;523,39;524,39;525,39;526,39;527,39;529,38;530,38;531,38;532,38;533,37;534,37;535,35;536,35;537,34;538,34;539,32;542,32;543,31;544,30;545,28;547,26;548,25;549,24;549,22;549,21;550,20;550,19;550,18;550,17;550,16;550,15;550,13;550,12;549,11;548,11;547,11;546,11;545,10;543,9;541,9;540,9;538,9;537,9;536,9;535,9;534,9;532,9;531,9;530,9;529,9;527,10;526,10;525,10;523,10;522,11;519,11;517,11;516,11;515,11;514,11;514,12;513,12;512,12;511,12;509,13;508,13;506,13;504,14;503,14;501,15;500,16;499,16;497,17;496,17;495,17;493,18;492,18;491,18;489,19;486,19;484,20;483,21;482,21;480,23;479,23;478,24;477,25;475,26;474,27;473,28;471,29;470,29;469,29;468,30;467,30;465,30;464,30;462,30;461,30;459,31;458,31;457,31;456,31;455,31;454,31;452,31;451,31;449,31;447,31;446,31;444,31;442,31;440,31;439,31;437,31;435,31;434,31;432,30;431,30;429,29;426,29;426,28;424,28;424,27;423,27;422,27;421,27;420,27;420,26;419,26;417,26;416,26;415,26;414,26;413,26;412,26;411,26;410,26;409,26;408,26;407,26;406,26;405,26;405,27;403,27;403,28;402,29;401,29;400,29;399,29;399,30;397,30;396,30;395,31;394,31;394,32;393,32;393,33;393,34;392,34;391,35;390,35;389,35;388,35;387,35;386,35;385,35;384,36;383,36;382,36;381,36;380,36;379,36;378,36;378,38;
Specular reflection; POLYGON; 191, 91, 22; 402,34;402,33;401,32;399,32;398,32;397,32;396,32;395,32;394,32;393,32;392,32;391,32;390,32;389,32;387,32;386,32;385,32;384,32;383,34;382,35;381,35;381,36;381,37;381,39;381,41;381,42;381,44;381,46;381,49;383,53;384,55;386,58;
Specular reflection; POLYGON; 191, 91, 22; 501,56;502,56;503,56;504,56;505,56;506,56;507,56;508,56;509,56;510,56;511,56;513,56;514,56;515,56;516,56;517,56;518,56;519,56;520,56;521,56;522,56;523,56;524,57;526,58;527,59;527,60;527,61;527,62;527,63;526,63;526,64;525,65;525,66;524,66;523,66;522,66;521,66;521,67;520,67;520,68;519,68;516,69;516,70;514,71;513,71;512,72;511,73;510,74;510,75;509,75;509,76;508,76;508,77;508,78;508,79;507,79;507,81;507,82;506,83;506,84;506,85;506,86;505,87;505,88;504,88;504,89;503,89;503,90;502,90;502,92;502,93;501,93;500,94;499,94;499,95;498,95;497,96;496,98;495,99;493,100;491,101;490,101;489,101;488,101;487,101;486,101;485,101;484,101;483,100;482,100;481,99;480,97;479,96;478,94;477,94;476,93;475,92;475,91;474,90;473,90;472,89;472,88;471,86;470,84;468,82;467,81;467,79;466,78;466,77;466,76;466,74;466,73;466,71;466,69;466,67;
Specular reflection; POLYGON; 191, 91, 22; 253,439;252,439;250,439;249,439;248,439;247,439;246,439;245,439;244,439;243,439;242,439;241,439;239,439;238,439;237,440;236,440;235,440;234,440;233,441;232,442;231,443;231,444;230,446;230,447;229,448;228,449;228,451;228,452;228,453;227,454;227,455;227,456;227,457;227,458;227,459;227,460;227,461;228,462;229,463;229,465;230,466;231,466;231,467;232,467;232,469;232,470;232,471;233,472;233,473;233,474;234,475;234,476;234,477;235,477;235,478;236,478;236,479;237,480;240,481;240,482;241,482;243,482;244,482;245,482;246,482;247,482;248,482;249,482;251,482;252,482;253,482;254,482;255,482;256,482;257,482;258,482;259,483;261,484;264,484;265,484;266,485;267,485;268,485;269,485;269,486;270,486;271,486;273,486;274,487;275,487;276,487;277,487;278,487;279,487;281,487;282,487;284,487;285,487;286,487;287,487;289,487;290,487;291,487;291,486;291,485;291,484;291,483;291,482;291,481;291,479;291,478;291,477;291,475;292,474;293,473;294,473;295,473;295,472;295,471;295,470;294,468;293,468;292,468;291,467;290,467;289,467;288,465;287,465;286,465;285,465;284,465;282,465;281,465;280,464;280,463;280,462;280,460;280,459;280,458;280,457;280,455;280,454;280,453;281,453;281,452;281,451;281,449;281,448;281,447;281,446;281,445;281,444;281,443;279,442;279,441;278,440;277,439;276,439;276,438;275,438;274,438;273,438;272,436;271,436;270,436;269,435;268,435;267,435;266,435;265,434;264,434;263,434;262,434;260,434;259,434;258,434;256,434;255,434;254,434;253,434;252,434;251,434;250,434;249,435;248,436;247,437;246,437;244,439;243,440;243,441;243,443;
Specular reflection; POLYGON; 191, 91, 22; 82,507;82,508;82,510;82,511;82,512;81,512;81,513;79,513;78,514;78,515;76,517;76,518;74,519;74,520;73,521;72,522;71,522;71,524;70,525;69,525;68,525;67,525;65,525;64,525;63,525;62,525;60,525;60,526;59,526;58,526;57,526;55,526;54,525;52,525;50,524;49,524;47,523;46,523;46,522;45,522;43,521;41,521;40,520;39,519;38,519;38,518;37,518;37,517;36,516;35,516;35,515;34,515;34,514;32,513;32,512;31,512;30,511;29,510;28,509;28,507;27,506;27,505;27,503;26,501;26,500;26,499;25,499;25,498;25,497;24,495;24,494;24,493;24,492;22,489;22,488;21,487;21,486;21,485;20,483;19,483;18,481;18,480;18,479;17,478;16,477;15,476;14,475;14,474;13,474;13,473;12,472;11,471;10,470;9,469;8,468;7,467;6,467;6,466;5,464;5,463;5,462;5,461;4,461;4,459;4,458;4,457;4,456;4,454;4,453;4,452;4,451;4,450;4,448;4,447;4,446;4,445;4,444;4,443;4,442;4,441;4,440;4,439;4,438;4,436;3,436;3,434;3,433;3,432;3,431;2,430;2,429;2,428;1,428;1,427;1,425;1,424;1,423;1,422;1,421;1,419;1,418;1,417;0,416;-1,416;0,416;0,415;1,413;2,412;3,412;4,412;5,412;7,412;8,412;10,412;11,412;12,412;13,412;14,411;15,411;16,411;17,411;18,411;20,411;21,410;22,410;23,410;24,410;25,410;26,410;27,410;29,410;30,410;32,410;34,410;37,410;38,410;39,410;40,410;41,410;42,410;43,410;46,410;47,410;47,411;47,412;48,412;49,413;49,414;49,415;50,415;50,416;51,416;51,417;51,418;52,420;53,421;53,422;53,423;53,424;53,425;53,426;53,428;53,429;53,430;53,431;53,432;53,433;53,434;53,435;53,436;53,437;53,438;53,439;53,440;53,441;53,442;53,443;53,444;53,445;53,447;53,448;53,449;53,450;53,451;54,453;55,454;55,455;56,455;57,455;57,456;58,456;58,457;59,458;59,459;59,461;60,461;61,463;62,463;62,464;62,465;63,466;64,467;64,468;65,469;66,471;67,471;68,472;69,472;70,473;70,474;71,475;72,476;73,477;74,478;75,480;76,480;76,481;76,482;76,483;77,484;77,485;78,486;79,487;80,487;80,489;81,490;82,491;82,492;83,492;84,493;84,495;84,496;84,497;84,498;85,498;85,499;85,501;85,502;85,503;85,504;85,505;85,507;85,508;85,509;85,510;85,511;85,512;85,513;85,514;85,515;85,516;85,517;85,518;85,519;85,520;84,521;84,522;83,522;82,522;81,522;80,522;79,522;78,522;77,522;76,522;75,522;74,522;73,522;72,522;71,522;70,522;69,522;68,522;67,523;66,523;65,523;
Specular reflection; POLYGON; 191, 91, 22; 96,399;95,399;94,399;93,399;93,400;91,400;90,401;89,401;88,402;88,403;88,404;87,405;87,406;87,407;86,408;86,409;86,410;86,411;86,412;85,413;85,414;85,415;85,416;85,417;85,418;85,419;85,420;85,421;85,422;85,423;84,424;84,425;84,426;84,427;84,428;84,429;83,430;83,431;83,432;82,433;82,434;82,435;82,436;82,437;80,437;80,438;80,439;81,440;83,440;84,440;85,440;86,440;88,441;88,442;89,442;90,442;92,442;93,442;95,442;96,442;97,442;97,441;98,441;99,441;99,440;100,439;100,438;101,437;102,437;103,437;104,436;105,435;105,434;106,433;106,432;107,431;108,430;109,430;109,428;109,427;110,427;110,426;110,425;111,424;111,423;111,422;111,421;112,420;113,419;114,418;115,417;115,415;115,414;115,413;115,412;115,411;115,410;115,409;115,408;113,407;112,407;111,406;110,405;109,403;108,402;107,402;107,401;105,401;104,401;103,401;101,400;101,399;100,399;99,399;98,399;97,399;96,399;95,399;94,399;93,399;
Specular reflection; POLYGON; 191, 91, 22; 89,405;88,405;87,405;85,405;84,405;83,405;83,406;82,407;82,409;82,410;82,411;81,412;80,413;80,414;80,415;80,416;80,417;80,418;80,419;80,421;80,422;80,423;80,424;80,425;80,427;81,428;82,428;82,429;83,431;85,432;85,433;86,433;87,433;
Specular reflection; POLYGON; 191, 91, 22; 1008,428;1007,429;1006,429;1005,431;1004,432;1003,432;1002,434;1001,434;1000,435;998,436;997,437;996,438;995,439;995,440;994,440;994,441;992,442;992,443;991,443;991,444;990,444;989,446;989,447;988,447;988,448;986,449;985,449;985,450;984,452;984,453;984,454;984,455;984,456;984,458;984,459;984,460;984,461;984,462;984,463;984,464;984,465;984,466;984,467;984,468;984,469;984,470;984,472;984,473;985,473;985,474;986,475;987,476;987,477;988,477;988,478;989,478;990,478;991,478;992,478;993,478;994,478;995,478;997,478;998,478;999,478;1000,478;1001,478;1002,477;1003,477;1004,477;1005,477;1005,476;1006,476;1007,474;1008,474;1009,474;1011,472;1012,472;1013,472;1013,471;1014,471;1015,471;1016,471;1017,471;1018,471;1019,470;1020,470;1021,468;1022,467;1023,465;1023,463;1023,462;1023,461;1023,460;1023,459;1023,458;1023,456;1023,455;1023,454;1023,453;1023,452;1023,451;1023,449;1023,447;1023,446;1023,445;1023,444;1023,443;1023,441;1023,440;1023,438;1023,437;1023,436;1023,435;1023,434;1023,433;1023,432;1023,431;1022,430;1022,429;1021,428;1019,428;1018,428;1017,428;1016,427;1014,427;1013,427;1012,427;1010,427;1008,427;1007,427;1006,427;
Specular reflection; POLYGON; 191, 91, 22; 992,447;992,448;991,448;990,449;989,449;989,450;987,450;986,452;986,453;985,453;984,454;983,455;983,456;982,456;981,457;981,458;981,459;981,460;981,461;981,462;981,463;981,464;981,465;981,466;981,467;981,468;981,469;981,470;981,471;981,472;981,473;981,474;982,474;982,475;983,475;983,476;984,477;984,478;985,478;986,479;987,479;989,479;990,479;991,479;992,480;993,480;994,480;996,480;997,480;999,480;1001,480;1002,480;1003,480;1004,480;1005,480;1006,480;1007,480;1007,479;1008,478;1008,477;1008,476;1009,475;1009,474;1009,473;1009,472;1009,471;1009,470;1010,469;
Specular reflection; POLYGON; 191, 91, 22; 141,833;140,833;139,833;138,833;137,835;136,836;136,838;136,839;136,840;136,841;136,843;136,844;135,846;135,848;135,849;135,850;135,851;135,852;135,853;135,854;135,855;135,856;135,857;135,858;135,859;135,860;135,861;136,861;137,862;137,863;138,863;138,864;140,866;142,867;142,868;143,868;144,869;145,869;145,870;146,871;148,871;149,873;151,873;153,874;154,875;155,875;155,876;156,877;156,878;157,879;158,880;159,881;160,881;160,883;161,883;162,883;163,884;164,885;164,886;165,886;165,887;166,889;167,890;167,891;167,892;167,893;168,895;169,896;169,898;170,899;171,901;171,902;172,903;173,903;174,904;175,905;176,906;177,907;178,908;179,908;180,909;180,910;181,910;182,910;183,911;184,911;185,911;186,912;187,913;189,913;193,914;194,915;197,916;198,916;199,916;200,917;201,917;202,917;203,917;204,918;205,919;206,919;208,919;210,919;211,919;212,919;213,919;214,919;215,919;216,919;217,919;218,919;220,919;221,919;221,918;222,917;223,917;223,916;223,914;223,913;223,912;223,911;223,910;223,909;223,908;223,907;223,906;223,905;222,903;222,902;222,901;221,900;220,900;220,899;219,899;218,899;218,898;217,898;217,896;216,896;215,895;214,894;214,893;213,893;213,892;212,891;211,890;210,889;209,889;209,888;208,888;208,887;207,886;207,885;207,884;207,883;206,882;206,881;205,881;204,879;203,878;203,877;202,876;201,876;201,875;201,874;200,872;200,871;199,870;199,869;199,868;198,868;198,867;198,866;198,865;197,864;196,863;196,862;196,860;196,859;196,858;196,857;195,856;195,854;195,853;194,853;194,852;193,851;192,850;191,848;190,847;189,846;188,845;187,845;186,844;185,843;185,842;184,842;184,841;183,841;183,840;182,840;181,840;180,839;179,838;179,837;177,837;177,836;176,835;175,835;174,835;173,835;173,834;172,834;171,834;170,834;169,833;168,833;167,831;166,831;165,831;164,830;163,829;162,829;160,829;159,829;158,829;157,829;156,829;155,829;154,829;153,829;152,829;151,829;150,829;149,829;148,829;147,829;146,829;145,829;143,831;142,832;141,833;140,834;139,834;139,835;138,835;
Specular reflection; POLYGON; 191, 91, 22; 295,706;296,706;297,707;298,708;298,709;298,710;299,710;299,711;300,711;300,713;301,714;302,715;302,716;302,717;303,717;304,717;306,719;306,720;307,721;308,722;309,722;310,722;310,723;311,723;313,724;314,725;315,726;316,726;317,727;318,728;319,728;319,729;320,729;320,730;322,731;322,732;323,732;324,733;325,734;325,735;325,736;326,737;326,738;327,739;328,740;329,740;330,741;331,742;332,743;332,744;333,744;333,745;334,745;335,745;336,745;336,746;337,747;339,748;340,749;341,750;342,750;343,750;344,751;346,751;348,752;350,752;352,753;353,753;354,753;355,754;356,755;357,755;358,755;358,756;359,757;360,757;361,758;362,758;363,758;364,760;365,760;365,761;367,763;368,764;369,765;370,765;370,766;370,767;371,767;372,767;373,768;374,769;375,769;375,770;377,771;378,773;378,774;379,774;380,775;380,776;381,776;381,777;382,777;383,777;383,779;385,780;385,781;385,782;386,782;387,783;388,784;389,785;389,786;389,787;390,788;391,789;392,789;392,790;393,790;393,792;394,792;395,793;396,793;397,793;398,793;399,793;399,794;400,795;401,796;402,796;403,797;403,798;404,798;405,799;406,799;408,799;409,799;410,799;410,800;411,800;412,800;413,800;413,801;414,801;415,801;417,803;419,804;420,804;421,804;422,804;423,806;424,806;425,807;426,808;427,809;428,810;429,810;429,811;431,812;432,812;433,813;434,813;435,813;435,814;436,814;437,814;438,816;438,817;439,817;440,817;442,818;443,818;445,819;446,819;446,820;448,820;448,822;450,822;451,823;452,824;453,825;454,825;455,825;456,825;457,825;458,825;459,824;460,824;461,824;461,822;463,821;463,820;464,819;464,818;464,817;464,815;464,814;464,813;464,812;464,811;463,811;463,809;463,808;462,807;462,806;462,805;461,805;460,804;460,803;460,802;459,802;458,801;457,801;456,801;455,800;454,799;453,799;453,798;452,798;451,797;450,797;448,796;447,796;446,796;445,795;444,795;444,794;443,794;442,794;441,793;440,793;439,793;438,793;438,791;437,791;435,791;433,791;433,790;431,790;430,789;429,789;428,789;427,788;426,787;426,786;424,786;423,786;422,786;421,786;421,785;420,784;419,784;419,783;418,783;418,782;416,781;416,780;415,780;414,780;413,779;412,778;411,778;410,777;409,776;408,776;407,774;407,773;406,773;405,772;404,772;403,771;402,771;400,771;399,770;398,770;397,770;397,768;396,767;394,767;393,767;392,766;391,766;390,765;388,765;387,765;386,764;385,764;384,762;383,761;382,761;381,761;381,760;380,759;379,758;378,757;377,756;377,755;376,754;376,752;375,751;375,750;374,749;374,748;373,748;372,746;371,745;370,744;369,743;368,743;366,743;365,742;365,740;364,740;363,740;362,740;362,739;361,739;360,739;359,738;359,737;358,737;357,736;356,735;355,734;354,734;353,733;352,732;351,731;351,730;351,729;350,728;350,727;349,726;348,726;348,725;347,725;347,723;347,722;345,722;345,721;344,721;344,720;343,719;342,719;341,719;341,718;341,717;340,716;339,716;338,716;338,715;337,715;336,715;335,715;334,715;333,714;332,714;331,714;331,713;330,712;330,711;329,710;329,709;327,708;326,707;325,706;324,705;322,704;321,704;320,703;319,702;318,702;318,701;317,701;315,699;314,699;313,699;312,699;311,699;310,699;308,699;307,699;305,700;304,700;303,700;302,700;300,700;299,700;298,701;298,702;298,703;298,704;298,705;298,706;297,707;297,708;297,709;
Specular reflection; POLYGON; 191, 91, 22; 384,772;383,772;381,772;380,772;379,772;378,772;377,772;376,772;375,772;374,772;373,771;372,770;371,769;370,769;369,768;368,768;367,766;366,766;365,765;364,765;363,764;361,764;360,763;359,763;358,763;357,762;357,761;356,760;356,759;356,758;355,758;355,757;355,755;355,754;355,753;355,752;355,751;355,750;355,749;355,748;356,748;357,748;358,748;359,748;359,749;361,751;361,753;362,757;
Specular reflection; POLYGON; 191, 91, 22; 387,770;387,769;387,768;387,766;387,765;387,764;387,762;387,760;387,759;387,758;386,756;385,756;385,755;384,755;384,753;383,752;382,752;382,751;381,751;380,750;379,749;377,748;376,747;376,746;375,746;374,746;373,746;372,746;371,746;370,746;369,746;368,746;367,746;366,746;365,746;364,746;363,746;362,746;362,748;362,749;362,750;362,752;362,753;
Specular reflection; POLYGON; 191, 91, 22; 317,825;318,825;320,825;321,825;322,825;323,825;325,825;326,825;327,826;327,827;327,828;329,830;329,831;329,832;330,832;330,833;330,834;330,835;330,836;331,836;331,837;332,837;332,838;332,839;332,841;332,842;333,842;333,843;334,844;335,846;335,848;336,849;337,850;338,850;339,851;340,851;342,853;343,853;344,854;345,854;346,854;347,854;348,854;349,854;351,854;352,854;353,854;354,854;355,854;356,854;357,853;358,852;359,851;360,850;361,850;361,849;361,848;361,847;361,846;361,845;361,844;361,843;361,841;361,840;360,840;359,839;359,838;358,838;357,837;356,837;356,836;356,835;355,834;354,834;353,833;353,832;352,832;350,831;350,830;349,829;349,828;348,827;347,826;346,825;345,824;344,823;343,822;341,822;340,822;338,821;338,820;337,820;336,818;335,818;334,817;334,816;333,815;332,814;331,814;330,814;327,814;326,814;325,814;324,814;323,814;322,814;321,814;320,814;319,814;318,814;317,814;316,814;315,814;314,814;313,814;312,815;312,816;312,817;312,818;312,819;312,820;312,821;312,822;312,823;312,824;312,825;313,826;314,826;315,826;317,826;318,826;319,826;320,827;321,827;323,827;324,827;325,827;326,827;327,827;328,827;329,827;329,829;330,830;331,831;
Specular reflection; POLYGON; 191, 91, 22; 337,837;336,837;334,837;333,837;332,837;331,837;330,836;329,836;328,836;326,835;325,835;325,834;324,833;323,833;322,833;321,832;319,832;318,832;316,830;315,830;315,829;315,828;315,827;315,826;315,825;315,823;316,822;317,821;317,820;318,820;319,820;319,819;320,819;321,819;322,819;323,819;324,819;325,819;
Specular reflection; POLYGON; 191, 91, 22; 790,7;791,7;790,7;790,8;790,9;789,10;789,11;788,14;787,15;787,16;786,17;786,18;786,20;786,21;785,22;785,23;784,24;784,25;784,26;784,27;784,28;783,29;782,30;782,31;782,32;781,32;781,33;781,34;780,35;779,36;778,37;778,38;778,39;777,41;777,42;776,43;776,44;776,45;775,46;775,47;774,48;773,48;773,49;773,50;773,51;772,52;772,53;772,54;771,55;771,56;771,57;770,57;770,58;770,60;770,61;769,61;768,63;767,63;767,64;766,64;766,65;765,66;765,67;764,68;763,69;762,70;761,71;760,73;759,74;758,75;758,76;757,76;756,77;755,77;755,79;754,79;753,80;753,81;753,82;752,82;752,83;751,84;751,85;750,86;750,87;750,88;749,89;749,91;748,92;747,93;747,94;747,95;749,97;749,98;750,99;751,99;752,99;754,99;756,99;757,99;758,99;759,99;760,99;761,99;762,99;763,99;764,99;765,99;766,99;767,99;768,99;769,99;770,98;770,97;772,95;773,94;774,93;774,91;775,90;776,90;776,89;777,88;777,87;778,87;779,86;780,84;780,83;781,82;781,81;782,79;783,78;783,77;784,77;784,76;785,74;785,73;786,72;787,70;788,70;788,69;788,68;789,67;790,66;791,65;792,64;792,63;793,62;794,61;794,60;795,59;795,58;796,57;796,56;797,54;798,53;799,51;800,51;800,50;801,50;802,50;803,48;804,47;805,46;805,45;805,44;805,43;806,42;806,41;807,39;807,38;807,37;808,35;808,34;808,33;808,32;809,30;810,29;810,27;810,26;810,25;811,24;812,22;812,21;812,20;813,19;813,18;813,17;813,16;814,15;814,14;815,14;815,13;815,12;816,11;816,10;816,9;816,8;816,6;817,5;817,4;817,3;817,2;
Specular reflection; POLYGON; 191, 91, 22; 808,469;807,470;806,470;805,471;804,471;802,472;800,473;799,474;798,475;797,476;796,477;795,478;794,479;794,480;793,480;792,481;791,482;790,482;789,482;787,483;785,483;784,483;784,484;783,484;782,485;782,486;781,487;781,488;781,490;780,491;780,492;780,493;780,494;780,495;780,497;780,498;780,499;780,500;780,501;780,502;781,503;782,504;783,505;783,506;784,507;784,508;785,510;785,511;786,511;787,512;788,513;789,513;790,514;790,515;791,517;792,517;793,517;794,518;795,518;796,518;799,518;800,518;801,518;801,519;802,519;803,519;804,519;805,519;806,519;807,519;808,519;808,518;808,517;808,516;808,515;808,514;807,513;807,512;807,511;806,510;805,509;804,509;803,508;802,507;802,506;801,505;801,504;801,503;801,502;801,501;801,500;801,498;801,497;802,495;803,494;804,493;804,492;804,491;805,491;806,490;806,489;807,489;808,488;809,488;810,488;811,487;812,486;812,485;813,485;813,484;814,484;814,483;815,482;815,481;816,480;816,479;816,478;816,477;816,476;816,475;816,474;816,473;816,472;816,471;815,471;814,471;814,470;813,470;811,470;810,470;809,470;808,470;807,470;806,470;806,468;805,468;804,468;803,468;802,468;800,468;798,468;797,468;796,469;795,470;794,470;793,470;792,470;791,471;789,472;787,472;786,472;785,473;784,474;784,475;783,475;783,476;782,476;782,477;781,477;780,479;780,480;779,480;779,481;777,483;777,484;776,485;776,486;776,488;776,489;776,490;776,491;776,492;776,493;777,494;779,495;781,495;781,496;782,496;783,496;783,497;785,497;786,497;786,498;786,499;788,500;790,501;791,501;792,502;793,503;794,504;796,506;797,507;799,508;800,508;
Specular reflection; POLYGON; 191, 91, 22; 801,491;802,491;804,491;805,491;806,491;808,491;809,490;810,490;811,490;812,490;814,490;815,490;816,489;817,488;818,488;819,487;819,486;820,485;820,484;820,483;820,482;819,481;819,480;818,480;818,479;817,479;815,479;814,478;813,478;812,478;811,477;810,477;809,477;808,476;807,475;807,474;806,474;803,474;801,474;800,474;
Specular reflection; POLYGON; 191, 91, 22; 1018,293;1017,293;1016,293;1015,294;1014,294;1014,295;1013,295;1012,295;1011,295;1011,296;1010,296;1009,297;1008,297;1007,298;1006,299;1005,300;1004,300;1004,301;1004,302;1003,303;1003,304;1003,305;1003,306;1002,307;1002,308;1002,309;1002,310;1002,311;1002,312;1002,314;1002,315;1002,316;1002,317;1002,318;1003,320;1003,321;1003,322;1003,323;1004,324;1004,325;1005,326;1005,327;1005,328;1006,329;1007,330;1008,330;1008,331;1008,332;1009,333;1009,334;1009,335;1010,336;1011,338;1011,339;1011,340;1012,341;1012,342;1013,342;1013,344;1014,345;1014,346;1014,348;1015,348;1015,350;1016,351;1017,351;1017,352;1018,353;1019,354;1019,356;1020,357;1020,358;1021,358;1022,358;1023,358;
Specular reflection; POLYGON; 191, 91, 22; 1012,300;1013,300;1014,300;1015,300;1016,300;1016,299;1018,299;1019,299;1020,299;1021,298;1021,297;1021,298;1021,299;1022,300;1022,301;1022,303;1022,304;1022,306;1022,307;1022,309;1022,310;1022,311;1022,312;1022,313;1022,314;1022,316;1022,317;1022,319;1022,320;1022,322;1022,323;1022,324;1022,325;1022,326;1022,327;1022,328;1021,329;
Specular reflection; POLYGON; 191, 91, 22; 1015,327;1015,326;1015,325;1015,324;1015,323;1015,322;1015,320;1015,319;1016,318;1016,317;1018,317;1018,316;1019,314;1020,313;1021,313;1021,311;1021,310;1022,309;1022,308;1022,307;1022,306;1022,305;1022,304;1023,303;1023,302;1023,300;1023,299;1024,298;1024,297;1024,296;1024,295;1024,294;1024,293;1024,292;1024,291;1024,290;1022,290;1021,290;1020,290;1019,290;1018,290;1017,290;1016,291;1015,291;1015,292;1014,293;1014,294;1013,294;1013,295;1012,295;1012,296;1011,297;1010,298;1010,299;1010,300;1009,300;1007,301;1006,301;1005,302;1005,303;1005,304;1005,307;
Specular reflection; POLYGON; 191, 91, 22; 619,184;618,185;617,185;616,186;615,186;614,186;613,187;613,188;612,188;610,189;609,189;608,189;607,189;606,189;605,190;604,190;603,190;603,191;602,191;602,192;601,192;600,192;599,192;598,192;597,193;597,194;596,194;596,195;595,196;593,197;593,198;592,198;592,199;591,200;590,201;590,202;590,203;588,204;588,205;587,207;586,208;585,208;584,208;583,208;582,208;581,208;580,208;579,209;577,209;575,210;574,210;572,210;571,210;570,210;568,210;567,212;566,213;565,214;565,215;565,216;564,216;564,217;564,219;564,221;564,222;562,223;562,224;562,226;561,226;561,227;560,228;560,229;559,229;559,230;559,231;559,232;558,232;557,233;556,235;555,235;554,237;553,237;553,239;553,240;552,241;551,241;551,243;551,244;550,245;550,246;549,247;549,248;549,249;549,250;549,252;549,253;550,253;551,253;552,253;553,253;554,253;555,253;556,253;558,253;559,253;560,253;561,253;562,253;563,253;564,252;565,252;567,252;568,251;569,251;569,250;570,250;571,250;572,248;573,248;574,247;575,247;575,246;575,245;576,245;576,244;577,244;578,243;578,242;579,241;580,240;581,240;581,239;582,238;583,237;583,236;583,235;584,235;585,235;586,234;586,233;586,232;588,232;589,232;591,232;592,232;593,231;594,231;595,231;596,231;597,230;598,230;600,229;601,229;602,229;605,227;606,227;607,227;607,226;608,226;609,224;610,224;610,223;611,223;611,222;612,221;612,220;612,219;612,218;613,218;614,218;616,217;616,216;617,215;618,214;619,214;620,213;621,212;622,212;623,212;624,212;625,212;626,212;627,212;628,212;629,211;630,211;631,211;631,210;632,209;632,207;633,206;634,204;634,203;634,202;634,201;635,200;635,199;635,198;635,197;635,196;635,195;635,194;635,193;635,192;635,191;635,190;635,189;635,188;634,188;633,188;631,188;630,187;628,186;627,186;626,186;625,186;624,186;623,186;622,186;621,185;
Specular reflection; POLYGON; 191, 91, 22; 601,513;600,513;598,513;597,513;596,513;595,513;593,513;591,513;590,513;588,513;585,514;583,515;582,515;581,516;580,517;578,518;576,519;576,520;574,522;574,523;573,525;572,527;572,528;571,529;571,531;571,532;570,533;570,534;570,535;570,536;569,537;568,538;567,539;567,540;567,541;566,542;565,543;564,543;563,543;562,544;561,544;561,545;560,546;560,547;559,547;558,547;557,547;556,547;554,547;553,547;552,548;551,549;550,549;550,550;549,550;549,551;548,551;547,551;546,551;543,551;541,551;539,551;538,551;537,551;535,551;534,551;532,550;531,550;530,550;529,550;528,549;527,549;526,549;525,549;523,548;522,548;521,548;520,548;519,548;518,548;517,548;515,548;514,548;514,546;513,546;512,546;510,546;509,546;507,546;504,545;503,545;501,545;500,545;497,545;496,545;494,545;492,545;491,545;490,545;489,545;489,546;488,546;486,547;485,548;484,548;483,548;483,549;482,549;482,550;482,552;482,553;482,554;482,555;481,556;481,557;481,558;481,559;481,560;481,561;481,562;481,564;481,565;481,566;481,567;481,568;481,569;481,570;482,571;482,572;482,573;482,574;483,574;484,575;486,577;486,578;488,579;489,580;490,580;491,581;493,583;494,583;496,583;497,583;498,583;499,583;500,583;500,584;502,584;503,584;504,584;505,584;506,584;508,584;509,584;510,584;511,584;512,584;513,584;514,584;516,584;517,584;518,584;520,584;521,584;522,584;523,584;524,584;525,584;527,584;528,584;530,584;531,584;532,584;533,584;534,584;535,584;536,584;537,584;537,582;538,582;539,582;540,582;541,582;542,581;544,580;545,580;545,579;547,579;548,578;549,578;550,577;550,576;552,574;553,573;553,571;553,570;555,569;556,569;556,568;557,568;558,568;559,568;560,568;561,568;562,568;563,568;564,568;565,568;566,568;568,568;569,568;571,568;573,568;575,568;576,568;577,568;578,569;579,570;579,571;580,571;582,571;583,571;584,571;585,571;586,571;587,571;589,571;590,571;591,571;592,572;593,572;595,573;597,574;598,574;599,574;601,574;602,574;604,574;605,574;607,574;609,574;610,574;612,574;613,574;614,574;616,574;618,574;619,574;621,574;622,574;623,574;624,574;625,574;627,574;628,574;629,574;630,574;631,574;632,574;634,574;635,574;636,574;637,574;638,574;639,574;641,574;642,574;643,574;644,574;645,574;646,574;647,574;648,574;648,575;649,575;650,575;651,575;652,575;653,575;654,575;655,575;656,574;658,574;659,573;660,572;661,572;661,571;662,569;663,569;664,569;664,568;665,568;665,567;666,566;667,565;668,564;669,563;670,563;671,562;672,562;672,561;673,561;674,559;675,559;675,558;677,556;678,555;678,554;679,553;679,552;680,552;681,551;681,550;681,549;682,548;682,547;682,546;683,545;683,544;683,543;683,542;684,539;684,538;684,537;684,535;684,533;684,532;684,531;684,530;683,530;683,529;682,529;681,529;680,529;679,529;678,529;677,529;676,529;675,529;674,529;673,529;672,529;669,529;668,529;667,529;666,529;665,529;664,529;663,530;662,531;661,532;661,533;661,534;660,534;659,536;658,536;658,537;658,539;658,540;658,541;658,542;658,543;657,543;657,544;657,545;657,547;656,548;655,549;654,550;653,551;652,551;651,552;651,553;650,553;649,553;648,554;647,554;646,554;646,553;646,552;646,551;646,550;646,549;645,549;645,548;645,547;645,546;645,545;645,544;645,543;645,542;645,541;645,540;645,539;645,538;645,537;644,536;643,536;642,536;641,536;640,536;639,536;638,536;637,536;636,536;634,536;633,536;632,536;631,536;630,536;628,536;627,536;626,536;625,535;624,535;623,532;622,530;621,530;621,529;621,528;620,527;619,526;619,525;619,523;619,522;619,521;619,520;619,519;619,518;618,518;618,517;618,516;618,515;618,514;618,513;618,512;617,512;617,511;616,511;615,510;614,510;613,510;612,510;612,509;611,509;610,509;609,509;608,509;607,509;606,509;605,509;604,509;601,509;600,509;599,509;598,509;597,510;596,511;595,511;594,511;593,511;592,511;591,512;591,513;590,513;589,513;588,514;587,514;
Specular reflection; POLYGON; 191, 91, 22; 269,251;270,251;272,251;273,251;275,252;278,253;279,253;281,253;282,253;283,253;284,253;286,253;287,253;288,253;289,253;290,253;291,253;292,253;293,253;294,253;295,253;296,253;297,253;298,253;299,253;300,253;301,253;302,253;303,253;304,253;305,253;306,253;307,253;308,253;309,253;310,253;311,253;312,253;313,253;314,253;314,252;315,252;316,252;317,252;318,252;320,252;322,252;323,252;324,251;324,250;326,250;327,249;328,248;329,248;330,248;331,248;332,248;333,247;334,247;335,247;336,247;338,247;339,247;340,246;341,246;342,246;344,246;345,245;345,244;346,244;347,244;348,244;349,244;351,244;353,244;354,243;355,243;356,243;356,242;357,242;358,242;359,242;360,241;361,241;363,241;364,240;365,240;366,240;367,240;367,239;367,238;369,238;371,236;372,235;373,235;373,234;374,234;375,232;376,231;378,230;378,229;378,228;378,227;378,226;378,225;378,224;378,223;378,222;376,222;375,222;373,222;372,222;371,222;370,222;369,222;368,222;367,222;365,222;364,222;363,222;362,222;361,222;360,222;359,222;357,222;355,222;354,222;354,223;352,224;351,224;350,224;349,224;349,225;349,226;347,226;346,227;345,227;344,227;343,227;342,228;341,228;340,229;339,230;338,231;338,232;337,233;336,233;335,233;334,233;333,233;332,233;331,234;330,234;329,234;326,234;324,234;323,234;322,234;321,234;320,234;319,234;318,234;317,234;316,234;314,234;313,233;311,233;310,233;309,233;308,233;307,233;305,233;304,233;303,232;302,232;301,232;300,232;299,232;298,232;297,232;296,232;295,232;294,232;293,232;292,232;291,232;290,231;289,231;288,231;287,231;286,231;285,231;284,231;283,231;282,231;281,231;280,231;279,231;278,231;277,231;276,231;275,231;274,231;274,232;273,232;272,233;271,234;270,234;269,235;268,236;268,237;268,238;266,239;266,240;265,240;264,241;263,242;263,243;262,244;262,245;262,246;261,247;261,248;261,250;262,251;262,252;262,253;263,253;264,253;265,253;266,253;267,253;268,253;269,253;270,253;271,253;272,253;273,253;274,253;275,253;276,253;277,252;279,251;281,251;282,251;283,251;284,251;284,250;285,250;286,250;287,250;288,250;289,250;289,249;290,249;291,249;292,249;293,249;294,249;
Specular reflection; POLYGON; 191, 91, 22; 598,334;600,332;601,331;602,330;603,330;604,330;606,330;607,329;608,328;610,328;611,327;612,326;612,325;613,325;614,325;615,325;616,324;617,324;618,324;619,323;620,323;621,323;622,323;623,323;624,323;625,323;626,323;627,323;628,322;629,322;631,321;633,321;634,321;635,319;637,319;638,319;639,319;640,318;641,318;642,318;643,318;644,317;645,317;646,317;647,316;648,316;649,315;650,314;650,313;651,313;652,312;654,311;655,311;656,311;657,311;657,310;658,310;659,310;661,310;662,310;663,309;665,309;666,309;668,309;669,309;670,309;671,309;672,309;673,309;675,309;676,309;677,309;678,309;678,310;679,310;680,310;681,310;683,310;684,310;685,311;686,311;688,311;689,311;690,311;692,311;693,311;694,312;695,312;695,313;696,313;697,313;698,314;699,315;700,316;701,316;702,316;703,316;703,317;704,317;705,317;706,319;707,319;708,319;709,319;709,320;710,320;711,320;712,320;713,321;714,321;716,322;717,322;717,323;718,324;719,324;720,324;721,324;723,324;724,324;726,324;728,324;729,324;730,324;731,324;732,324;733,324;734,324;735,324;736,324;737,324;739,324;740,324;742,324;743,324;744,324;746,324;747,324;748,324;749,324;750,325;752,325;753,326;754,326;754,327;755,327;757,328;758,328;758,329;759,330;761,331;762,331;764,331;764,332;765,332;765,333;767,333;768,333;769,333;770,333;771,333;772,333;773,333;775,333;776,333;778,333;779,333;780,333;781,333;782,333;783,333;784,333;785,333;786,333;787,333;788,333;789,333;790,333;791,333;792,333;793,333;794,333;795,333;796,333;797,333;798,333;800,333;801,333;802,333;803,333;804,333;806,333;807,333;808,333;809,333;810,333;812,333;813,333;814,332;814,330;814,329;813,329;812,328;811,328;810,328;809,327;808,327;807,326;804,326;804,324;802,324;800,323;799,323;798,323;797,323;795,322;794,322;793,322;792,322;791,322;789,322;788,322;788,321;786,320;785,320;784,320;783,319;782,318;782,317;781,317;779,316;779,315;778,314;777,314;776,313;776,312;776,311;776,310;776,309;775,309;774,309;773,309;772,309;771,309;770,309;769,309;768,309;767,309;766,309;765,309;764,309;763,309;762,309;761,309;760,309;759,309;758,309;757,309;756,309;755,309;754,309;753,309;752,309;751,309;750,309;749,309;748,309;747,309;746,309;745,309;744,309;742,309;741,309;740,309;739,309;738,309;737,309;735,309;734,309;732,309;730,309;729,309;728,309;727,309;726,309;724,308;723,308;721,308;720,307;719,307;717,306;715,305;714,305;713,305;712,305;711,304;710,304;709,304;709,303;708,302;707,300;707,299;706,297;705,297;705,296;704,294;703,294;702,293;701,293;697,292;697,291;695,291;694,291;693,291;692,291;691,291;690,291;689,291;688,291;687,291;686,291;685,291;684,291;683,291;681,291;680,291;679,291;678,291;676,291;675,291;673,291;672,291;671,291;670,291;668,291;667,291;666,291;665,291;664,292;663,292;662,292;661,292;660,292;659,294;658,294;657,294;655,294;654,294;654,295;652,295;651,295;650,295;649,295;648,296;647,296;646,296;645,296;644,296;643,296;642,297;641,297;640,297;638,298;637,298;636,299;636,300;635,300;634,300;633,300;632,300;631,301;630,302;629,302;628,302;626,303;625,303;624,304;623,305;622,306;621,306;620,306;620,307;619,308;618,308;617,309;616,309;615,309;615,310;614,311;614,312;613,312;612,312;611,313;610,314;609,315;608,315;607,316;606,316;605,316;603,316;601,318;600,318;599,318;597,318;595,320;594,321;593,321;592,322;591,323;590,324;590,326;590,327;590,328;590,329;590,330;591,331;592,332;593,332;595,333;596,333;597,333;598,333;599,333;601,333;602,333;603,333;604,333;605,333;606,333;608,333;611,334;
Specular reflection; POLYGON; 191, 91, 22; 583,455;583,456;583,457;583,458;583,460;583,461;583,462;584,462;585,463;586,464;587,464;588,465;589,465;590,466;591,466;592,466;592,467;593,467;594,467;596,467;597,467;598,467;599,467;600,467;601,467;602,467;602,468;604,469;605,469;606,469;607,469;608,469;609,470;610,471;612,471;613,471;614,471;617,470;618,470;620,470;622,470;622,469;623,468;624,468;624,467;626,467;628,465;628,464;629,463;632,461;633,460;634,459;635,458;636,457;637,457;639,457;
Specular reflection; POLYGON; 191, 91, 22; 186,624;187,624;188,625;188,626;189,627;190,628;191,629;192,630;192,631;192,632;192,633;194,634;194,635;195,635;196,636;197,636;197,637;199,637;200,638;200,639;201,640;202,641;203,641;204,642;205,643;205,644;207,644;208,644;209,644;211,644;212,645;213,645;214,645;215,646;216,646;217,646;218,646;219,647;221,647;222,648;223,648;224,648;225,648;226,648;227,648;226,647;226,646;225,646;225,645;224,644;224,642;224,641;224,640;224,639;224,638;224,637;224,635;224,634;224,633;223,632;223,631;223,629;221,627;220,626;220,625;220,624;219,624;218,623;217,623;216,622;215,622;214,622;212,621;211,621;210,621;209,621;208,621;207,621;206,621;205,621;204,621;203,621;202,620;201,620;200,620;198,620;197,620;197,619;196,619;195,619;194,619;193,619;193,618;192,618;191,618;190,618;188,618;187,618;186,618;185,618;184,618;183,619;183,620;183,621;
Specular reflection; POLYGON; 191, 91, 22; 577,472;576,472;575,472;574,472;572,471;570,471;569,471;569,470;568,470;567,470;566,470;565,469;564,469;563,467;562,466;561,465;560,464;560,463;560,462;559,461;559,460;559,459;558,458;558,457;558,456;556,453;556,452;555,452;554,451;554,450;553,450;552,449;551,449;549,447;548,447;547,447;546,447;545,446;544,446;543,445;542,445;542,444;541,444;540,444;539,443;538,443;536,443;535,443;534,443;533,443;532,443;531,444;531,445;531,447;531,448;531,449;531,450;531,451;531,453;533,454;533,455;534,457;535,457;535,458;535,459;535,460;535,461;536,462;536,463;536,464;536,465;536,466;536,467;536,468;536,469;536,471;536,473;536,474;536,475;536,476;536,477;536,478;536,479;536,480;536,481;537,483;538,483;538,484;538,485;539,486;540,486;542,487;543,487;545,487;546,487;547,487;548,487;549,487;550,487;551,487;552,487;553,487;555,487;556,487;557,487;558,487;559,487;561,487;562,485;563,485;565,484;566,484;567,484;568,484;569,484;570,484;571,483;572,483;573,482;574,482;575,481;576,481;576,480;577,479;577,478;578,477;579,476;579,475;579,473;579,472;579,471;577,470;575,470;573,469;571,469;570,469;569,468;568,468;568,467;567,467;566,467;565,467;564,467;563,466;562,466;560,465;560,464;559,463;559,462;559,461;559,460;559,459;558,458;
Specular reflection; POLYGON; 191, 91, 22; 185,36;184,36;183,37;182,38;181,38;180,38;179,38;176,39;173,39;170,40;168,40;166,40;165,40;164,40;163,40;162,41;161,41;160,42;160,43;160,44;160,45;160,46;160,47;160,48;160,49;160,50;159,51;159,52;157,53;156,54;156,55;156,56;156,57;155,57;155,58;155,59;154,59;154,60;155,61;156,61;158,62;159,62;161,62;162,62;163,62;164,62;165,62;168,62;169,62;171,62;172,62;173,62;174,62;175,62;176,62;177,62;179,62;180,62;181,62;182,62;183,62;184,62;185,62;186,62;187,62;188,62;189,62;192,62;193,62;194,62;195,62;196,62;197,62;198,61;198,60;200,59;201,58;201,56;201,55;201,54;201,53;201,52;201,51;201,50;201,49;201,48;201,47;201,46;201,45;200,44;199,44;198,44;197,43;196,43;194,43;193,42;192,42;191,42;190,42;189,41;188,41;187,41;186,41;185,41;184,41;183,40;183,39;182,39;181,38;180,38;180,37;179,37;
Specular reflection; POLYGON; 191, 91, 22; 192,43;192,42;191,42;191,41;190,40;189,39;188,39;188,38;187,37;186,36;185,35;184,35;184,34;184,33;183,33;182,33;181,33;180,33;179,33;178,33;177,33;176,33;175,33;174,34;173,35;172,36;171,36;171,37;170,38;169,40;168,42;167,45;167,47;167,48;167,50;167,53;167,54;167,55;167,56;167,57;169,57;170,57;170,58;171,58;
Specular reflection; POLYGON; 191, 91, 22; 371,56;371,57;371,59;372,59;373,60;374,63;375,63;375,64;376,64;377,64;377,65;378,66;379,66;380,66;381,66;381,67;382,67;383,67;384,67;385,67;387,69;388,69;389,69;389,70;391,71;392,71;393,71;394,71;394,72;396,72;397,72;397,73;399,74;400,75;401,76;402,76;402,77;403,77;404,78;405,78;407,80;408,81;409,81;410,81;411,81;411,82;412,83;413,85;413,86;415,88;416,88;417,90;418,90;418,91;419,93;419,94;420,95;420,96;421,96;422,97;424,97;425,98;427,99;427,100;428,100;428,101;429,102;430,102;430,103;431,103;432,104;433,105;434,105;434,106;435,106;437,107;438,107;440,108;441,108;442,108;443,109;444,109;445,109;447,111;450,111;451,112;452,113;453,113;455,114;456,114;458,115;458,116;458,117;459,118;460,118;461,119;462,119;462,120;464,121;465,121;466,122;466,123;467,123;468,123;470,123;471,123;472,123;473,123;474,123;475,123;476,123;477,123;478,123;479,123;480,122;480,121;480,119;480,115;480,113;480,110;478,109;478,108;477,106;476,106;474,102;473,102;471,100;468,96;466,95;464,92;462,89;461,87;459,85;455,81;452,76;451,74;449,72;446,68;442,65;441,63;439,59;438,59;438,58;438,57;
Artery, ICG; POLYGON; 34, 177, 76; 63,522;63,524;63,525;61,527;60,528;60,529;59,529;59,530;59,531;58,531;57,532;56,533;56,534;55,534;55,535;54,536;54,537;54,538;54,539;54,540;54,541;54,543;54,544;54,545;54,546;54,547;54,548;54,550;54,551;54,552;54,554;54,555;54,556;54,557;55,558;55,559;56,560;56,562;57,562;57,563;57,564;57,565;58,566;59,567;59,569;60,569;60,570;62,570;62,571;63,572;63,573;64,574;65,575;66,576;67,577;67,579;68,580;69,580;69,581;70,582;72,583;72,585;72,586;72,587;73,588;74,589;75,589;75,590;76,591;77,592;78,592;78,593;78,594;79,594;79,595;79,596;79,597;80,598;80,599;81,600;83,602;85,604;85,605;86,606;86,607;87,608;87,609;87,610;88,611;88,612;89,613;89,614;90,615;91,615;91,616;91,617;91,619;92,620;94,621;95,621;95,622;96,622;97,622;97,623;98,624;99,625;100,625;101,625;101,626;102,626;103,627;104,628;105,629;106,629;106,630;107,631;108,631;109,632;110,633;111,634;112,635;113,637;114,637;116,638;117,639;118,639;120,640;122,642;123,642;124,642;125,642;126,642;128,643;128,644;129,644;129,645;131,645;132,645;133,646;134,647;135,648;135,649;136,649;137,649;138,650;139,650;140,650;141,651;142,652;143,652;143,653;143,654;144,654;145,654;146,655;147,656;148,657;149,657;150,657;151,657;152,658;152,659;153,660;154,661;155,662;156,663;158,665;159,666;159,667;160,667;161,668;163,668;163,669;164,669;167,670;168,670;170,671;170,672;172,673;173,673;175,674;176,674;177,675;178,675;178,676;179,676;180,676;181,678;182,678;184,679;186,680;187,680;188,680;189,681;191,681;192,682;193,683;193,684;194,684;195,684;195,685;197,686;198,686;199,686;200,686;201,687;202,687;203,687;204,688;206,689;207,690;208,690;208,691;210,691;211,691;212,691;213,692;214,693;215,694;215,695;216,696;217,696;217,698;218,699;219,700;220,701;220,702;221,703;222,704;224,704;225,705;226,706;227,707;227,708;228,708;228,709;229,709;229,711;231,713;232,713;233,714;234,715;235,715;235,716;236,716;236,717;237,717;237,719;237,720;238,720;239,721;240,722;240,723;241,723;242,723;243,724;244,725;244,726;245,726;245,727;246,727;247,728;248,730;249,730;250,731;251,731;252,732;252,733;254,733;255,734;255,735;255,736;256,737;257,737;257,738;257,739;258,739;258,740;258,741;258,742;259,742;259,743;260,744;261,745;261,746;261,747;262,747;262,748;263,748;264,749;265,749;265,750;266,750;267,751;268,752;268,753;269,754;271,756;272,757;273,757;274,759;275,760;276,760;277,760;278,762;279,762;280,762;280,763;281,764;282,764;283,764;283,765;284,765;286,765;287,766;288,766;289,766;290,767;291,768;292,768;293,768;294,769;295,770;295,771;296,771;298,772;299,772;300,773;301,774;302,774;303,774;304,775;305,776;306,777;307,777;308,778;309,779;310,779;311,780;312,780;313,782;314,783;315,784;317,785;319,786;320,786;321,788;322,788;322,789;323,789;324,790;325,791;326,792;327,793;328,794;329,795;329,796;330,796;331,797;333,798;334,799;336,801;336,802;337,802;339,804;340,805;341,806;342,807;344,808;345,809;346,810;347,810;348,811;350,812;350,813;351,814;353,815;353,816;354,816;355,816;356,817;357,817;357,818;358,819;359,820;361,821;361,822;362,822;363,824;364,824;367,826;368,826;369,827;370,827;372,829;373,830;375,832;376,833;377,834;378,835;379,835;380,836;380,837;381,837;382,838;382,839;383,839;383,840;384,841;385,841;386,842;388,842;389,844;390,845;391,845;392,846;393,847;394,847;395,847;395,848;397,848;399,849;400,850;402,851;403,851;404,851;405,851;406,852;407,853;408,853;409,853;410,853;410,854;411,854;412,854;413,854;415,856;416,856;417,857;418,858;419,858;420,859;421,859;422,859;423,859;424,859;425,860;426,861;426,862;427,863;428,864;429,865;430,865;431,865;431,867;432,867;433,868;434,868;436,869;436,870;438,870;439,871;440,872;441,872;441,873;442,873;443,874;444,874;444,875;445,875;447,876;447,877;449,877;450,877;451,877;452,877;453,877;455,879;456,879;457,879;458,879;459,879;460,879;461,879;462,879;463,879;465,879;467,879;468,879;469,879;470,879;472,879;474,880;475,880;476,880;477,880;477,881;478,881;479,882;480,882;481,882;483,883;484,883;487,883;489,884;491,884;492,884;493,884;495,884;497,884;498,884;499,884;500,884;501,884;502,885;503,885;504,886;507,886;508,886;509,886;510,886;511,886;513,886;514,887;515,887;517,887;519,888;520,888;521,888;522,888;522,889;523,889;525,890;526,891;527,891;529,892;531,893;532,893;533,894;534,894;535,896;536,896;537,896;537,897;538,898;539,899;541,900;543,900;544,902;546,903;547,904;549,904;549,905;550,905;551,905;553,906;555,908;556,908;557,908;558,908;559,909;560,909;561,909;562,909;564,910;566,911;567,911;569,912;570,913;571,913;572,914;574,915;575,915;576,915;577,916;578,916;580,917;581,917;582,917;583,917;584,918;585,919;586,919;588,919;590,919;590,920;591,920;592,921;593,922;595,922;597,922;599,924;600,924;601,926;602,926;603,926;604,926;605,928;606,928;607,928;608,929;609,929;610,931;611,932;612,932;613,933;614,934;615,934;616,935;617,935;618,936;621,939;622,939;623,940;624,941;625,941;626,942;626,943;626,944;628,944;629,945;630,946;631,946;632,946;633,947;634,947;635,947;636,947;636,948;637,948;638,948;639,948;640,948;641,948;642,948;643,948;645,948;646,947;647,947;649,946;650,945;651,945;652,943;652,942;653,941;655,941;655,940;657,940;658,940;659,939;660,939;663,937;664,936;666,934;667,934;669,933;670,932;671,931;672,931;674,930;675,930;677,929;679,928;679,926;681,924;683,923;686,922;688,921;691,921;691,920;692,919;693,918;694,917;697,915;701,914;702,911;704,911;705,911;706,910;707,910;708,910;709,910;711,910;712,910;714,909;717,909;719,909;720,909;721,909;724,909;725,909;726,909;727,909;728,909;729,908;730,908;731,907;732,907;734,907;735,907;736,907;737,907;739,905;741,905;742,905;744,904;746,904;748,904;749,903;750,902;751,902;752,902;754,901;755,901;758,900;758,899;760,899;762,897;763,897;765,895;767,893;768,893;769,891;772,890;773,888;774,888;775,888;776,885;778,885;778,884;779,884;782,882;784,880;786,878;787,877;788,876;789,876;790,875;791,872;793,872;793,871;794,871;795,870;796,867;797,866;797,865;798,865;798,864;799,864;799,863;800,862;800,861;801,861;801,860;803,859;804,858;805,856;806,855;806,854;806,853;807,852;807,851;807,850;807,849;808,847;808,846;809,844;809,843;809,841;809,840;809,838;809,836;809,834;809,832;808,831;807,830;807,828;807,827;806,827;805,825;804,824;802,823;802,822;801,822;800,821;799,821;798,821;796,821;795,821;793,821;791,821;789,821;788,821;787,821;785,821;784,821;783,821;782,821;781,821;780,822;779,822;778,822;777,822;776,822;775,823;774,823;773,824;771,824;771,825;770,825;769,825;768,827;766,827;765,827;764,828;762,828;761,828;760,828;759,829;758,829;757,829;756,830;755,830;754,830;753,830;752,830;751,831;750,831;749,832;747,832;746,832;745,833;743,833;741,834;739,835;738,835;735,836;734,836;732,837;730,837;729,837;725,838;723,838;722,838;721,838;720,838;718,838;717,838;716,838;714,838;712,838;709,838;708,838;706,838;705,838;703,838;701,838;699,838;698,838;697,838;696,838;695,838;694,838;693,838;692,838;691,838;690,838;689,838;688,838;687,838;686,838;685,839;684,839;683,839;682,839;681,839;680,839;679,839;677,839;676,839;675,839;672,839;670,839;668,839;666,839;665,839;664,839;663,839;661,839;659,839;656,839;653,839;652,839;651,839;650,839;647,839;646,839;644,838;641,837;640,837;639,837;638,837;637,835;636,835;635,835;634,835;634,834;632,834;631,834;630,833;628,833;627,833;626,832;624,831;623,831;622,831;621,831;619,829;616,828;615,827;614,827;613,827;611,825;609,824;607,823;606,822;604,822;603,821;602,821;601,820;599,820;598,819;597,819;595,817;594,817;592,816;591,816;590,815;588,815;586,814;586,813;584,813;583,811;581,811;579,810;578,810;577,809;575,808;574,808;572,808;571,808;571,807;569,807;568,807;565,805;564,805;562,805;561,805;561,804;560,804;559,803;557,803;557,802;556,802;555,802;554,802;553,801;552,801;550,799;547,799;546,797;545,797;544,797;542,796;541,796;540,795;539,795;538,795;537,794;536,794;536,793;535,793;534,793;534,792;533,792;532,791;530,790;528,789;528,788;528,787;526,787;525,787;524,786;523,786;522,786;521,785;520,785;519,784;518,784;516,783;514,782;513,782;513,781;512,781;510,780;508,779;507,779;506,778;505,778;503,777;503,776;502,775;501,775;500,774;499,774;498,774;497,774;495,772;494,772;492,771;490,770;490,769;489,769;488,768;487,767;486,767;485,766;484,766;483,766;482,764;481,764;479,763;479,762;478,761;477,761;475,760;474,759;473,759;471,757;469,757;468,756;467,756;466,756;465,755;464,754;463,753;462,753;462,751;461,750;460,750;459,749;457,748;456,748;455,748;454,747;452,747;451,747;450,745;449,744;448,744;447,744;444,743;443,743;442,742;441,742;440,742;440,741;439,740;438,739;437,739;435,738;433,737;431,735;430,735;429,735;428,733;427,733;427,732;426,732;426,731;424,730;423,729;422,728;422,727;421,727;421,726;419,725;417,723;416,723;415,722;414,721;412,720;411,719;410,718;409,717;408,717;408,716;408,715;407,715;407,714;406,714;406,713;405,713;404,713;404,712;403,711;402,710;401,710;401,709;400,708;399,707;398,707;397,706;397,705;397,704;395,704;395,702;394,702;393,702;392,702;390,702;389,701;388,700;387,699;386,698;385,697;384,697;383,697;381,697;380,696;379,695;378,694;378,693;377,692;376,691;375,690;374,690;373,690;372,689;371,689;370,688;369,687;367,686;366,685;365,685;364,684;363,684;363,683;362,683;361,683;360,682;359,681;358,680;357,680;356,680;356,679;355,678;354,678;353,677;352,675;350,675;350,674;349,673;349,672;348,672;347,671;347,670;347,669;345,668;344,668;343,666;342,666;342,665;341,665;340,663;339,662;338,661;337,659;335,659;333,657;332,657;332,656;331,655;330,655;329,654;327,651;326,650;325,649;325,648;324,648;321,647;320,647;320,645;319,645;318,644;316,643;316,642;314,641;312,639;310,638;309,637;308,637;308,636;306,636;305,636;305,635;304,635;303,634;302,634;301,634;300,633;298,633;297,633;296,633;295,633;294,634;293,634;293,635;292,636;292,637;291,638;291,639;291,640;291,641;291,642;291,643;291,645;291,646;291,647;291,648;291,649;291,650;291,651;291,652;291,653;291,655;291,657;291,658;291,659;291,660;291,661;291,663;291,664;291,665;291,666;291,667;292,669;292,670;293,671;294,672;294,673;294,674;295,674;295,675;296,676;296,677;296,678;296,679;297,679;298,681;299,682;300,684;301,685;302,685;302,686;303,687;303,688;303,689;305,691;305,692;305,693;306,693;306,695;307,696;307,697;308,697;308,698;309,699;310,699;311,700;311,701;314,702;315,702;315,703;316,703;317,703;318,704;318,705;320,705;320,707;321,708;322,708;324,708;325,708;325,709;326,709;326,710;328,711;329,713;330,713;331,713;332,714;333,714;334,715;335,715;336,715;337,716;337,717;338,718;340,719;340,720;341,720;342,721;344,722;345,722;346,722;347,724;347,725;348,725;349,726;350,726;352,727;353,728;354,729;354,730;355,731;356,732;357,732;358,733;359,733;359,734;360,734;362,735;362,736;363,736;363,737;365,738;366,738;368,740;369,740;370,740;371,740;371,741;372,742;372,743;373,744;374,744;375,745;376,745;376,746;377,746;377,747;378,748;379,748;380,749;381,750;382,751;383,752;383,754;385,755;385,756;386,757;387,758;387,759;388,760;389,762;390,763;391,763;392,763;392,764;393,764;394,766;395,766;395,768;396,769;397,769;397,770;398,770;398,771;399,771;401,772;402,773;402,774;403,775;404,775;405,775;406,775;407,776;408,776;409,776;409,777;410,777;411,777;412,778;413,779;414,779;416,780;416,781;418,781;420,782;421,782;422,782;423,782;424,782;424,783;426,784;427,784;428,785;429,785;430,786;430,787;431,787;432,788;433,788;434,789;434,790;435,790;435,791;437,791;438,792;440,793;441,793;442,794;443,794;444,794;446,797;449,798;450,798;451,799;452,799;453,800;454,800;455,802;456,802;457,802;458,803;460,803;461,803;462,804;462,805;463,805;464,805;464,806;464,807;464,808;464,809;464,811;464,812;464,813;464,815;464,816;464,817;464,819;464,820;464,821;464,822;464,823;463,823;462,823;461,823;460,823;459,823;458,823;457,823;456,823;455,823;454,823;453,823;452,823;451,823;450,823;448,823;447,823;446,823;445,823;444,823;443,823;442,823;442,822;440,822;439,820;438,819;436,818;435,817;434,816;433,816;432,816;432,815;431,814;430,814;429,814;429,812;428,812;427,811;426,811;425,811;424,809;423,809;423,808;422,808;421,807;420,806;420,805;419,805;419,804;418,803;417,803;417,802;416,802;416,801;415,801;414,801;413,800;412,800;411,800;410,799;410,798;409,798;408,797;407,796;406,796;405,796;404,795;403,795;401,795;400,794;399,794;398,793;396,791;396,790;395,790;394,789;393,789;391,788;390,788;390,787;389,787;388,786;387,785;386,784;385,784;383,784;382,783;380,782;380,781;378,781;377,779;377,778;376,778;375,777;374,777;373,776;372,776;371,776;371,775;369,775;368,773;368,772;367,772;366,771;366,770;365,770;365,769;364,769;364,767;363,767;362,766;361,765;360,765;359,765;358,764;357,763;356,762;356,761;355,760;354,759;352,758;351,757;350,756;349,756;349,755;349,754;348,754;347,753;346,753;345,753;344,751;343,750;342,750;342,749;341,749;340,748;339,748;339,747;338,747;338,746;337,745;337,744;334,744;333,743;332,742;332,741;331,741;330,740;330,739;330,738;329,738;328,737;327,737;327,736;326,736;325,736;324,736;324,735;323,734;322,733;321,732;320,731;319,731;318,731;317,730;316,730;315,729;314,729;313,729;312,728;311,727;311,726;310,725;309,725;308,724;307,724;306,723;305,723;305,722;305,721;304,721;304,720;303,720;302,719;301,719;301,718;300,718;300,717;299,716;299,715;299,714;298,714;298,713;297,713;297,712;296,710;296,709;295,708;295,707;294,707;294,706;293,706;293,705;291,703;290,703;290,702;289,701;288,699;287,698;287,697;287,696;286,696;285,695;285,694;284,694;284,693;283,692;283,691;281,690;280,690;279,689;278,689;277,687;276,687;276,686;275,685;274,684;273,684;272,684;270,682;270,681;268,680;267,679;265,678;264,677;262,675;260,674;258,673;256,673;255,672;254,671;253,671;251,669;250,668;249,667;247,666;245,666;243,665;240,662;239,662;237,660;235,660;234,658;233,658;233,656;232,656;231,656;230,656;230,655;229,655;228,654;227,654;226,654;225,654;225,653;223,652;222,651;221,651;221,650;220,650;219,650;218,649;216,649;215,648;214,648;214,647;212,647;211,646;211,645;210,644;209,644;208,644;207,644;206,644;205,643;204,643;203,643;201,642;200,642;200,641;199,641;199,640;199,639;197,638;196,638;195,638;194,638;194,637;193,637;193,636;191,636;190,636;189,635;188,634;187,633;185,631;184,630;183,629;183,628;183,627;182,627;181,626;181,625;181,624;181,623;181,622;180,621;180,620;180,619;180,617;180,616;180,615;180,614;179,612;179,611;178,610;178,608;178,607;177,605;177,604;177,601;176,600;175,597;175,596;175,594;174,589;173,588;172,585;172,584;172,582;170,580;170,579;170,578;169,576;168,575;168,574;168,573;168,572;167,572;166,572;165,571;165,570;165,569;164,568;164,567;163,565;163,564;163,563;163,561;162,560;161,558;161,557;160,556;160,555;159,554;159,553;158,552;158,551;157,550;157,549;157,548;156,547;155,546;154,545;154,544;153,542;152,541;150,539;149,538;148,535;147,535;146,535;145,534;143,533;142,533;141,532;140,532;139,530;138,529;137,529;136,528;134,527;133,527;131,526;129,526;128,526;127,524;125,523;125,522;124,522;122,521;120,520;118,520;117,520;117,518;116,518;115,517;114,517;112,517;109,516;107,516;105,515;104,515;103,515;102,514;100,514;99,514;98,514;96,514;95,514;94,514;93,514;92,514;91,514;90,514;89,514;86,514;83,514;82,514;81,515;80,515;79,515;78,515;77,515;76,515;76,516;75,516;73,516;71,518;70,518;69,519;68,519;67,519;66,519;65,519;64,520;63,521;
Artery, ICG; POLYGON; 34, 177, 76; 78,523;77,522;77,521;77,520;77,519;77,518;77,517;77,516;77,515;77,514;77,512;77,511;77,510;78,509;79,509;80,509;82,509;83,509;84,509;85,508;86,508;87,508;89,508;90,508;90,507;92,507;93,507;95,507;96,507;98,507;99,507;100,507;101,507;102,507;103,507;105,507;106,507;107,507;108,507;109,508;110,509;111,509;112,509;112,510;114,511;114,512;115,512;117,513;119,513;121,515;122,515;124,516;126,517;127,518;128,519;129,520;130,520;131,521;132,522;133,522;135,523;135,524;137,525;138,525;139,526;141,526;143,527;144,527;145,529;146,530;147,530;148,530;149,531;150,531;151,531;152,531;154,532;155,533;156,534;157,535;158,536;159,536;159,537;160,537;161,537;162,538;162,539;164,539;166,540;167,540;167,541;167,542;169,542;170,543;171,543;172,543;172,544;173,545;174,546;175,546;177,548;178,549;180,550;181,550;183,551;184,551;185,552;186,553;187,554;188,555;191,556;192,556;192,557;194,558;194,559;196,560;197,560;197,561;199,562;200,563;202,563;203,564;204,564;205,564;205,565;207,566;208,567;209,567;210,568;211,568;212,569;214,570;216,571;217,572;219,573;222,574;223,575;225,575;225,576;227,577;229,578;229,579;230,579;232,580;233,581;235,582;237,582;238,583;239,583;239,584;240,585;242,586;242,587;243,587;244,587;245,587;247,587;248,587;249,587;250,587;251,587;252,587;254,586;255,586;256,586;258,586;259,586;261,586;262,586;263,586;264,586;265,586;266,586;269,585;270,585;271,585;272,585;273,585;274,585;276,585;277,584;278,583;279,583;280,583;281,583;282,583;283,583;285,582;286,582;287,582;288,582;289,582;290,582;292,582;293,581;294,581;295,581;298,580;298,579;299,579;301,579;301,578;302,578;304,578;305,578;306,578;308,578;309,578;310,578;311,578;312,577;315,577;316,577;316,576;317,576;318,576;319,576;320,576;322,576;323,576;324,575;325,575;326,575;327,575;328,575;329,575;331,574;332,574;334,574;336,574;337,574;338,574;340,574;341,574;343,574;344,574;345,574;346,574;347,574;349,574;350,574;352,575;354,577;354,578;355,578;355,579;356,579;356,580;357,580;358,581;358,582;359,583;359,584;361,585;362,585;362,586;363,586;363,587;364,589;365,590;366,592;366,593;367,595;367,596;368,596;368,597;368,598;369,599;370,600;370,601;370,602;371,604;371,605;372,607;373,607;373,608;373,609;374,610;374,611;375,612;376,613;376,614;376,616;377,617;377,619;377,620;378,621;378,622;379,624;379,625;379,626;379,627;379,628;379,629;380,629;380,630;380,633;380,634;381,635;381,636;382,637;382,638;383,640;384,640;384,641;384,642;384,643;385,644;385,646;385,647;385,648;386,649;387,651;387,652;387,653;387,655;387,658;387,659;387,660;387,661;387,663;387,664;387,665;387,666;387,667;387,668;387,669;387,670;386,668;385,666;384,666;383,664;382,664;382,663;382,662;381,661;380,659;379,658;378,656;377,656;377,655;376,654;375,652;374,652;374,650;372,650;372,649;372,648;372,647;371,647;371,646;371,644;370,644;369,642;368,642;367,641;366,641;366,639;366,638;365,636;365,635;364,635;363,634;363,633;363,632;363,630;363,629;362,629;362,628;362,627;362,626;362,625;362,624;361,624;361,623;361,622;361,621;361,620;361,618;361,617;360,616;359,615;359,613;359,612;358,612;358,610;357,610;356,607;355,606;354,605;353,604;351,604;350,603;349,603;347,603;346,603;344,603;343,603;341,603;340,603;339,603;338,603;337,604;336,604;335,604;334,604;333,605;332,606;331,606;329,606;328,608;327,608;327,609;327,610;326,611;326,612;325,613;325,614;325,615;325,616;325,617;325,618;324,620;324,621;324,622;324,623;324,624;324,626;324,627;324,628;324,629;324,630;324,632;324,633;324,634;324,635;324,637;324,639;324,640;324,642;324,643;324,645;324,648;324,650;324,652;324,653;324,654;325,655;325,657;325,658;325,659;325,660;325,661;325,663;325,664;325,665;324,666;324,667;323,668;322,669;321,670;320,671;320,672;318,673;318,674;317,675;317,676;317,677;317,678;316,679;316,680;316,681;315,682;315,683;315,684;315,685;315,686;314,687;314,688;314,689;313,689;312,690;312,691;311,693;309,695;309,696;308,696;307,697;306,697;306,698;306,699;305,699;305,700;303,701;303,702;302,702;302,704;301,705;301,706;300,707;300,708;299,708;299,709;299,710;299,712;299,713;298,714;297,715;297,716;295,716;295,718;294,719;293,719;291,719;290,719;289,719;287,719;284,718;281,718;278,716;276,716;274,715;273,714;271,714;270,711;268,711;267,710;266,709;265,708;264,707;263,705;262,705;262,703;260,702;260,701;258,698;257,697;257,696;255,695;255,694;255,693;254,691;253,690;252,688;250,685;248,684;248,683;247,683;246,681;246,680;244,679;244,678;243,678;243,677;242,677;241,677;240,675;239,674;237,673;236,673;235,672;234,672;233,671;233,670;232,669;231,668;230,667;229,666;228,664;227,663;226,662;226,661;225,661;225,660;225,659;225,657;224,655;224,654;224,653;224,652;224,651;224,650;224,649;224,648;224,646;224,645;224,644;224,643;224,642;224,641;224,640;224,638;224,637;224,636;224,635;224,634;224,633;224,632;224,631;224,630;224,629;224,628;223,628;222,626;221,626;221,625;221,624;220,624;219,624;219,623;218,622;217,622;215,622;213,622;212,621;211,621;210,621;209,621;208,621;207,621;206,621;205,621;204,621;203,621;202,621;201,621;200,621;199,621;198,621;197,622;196,623;195,624;195,626;195,627;195,628;195,629;195,630;195,631;195,632;195,633;195,634;194,635;194,637;193,637;192,637;191,637;189,638;188,638;186,638;185,638;184,638;182,638;179,638;178,638;177,638;177,637;177,636;175,635;174,634;173,633;172,633;172,632;171,631;168,629;167,627;166,625;166,622;164,621;164,619;164,617;163,615;162,615;162,614;162,613;161,611;160,609;159,608;158,606;157,604;155,602;155,601;154,598;153,597;153,596;152,595;151,595;149,592;146,588;142,585;141,583;139,582;138,582;136,581;135,580;134,580;133,580;131,579;130,578;129,578;127,578;127,577;126,577;124,576;124,575;121,573;119,572;117,572;115,571;112,570;110,569;107,569;104,569;103,569;101,566;100,566;99,566;99,565;98,565;96,563;95,562;94,561;94,560;93,560;93,559;92,559;
Artery, ICG; POLYGON; 34, 177, 76; 333,663;333,662;333,660;333,659;333,658;333,657;333,656;333,655;333,654;333,653;333,652;333,651;333,650;333,648;333,647;333,646;333,645;333,644;333,643;333,642;333,641;333,640;333,639;333,637;333,636;333,635;333,634;333,633;333,631;333,630;333,629;333,628;333,627;333,626;333,625;333,624;333,623;333,621;334,621;334,620;335,619;335,618;335,617;335,616;335,615;335,614;335,612;335,611;335,610;335,609;335,608;335,607;336,606;336,605;336,604;336,602;336,600;336,599;336,598;335,598;334,598;333,598;332,598;330,597;327,597;326,597;324,596;323,596;322,596;321,596;320,596;318,596;316,596;315,596;314,596;312,596;310,598;309,600;308,601;307,602;305,602;304,602;304,603;303,604;302,605;301,605;300,606;300,607;300,608;298,610;298,612;298,616;298,618;298,620;298,623;298,625;298,628;298,629;298,630;298,631;300,633;300,634;300,635;302,636;303,636;304,637;305,639;305,640;306,641;308,642;308,643;309,645;310,646;310,647;311,647;311,648;311,649;311,650;311,651;311,653;311,654;311,655;310,657;310,658;310,660;310,662;
Artery, ICG; POLYGON; 34, 177, 76; 365,591;366,592;367,592;367,594;368,595;369,596;370,596;372,597;372,598;373,599;374,600;375,600;376,601;377,602;378,602;378,603;378,604;378,605;379,605;379,607;380,608;382,610;383,611;383,612;384,613;384,614;385,616;385,617;385,618;386,619;387,620;387,621;387,624;388,625;388,626;388,627;389,628;389,629;389,630;390,631;390,632;390,633;391,636;391,637;392,638;392,639;392,640;393,643;393,644;394,646;395,646;395,647;395,648;395,649;395,650;395,651;395,652;395,653;395,654;395,655;395,656;395,657;396,657;396,658;396,659;396,661;396,662;396,663;396,664;396,665;396,666;396,668;396,669;396,670;396,671;396,672;396,674;396,675;396,676;395,676;394,676;393,676;392,676;391,676;389,676;388,676;387,676;386,676;385,675;384,673;383,672;381,671;380,671;380,670;379,670;379,669;378,669;378,667;378,666;378,665;378,663;378,662;378,661;378,660;378,659;378,658;378,657;378,656;378,654;378,653;377,653;377,652;377,651;377,650;377,649;377,648;376,647;375,646;374,646;374,645;373,645;373,644;372,643;372,641;371,640;370,640;370,639;370,638;369,637;368,636;368,635;368,634;368,633;368,632;368,630;368,629;367,628;367,627;367,626;367,624;366,623;366,621;366,620;365,620;365,618;365,617;365,615;365,614;365,613;364,612;364,610;364,609;364,608;363,608;362,607;362,606;362,605;361,605;361,604;359,603;359,602;358,599;357,598;356,597;354,595;354,594;352,593;349,593;347,592;345,591;344,591;
Artery, ICG; POLYGON; 34, 177, 76; 387,704;387,703;387,702;386,702;385,701;384,699;383,698;381,697;380,696;380,695;379,694;379,693;378,692;378,691;378,690;377,690;376,689;376,687;376,686;375,686;375,685;374,685;373,684;372,684;371,683;370,683;369,683;369,681;368,681;368,680;367,680;366,679;365,679;365,678;364,677;363,676;362,675;362,674;361,673;360,672;359,672;358,672;358,671;356,669;356,668;355,668;354,667;353,667;352,667;352,666;351,665;350,665;348,663;347,662;346,661;345,661;344,661;343,660;342,659;341,659;341,657;339,655;338,654;338,653;337,653;336,652;335,651;335,650;335,649;334,649;333,649;332,648;331,647;330,647;329,647;328,646;327,646;325,645;324,644;323,644;322,643;321,643;320,643;319,643;318,643;317,643;317,645;315,645;312,648;311,648;310,651;309,652;309,653;307,654;307,656;306,659;305,660;305,661;305,662;305,664;305,666;305,667;305,668;305,669;305,670;305,671;305,672;305,674;305,675;305,678;310,682;
Artery, ICG; POLYGON; 34, 177, 76; 326,745;327,745;330,745;331,745;332,745;333,745;334,745;335,745;337,745;338,746;339,746;340,748;341,749;342,749;343,749;344,750;345,750;346,750;347,751;348,752;349,752;350,754;351,754;352,754;353,755;354,755;354,756;355,756;356,757;357,758;359,758;361,760;362,760;362,761;364,762;365,762;365,763;366,763;367,763;367,764;368,765;369,766;370,766;371,766;371,767;372,767;373,768;373,769;374,770;374,771;374,772;375,772;375,773;376,773;377,774;378,775;378,776;379,777;379,778;381,779;382,780;384,781;385,783;385,784;386,784;387,785;387,786;388,786;388,787;389,789;390,790;390,792;390,793;390,794;390,795;392,797;392,798;392,799;392,801;392,802;392,803;392,804;392,805;392,806;392,808;
Artery, ICG; POLYGON; 34, 177, 76; 404,836;405,837;407,838;409,840;411,842;415,844;417,845;418,846;421,846;421,847;422,848;423,848;426,850;427,850;428,850;429,850;430,851;432,852;433,852;436,855;439,855;442,856;443,856;445,857;446,858;448,859;449,860;450,860;451,861;452,861;452,862;453,863;454,863;456,864;457,864;459,865;459,866;459,867;461,867;464,868;465,868;467,869;469,870;470,870;471,870;474,871;475,871;476,871;477,872;478,872;480,872;480,873;481,874;482,874;483,874;484,875;485,875;486,876;487,876;488,877;489,878;490,878;491,880;492,880;494,880;496,881;497,881;497,882;498,882;499,882;501,883;502,883;503,883;504,885;506,886;507,886;508,886;509,886;509,887;510,887;510,888;511,888;514,888;518,889;521,889;522,891;523,891;524,891;525,891;526,892;526,893;527,893;528,893;529,894;530,895;532,896;534,897;534,898;535,898;536,898;536,899;538,899;539,899;540,900;541,900;541,901;544,901;545,902;546,903;548,903;548,904;550,904;551,905;553,905;554,906;555,906;557,906;558,906;559,907;560,907;561,907;562,909;563,909;565,909;566,909;567,910;568,910;568,911;570,911;572,911;573,912;574,912;575,912;576,912;578,912;579,912;580,912;581,913;583,914;584,915;585,916;588,916;589,916;590,917;592,918;593,918;594,919;595,920;598,921;599,921;601,922;602,923;603,923;605,923;606,924;607,924;608,924;612,927;613,928;614,929;614,930;615,930;617,930;619,931;620,931;621,931;621,932;622,933;623,934;625,934;626,934;628,936;629,937;630,938;631,938;633,938;634,938;635,938;636,938;637,938;638,938;640,939;640,940;641,940;642,940;644,940;646,940;647,940;648,940;650,940;651,940;652,940;653,940;654,940;654,941;655,941;657,941;658,941;660,942;662,942;664,942;665,942;667,942;668,942;669,942;670,942;671,942;673,942;674,942;675,942;676,942;677,942;678,942;679,942;680,942;681,941;683,940;683,939;685,939;686,939;686,938;687,938;688,937;689,936;691,935;692,933;693,933;696,932;696,931;697,930;699,929;702,927;703,926;705,925;707,923;710,921;711,919;712,919;713,917;714,916;715,914;716,913;716,912;718,912;719,911;720,909;722,907;722,906;723,902;723,901;723,900;723,896;723,893;723,891;721,889;719,887;716,886;711,883;704,880;697,878;690,876;684,874;679,873;674,872;671,872;671,871;668,870;663,867;660,867;656,865;653,864;648,864;646,864;641,864;636,864;629,863;623,862;618,861;616,861;615,861;614,861;613,861;611,863;609,863;
Artery, ICG; POLYGON; 34, 177, 76; 533,797;533,796;533,795;534,795;535,795;536,795;537,795;539,795;540,795;541,795;542,795;543,795;544,795;545,795;547,795;548,797;549,797;550,797;551,797;552,798;553,799;555,799;557,800;559,800;560,801;563,803;565,803;567,804;568,804;570,805;572,806;574,806;575,806;576,808;577,808;578,809;580,810;581,811;582,811;583,811;585,812;587,812;590,813;594,813;595,813;596,813;597,814;599,814;601,816;603,816;604,816;604,817;605,817;607,817;609,819;611,819;612,819;616,820;617,820;619,820;620,820;621,821;622,822;623,822;624,822;625,822;627,823;629,823;631,824;633,824;634,825;636,825;638,826;639,827;640,828;642,829;645,831;648,833;649,833;651,835;653,835;654,837;656,837;657,837;659,838;660,839;662,840;664,841;664,843;666,845;668,847;670,848;670,849;671,849;673,851;673,853;673,854;673,857;673,861;673,862;673,863;673,866;672,868;670,870;666,874;665,874;662,875;657,877;655,877;652,878;650,879;647,880;644,881;643,881;641,883;638,884;637,887;636,887;636,888;
Artery, ICG; POLYGON; 34, 177, 76; 733,894;733,895;733,896;733,898;733,899;733,900;732,902;731,903;731,904;730,905;730,906;729,907;728,907;728,908;728,910;728,911;727,911;727,912;727,913;727,914;726,914;726,915;726,916;726,917;725,917;724,918;724,919;723,920;722,922;721,923;721,924;720,924;718,928;717,929;716,929;714,929;713,930;710,930;706,930;702,930;699,930;695,930;691,930;687,930;686,930;684,930;682,930;681,930;680,930;678,929;678,928;677,928;676,927;675,927;673,927;672,926;670,926;669,926;668,926;
Artery, ICG; POLYGON; 34, 177, 76; 629,829;628,829;629,829;630,829;631,829;632,829;633,829;635,828;636,828;637,828;639,828;640,828;641,828;642,828;643,828;645,828;648,828;649,828;650,829;651,830;652,830;653,830;654,830;654,831;655,832;657,832;659,834;661,835;664,837;667,839;668,839;670,839;671,839;674,840;675,841;678,841;680,844;683,844;685,847;686,848;686,849;686,851;688,856;690,859;690,860;693,865;695,868;697,869;698,872;699,872;699,873;701,873;703,873;705,873;
Artery, ICG; POLYGON; 34, 177, 76; 746,889;746,890;746,891;746,892;746,893;746,895;746,896;746,897;745,897;745,899;744,901;744,902;743,904;742,904;742,905;742,907;741,907;741,908;741,909;741,910;741,911;741,913;740,913;740,914;740,915;739,917;738,918;738,919;736,921;734,923;733,924;733,925;731,926;729,927;728,927;727,927;726,928;725,928;723,928;722,929;720,929;717,929;714,929;713,929;711,929;709,930;708,931;705,931;704,932;703,932;702,932;700,932;699,932;697,932;696,932;694,932;692,931;691,931;690,930;
Artery, ICG; POLYGON; 34, 177, 76; 350,664;350,665;350,666;351,666;352,667;353,669;354,670;355,671;355,672;356,672;358,674;359,675;360,676;361,677;362,678;364,679;365,679;366,679;368,680;370,681;370,682;370,683;371,683;373,684;374,684;375,684;376,684;376,685;377,686;378,686;379,686;380,687;381,688;381,689;382,689;383,690;384,690;384,691;385,691;386,692;387,692;387,693;388,694;388,695;389,695;390,696;392,697;393,697;394,698;395,699;396,699;396,701;398,701;399,702;401,702;401,703;403,704;404,704;404,705;406,705;406,706;406,707;407,707;409,708;410,708;411,708;413,709;414,710;416,710;417,710;418,711;418,712;418,713;419,713;420,714;421,715;422,715;423,716;424,717;426,719;427,720;427,721;429,721;431,722;432,723;432,724;434,725;435,725;435,726;436,727;438,727;439,727;440,728;441,728;442,729;443,730;443,731;444,731;446,733;448,734;449,734;450,734;451,735;452,735;453,737;453,738;454,738;455,739;455,740;456,740;456,741;458,743;459,744;460,744;461,745;461,746;462,747;463,747;464,749;465,750;465,751;466,751;467,751;467,752;468,752;468,753;469,753;472,756;473,756;474,757;475,757;476,758;478,759;478,760;479,760;480,760;481,761;482,761;483,761;484,763;485,764;486,764;488,764;489,765;490,765;491,766;492,766;494,766;494,767;495,767;495,768;496,768;497,768;498,769;499,770;500,770;501,770;501,771;502,771;504,772;505,774;507,775;508,776;510,777;512,779;512,780;513,780;514,781;516,782;516,783;517,784;518,786;519,786;520,787;521,789;521,790;522,794;522,796;522,798;523,800;523,801;523,802;523,803;523,804;523,805;523,806;522,806;520,806;519,806;518,806;517,806;514,806;513,806;512,806;510,807;509,807;507,807;503,807;500,807;499,807;497,807;496,807;495,807;494,807;493,807;491,807;490,807;489,806;487,804;486,804;485,803;484,802;484,801;483,800;481,799;481,798;479,797;478,796;477,796;475,793;474,792;473,791;471,791;469,791;468,790;466,789;465,789;464,787;462,787;460,785;457,784;454,781;451,780;449,779;446,777;443,776;439,774;438,773;437,773;435,771;434,771;434,770;433,770;431,768;429,766;428,766;426,765;425,764;423,762;422,762;421,762;420,761;419,760;418,759;417,758;416,757;414,755;414,754;413,754;411,753;409,752;408,751;405,749;403,747;402,747;399,746;398,745;396,744;395,744;394,743;394,742;393,741;392,740;391,739;388,737;387,736;385,734;383,733;381,732;380,728;378,728;378,727;376,727;374,725;373,724;373,723;
Artery, ICG; POLYGON; 34, 177, 76; 441,736;442,736;443,736;444,736;446,737;447,737;448,739;449,739;449,740;450,741;450,742;452,742;453,743;455,744;457,745;460,745;463,747;465,748;466,748;467,748;468,749;470,750;471,750;472,751;474,752;476,752;477,752;478,752;478,753;480,755;482,756;482,757;483,757;483,758;484,758;484,760;486,761;486,762;488,762;489,763;490,763;491,763;492,763;492,764;494,765;495,765;495,766;498,767;500,768;501,768;502,768;502,769;503,769;504,769;504,770;505,771;507,772;508,772;508,773;509,774;510,774;511,775;512,775;514,777;516,778;517,779;518,780;519,780;519,781;520,781;522,783;523,784;525,785;526,786;527,786;527,787;528,787;530,788;532,789;534,789;537,790;538,790;540,791;542,792;543,793;545,793;547,793;548,794;549,794;551,795;553,796;554,797;555,797;556,797;558,798;559,799;560,799;561,799;562,800;563,800;564,802;566,802;569,803;570,805;571,805;572,806;573,808;575,809;577,810;578,811;581,812;582,813;584,815;585,815;587,817;589,819;590,820;592,823;595,826;597,827;598,829;599,830;599,831;599,832;599,833;599,834;599,836;599,838;599,840;598,840;597,842;595,843;592,844;590,844;586,844;582,844;580,844;577,844;575,844;572,844;569,844;566,844;563,844;560,844;558,844;555,844;552,844;549,844;545,843;541,842;537,841;533,839;528,837;525,836;522,834;520,833;518,832;516,830;515,828;514,828;512,826;512,824;511,824;509,822;507,821;507,820;505,818;504,817;502,816;500,814;499,813;498,812;497,810;495,809;495,808;493,808;492,806;490,803;489,802;488,801;487,799;486,799;486,798;485,797;484,795;484,793;483,793;481,791;480,790;478,786;475,784;474,784;473,783;472,781;471,779;469,778;468,777;466,774;465,773;465,772;464,772;462,772;461,772;460,771;459,771;
Artery, ICG; POLYGON; 34, 177, 76; 415,848;416,848;417,848;419,848;421,850;423,851;426,851;427,851;429,853;430,853;431,853;433,854;434,854;436,854;438,857;439,857;441,858;443,859;446,860;448,860;451,861;452,862;454,863;456,864;456,865;457,866;458,867;459,867;460,867;461,867;462,868;463,869;463,870;465,871;466,872;467,872;468,873;469,873;470,874;471,874;472,875;474,876;475,876;476,876;477,876;478,876;478,877;479,877;480,877;482,877;483,877;484,878;485,878;486,878;487,878;488,879;488,880;488,881;489,881;491,882;493,882;494,882;496,883;497,883;499,884;500,884;501,885;502,885;505,887;506,888;507,888;509,888;510,889;511,890;513,890;514,891;518,892;520,892;521,893;522,894;524,894;525,894;527,894;530,894;531,894;533,894;535,894;536,894;539,894;541,894;543,894;546,894;549,894;550,894;552,893;555,891;558,888;559,886;562,884;565,882;566,879;568,878;568,876;570,873;571,872;572,871;573,868;577,865;579,860;
Artery, ICG; POLYGON; 34, 177, 76; 111,513;112,513;113,513;114,513;116,513;117,513;120,513;122,513;126,513;129,514;130,514;131,514;132,514;133,515;133,516;135,516;136,517;137,517;138,517;139,517;140,517;141,517;142,518;143,518;144,518;145,520;146,520;148,521;148,522;149,522;150,523;151,524;153,524;154,526;155,526;155,527;157,528;157,529;158,530;159,530;160,531;160,532;162,533;163,533;165,534;165,535;167,536;169,537;170,538;172,539;175,541;178,541;180,543;181,544;182,545;184,546;184,547;186,548;187,550;190,551;192,552;193,552;194,554;195,555;197,555;198,556;199,557;201,557;202,557;203,558;204,559;206,560;208,561;209,562;210,562;211,562;213,563;214,564;216,564;218,565;219,566;221,567;222,568;223,568;224,568;225,570;226,570;227,571;229,572;231,574;233,575;234,575;236,577;237,577;238,578;239,579;240,581;242,581;243,583;244,583;245,584;248,586;249,586;250,587;252,588;254,589;256,590;257,592;258,592;259,593;260,594;261,594;262,595;264,597;264,598;266,600;266,601;266,602;266,603;266,605;266,607;266,608;266,609;265,610;265,611;263,611;263,612;261,612;260,612;258,612;255,612;252,612;250,612;247,612;243,612;239,611;235,611;230,610;228,609;225,608;222,607;220,605;218,604;216,603;212,600;208,598;206,597;203,595;201,593;198,592;194,591;191,589;188,587;184,586;181,584;178,583;173,581;169,579;164,577;160,576;157,575;153,574;151,572;150,570;149,569;146,568;145,566;145,565;144,565;144,564;143,563;142,563;141,562;139,559;138,558;135,558;133,556;129,554;
Artery, ICG; POLYGON; 34, 177, 76; 249,594;249,593;248,592;247,591;246,589;245,589;243,588;242,587;240,585;239,584;237,583;236,583;236,582;235,581;234,580;234,579;233,579;232,579;231,579;230,578;229,578;228,577;227,576;226,576;225,575;225,574;224,573;223,572;223,571;221,570;221,568;220,568;219,567;218,566;218,563;217,563;216,562;216,561;216,560;215,559;214,557;213,557;213,555;212,555;210,554;210,553;209,552;208,551;207,549;206,549;205,549;204,547;202,547;202,546;201,545;199,544;197,543;196,542;194,541;192,540;190,539;189,539;188,538;188,537;187,537;186,537;185,536;184,536;183,535;182,534;181,534;180,532;178,532;177,531;174,530;173,530;173,529;172,529;170,529;169,528;167,528;166,528;164,528;162,528;160,528;157,528;153,528;152,528;151,528;148,528;146,528;144,528;143,529;142,530;140,531;136,533;136,534;133,535;132,536;130,537;128,539;126,539;125,540;124,541;123,542;122,543;119,545;118,546;117,547;117,548;117,549;118,551;121,552;123,553;
Artery, ICG; POLYGON; 34, 177, 76; 228,710;226,710;226,709;225,709;225,708;224,708;223,708;223,707;221,706;221,705;220,704;219,703;218,703;217,702;216,702;215,700;214,699;213,699;212,699;212,697;211,697;211,696;210,696;208,694;207,693;206,693;205,692;203,691;202,691;201,690;200,688;199,688;197,686;196,685;195,684;194,682;193,682;191,682;189,681;188,680;186,678;184,677;182,675;179,674;177,672;176,670;174,668;173,667;173,666;173,664;173,663;173,662;173,661;173,660;174,659;176,658;177,658;179,658;180,658;181,657;182,657;183,657;185,657;186,657;188,657;191,657;194,657;198,658;201,658;202,659;203,660;204,660;204,661;205,662;206,663;208,665;210,667;212,668;
Artery, ICG; POLYGON; 34, 177, 76; 342,672;342,671;341,671;340,669;339,669;339,667;339,666;339,665;338,665;337,663;337,662;337,661;337,659;337,658;337,657;337,656;337,655;337,654;338,653;338,652;338,651;339,651;339,650;339,649;339,648;339,645;339,643;339,642;339,641;339,640;339,638;339,637;339,634;339,632;338,631;337,629;337,627;336,626;335,625;333,623;330,622;328,622;324,621;321,621;317,620;313,620;309,620;305,620;303,620;301,620;299,620;298,621;297,622;296,622;296,623;296,626;296,627;296,628;296,630;296,631;296,632;296,633;296,636;296,637;296,638;296,639;296,641;297,642;298,643;298,644;299,645;300,648;302,650;303,651;303,652;305,654;305,655;307,656;307,657;307,660;308,662;309,663;310,666;
Specular reflection; POLYGON; 191, 91, 22; 417,304;416,304;415,304;414,304;413,304;412,304;411,304;410,304;409,305;408,307;407,307;406,308;405,308;405,309;403,310;402,310;402,311;400,311;399,311;399,313;398,313;397,314;396,314;395,315;395,316;395,317;395,319;395,320;395,321;395,322;395,323;396,324;396,325;397,325;398,325;400,325;401,325;402,325;403,325;404,323;405,323;406,323;407,322;409,321;410,321;411,321;413,319;414,319;415,319;415,318;416,318;417,318;418,317;420,316;421,316;423,315;424,315;426,314;427,314;428,314;429,313;429,312;429,311;429,310;429,308;429,306;429,305;428,305;427,305;425,305;424,305;422,304;421,304;420,304;419,303;418,303;417,303;415,303;414,303;413,303;411,303;
Vein; POLYGON; 63, 72, 204; 38,406;38,405;38,404;39,403;40,401;40,400;41,399;41,398;42,398;42,397;44,397;44,396;44,395;45,394;46,392;47,392;48,391;50,389;50,388;51,386;53,385;54,384;55,383;57,382;58,382;60,380;61,380;62,378;63,378;63,377;65,376;65,375;66,374;68,373;68,372;69,371;69,370;71,367;72,366;72,365;74,364;75,363;76,362;76,361;77,359;78,359;79,358;80,357;81,356;82,356;82,355;84,353;85,352;85,351;86,350;87,349;88,348;88,347;89,346;90,346;92,345;93,344;96,342;96,341;98,341;98,340;99,339;101,338;103,337;105,336;107,335;109,335;110,334;111,333;112,333;114,332;116,331;117,330;118,330;119,329;120,329;122,329;123,329;124,329;125,329;126,329;127,328;129,328;130,327;132,327;133,327;134,326;135,326;138,325;141,325;143,324;144,324;146,323;147,322;148,321;149,321;150,320;151,319;152,319;153,318;154,318;156,317;156,316;157,316;159,316;160,315;163,314;164,314;166,313;169,312;171,311;173,311;175,310;178,309;180,309;181,308;184,306;187,305;191,304;192,304;194,303;197,303;200,302;203,301;205,301;206,301;207,300;208,300;209,300;211,300;213,298;216,298;218,297;220,296;222,296;223,296;226,294;227,294;228,294;230,294;231,294;232,294;234,292;235,292;236,292;237,292;238,291;239,291;240,291;242,291;243,291;244,291;247,290;248,290;249,290;251,290;252,290;255,290;258,290;260,290;261,290;262,290;264,290;266,290;267,290;269,288;270,288;272,288;273,288;275,288;276,288;278,287;282,287;283,286;285,286;287,285;289,284;290,284;292,284;294,283;296,282;299,282;301,282;304,282;306,279;307,279;310,279;311,279;312,279;313,279;314,278;315,278;316,278;317,278;319,278;320,278;321,277;324,276;327,276;328,276;329,276;331,275;332,275;335,273;336,273;338,273;341,272;342,272;343,272;345,271;347,271;350,271;351,270;353,270;356,270;357,270;359,270;361,270;363,270;363,269;364,269;365,269;366,269;368,267;369,267;370,266;371,265;374,264;375,264;376,264;377,263;378,262;380,260;381,259;384,258;385,258;387,257;389,255;390,254;392,253;394,252;395,252;396,251;398,251;398,249;399,249;400,248;401,248;404,247;406,245;407,245;408,243;409,243;410,242;411,242;412,242;412,241;413,240;414,240;415,240;416,239;417,239;418,239;419,237;421,237;422,236;423,236;424,235;425,235;426,235;427,235;429,234;430,234;433,233;434,231;437,231;438,229;441,229;442,228;444,227;446,227;447,227;447,225;449,225;450,225;451,224;452,224;454,223;456,222;458,222;459,222;460,221;461,220;461,219;462,219;464,219;466,218;468,217;469,217;470,217;471,216;473,215;475,215;476,215;477,215;478,213;481,213;483,212;484,212;485,211;486,211;487,210;489,209;490,209;492,207;494,206;496,206;497,206;498,205;499,204;500,204;501,204;503,204;505,203;507,202;508,201;509,201;510,200;511,200;512,200;513,200;513,199;514,199;516,198;516,197;517,197;519,196;521,195;522,194;523,194;524,193;525,193;527,192;527,191;529,189;530,189;532,188;533,188;533,187;534,186;536,186;536,185;537,185;538,184;539,183;540,183;541,182;542,181;544,180;545,179;546,178;546,177;548,176;549,175;551,174;551,173;552,173;552,172;552,171;552,170;554,170;554,169;555,168;556,167;557,166;558,165;559,163;559,162;561,160;563,158;563,157;565,156;565,155;566,155;566,154;567,153;568,153;569,151;571,149;573,146;574,145;574,144;574,143;575,143;575,142;576,141;577,140;578,138;578,137;579,136;580,135;580,134;581,134;581,133;582,132;583,132;584,131;585,130;586,129;586,128;586,127;587,127;587,126;588,125;590,125;592,124;592,123;595,121;596,120;597,119;598,118;600,115;601,115;601,114;603,114;604,113;605,112;607,111;608,109;608,108;610,108;611,107;611,106;612,106;613,105;614,105;615,103;616,103;618,102;619,102;619,101;620,101;621,101;622,100;623,100;624,100;625,99;626,99;627,98;627,97;628,97;629,97;630,96;631,95;632,95;633,94;634,93;635,92;636,91;637,91;637,90;638,89;639,88;640,88;641,87;641,86;642,85;643,83;644,83;645,82;646,80;647,80;647,79;648,78;649,77;650,76;651,75;653,74;654,74;655,72;655,71;656,71;657,70;658,69;659,68;661,66;661,65;662,65;663,65;664,63;665,63;666,61;667,61;669,58;670,57;671,56;672,55;673,53;674,53;675,52;677,51;678,51;679,49;680,49;681,48;682,46;683,45;684,44;685,44;685,43;686,43;688,42;689,40;690,40;691,39;692,39;693,38;694,38;695,36;696,36;697,35;698,34;698,33;699,32;699,31;701,30;702,29;703,28;704,26;705,26;707,25;708,24;709,23;710,22;711,21;712,20;714,18;716,16;717,15;718,14;719,14;719,13;720,12;720,11;721,10;722,9;723,9;723,8;724,8;725,6;726,6;727,6;728,5;729,5;730,5;731,5;732,5;733,5;734,5;737,7;738,7;740,7;741,7;742,7;744,7;745,7;747,8;749,8;751,9;752,9;753,9;755,9;757,9;758,9;759,9;760,9;761,9;762,9;763,9;764,9;766,9;768,9;769,9;770,9;771,9;772,9;774,9;775,9;776,9;777,9;778,9;779,9;780,9;781,9;782,9;783,9;784,9;785,9;786,9;788,9;789,9;789,10;789,11;789,12;789,13;788,13;788,14;787,15;787,16;786,17;785,18;785,19;785,20;784,20;784,21;782,22;782,23;781,25;781,26;780,26;779,27;779,29;778,31;778,32;778,33;777,34;777,35;777,36;776,36;776,38;776,40;776,41;775,42;775,43;774,45;774,46;773,46;773,47;772,48;772,49;771,52;770,53;770,54;769,54;769,55;769,56;769,57;768,58;767,60;767,61;766,63;766,64;765,66;765,67;764,68;763,69;762,70;761,71;759,72;759,73;758,74;757,74;757,75;756,75;756,76;756,77;755,78;755,79;754,80;753,81;752,83;751,84;750,85;750,86;749,87;748,88;748,89;748,90;748,91;748,92;749,92;749,93;751,94;752,94;753,94;754,94;755,94;756,94;757,95;758,95;758,96;758,97;760,97;761,97;762,97;763,97;764,96;764,95;765,95;766,95;767,94;768,94;768,93;769,93;770,91;771,91;771,90;772,88;773,88;774,87;774,86;775,85;775,84;776,84;777,82;778,81;778,80;778,79;779,77;780,77;780,76;780,75;780,74;781,73;781,72;782,72;783,71;783,70;784,70;784,69;785,69;785,68;786,67;786,66;787,65;787,64;788,63;789,62;790,61;790,60;792,59;793,58;793,57;794,56;795,54;795,53;795,52;796,51;796,50;796,48;797,47;797,46;797,44;797,43;798,41;798,40;799,39;799,38;800,38;801,36;802,35;804,34;805,33;806,32;807,31;807,30;807,28;808,28;808,27;809,26;810,25;810,24;811,22;811,21;812,21;812,20;812,19;812,18;812,17;813,16;813,15;814,14;815,14;815,13;815,11;816,11;816,10;817,9;817,8;818,7;819,8;820,8;821,9;821,10;822,10;823,11;823,12;823,13;824,14;825,15;825,16;825,17;827,19;827,20;828,21;829,22;830,25;830,26;831,27;831,28;831,29;832,31;833,32;833,33;834,33;834,34;834,36;834,37;835,38;835,39;835,40;836,41;836,42;837,43;837,44;838,45;838,46;839,48;839,49;839,50;839,51;839,52;839,53;839,55;839,56;839,57;839,59;839,60;839,61;839,62;839,63;839,64;839,66;839,67;839,68;839,70;838,71;837,73;837,74;836,77;835,78;835,79;834,81;833,84;833,85;833,88;832,90;831,91;830,92;830,96;829,96;826,98;826,99;824,103;823,104;820,107;820,110;819,113;817,114;816,118;815,119;814,120;813,121;813,122;812,124;812,125;811,126;811,127;810,128;810,129;809,130;808,130;808,131;807,131;807,132;806,133;805,134;803,136;802,136;801,137;800,138;800,139;798,140;798,141;796,142;796,143;795,143;795,145;794,147;793,147;792,148;791,148;790,149;789,149;788,150;787,151;787,152;785,153;784,153;783,153;782,155;780,157;779,158;777,160;776,161;775,161;774,161;773,163;772,163;771,163;770,164;769,165;768,165;768,166;767,166;766,166;764,167;762,168;762,169;760,170;760,171;759,171;757,172;756,173;755,173;754,173;752,173;751,174;750,174;749,175;748,176;746,177;743,177;743,178;742,179;739,179;738,180;737,180;736,181;735,181;734,181;733,182;732,182;731,182;730,183;729,183;728,183;727,184;726,184;725,185;724,187;723,187;721,188;720,188;720,189;719,190;718,190;717,190;717,191;716,191;715,193;714,194;713,195;712,196;711,196;709,198;709,199;708,199;707,199;706,200;706,201;703,201;702,202;699,204;697,205;697,206;696,206;694,207;693,207;693,208;691,210;691,211;688,211;687,213;685,213;684,215;683,216;683,217;681,218;680,219;679,220;678,220;678,221;677,221;676,223;675,223;675,224;674,225;674,226;673,227;672,228;671,229;670,231;669,231;668,233;667,234;666,234;666,235;665,235;663,237;662,237;661,237;660,238;659,239;657,239;656,240;654,241;652,241;650,243;649,243;648,243;647,243;646,244;645,244;644,244;643,244;642,244;641,244;639,244;638,244;634,241;632,240;632,239;631,239;631,238;630,237;629,236;628,236;628,235;628,234;627,233;627,231;626,231;626,230;626,229;626,228;626,226;626,225;626,224;626,223;626,221;626,219;626,218;626,217;626,216;627,215;628,215;629,214;629,213;630,212;631,212;631,211;632,210;633,209;634,208;634,207;635,207;635,206;635,205;635,204;635,202;635,201;634,199;633,198;633,197;633,196;632,195;630,194;630,193;629,192;629,191;628,189;627,189;627,188;626,188;626,187;625,187;625,186;623,185;622,183;621,183;620,182;619,182;618,182;616,182;615,182;614,182;613,182;612,182;612,183;611,183;610,183;609,183;609,184;608,185;606,185;605,186;604,187;603,188;603,189;602,189;602,190;601,191;600,191;599,192;598,192;597,194;595,195;594,195;593,195;591,196;590,197;589,198;588,198;588,200;587,201;586,202;585,203;584,204;583,204;581,206;580,206;580,207;579,207;578,207;577,207;576,207;575,207;574,207;573,207;572,207;571,207;571,208;569,209;568,209;568,210;567,210;566,212;565,213;564,214;562,216;561,217;560,217;559,218;558,219;558,220;557,221;557,222;557,223;557,224;557,225;556,225;556,226;555,227;555,228;555,229;555,230;555,231;555,232;555,234;554,235;553,237;553,238;552,239;551,240;551,241;551,242;550,243;549,243;548,245;546,247;545,248;545,249;544,249;543,251;543,252;543,253;543,254;542,255;542,257;541,259;541,260;541,261;541,262;541,263;540,263;540,264;539,266;538,266;536,268;536,269;535,270;534,272;532,273;531,274;530,274;528,276;525,277;524,279;522,280;519,281;517,282;516,282;513,283;510,286;508,286;506,286;503,288;502,289;500,289;498,289;496,290;494,291;492,292;491,293;486,294;485,294;482,295;480,296;478,297;475,298;474,298;472,299;471,299;469,300;467,300;465,301;463,302;462,302;461,302;459,303;458,303;457,303;457,304;456,304;455,305;453,305;452,305;451,306;450,306;449,306;448,306;447,306;446,306;445,306;444,306;442,306;441,306;440,306;439,306;438,306;437,306;435,306;434,306;432,306;431,306;430,306;429,306;428,306;427,306;426,306;425,306;424,305;424,304;421,303;420,303;420,302;419,302;418,302;417,302;417,301;416,301;415,301;414,301;413,301;412,301;409,301;408,301;407,301;406,301;405,301;404,301;403,301;402,302;401,304;401,305;401,306;401,307;401,308;400,308;400,309;398,310;398,311;397,311;397,312;396,312;395,313;394,314;394,315;393,316;393,317;393,318;393,319;393,320;393,322;393,323;393,324;393,325;393,326;393,327;393,328;393,329;393,330;393,331;393,332;393,333;393,334;392,334;392,335;391,337;390,338;390,339;389,340;388,342;386,344;386,346;385,346;384,349;384,350;382,351;381,351;379,353;378,355;376,356;374,356;373,358;371,359;370,359;368,361;366,361;364,362;362,362;360,363;358,364;357,364;356,365;355,365;353,365;352,366;351,366;350,367;349,367;348,367;347,367;346,367;345,367;342,367;341,367;339,367;336,367;335,367;333,367;332,367;330,367;329,367;327,367;326,367;324,367;323,367;321,367;319,368;319,369;318,369;316,369;315,369;313,369;311,369;310,369;308,369;307,369;306,369;305,369;304,369;303,368;302,368;301,368;300,366;300,365;299,365;299,364;297,363;297,362;296,362;295,362;295,360;293,360;292,360;291,359;290,359;290,358;289,358;288,358;287,358;287,357;286,357;285,357;284,354;283,354;282,353;281,353;280,353;279,353;278,353;277,353;276,353;276,354;275,354;274,355;273,356;272,357;271,357;270,357;268,358;267,359;267,360;266,360;265,360;264,360;262,361;261,361;261,362;260,362;259,362;259,363;258,363;257,364;256,364;256,365;256,366;255,366;255,367;254,368;252,369;250,370;249,371;248,371;247,371;247,372;246,372;245,372;244,372;244,371;243,371;243,370;242,370;241,370;240,369;240,368;239,367;238,367;238,365;237,365;236,365;235,364;234,364;233,364;232,364;231,364;230,364;229,364;228,364;227,364;226,364;225,364;224,364;223,364;221,365;221,366;220,366;218,367;216,368;216,369;215,369;215,370;214,370;213,371;212,372;211,373;210,373;210,374;209,374;208,374;207,375;206,375;204,375;203,375;202,375;200,375;199,375;198,375;197,375;196,375;195,375;194,375;193,375;193,374;192,374;191,374;190,374;188,374;187,374;186,374;184,374;182,374;181,374;180,374;179,374;178,374;177,374;176,374;176,375;175,375;175,376;175,377;175,379;175,380;174,382;173,383;171,386;170,386;170,387;170,388;169,390;169,391;168,393;166,394;166,395;165,396;165,398;165,399;163,401;163,402;162,404;161,407;160,409;159,410;158,412;158,413;158,414;158,416;158,418;158,419;158,420;158,421;157,421;157,422;157,423;157,424;157,425;157,426;157,427;157,430;160,431;162,433;166,434;168,435;170,437;174,437;176,437;177,437;176,437;175,437;174,437;173,437;170,436;166,436;163,436;162,436;161,436;159,436;158,436;157,436;157,437;156,437;155,438;154,438;154,439;152,440;151,440;150,440;149,441;148,441;147,443;146,443;145,444;144,444;143,445;142,445;142,446;141,446;140,446;139,446;138,447;137,447;136,447;135,447;134,447;132,447;131,447;130,447;128,447;126,447;124,447;123,447;122,447;121,447;120,446;119,446;119,445;118,444;118,443;118,442;118,441;118,440;118,439;118,438;118,437;118,436;118,435;118,434;118,433;119,432;119,431;120,430;120,429;120,428;120,427;120,426;121,426;121,424;121,423;122,423;122,422;122,421;122,420;122,418;123,418;123,417;123,416;123,415;123,414;122,413;122,412;121,411;120,410;120,409;119,409;119,408;118,407;117,406;116,405;115,404;114,404;113,403;111,403;110,401;109,401;109,400;107,400;106,400;105,400;104,400;103,400;102,400;101,400;100,400;99,400;98,400;97,400;96,400;94,400;93,400;92,400;91,400;91,401;91,402;90,403;89,404;88,404;88,405;87,406;86,407;86,408;86,409;84,409;84,410;84,411;84,412;84,413;84,415;84,416;84,417;84,418;84,419;84,420;84,421;84,422;84,423;84,424;83,425;83,426;83,427;83,428;82,429;82,430;82,431;81,432;80,433;80,435;80,436;80,437;80,438;80,439;80,440;80,441;79,442;79,443;79,445;78,446;77,447;76,448;75,449;74,449;73,449;72,449;72,450;71,450;68,450;67,450;66,450;65,450;64,450;63,450;62,451;61,451;60,451;57,451;56,451;56,452;55,452;55,451;55,450;55,448;55,447;55,446;55,445;55,444;55,442;55,441;55,440;55,439;55,437;55,436;55,435;55,434;55,433;55,432;55,431;55,430;55,429;54,428;53,427;53,426;53,425;52,425;52,424;52,423;51,422;51,421;50,420;49,419;49,418;49,417;49,416;47,416;47,415;46,415;46,414;45,413;45,412;44,411;43,411;43,410;42,409;41,409;40,409;39,409;37,408;36,408;35,408;
Vein; POLYGON; 63, 72, 204; 57,436;56,436;55,437;55,438;54,438;54,439;53,440;53,441;53,442;53,444;53,445;53,446;53,447;53,449;53,450;53,451;53,452;53,453;54,455;54,456;55,456;55,457;56,458;56,459;58,459;59,460;59,461;60,462;62,463;63,464;64,464;65,465;66,465;67,465;68,465;69,465;71,465;72,465;73,465;74,465;75,465;76,465;77,465;78,465;79,465;80,465;81,465;82,465;83,465;84,465;85,465;85,466;87,466;88,466;89,466;90,466;91,466;92,466;94,466;95,466;96,466;97,466;98,466;99,466;100,466;102,466;104,466;105,466;106,466;107,466;108,466;109,466;110,466;111,466;112,466;113,466;114,465;115,465;116,464;117,464;118,464;119,464;120,464;121,463;122,463;123,463;124,463;126,461;127,461;128,460;129,460;130,459;131,459;132,458;133,457;134,457;135,457;136,456;138,456;139,456;140,455;141,455;141,454;142,454;142,453;143,453;144,453;146,452;146,451;147,451;148,451;149,450;151,450;154,448;154,447;155,447;156,447;157,447;158,446;159,446;160,446;161,445;162,444;164,444;165,443;166,442;167,441;168,441;169,441;172,439;173,439;173,438;174,438;176,437;178,437;179,437;180,437;181,437;183,435;184,435;187,433;188,433;189,433;190,432;191,431;192,431;193,431;195,430;196,430;197,430;199,428;201,427;202,427;203,427;205,425;206,425;207,424;209,423;211,422;212,421;213,420;214,420;215,420;216,419;218,417;219,417;220,416;220,415;221,414;222,413;223,413;223,412;224,411;224,410;224,409;224,408;224,407;224,406;223,406;221,405;221,404;220,404;218,403;217,403;216,403;215,402;213,402;212,402;210,402;209,401;208,401;207,401;206,401;205,401;204,401;203,401;202,401;200,401;199,401;198,401;197,401;196,401;195,401;194,401;193,401;192,401;191,401;189,401;188,401;187,401;186,401;185,401;184,401;183,400;183,399;183,398;183,397;183,396;183,395;183,394;183,393;183,392;183,391;183,390;183,389;183,388;183,386;183,384;183,383;183,382;184,380;184,379;184,378;184,377;185,377;185,376;185,375;185,374;185,373;185,372;185,369;185,368;184,368;183,367;182,365;181,362;180,361;179,360;177,360;176,360;175,360;174,360;173,360;171,360;170,360;168,360;168,362;166,362;164,363;163,364;163,365;162,365;161,366;160,368;160,369;158,371;156,374;155,375;154,376;153,377;152,377;151,379;150,380;149,380;148,382;148,383;146,385;144,386;143,388;143,389;142,390;141,391;140,393;139,393;138,393;138,394;137,394;136,394;135,394;134,395;131,395;130,395;129,396;129,397;128,397;127,397;126,397;124,397;123,398;122,398;121,399;120,399;119,399;119,400;118,400;117,400;117,401;116,402;116,403;115,404;114,405;113,406;112,406;110,406;109,407;109,408;109,409;109,410;111,411;112,411;112,412;114,412;115,412;116,413;116,415;116,416;116,417;116,418;116,419;115,420;115,421;115,422;114,423;113,424;112,425;111,425;110,425;110,426;109,426;108,428;107,429;106,429;106,430;105,431;104,432;103,432;102,432;102,434;101,434;100,435;99,435;98,436;96,438;95,439;95,440;95,441;93,441;92,441;91,441;90,440;88,439;87,438;86,437;85,436;85,435;85,434;84,433;82,431;81,430;81,429;80,428;79,428;78,427;77,427;76,426;75,427;73,429;
Vein; POLYGON; 63, 72, 204; 194,405;195,405;196,405;197,405;198,405;199,405;200,405;202,404;203,403;204,403;205,402;206,401;207,401;208,401;209,401;209,400;211,400;212,399;213,399;214,398;215,398;216,398;217,398;218,398;219,397;219,396;220,395;221,395;222,395;223,395;224,395;225,395;227,394;229,393;230,393;231,393;232,393;233,392;234,392;235,392;236,392;238,390;239,390;240,390;242,390;243,390;244,390;245,390;246,390;247,390;248,390;249,390;250,390;252,390;253,390;255,390;256,390;257,390;258,390;259,390;260,390;262,389;263,389;265,388;266,388;267,388;268,388;269,387;270,387;271,387;272,387;273,387;274,387;275,386;276,386;277,386;278,385;279,385;280,385;281,384;283,383;284,383;285,383;286,383;288,383;288,382;289,382;291,382;292,381;293,381;294,380;295,380;296,380;297,379;297,378;297,377;298,377;299,376;300,375;301,375;302,374;302,373;303,372;304,372;304,370;305,369;307,367;307,366;308,366;308,365;310,365;310,364;311,364;312,364;314,364;315,364;316,364;318,364;321,364;324,364;324,363;326,363;327,362;329,362;330,360;331,360;332,360;334,360;337,359;339,358;342,358;344,357;346,356;348,356;349,355;351,354;353,353;355,353;357,352;358,350;360,349;362,348;364,347;365,346;366,346;367,346;368,346;369,345;370,343;372,342;373,341;374,340;375,340;376,340;377,340;377,339;378,339;379,338;380,338;380,337;381,337;382,337;383,336;384,335;385,335;386,335;387,334;388,334;390,334;391,332;392,332;393,331;394,330;395,330;396,330;396,329;397,329;398,329;399,328;400,328;401,328;402,327;402,326;402,325;403,325;403,324;404,323;405,323;406,323;407,322;408,322;409,322;412,321;413,321;413,320;413,319;414,319;415,319;416,319;417,319;417,318;419,317;420,317;421,317;422,316;423,316;424,316;424,315;425,315;426,314;427,313;428,313;429,312;430,311;432,310;433,310;435,309;436,308;437,306;438,306;438,305;439,305;440,304;440,303;441,303;442,303;443,302;444,302;444,301;446,300;447,299;450,299;451,298;452,298;454,296;454,295;455,295;458,294;460,294;462,293;463,293;464,293;465,292;466,292;468,291;469,290;470,290;472,290;474,289;476,289;477,288;482,287;484,287;486,285;487,285;489,284;489,283;489,282;491,282;492,282;494,280;495,280;496,280;497,279;499,278;499,275;500,275;501,274;502,273;503,273;505,272;506,272;507,270;507,269;508,269;509,268;510,267;511,267;513,266;514,266;516,264;517,263;518,263;519,262;519,261;521,261;522,260;523,260;524,259;525,259;526,259;529,257;529,256;530,256;531,255;532,255;534,254;535,254;536,254;537,254;538,253;539,253;541,253;542,253;544,253;544,251;545,251;546,251;547,251;548,251;550,251;551,251;552,251;553,251;554,251;555,251;556,251;557,251;558,251;559,251;561,251;562,251;563,251;564,251;565,251;566,251;568,251;569,251;570,251;571,251;573,251;574,251;574,250;575,250;575,249;576,249;577,248;578,248;578,246;578,245;579,245;579,243;580,242;580,241;581,241;581,239;582,238;582,237;583,236;584,236;584,235;585,234;585,233;585,232;586,232;586,231;587,230;588,229;589,229;589,228;590,228;590,227;591,226;593,226;596,225;597,225;598,225;599,225;600,225;601,224;602,223;604,223;605,221;606,221;606,220;607,220;608,220;609,219;610,219;611,218;612,218;613,217;614,217;615,216;615,215;616,214;618,214;619,214;621,214;622,213;623,213;625,212;626,212;627,212;628,210;630,208;633,207;634,207;636,206;639,204;641,201;644,200;645,199;647,198;648,197;648,196;649,195;651,194;651,193;653,192;654,191;656,189;657,189;658,188;659,188;660,187;661,187;662,187;662,189;662,190;662,193;663,196;663,197;663,199;663,200;663,203;663,205;663,207;661,209;661,210;661,211;660,212;660,213;660,214;660,215;660,216;660,217;660,218;660,219;660,221;660,222;659,222;658,225;658,226;658,227;657,229;656,230;656,231;655,233;655,234;654,235;654,236;653,238;651,240;650,241;649,242;648,244;647,245;645,245;644,245;643,245;642,245;641,246;639,246;638,247;637,247;636,247;634,247;633,248;633,250;632,251;632,252;631,252;630,253;629,254;628,256;627,258;625,258;624,259;623,260;622,260;622,261;621,262;620,263;619,264;618,265;616,266;615,268;614,269;614,270;613,270;612,271;611,271;610,272;609,272;608,273;606,275;604,276;601,278;600,278;599,278;597,280;595,281;594,281;593,282;592,282;591,282;591,283;590,284;588,284;587,285;586,285;584,286;583,287;582,288;579,289;579,290;578,290;576,291;574,292;573,292;572,292;570,294;569,295;567,296;566,298;563,298;562,300;561,300;560,301;559,302;558,303;556,304;555,305;553,307;551,308;549,309;547,312;546,312;545,314;544,314;543,315;542,315;540,317;539,317;538,317;537,317;537,319;536,319;536,320;535,320;534,320;533,322;532,323;528,325;526,326;526,327;525,327;525,328;524,328;524,329;523,330;523,331;522,332;521,333;519,334;519,335;518,336;516,337;515,338;514,339;513,340;511,341;511,342;510,343;510,344;509,345;508,345;508,346;507,346;506,347;505,347;504,349;504,350;502,351;502,352;500,353;499,354;499,355;498,356;497,356;497,357;496,357;496,358;494,359;493,359;491,361;489,362;488,362;487,362;486,363;485,363;483,364;482,364;481,364;480,365;479,365;478,365;477,366;476,367;475,367;473,367;472,367;471,367;469,367;467,367;466,368;465,368;464,368;462,369;461,369;459,369;456,369;455,369;453,369;451,370;450,370;449,370;445,371;443,371;442,371;440,373;439,373;438,373;437,374;436,374;435,374;433,375;432,375;431,375;429,376;428,376;427,376;426,376;426,377;425,377;425,378;423,379;422,380;419,381;418,381;416,383;415,383;414,384;413,384;412,386;411,386;411,387;409,387;408,388;407,388;406,389;404,389;403,389;403,390;402,390;401,390;400,390;400,392;399,393;398,393;397,393;396,394;394,395;393,395;392,395;391,396;388,398;387,399;386,399;385,399;384,400;382,400;381,401;379,403;377,404;376,405;375,405;374,406;370,407;369,407;367,408;366,408;365,409;364,410;362,411;361,411;360,411;359,412;357,412;356,412;354,413;352,413;351,413;349,414;348,414;346,415;344,416;343,417;341,417;340,417;339,418;338,418;337,418;336,418;332,419;331,420;329,420;328,420;328,422;327,422;326,422;324,423;323,424;320,424;319,424;318,425;317,425;316,426;314,426;313,426;311,427;311,428;310,428;308,429;307,429;306,430;305,430;304,431;303,431;302,432;301,432;300,433;300,434;299,434;298,434;296,434;295,435;294,435;293,435;292,435;291,435;290,435;288,435;287,435;286,435;284,435;283,435;282,435;281,435;280,435;279,435;278,435;277,435;275,435;274,435;273,435;271,435;270,435;268,435;267,435;266,435;265,435;264,435;263,435;261,435;260,435;259,435;257,435;255,435;254,435;253,435;251,435;250,435;249,435;248,435;247,435;246,435;245,435;244,435;243,435;242,435;241,435;239,436;239,437;238,437;236,437;235,438;234,438;233,439;233,440;232,440;230,440;229,441;227,441;225,441;223,441;222,441;221,441;220,441;219,441;218,441;216,441;212,441;211,441;210,441;209,441;208,441;207,441;205,441;204,441;202,441;201,441;200,441;199,441;198,441;197,441;195,441;194,441;193,441;192,441;191,441;189,441;188,441;187,441;186,441;184,441;183,441;182,441;181,441;180,441;179,441;178,441;177,441;175,441;174,441;173,441;172,441;171,441;169,441;168,441;167,441;166,441;165,441;164,441;164,440;163,438;162,436;162,433;162,429;161,425;161,424;161,422;161,420;161,419;161,418;161,416;161,415;162,414;163,413;165,412;166,411;167,410;168,408;169,408;170,408;171,407;172,406;
Vein; POLYGON; 63, 72, 204; 295,355;294,355;293,355;292,355;291,355;290,355;288,355;287,355;286,355;285,356;284,356;283,357;282,357;281,358;280,358;279,358;278,358;277,359;276,359;275,360;274,360;273,360;272,360;270,360;269,360;268,360;267,359;267,358;266,357;265,355;265,354;265,352;265,350;265,349;265,348;265,346;265,344;265,343;265,342;265,341;265,340;265,339;265,338;266,337;267,337;
Vein; POLYGON; 63, 72, 204; 308,365;307,365;306,365;305,365;304,365;303,365;301,365;300,365;298,365;297,365;295,366;294,367;293,367;292,367;292,368;291,368;291,370;291,371;291,372;291,374;292,375;292,376;293,377;294,377;294,378;295,378;296,379;297,379;298,379;299,380;300,382;300,383;301,384;301,385;302,385;303,385;304,385;305,385;306,385;307,385;309,385;311,385;312,385;315,384;316,381;318,380;321,377;322,375;323,374;325,371;326,370;327,369;329,365;331,364;331,363;331,362;331,361;331,360;331,359;
Vein; POLYGON; 63, 72, 204; 598,267;599,267;600,267;602,268;603,268;605,269;606,269;607,269;608,269;609,269;610,269;611,270;613,271;615,271;617,272;618,273;619,273;620,273;621,273;622,273;623,275;624,275;625,275;626,276;627,276;628,276;630,276;632,277;634,277;635,277;636,277;638,277;640,277;642,277;643,277;644,277;645,277;647,277;648,277;650,277;651,277;652,277;654,278;655,278;657,279;658,279;659,279;660,279;661,279;662,279;663,279;664,279;665,279;666,279;667,279;669,278;669,277;671,276;672,274;672,272;672,271;672,270;672,269;672,267;672,266;672,265;672,263;672,262;672,260;672,259;672,258;672,257;672,256;674,254;674,253;675,252;676,251;676,250;677,249;678,249;680,249;681,248;681,247;682,246;684,246;685,246;685,245;686,245;686,244;687,243;688,243;688,242;689,241;689,240;690,239;690,238;690,237;691,236;691,235;691,234;691,233;691,232;691,231;691,230;691,229;691,228;691,227;691,226;691,225;690,224;689,222;689,221;688,221;688,220;687,219;687,218;687,217;687,216;686,215;686,213;686,211;686,209;684,208;684,207;684,206;684,205;684,204;684,203;683,203;683,202;683,201;683,200;683,199;683,197;683,196;683,195;683,194;682,193;681,192;681,191;
Vein; POLYGON; 63, 72, 204; 479,362;480,362;481,362;482,362;483,362;484,361;486,360;487,360;488,360;489,360;490,360;491,359;493,359;494,358;495,358;496,357;497,357;498,356;499,356;500,355;501,355;504,353;504,352;506,351;507,351;507,350;509,349;510,348;511,347;511,346;512,345;512,344;513,344;514,344;516,344;516,343;517,343;518,341;520,340;522,339;523,338;524,338;524,337;526,337;528,337;529,337;530,336;532,335;533,335;534,334;535,333;536,333;538,332;539,332;541,332;542,332;542,331;543,331;544,330;545,330;546,328;547,328;547,327;550,326;551,326;553,325;553,324;554,324;555,323;556,322;557,321;558,320;559,320;560,320;561,319;562,318;563,318;565,317;567,316;568,315;570,313;572,312;573,311;575,310;577,309;578,308;580,307;581,306;582,305;584,304;585,304;586,302;588,302;588,301;590,300;591,299;592,299;593,299;593,298;595,295;596,295;598,295;601,295;602,295;604,295;607,293;608,293;610,292;611,291;613,290;613,289;615,288;615,287;616,286;617,285;618,285;620,282;622,281;623,281;624,280;626,279;627,278;628,277;630,274;630,273;631,272;632,271;634,270;635,269;636,269;636,267;637,267;637,266;638,263;639,262;639,260;639,259;639,256;638,254;637,254;636,251;634,251;633,250;632,249;631,248;630,248;630,247;629,247;628,247;627,247;626,247;625,246;621,246;619,246;616,246;612,246;603,246;599,247;596,248;593,248;590,249;588,251;586,251;585,252;582,255;581,255;580,255;577,257;575,258;573,258;572,258;571,260;569,260;568,261;567,261;565,262;562,263;561,265;560,267;560,268;
Vein; POLYGON; 63, 72, 204; 588,237;587,237;586,237;584,237;582,237;581,237;580,237;579,237;578,238;577,238;576,239;575,240;573,240;572,241;571,242;570,242;569,244;568,244;568,245;567,245;567,247;567,248;565,249;565,250;564,252;564,253;564,254;563,255;562,256;562,258;562,259;560,260;561,260;562,260;563,260;564,260;565,260;566,260;567,261;568,261;573,262;574,262;575,262;576,262;577,262;578,262;579,262;581,262;582,262;585,262;
Vein; POLYGON; 63, 72, 204; 621,178;619,181;619,182;619,183;617,184;617,185;617,186;617,187;616,188;615,189;615,190;614,190;614,191;613,191;611,191;610,193;609,193;608,194;607,194;606,194;605,194;604,195;603,196;602,196;600,196;599,197;597,197;596,197;596,199;594,199;594,200;592,200;591,200;590,201;590,202;588,202;588,203;587,204;587,205;586,207;586,208;585,208;585,209;584,209;583,211;582,211;581,211;580,211;578,212;577,212;576,212;575,212;574,213;573,213;572,214;571,215;570,215;569,215;568,215;566,217;565,218;564,219;563,220;562,221;562,223;561,224;561,225;561,226;560,227;559,229;559,230;559,231;558,232;557,233;556,234;555,235;554,236;553,236;552,236;551,236;550,236;548,235;546,233;544,232;542,230;540,228;538,227;537,226;535,223;534,222;533,221;532,220;531,219;531,218;530,216;530,215;530,213;530,210;530,208;532,207;533,206;534,205;536,202;537,201;539,200;542,198;546,196;548,195;550,194;553,193;556,191;557,191;558,191;560,189;561,188;562,186;566,183;570,181;572,181;576,179;578,177;582,175;584,174;585,173;586,172;589,170;589,169;591,168;593,167;595,166;597,166;598,164;600,164;601,164;605,164;607,164;610,164;613,164;616,164;619,164;623,164;627,163;
Vein; POLYGON; 63, 72, 204; 728,167;727,167;727,168;726,169;725,170;724,171;723,172;722,172;721,173;721,175;721,176;720,177;719,179;718,179;718,180;717,181;716,183;715,184;715,185;715,187;714,188;713,190;713,191;713,192;713,193;713,194;711,196;711,197;711,198;711,199;710,200;709,201;708,202;707,204;706,205;705,206;704,208;703,208;703,209;701,211;700,212;698,214;697,214;696,215;695,215;694,217;693,219;692,219;692,220;691,220;689,223;688,223;688,224;687,224;685,224;684,224;682,225;680,226;678,226;677,226;673,227;672,228;670,230;669,230;668,232;667,232;667,233;
Vein; POLYGON; 63, 72, 204; 132,450;132,451;133,451;133,452;134,452;135,452;136,452;137,453;138,454;139,454;140,454;141,454;142,454;144,454;145,454;146,454;147,454;148,454;149,454;150,454;152,454;153,454;155,454;156,454;157,454;159,454;160,454;161,454;163,454;165,454;167,454;168,454;169,454;170,454;171,453;172,453;173,453;174,452;175,452;178,452;180,450;181,449;182,449;183,449;184,448;185,448;186,448;187,447;189,447;191,447;192,446;194,444;196,442;197,441;198,440;199,439;200,438;200,437;202,436;202,435;203,434;204,432;204,431;204,430;205,430;205,429;205,428;205,427;205,426;205,424;206,423;207,420;208,416;208,415;209,412;210,412;210,410;211,409;215,408;219,408;
Vein; POLYGON; 63, 72, 204; 55,757;54,757;52,756;50,756;49,756;47,756;46,756;45,756;44,756;43,756;40,757;39,757;37,758;36,758;34,760;32,761;30,763;30,764;28,765;28,766;27,767;26,768;26,770;26,772;26,773;26,774;26,776;26,777;26,779;26,782;26,783;26,784;26,787;27,788;27,789;28,791;29,793;29,794;30,794;31,795;31,796;32,797;32,799;34,800;35,801;36,802;37,803;38,804;39,805;40,805;41,806;43,808;44,811;45,812;46,813;47,815;48,816;48,817;50,818;52,819;53,820;53,821;55,822;56,825;57,825;58,826;59,829;59,830;60,831;61,832;61,833;63,836;64,836;66,838;66,839;68,840;68,841;70,843;71,843;71,844;73,845;75,846;77,848;78,849;78,850;78,851;79,851;79,852;81,853;81,854;82,855;83,855;83,856;84,857;84,858;86,858;88,860;89,861;90,862;91,863;92,863;92,864;93,864;93,866;94,866;94,867;95,867;97,869;98,869;99,871;100,873;101,873;102,874;103,875;104,877;105,878;106,879;107,880;108,881;109,884;110,885;111,887;111,888;113,890;113,891;114,892;115,893;116,895;116,896;118,897;120,898;120,899;122,900;123,903;124,903;124,904;126,904;127,905;128,906;129,906;130,907;131,908;131,909;132,909;133,910;134,910;134,911;135,911;137,911;137,912;139,914;143,915;144,916;145,917;146,917;147,918;148,918;149,919;151,921;153,921;155,922;156,923;157,923;158,924;159,924;160,925;161,925;162,926;162,927;163,928;164,928;165,928;165,929;167,930;169,931;171,932;171,933;172,933;175,934;177,935;179,936;180,936;182,938;183,939;185,939;187,939;187,940;188,940;190,941;193,941;194,943;196,943;198,944;199,945;201,946;202,946;203,946;204,947;206,947;206,948;207,949;208,950;208,951;209,951;210,951;211,951;213,952;214,952;215,953;216,954;217,954;218,954;218,955;219,956;220,957;222,957;223,959;225,960;227,960;228,960;229,961;230,961;230,962;232,963;233,964;234,964;236,965;237,966;238,966;239,966;239,968;240,969;241,969;241,970;242,970;243,971;243,972;245,972;247,973;248,975;249,975;250,975;251,976;252,977;253,977;254,978;255,978;255,980;257,981;258,982;259,982;260,982;262,984;263,984;264,986;265,987;266,987;267,988;268,988;270,989;272,990;274,992;275,993;277,994;278,994;279,994;280,994;281,995;282,995;283,996;284,996;285,996;285,997;286,997;287,997;289,997;290,998;291,998;294,1000;297,1000;300,1001;302,1001;303,1001;304,1001;306,1002;307,1003;309,1005;311,1006;312,1006;313,1006;314,1006;316,1006;317,1007;317,1006;317,1004;317,1001;317,998;317,995;317,994;317,992;317,990;316,986;315,985;313,983;311,981;308,977;307,975;306,975;306,974;305,973;305,972;303,972;302,972;301,971;299,970;298,969;297,968;294,965;292,965;291,965;291,964;289,964;288,963;287,962;286,962;286,961;286,960;285,959;284,958;283,957;282,957;282,956;281,955;280,954;279,954;279,953;278,952;277,952;276,952;276,951;275,951;274,951;273,949;272,949;271,948;269,948;269,947;267,946;266,946;265,945;264,945;263,944;258,942;255,941;254,940;253,940;253,939;252,939;252,938;250,937;249,935;248,935;247,934;245,933;244,933;244,932;244,931;243,930;242,928;241,928;240,927;239,926;237,925;237,924;237,923;236,923;234,923;233,923;232,923;231,923;230,923;229,923;228,923;227,923;226,923;225,923;224,923;223,922;221,922;220,922;219,922;218,922;217,922;217,921;216,921;215,920;214,920;212,920;211,920;210,920;209,920;208,920;207,920;206,919;205,919;203,918;203,917;202,917;200,916;199,916;198,916;197,916;197,915;196,915;194,914;193,914;192,914;191,914;190,914;188,912;187,912;187,911;185,911;184,910;182,909;180,909;178,908;177,907;176,907;175,907;174,907;173,906;172,905;171,904;171,903;170,902;170,900;169,899;168,898;167,897;167,896;166,894;166,893;165,893;165,892;165,891;164,890;164,889;163,888;162,887;162,886;161,885;160,883;160,882;159,882;158,881;157,880;156,880;155,879;154,879;154,878;154,877;153,876;152,875;151,875;151,874;150,874;150,873;149,872;148,871;146,870;145,869;144,869;143,868;142,868;141,866;140,866;140,865;139,865;138,864;138,863;137,863;136,862;135,860;135,859;135,858;134,857;134,856;134,855;134,854;133,854;133,853;132,852;132,851;132,850;132,849;132,848;132,847;132,846;132,845;132,843;132,842;133,842;134,840;134,839;135,837;135,836;135,834;135,833;135,831;135,830;135,828;135,827;135,826;135,825;133,823;132,821;131,821;130,820;130,819;129,818;128,818;126,815;124,814;123,814;122,814;121,814;120,814;119,814;118,814;116,814;115,814;115,815;114,815;114,817;113,818;113,819;112,821;111,822;110,822;110,823;109,824;109,825;108,826;108,827;107,827;106,827;105,828;104,828;103,828;102,828;101,828;100,827;99,827;99,825;98,825;98,824;96,824;95,822;95,821;94,821;93,819;93,818;93,817;93,816;93,815;93,814;93,813;93,812;93,811;93,810;93,808;93,807;93,806;93,805;93,804;93,802;93,800;93,799;93,798;93,797;93,796;93,794;93,793;93,792;93,791;93,790;93,789;93,788;93,787;93,786;93,784;93,783;93,782;93,780;93,777;93,776;93,774;93,773;93,772;93,769;93,768;93,765;92,763;92,762;91,762;91,761;90,761;90,759;89,758;88,758;87,758;86,758;84,756;83,756;80,756;79,756;77,755;76,755;75,754;75,753;74,753;73,753;72,753;71,753;69,753;68,753;67,753;66,753;65,753;64,753;63,753;62,753;61,753;59,753;56,753;55,753;54,754;53,754;52,754;51,755;50,755;49,755;48,755;47,756;47,757;45,758;43,760;42,761;42,762;
Vein; POLYGON; 63, 72, 204; 133,836;133,835;133,834;134,834;135,833;136,833;137,833;138,833;139,833;140,833;142,833;143,833;144,833;145,833;146,833;147,833;148,833;149,832;151,832;152,832;153,831;155,831;156,831;157,831;158,831;159,831;160,831;161,831;162,831;163,831;164,832;166,833;167,833;168,834;168,835;169,836;171,837;171,838;172,838;173,839;174,840;174,841;175,841;177,842;179,842;179,843;180,843;182,843;183,844;185,845;186,845;187,845;188,845;188,846;189,847;189,848;190,849;190,850;191,852;191,853;191,854;191,855;191,856;191,858;191,859;191,860;192,862;192,863;192,864;192,866;194,867;194,868;194,869;195,870;195,871;195,872;195,873;195,874;195,875;196,875;197,877;197,878;197,879;198,879;198,880;200,881;200,882;201,884;202,885;203,886;203,887;204,888;205,888;206,889;207,890;207,891;208,891;208,892;209,892;210,893;210,894;210,895;211,895;211,896;212,896;213,897;215,898;216,898;217,900;218,901;219,902;220,902;220,903;220,904;221,904;221,905;221,907;221,908;221,909;221,910;221,911;221,912;221,913;221,915;221,916;220,917;220,918;220,919;219,920;219,922;219,923;218,924;218,925;218,926;218,927;219,928;219,929;220,931;221,931;223,932;224,933;225,934;226,935;227,937;230,938;232,940;233,940;235,943;237,944;240,946;242,946;243,946;244,947;244,948;244,949;246,950;246,951;247,951;248,952;249,952;250,955;251,956;251,957;252,958;252,959;253,960;254,960;255,960;256,960;257,960;258,960;259,960;260,960;261,960;262,960;262,959;262,958;262,956;262,955;262,954;262,953;262,952;262,951;264,950;264,949;265,948;265,947;265,946;266,945;267,943;267,941;267,940;267,939;267,937;267,936;268,935;268,934;268,933;269,932;270,930;270,929;270,928;270,927;270,926;270,924;270,923;270,922;270,921;270,920;270,919;270,918;270,917;270,916;270,915;270,914;270,913;270,912;270,911;270,910;270,909;270,908;270,907;270,906;269,906;269,904;268,903;268,901;267,900;267,899;266,897;265,897;265,896;264,894;263,893;262,892;262,891;262,890;261,888;261,887;260,886;259,885;259,884;259,883;258,882;258,881;257,881;256,880;256,879;256,877;256,876;255,875;255,874;255,873;253,872;252,870;252,869;252,868;251,867;250,865;249,864;248,863;247,862;246,860;245,859;244,858;243,857;242,856;241,856;240,855;239,853;238,853;237,853;236,853;235,853;235,852;234,851;233,850;231,848;230,847;229,847;228,847;227,846;226,846;226,845;225,845;223,844;223,843;223,842;222,841;221,840;221,839;219,838;218,836;217,835;216,835;216,834;215,833;214,832;213,832;213,831;211,828;210,827;209,826;208,825;207,824;206,823;205,822;204,821;203,820;202,819;202,818;202,817;201,816;199,815;198,814;197,814;196,814;195,812;194,812;194,811;193,811;192,810;191,810;190,810;190,809;189,808;188,806;187,806;186,806;185,805;184,805;183,805;182,805;182,804;181,803;179,803;179,802;178,802;177,800;176,800;176,799;175,799;174,798;173,798;172,798;171,796;170,794;169,794;168,794;167,793;166,793;165,793;164,792;164,791;163,791;162,790;162,789;162,788;161,788;160,787;159,787;159,786;158,786;156,785;155,784;155,783;154,783;154,782;153,781;151,779;150,779;150,778;148,777;147,776;146,776;145,775;144,775;143,774;142,774;141,773;141,772;139,772;138,772;137,770;136,770;136,769;135,769;134,769;134,768;133,768;132,767;131,767;130,766;129,765;128,764;126,764;125,764;125,763;123,763;122,762;121,761;120,761;119,761;119,760;119,759;118,759;117,759;116,758;115,758;114,758;113,758;112,758;111,758;110,758;109,758;108,758;107,758;106,758;105,758;104,758;103,758;102,758;101,758;100,758;99,758;98,758;97,758;96,758;95,758;94,758;93,758;91,758;90,758;89,758;88,758;87,758;86,758;85,758;84,759;83,761;82,761;81,761;79,762;78,763;77,764;75,765;75,766;73,768;72,768;71,768;71,769;70,770;69,772;69,773;68,774;67,775;67,777;66,778;66,779;66,780;65,781;65,782;65,783;65,784;65,785;65,786;65,788;65,789;65,791;65,792;65,793;65,794;65,795;66,795;67,797;67,798;68,799;68,800;69,801;70,801;71,803;71,804;71,805;72,805;72,806;73,807;74,807;75,807;76,807;77,807;78,807;79,807;80,807;81,807;82,807;83,807;84,807;85,807;86,807;87,807;89,807;91,807;92,807;93,806;94,806;95,806;96,806;97,806;98,806;99,806;100,805;101,805;103,805;104,805;104,804;104,803;105,803;106,803;107,803;108,803;109,804;110,804;111,805;113,806;114,807;115,809;115,810;115,811;115,812;115,813;115,814;114,815;113,816;112,816;112,817;112,818;111,820;111,821;111,823;111,824;111,826;111,827;111,828;111,829;111,831;111,832;111,833;111,835;111,836;112,836;114,837;115,837;116,838;117,838;118,838;120,839;121,839;122,839;123,839;124,839;125,839;127,839;128,839;129,839;131,839;132,837;132,836;133,836;134,835;136,833;137,833;
Vein; POLYGON; 63, 72, 204; 263,945;264,945;265,944;266,942;266,941;267,941;268,941;269,940;270,939;271,939;272,939;273,938;274,938;275,938;276,938;277,938;279,938;280,938;281,938;283,938;284,939;285,939;285,940;286,940;286,941;286,942;286,943;286,944;286,945;286,946;286,947;287,947;288,949;289,949;290,949;290,950;291,950;292,950;293,950;294,950;295,950;297,951;300,952;301,952;302,952;304,952;305,952;307,952;308,952;309,953;310,953;311,954;313,955;314,956;315,957;316,957;317,957;317,958;318,958;318,959;320,959;321,961;321,962;321,963;321,964;321,965;321,967;321,968;322,969;323,970;324,970;324,971;325,971;325,972;325,973;327,973;328,973;329,973;330,973;331,973;332,973;333,973;334,972;335,971;336,970;336,969;336,968;336,967;336,966;336,965;336,964;336,963;336,962;336,961;336,960;335,959;334,958;332,958;331,957;330,955;329,955;329,954;328,954;328,953;327,953;326,953;325,953;324,952;323,952;322,952;321,952;319,952;318,951;318,950;317,949;316,948;315,947;315,946;314,946;313,945;312,945;311,943;310,942;309,941;308,940;306,939;305,939;304,939;303,939;302,939;301,938;300,937;300,936;299,935;298,934;297,934;296,934;295,933;294,933;293,932;293,931;293,930;291,930;290,930;290,929;288,928;287,927;287,926;286,925;285,924;285,923;285,922;285,921;285,920;284,918;284,917;283,916;282,915;282,914;282,913;281,913;280,910;279,910;279,908;278,907;277,906;277,905;276,904;276,903;275,903;274,902;273,901;272,899;271,897;270,896;270,895;269,895;269,894;268,894;267,894;266,896;265,897;265,898;264,899;263,900;262,901;262,902;262,903;261,906;260,907;260,908;259,911;259,914;259,915;258,917;258,918;258,919;258,920;257,921;257,922;257,923;257,924;257,925;256,925;256,926;256,928;254,928;254,929;254,930;254,931;253,931;253,932;253,933;253,934;252,934;252,935;251,937;250,938;250,940;250,941;250,942;249,943;249,945;249,946;249,947;248,948;248,950;
Vein; POLYGON; 63, 72, 204; 312,955;312,956;312,957;312,959;312,960;311,961;310,961;310,962;309,962;309,963;308,965;307,965;307,966;307,967;307,968;306,968;306,969;305,970;305,971;304,972;302,972;301,972;300,973;300,974;299,974;299,975;298,976;297,977;297,978;299,979;300,980;301,981;302,981;303,983;304,983;305,983;306,983;307,982;308,981;309,981;310,979;311,977;311,976;312,976;312,975;314,975;316,975;317,974;318,974;318,973;319,973;320,972;320,971;321,971;322,969;323,969;323,968;324,967;324,966;324,965;324,964;324,963;324,962;325,961;325,960;325,959;324,957;324,956;323,956;323,955;322,955;321,955;320,955;319,955;318,955;317,955;317,954;315,954;314,954;313,953;
Vein; POLYGON; 63, 72, 204; 310,814;309,815;309,816;308,817;308,818;308,819;308,820;308,821;308,822;310,824;310,825;312,826;313,826;314,827;315,827;315,828;316,828;317,830;318,831;319,831;320,831;321,832;322,832;323,833;323,834;324,834;325,835;325,836;326,837;327,837;328,837;329,837;329,838;331,838;332,839;333,839;334,839;335,839;335,840;336,840;337,841;337,842;338,843;338,844;338,845;338,846;339,847;339,848;339,849;339,850;339,851;341,851;342,851;343,851;344,852;345,852;346,854;347,854;347,855;347,856;347,857;347,858;347,859;347,860;347,861;347,862;347,863;347,864;347,865;347,866;347,867;346,868;346,870;346,871;346,873;345,873;345,874;345,875;345,876;345,877;345,878;345,879;343,880;343,881;342,882;340,883;340,884;339,884;339,885;338,885;337,885;336,885;335,885;333,885;331,885;330,885;329,885;328,885;327,885;326,885;325,885;324,885;323,885;321,885;320,885;319,885;317,885;316,883;315,883;314,882;313,881;312,881;311,880;310,880;309,879;308,878;308,877;307,877;306,877;306,876;305,875;304,874;303,874;303,873;302,872;301,870;300,870;299,869;299,867;298,867;297,865;296,864;294,863;293,862;292,861;291,860;291,859;290,858;289,857;289,856;288,856;288,855;288,854;287,853;287,852;287,851;287,849;286,848;286,846;286,845;286,844;286,843;286,842;286,841;286,838;286,837;286,836;287,835;287,833;288,832;288,831;289,831;289,830;290,830;290,829;291,829;292,827;293,827;294,826;295,825;296,824;297,823;298,823;299,822;299,821;299,820;300,820;301,820;302,819;303,819;304,819;306,818;307,818;308,818;309,818;310,818;311,818;312,818;313,818;314,817;314,816;
Vein; POLYGON; 63, 72, 204; 192,822;193,822;195,822;196,822;197,822;198,822;199,822;200,822;202,822;204,822;208,822;210,822;212,823;214,823;216,824;217,824;218,824;220,825;220,826;222,826;223,826;223,827;224,828;225,828;225,829;226,829;227,830;229,830;231,831;233,832;234,832;235,834;235,835;236,835;236,836;237,837;238,837;238,838;239,840;240,841;240,842;241,842;242,843;243,845;243,846;244,847;244,848;245,849;246,851;246,852;247,853;247,854;247,856;248,858;249,859;249,860;250,861;251,864;251,865;253,866;253,867;255,870;255,871;255,872;256,872;257,874;257,875;257,876;258,877;258,878;258,879;259,880;260,883;261,884;261,885;261,886;261,887;262,889;262,891;262,892;262,893;262,895;262,896;262,897;262,898;262,899;262,900;260,901;258,901;257,901;256,901;255,901;254,901;252,901;250,899;248,898;247,896;245,895;244,894;242,892;240,890;239,889;239,888;237,886;236,885;235,884;234,883;233,882;233,881;232,880;231,878;230,878;230,877;230,876;228,873;227,871;227,870;226,867;226,866;
Vein; POLYGON; 63, 72, 204; 671,270;672,270;673,270;674,270;676,270;677,270;678,270;679,270;680,270;682,270;683,270;684,270;685,269;686,269;687,269;688,269;689,269;690,269;691,269;692,269;693,269;694,269;695,269;696,269;697,269;698,269;700,269;701,269;701,270;701,271;703,272;703,273;704,273;705,273;706,273;707,273;708,273;709,275;710,275;710,276;711,276;712,278;713,278;713,279;714,279;715,279;716,279;718,280;719,280;720,280;721,280;722,280;724,280;725,280;726,280;726,281;727,281;728,281;729,282;730,282;731,283;732,284;733,284;735,284;736,284;737,284;738,284;739,284;739,283;740,283;741,283;742,283;743,283;745,283;746,283;747,283;748,283;749,283;750,283;751,283;752,283;753,283;754,283;755,283;756,283;756,284;757,284;758,284;759,284;761,286;762,286;764,288;765,288;766,289;767,289;768,289;769,289;770,289;771,290;773,290;774,291;775,291;776,291;777,291;777,292;778,292;779,292;783,292;784,292;785,292;786,292;787,293;788,293;789,293;789,294;791,294;792,294;793,294;794,294;795,294;796,294;797,295;798,295;798,297;800,298;801,298;802,299;803,299;804,299;805,300;806,301;807,301;808,301;809,301;810,302;810,303;811,303;811,304;812,304;813,304;813,305;814,305;815,305;816,305;816,306;816,307;816,308;816,309;816,310;815,310;815,311;815,312;815,313;814,313;813,314;813,315;812,316;812,317;811,317;810,317;809,317;808,317;806,317;805,317;804,317;803,317;802,317;801,317;800,317;799,317;797,317;795,317;794,316;792,316;791,316;790,314;788,314;787,314;786,314;785,314;785,313;784,313;783,313;781,313;781,312;780,312;780,311;778,309;778,308;777,308;776,308;775,308;775,307;774,307;773,306;772,306;771,306;769,305;768,305;767,305;766,305;765,305;764,305;763,305;762,304;761,304;760,304;759,304;757,304;755,303;755,302;754,302;753,302;752,302;751,302;749,302;748,302;747,302;746,302;745,302;745,301;743,301;743,300;742,300;741,300;739,300;738,300;737,299;736,299;735,299;733,299;731,299;729,299;728,299;727,298;726,298;725,298;724,297;723,297;722,297;720,296;718,296;717,295;716,295;715,295;714,295;713,295;712,294;711,294;710,294;708,294;706,293;704,292;703,292;702,291;701,290;700,290;699,290;696,290;695,290;694,290;693,290;692,289;691,289;690,289;689,289;688,289;687,289;686,289;684,289;682,288;680,287;679,287;678,287;677,287;676,287;676,285;675,285;673,285;672,284;671,284;670,284;669,284;668,282;667,282;666,281;664,281;663,281;662,281;661,279;660,279;659,279;659,278;658,278;658,277;657,276;657,274;657,273;658,273;659,272;660,272;661,272;661,271;662,270;663,270;664,269;664,268;664,267;664,266;666,264;666,263;
Vein; POLYGON; 63, 72, 204; 680,271;681,271;683,270;684,270;684,269;685,268;686,268;687,268;688,266;689,265;690,265;690,264;690,263;690,262;690,261;690,259;689,258;688,257;688,256;687,255;686,253;685,252;684,252;683,252;682,252;681,251;680,251;679,251;678,251;677,251;676,251;674,251;672,251;671,251;670,251;669,251;667,249;666,248;665,247;664,246;664,245;662,245;662,244;662,242;662,241;662,240;662,239;662,238;663,237;664,236;665,235;666,234;666,233;667,233;668,233;669,233;670,233;672,232;673,232;674,231;675,231;676,231;677,230;678,230;679,230;679,229;680,228;680,227;681,227;682,227;683,227;684,227;686,227;687,227;688,227;688,228;688,229;688,230;689,231;690,231;691,231;692,231;693,232;694,232;696,232;697,232;698,232;698,233;698,234;699,234;700,234;701,234;702,234;702,235;703,235;703,236;704,236;706,237;707,237;708,237;708,238;710,239;710,240;711,240;711,241;712,242;713,243;714,243;715,244;715,245;716,245;717,246;719,246;720,247;721,248;722,248;723,249;725,249;726,249;727,249;728,251;729,251;731,251;732,251;733,251;734,251;735,251;736,251;737,251;738,251;739,251;741,251;742,251;743,251;744,251;746,251;747,251;748,251;749,251;750,251;751,251;753,251;754,251;755,251;756,251;757,251;758,251;759,251;760,251;761,251;762,251;763,251;765,251;765,252;766,252;767,252;769,252;770,252;771,252;773,253;775,253;775,254;776,254;777,254;778,254;779,254;780,255;782,255;783,256;784,257;786,257;788,257;789,257;790,258;791,258;792,258;793,258;794,259;795,259;796,260;797,260;798,260;799,260;800,261;801,262;802,262;802,263;803,263;804,263;805,263;806,263;808,264;808,265;809,265;810,265;811,266;812,266;813,266;814,267;814,268;814,269;816,269;817,269;817,270;818,270;820,270;820,271;821,271;822,272;823,273;823,274;824,275;825,275;826,276;827,278;828,278;830,280;831,281;832,282;833,283;834,284;834,285;834,287;834,288;834,289;835,290;835,291;834,291;833,292;832,292;832,293;831,293;830,293;829,293;828,293;827,293;826,293;825,293;823,294;822,294;821,294;820,294;819,294;817,294;816,294;815,294;814,294;813,294;812,294;811,294;810,294;809,294;807,292;806,292;805,292;804,292;803,291;802,291;801,290;800,290;799,290;799,289;798,289;797,288;796,288;796,287;795,286;794,286;793,285;792,284;792,283;791,283;790,282;790,281;789,280;788,279;787,278;786,277;785,277;784,277;783,277;782,277;781,276;780,275;779,275;778,275;777,275;776,275;774,275;773,275;772,275;771,275;770,275;769,275;768,275;767,275;766,275;765,275;764,275;763,275;762,275;761,275;760,276;759,276;759,277;759,279;758,279;758,280;758,281;757,282;756,283;755,283;755,284;754,284;753,285;752,285;751,286;751,287;750,287;748,287;747,287;746,287;745,288;744,288;743,288;742,288;741,288;739,288;738,288;737,288;736,288;735,288;734,288;732,288;732,286;732,285;732,284;732,283;733,282;734,281;735,280;735,279;736,279;736,278;736,277;736,275;736,274;736,273;736,272;736,271;735,270;735,269;735,268;734,267;733,267;732,267;731,267;730,267;729,267;728,267;727,267;726,268;725,268;724,268;723,268;722,269;721,270;720,270;719,270;718,270;717,270;715,270;714,270;713,270;713,271;712,271;711,271;711,272;710,272;710,273;709,274;707,275;707,276;706,276;705,276;704,276;703,276;701,276;700,276;699,276;698,276;697,276;696,276;695,276;694,276;693,276;692,276;691,276;689,276;688,276;687,276;686,276;685,276;684,276;683,276;682,276;681,276;680,276;679,275;678,275;677,275;676,275;675,274;674,274;672,273;671,272;670,272;669,272;
Vein; POLYGON; 63, 72, 204; 607,288;608,288;609,287;610,286;612,286;613,286;615,286;616,286;617,285;618,285;619,285;620,284;622,284;623,284;624,284;625,284;626,284;628,284;629,284;630,284;631,283;632,283;633,283;634,283;635,283;636,283;637,283;638,283;639,283;640,283;641,283;642,283;646,283;647,283;649,283;650,283;651,283;652,283;653,283;654,283;655,283;657,283;658,283;659,283;660,283;661,283;663,283;664,283;665,283;666,281;666,280;668,280;668,279;668,278;668,277;667,275;665,273;664,273;661,271;659,270;659,269;657,268;656,267;655,267;652,265;650,265;647,264;645,264;642,264;639,264;637,262;635,262;632,261;630,261;629,261;628,261;626,261;625,261;624,261;624,262;623,263;621,265;620,267;619,269;
Specular reflection; POLYGON; 191, 91, 22; 683,253;681,253;680,253;679,253;678,253;677,253;676,254;674,256;673,257;672,258;672,259;672,261;672,262;673,263;673,264;673,265;673,266;674,267;674,268;674,269;674,270;675,270;676,270;677,270;678,270;679,270;680,270;681,270;683,270;684,270;684,269;684,268;685,267;686,267;687,267;688,267;689,267;690,266;690,265;691,264;691,263;691,262;691,261;691,260;690,259;690,258;689,258;689,256;688,255;688,254;688,253;687,253;687,252;686,252;685,251;684,251;683,251;681,252;680,252;679,252;679,253;678,253;678,254;678,255;
Specular reflection; POLYGON; 191, 91, 22; 734,269;733,269;732,269;731,269;730,269;729,269;728,269;726,269;725,269;724,269;723,269;722,269;721,269;720,269;719,269;718,269;717,269;716,269;715,269;714,269;713,269;712,269;711,269;710,270;712,272;712,273;713,273;714,273;715,274;716,274;717,275;717,276;718,276;719,276;719,277;720,277;720,278;721,278;723,279;724,279;725,279;726,279;727,279;728,279;729,280;730,281;730,282;731,282;732,282;733,282;735,282;736,281;736,280;736,278;736,277;736,276;737,275;737,274;737,272;737,271;736,270;735,269;734,269;733,269;732,269;730,269;729,269;
Specular reflection; POLYGON; 191, 91, 22; 728,265;727,265;727,266;727,267;727,268;726,268;725,269;724,269;723,270;722,270;721,270;720,271;719,272;718,272;717,272;716,272;715,273;714,274;713,274;712,275;712,276;712,277;712,278;712,279;714,279;715,279;716,279;717,279;718,279;719,279;720,279;721,279;722,279;723,279;724,279;725,279;726,279;727,279;728,280;729,280;730,281;731,281;732,281;733,281;734,281;
Specular reflection; POLYGON; 191, 91, 22; 173,170;173,171;173,172;172,173;172,174;172,175;171,176;171,177;172,177;172,176;173,175;175,175;175,174;176,174;177,174;178,175;178,176;178,178;177,179;177,180;175,181;174,181;173,181;172,181;170,181;169,181;168,181;166,181;165,181;164,181;162,181;161,181;159,181;158,181;157,181;156,181;156,180;155,180;154,181;152,181;151,182;151,183;150,185;150,186;150,187;150,188;150,189;150,190;150,192;150,193;150,194;152,195;153,196;154,196;155,197;156,198;156,199;157,199;158,200;159,200;160,200;161,201;163,202;165,202;166,202;166,203;167,203;169,204;170,204;172,205;173,205;176,205;177,205;179,205;180,203;182,202;183,202;184,202;185,201;186,201;186,200;187,200;188,200;189,200;190,199;191,197;192,197;194,196;197,195;200,195;
Specular reflection; POLYGON; 191, 91, 22; 188,195;187,196;185,198;184,198;183,199;182,199;181,199;180,200;179,200;178,201;177,201;175,203;174,204;173,204;172,204;171,204;170,204;169,204;168,204;168,205;167,205;166,205;165,205;165,206;164,206;163,206;162,207;161,207;160,207;159,207;158,207;157,207;156,207;156,206;156,205;156,204;156,203;156,202;156,201;156,199;156,198;156,197;156,196;156,195;156,193;157,192;160,191;161,191;163,191;165,191;168,191;173,190;176,190;179,189;182,187;
Specular reflection; POLYGON; 191, 91, 22; 545,23;546,23;547,23;548,23;550,23;551,23;553,23;554,23;555,22;556,22;557,21;557,20;557,19;559,19;560,19;560,18;561,18;562,18;563,18;564,17;565,16;566,16;566,14;566,13;566,12;566,11;566,10;566,9;565,8;564,8;563,8;562,8;561,8;560,8;559,8;558,8;557,8;556,8;555,8;554,8;553,8;552,8;551,8;550,8;548,8;548,9;547,9;546,9;545,10;545,11;543,11;543,12;542,12;542,14;540,15;536,16;535,17;532,19;530,21;530,23;530,26;
Specular reflection; POLYGON; 191, 91, 22; 102,804;101,804;100,804;100,805;99,805;98,805;97,805;96,805;96,806;95,806;95,807;94,807;93,808;93,809;93,810;93,811;93,812;93,813;92,813;92,814;92,815;92,816;92,817;92,818;92,819;92,820;92,822;92,823;93,823;93,824;94,824;95,825;96,826;97,826;98,826;99,826;100,826;101,826;102,826;102,827;102,828;103,828;104,828;105,828;106,827;107,826;107,825;108,824;109,824;109,823;109,822;110,822;110,821;112,820;113,819;114,818;114,817;115,816;115,814;115,813;115,812;115,811;115,810;115,809;115,808;114,807;113,807;112,807;112,806;111,806;111,805;110,805;109,804;108,804;107,803;106,803;105,803;104,803;103,804;102,804;101,804;100,804;99,805;98,806;
Specular reflection; POLYGON; 191, 91, 22; 285,961;285,962;287,963;287,964;288,964;288,965;289,965;290,965;291,966;292,967;293,968;294,968;295,968;295,969;296,970;297,970;298,970;299,971;300,971;301,971;302,971;303,971;304,971;306,971;307,970;308,969;308,968;308,967;308,966;309,966;309,965;309,964;309,963;309,962;310,960;311,960;311,959;311,958;311,957;311,956;310,956;309,955;308,955;307,954;306,954;305,954;304,954;303,954;303,953;302,953;301,952;300,952;299,951;298,951;297,951;296,950;295,950;294,950;293,950;293,949;292,949;290,949;289,949;288,949;287,949;287,948;286,947;285,947;284,947;283,947;283,946;282,946;282,945;282,943;282,942;282,940;281,939;280,939;279,938;278,938;277,937;276,937;274,937;273,937;272,937;271,937;270,937;269,937;268,938;267,939;266,940;265,942;265,944;265,945;265,946;265,947;265,948;266,948;267,948;268,949;269,950;270,951;271,951;272,951;273,952;274,952;275,953;277,954;278,954;279,954;280,955;281,955;283,955;284,956;285,956;285,957;285,958;286,959;287,959;287,960;287,962;288,963;288,964;288,965;
Specular reflection; POLYGON; 191, 91, 22; 290,949;289,949;289,948;288,948;288,947;288,946;288,945;287,945;287,944;286,944;286,943;285,942;285,941;285,940;284,940;283,939;282,939;281,939;280,939;279,939;278,939;277,939;276,940;275,941;275,942;275,943;276,944;277,944;
Specular reflection; POLYGON; 191, 91, 22; 326,972;325,972;324,972;323,972;322,972;321,972;320,972;319,972;318,972;317,972;316,972;315,973;315,974;314,975;312,975;311,976;310,977;309,978;309,979;309,981;309,982;309,983;309,984;309,985;309,986;310,986;311,986;312,987;313,988;313,989;314,989;314,990;315,990;316,990;317,990;318,990;319,990;320,990;321,990;322,990;323,990;324,990;325,989;326,988;327,987;327,986;327,985;328,984;329,983;329,982;329,981;329,980;329,979;329,978;329,977;329,976;329,975;329,974;328,974;327,973;326,973;325,973;324,973;323,973;322,973;321,973;320,973;
Vein; POLYGON; 63, 72, 204; 126,96;129,96;130,96;132,96;134,96;135,96;138,96;139,96;141,96;142,96;143,96;144,96;145,96;148,96;150,96;154,96;157,96;158,96;159,96;160,96;161,96;163,95;164,95;166,95;167,95;168,95;169,95;169,94;170,94;171,94;172,94;172,93;173,93;175,91;176,90;177,90;177,89;178,89;179,88;180,88;181,88;182,86;182,85;184,85;185,84;186,84;187,84;188,83;189,83;190,82;191,81;193,81;195,81;196,81;197,81;197,80;198,80;200,79;201,79;202,79;203,79;204,79;206,79;206,78;207,78;208,78;209,78;210,77;211,76;213,76;214,76;216,76;217,75;218,75;219,75;221,75;222,73;223,73;224,73;225,71;226,71;227,71;228,71;229,71;230,70;232,70;234,69;235,68;235,67;236,67;237,67;238,66;239,66;240,65;241,65;243,65;245,64;245,63;246,63;247,63;248,62;249,61;250,60;251,60;252,59;253,59;253,58;254,57;255,57;257,57;257,56;259,55;260,54;261,54;262,53;263,52;264,50;266,48;267,48;268,48;269,48;270,47;271,46;273,46;274,45;275,45;276,43;277,42;278,42;280,41;281,40;282,39;283,39;284,39;285,37;286,37;287,37;288,36;291,35;292,35;293,35;294,35;295,34;296,34;297,34;298,33;299,33;301,31;302,31;305,31;306,30;307,29;308,28;309,27;310,27;311,25;312,25;312,24;313,24;313,23;315,23;316,22;318,21;321,19;322,18;323,18;324,17;325,17;327,16;328,15;329,15;330,15;331,14;332,14;333,12;334,12;334,11;335,11;335,10;336,10;337,9;337,8;337,7;337,6;336,4;335,3;334,3;333,3;331,3;328,3;326,3;325,3;324,3;323,3;322,3;321,3;320,3;319,3;318,3;316,3;314,3;313,3;312,3;311,3;310,3;309,3;307,3;305,3;304,3;303,3;301,3;300,3;299,3;298,3;297,3;295,3;294,3;293,3;292,3;291,3;289,3;288,3;286,3;284,3;282,3;281,3;280,3;279,3;278,3;277,3;274,3;273,3;271,3;270,3;268,3;267,3;266,3;265,3;264,3;263,3;262,2;259,2;258,2;257,2;256,2;255,2;254,2;252,2;250,2;249,2;248,2;247,2;246,2;246,1;245,1;244,1;243,1;242,1;241,1;239,1;237,1;235,1;234,1;233,1;232,1;231,1;230,1;228,1;226,1;224,2;223,2;221,2;220,2;219,2;218,3;217,3;216,3;214,3;213,3;213,4;212,4;211,6;209,6;208,7;207,8;207,9;206,9;204,11;203,12;202,13;202,14;201,14;200,14;200,15;199,15;198,15;198,16;197,16;196,18;196,19;194,20;194,21;193,21;193,22;191,22;191,23;190,24;190,25;190,27;189,28;189,29;189,30;189,31;189,32;189,33;189,34;189,35;190,36;190,37;190,38;191,38;192,39;193,39;194,39;195,40;196,40;197,40;198,40;198,41;199,41;199,42;200,44;200,45;200,46;200,47;200,48;200,50;200,51;200,52;200,53;200,54;199,56;199,57;198,57;198,58;198,59;197,60;196,60;194,60;193,60;191,60;190,60;189,60;188,60;187,60;186,60;184,60;183,60;182,60;181,60;180,60;179,60;178,60;177,60;177,61;176,61;175,61;174,61;173,61;171,61;170,61;169,61;167,61;166,61;165,61;164,61;163,61;161,61;160,62;159,62;158,63;157,63;156,63;154,64;152,65;151,66;150,68;149,68;147,70;147,71;146,71;145,71;144,71;143,72;143,73;141,73;140,74;140,75;139,76;137,77;137,78;136,79;134,80;133,80;132,82;131,82;129,83;128,83;127,84;126,84;126,85;125,85;125,86;124,87;124,88;124,89;124,91;124,92;124,93;124,94;124,95;125,96;125,97;126,98;129,100;
Vein; POLYGON; 63, 72, 204; 176,90;177,90;178,90;179,90;180,89;182,89;183,89;185,88;186,88;187,88;188,88;189,88;191,88;192,88;193,88;195,88;196,86;197,86;198,85;200,84;201,84;201,83;202,83;203,83;203,82;204,82;205,82;206,82;207,82;209,79;210,79;211,79;212,78;213,78;215,78;216,78;218,78;219,78;220,78;221,77;222,76;223,76;223,75;223,74;225,74;226,74;227,74;229,73;230,73;231,73;233,72;234,72;235,72;237,71;238,71;239,70;241,70;242,70;242,68;243,68;245,67;246,67;248,67;248,66;249,65;250,65;251,65;252,65;253,64;254,64;254,63;254,62;255,62;256,62;257,62;258,61;259,61;260,60;261,60;262,60;263,60;264,59;264,58;265,58;266,58;267,57;267,56;268,55;270,55;270,54;271,54;273,53;273,52;274,52;274,51;274,50;275,49;276,49;277,48;278,48;278,47;279,47;279,46;280,45;280,44;282,42;283,42;283,41;285,40;285,39;285,38;286,37;286,36;287,34;287,33;287,32;287,31;287,30;287,29;287,28;285,27;284,27;283,27;281,27;280,27;277,27;274,27;272,27;269,27;266,27;264,27;260,29;259,29;258,30;255,33;255,34;254,35;253,35;252,36;250,38;250,39;249,41;248,42;247,44;246,46;
Specular reflection; POLYGON; 191, 91, 22; 215,76;214,76;213,76;212,76;211,76;209,76;208,76;207,76;206,76;205,77;205,78;203,79;203,80;202,80;201,82;200,83;200,84;200,85;199,85;199,86;198,88;198,89;198,90;198,91;198,92;198,93;198,94;198,95;198,96;198,97;198,98;199,99;199,100;199,101;200,102;200,103;200,104;201,104;201,105;202,107;203,108;204,108;205,108;207,108;208,108;210,108;211,107;212,107;213,106;214,106;215,105;216,104;217,104;217,103;217,101;218,100;219,99;220,99;221,99;223,99;224,99;224,98;225,98;227,98;228,98;230,98;231,98;232,98;233,98;234,98;235,98;236,97;237,97;238,96;238,95;239,95;239,94;239,93;239,92;240,91;240,90;239,89;239,88;238,88;238,87;237,87;237,86;236,85;235,85;235,84;234,84;234,83;232,82;231,82;230,81;228,81;227,81;227,79;226,79;226,78;225,78;224,77;223,77;222,76;221,76;220,76;219,76;219,75;218,75;217,75;216,75;215,75;214,75;213,75;212,76;
Specular reflection; POLYGON; 191, 91, 22; 466,118;465,118;465,119;465,120;465,121;465,122;465,123;466,124;467,124;468,125;469,125;470,125;471,127;472,127;473,127;474,128;475,128;476,129;477,130;478,131;479,132;479,133;480,134;482,134;483,134;484,134;486,132;487,132;488,132;489,132;490,131;491,131;492,131;493,131;494,131;495,130;496,130;497,130;498,129;499,129;501,129;504,128;506,127;506,126;507,125;508,125;508,124;510,124;511,123;512,123;513,123;513,122;514,120;514,119;514,118;514,117;514,116;514,115;514,114;513,114;511,114;510,115;509,115;506,115;
Stroma, ICG; POLYGON; 255, 255, 255; 140,95;139,95;138,95;137,95;136,95;135,95;132,95;131,95;130,95;128,95;127,95;127,96;126,96;125,97;124,98;124,99;122,101;121,102;119,104;119,105;118,107;117,109;117,111;117,112;117,113;115,114;115,115;114,119;114,121;114,124;114,127;114,128;113,131;112,134;112,136;110,138;109,140;109,141;108,143;106,146;105,148;102,150;101,154;100,156;98,157;96,159;95,161;93,162;91,166;90,167;88,168;86,171;84,173;81,175;79,179;76,182;73,186;70,189;69,191;67,194;66,195;64,199;63,202;61,204;59,208;57,213;56,216;55,220;53,224;51,227;50,230;50,233;49,235;49,237;47,239;47,241;47,244;47,245;45,248;45,250;44,254;44,257;44,260;44,263;44,266;44,267;43,269;43,271;42,272;42,273;42,276;42,278;42,280;41,284;41,285;41,286;41,290;41,291;41,292;41,295;41,296;40,299;40,300;40,302;40,303;40,304;40,305;40,306;40,308;40,309;40,310;40,313;40,316;40,317;40,320;40,321;40,322;40,323;41,325;41,326;41,327;41,329;41,330;42,332;43,334;43,335;45,339;45,340;45,341;45,342;46,342;46,344;46,345;47,346;47,347;47,349;48,350;48,351;49,351;49,352;49,353;49,355;50,356;50,357;50,358;51,358;51,359;51,361;52,363;53,364;53,365;53,366;53,367;53,368;53,369;53,370;54,371;54,372;54,373;55,373;56,373;57,373;58,373;59,373;60,373;61,373;62,373;63,372;64,371;66,371;67,370;68,369;69,369;69,367;70,367;71,366;72,365;72,364;73,364;74,363;75,362;76,361;77,361;78,360;79,359;79,358;80,356;80,355;81,354;82,353;83,352;84,351;84,350;85,349;86,348;86,347;87,347;89,347;90,346;92,346;93,346;94,345;95,344;96,344;97,343;98,342;99,341;101,340;102,339;103,339;104,339;105,338;105,337;105,336;106,336;106,335;108,334;109,334;110,334;111,334;111,333;112,333;113,333;114,333;115,332;117,332;118,331;119,330;120,330;121,330;122,330;124,329;125,328;126,328;127,328;129,327;129,326;130,326;131,326;132,324;133,324;134,323;135,323;136,323;137,323;138,323;139,322;140,322;141,322;142,322;144,321;145,321;146,321;147,321;148,321;150,320;151,320;152,320;154,320;155,320;156,320;157,320;158,318;159,318;160,318;161,318;162,317;163,317;164,317;165,317;165,316;166,315;167,315;169,315;170,315;171,314;172,314;173,313;174,313;176,313;177,312;179,312;181,311;183,310;184,310;185,310;186,310;187,310;189,309;190,309;192,308;194,307;195,307;196,306;196,305;197,304;198,304;200,304;201,303;202,303;202,302;203,302;205,301;206,301;207,301;208,301;208,299;209,299;210,299;211,299;211,298;212,298;213,298;214,297;216,297;217,297;218,297;219,297;220,297;221,297;222,297;223,297;226,297;228,297;231,297;232,297;234,296;235,296;236,296;237,296;238,296;239,296;240,296;241,296;242,296;243,296;244,296;245,296;245,295;246,295;247,295;248,295;250,295;251,295;252,295;253,295;254,294;254,293;255,293;256,293;258,292;259,292;261,291;263,291;264,291;264,290;265,290;266,289;267,289;268,289;270,288;271,287;272,287;273,287;275,287;275,286;276,286;278,286;279,286;280,286;281,286;282,286;283,286;287,285;288,285;289,285;291,285;292,285;293,285;294,285;295,285;297,285;298,284;299,284;300,284;301,284;303,283;304,283;305,283;307,283;309,283;311,282;312,281;313,281;314,281;315,281;316,281;317,281;318,281;319,281;320,280;321,279;322,279;323,278;325,278;326,278;328,276;330,276;330,275;333,274;334,274;335,274;336,274;337,274;337,273;338,273;339,273;340,273;341,273;343,273;344,273;345,273;346,273;347,273;348,273;349,273;350,273;351,273;353,273;354,273;355,273;356,273;357,273;358,273;360,273;361,273;363,273;364,273;367,270;368,269;369,269;370,268;371,268;372,267;373,266;374,265;374,264;375,263;375,262;375,261;377,260;377,258;377,257;378,257;380,255;381,254;382,254;382,253;382,251;383,250;383,249;383,248;384,247;384,245;384,244;385,243;385,241;385,239;385,238;385,237;384,236;383,235;382,235;381,235;380,235;379,235;378,235;376,235;375,235;374,235;372,236;371,236;370,236;369,237;368,238;368,239;368,240;367,240;367,241;365,241;364,241;363,242;362,242;362,243;361,243;360,243;358,243;357,243;356,243;355,243;353,243;352,243;352,244;352,245;350,246;349,246;347,246;346,247;345,247;343,248;341,248;339,248;338,248;337,248;336,248;335,249;334,249;333,249;332,249;331,250;330,251;329,251;328,252;327,252;326,252;325,252;324,253;323,253;322,253;321,253;320,253;318,253;316,253;315,253;314,253;312,253;311,253;309,253;307,253;306,253;305,253;304,253;303,253;302,253;301,253;300,253;298,253;296,253;295,253;294,253;293,253;292,253;291,252;290,252;289,252;288,252;287,252;286,252;285,252;284,252;283,252;281,252;280,252;279,252;278,252;277,252;276,252;275,252;274,252;273,252;272,252;271,252;271,251;271,250;270,250;268,250;267,250;267,249;266,249;265,249;265,247;265,246;265,245;264,243;264,242;264,241;264,240;265,239;266,238;266,237;267,236;268,235;269,235;270,234;270,233;271,233;271,232;274,231;275,231;275,230;276,230;276,229;277,228;277,227;277,225;278,224;278,223;278,222;278,221;278,220;279,218;279,217;279,216;279,213;279,212;279,211;279,210;279,207;279,206;279,205;279,204;279,203;279,201;279,200;279,198;279,197;279,196;279,195;279,194;278,193;277,192;276,191;275,189;274,188;273,188;270,188;268,188;267,188;267,187;266,186;265,186;264,186;263,186;261,185;260,185;259,185;258,185;257,185;256,185;254,185;253,185;252,185;251,185;250,185;249,185;248,185;247,185;246,185;245,185;244,185;243,185;242,185;241,185;240,185;240,186;239,186;237,187;236,188;236,189;236,190;236,191;235,191;234,192;234,193;234,194;234,195;233,195;233,196;231,196;230,197;230,198;229,198;229,199;228,200;227,201;226,201;225,202;224,203;223,204;222,204;221,204;220,204;219,204;218,205;217,206;217,207;215,207;214,207;213,207;212,207;211,207;210,207;209,207;208,207;207,207;205,207;203,207;202,207;201,207;200,207;199,207;198,207;197,207;196,207;195,207;194,207;193,207;192,207;190,207;190,206;189,206;188,206;187,206;186,206;185,205;184,205;183,205;182,205;181,205;180,205;179,204;178,204;177,204;176,204;175,204;174,204;173,204;171,204;170,204;169,204;168,204;167,204;166,204;165,204;164,204;163,204;162,204;161,204;160,204;159,204;158,204;157,204;156,204;155,204;154,204;153,204;152,204;152,203;151,203;150,201;149,200;149,199;149,198;149,197;149,196;149,194;149,193;149,191;149,190;149,189;149,188;149,187;149,186;149,185;150,184;150,183;151,183;151,182;151,181;152,180;153,179;154,179;154,178;154,177;155,177;155,175;155,174;156,174;157,174;157,173;159,173;160,173;161,173;162,173;163,173;164,172;164,171;165,171;167,170;168,168;169,168;170,168;171,167;173,166;173,165;174,165;175,165;176,165;176,164;177,164;177,163;178,163;179,163;180,163;180,162;180,161;181,161;183,161;184,161;184,160;185,160;186,160;187,160;187,159;188,159;189,159;190,159;191,159;192,159;194,159;195,158;196,158;197,158;198,158;199,158;200,158;201,158;201,157;202,157;204,157;205,157;206,156;207,155;208,155;209,155;210,155;211,155;213,155;214,155;215,154;216,154;217,154;219,153;220,152;221,152;222,152;223,152;224,152;225,152;228,152;229,152;230,152;231,152;232,152;233,152;234,152;235,152;236,152;237,152;237,153;238,153;239,154;240,155;240,156;241,156;241,157;242,158;242,159;242,160;243,162;244,162;245,162;246,162;247,162;248,162;249,162;250,162;252,162;253,162;254,162;255,162;256,162;257,162;258,162;259,161;260,161;261,161;261,160;263,159;264,159;265,159;266,157;267,156;268,156;269,156;269,155;270,154;271,153;272,153;273,153;275,153;276,153;277,152;278,150;279,150;280,149;281,148;282,147;283,146;284,145;284,144;285,144;287,143;288,142;289,142;290,142;291,141;292,141;293,141;293,140;294,138;295,137;296,137;296,136;297,136;297,135;298,135;300,134;301,133;301,132;302,132;303,131;303,130;304,130;305,130;306,130;307,130;308,130;308,129;310,129;311,129;312,129;313,129;314,129;316,129;318,128;319,128;320,128;322,128;323,128;324,128;325,129;326,129;328,130;329,130;330,130;331,130;332,130;333,131;334,131;336,133;337,133;338,135;340,136;342,136;343,136;344,137;346,138;347,138;348,138;349,138;350,138;351,138;352,138;353,138;355,136;356,136;358,132;359,131;361,130;362,129;363,128;363,126;364,125;365,124;366,121;366,118;366,117;367,115;367,113;367,112;367,111;367,110;367,108;367,107;367,105;367,104;367,101;367,100;367,99;366,98;366,97;365,95;364,94;363,93;363,92;362,91;361,91;360,91;357,90;355,88;354,88;352,87;347,84;345,84;342,84;339,83;337,82;333,81;327,80;324,79;322,79;319,79;317,78;315,77;312,77;311,76;309,76;307,76;306,76;305,76;303,76;302,76;300,76;297,76;295,76;292,76;290,76;287,76;284,78;282,80;279,82;278,83;276,84;275,85;272,87;270,88;269,88;268,88;266,90;265,91;263,93;263,94;260,95;259,96;259,97;258,98;258,99;256,101;255,101;253,102;252,102;251,102;250,102;249,102;248,102;247,102;246,102;245,102;244,101;243,100;243,99;242,99;242,98;240,98;239,98;237,96;236,96;235,96;234,96;233,96;232,95;231,95;230,95;228,95;227,95;226,95;224,95;224,96;223,96;222,96;221,96;220,97;219,97;218,97;217,99;217,100;217,101;216,103;215,103;215,104;214,105;214,106;213,107;212,107;211,107;210,107;209,107;209,108;208,108;207,108;206,108;205,108;204,107;203,107;202,105;201,104;201,103;200,102;199,101;198,100;197,98;197,97;196,97;196,96;196,95;196,94;196,93;196,92;196,91;196,90;196,88;196,87;195,86;195,85;194,84;193,84;192,84;191,84;190,84;189,84;188,84;187,84;186,84;185,84;184,84;183,84;181,84;180,84;179,84;178,86;178,87;177,87;176,87;175,87;174,88;173,88;173,89;172,90;170,90;169,90;168,90;168,91;167,91;166,92;165,92;164,92;163,92;162,92;161,92;161,93;160,93;158,93;157,94;156,94;155,94;154,94;153,94;152,94;151,94;150,94;149,94;148,94;147,95;146,95;145,95;144,95;143,95;142,96;141,96;140,96;
Stroma, ICG; POLYGON; 255, 255, 255; 254,188;254,187;255,187;256,186;257,186;258,185;258,184;260,183;261,181;263,180;264,179;264,178;265,178;265,177;266,177;267,175;269,174;270,174;271,173;272,172;272,171;273,171;274,170;274,169;274,168;275,167;275,166;276,165;277,165;277,164;278,163;279,162;280,162;280,161;281,161;282,160;283,160;284,160;285,160;286,160;287,160;288,159;290,159;292,158;293,158;294,156;295,156;296,155;297,155;298,154;299,154;300,154;300,153;301,153;301,152;303,152;304,151;305,150;306,150;306,149;307,149;308,149;309,149;309,148;310,148;311,148;312,148;313,148;314,148;316,148;317,147;319,146;320,145;320,144;321,143;322,143;323,142;324,141;326,139;327,138;327,137;327,136;328,136;328,135;329,135;329,134;329,133;329,132;330,132;330,131;331,131;331,130;331,129;332,128;332,126;332,125;333,125;334,124;335,123;338,121;339,121;340,120;341,120;342,120;343,120;344,120;345,120;346,120;349,119;350,119;352,119;353,118;355,118;356,118;357,118;358,118;359,118;359,117;360,117;361,117;362,117;363,115;365,113;367,111;368,110;368,109;368,108;369,107;370,107;371,107;371,106;372,106;373,106;374,105;375,105;376,105;377,104;378,104;379,104;380,104;381,104;385,104;388,104;391,104;395,104;398,104;400,104;401,104;403,104;404,104;407,104;408,104;409,104;411,104;412,104;413,104;415,104;417,104;418,104;420,104;421,104;422,104;424,104;426,104;427,104;428,104;429,104;430,104;431,104;433,106;434,106;435,106;437,107;438,107;439,108;439,109;440,109;441,109;442,110;443,110;444,111;445,111;446,111;447,111;448,111;449,112;450,112;451,112;452,112;453,112;454,112;455,113;457,114;458,115;459,115;460,116;461,117;462,117;463,117;463,118;465,118;466,119;467,119;468,120;469,121;470,121;470,122;472,122;473,122;473,123;474,123;476,124;477,124;479,125;480,125;481,125;482,125;483,125;484,125;485,125;487,127;488,128;490,129;491,129;493,129;494,130;495,130;497,131;499,131;501,132;502,132;505,133;505,134;506,134;508,135;509,135;510,135;511,136;512,136;514,137;515,138;516,139;516,140;517,141;518,141;519,142;520,143;521,144;522,145;522,146;523,147;523,148;524,149;524,150;525,151;526,152;526,154;526,155;527,155;527,156;527,157;528,158;528,159;528,160;528,162;528,163;529,164;530,165;530,166;530,167;531,169;531,170;531,171;531,172;531,173;532,174;532,175;532,176;532,177;532,178;532,179;532,181;532,182;532,183;532,184;532,185;532,187;531,188;531,189;529,190;528,190;527,190;527,191;526,191;525,191;524,192;524,193;523,193;523,194;523,195;522,195;521,196;519,197;518,197;517,197;516,198;515,198;514,198;513,198;512,198;512,199;510,199;510,200;509,200;508,201;507,202;506,202;505,203;504,203;503,203;502,203;502,204;501,204;500,204;499,204;499,206;497,206;496,206;496,207;494,207;493,208;492,209;491,209;490,209;489,210;488,210;487,210;486,210;485,210;484,210;483,212;482,212;482,213;481,213;480,213;479,214;478,214;477,214;476,215;474,215;473,215;471,216;470,217;469,218;468,218;467,219;466,220;465,220;464,220;463,220;462,221;461,221;460,221;458,222;457,222;457,223;456,223;455,224;454,224;454,225;452,225;451,226;449,226;448,226;448,227;446,227;445,228;444,229;443,230;442,230;441,231;439,232;438,232;436,232;436,233;435,233;434,233;433,234;433,235;432,235;431,236;431,237;430,237;429,238;428,238;428,239;426,239;425,240;425,241;424,241;423,242;422,242;422,243;421,243;420,244;419,244;418,244;417,244;416,244;415,244;413,245;412,245;411,245;410,246;409,246;408,246;407,246;406,246;404,246;402,246;400,249;398,249;397,250;396,250;395,250;393,251;392,251;391,252;389,252;388,254;387,255;386,255;385,256;384,257;383,257;382,258;380,258;378,260;378,261;377,261;376,261;375,262;374,262;374,263;373,263;372,263;371,263;371,264;369,264;368,266;367,266;367,267;366,267;365,267;364,266;364,264;364,263;364,262;364,260;364,259;364,258;364,257;364,256;365,254;365,253;366,251;366,250;367,249;368,249;368,248;368,247;369,246;369,245;370,244;370,243;370,242;370,241;371,241;372,240;372,239;373,238;373,237;373,236;373,235;373,234;373,233;373,232;374,231;374,229;374,228;374,227;375,227;375,226;376,225;376,224;376,223;377,223;377,221;377,220;377,218;377,217;375,217;374,217;372,217;371,217;370,218;369,218;368,218;367,219;366,219;364,220;363,220;362,220;361,220;360,221;359,221;357,223;356,223;354,224;354,225;353,225;352,225;351,225;350,226;348,227;348,228;347,228;346,228;345,229;345,230;344,230;342,230;341,231;340,231;339,231;339,232;338,232;337,232;336,232;335,232;333,233;332,233;331,233;330,233;329,233;328,234;327,234;325,234;324,234;323,234;322,234;321,234;320,234;319,234;318,234;317,234;316,234;315,234;314,234;313,234;312,234;311,234;310,234;309,234;308,234;307,234;306,234;305,234;303,234;302,234;301,234;300,234;299,234;298,234;296,234;295,234;294,234;293,234;292,234;291,234;289,233;288,233;287,233;285,232;284,232;283,232;282,232;281,232;280,232;279,232;277,232;276,232;275,232;273,232;272,232;271,232;270,232;269,232;267,232;266,232;264,232;262,232;261,232;259,232;258,232;257,232;256,232;255,232;254,232;252,232;250,232;248,232;247,232;244,232;241,232;234,232;231,232;229,232;228,232;227,232;
Stroma, ICG; POLYGON; 255, 255, 255; 358,216;358,217;360,217;361,219;361,220;362,220;363,222;364,222;366,223;367,223;368,225;369,225;370,225;371,225;372,226;373,226;374,226;375,226;377,226;379,227;380,227;382,227;384,227;385,227;386,227;387,227;388,227;389,226;389,224;389,222;390,220;391,216;391,215;391,214;392,213;392,212;392,211;392,210;392,209;390,207;388,204;386,203;384,200;381,197;380,196;377,193;376,193;374,190;373,190;
Stroma, ICG; POLYGON; 255, 255, 255; 230,96;231,96;232,96;234,96;235,96;236,95;237,95;238,94;239,94;239,93;239,92;239,91;239,90;237,89;237,88;236,88;236,87;235,86;235,85;234,85;234,84;233,84;232,84;231,83;230,82;229,82;228,82;227,82;226,81;225,80;225,79;223,79;222,79;222,78;221,78;220,77;221,76;222,75;222,74;223,74;224,73;225,72;226,72;228,71;229,71;230,71;231,71;232,70;233,70;235,69;236,69;237,68;238,67;239,67;241,67;242,67;243,67;244,66;246,66;247,66;248,65;249,65;250,65;252,64;253,64;254,64;254,63;255,62;255,61;256,61;257,61;258,61;259,61;259,60;260,60;261,59;262,58;263,58;264,57;265,57;266,56;266,55;267,55;268,54;269,54;270,53;270,52;272,52;274,52;275,52;276,51;277,50;277,49;278,48;279,47;280,47;281,47;281,46;282,45;283,44;284,44;284,43;285,42;286,42;287,42;287,41;288,41;288,40;289,39;290,38;290,37;291,37;291,36;292,35;293,34;294,34;295,34;296,32;298,31;299,31;300,29;301,29;301,28;302,28;302,27;303,26;303,25;304,25;304,24;305,23;306,23;307,23;308,22;309,22;310,22;311,22;311,21;312,20;312,19;313,19;314,19;314,18;316,17;317,17;318,17;319,16;320,16;322,15;323,15;324,15;324,14;324,13;326,12;327,12;328,11;329,10;330,9;331,8;331,7;333,7;334,7;335,5;336,5;338,5;338,4;339,4;340,4;341,4;342,3;343,3;344,2;345,2;346,2;347,2;348,2;349,1;350,1;351,1;352,1;353,1;354,1;355,1;357,0;358,0;359,0;361,0;362,0;364,0;365,0;368,0;369,0;370,0;371,0;372,0;373,0;375,0;376,0;378,0;380,0;382,0;383,0;384,0;385,0;386,0;387,0;388,0;389,0;390,0;392,0;393,0;394,0;395,0;396,0;397,0;398,0;399,0;400,0;401,0;403,0;404,0;405,0;406,0;409,0;410,0;412,0;413,0;414,0;415,0;416,0;417,0;418,0;419,0;421,0;423,0;425,0;426,0;427,0;428,0;429,0;431,0;432,0;433,0;434,0;435,0;436,0;437,0;438,0;439,0;441,0;442,0;443,0;444,0;445,0;447,0;448,0;449,0;451,0;452,0;453,0;454,0;456,0;457,0;459,0;460,0;461,0;462,0;463,0;464,0;465,0;466,0;467,0;468,0;469,0;470,0;471,0;473,0;475,0;477,0;479,0;480,0;482,0;483,0;484,0;485,0;487,0;488,0;490,0;491,0;494,0;495,0;497,0;498,0;499,-1;500,-1;501,-1;502,-1;505,-1;507,-1;508,-1;509,-1;510,-1;511,-1;512,-1;513,-1;514,-1;515,-1;516,-1;517,-1;518,-1;519,-1;521,-1;522,-1;523,-1;524,-1;526,-1;527,-1;528,-1;529,-1;531,-1;532,-1;533,-1;534,-1;535,-1;536,-1;537,-1;538,-1;539,-1;540,-1;541,-1;542,-1;544,-1;545,-1;547,-1;550,-1;551,-1;553,-1;554,-1;556,-1;557,-1;558,-1;559,-1;561,-1;562,-1;564,-1;565,-1;566,-1;569,-1;571,-1;573,-1;574,-1;575,-1;576,-1;577,-1;578,-1;580,-1;581,-1;582,-1;583,-1;584,-1;585,-1;586,-1;587,-1;588,-1;589,-1;590,-1;592,-1;593,-1;595,-1;596,-1;598,-1;599,-1;601,-1;603,-1;604,-1;607,0;610,2;614,2;618,3;622,3;627,4;630,4;631,4;635,4;636,4;638,5;640,5;642,6;644,6;645,6;647,6;650,6;651,6;655,6;658,6;660,6;661,6;663,6;664,6;666,6;667,6;668,6;669,6;670,6;671,6;672,6;673,6;675,6;677,6;679,6;680,6;682,6;684,6;685,6;686,6;687,6;688,6;690,6;691,6;692,6;693,6;694,6;695,6;696,6;697,6;698,6;700,6;701,6;702,6;703,6;704,6;705,6;706,6;707,6;708,6;709,6;712,6;714,6;715,6;716,6;717,6;718,6;720,6;721,6;724,6;725,6;725,7;725,8;725,9;724,9;724,10;722,11;721,12;721,13;721,14;720,14;720,15;720,16;719,17;718,17;718,18;717,18;717,19;716,19;715,20;714,21;714,22;713,23;712,23;711,24;710,24;710,25;709,25;708,25;707,26;707,27;707,28;706,28;705,29;704,29;703,29;701,29;700,30;699,31;698,31;697,32;696,33;696,34;695,34;694,34;694,35;693,35;693,36;692,36;691,37;690,38;690,39;690,40;688,41;687,42;687,43;685,44;683,46;683,47;682,48;681,49;680,51;680,52;679,52;678,53;677,54;676,54;675,55;674,55;674,56;673,56;672,57;671,57;670,58;670,59;669,59;669,60;668,61;667,61;666,62;665,62;664,63;663,63;663,64;662,65;662,66;661,66;661,67;660,68;659,68;659,69;658,69;657,69;656,71;655,71;654,72;653,73;652,73;651,74;651,75;650,75;649,76;649,77;649,78;648,78;648,79;647,79;646,79;645,80;644,80;643,81;642,82;641,83;641,84;640,84;639,85;638,86;637,87;636,88;635,90;634,91;633,91;632,92;631,92;630,93;629,94;628,95;628,96;627,96;626,97;625,98;623,100;622,102;621,103;620,103;619,104;618,104;617,104;616,105;616,106;614,106;613,108;613,109;612,109;611,110;610,110;609,111;608,112;607,113;607,114;606,114;605,115;604,116;603,116;602,117;601,117;600,117;600,118;599,118;598,118;597,120;596,121;595,121;594,122;593,122;593,123;592,124;591,124;590,125;590,126;589,126;589,127;588,128;587,128;586,128;585,129;584,129;584,130;583,132;582,132;581,133;581,134;580,134;580,135;579,135;579,136;578,137;578,138;577,138;576,138;575,139;574,139;573,140;572,140;572,141;571,141;571,142;570,143;570,144;570,145;570,146;570,147;570,148;570,150;569,151;569,152;568,153;568,154;567,154;567,155;567,156;567,157;566,157;565,157;565,158;564,158;563,159;563,160;561,160;560,161;560,162;560,163;559,163;558,164;558,165;557,165;557,166;556,167;555,168;554,169;553,170;552,170;551,171;550,172;550,173;550,174;548,175;548,176;547,177;547,178;546,179;545,179;545,180;544,181;544,182;543,182;541,183;541,184;540,185;539,186;539,187;538,188;537,188;536,189;535,190;534,190;534,191;533,191;532,192;530,192;529,192;529,193;528,193;526,194;525,194;523,194;523,195;522,195;520,195;519,195;517,195;515,196;514,196;514,197;513,197;511,197;510,197;509,197;508,197;506,197;503,197;501,197;500,197;498,197;495,197;493,197;492,197;490,197;489,196;487,195;486,194;484,192;484,191;483,190;483,189;482,189;481,187;481,186;480,184;480,183;480,182;479,182;478,181;478,180;478,178;478,177;478,176;478,175;478,174;478,173;477,173;477,170;477,169;477,168;477,167;477,165;476,164;476,163;476,162;476,161;476,160;476,158;476,157;476,156;476,155;476,153;477,152;477,151;477,150;478,149;478,148;478,147;478,146;478,145;479,145;480,144;480,143;481,142;481,141;482,140;482,139;483,139;484,138;485,136;487,135;488,134;488,133;490,132;492,130;493,129;493,128;494,128;495,127;496,127;498,127;499,127;500,126;501,126;502,126;503,124;504,124;505,123;506,123;507,123;508,123;509,122;510,122;510,121;511,121;512,121;513,121;514,121;514,120;515,120;516,120;517,120;518,120;521,120;522,120;523,120;525,120;526,118;527,117;528,117;529,117;530,117;531,117;532,117;534,116;535,115;537,114;538,112;539,111;540,111;541,111;542,110;543,110;544,110;545,109;545,108;547,108;548,108;548,107;548,106;549,105;550,105;551,105;551,104;552,104;553,104;553,103;554,103;556,102;557,101;557,100;557,99;559,99;560,98;561,98;562,97;563,97;564,95;565,94;566,94;566,93;567,93;568,93;568,92;569,92;570,91;571,90;571,89;571,88;572,86;573,84;574,84;574,83;574,82;574,80;574,79;574,78;573,78;572,78;571,77;569,76;568,76;567,76;566,76;565,76;564,76;563,76;562,76;561,76;560,76;558,76;557,76;556,76;555,76;554,76;553,76;552,76;551,76;550,76;549,76;548,76;547,76;547,77;546,77;545,78;544,78;543,78;543,79;542,80;542,81;541,81;540,81;539,82;538,82;537,82;536,83;534,84;533,84;532,84;531,84;530,85;529,85;528,85;528,86;528,87;527,87;526,87;525,88;524,89;522,89;521,89;520,89;519,89;518,89;517,89;516,89;515,89;514,90;513,90;512,91;510,91;509,91;508,92;506,93;505,93;504,92;504,91;503,90;502,90;502,89;502,87;502,86;502,85;502,84;502,82;502,81;502,80;502,79;502,78;502,77;502,76;502,75;502,73;502,72;503,72;504,72;505,72;506,72;507,72;508,72;509,72;510,72;510,71;511,71;512,71;513,71;514,70;516,70;517,70;518,69;519,68;520,67;522,65;523,64;524,64;524,63;525,62;526,62;526,60;526,59;525,58;525,57;524,57;523,57;522,57;521,57;520,57;519,56;518,56;517,56;516,55;515,54;514,53;513,53;512,53;511,53;511,52;510,52;509,51;508,51;507,50;506,49;506,48;506,47;506,46;507,46;507,45;509,45;510,44;510,43;510,42;511,42;513,42;514,42;515,42;516,42;517,41;517,40;518,40;520,40;521,39;522,39;523,39;524,39;524,38;525,38;525,37;525,36;526,36;527,36;528,36;529,36;530,36;531,36;532,36;532,35;534,35;535,35;536,35;537,35;538,34;538,33;539,33;540,33;540,32;541,31;541,30;542,30;542,29;543,29;543,28;544,28;545,28;546,27;547,26;548,25;549,25;549,24;550,23;551,23;552,23;553,23;553,22;555,22;556,22;556,21;557,20;558,20;559,19;559,18;560,18;561,17;562,17;563,16;564,16;564,15;565,14;565,13;566,12;567,11;568,10;568,9;567,9;566,7;565,7;563,7;562,7;561,7;560,7;559,7;558,7;557,7;556,7;555,7;554,7;553,7;552,7;550,7;549,7;549,8;548,8;547,8;546,8;545,8;543,8;542,8;541,8;539,8;538,8;538,9;537,9;536,9;535,9;534,10;533,10;532,10;531,10;530,10;529,10;528,11;527,11;526,11;525,12;525,13;524,13;523,13;522,13;521,13;520,13;519,13;518,14;517,14;516,14;515,14;514,14;513,14;512,15;511,15;510,15;509,15;508,15;506,15;505,15;504,15;503,16;502,16;501,16;500,16;499,16;498,16;497,16;497,17;495,17;494,17;493,18;491,19;490,19;488,20;487,21;486,21;484,22;483,22;482,23;481,24;480,25;479,26;478,26;477,26;477,27;476,27;475,27;474,28;473,28;472,28;471,28;470,28;469,28;468,28;466,30;464,30;463,31;462,31;461,31;460,31;459,31;457,31;457,32;456,33;455,33;454,33;453,33;452,33;451,33;450,33;449,33;448,33;447,33;446,33;445,33;444,33;443,33;442,33;441,33;440,33;439,33;438,32;436,31;435,31;435,30;435,29;434,29;432,28;431,28;430,28;429,28;428,28;427,27;426,27;425,27;424,27;422,27;421,27;420,27;419,27;418,27;417,27;415,27;414,27;413,27;412,27;411,27;410,27;409,27;408,27;407,27;406,27;405,27;403,27;402,27;401,27;400,27;399,27;398,27;396,27;395,27;394,27;393,28;392,28;391,28;390,28;389,30;388,30;387,31;385,31;384,31;383,31;382,31;382,32;381,32;381,33;380,33;378,34;377,34;376,34;375,36;374,36;373,37;372,37;371,37;369,38;368,38;367,39;366,40;365,40;364,40;363,41;363,42;363,43;362,43;361,44;360,44;359,46;358,47;359,47;360,47;361,48;361,49;362,50;363,51;363,52;364,52;366,53;366,54;367,54;368,54;369,55;370,55;371,55;373,55;374,55;375,56;376,56;377,56;378,56;379,56;380,56;381,56;382,57;384,57;385,58;386,58;388,59;388,60;389,61;389,62;390,62;390,63;390,64;391,64;392,65;393,66;394,67;395,67;396,67;397,68;399,69;400,69;401,70;402,70;405,70;406,72;407,72;408,72;409,72;409,73;410,73;411,74;412,75;412,76;414,77;414,78;415,78;415,79;416,79;416,80;417,81;418,83;418,84;419,85;420,86;422,87;425,88;427,89;428,90;429,90;430,91;431,91;431,92;432,93;433,94;433,95;434,96;434,97;434,98;436,100;436,102;437,103;437,104;437,105;437,106;437,109;437,110;437,111;437,112;437,113;437,115;437,116;437,117;437,118;437,119;437,120;437,121;437,122;437,123;437,125;435,127;435,128;434,128;434,129;433,129;432,130;431,131;431,132;431,133;431,134;430,134;429,135;428,137;427,137;427,138;426,138;424,140;423,140;421,140;419,141;418,141;416,142;414,142;413,142;412,142;411,142;409,142;408,142;406,142;405,142;403,142;401,142;399,142;398,142;396,142;395,142;394,141;393,141;391,139;389,139;388,138;385,136;384,136;382,135;381,134;380,134;378,133;377,132;375,131;374,131;374,130;372,130;371,130;370,130;370,129;369,129;368,129;367,129;364,127;364,126;361,125;360,125;357,124;356,124;355,123;354,123;351,121;349,121;348,120;347,120;344,120;343,119;342,119;341,119;340,119;339,119;338,119;337,118;336,118;332,118;330,118;326,118;324,118;321,118;318,118;316,118;315,118;313,118;311,118;310,118;308,118;307,118;306,118;305,118;304,118;303,118;301,118;299,118;296,120;294,120;293,120;289,123;285,123;284,123;281,123;279,125;278,125;275,125;272,125;268,127;265,127;264,128;263,128;261,129;260,129;259,129;258,130;256,130;255,130;254,131;253,131;252,131;247,131;246,131;244,131;242,131;240,131;239,131;238,131;235,131;232,131;231,131;230,131;229,131;228,131;227,131;226,131;224,131;223,131;222,131;221,131;220,131;219,131;219,130;217,128;217,127;217,125;217,123;217,122;217,121;217,120;217,119;217,118;217,117;217,116;218,115;218,114;219,113;219,112;219,111;220,110;220,108;221,107;222,106;222,105;222,104;222,103;223,102;223,101;223,100;225,98;226,97;
Stroma, ICG; POLYGON; 255, 255, 255; 65,368;64,369;63,370;62,370;62,371;61,372;61,373;61,374;61,375;60,375;60,376;60,377;60,378;60,379;60,380;59,381;59,382;58,383;57,383;57,384;55,386;55,387;54,387;54,388;52,390;51,390;51,391;51,392;51,393;49,394;49,395;48,396;47,397;47,398;46,399;46,400;45,401;45,402;45,403;44,403;44,404;43,406;42,406;42,407;41,407;39,409;39,410;38,410;37,412;36,413;35,413;34,413;33,413;33,414;31,414;30,415;29,415;28,415;27,415;26,415;25,415;24,415;23,415;22,415;21,415;20,415;19,415;16,415;15,415;13,415;11,415;9,415;8,415;7,415;5,415;4,415;3,415;3,414;2,413;2,412;2,411;2,410;2,409;2,408;2,406;2,405;3,403;3,402;3,400;3,399;4,397;5,396;6,396;6,395;7,394;7,393;7,392;7,391;8,390;8,389;8,388;8,387;8,386;9,385;9,384;9,383;10,382;10,381;11,380;11,379;11,378;11,377;11,375;11,374;12,374;12,373;12,372;12,371;12,370;12,369;12,368;13,367;13,366;14,364;14,363;14,362;15,361;16,359;17,358;17,357;17,356;18,355;18,354;19,352;20,351;20,350;20,349;21,347;22,346;22,345;22,344;22,343;23,341;23,340;23,339;23,337;23,336;25,334;25,332;25,331;25,330;25,329;25,328;25,327;26,327;26,326;27,324;28,324;28,323;28,321;29,320;30,319;30,317;31,316;33,314;34,313;35,311;36,309;38,306;39,304;40,303;41,301;42,298;44,295;46,293;47,293;48,291;49,290;52,289;56,288;57,286;60,285;61,284;62,283;63,283;67,281;69,281;71,280;74,279;79,278;80,276;83,276;85,275;86,273;89,271;91,270;92,270;93,270;96,269;99,269;105,268;107,267;107,266;108,266;109,267;111,268;
Stroma, ICG; POLYGON; 255, 255, 255; 693,232;691,231;691,230;690,230;690,229;690,228;690,226;690,225;690,224;690,223;690,222;690,221;690,219;690,218;691,218;691,217;692,216;693,216;693,215;694,215;694,214;694,213;696,212;697,212;698,212;698,211;699,211;700,210;701,209;702,209;703,209;703,208;703,207;704,206;705,205;706,204;707,203;708,202;709,202;709,200;710,199;710,198;710,197;711,196;712,196;712,195;713,194;714,193;715,193;716,192;716,191;717,191;718,191;718,190;719,190;720,190;722,189;723,189;725,187;726,187;727,187;728,186;729,185;730,185;731,185;731,184;732,184;733,184;733,183;734,183;735,183;737,181;738,181;738,180;740,179;740,178;741,178;743,178;744,177;745,177;745,176;746,176;747,176;749,176;750,176;751,176;752,176;753,175;754,174;756,173;757,173;758,173;759,172;760,172;762,172;764,171;764,170;765,170;765,168;767,167;768,167;769,167;770,166;771,166;771,165;773,165;774,165;774,164;775,164;776,162;776,161;777,161;778,160;779,160;780,160;780,159;781,158;782,158;783,157;784,156;785,155;786,155;787,155;788,154;789,153;790,152;791,151;792,150;794,149;794,148;795,147;797,146;797,145;797,144;798,144;799,142;800,140;801,139;802,137;802,136;803,135;803,134;804,131;805,130;806,129;807,128;809,127;809,126;810,126;810,125;811,123;811,122;812,121;813,121;814,120;814,119;814,118;815,117;816,116;816,115;817,115;817,114;818,114;818,113;819,113;820,113;820,111;820,110;821,109;822,108;822,107;822,106;823,104;823,103;823,102;824,102;825,101;825,99;826,99;826,98;826,97;827,96;828,95;828,93;828,92;828,91;829,90;829,89;830,89;830,87;831,86;831,84;832,83;834,81;836,77;837,77;837,76;838,76;839,75;840,74;840,73;842,72;843,71;845,71;846,71;846,70;847,70;848,70;849,70;851,70;853,70;854,70;855,70;856,70;857,70;859,71;859,72;860,72;864,74;865,75;867,77;870,78;871,79;872,79;874,80;875,81;876,82;878,82;879,83;880,83;881,84;882,85;884,86;885,87;886,88;887,88;888,88;888,89;890,89;891,90;892,91;892,92;893,92;893,93;894,94;895,95;896,95;896,97;896,98;896,99;896,100;897,101;897,102;898,102;898,104;899,105;900,105;900,106;901,107;902,108;903,109;903,110;903,111;904,111;904,112;905,113;905,114;906,114;907,114;908,115;908,116;908,117;910,117;911,117;912,118;913,118;914,118;914,119;915,119;916,119;917,119;918,119;919,120;920,120;921,120;922,120;923,120;924,120;925,121;927,121;927,122;928,122;929,122;930,122;930,123;931,123;933,124;935,125;936,125;936,126;937,126;938,126;939,126;940,126;940,127;940,128;941,128;941,129;940,130;939,131;938,131;937,131;936,131;935,131;935,132;932,133;931,134;929,134;928,134;927,136;926,136;926,137;926,138;926,139;926,140;925,141;925,142;925,143;925,144;925,146;925,147;926,148;926,149;927,150;927,151;927,152;927,153;928,153;928,154;929,155;931,157;932,158;932,159;932,160;933,160;933,161;934,161;935,161;936,161;937,161;937,163;938,163;939,163;940,162;941,161;942,161;943,160;944,159;944,158;944,157;945,156;945,155;945,154;946,153;947,151;947,150;948,149;949,148;950,147;951,146;952,145;953,144;954,144;954,143;955,143;956,143;957,143;958,143;959,143;960,143;961,143;964,143;965,143;968,143;971,143;975,144;978,146;980,146;981,147;982,147;983,148;983,149;984,149;988,152;989,153;990,154;992,156;994,158;994,159;995,160;995,161;995,162;996,163;996,164;996,167;997,168;997,169;997,171;997,172;997,173;997,175;997,177;997,178;997,180;997,181;997,183;997,184;997,185;997,186;997,187;997,188;999,190;999,191;999,192;999,194;999,196;1000,197;1000,198;1000,200;1000,202;1000,204;1001,206;1001,207;1002,209;1002,210;1002,212;1002,214;1002,216;1002,219;1002,221;1003,224;1004,225;1005,227;1005,229;1005,230;1005,231;1005,232;1005,233;1005,235;1005,237;1005,238;1005,239;1005,240;1005,241;1005,243;1005,244;1005,245;1005,246;1005,248;1005,249;1005,250;1005,251;1005,254;1006,254;1006,257;1006,258;1007,260;1007,261;1008,262;1008,263;1008,264;1008,265;1008,266;1009,266;1009,267;1010,268;1010,269;1010,270;1010,272;1010,273;1010,274;1011,275;1011,276;1012,278;1013,279;1013,280;1013,281;1013,282;1013,283;1013,285;1013,286;1013,288;1013,289;1012,289;1012,290;1011,290;1010,290;1010,292;1010,293;1009,294;1008,294;1008,295;1007,296;1007,298;1007,299;1006,299;1005,301;1005,302;1004,304;1004,305;1004,306;1004,307;1003,308;1003,309;1003,310;1003,311;1003,312;1003,313;1003,314;1003,315;1003,317;1003,318;1003,319;1003,320;1003,321;1003,322;1003,324;1003,325;1003,326;1004,327;1004,328;1004,329;1004,331;1004,332;1005,332;1006,333;1007,334;1007,335;1008,336;1008,337;1008,338;1009,338;1009,339;1009,340;1009,341;1009,343;1010,345;1010,347;1010,348;1010,349;1010,350;1010,352;1010,354;1008,357;1007,357;1006,360;1005,362;1003,363;1003,364;1002,366;1001,367;1001,368;1001,369;1000,369;998,369;998,370;997,370;995,372;995,373;993,373;992,373;991,373;990,374;989,374;988,374;987,374;985,374;984,374;983,374;982,374;981,374;980,374;978,374;975,374;974,374;972,373;971,373;969,373;969,372;968,372;966,372;964,370;963,369;961,369;960,368;959,368;959,367;959,366;957,366;956,366;955,365;954,365;953,364;952,364;951,364;951,363;950,363;950,362;948,360;947,359;947,358;946,358;946,357;945,356;944,355;943,353;942,353;942,352;940,351;940,350;939,349;939,348;938,347;937,346;936,345;936,344;934,344;933,343;932,342;931,341;930,341;930,340;929,340;928,340;927,339;926,339;925,338;924,338;923,338;922,337;922,336;920,336;919,336;917,336;916,336;916,335;915,335;914,335;914,334;913,334;912,333;911,333;910,333;909,333;909,332;907,332;906,331;905,330;904,330;903,330;901,329;900,328;899,328;898,328;896,328;895,327;894,327;894,326;893,326;892,325;892,324;891,324;890,324;889,324;888,324;887,323;884,322;882,322;880,320;879,320;878,320;877,320;876,320;875,320;873,319;871,318;870,318;869,317;868,317;867,317;866,316;865,316;864,316;863,316;862,315;860,315;859,315;859,314;858,314;856,312;856,311;855,311;854,311;853,311;852,310;851,310;850,310;848,310;847,310;846,310;845,310;844,309;844,308;843,308;842,308;841,308;841,307;840,307;839,306;838,305;836,305;835,304;833,304;833,303;832,302;831,302;830,302;830,301;829,300;829,299;829,298;829,297;829,296;829,295;829,294;829,293;829,292;829,291;829,290;829,289;829,288;829,287;829,286;829,285;828,283;828,282;827,281;826,280;825,279;824,278;823,277;821,275;820,274;819,274;818,274;817,273;816,272;815,272;814,272;814,270;813,270;812,270;812,269;811,269;811,268;810,268;809,268;808,267;807,267;806,267;805,266;804,265;804,264;802,264;801,264;800,264;800,263;799,263;798,263;797,263;796,262;795,262;794,262;794,261;793,260;792,260;791,259;790,259;790,258;788,258;787,257;786,257;785,257;784,256;783,256;782,256;780,256;779,256;778,256;777,256;776,256;775,256;774,256;774,255;773,255;772,255;771,255;770,255;769,254;768,254;767,254;766,254;766,253;765,253;764,252;763,252;762,252;761,252;758,252;757,252;756,252;755,252;754,252;753,252;752,252;751,252;750,252;748,252;747,252;746,252;745,252;744,252;743,252;741,252;740,252;738,252;737,252;736,252;735,252;734,252;733,252;732,252;731,252;729,252;728,252;726,252;725,252;724,252;723,251;722,251;721,251;720,251;719,251;718,251;718,250;717,250;716,250;716,248;714,247;713,247;712,247;711,246;711,245;710,245;709,245;708,244;707,242;707,241;706,241;705,240;703,239;702,239;702,238;701,238;701,236;700,235;699,235;698,235;696,235;695,235;692,234;690,233;688,233;
Stroma, ICG; POLYGON; 255, 255, 255; 575,130;575,131;576,132;577,133;578,133;578,134;579,134;579,135;580,135;580,136;580,137;580,138;580,139;580,140;580,141;579,141;579,142;577,142;576,144;576,145;575,145;575,146;574,147;573,147;572,148;570,149;570,150;569,150;567,151;566,151;564,153;563,155;562,156;561,157;560,157;559,157;558,157;557,157;555,157;554,157;553,157;552,157;551,157;549,157;548,156;546,155;546,154;545,154;544,154;543,154;542,155;
Stroma, ICG; POLYGON; 255, 255, 255; 58,464;58,465;58,466;59,467;59,468;60,469;61,470;62,470;63,471;64,473;66,475;67,476;67,477;68,478;69,479;69,480;70,481;70,482;71,482;71,483;72,483;72,485;73,486;74,487;74,488;75,489;76,489;76,491;76,492;77,493;77,494;78,494;78,495;79,496;79,497;79,498;79,499;79,501;79,502;80,502;80,503;81,504;81,505;82,505;84,506;85,506;86,506;87,507;88,507;90,508;91,509;92,509;93,510;94,510;95,510;96,510;97,510;98,510;99,510;100,510;101,510;103,510;104,510;105,510;106,510;108,510;110,510;111,510;112,510;113,510;114,510;116,510;117,510;117,511;118,511;119,511;120,512;121,512;122,512;123,512;125,513;126,513;127,513;128,513;128,514;129,514;130,515;130,516;130,517;131,517;132,518;132,519;133,519;135,520;136,520;137,520;138,520;139,521;140,521;141,521;142,522;142,523;143,523;144,523;145,523;146,523;147,523;148,523;149,523;150,523;151,523;151,524;152,524;153,524;154,524;155,524;156,524;157,524;159,524;160,524;161,524;162,525;163,525;164,526;164,527;165,527;166,527;167,529;169,529;171,530;172,530;173,531;174,531;175,531;176,531;177,531;178,531;179,531;180,531;181,531;182,532;184,532;185,532;185,533;186,533;187,533;188,535;188,536;189,536;190,536;191,537;191,538;192,538;193,538;194,539;195,539;196,541;197,541;198,542;200,543;200,544;201,544;201,545;202,546;203,547;204,547;205,547;206,547;206,548;207,549;209,549;210,550;211,550;212,551;213,552;213,553;214,554;215,555;215,556;216,557;216,559;216,560;217,561;217,562;219,563;220,564;220,565;221,567;221,568;222,568;223,569;223,570;224,571;226,573;227,574;228,574;229,574;230,574;231,574;231,575;232,575;233,575;234,575;234,576;235,577;236,578;237,578;238,578;239,578;240,578;241,578;242,578;243,578;244,578;245,578;246,578;247,577;248,577;249,576;250,575;251,575;252,574;254,572;255,571;256,571;257,570;257,569;258,568;260,566;260,565;261,565;262,564;264,563;265,562;266,562;267,562;267,560;268,559;269,558;270,557;271,557;272,557;273,557;274,556;274,555;276,554;276,553;279,552;279,551;280,551;282,550;283,549;285,548;286,546;288,546;289,544;290,544;290,543;291,542;292,540;292,539;294,537;294,536;294,535;294,533;294,532;295,531;295,529;295,528;296,526;296,525;296,524;296,523;296,522;296,519;296,518;296,517;296,516;296,515;296,514;296,513;296,512;296,511;296,510;296,509;296,508;296,507;296,506;296,505;296,504;296,502;296,501;296,500;296,499;295,499;295,498;295,497;294,495;294,494;293,494;293,493;291,492;291,491;290,491;290,490;288,489;287,489;286,488;285,488;285,487;284,487;283,487;282,487;281,486;280,486;279,485;278,485;277,485;277,484;276,484;275,483;274,483;273,483;272,483;271,483;271,482;270,482;268,482;267,482;266,482;265,482;264,482;263,482;262,482;261,482;260,482;258,482;257,482;256,482;254,482;253,482;252,481;251,481;250,481;249,481;248,481;247,481;246,481;245,481;243,481;242,481;241,481;240,481;239,481;238,480;237,480;236,479;235,478;234,477;233,477;233,476;232,476;232,475;231,475;230,474;229,472;229,471;229,470;229,469;228,468;228,467;228,466;228,465;228,464;228,463;228,462;228,461;228,459;228,458;228,457;228,456;228,455;228,454;228,453;227,453;227,452;227,451;227,450;227,448;226,447;226,446;226,445;226,444;225,444;224,442;224,441;223,441;221,440;221,439;220,439;219,439;219,438;218,438;217,438;217,437;216,437;214,437;213,437;212,437;211,437;210,437;209,437;208,437;207,437;205,438;204,438;203,438;201,438;201,439;200,440;200,441;198,441;198,442;197,442;196,443;195,443;194,443;194,444;193,444;193,445;192,445;191,446;190,447;189,447;188,448;187,448;186,448;185,448;184,448;182,449;181,449;180,449;179,449;177,450;176,450;174,450;173,450;172,450;171,450;170,450;169,450;166,450;165,450;164,450;163,450;162,450;160,450;159,450;158,450;157,450;156,450;155,450;154,450;153,450;152,450;150,450;149,450;148,450;147,450;146,450;145,450;144,451;143,452;142,452;142,453;141,453;139,453;138,454;137,454;136,455;135,455;134,456;133,456;132,456;131,456;131,457;131,458;130,459;129,459;129,460;126,460;125,460;124,460;124,461;123,461;122,461;121,461;120,462;119,462;118,462;117,462;115,462;114,462;113,463;112,463;111,463;110,463;109,463;108,463;107,463;106,463;105,463;104,463;102,464;101,464;100,464;99,464;98,464;97,464;95,464;94,464;93,464;92,464;91,464;90,464;89,464;88,464;87,464;85,464;84,464;83,464;82,464;81,464;80,464;79,464;78,464;77,464;76,464;75,464;74,464;73,464;72,464;71,464;70,464;69,464;68,464;66,464;65,464;64,463;63,463;62,463;61,463;59,463;58,463;58,462;
Stroma, ICG; POLYGON; 255, 255, 255; 102,507;103,507;104,507;105,507;106,507;107,507;110,507;113,507;115,507;117,507;118,508;119,508;120,508;120,509;121,509;123,509;123,510;124,510;125,510;126,511;127,511;128,513;129,513;130,513;132,513;132,514;133,514;134,514;134,515;135,516;136,516;137,516;138,517;139,517;140,517;142,519;143,519;145,520;147,521;148,521;149,522;150,522;151,522;152,523;153,524;154,525;154,526;156,526;157,526;158,527;159,527;160,528;161,529;162,530;163,530;164,530;165,530;165,531;166,531;166,532;167,532;169,532;170,532;171,532;171,533;173,533;174,533;176,534;180,535;181,535;182,536;183,537;184,537;185,537;185,538;186,538;188,539;188,540;189,540;191,541;192,541;193,541;194,542;194,543;195,543;195,544;197,544;198,545;198,546;199,546;200,548;201,548;203,549;205,550;205,551;206,551;207,551;208,552;209,553;210,553;211,553;212,554;213,555;214,555;215,555;216,556;217,556;218,556;219,556;220,556;221,556;222,556;224,556;225,556;226,556;228,553;229,552;229,551;229,549;229,545;229,542;229,539;229,537;229,534;229,533;229,532;229,530;229,528;229,526;229,524;227,521;225,519;223,517;219,512;216,510;214,508;211,506;208,504;204,500;199,499;195,495;190,492;187,490;185,489;182,489;
Artery, ICG; POLYGON; 34, 177, 76; 240,585;241,585;241,583;242,583;243,583;244,583;247,582;249,582;252,582;254,582;254,581;256,581;257,581;259,581;260,581;261,580;263,580;264,580;265,580;266,580;267,580;268,580;269,579;271,579;272,579;273,579;274,579;275,578;276,578;277,578;278,578;279,578;280,577;281,577;282,577;283,576;284,576;285,576;287,576;289,576;290,576;293,576;294,576;296,576;297,576;298,576;299,576;300,576;302,576;304,577;306,578;306,579;306,580;306,581;306,583;306,585;306,586;306,588;306,590;306,591;306,593;306,595;306,596;306,597;306,598;305,599;303,601;303,602;301,603;301,604;299,606;299,607;298,607;297,609;297,611;
Artery, ICG; POLYGON; 34, 177, 76; 329,602;330,602;331,602;332,603;332,604;332,605;333,605;333,606;334,607;334,608;334,610;334,611;335,612;336,612;336,613;337,613;337,614;338,615;339,615;340,616;341,617;342,618;343,619;344,620;344,621;344,623;345,624;346,625;346,627;346,628;346,629;346,630;347,631;347,633;347,634;347,635;347,636;347,637;348,637;348,638;349,640;349,641;350,642;350,643;350,644;350,646;351,647;351,648;351,649;352,651;352,652;352,653;352,654;352,655;352,656;352,658;352,659;352,660;352,662;352,665;352,666;352,667;352,669;352,670;351,671;351,672;349,672;349,673;348,673;347,675;346,676;345,677;344,678;343,678;343,679;342,679;341,681;340,681;339,681;338,681;
Artery, ICG; POLYGON; 34, 177, 76; 343,665;344,664;344,663;345,663;346,663;348,663;350,664;351,664;352,664;353,665;354,665;354,666;355,667;356,668;357,669;357,670;357,671;358,671;359,672;360,674;361,675;362,676;363,676;364,676;365,676;366,677;367,677;368,677;369,677;370,678;371,679;372,680;373,680;374,680;375,681;375,682;376,682;377,682;378,682;379,683;380,683;381,684;382,685;382,686;383,686;383,687;384,688;385,689;386,690;388,693;390,695;392,696;393,697;394,697;395,699;397,700;398,701;400,701;400,702;402,702;402,703;403,705;403,706;403,707;405,709;405,711;405,714;405,715;405,716;405,717;405,718;405,719;405,720;405,721;405,722;405,723;405,725;403,726;401,728;399,728;398,728;395,728;395,729;392,729;391,729;388,729;385,729;383,729;380,729;376,727;373,726;371,725;367,724;362,723;362,722;361,722;360,721;360,720;
Artery, ICG; POLYGON; 34, 177, 76; 112,626;111,626;111,627;111,628;111,629;111,630;111,632;112,634;113,635;114,637;115,637;115,638;117,639;120,642;121,643;121,644;122,644;123,645;124,645;125,647;125,648;126,648;127,648;127,649;128,649;129,650;129,651;130,651;131,651;132,653;133,653;134,653;134,654;135,654;137,655;138,655;140,656;141,656;143,656;144,656;145,656;146,657;147,658;149,659;150,660;150,661;151,662;152,662;153,662;154,664;156,666;157,666;158,666;159,666;160,667;162,667;162,668;163,668;164,668;165,670;166,672;167,672;169,672;171,674;172,674;173,675;174,676;174,677;175,677;176,678;177,678;179,679;180,679;181,679;181,680;182,681;184,682;184,683;185,684;186,684;187,684;188,685;189,686;190,686;191,686;191,687;192,688;192,689;193,690;194,690;194,691;195,691;196,691;197,691;198,692;199,693;201,695;201,696;202,696;203,696;204,696;204,697;205,697;206,697;207,698;208,699;209,700;210,701;211,701;212,701;213,702;215,703;217,704;219,704;219,705;221,705;222,705;223,705;223,707;225,707;226,707;226,708;227,708;227,709;228,710;228,711;229,713;230,714;232,715;233,716;234,717;236,718;236,719;237,719;238,720;239,720;239,721;240,721;241,722;242,722;244,722;245,722;246,722;247,722;249,722;250,722;253,722;254,722;257,722;260,721;263,719;265,716;267,715;268,713;270,710;270,709;270,707;270,703;270,700;270,699;270,695;270,693;270,691;270,690;270,689;269,686;268,685;267,683;266,683;265,682;264,681;263,680;261,679;258,678;257,677;256,676;254,676;252,676;252,675;249,674;248,674;246,672;243,672;241,672;239,671;236,670;235,670;234,669;233,669;231,668;230,667;229,667;228,666;227,665;226,665;225,665;224,665;223,664;222,664;221,663;220,663;219,663;217,661;215,660;213,659;213,658;211,657;210,657;207,654;205,654;204,653;202,652;201,652;199,651;197,650;195,648;194,647;191,646;190,645;189,645;187,644;186,642;184,641;183,640;180,639;179,639;178,638;178,637;176,636;175,635;174,634;172,633;171,632;166,628;165,627;163,627;161,625;160,624;159,623;157,622;156,622;155,622;154,622;153,622;
Artery, ICG; POLYGON; 34, 177, 76; 207,651;208,651;209,649;211,648;213,648;214,648;215,647;216,646;216,645;217,645;218,645;219,644;220,644;221,644;222,644;224,644;226,644;227,644;228,644;229,644;230,644;231,645;232,645;232,646;233,646;234,648;234,650;237,652;237,656;239,659;240,661;240,662;240,663;241,665;242,667;242,669;
Artery, ICG; POLYGON; 34, 177, 76; 465,879;466,880;467,880;468,881;470,881;471,881;473,882;474,882;475,883;477,884;478,884;478,885;479,885;480,885;482,885;483,885;483,886;484,886;485,886;486,886;487,886;489,887;492,887;493,888;494,888;495,889;495,890;496,890;497,890;497,891;498,891;499,891;500,891;501,892;502,892;503,892;504,892;504,893;505,894;507,895;508,895;510,895;511,896;513,897;514,898;515,899;516,899;517,900;519,901;520,902;521,902;522,902;523,902;524,902;525,902;526,903;527,903;530,904;531,904;533,904;534,904;536,905;537,905;538,905;539,905;540,906;541,906;542,907;542,908;543,908;544,909;546,910;547,910;548,910;549,910;551,911;552,912;553,912;554,912;555,912;555,913;557,913;557,914;559,914;560,915;561,915;563,916;564,916;565,916;566,917;567,917;568,919;569,919;570,920;572,921;572,922;573,922;574,922;575,923;576,923;578,925;579,925;581,925;583,926;585,927;586,927;587,927;588,927;589,927;590,927;591,927;592,927;594,927;595,927;597,927;599,927;600,927;601,928;602,928;603,928;606,928;607,928;609,928;610,928;611,928;612,928;614,928;615,927;616,927;619,924;620,923;622,922;624,920;625,919;626,918;627,917;629,916;629,915;629,912;630,910;630,908;630,904;630,902;630,900;630,898;628,895;628,891;626,888;625,887;624,885;623,883;623,882;622,881;621,881;621,880;620,879;619,879;618,878;617,878;
Artery, ICG; POLYGON; 34, 177, 76; 658,839;659,839;660,839;662,839;663,839;664,839;665,839;666,839;667,839;669,839;670,839;671,839;672,839;673,839;674,839;675,839;676,839;678,839;680,841;681,843;683,846;683,848;686,848;686,849;687,850;689,852;690,853;691,854;692,855;693,855;694,855;695,856;696,856;
Artery, ICG; POLYGON; 34, 177, 76; 381,748;380,748;379,748;378,748;377,748;376,748;375,748;374,748;373,748;371,748;370,748;369,748;369,747;368,747;368,746;367,745;367,744;366,744;365,742;364,741;363,740;363,739;362,739;361,739;361,738;360,738;359,738;359,737;358,736;358,735;357,735;357,734;356,733;355,732;354,732;354,731;353,731;353,729;352,728;351,728;351,727;350,727;350,726;350,725;349,725;349,723;349,722;349,721;349,720;350,719;351,719;352,718;353,717;353,716;354,716;355,715;357,715;358,715;361,715;363,714;364,714;365,714;366,714;367,714;368,714;369,714;370,714;
Artery, ICG; POLYGON; 34, 177, 76; 300,579;301,578;302,577;302,576;305,575;306,575;307,574;308,574;309,573;310,573;311,572;312,570;313,570;314,570;316,570;317,569;318,569;319,569;320,569;321,569;322,569;323,569;324,569;325,569;327,569;328,569;329,569;330,569;331,569;332,569;333,569;334,569;335,569;336,569;337,569;339,569;341,569;342,569;343,569;344,569;345,570;346,570;347,570;347,571;348,572;348,573;348,574;348,575;348,576;348,577;348,578;348,579;348,580;348,581;348,582;348,583;349,586;350,587;351,587;353,589;355,589;
Artery, ICG; POLYGON; 34, 177, 76; 336,621;337,621;337,620;337,619;337,618;337,616;337,615;337,614;338,613;338,612;339,611;339,609;341,607;342,606;343,605;344,604;345,603;345,602;346,601;347,600;347,599;347,598;347,596;347,595;347,594;347,593;346,591;345,591;345,590;344,590;343,590;342,590;341,590;340,590;339,590;337,590;336,590;334,590;331,591;329,591;328,593;325,593;323,594;322,594;321,595;320,597;320,598;318,600;318,601;
Stroma, ICG; POLYGON; 255, 255, 255; 235,571;235,572;235,573;235,574;235,575;235,576;235,577;236,577;236,578;237,578;239,579;240,580;240,581;242,581;243,581;244,581;245,582;247,583;249,583;250,583;251,583;252,583;253,584;254,584;255,584;256,584;257,584;259,584;260,584;261,584;262,583;263,583;264,583;265,582;266,582;267,581;268,581;269,581;270,581;271,580;272,580;273,579;274,579;275,578;276,578;277,577;278,577;279,577;280,577;281,577;282,577;283,577;284,577;285,577;286,577;287,577;288,577;289,577;290,577;292,577;293,577;294,577;296,577;297,577;298,577;299,577;300,577;301,575;302,575;302,574;303,574;304,574;305,573;308,573;309,572;310,572;311,571;312,571;313,571;314,571;315,571;316,571;317,571;318,571;319,571;320,571;321,571;322,571;323,571;324,571;325,571;326,571;327,571;329,571;331,571;332,571;333,571;334,571;335,571;337,571;338,571;339,571;340,571;342,571;343,571;344,571;345,571;346,571;347,571;348,571;349,572;349,573;351,575;352,576;353,576;354,577;355,577;355,578;355,579;356,580;356,581;357,582;357,583;358,584;359,585;359,586;359,587;360,588;360,589;360,590;361,590;362,592;363,593;364,594;365,594;366,594;366,595;367,596;368,596;368,597;368,598;369,599;371,599;372,600;373,600;374,601;375,601;375,602;376,603;376,604;377,605;378,606;379,607;380,607;380,608;381,609;381,610;381,611;381,612;382,612;382,613;382,614;383,615;383,616;384,618;384,619;385,619;386,619;386,620;386,622;386,623;387,624;387,625;387,626;387,627;387,628;387,629;387,630;387,631;387,632;387,633;387,635;387,636;388,636;388,637;388,638;389,639;389,640;389,641;389,642;390,643;390,644;390,645;390,646;390,648;390,649;391,650;391,651;391,652;391,653;391,654;391,655;391,656;391,657;391,658;391,659;391,660;391,661;392,662;392,663;392,665;393,665;393,666;393,667;394,669;394,671;394,672;394,673;394,674;394,675;393,675;392,675;391,675;390,675;389,675;387,675;386,675;384,675;382,675;381,675;380,674;379,673;378,673;377,672;376,670;375,670;374,668;373,668;373,667;373,666;372,665;371,664;371,662;371,661;371,660;371,659;371,658;371,657;371,656;371,655;372,654;373,653;373,651;373,650;373,649;373,648;373,647;373,646;373,645;373,644;371,643;371,642;370,641;370,640;370,639;369,638;369,637;368,637;368,636;367,636;367,635;366,634;366,633;366,632;365,632;364,631;364,630;363,629;363,628;363,627;362,627;362,626;361,626;360,626;360,625;360,624;360,623;359,622;359,621;359,620;359,619;358,617;358,616;358,615;358,614;357,614;357,613;356,612;356,611;356,610;355,609;354,608;354,607;354,606;353,605;352,604;351,603;350,603;349,603;348,603;347,603;346,603;344,603;343,603;342,603;341,603;340,603;340,604;339,605;338,605;337,605;337,606;337,607;337,609;337,610;337,611;337,612;337,613;337,615;337,616;339,618;340,619;340,620;341,621;341,622;342,623;343,624;343,625;344,626;344,627;345,629;345,630;345,631;345,632;345,633;345,634;345,635;345,637;345,638;346,638;346,639;346,640;346,641;347,642;347,643;347,644;347,645;348,645;348,646;348,648;348,649;348,650;348,651;348,652;349,653;349,654;349,655;350,656;350,657;351,657;351,658;351,659;351,660;352,661;352,662;353,663;353,664;354,664;354,665;355,667;355,668;356,668;357,669;358,670;359,670;360,670;360,671;361,671;362,673;363,673;364,673;364,674;365,674;366,675;367,675;368,675;370,676;370,677;372,678;373,679;374,681;375,681;375,682;377,683;378,683;379,683;380,684;381,684;382,684;383,684;384,685;385,685;386,686;386,687;387,687;387,688;388,688;388,689;389,690;390,691;390,693;391,694;392,695;392,696;393,696;394,697;395,697;396,697;397,697;397,699;398,700;399,701;400,701;400,702;401,703;402,704;402,705;404,706;405,706;406,706;407,706;408,706;409,706;410,707;411,707;412,707;414,707;415,708;415,709;417,711;418,711;419,711;420,711;421,712;422,712;422,713;423,714;423,715;424,715;424,716;425,716;426,717;426,718;427,718;427,719;428,719;429,721;430,722;432,723;433,724;434,724;434,725;435,725;435,726;436,726;437,726;438,727;439,727;441,728;442,729;444,730;445,730;446,730;447,730;448,731;448,732;450,734;451,735;452,735;452,736;453,736;453,737;454,738;454,739;456,740;457,741;457,742;458,742;459,743;459,744;460,744;460,746;462,747;463,747;464,747;465,748;466,748;467,749;468,749;469,749;469,750;470,750;471,752;472,752;473,753;474,753;475,753;476,754;477,754;478,755;479,755;480,755;481,756;482,756;483,756;484,758;484,759;485,759;486,760;487,761;489,761;490,762;491,763;491,764;492,765;493,765;494,765;495,765;495,766;496,766;496,767;497,768;498,768;499,768;501,770;501,771;502,771;502,772;503,772;504,772;505,773;505,774;506,774;507,774;508,774;509,775;509,776;510,776;511,777;513,777;514,777;514,778;515,779;517,779;518,779;518,780;519,780;520,782;520,783;521,783;523,783;524,783;525,785;526,785;527,785;529,786;530,786;531,787;532,788;533,789;535,789;537,789;538,790;540,791;541,791;543,792;545,793;546,793;547,793;548,794;549,794;550,794;551,794;551,795;552,795;553,796;554,796;555,796;557,796;558,797;559,797;560,797;560,798;561,799;562,799;563,799;564,800;565,800;566,800;566,801;567,801;568,802;569,802;570,802;571,802;572,803;573,803;574,803;575,803;575,804;576,804;576,805;576,806;577,806;578,806;579,807;579,808;581,808;583,809;584,810;585,810;586,811;586,812;587,812;588,813;589,814;590,814;591,814;592,814;592,815;594,815;595,815;595,816;596,816;597,817;597,818;598,818;599,819;600,819;601,819;602,819;603,820;604,820;605,820;606,820;607,820;608,821;609,821;610,821;611,821;612,821;613,821;614,822;615,822;616,822;617,822;618,822;619,823;620,824;621,824;623,825;625,825;626,825;628,825;629,826;630,826;631,826;632,826;634,827;635,827;636,828;637,828;638,829;640,830;641,830;642,830;643,830;645,831;647,831;648,831;650,831;651,831;653,832;654,832;655,833;656,833;657,833;657,834;657,835;658,835;658,836;660,836;661,836;662,836;663,836;664,837;665,837;666,837;667,837;668,838;669,838;670,838;672,838;673,838;674,838;675,838;676,838;677,838;679,838;680,838;682,838;683,838;684,838;685,838;686,838;687,838;688,838;689,838;690,838;692,838;693,838;694,838;695,838;696,838;697,838;699,838;700,838;701,838;702,838;703,838;704,838;705,838;706,838;707,838;708,838;709,838;710,838;712,838;713,839;714,839;715,839;716,839;717,839;719,839;720,839;721,839;722,839;723,839;724,839;726,839;728,839;729,839;731,838;732,838;733,838;734,838;735,838;736,838;737,838;738,837;739,837;740,837;741,836;741,835;741,834;742,834;743,834;744,834;744,833;745,833;747,832;748,832;749,832;749,831;751,831;752,831;753,830;754,830;755,830;756,829;757,829;758,829;759,829;759,828;760,828;762,828;763,828;764,828;765,828;766,828;767,828;768,828;769,827;770,827;770,826;771,825;772,825;773,823;774,823;775,823;776,823;777,823;778,823;779,822;780,822;781,822;782,822;784,821;785,821;786,821;787,820;790,820;791,820;791,819;792,819;794,818;794,817;796,817;798,816;802,815;803,814;806,813;806,811;808,811;810,809;812,808;813,807;815,805;816,804;818,802;818,800;818,797;819,795;820,792;821,790;821,788;821,785;821,782;821,780;821,776;821,773;818,769;818,768;817,768;817,767;816,766;816,765;812,764;810,763;808,761;804,757;801,755;798,755;795,754;791,752;788,751;785,751;783,750;780,749;777,748;776,748;775,748;773,748;772,747;770,747;768,747;765,747;762,747;760,747;759,747;757,747;756,746;755,746;753,746;751,746;750,745;748,744;746,744;745,744;741,744;739,743;738,743;737,742;736,742;734,741;733,740;731,739;729,738;728,737;727,737;726,736;725,736;724,736;722,735;720,733;719,732;717,732;716,731;715,731;713,731;713,730;712,730;710,729;709,729;708,729;706,729;704,729;703,729;702,729;701,729;700,729;698,729;697,729;696,729;694,729;692,729;691,729;690,729;689,729;688,729;687,729;686,729;685,729;684,729;683,729;682,729;680,729;678,729;677,729;676,729;675,729;674,729;673,729;672,730;671,730;670,732;668,733;667,733;666,733;665,733;664,733;663,733;662,733;661,733;659,733;658,734;657,734;655,734;654,734;653,734;652,734;651,734;650,734;649,734;648,734;647,734;647,735;646,735;644,735;642,736;641,736;640,736;639,736;638,736;637,737;636,737;635,738;633,739;632,739;632,740;630,741;629,742;628,742;627,742;626,743;624,743;624,745;623,745;623,746;623,747;623,748;624,749;624,750;625,752;625,753;625,754;626,754;626,755;627,755;627,756;627,757;627,758;627,759;627,760;627,761;627,762;625,764;624,764;623,765;622,765;621,765;620,765;619,765;618,765;616,765;615,765;614,765;612,765;611,765;609,765;608,765;607,765;606,765;605,765;604,765;603,765;602,765;601,765;600,765;599,766;599,767;598,767;597,768;597,769;596,770;595,771;594,771;593,771;592,771;591,771;589,771;588,771;587,771;586,771;585,771;584,770;583,769;583,768;582,767;580,766;579,766;578,766;577,766;576,766;575,765;574,765;573,764;572,763;572,762;571,761;570,760;569,759;567,758;565,756;564,755;563,755;562,754;561,753;561,752;560,752;559,751;559,750;559,749;558,749;557,749;556,748;555,748;555,747;554,746;553,746;552,744;551,744;550,744;550,743;549,743;549,742;548,742;548,741;547,740;546,739;545,738;544,738;543,737;542,736;541,736;541,735;539,735;538,733;537,733;536,732;535,732;535,731;533,730;532,730;531,729;530,729;529,727;528,727;527,727;527,726;526,726;525,725;524,725;523,724;522,724;521,724;521,723;520,721;519,721;518,720;518,719;518,718;518,717;518,715;518,714;518,713;518,712;519,712;520,711;521,711;522,711;523,710;523,709;523,708;524,708;525,708;526,708;527,707;528,707;529,707;530,705;531,705;532,705;533,704;534,704;535,703;537,701;538,700;539,699;540,699;541,699;541,698;542,697;543,697;544,696;545,696;546,696;547,696;548,695;548,694;549,694;550,693;551,693;551,692;552,692;553,691;553,690;554,690;555,690;557,690;558,690;559,690;559,689;560,689;561,689;562,689;563,689;563,688;564,688;565,687;566,687;567,687;568,687;569,687;570,687;571,687;572,687;573,687;574,686;574,685;575,684;577,684;578,683;579,683;581,682;582,682;583,681;585,681;587,681;589,681;590,681;591,681;592,681;592,680;592,679;594,679;595,679;597,679;598,679;600,679;601,679;602,679;603,679;604,679;605,679;606,679;607,679;608,679;609,679;610,679;612,679;613,679;615,679;616,679;617,679;618,679;619,679;620,679;621,679;622,678;623,678;625,678;626,678;627,678;628,678;629,678;630,678;631,678;632,677;634,677;635,677;637,677;638,677;639,677;640,676;641,675;642,675;643,675;644,675;645,675;646,675;647,675;649,675;650,675;651,675;652,675;652,674;653,674;654,673;656,672;657,672;658,672;659,672;660,672;661,671;662,671;663,671;664,670;665,670;666,669;667,669;668,669;669,667;671,667;672,666;674,665;675,664;676,663;677,662;677,661;678,659;678,658;678,657;679,656;680,656;680,655;680,653;680,652;680,651;679,650;678,649;677,648;677,647;677,646;676,646;674,645;672,645;671,645;670,645;669,645;668,645;667,645;666,645;665,645;664,645;663,644;661,644;660,644;659,642;658,642;656,641;655,640;653,639;652,639;651,638;650,638;649,636;648,636;647,635;646,635;645,635;645,634;643,634;643,633;642,633;641,633;640,633;639,632;637,632;636,632;635,632;634,632;633,632;632,632;631,632;630,632;629,632;628,632;626,632;625,630;624,630;623,630;622,630;621,630;620,630;618,630;617,630;615,630;614,630;613,630;612,630;610,630;609,630;608,630;607,630;605,630;604,630;602,630;601,630;599,631;598,632;597,632;596,632;595,632;594,633;593,633;592,634;590,635;589,635;588,636;587,636;586,637;586,638;585,639;584,639;584,640;583,640;582,641;582,642;581,642;580,643;579,643;579,645;579,646;579,647;581,649;581,650;583,650;583,651;582,652;581,653;580,653;579,654;579,655;578,656;577,656;576,656;574,656;574,657;573,657;572,657;570,658;569,658;568,658;567,660;567,661;566,662;565,663;565,664;565,666;565,667;565,668;565,669;565,670;565,671;565,673;565,674;564,674;564,675;563,675;562,675;561,675;559,675;558,676;556,676;555,676;554,676;553,676;552,676;551,676;549,676;548,676;547,676;546,676;545,676;543,676;542,676;541,676;540,676;540,675;539,675;538,675;536,675;535,675;534,675;533,675;533,673;532,673;530,672;529,672;529,671;528,670;526,669;525,668;525,667;524,666;523,666;522,664;522,663;521,663;520,661;520,660;519,660;519,659;518,659;518,658;517,657;516,657;515,657;514,656;513,655;513,654;513,653;512,652;512,651;512,650;512,649;512,648;512,647;512,645;514,644;514,643;515,642;516,641;517,641;518,639;519,638;520,638;520,637;521,636;521,635;522,635;522,634;523,634;524,634;524,633;525,633;526,633;527,633;528,632;529,632;530,631;531,631;532,631;533,631;534,631;535,629;537,629;539,629;540,629;542,629;542,628;543,628;544,627;545,627;546,626;547,626;548,626;548,625;550,625;551,625;551,624;552,623;553,623;554,623;554,622;555,622;557,621;558,621;558,620;559,620;561,620;562,620;563,620;565,620;567,620;569,620;570,618;571,617;572,617;574,617;575,617;576,617;577,615;578,615;579,615;580,615;581,615;582,615;582,614;583,614;584,614;585,614;586,614;587,614;588,614;589,614;589,612;590,612;591,612;592,612;592,611;593,611;595,611;597,611;598,611;599,611;600,611;601,611;602,611;604,611;605,611;607,611;609,611;609,610;610,610;611,610;612,610;613,610;613,609;614,609;615,609;616,608;617,608;618,608;619,608;620,608;620,607;621,607;621,606;622,606;623,606;624,605;625,605;626,604;627,604;628,604;629,603;630,603;631,602;632,602;633,600;634,600;635,600;636,600;637,600;638,599;639,599;640,598;641,598;642,598;644,598;644,597;646,597;647,595;648,595;649,594;650,594;651,593;652,593;653,593;654,592;656,591;657,591;659,589;660,589;661,589;663,589;664,589;665,589;666,589;668,588;669,588;670,588;671,588;672,588;673,587;674,586;675,586;676,586;677,586;678,586;678,585;679,585;680,585;681,585;682,585;682,584;682,583;683,583;684,583;685,582;686,581;687,581;688,581;689,581;691,580;693,579;694,579;695,578;696,578;697,578;698,578;699,578;700,578;701,577;702,577;703,577;704,577;705,577;706,577;707,577;709,576;710,576;711,576;712,576;713,576;715,576;717,576;719,576;722,576;723,576;725,576;726,576;727,575;728,575;729,575;730,575;731,574;732,574;733,574;734,574;736,572;737,572;738,572;739,571;740,570;741,570;744,569;745,569;747,568;750,568;751,568;753,567;754,566;754,565;755,565;755,564;757,563;758,563;760,562;762,561;763,561;764,559;765,558;766,557;767,556;768,555;768,554;769,552;770,552;770,551;770,550;770,549;770,548;770,546;770,545;770,543;769,543;769,541;767,540;766,539;766,538;764,537;764,536;762,535;760,534;759,534;758,533;757,533;756,533;755,533;754,533;753,533;751,532;750,532;749,531;748,531;746,531;744,531;743,531;741,530;739,530;737,530;736,529;735,529;734,529;733,529;732,529;730,529;727,529;724,529;720,529;718,529;715,529;712,529;709,529;707,529;703,529;702,529;702,530;701,530;701,531;700,531;699,531;698,532;697,533;696,533;695,534;692,535;691,535;690,535;690,536;689,537;688,538;687,539;686,540;685,540;685,541;685,542;683,542;682,542;681,543;680,544;679,545;678,546;678,547;678,548;677,548;677,549;677,550;677,551;676,552;676,553;676,554;676,555;676,556;675,557;674,557;674,558;673,558;672,559;671,560;671,561;670,561;670,562;669,562;669,563;668,564;667,564;666,566;666,567;665,567;664,568;663,568;662,569;661,569;660,570;659,570;657,570;656,570;654,570;653,570;652,571;651,571;649,572;649,573;647,573;646,573;644,573;643,573;643,574;642,574;640,574;637,575;636,576;635,576;634,576;633,576;632,576;631,576;630,576;629,576;628,576;627,577;624,577;623,577;621,577;620,577;619,577;618,577;617,577;615,577;613,577;612,577;610,577;608,577;607,577;606,577;605,577;604,577;603,577;601,576;600,576;599,576;598,575;597,575;596,575;595,573;594,572;593,572;591,572;590,571;588,570;587,570;586,569;585,569;584,569;583,569;580,569;579,569;577,567;576,567;575,567;574,567;573,567;572,567;571,567;570,567;569,567;568,567;567,567;566,567;565,567;564,567;563,567;562,567;561,567;559,567;558,567;556,567;555,567;554,567;553,568;552,569;551,570;551,571;551,572;551,573;549,573;548,574;548,575;547,575;547,576;546,577;545,578;544,578;543,579;541,580;540,580;538,581;537,581;536,581;535,581;534,581;533,582;532,582;531,582;530,582;529,582;528,582;526,582;525,583;524,583;523,583;522,583;521,583;520,583;519,583;518,583;516,583;514,583;512,583;511,583;510,583;509,583;507,583;506,583;505,583;504,583;503,583;502,583;501,583;500,583;499,583;498,583;497,583;496,583;495,582;494,582;493,581;491,581;490,581;490,580;489,580;488,580;487,578;486,577;485,577;485,575;485,574;485,572;485,570;485,569;485,568;485,567;485,566;485,565;484,564;484,562;484,561;484,559;484,558;484,557;484,556;484,555;484,553;484,552;484,550;484,549;484,548;484,546;484,545;484,544;484,543;483,540;482,539;482,537;480,534;480,533;480,532;479,531;479,528;479,527;477,526;477,525;477,522;476,521;474,519;474,517;473,515;472,514;472,513;470,512;470,511;470,510;468,509;467,508;466,506;465,506;464,504;462,502;460,501;458,499;456,499;454,499;451,497;449,497;446,496;446,495;443,495;441,494;440,494;438,493;436,493;433,493;431,492;429,492;427,492;424,490;421,490;419,490;416,490;413,490;411,490;408,490;406,490;403,490;400,490;397,490;394,490;392,490;391,490;389,490;388,490;385,490;381,490;378,490;375,490;373,490;371,490;368,490;366,490;365,490;364,490;363,491;361,491;360,491;358,491;356,492;355,492;354,492;353,493;352,493;351,494;350,494;349,494;347,494;344,495;342,495;341,496;340,496;339,496;337,496;334,496;332,496;331,496;329,496;328,496;327,496;326,496;325,496;324,496;322,496;320,496;319,496;316,496;315,496;311,496;310,496;307,496;304,496;303,496;302,496;301,496;300,496;299,496;298,497;297,497;295,498;294,498;292,500;291,500;290,502;289,503;287,504;286,504;284,505;283,506;282,506;280,507;279,508;278,508;275,509;274,509;272,509;271,510;269,511;268,511;267,511;266,512;264,512;262,514;262,515;261,515;259,516;258,516;257,518;256,518;254,519;254,520;253,520;252,520;250,521;248,522;248,523;246,523;245,524;244,524;243,525;242,526;241,527;240,527;239,528;239,529;238,529;238,530;
Stroma, ICG; POLYGON; 255, 255, 255; 363,646;364,646;365,646;366,646;368,646;369,646;370,646;371,646;372,647;372,648;372,649;372,650;372,651;373,652;373,654;373,655;374,656;375,658;375,659;375,660;376,660;376,661;377,661;378,662;379,662;379,663;379,664;380,664;380,665;381,666;381,667;382,668;382,669;382,670;382,671;382,672;383,672;383,673;383,674;383,675;383,677;383,678;382,679;381,679;380,679;378,679;377,679;376,679;375,679;374,679;373,679;373,678;372,678;371,678;370,678;369,678;369,677;368,677;367,675;366,675;366,674;365,674;365,673;365,672;365,671;365,669;365,668;364,667;363,666;363,664;363,663;363,662;363,661;362,660;
Stroma, ICG; POLYGON; 255, 255, 255; 377,669;377,668;377,667;378,666;379,665;379,663;379,662;379,661;379,660;379,659;379,658;379,657;378,656;376,655;376,654;375,653;374,651;373,651;373,650;372,650;371,650;370,649;369,649;367,649;366,649;365,649;364,649;363,649;362,649;361,649;359,649;359,650;
Stroma, ICG; POLYGON; 255, 255, 255; 273,491;273,490;274,489;277,489;278,489;280,488;281,488;282,488;284,487;285,487;286,487;287,487;287,486;289,486;289,485;290,485;290,484;290,483;290,482;290,481;290,480;290,479;290,478;290,477;290,476;291,475;291,474;291,473;292,472;292,471;291,470;290,468;289,468;287,468;286,468;285,468;284,467;283,467;283,466;282,466;282,465;281,464;281,462;281,461;281,460;281,459;280,458;280,457;280,455;280,454;279,453;279,452;279,450;279,449;278,449;277,448;277,447;277,446;276,446;276,445;275,443;275,442;275,441;274,441;274,440;273,439;273,437;272,436;272,435;272,434;272,433;272,432;273,431;274,430;275,430;276,430;277,430;279,430;280,430;280,429;281,429;282,429;284,429;285,429;287,429;288,429;289,429;289,428;290,428;291,428;292,428;293,428;294,428;295,428;296,428;297,428;298,427;299,427;301,427;302,427;304,426;305,426;306,424;307,423;308,423;309,423;310,423;311,423;312,423;314,423;315,422;316,422;317,422;318,422;319,421;320,420;321,420;322,420;323,418;324,418;325,418;326,417;328,417;329,417;330,417;331,417;332,417;333,417;334,417;335,416;336,416;336,415;337,415;338,415;340,415;341,415;342,414;343,414;344,413;346,412;346,411;347,411;348,411;348,410;349,410;350,410;352,409;353,409;354,408;355,408;356,408;357,408;358,407;359,407;361,406;363,406;364,406;364,405;365,405;366,405;367,405;368,405;369,405;370,405;371,404;372,403;373,403;374,403;375,403;376,403;377,402;378,402;379,402;380,402;381,400;382,400;383,400;383,399;384,399;385,399;386,398;387,397;388,397;389,396;390,396;391,396;392,396;392,394;393,393;394,393;395,393;396,393;396,392;397,392;399,391;400,391;401,391;402,390;403,390;404,390;405,388;405,387;406,387;406,386;407,386;408,385;409,385;410,385;411,384;412,384;413,384;414,384;415,384;416,382;417,382;418,382;419,382;419,381;420,381;421,381;424,380;425,380;426,380;428,380;429,380;428,380;428,381;427,382;426,382;426,383;425,383;424,384;423,384;423,385;422,385;422,386;422,387;422,388;421,388;421,389;421,390;420,391;419,392;418,392;418,394;417,395;416,395;416,396;415,397;413,398;412,400;412,401;411,402;410,403;410,404;409,406;409,407;409,408;409,409;408,410;408,411;408,413;408,414;407,414;407,415;407,416;406,418;406,419;406,420;406,421;406,422;404,424;404,425;403,425;402,427;401,428;400,428;400,429;400,430;399,431;398,432;398,433;398,434;398,435;397,435;397,437;397,438;397,440;397,441;397,443;398,443;399,444;401,444;402,445;403,446;403,447;404,447;406,448;407,448;408,448;409,448;410,448;412,448;414,449;416,449;417,449;418,449;419,449;420,449;422,449;423,449;424,449;425,449;426,449;427,450;428,450;429,450;430,451;432,452;435,453;438,453;439,453;440,453;441,453;441,454;442,454;443,455;445,456;446,456;449,457;451,458;452,458;453,458;453,459;454,459;454,460;456,460;458,461;459,461;460,461;461,461;462,461;463,461;464,461;465,461;466,462;467,462;468,462;469,462;471,462;472,462;474,462;475,462;476,462;477,462;478,462;480,461;481,461;481,460;483,460;484,458;485,457;486,456;487,455;488,454;489,452;490,451;491,450;491,449;492,448;494,447;494,446;494,445;495,445;495,444;496,444;497,443;498,442;498,441;499,440;500,440;501,439;501,438;502,438;503,438;505,437;507,437;508,435;509,434;510,434;511,433;512,432;513,431;514,431;516,429;517,428;518,428;519,427;520,427;521,426;521,425;522,425;523,424;523,423;524,423;524,422;525,422;526,422;527,422;527,421;528,421;529,421;529,420;530,420;531,419;532,417;532,416;533,416;534,415;535,414;536,414;537,413;538,413;539,411;540,410;541,409;541,408;542,406;543,404;543,403;544,403;544,402;545,402;545,401;546,401;547,400;549,400;550,400;551,400;552,400;554,399;554,398;555,398;556,397;557,397;558,396;559,396;561,396;561,395;562,395;563,394;564,393;564,392;565,392;565,391;566,390;566,389;566,388;566,387;566,386;567,386;567,385;568,384;568,383;568,382;568,380;567,378;566,378;566,377;565,377;564,376;563,375;563,374;562,374;560,374;559,374;559,373;558,373;557,372;556,371;555,370;554,370;553,368;553,367;553,366;552,366;552,364;552,363;552,362;550,361;550,360;549,360;548,360;547,360;547,359;546,358;545,358;544,357;543,357;542,356;541,356;540,356;539,356;538,355;537,355;536,355;535,355;533,354;532,354;531,354;530,354;529,354;528,354;527,354;526,354;525,354;524,354;523,354;522,354;521,354;519,356;519,357;518,357;517,357;516,357;515,357;514,357;513,357;513,358;512,359;510,359;509,359;509,360;508,360;507,362;506,362;505,362;504,362;502,362;501,362;500,362;498,363;497,363;495,363;494,363;493,363;492,363;491,364;490,365;489,366;488,367;488,368;487,369;486,370;485,370;484,372;483,374;482,374;481,375;479,375;478,375;478,376;477,377;475,378;474,378;474,379;473,380;472,381;471,381;469,381;469,382;468,382;467,383;466,383;465,383;464,383;463,383;462,383;461,383;459,383;458,383;457,383;456,383;455,383;453,382;452,382;450,382;448,382;445,380;444,380;443,379;442,379;441,379;441,378;440,378;439,377;440,376;441,375;441,374;441,373;442,372;444,372;445,371;446,371;447,371;448,371;449,371;449,370;450,370;451,370;452,370;454,370;455,370;457,370;458,369;458,368;460,368;461,368;462,367;464,367;464,366;465,366;467,366;468,366;468,365;470,365;471,365;472,365;473,364;474,364;475,364;476,362;477,362;478,361;479,361;479,360;480,359;481,359;482,359;484,359;485,359;487,359;488,359;488,358;490,358;491,358;492,356;493,356;494,356;496,355;497,355;498,355;499,354;499,353;500,353;501,353;501,352;502,351;503,350;504,350;504,349;505,349;506,349;507,349;507,348;508,348;509,348;509,347;510,347;512,346;513,345;513,344;515,343;516,343;517,343;518,343;519,343;519,342;520,342;521,342;522,340;523,340;523,338;524,338;525,338;526,337;527,337;528,337;529,337;530,336;531,336;532,335;533,335;534,334;535,333;536,332;537,332;538,332;539,332;540,332;540,331;542,331;543,330;544,329;545,329;546,328;546,327;547,327;548,327;549,326;549,325;551,325;552,325;553,324;554,324;555,324;555,323;556,323;557,321;558,320;559,320;560,319;561,319;561,318;562,318;564,317;565,316;565,315;566,314;567,314;568,313;569,313;570,311;571,311;572,311;572,310;573,309;573,308;574,308;575,308;577,307;578,307;578,306;579,305;581,304;582,303;583,302;584,302;585,302;586,302;586,301;587,301;588,301;589,301;590,301;590,300;591,300;592,300;593,300;594,299;594,298;594,297;595,297;596,297;596,296;598,296;599,295;600,295;602,295;602,294;603,294;602,294;601,295;602,295;603,295;604,295;605,295;606,295;607,295;609,295;610,295;611,295;612,295;613,295;614,294;615,294;615,293;616,292;616,291;617,290;618,289;618,288;619,288;620,288;621,286;621,285;621,284;622,284;623,284;624,284;625,284;626,284;627,284;628,284;629,284;630,284;631,284;632,284;634,284;635,284;636,284;637,284;638,284;639,284;640,284;641,284;642,284;643,284;644,284;645,284;646,284;648,284;649,284;650,284;651,284;652,284;653,284;656,284;657,284;658,284;660,284;661,284;662,284;663,284;665,284;667,284;668,284;669,284;672,284;673,284;674,284;675,284;676,284;678,284;679,284;682,284;683,284;685,284;686,284;686,285;686,286;686,287;685,288;684,288;683,288;682,289;681,289;680,289;678,289;677,289;676,289;675,289;674,289;673,289;672,289;671,289;670,289;669,289;668,289;667,290;666,290;664,291;663,292;662,293;661,293;660,293;659,293;658,294;657,294;655,294;653,294;651,295;650,295;650,296;649,296;648,296;646,296;643,296;642,298;640,298;639,299;638,300;637,300;636,300;635,301;634,301;632,301;631,302;630,303;630,304;629,304;629,305;628,305;627,306;626,306;625,306;625,307;624,307;623,307;621,307;620,308;619,308;618,309;618,310;617,310;616,310;615,310;614,311;613,311;612,311;612,312;611,313;609,314;608,314;606,315;606,316;604,316;603,317;602,317;601,317;600,317;599,318;598,318;597,318;597,319;596,319;595,319;595,320;593,322;592,322;591,323;591,324;591,325;591,326;591,327;591,329;591,330;592,330;593,330;593,331;594,331;595,331;597,331;598,331;599,331;600,331;601,331;602,331;603,331;604,331;605,331;605,330;606,330;607,329;608,329;608,328;608,327;610,327;611,326;612,326;613,326;614,325;614,324;615,324;617,323;618,323;618,322;618,321;620,321;621,321;622,321;623,321;624,321;625,321;626,320;627,320;628,320;629,320;630,320;632,320;633,320;635,319;636,319;637,319;638,319;639,319;640,318;641,318;642,318;643,318;644,318;645,318;646,317;647,317;648,317;649,316;649,315;650,315;651,314;652,314;653,313;654,312;657,312;658,312;659,312;660,312;661,312;662,312;663,312;664,312;665,312;666,312;668,312;669,312;670,311;671,311;672,310;673,310;674,310;675,310;676,310;677,310;678,310;680,310;681,310;682,310;683,310;684,310;685,310;687,310;688,310;689,310;690,310;691,310;692,310;693,310;694,310;695,310;696,310;697,310;698,310;699,311;700,311;701,312;703,312;704,313;705,313;706,315;706,316;707,316;708,316;709,316;710,317;711,318;712,319;713,319;714,319;716,319;717,319;718,320;720,321;721,321;722,322;723,322;724,322;725,322;726,322;727,322;728,322;729,322;730,322;732,322;733,322;734,322;735,322;736,322;737,322;739,322;740,323;741,323;742,323;743,323;744,323;745,323;746,323;748,323;749,323;750,324;751,324;752,324;753,324;754,324;755,324;755,325;756,325;757,325;758,326;759,326;760,326;761,326;761,327;762,328;763,328;764,328;765,329;766,330;767,330;768,331;770,331;771,331;772,331;773,331;774,331;775,331;776,331;777,331;778,331;779,331;780,331;781,332;782,332;783,332;784,333;786,333;788,333;790,333;791,333;792,333;793,333;794,333;795,333;797,333;799,334;800,334;802,334;803,334;804,334;805,334;806,335;806,336;807,338;807,339;808,340;808,342;808,343;808,344;809,346;809,347;810,349;810,351;810,352;812,354;812,355;812,356;812,357;812,358;812,359;812,361;811,362;810,364;810,366;809,367;808,368;807,369;806,369;805,369;805,370;804,370;803,370;802,370;801,371;800,371;799,372;798,372;797,373;796,373;795,373;794,373;792,374;791,374;790,374;788,374;787,374;786,374;785,374;784,374;783,374;782,374;779,374;778,374;778,373;777,372;775,372;775,371;774,371;773,371;771,370;770,369;768,368;767,368;765,367;764,366;761,366;760,365;759,365;758,365;757,365;756,364;755,364;754,364;753,364;752,364;750,364;749,364;748,364;747,364;745,364;744,364;744,365;743,365;742,366;741,366;740,366;739,368;738,369;737,369;737,370;736,370;736,371;734,371;734,372;733,372;732,372;731,374;731,375;730,375;730,376;729,376;728,377;727,378;726,379;725,380;725,381;724,381;723,382;721,382;720,383;719,383;718,384;718,385;717,388;717,389;715,390;714,391;714,392;713,393;712,395;712,396;711,396;710,396;709,397;709,398;708,400;707,400;707,401;707,402;706,403;705,404;704,404;703,406;703,407;701,408;701,409;701,410;701,411;700,411;700,412;699,414;698,415;697,415;697,416;696,417;695,417;694,417;693,417;692,417;691,417;689,418;688,418;686,418;685,418;684,418;683,418;681,418;680,418;679,418;678,418;677,418;675,418;674,418;673,418;672,418;671,417;670,417;669,416;669,415;668,414;667,412;667,411;666,411;666,410;665,410;663,410;662,410;661,410;659,410;658,410;657,410;656,410;655,410;654,410;653,410;652,410;652,411;651,411;650,412;649,414;648,414;647,415;646,416;646,417;645,417;644,419;643,419;643,420;643,421;641,422;641,423;639,423;638,423;638,424;637,425;636,425;635,426;635,427;634,428;633,429;632,430;631,431;630,432;628,432;628,433;627,433;627,434;625,434;624,434;623,434;623,435;622,435;621,435;621,436;620,437;619,437;618,437;616,439;615,439;615,440;614,440;612,440;610,441;608,442;608,443;607,443;607,444;605,446;604,446;603,447;602,448;601,449;600,451;599,452;598,453;597,454;596,454;595,454;595,455;593,455;591,456;591,457;590,458;589,458;588,460;587,460;586,460;586,461;585,461;584,461;583,463;581,463;580,464;579,465;578,466;577,466;576,466;574,467;573,467;572,467;571,467;570,467;569,466;569,465;569,464;567,464;566,464;566,463;564,463;563,463;562,463;562,462;561,462;560,462;559,462;558,460;557,460;557,459;557,458;555,457;555,456;554,455;554,454;554,453;554,451;552,450;552,449;551,449;551,448;550,448;549,447;549,446;548,446;547,445;546,445;545,445;545,444;544,444;543,443;542,443;541,443;540,443;538,443;536,443;535,443;534,443;534,444;534,445;534,446;534,447;534,448;534,449;534,450;534,451;534,452;534,453;534,454;534,456;534,457;534,458;534,459;534,460;534,461;536,463;537,464;537,466;538,467;539,468;539,470;539,472;539,473;540,473;540,474;541,476;541,477;541,479;541,480;541,481;541,482;541,483;542,484;543,486;543,487;543,488;543,489;543,490;544,491;544,493;544,494;544,495;545,496;545,497;545,498;545,499;545,500;545,501;545,502;545,503;546,504;547,507;548,508;549,509;549,511;550,513;550,514;551,515;551,517;552,518;552,519;552,520;552,521;553,521;553,522;553,523;554,524;554,526;554,527;555,528;555,529;556,530;556,531;557,532;557,533;557,534;557,535;557,536;557,538;557,539;557,540;557,541;557,542;557,543;557,545;557,546;557,547;556,547;555,548;555,549;553,551;552,552;551,553;550,554;549,554;548,555;547,555;546,555;544,556;543,557;542,557;541,557;540,557;539,557;538,557;536,557;535,557;534,557;533,557;532,557;531,557;531,556;530,556;529,556;528,555;527,555;526,555;525,555;524,555;523,555;522,555;521,554;520,554;519,553;518,553;517,553;516,553;515,552;514,552;513,552;512,551;511,551;511,550;510,550;508,550;507,549;505,548;504,548;502,547;500,547;499,547;498,547;497,547;496,547;495,547;494,547;493,547;492,547;491,547;490,547;489,547;488,547;487,547;486,547;484,547;483,548;482,548;481,549;480,549;478,549;477,549;475,549;473,549;470,549;468,549;466,548;464,547;462,547;461,545;460,543;457,543;455,541;452,538;450,536;447,536;444,534;442,533;439,532;435,530;432,529;429,528;426,525;422,523;420,522;419,520;416,520;414,519;412,517;410,517;408,515;404,514;403,512;402,512;399,511;398,511;397,511;395,510;393,510;392,510;390,510;388,510;386,510;382,509;381,509;377,509;374,509;370,509;368,509;365,509;361,509;358,509;354,509;350,509;345,509;341,509;337,509;334,509;331,509;328,510;324,511;321,511;318,512;315,512;311,513;308,514;305,514;302,515;299,515;296,515;292,516;288,516;283,516;278,516;274,516;270,516;267,516;266,516;265,516;264,516;263,516;261,516;259,516;258,516;255,516;253,517;252,517;251,518;250,518;249,518;247,518;246,518;244,518;
Stroma, ICG; POLYGON; 255, 255, 255; 450,379;450,380;450,381;450,382;450,383;450,385;450,386;451,387;452,387;453,387;455,388;456,388;457,388;458,388;459,388;460,388;461,388;463,389;464,389;465,389;466,389;467,389;468,389;469,389;470,389;471,389;472,388;473,388;473,387;474,386;475,385;475,384;476,383;477,382;478,382;478,381;478,380;478,379;478,378;478,377;478,376;478,375;478,373;478,372;478,371;478,370;478,369;478,368;
Stroma, ICG; POLYGON; 255, 255, 255; 486,368;487,368;489,368;491,368;494,368;495,368;496,368;497,368;498,368;499,368;501,368;502,368;504,368;505,368;505,366;506,366;507,366;508,365;509,365;509,364;510,363;511,362;512,362;513,360;515,359;516,358;517,357;517,356;517,355;517,354;517,353;516,352;514,352;513,352;512,352;511,352;
Stroma, ICG; POLYGON; 255, 255, 255; 499,360;498,360;497,360;497,361;497,362;497,363;497,365;496,366;495,367;494,367;494,368;494,369;493,369;493,370;492,372;492,373;491,374;490,375;489,376;488,378;487,379;486,380;485,381;483,381;482,381;482,382;481,382;479,382;478,382;476,382;475,382;473,382;470,382;469,382;468,382;467,382;466,382;466,381;465,380;465,378;465,377;465,376;465,375;466,373;467,372;467,371;467,370;468,370;468,369;469,369;470,368;471,367;472,366;473,365;473,364;474,364;
Stroma, ICG; POLYGON; 255, 255, 255; 534,420;534,419;534,418;534,417;534,415;534,414;534,413;534,412;534,411;534,410;534,409;534,408;534,407;535,406;536,406;536,405;536,404;537,403;537,402;537,401;538,400;540,398;540,397;541,397;543,397;545,396;547,396;548,395;550,394;551,394;552,394;553,393;554,393;554,392;555,392;556,391;557,391;559,390;560,390;561,390;562,389;563,389;564,389;566,389;569,389;570,389;571,390;572,391;573,392;576,393;580,397;582,400;583,401;
Stroma, ICG; POLYGON; 255, 255, 255; 6,469;5,469;5,472;4,473;4,475;4,476;4,479;2,483;2,485;2,489;1,492;1,496;1,501;1,506;1,510;1,514;0,519;0,523;0,527;0,530;0,534;0,538;0,541;0,544;0,548;-1,551;-1,552;-1,556;-1,558;-1,561;-1,564;-1,565;-1,567;-1,570;-2,572;-2,573;-2,576;-2,578;-2,581;-2,584;-2,587;-2,589;-2,590;-2,593;-2,594;-2,597;-2,599;-2,601;-2,602;-2,605;-2,606;-2,609;-2,611;-2,612;-2,614;-1,614;-1,615;-1,617;-1,618;-1,619;0,621;0,624;0,625;0,627;1,628;2,629;2,630;2,631;3,631;4,631;5,631;6,631;7,631;9,632;10,633;11,633;12,633;13,634;14,636;15,636;15,637;16,638;17,639;18,639;18,640;18,641;18,642;18,643;19,645;19,647;20,647;20,648;20,649;21,650;22,651;22,653;22,654;22,656;22,658;22,659;22,661;22,662;23,663;23,665;23,666;23,668;23,670;24,670;24,671;24,673;24,674;24,676;24,678;24,679;24,682;24,683;24,684;23,685;22,685;22,687;22,688;21,690;21,692;20,692;20,694;19,695;18,696;18,698;17,700;17,701;17,703;17,705;17,708;17,710;17,712;17,714;17,715;17,716;17,719;17,721;18,722;18,724;19,725;20,726;20,727;21,728;22,730;23,730;23,731;24,731;24,732;26,733;26,734;27,734;27,736;28,736;29,737;30,737;31,738;31,739;32,739;33,741;34,742;35,743;36,743;37,743;38,744;39,744;39,745;40,745;41,745;42,745;43,747;44,748;45,748;46,749;47,749;48,749;49,749;50,749;52,749;53,749;54,749;55,749;56,749;57,749;58,749;59,749;60,750;61,750;62,750;64,751;65,751;66,751;67,751;69,753;70,753;71,754;72,754;73,754;74,754;75,754;76,754;77,755;78,755;79,756;80,756;81,756;82,756;84,757;85,757;87,758;87,759;88,759;89,759;90,759;91,759;92,759;94,759;95,759;96,759;97,759;98,759;99,759;100,759;101,759;102,759;103,759;104,759;105,759;109,760;110,760;111,760;111,761;112,761;114,761;115,762;116,763;117,763;118,763;119,763;119,764;120,764;122,765;124,766;125,767;126,767;127,768;128,768;129,768;130,768;131,768;133,770;134,771;135,772;136,772;137,772;137,773;138,774;139,775;140,776;140,777;141,777;142,778;143,778;144,778;145,779;146,779;147,779;148,779;148,780;149,780;149,781;150,782;151,782;151,783;152,784;154,785;155,785;156,786;157,787;159,787;160,790;161,790;162,790;163,791;164,793;167,793;168,794;169,795;170,795;170,796;171,796;172,796;173,797;174,797;174,798;175,799;175,800;176,800;177,801;178,801;178,802;180,802;181,803;182,804;183,805;183,806;183,807;184,807;185,808;186,808;187,808;187,809;188,809;189,809;191,810;192,812;193,813;194,813;194,814;195,815;196,816;197,816;198,818;198,819;199,819;200,819;201,820;202,820;202,821;203,822;204,822;205,824;206,825;207,825;207,826;208,826;209,826;211,827;212,828;214,828;214,830;215,830;216,831;217,831;217,832;218,832;219,833;220,833;220,834;222,834;223,835;224,836;225,836;226,837;227,837;228,837;230,838;231,838;232,838;233,839;233,840;235,841;237,843;238,843;239,844;240,844;240,845;241,845;242,846;243,848;245,849;246,850;247,851;248,851;248,852;250,854;251,855;251,856;252,857;252,858;253,858;253,860;254,860;254,861;255,863;256,863;257,864;257,866;258,867;258,869;259,869;260,870;260,871;260,872;261,872;261,874;262,875;263,876;263,877;263,878;264,878;264,879;265,879;266,880;267,880;267,881;268,881;269,882;270,882;270,883;272,884;273,884;274,884;275,884;277,884;280,884;281,885;282,885;283,885;285,885;286,885;287,885;288,885;289,885;290,885;291,885;292,885;293,883;293,882;293,881;293,880;293,879;293,878;293,877;293,876;293,875;293,874;293,873;293,872;293,870;293,869;293,868;293,867;293,866;293,865;293,864;293,863;293,862;293,861;293,860;293,858;293,857;293,856;293,855;293,854;293,853;293,851;293,850;292,849;292,848;292,847;290,845;290,843;290,842;289,841;289,840;289,839;289,838;289,837;288,836;288,835;287,834;287,833;287,832;288,831;288,830;289,830;289,829;290,827;291,826;293,824;294,824;294,823;295,822;296,822;297,822;298,822;299,822;299,821;301,821;302,821;304,821;304,820;304,819;306,819;307,819;308,819;310,819;311,819;311,818;312,818;314,818;315,818;316,817;317,817;317,816;318,816;319,815;319,814;320,813;321,813;321,812;322,812;322,811;324,811;325,811;325,810;326,810;327,809;327,808;328,807;328,806;329,805;329,804;329,803;329,802;330,802;330,801;331,800;331,799;330,799;329,798;329,797;328,797;328,796;327,796;326,795;325,794;324,794;323,792;322,792;321,792;320,791;319,791;318,790;317,790;316,790;316,789;315,789;314,788;313,787;312,786;311,786;310,785;309,784;308,784;307,783;307,782;306,781;306,780;305,780;305,778;304,778;304,777;302,775;301,775;301,774;300,773;299,772;298,771;298,770;297,769;296,767;295,766;294,765;293,765;293,764;292,764;290,763;289,763;288,763;287,763;286,763;285,763;284,763;283,763;283,764;283,765;283,766;283,767;283,768;283,769;284,770;284,771;284,772;284,773;285,773;285,775;286,775;286,776;287,776;288,777;288,779;288,780;288,781;288,783;288,785;288,786;288,787;288,788;287,789;286,790;286,792;285,793;284,794;284,795;283,796;283,797;282,798;282,799;281,799;280,800;279,800;278,801;277,802;276,802;275,802;274,802;273,802;272,802;271,802;270,803;269,803;268,803;266,805;265,806;264,807;263,808;263,809;263,811;263,812;263,813;262,814;262,815;262,816;261,816;261,817;260,818;260,819;259,819;259,820;258,821;257,822;256,823;255,824;253,824;252,824;250,824;249,824;248,824;247,824;245,824;244,824;244,822;243,821;242,821;241,819;240,819;239,818;238,818;237,817;236,816;236,815;236,814;235,814;235,813;234,813;233,813;232,812;231,811;230,811;229,810;228,809;228,808;227,808;226,808;226,807;225,807;224,807;223,807;221,807;220,807;218,807;218,806;217,806;216,806;215,806;214,806;213,806;212,806;212,805;211,804;210,804;209,803;209,802;208,802;208,801;207,801;206,800;205,800;204,799;204,798;202,796;201,795;199,795;198,793;197,793;197,792;196,792;196,791;196,789;196,788;195,788;195,787;195,786;194,785;193,783;192,782;192,781;192,779;192,778;192,777;192,776;192,774;192,773;192,772;193,772;193,771;193,770;193,769;194,768;194,767;194,766;195,766;195,765;196,763;196,762;196,761;198,760;199,759;200,758;200,757;201,757;201,756;201,755;202,754;203,753;204,753;205,753;206,752;207,752;208,752;210,752;212,752;213,752;215,753;216,753;217,753;218,753;219,753;220,753;221,753;222,753;223,753;224,753;225,753;225,752;226,752;226,751;226,749;227,747;228,745;229,745;232,745;233,745;234,745;235,745;236,745;237,745;238,745;240,745;241,745;243,745;244,745;245,745;246,745;247,745;248,745;250,745;251,745;253,745;254,745;254,744;254,743;254,742;254,741;254,740;254,739;254,738;254,737;254,736;254,735;254,734;253,734;252,734;251,733;250,733;249,732;248,732;248,731;247,730;246,729;246,728;244,728;243,728;242,727;241,727;239,725;238,724;238,723;236,723;235,722;234,722;233,721;232,721;231,720;230,719;230,718;229,717;228,716;227,715;226,714;226,713;225,712;224,712;223,711;223,710;221,710;220,709;218,707;217,706;216,706;216,705;215,705;214,704;214,703;213,702;213,701;211,700;210,700;210,699;207,699;206,698;205,697;205,696;204,696;203,695;202,695;201,694;200,694;199,694;198,694;196,693;195,693;195,692;194,692;193,692;192,692;192,691;192,690;191,690;190,690;189,690;189,689;188,689;187,688;184,687;183,686;183,685;183,684;181,684;180,684;179,683;178,682;178,681;177,681;176,680;175,678;174,677;173,677;172,677;170,675;169,674;168,674;168,672;167,671;166,671;165,670;165,669;163,668;162,668;161,667;160,667;159,667;158,666;158,665;157,664;156,664;156,663;155,663;154,662;153,661;152,661;152,660;151,659;150,659;149,659;148,658;147,658;146,657;145,657;145,656;144,656;143,656;142,656;142,655;142,654;141,653;140,653;139,653;138,653;138,652;137,652;136,652;135,652;135,651;133,650;132,650;131,650;129,650;127,650;126,650;125,649;123,648;123,647;122,647;122,646;120,646;119,645;119,644;118,643;117,643;116,643;115,642;114,641;113,640;112,640;111,639;111,638;109,637;108,636;107,635;106,635;105,635;104,635;104,634;102,632;101,631;100,630;99,629;98,628;97,626;96,625;96,624;94,622;93,622;93,621;93,619;92,619;92,618;91,617;91,616;90,616;90,614;89,613;89,612;88,611;87,610;87,609;87,607;86,607;86,606;86,605;86,603;86,602;85,602;85,601;85,600;84,600;83,599;83,598;82,596;81,596;81,595;81,594;80,593;79,592;78,590;78,589;77,589;77,587;76,586;75,586;75,585;75,584;75,583;74,582;74,581;73,580;72,580;71,579;71,577;70,577;70,576;69,575;68,575;68,574;68,573;67,572;66,571;65,570;65,569;64,569;64,568;63,567;63,566;62,565;61,565;60,563;60,562;59,560;58,559;58,558;57,558;57,557;56,556;56,555;56,554;55,554;54,553;53,552;53,551;52,550;52,549;52,548;52,547;51,547;50,547;50,546;50,545;49,544;49,543;49,542;49,541;49,540;49,539;49,538;50,537;50,536;51,535;51,534;51,533;52,533;52,532;53,532;54,532;55,532;56,532;57,531;58,531;59,529;60,528;61,528;62,527;62,526;62,525;62,523;62,522;60,521;59,521;59,520;58,520;58,519;57,519;56,519;55,518;55,517;54,516;53,516;52,515;51,515;49,515;49,514;48,514;47,512;46,511;45,511;43,511;42,510;41,509;40,508;39,508;38,508;37,506;37,505;36,505;35,505;35,504;34,503;33,502;33,500;32,500;31,499;31,498;30,497;30,496;30,495;29,495;29,493;27,492;27,491;26,490;25,488;25,487;24,487;24,486;23,486;22,483;21,482;21,481;20,480;19,479;19,478;18,476;17,474;16,474;15,473;15,472;14,472;13,471;13,470;13,469;12,469;12,468;11,467;10,466;9,466;8,466;7,467;5,468;4,469;4,470;4,471;
Stroma, ICG; POLYGON; 255, 255, 255; 92,618;93,619;94,619;95,621;96,621;98,622;99,622;100,623;101,624;102,624;103,624;104,625;105,625;106,625;106,626;107,626;108,627;109,628;110,629;111,629;112,629;113,630;116,631;117,631;118,632;119,633;119,634;121,634;124,635;124,636;125,636;126,636;127,637;128,637;128,638;130,640;132,641;133,643;134,643;135,644;136,645;137,646;137,647;137,648;138,649;139,651;139,652;140,653;140,654;140,655;140,657;140,658;140,659;140,660;140,661;140,663;139,664;138,665;137,667;135,669;134,671;132,673;131,674;130,674;129,674;128,675;127,676;126,676;124,676;122,676;118,676;113,676;111,676;108,676;104,676;102,676;99,676;98,676;97,676;96,676;95,676;94,675;
Stroma, ICG; POLYGON; 255, 255, 255; 5,618;5,619;5,620;5,622;5,623;5,624;5,625;5,626;5,627;5,629;5,630;5,631;5,632;5,633;5,634;4,635;4,636;3,636;2,637;1,638;0,639;0,640;-1,642;-1,643;-1,644;-1,647;-1,648;-1,649;-1,650;2,653;2,655;4,657;5,659;5,660;7,662;8,663;9,664;9,665;9,666;10,667;10,668;11,669;12,671;14,672;15,675;16,676;16,677;17,679;17,680;17,681;18,682;19,685;19,687;20,688;20,690;21,692;21,694;22,696;23,698;24,700;26,701;26,703;26,704;26,705;26,706;26,707;28,709;28,710;29,711;29,712;30,713;30,714;30,716;31,716;32,717;32,718;33,719;34,720;36,720;36,721;37,721;39,721;40,721;41,721;44,721;45,721;48,720;50,719;51,718;53,717;56,716;58,714;62,711;66,708;69,705;74,703;77,700;79,699;82,696;84,694;85,693;86,693;86,692;
Stroma, ICG; POLYGON; 255, 255, 255; 45,717;44,717;43,717;41,717;39,717;37,717;36,716;34,715;31,713;27,710;24,708;22,707;21,707;20,706;19,705;19,704;18,703;17,702;16,702;15,700;14,698;14,697;13,697;12,696;11,695;11,694;10,692;10,691;9,691;9,690;8,690;8,689;8,688;7,686;6,685;5,683;5,681;5,680;5,679;5,677;5,674;5,672;6,670;6,669;7,667;8,665;8,664;8,661;9,660;10,658;10,657;11,657;13,657;17,657;19,657;22,657;
Stroma, ICG; POLYGON; 255, 255, 255; 27,724;25,724;24,724;23,724;21,724;20,724;19,724;18,724;17,724;16,724;15,723;14,722;13,722;13,721;11,721;9,720;8,720;7,720;7,719;6,718;5,718;4,718;3,717;3,716;3,715;3,714;3,713;3,712;3,711;3,709;3,707;3,706;3,705;3,704;3,703;3,700;4,699;5,697;7,695;10,692;11,692;12,691;12,690;12,689;12,688;13,687;13,686;15,684;16,684;17,683;19,682;20,681;22,681;24,679;25,679;25,678;26,678;28,677;30,677;32,675;35,675;
Stroma, ICG; POLYGON; 255, 255, 255; 299,772;299,773;299,774;300,775;301,775;302,776;304,778;305,778;306,779;307,779;308,780;309,780;311,781;313,781;314,782;316,783;316,784;317,784;317,785;318,785;320,786;321,787;322,787;323,788;323,789;323,790;324,790;325,791;326,791;327,792;328,792;328,793;329,795;330,796;331,796;333,797;333,798;334,799;335,800;336,802;337,802;338,803;339,803;340,804;341,804;342,805;343,805;344,805;345,806;346,806;347,806;348,808;349,808;349,809;350,809;350,810;351,811;352,811;353,811;354,812;356,812;357,812;358,814;358,815;359,815;359,816;360,816;361,816;362,816;362,818;363,818;363,820;364,820;365,821;366,822;367,822;368,822;369,823;369,824;370,825;371,826;372,827;373,828;374,829;374,830;374,831;376,832;376,833;377,834;377,835;379,835;380,836;381,837;381,838;382,838;382,839;383,840;384,841;385,843;386,844;386,845;387,846;388,847;390,848;390,850;391,850;392,851;393,852;394,854;395,855;396,856;397,858;398,859;398,860;399,862;400,863;401,864;402,866;402,868;402,870;403,871;403,872;403,874;404,875;404,876;405,877;405,878;405,879;405,880;405,881;405,882;405,883;405,884;405,885;405,886;404,886;403,886;402,886;401,886;400,886;399,886;398,886;396,886;394,885;394,884;392,883;391,882;390,881;388,880;387,877;387,875;385,873;385,872;384,870;384,869;383,868;382,867;382,866;381,866;378,863;378,862;377,861;377,860;377,858;376,858;375,857;374,856;374,855;373,854;373,853;372,852;371,852;371,851;370,850;369,848;368,846;367,845;366,844;365,842;365,841;363,840;363,839;362,839;362,838;360,837;359,837;358,837;358,836;356,836;355,835;354,834;353,833;352,832;351,831;351,830;350,829;349,827;348,827;347,826;346,825;344,824;344,823;343,823;343,822;342,822;341,821;341,820;340,819;339,819;338,819;338,818;337,817;336,817;335,817;334,816;333,815;332,815;331,815;330,815;329,814;328,814;328,813;327,813;326,813;325,813;324,813;323,813;322,813;321,813;320,813;319,813;319,814;318,814;317,814;316,815;315,815;314,815;313,815;312,815;310,815;309,815;307,815;306,815;305,815;304,815;303,815;302,815;301,814;300,813;299,812;297,812;296,812;295,811;294,811;293,811;
Stroma, ICG; POLYGON; 255, 255, 255; 239,847;240,847;240,848;241,848;242,848;243,849;243,850;244,851;244,852;245,852;246,854;246,855;248,857;249,858;249,859;250,859;250,860;251,860;251,861;252,863;253,863;254,863;254,864;255,865;256,866;256,867;256,869;256,870;257,871;257,872;258,872;258,873;258,874;258,875;258,876;259,876;259,878;260,878;260,879;261,880;261,881;261,882;261,883;262,884;262,885;262,887;262,888;263,888;264,889;264,890;265,891;266,892;266,893;266,894;267,894;267,895;268,896;269,897;270,897;271,897;271,898;272,899;272,900;273,901;274,902;274,903;274,904;275,906;275,907;276,908;277,909;278,910;279,911;279,912;280,913;281,913;282,914;283,915;284,916;285,919;285,920;286,921;287,922;287,923;287,924;287,925;288,925;288,926;289,927;290,928;290,929;290,930;291,931;292,931;293,932;294,933;294,934;295,935;295,936;296,937;297,937;298,938;299,938;300,939;301,939;303,940;304,940;305,942;306,942;307,942;308,942;308,943;309,943;310,943;311,944;312,945;313,945;315,946;316,946;317,947;318,948;318,949;319,949;319,950;320,950;321,950;322,951;323,951;323,952;325,952;326,952;326,953;327,954;328,955;329,955;330,955;330,956;331,956;332,957;333,958;334,958;336,959;338,960;339,961;340,961;341,961;342,962;343,962;344,963;345,963;346,964;347,964;349,965;350,965;351,966;353,967;355,968;356,968;358,969;359,969;361,970;362,970;363,970;364,970;366,970;367,970;368,971;371,972;374,972;375,972;377,973;378,973;380,973;381,974;382,975;383,975;383,976;384,976;387,976;388,976;389,976;390,976;391,976;392,976;394,976;397,977;400,978;404,978;406,978;408,978;411,978;412,978;413,979;413,980;414,980;415,980;416,980;418,980;419,980;420,980;422,980;423,980;424,980;428,982;431,982;433,982;434,982;436,982;437,982;438,982;439,982;441,982;442,983;446,983;451,985;454,985;456,986;458,986;460,986;462,986;464,986;466,986;469,986;473,986;476,986;478,986;481,986;483,986;484,986;486,986;489,986;491,986;494,986;497,986;499,986;500,986;501,986;503,986;505,986;506,986;507,986;508,986;509,986;510,986;511,986;513,986;514,986;516,986;517,986;518,986;519,986;520,986;521,986;522,986;524,986;525,986;527,986;528,986;530,986;531,986;533,986;535,986;536,986;539,986;542,986;544,986;546,986;547,986;548,986;549,986;551,986;553,986;556,986;560,986;563,986;565,986;568,986;569,986;571,986;572,986;574,986;576,986;577,986;579,986;581,985;582,984;585,984;586,984;589,982;591,981;592,980;594,979;596,978;597,978;600,976;603,975;605,973;606,973;607,972;607,971;608,970;609,970;610,967;610,965;610,964;611,963;612,962;612,960;612,959;612,958;612,956;610,954;609,952;608,952;606,951;605,950;602,950;599,950;596,950;592,950;589,950;586,950;584,950;581,950;579,950;576,950;574,950;572,950;570,950;569,950;567,950;563,950;562,950;560,950;559,950;558,950;556,950;553,951;552,951;551,952;550,952;549,953;547,953;546,953;545,953;543,954;541,954;538,954;537,954;533,954;532,954;530,954;528,954;526,954;525,954;523,955;521,955;519,955;518,955;516,955;514,955;512,955;511,955;509,955;508,955;506,955;502,955;500,955;498,955;495,955;492,955;489,955;486,955;484,955;482,954;481,954;479,954;478,953;475,952;473,951;472,951;469,950;467,950;466,950;466,949;464,949;463,948;462,947;461,946;459,946;458,946;457,944;456,944;454,941;454,940;452,938;451,938;450,937;449,937;448,935;447,935;447,934;446,934;445,932;444,932;443,930;442,930;441,929;441,928;439,927;439,926;438,925;437,924;437,923;437,922;437,921;437,920;437,919;438,918;438,917;438,916;440,916;440,915;441,914;442,913;442,912;442,911;443,910;444,909;444,908;444,907;445,905;445,904;445,903;445,902;445,901;445,900;445,898;445,897;445,896;446,894;446,893;446,892;446,891;446,890;446,889;446,888;446,886;446,885;446,883;446,882;445,881;445,880;444,880;444,879;443,879;443,878;442,878;441,877;441,876;440,875;439,875;439,874;439,873;438,873;437,872;436,872;436,871;435,871;434,869;433,869;432,868;430,867;429,866;427,866;426,866;426,865;425,864;424,864;423,863;423,862;422,862;420,861;419,860;418,860;417,860;416,860;415,860;414,860;413,860;413,859;412,859;411,858;410,858;409,857;409,856;408,855;407,854;405,854;403,853;402,853;402,852;401,852;400,851;400,850;398,850;397,850;397,849;396,849;395,849;393,849;393,848;392,848;390,847;389,847;388,846;387,845;387,844;386,844;384,843;383,843;382,842;381,842;380,842;379,842;378,842;377,842;376,842;375,842;374,842;373,842;372,842;370,842;369,842;368,841;367,841;366,841;365,841;365,840;364,840;363,840;363,841;362,841;362,842;360,843;359,843;359,844;359,845;359,846;359,847;359,848;358,849;358,850;358,851;358,852;356,852;355,852;355,853;354,853;354,854;353,854;352,854;351,854;350,854;349,854;348,854;347,854;346,855;345,856;345,857;345,858;345,859;345,860;345,861;345,862;345,863;345,864;345,865;345,866;345,867;345,868;345,869;345,870;345,871;344,873;344,874;343,875;342,875;342,876;341,878;340,878;339,879;339,880;339,881;338,881;337,882;336,882;335,882;334,882;333,882;332,882;331,882;330,882;329,882;328,882;327,882;326,882;325,882;324,882;323,882;322,882;321,882;320,882;319,882;318,882;317,882;315,882;314,882;314,881;312,879;311,877;310,877;309,876;308,875;308,874;307,873;307,872;306,872;306,871;305,870;304,870;304,869;303,869;302,867;302,866;301,866;300,864;299,864;299,863;298,862;298,861;298,860;297,860;297,858;297,857;297,856;295,854;295,853;295,852;294,852;293,851;292,850;292,849;291,849;291,848;291,847;290,847;289,846;289,845;288,845;286,843;285,842;284,842;284,841;283,840;281,840;280,840;279,840;278,840;277,840;276,839;274,839;273,839;270,839;268,839;268,838;267,838;265,837;263,837;262,837;261,835;260,835;258,834;257,834;256,834;255,834;253,833;
Stroma, ICG; POLYGON; 255, 255, 255; 260,816;258,816;257,816;256,816;255,816;254,816;253,816;252,816;251,816;250,817;249,817;248,817;246,817;245,817;244,818;243,819;242,819;241,819;240,820;240,821;240,822;240,823;240,824;243,826;244,827;246,827;248,829;249,829;250,830;252,831;253,831;255,831;258,831;260,831;261,831;263,831;264,831;265,831;266,832;269,832;270,832;271,832;272,832;273,832;274,832;275,832;276,832;277,832;280,832;281,832;284,832;286,833;289,836;291,838;293,840;
Stroma, ICG; POLYGON; 255, 255, 255; 367,850;366,850;365,849;364,849;363,848;363,847;362,847;362,846;361,846;360,845;359,843;359,842;358,841;356,840;356,839;355,839;355,838;355,837;355,836;356,836;357,836;357,835;358,835;359,834;360,834;361,834;362,834;363,834;363,835;364,836;364,837;365,838;366,839;366,840;366,841;366,842;366,843;
Specular reflection; POLYGON; 191, 91, 22; 484,942;483,942;482,942;481,942;479,942;478,942;477,942;476,942;474,942;473,942;472,942;471,942;470,942;469,942;467,942;466,942;465,942;464,942;463,942;462,942;461,942;460,942;459,941;458,941;456,940;455,940;454,939;453,939;452,938;452,937;452,936;452,935;451,933;451,932;451,930;451,929;451,928;451,926;451,923;452,922;452,921;453,920;454,920;454,919;455,918;456,918;457,918;458,918;459,918;460,918;461,918;462,918;463,918;464,918;465,918;466,918;468,918;469,918;470,918;471,918;472,918;473,918;474,919;475,920;475,921;476,921;477,922;478,922;480,922;481,924;482,924;482,925;483,926;483,927;484,928;484,929;484,930;484,931;484,932;485,934;486,936;487,937;487,938;487,939;486,940;485,940;484,940;483,940;482,941;481,941;480,942;479,943;
Stroma, ICG; POLYGON; 255, 255, 255; 455,945;454,945;454,944;453,944;453,943;452,942;452,941;452,940;452,939;452,938;452,937;452,936;452,935;452,934;452,933;452,932;453,932;453,931;453,929;453,928;454,928;454,927;454,926;454,925;454,924;454,923;454,922;454,921;454,920;455,919;457,918;457,917;457,916;458,916;459,916;460,916;462,916;463,916;464,916;465,916;466,917;468,917;469,917;470,918;470,919;471,919;472,920;473,920;474,920;474,922;475,922;475,923;476,923;476,924;478,924;478,925;479,926;479,927;480,928;480,929;481,930;482,930;482,931;483,932;483,933;483,934;483,936;483,937;483,938;483,940;482,941;481,942;480,942;479,942;478,943;477,945;477,946;477,947;477,948;477,949;477,950;477,951;478,952;480,953;482,954;483,954;485,955;486,955;488,955;490,956;491,956;492,956;494,957;495,957;497,959;498,959;499,960;503,960;506,960;507,960;509,960;512,961;515,961;516,961;518,962;519,962;520,962;521,963;522,963;524,963;526,963;529,963;531,963;534,963;535,963;539,963;541,963;542,963;543,963;544,963;546,963;548,963;550,963;553,963;554,963;555,963;556,963;557,963;559,963;560,963;564,963;566,963;569,964;572,965;574,965;575,965;576,965;578,965;579,965;581,965;582,965;585,965;586,965;587,965;588,965;590,965;591,965;592,965;593,965;594,965;596,965;597,965;599,965;600,965;600,964;601,963;601,962;602,962;602,961;602,960;602,959;602,958;602,957;602,956;602,955;602,954;602,952;602,951;602,950;602,949;602,948;602,947;602,946;602,945;602,944;602,942;602,941;602,940;602,939;602,938;602,937;602,936;602,935;602,934;602,933;602,932;602,930;601,929;599,928;598,928;597,928;596,927;595,927;594,927;593,925;591,925;590,925;589,925;588,924;587,924;586,924;584,924;583,923;582,923;581,922;580,922;578,921;576,920;574,920;573,920;571,920;570,920;568,920;567,920;566,920;565,919;565,918;564,918;563,918;562,917;561,917;560,917;560,916;559,916;558,916;557,915;556,915;555,913;554,912;553,912;552,912;550,912;549,911;548,910;547,910;545,910;544,909;543,909;542,908;541,908;540,908;539,908;538,907;537,907;536,907;536,906;534,906;533,905;532,905;531,904;530,904;529,903;528,903;526,903;525,903;524,902;523,901;522,901;521,901;520,900;519,900;517,900;516,900;516,899;513,899;512,899;510,899;508,898;507,898;506,898;505,897;503,896;502,896;501,895;500,895;499,895;497,893;496,893;495,893;495,892;494,891;493,890;493,889;493,888;491,887;490,887;489,886;489,885;488,885;486,884;485,883;484,882;483,882;482,882;480,882;479,882;478,882;477,881;476,881;475,881;474,881;473,881;472,881;471,881;470,881;469,881;467,880;466,880;464,879;462,879;461,879;460,879;459,877;458,876;457,875;456,875;451,874;449,874;446,873;444,872;443,872;441,872;440,872;439,872;438,870;437,870;436,869;434,868;433,868;431,868;429,868;428,867;427,867;426,867;424,866;423,865;422,864;420,863;419,863;419,862;417,862;416,862;415,861;414,860;413,859;413,858;412,857;411,857;410,857;410,856;408,855;407,854;404,853;403,852;402,851;401,850;400,850;399,850;398,850;398,849;397,849;397,848;396,848;395,848;394,847;393,847;393,846;391,844;390,844;389,843;388,842;386,842;385,842;384,842;383,842;382,842;381,842;381,843;380,843;380,844;379,845;379,846;379,847;379,848;379,849;379,851;379,853;379,855;379,859;379,860;379,863;379,866;379,868;379,871;379,872;379,875;379,877;379,878;379,879;379,881;379,882;379,883;379,884;379,886;379,887;379,888;379,889;379,890;379,892;379,894;379,895;379,896;379,898;379,899;380,902;380,904;381,906;382,910;382,912;383,914;383,917;385,919;385,920;385,923;386,924;387,926;387,927;388,928;389,931;390,931;391,933;392,934;394,936;395,938;396,938;396,939;398,940;398,941;399,942;400,943;401,945;402,946;403,948;407,949;409,950;410,951;412,952;413,954;414,954;415,956;417,956;418,956;420,957;421,958;422,958;423,958;424,958;427,960;430,961;432,962;433,962;435,962;437,962;438,963;441,963;443,963;444,963;446,964;448,964;449,964;450,964;452,964;453,964;455,964;456,964;457,964;458,963;459,963;461,963;462,962;
Stroma, ICG; POLYGON; 255, 255, 255; 451,945;452,945;453,945;454,944;455,944;456,944;457,944;458,944;459,943;460,942;460,941;461,941;462,941;463,941;464,941;465,941;467,941;469,941;471,941;472,941;473,941;475,941;476,941;477,941;478,941;479,941;480,941;481,941;482,941;483,941;485,941;486,941;487,941;488,941;490,942;492,943;493,943;494,943;495,944;496,945;497,945;497,947;497,948;497,949;497,950;497,951;497,952;497,954;497,955;496,957;495,959;495,960;494,960;494,961;493,961;492,961;491,961;489,961;488,962;487,962;485,962;484,963;483,963;482,963;481,963;480,963;478,963;477,963;475,963;471,963;470,963;466,963;465,963;461,963;457,963;453,963;451,963;449,963;445,963;444,962;443,962;441,962;439,961;438,961;436,961;435,961;434,961;433,961;432,960;430,959;430,958;429,958;428,957;426,956;424,956;
Stroma, ICG; POLYGON; 255, 255, 255; 392,849;393,849;393,850;394,851;395,852;395,853;396,853;397,854;398,854;399,855;400,855;401,855;402,855;403,855;404,855;405,855;405,856;406,856;407,856;408,856;409,856;411,856;413,858;415,859;416,859;417,859;418,860;419,860;420,860;421,860;422,861;423,861;425,862;426,862;427,862;429,864;430,864;431,865;432,865;434,865;434,866;435,866;436,867;437,868;438,868;439,868;441,870;442,871;443,871;444,871;446,872;447,872;448,873;449,873;450,873;452,873;453,874;454,874;455,875;456,875;458,876;459,876;460,876;461,876;462,876;463,876;463,877;464,877;465,878;466,878;467,878;469,878;470,879;471,879;472,879;472,880;473,880;474,881;475,882;476,882;477,882;478,882;479,883;480,883;481,883;482,883;483,883;484,883;485,884;486,885;487,885;488,886;489,887;489,888;490,888;491,888;493,888;494,889;495,889;497,890;498,890;499,890;500,890;500,891;501,891;502,891;503,891;504,891;505,893;506,894;507,895;509,896;510,897;511,897;512,898;513,898;514,898;515,898;516,900;517,902;518,903;519,903;519,904;519,905;519,908;519,909;519,910;518,910;516,910;515,910;514,910;513,910;511,911;510,911;508,911;507,911;506,911;505,911;503,911;501,911;500,911;499,911;496,909;493,907;491,907;489,906;486,905;482,904;477,904;473,902;468,900;464,899;461,897;458,897;454,896;454,895;452,895;451,895;450,893;449,893;447,892;445,892;444,891;440,890;438,889;437,889;435,888;433,887;432,886;431,886;430,886;429,885;426,884;425,884;422,882;420,881;418,879;416,878;415,878;414,877;413,877;412,877;411,877;
Stroma, ICG; POLYGON; 255, 255, 255; 590,931;592,931;593,931;594,931;595,931;596,931;597,931;598,931;600,931;601,931;602,931;604,931;605,931;606,931;607,931;608,931;609,931;610,931;611,931;612,931;614,931;615,931;616,931;617,932;618,932;619,934;620,936;621,936;622,936;622,937;623,937;624,938;625,938;625,939;625,940;625,941;626,941;626,942;627,943;627,944;628,944;628,945;629,946;629,947;630,947;631,947;632,947;633,947;635,947;636,947;637,947;638,947;639,947;640,947;641,947;642,945;643,945;644,945;647,944;648,944;649,944;650,944;651,944;652,944;653,944;654,944;655,944;656,944;657,944;659,944;660,944;661,944;662,944;663,944;664,944;665,944;667,944;668,944;669,944;670,944;671,944;672,944;673,944;673,945;673,946;673,947;673,948;673,949;673,950;673,951;673,952;673,953;672,953;672,954;672,955;671,955;671,956;670,958;669,958;669,959;667,959;667,960;666,961;665,961;665,962;663,963;663,964;661,964;660,964;659,965;658,965;656,966;654,966;653,967;651,968;650,969;647,970;644,970;639,972;637,974;635,974;634,974;632,976;630,977;629,977;628,977;626,977;625,978;623,978;622,979;620,979;618,979;617,979;616,980;615,980;614,981;613,981;612,981;610,981;608,981;607,982;606,982;605,983;603,983;602,983;601,983;600,983;599,983;598,983;597,983;595,983;593,983;592,983;589,983;586,983;582,983;578,983;574,983;572,983;569,982;566,982;565,982;564,981;565,980;
Stroma, ICG; POLYGON; 255, 255, 255; 161,674;163,675;164,675;167,676;170,676;171,676;173,678;174,678;175,679;176,680;178,681;179,681;181,681;182,681;182,682;184,682;185,682;186,683;187,683;188,684;189,685;190,685;191,685;191,686;192,687;193,688;194,688;195,689;196,689;196,690;197,691;198,692;199,692;200,693;202,694;203,694;205,695;206,697;207,697;208,698;208,699;209,700;211,701;212,702;213,702;214,703;216,703;217,704;218,705;218,706;219,707;221,708;222,708;223,709;224,709;225,709;226,711;227,711;228,712;229,712;230,713;231,713;231,714;233,714;234,714;235,714;236,715;237,716;238,716;239,716;240,717;240,718;241,719;242,719;242,720;243,720;244,721;244,722;244,723;244,724;244,725;244,726;244,727;244,728;244,729;244,730;244,731;244,732;243,732;242,732;242,733;241,734;241,735;240,735;239,735;238,735;237,735;236,735;235,735;234,735;234,736;231,736;230,736;229,736;226,736;225,736;223,736;222,736;219,736;215,736;212,736;208,734;207,734;206,734;205,734;203,733;201,732;200,732;199,731;198,731;198,730;197,730;197,729;196,728;195,728;194,727;193,727;
Stroma, ICG; POLYGON; 255, 255, 255; 570,369;570,371;569,372;568,373;567,373;566,374;565,375;564,375;563,378;563,379;562,379;561,379;560,379;559,379;558,379;555,378;554,378;553,378;552,377;551,375;551,374;551,373;550,373;550,372;550,371;550,370;550,368;550,367;549,367;548,365;548,364;548,363;548,362;547,361;547,360;547,359;547,358;547,356;547,355;547,354;547,352;547,351;547,349;548,348;549,348;550,348;
Stroma, ICG; POLYGON; 255, 255, 255; 541,485;542,486;542,487;543,487;545,487;546,487;547,487;548,487;549,487;550,487;551,487;552,487;555,487;557,487;558,487;559,487;560,487;561,487;562,487;563,487;564,487;566,487;567,487;567,486;568,485;569,485;570,485;570,484;571,484;571,483;572,482;573,482;574,481;574,480;574,479;574,478;574,477;573,476;572,475;571,475;570,475;569,475;569,474;568,473;567,472;567,471;567,470;567,469;566,469;566,468;566,467;566,466;566,465;566,464;566,463;566,462;566,461;567,460;567,459;569,459;570,459;571,459;572,459;574,458;575,458;577,457;578,457;581,456;583,456;584,456;585,456;586,456;587,457;588,458;588,459;588,461;588,462;589,462;589,463;590,463;591,464;593,465;594,467;595,467;596,467;597,467;598,467;599,467;600,468;601,468;603,468;604,468;605,468;606,468;607,468;608,469;609,469;611,470;612,470;613,470;614,470;615,470;616,470;617,470;618,470;620,470;621,470;622,470;623,470;625,470;626,470;627,470;628,471;629,471;630,471;630,472;631,472;633,472;634,472;636,472;638,472;639,472;640,472;642,471;643,471;644,471;645,471;646,471;648,471;650,471;651,471;652,471;653,471;654,471;655,471;656,470;657,470;659,470;661,469;663,469;664,469;665,469;666,469;667,469;668,469;669,469;670,469;671,469;672,469;673,469;673,468;674,468;675,468;676,468;677,468;679,468;680,468;681,468;682,468;683,468;684,467;685,467;686,467;687,466;687,465;688,465;689,465;690,465;691,465;692,465;693,464;695,464;696,464;697,464;698,464;699,464;700,464;701,464;702,464;703,464;704,464;705,464;707,464;708,464;709,464;710,464;710,463;710,462;710,461;710,460;710,459;709,458;709,457;708,456;708,455;708,454;706,453;706,452;705,451;704,450;704,449;704,448;704,447;704,446;703,445;703,444;703,442;703,441;704,440;705,440;706,439;707,439;708,439;709,439;710,439;713,439;714,439;715,439;717,438;719,438;720,438;721,438;722,438;723,438;725,438;727,436;728,436;730,436;731,435;732,435;733,434;734,434;735,433;736,433;737,433;739,432;740,432;741,431;742,431;743,431;743,430;744,430;745,430;746,430;747,429;748,429;749,429;750,429;752,428;753,428;755,427;756,427;757,427;758,427;759,427;761,425;761,424;762,424;762,423;763,423;764,422;765,422;767,422;768,420;769,419;770,419;770,418;770,417;771,417;772,416;773,416;774,416;775,414;776,414;777,414;778,413;778,412;778,411;779,411;781,410;782,410;783,410;784,408;785,408;787,408;789,407;791,406;791,405;792,404;793,404;794,404;795,404;796,403;797,402;798,402;799,401;800,401;801,401;802,400;802,399;803,399;804,399;805,398;806,398;807,398;808,398;809,398;810,398;811,397;813,397;814,397;816,397;818,397;819,396;820,396;820,395;821,395;822,394;823,394;825,394;826,393;827,393;828,393;829,393;829,392;830,392;832,392;833,391;834,391;834,390;835,390;837,389;838,388;840,387;841,387;842,387;843,387;843,386;845,386;846,385;846,384;847,384;848,383;849,382;849,381;849,380;850,379;850,378;850,376;850,375;850,374;850,373;850,372;850,371;849,371;848,371;847,369;846,369;845,369;844,369;843,369;842,369;841,369;840,369;839,369;838,369;837,369;836,369;835,369;833,368;832,368;830,368;829,368;828,368;827,367;825,367;824,367;824,366;823,366;822,366;821,366;820,366;819,366;817,366;816,366;815,366;814,366;813,366;812,366;811,366;810,366;809,366;807,366;806,366;805,365;804,362;800,361;798,360;795,358;795,357;795,356;794,355;793,354;792,354;792,353;792,352;792,348;792,347;791,346;789,342;789,341;789,340;789,339;789,337;789,336;790,336;791,336;792,336;792,335;793,335;794,335;796,335;798,335;799,335;800,335;801,335;802,335;803,335;804,335;805,335;807,334;808,334;809,334;810,334;811,334;813,334;814,334;816,334;817,335;818,337;818,338;819,338;820,339;821,339;821,340;822,341;824,341;825,341;826,341;827,341;828,341;829,341;830,341;831,341;832,341;833,341;834,341;835,341;836,341;838,341;839,341;840,341;841,341;842,341;843,341;844,341;845,342;846,342;847,342;848,342;849,342;850,342;852,343;853,343;854,344;856,344;857,344;859,344;860,345;860,346;861,346;862,347;862,348;863,350;863,351;863,352;863,354;864,356;864,357;865,357;865,358;865,359;866,360;866,361;867,363;868,364;868,365;868,366;870,366;871,368;871,369;872,370;872,371;873,371;874,372;875,372;875,374;876,374;877,375;878,375;878,376;879,376;880,376;881,377;882,378;883,379;884,379;885,380;886,380;887,381;888,381;889,381;891,381;892,381;893,381;894,381;895,382;896,382;897,382;898,382;899,382;900,382;902,382;903,382;904,382;905,382;906,383;908,383;909,383;910,383;911,383;912,383;913,383;914,383;915,383;916,383;917,383;918,383;919,383;920,383;921,383;922,383;923,383;924,383;925,383;926,383;927,383;928,383;930,383;931,383;932,383;933,383;934,383;935,383;937,382;938,382;939,382;940,382;941,380;942,379;943,378;944,377;945,377;945,376;946,376;946,375;946,374;946,373;948,373;949,372;949,371;950,371;950,370;951,369;951,368;951,367;952,366;952,365;952,364;952,363;953,361;953,360;954,359;955,359;956,359;957,359;958,359;959,359;960,359;961,359;962,359;963,359;964,359;965,359;967,359;968,359;969,358;971,358;972,358;973,358;974,358;975,358;977,358;978,358;979,357;980,357;982,355;983,355;984,354;985,354;987,353;988,353;989,353;990,353;991,351;992,351;994,351;995,351;996,351;997,351;998,350;999,350;1000,350;1001,350;1001,349;1001,348;1003,348;1004,348;1006,348;1007,348;1008,348;1009,348;1010,348;1012,348;1013,348;1014,348;1015,349;1016,350;1017,351;1017,352;1018,353;1018,354;1019,356;1020,356;1020,357;1020,358;1021,360;1021,361;1021,362;1021,363;1021,364;1021,365;1021,366;1021,367;1021,368;1021,369;1021,370;1021,371;1021,372;1021,373;1021,375;1021,376;1021,377;1021,378;1021,379;1021,381;1021,382;1021,383;1021,384;1021,385;1021,386;1021,387;1021,388;1021,389;1020,389;1020,390;1020,391;1020,392;1020,393;1020,395;1020,396;1020,397;1020,398;1019,400;1019,401;1019,402;1019,403;1019,404;1019,405;1019,406;1019,407;1019,408;1019,409;1019,410;1019,411;1019,412;1019,413;1019,414;1019,415;1019,416;1019,417;1019,418;1018,419;1018,420;1017,421;1016,421;1016,422;1016,423;1016,425;1016,426;1015,426;1014,426;1014,427;1013,427;1012,428;1011,429;1010,430;1010,431;1009,432;1008,433;1007,433;1007,434;1006,434;1004,435;1004,436;1004,437;1002,438;1001,438;1001,439;1000,439;999,439;999,440;998,440;997,440;997,441;995,441;994,441;993,442;993,443;992,443;991,444;990,445;989,445;989,446;988,446;988,447;988,448;987,449;987,450;987,451;986,452;985,454;985,455;984,455;983,456;983,458;982,460;982,461;982,463;981,463;981,464;981,465;981,466;981,467;981,468;980,468;980,470;980,471;981,473;982,474;983,475;984,476;985,476;986,476;988,476;989,476;989,477;990,477;991,478;992,478;993,478;994,478;995,478;996,478;998,478;999,478;1001,478;1003,478;1005,477;1006,477;1008,476;1009,476;1011,476;1012,475;1013,475;1014,476;1014,479;1014,481;1014,483;1014,484;1014,485;1014,487;1014,488;1014,489;1014,490;1014,492;1014,493;1014,494;1014,495;1014,497;1014,498;1014,500;1014,502;1014,504;1014,505;1014,506;1013,508;1013,511;1013,512;1012,514;1011,517;1011,519;1009,523;1009,526;1006,531;1005,533;1004,535;1001,538;1000,540;998,542;997,545;994,548;993,548;992,549;991,551;990,551;990,552;990,553;989,554;988,556;987,558;987,559;986,560;985,561;985,564;984,564;983,566;982,567;982,569;981,570;980,572;980,573;978,575;976,577;975,578;975,579;975,580;974,581;973,582;973,583;971,584;970,585;969,587;968,589;967,590;966,591;964,593;963,595;961,595;961,596;960,596;959,596;958,597;957,597;957,598;957,599;955,600;953,600;952,600;949,600;945,600;942,600;941,601;938,601;936,601;933,601;930,601;926,601;923,601;920,601;916,601;912,601;908,601;905,601;902,601;900,601;898,601;895,600;892,599;889,599;884,597;880,596;875,594;871,593;870,593;869,592;868,592;866,591;865,591;864,590;863,589;861,587;860,586;859,586;858,585;857,585;857,584;855,583;852,579;850,578;847,576;846,575;844,573;843,572;841,571;840,570;840,568;838,566;836,564;834,561;833,559;833,557;832,556;831,554;831,553;830,552;829,552;829,550;828,549;827,548;826,547;826,544;825,543;825,542;824,541;824,540;824,539;824,538;823,537;823,536;822,536;822,535;821,534;820,532;820,531;820,530;819,529;818,528;817,526;816,525;815,524;814,523;813,522;812,521;811,521;810,520;810,519;809,519;808,518;807,518;805,516;804,515;804,513;803,512;803,511;803,510;803,509;802,508;802,507;802,506;802,505;801,503;801,502;801,501;801,500;801,499;801,498;801,497;801,496;801,495;802,494;803,493;805,493;806,493;806,492;807,492;808,492;809,492;810,492;810,491;811,491;812,489;813,489;813,488;814,488;816,488;817,487;818,486;818,485;818,484;818,483;818,482;818,481;818,480;818,479;818,478;818,476;818,475;818,474;816,473;816,472;815,472;813,472;812,472;811,472;810,471;810,470;810,469;809,469;808,468;807,468;806,468;805,468;804,468;803,468;803,467;802,467;801,467;800,467;799,467;798,467;797,467;796,467;795,467;794,467;793,467;792,467;791,467;790,467;789,467;789,468;788,468;788,469;787,470;787,471;786,472;785,473;785,474;784,475;784,476;784,477;783,477;782,478;781,478;781,479;780,479;780,480;780,481;779,482;779,483;778,484;778,485;778,486;778,488;778,490;778,491;778,492;778,493;779,494;779,495;780,496;780,497;780,498;780,499;782,501;782,502;782,503;782,504;782,505;782,506;782,507;782,508;782,510;782,511;782,512;782,513;782,514;782,515;782,517;782,520;782,521;782,522;782,523;782,524;781,526;780,526;780,527;779,528;779,529;778,529;777,530;776,532;776,533;775,534;774,535;773,537;772,537;770,538;769,539;766,540;766,541;765,541;761,541;757,543;756,544;755,544;753,545;752,545;751,546;749,546;748,547;746,547;745,547;744,547;743,547;743,548;742,548;741,549;740,550;739,550;735,550;734,551;734,552;733,552;731,552;731,553;730,553;729,553;728,553;726,553;723,553;721,555;720,555;719,555;719,556;718,556;716,556;715,556;714,557;710,558;707,558;706,558;705,558;704,558;703,558;702,558;701,558;699,558;698,557;697,556;696,556;694,556;693,556;693,555;691,554;690,554;689,554;688,553;687,553;685,552;684,551;683,550;682,549;682,548;682,547;682,546;682,545;682,544;682,543;682,541;683,539;684,538;684,537;684,535;684,534;683,534;682,533;681,532;680,531;679,530;677,530;676,530;675,530;675,529;674,529;673,529;672,529;671,529;670,529;669,530;669,531;669,532;667,533;666,533;666,534;665,534;664,536;663,536;663,538;662,539;662,540;662,541;662,542;661,542;661,543;660,545;659,546;658,546;658,547;656,548;655,548;655,549;653,550;652,550;651,550;650,550;650,551;649,551;648,551;647,551;646,550;645,549;645,548;644,548;643,547;643,546;642,545;642,544;642,542;642,541;641,540;640,539;639,539;638,539;637,539;636,539;635,538;633,538;632,538;631,538;629,537;628,537;628,536;628,535;627,535;627,534;626,533;625,533;624,533;624,532;624,531;623,530;622,529;621,527;620,527;619,526;618,525;618,524;618,522;618,521;618,520;618,518;617,517;617,515;617,514;616,513;615,513;614,513;613,513;612,513;610,513;609,512;608,512;606,512;605,512;604,512;603,512;602,512;601,512;600,512;598,512;597,513;596,513;595,514;594,515;593,515;592,517;591,517;590,518;589,518;588,518;588,519;586,519;585,520;584,520;583,520;582,521;582,522;582,523;581,523;580,524;579,524;579,525;578,525;578,526;577,527;577,528;575,529;574,530;573,530;573,531;572,531;572,532;571,533;571,534;570,535;569,535;569,536;569,537;568,537;568,538;567,539;567,540;566,541;565,541;564,542;562,543;561,544;560,545;559,546;558,547;557,547;557,548;556,548;555,548;553,548;552,548;551,548;550,548;549,548;548,548;547,548;546,548;545,547;543,545;543,544;541,544;540,543;539,542;538,541;537,541;536,541;536,540;536,539;535,538;534,537;532,537;532,536;531,535;530,534;529,533;528,532;528,530;527,530;525,527;524,526;523,525;522,523;520,521;519,519;518,515;518,514;518,513;518,511;518,510;517,508;517,507;517,506;517,505;517,504;517,501;517,499;517,498;517,495;517,493;517,490;517,489;517,488;517,487;517,486;518,483;519,482;520,482;520,481;520,480;521,478;522,476;523,475;523,474;523,472;
Stroma, ICG; POLYGON; 255, 255, 255; 780,502;781,502;781,504;782,505;783,506;783,507;784,508;785,508;785,509;785,510;786,511;787,511;788,511;789,511;790,511;791,511;793,511;794,511;795,511;796,510;797,510;799,510;800,510;801,510;802,510;803,510;805,510;806,510;808,510;810,510;811,510;812,510;813,510;815,510;816,510;817,510;818,510;819,510;820,510;821,510;822,510;823,510;824,510;825,510;827,510;829,510;831,510;833,512;835,512;835,513;836,513;838,514;839,514;840,515;842,515;844,516;845,518;847,519;851,520;852,521;853,522;855,522;855,524;856,526;857,528;859,530;859,531;860,533;861,534;862,535;862,536;863,536;863,538;863,539;864,540;864,541;864,543;864,544;864,545;864,546;864,547;864,549;864,550;864,551;863,552;863,553;863,554;862,555;861,555;861,556;860,557;860,558;859,559;858,560;857,561;856,562;855,562;853,564;851,566;850,567;848,568;848,569;847,569;845,569;844,569;844,570;843,571;842,571;841,571;840,571;839,573;838,574;837,575;836,575;835,575;834,575;833,576;832,576;831,576;830,576;829,576;827,576;824,576;823,576;822,576;820,576;819,576;818,576;817,576;816,576;815,576;814,576;813,576;812,576;811,576;809,576;808,576;807,576;806,576;805,577;803,577;802,577;801,579;800,579;799,580;799,581;798,581;798,582;798,583;798,584;798,585;798,586;797,588;797,589;797,592;797,593;796,594;796,595;795,597;795,598;793,598;792,598;790,599;789,599;787,599;786,599;785,599;783,599;780,599;779,599;778,598;776,597;774,596;773,596;772,596;771,596;770,596;769,596;768,596;767,596;766,595;765,595;764,595;763,594;763,593;762,592;762,591;761,590;760,590;759,589;758,589;757,588;756,588;756,587;755,586;755,585;754,585;753,585;753,584;752,583;751,582;751,580;749,579;749,578;748,578;747,577;746,576;746,575;744,573;743,573;742,573;741,573;738,571;737,570;736,569;736,568;735,567;735,565;735,563;735,562;735,560;734,558;734,557;734,556;734,554;733,554;733,553;733,552;733,551;733,550;733,548;733,547;733,545;734,544;735,541;736,539;737,538;738,535;739,535;739,534;740,532;741,532;741,531;742,529;743,528;744,527;744,525;744,524;747,520;748,520;750,519;751,519;752,517;753,517;755,515;755,514;756,514;757,512;757,511;758,511;759,511;760,510;760,509;762,509;763,509;764,509;765,508;766,508;767,508;767,507;769,506;769,505;770,505;772,503;773,503;774,503;775,503;776,502;777,502;778,501;
Stroma, ICG; POLYGON; 255, 255, 255; 815,396;816,396;817,396;818,396;819,396;820,396;822,395;824,395;825,395;825,394;826,393;827,393;828,393;829,392;830,392;831,392;831,391;832,390;833,389;835,388;836,385;837,384;837,383;837,381;837,380;837,379;837,378;838,376;838,375;838,374;838,372;839,371;839,370;840,369;841,369;842,368;843,368;844,368;845,368;846,368;846,369;847,369;848,370;849,371;849,372;849,373;849,374;850,375;851,376;851,377;851,379;851,380;851,381;851,382;851,383;851,385;851,386;851,387;851,388;851,390;851,392;851,393;851,394;851,395;850,397;850,398;850,399;849,400;848,400;848,401;848,402;847,403;847,405;846,405;845,407;844,408;843,409;843,410;843,411;843,412;843,413;843,414;843,415;843,418;843,419;843,421;
Stroma, ICG; POLYGON; 255, 255, 255; 944,372;944,371;944,370;944,368;944,367;943,367;943,366;943,364;943,363;943,362;943,361;943,360;943,358;943,357;943,355;944,354;946,353;946,352;947,351;947,350;948,350;949,350;951,350;952,350;953,350;954,350;955,351;956,352;957,352;957,353;957,355;957,357;957,359;957,361;957,364;957,367;957,368;957,369;957,370;957,371;957,373;956,374;956,375;956,376;955,376;955,377;955,378;954,379;
Stroma, ICG; POLYGON; 255, 255, 255; 859,388;857,388;856,388;855,388;854,388;853,388;852,388;851,388;850,387;849,387;848,387;847,387;845,385;844,385;843,384;842,383;841,382;841,381;839,379;839,378;839,377;839,376;839,375;839,374;839,373;839,372;839,371;839,370;839,369;839,367;841,366;841,365;841,364;842,364;842,363;844,363;846,363;848,363;849,363;849,362;850,362;851,362;852,362;853,362;853,363;854,364;854,365;854,367;855,368;855,369;855,371;855,372;855,373;855,375;855,376;855,378;855,379;856,380;856,381;856,383;857,386;857,387;857,388;857,389;
Stroma, ICG; POLYGON; 255, 255, 255; 592,579;593,579;593,578;593,577;594,575;595,575;596,575;597,574;598,574;599,574;600,574;602,573;603,573;604,572;605,572;606,572;607,572;609,572;610,572;611,572;612,572;613,572;614,572;616,572;617,572;618,572;620,572;621,572;622,572;623,572;624,572;625,572;626,572;627,572;628,572;629,572;630,572;632,572;633,572;634,572;635,572;636,572;637,572;638,572;639,573;639,574;639,575;639,576;639,577;639,578;639,579;639,580;639,581;639,582;638,584;637,585;636,585;634,585;633,586;631,586;630,587;628,588;626,588;624,588;621,589;619,589;617,589;615,589;614,589;612,589;611,589;610,589;
Stroma, ICG; POLYGON; 255, 255, 255; 629,636;630,635;631,635;632,634;633,634;634,634;635,634;637,634;638,634;640,634;641,633;642,633;643,633;644,633;645,633;646,633;646,634;647,634;647,635;648,635;648,637;648,638;650,639;652,640;652,641;652,642;653,643;654,645;655,645;655,646;655,647;655,650;656,650;656,651;657,652;
Stroma, ICG; POLYGON; 255, 255, 255; 665,648;666,648;667,648;668,648;669,648;670,647;671,647;672,647;673,647;674,647;675,647;676,646;677,645;678,643;679,642;679,641;679,640;679,639;679,638;679,636;679,635;678,634;678,633;678,632;678,631;678,630;678,629;678,628;678,627;678,626;678,624;678,623;677,623;677,622;677,621;677,619;677,618;677,617;677,616;677,615;677,614;677,613;677,612;678,611;679,610;679,609;680,609;681,608;681,607;681,606;682,606;683,605;684,605;685,605;686,605;686,604;687,604;688,603;689,603;689,602;690,602;691,601;693,600;694,600;695,600;696,600;697,600;698,599;699,599;701,599;702,599;703,598;704,598;706,597;707,597;708,597;709,597;710,597;711,597;712,596;713,596;714,595;714,594;715,594;716,593;717,593;718,593;718,592;719,592;720,592;721,592;722,592;723,592;724,591;725,591;727,590;728,590;729,589;730,589;732,587;733,587;734,586;735,585;736,585;737,585;738,584;739,584;740,584;741,584;742,584;743,584;744,584;745,584;746,584;748,584;750,584;752,584;753,584;755,584;756,584;757,584;758,584;760,584;761,584;763,584;765,584;766,584;768,584;769,584;770,584;771,584;772,584;773,584;774,584;776,584;777,584;779,584;780,584;781,585;782,585;783,585;783,586;784,587;784,588;785,589;785,590;786,590;787,591;788,591;789,591;790,591;791,592;792,592;793,592;793,594;794,594;795,595;797,595;798,595;799,596;800,596;801,596;802,596;803,596;804,596;805,596;806,595;807,594;807,593;808,592;810,592;811,592;812,592;812,594;812,595;811,597;810,598;809,599;808,600;807,602;807,603;807,604;807,605;808,606;808,607;808,608;808,609;808,610;808,611;808,612;808,613;809,614;810,614;810,615;810,616;810,617;810,618;811,619;811,620;811,621;812,621;812,622;812,624;812,625;812,626;812,627;813,627;813,628;813,629;813,630;814,631;814,632;815,632;815,633;816,634;816,635;816,637;816,638;817,638;819,638;820,638;821,638;822,638;823,638;824,638;825,638;826,638;828,638;829,638;831,638;832,638;833,638;834,638;835,638;836,638;837,638;838,638;839,637;839,636;840,636;841,636;842,636;843,635;844,634;844,633;845,633;845,632;845,631;845,630;846,629;846,628;847,627;847,626;847,624;847,623;848,622;848,621;848,620;848,619;848,618;848,617;849,616;849,615;849,614;850,613;850,612;850,611;852,610;853,609;854,608;854,607;854,606;854,605;854,603;854,602;855,600;855,599;855,598;855,597;855,596;855,595;855,594;855,593;855,592;855,591;855,590;855,589;855,587;855,586;855,585;856,584;856,583;858,581;859,581;860,581;863,581;865,581;866,581;867,581;868,581;870,581;872,580;875,580;878,580;882,580;885,580;888,580;892,580;895,580;898,580;900,580;902,580;906,578;907,578;908,578;910,577;912,576;912,575;914,575;918,574;920,573;922,572;924,572;926,571;927,570;928,570;930,570;931,568;932,568;933,568;934,567;935,566;936,566;937,566;939,564;941,562;943,561;943,560;944,560;946,558;947,558;948,558;950,556;950,555;952,554;952,553;954,552;955,552;957,551;959,548;960,548;962,546;965,545;968,543;970,543;972,542;973,542;974,541;975,541;976,541;977,541;978,541;982,541;985,541;988,541;990,541;992,541;994,541;995,541;996,541;997,541;998,541;999,541;999,543;1000,544;1000,546;1000,550;1000,552;1000,556;1000,559;1001,561;1001,565;1001,568;1001,571;1001,574;1001,576;1001,578;1001,579;1001,583;1001,585;1001,587;1000,592;1000,594;1000,597;999,600;998,602;996,605;995,608;993,612;992,614;992,618;992,619;992,621;991,623;990,626;990,627;990,629;989,631;988,634;985,638;984,640;983,643;982,647;980,649;980,650;979,652;977,654;976,656;973,659;971,662;970,662;970,663;969,663;967,665;966,666;965,667;964,667;963,667;962,667;960,668;958,669;957,669;955,669;954,669;953,669;952,669;951,669;950,669;948,669;947,669;946,669;945,669;944,669;943,669;942,669;941,669;939,669;938,669;937,669;936,670;935,671;935,672;934,672;933,673;932,673;931,673;931,674;930,675;928,676;927,678;926,680;925,680;924,681;923,681;923,682;922,682;922,683;922,684;922,685;921,686;921,687;921,688;920,689;919,690;919,691;919,692;918,693;918,694;917,695;916,695;916,697;915,697;915,698;914,698;914,699;913,699;912,699;912,700;911,700;911,701;910,701;909,702;908,702;907,702;906,702;904,702;903,702;902,702;902,703;900,703;899,704;898,704;897,704;896,704;895,704;893,705;892,705;891,705;890,705;889,705;888,705;887,705;886,705;886,704;886,703;886,702;886,701;886,700;886,699;886,698;886,697;886,696;886,695;886,694;886,693;886,692;886,690;886,689;886,688;886,687;886,686;886,684;886,683;886,682;886,681;886,680;886,679;886,677;886,676;885,675;883,675;882,675;880,674;879,674;877,674;876,674;875,674;874,674;874,675;873,676;872,676;871,677;871,678;870,678;869,679;869,680;869,681;869,683;869,684;869,686;869,687;868,687;868,688;868,689;868,690;867,691;867,692;867,693;866,694;866,696;865,698;864,698;864,699;863,699;862,700;861,700;860,702;860,703;859,703;859,704;858,705;857,705;857,706;857,707;856,708;855,709;855,710;854,710;854,711;853,711;851,713;851,714;850,715;849,715;848,716;847,716;847,717;846,717;846,719;845,720;844,721;843,722;843,723;842,723;841,724;840,725;840,726;839,727;838,727;837,727;836,728;836,729;834,730;833,732;832,734;831,734;830,735;830,736;828,737;827,737;826,737;826,738;825,739;825,740;824,741;823,742;822,742;822,743;821,744;821,745;820,746;819,747;818,748;816,749;815,750;814,752;813,754;811,756;810,757;808,758;806,760;804,761;802,761;801,761;799,763;798,763;796,763;796,765;795,765;792,765;791,765;790,765;788,766;787,766;784,768;783,768;781,768;778,769;775,769;773,769;770,769;767,769;765,769;761,769;757,769;755,769;751,769;748,769;745,769;742,769;741,769;740,769;738,769;737,769;736,769;733,769;731,769;729,769;727,769;725,769;723,769;722,769;719,769;717,769;714,768;712,768;709,767;707,765;704,764;703,763;702,763;701,763;700,762;700,761;698,761;696,760;695,758;694,757;694,756;693,755;693,754;692,754;692,752;691,751;691,749;691,747;690,746;689,744;689,743;689,742;688,741;687,741;687,740;686,739;685,738;684,738;684,737;683,736;683,735;682,735;682,734;681,734;680,734;679,733;678,732;677,732;677,731;676,730;675,729;674,729;674,728;674,727;674,725;675,723;675,722;676,722;676,721;676,720;677,720;678,720;679,719;679,718;679,717;680,717;680,716;681,716;681,715;681,714;682,713;682,712;683,711;683,710;683,709;683,708;683,706;682,705;682,704;682,703;681,702;680,700;679,700;679,699;678,699;677,698;677,697;676,696;676,695;676,693;674,692;673,691;673,690;672,690;672,689;672,688;671,686;670,685;669,684;669,683;668,682;668,681;667,680;666,680;665,679;664,679;663,679;663,678;662,678;661,678;661,677;660,677;660,676;660,675;659,675;659,674;658,673;657,673;657,672;657,671;656,670;656,669;656,668;656,667;656,666;656,665;656,664;656,663;656,662;656,661;655,659;655,658;655,657;655,656;655,655;654,654;653,653;653,652;653,651;
Stroma, ICG; POLYGON; 255, 255, 255; 798,595;799,594;800,594;801,594;803,594;804,594;805,594;806,594;807,594;808,594;809,594;809,595;809,596;809,597;809,598;809,599;809,600;809,601;809,602;809,603;809,604;809,605;810,605;810,606;810,607;810,608;810,609;810,610;810,611;810,612;811,614;811,615;811,616;811,617;811,618;811,619;811,621;811,622;811,623;811,625;810,625;810,626;809,627;809,628;808,628;807,628;806,628;805,628;805,629;803,629;802,629;801,629;800,629;799,629;798,629;797,629;
Stroma, ICG; POLYGON; 255, 255, 255; 822,743;824,743;825,743;826,743;827,743;828,743;829,743;830,743;831,744;832,744;833,744;834,744;835,744;836,744;838,745;839,745;840,745;842,745;843,745;845,745;846,745;847,745;848,745;849,745;850,745;851,745;852,745;853,745;855,744;856,744;856,743;857,743;858,743;859,743;860,743;860,741;862,741;863,741;863,740;865,740;866,740;867,740;868,740;869,740;870,740;871,740;872,740;873,740;874,740;875,740;876,740;877,740;878,740;879,740;880,741;880,742;882,742;883,742;884,742;885,742;885,743;886,743;887,743;888,743;889,743;890,743;891,743;892,743;892,744;893,744;894,745;894,746;895,747;895,748;896,749;896,750;898,752;899,754;899,755;900,755;901,756;902,757;902,758;902,760;903,761;904,762;905,763;906,763;908,763;908,764;909,765;910,765;911,766;912,766;913,767;914,768;914,770;915,772;915,773;915,774;917,775;917,776;919,776;919,778;920,779;920,780;920,781;920,782;920,783;920,785;919,787;918,787;918,788;917,790;916,791;915,792;914,793;913,793;912,793;911,794;911,795;911,796;910,796;908,797;906,799;905,799;904,799;904,800;901,801;900,801;900,802;899,802;898,802;897,803;895,803;893,803;891,804;889,804;887,804;884,805;883,807;881,807;880,807;879,809;877,809;876,809;874,809;873,809;872,809;870,809;869,809;868,809;866,810;865,810;862,810;862,811;860,811;859,811;858,811;858,812;856,812;855,812;854,812;853,812;852,813;851,813;849,813;848,813;845,813;844,813;841,813;841,814;840,814;839,815;838,815;837,816;836,816;835,816;834,816;833,816;832,816;831,817;830,817;829,817;828,817;825,817;823,819;821,819;820,821;819,821;818,821;817,821;816,821;815,821;814,821;812,820;810,819;809,819;808,819;807,819;806,819;805,819;804,819;803,819;802,819;801,819;799,819;797,819;795,819;793,818;792,818;791,818;791,817;790,815;790,814;788,812;788,811;787,808;786,807;786,806;785,806;784,806;782,805;779,804;775,802;773,800;770,799;769,799;767,798;766,796;766,795;765,795;765,794;763,793;763,792;762,791;761,790;761,789;760,788;760,787;759,785;759,784;759,782;759,780;759,779;758,776;758,774;758,773;758,771;758,770;758,767;759,767;760,763;761,761;762,759;763,756;764,754;766,752;766,750;767,748;768,747;769,746;769,745;770,744;772,741;776,738;777,738;778,736;780,735;781,733;782,733;783,732;784,731;784,730;785,728;786,727;788,726;789,726;791,725;794,722;795,721;796,719;797,719;798,719;799,717;800,717;800,716;802,716;804,716;809,714;
Stroma, ICG; POLYGON; 255, 255, 255; 959,661;959,662;960,663;960,664;961,665;961,666;962,667;963,668;963,670;963,671;963,672;963,673;962,674;962,675;961,675;960,675;959,675;959,676;959,677;958,678;958,679;958,680;958,681;958,682;958,683;958,684;958,686;958,687;958,689;958,690;958,691;957,692;957,693;956,694;956,696;956,697;956,698;956,699;956,700;956,701;956,702;957,703;958,703;958,704;959,704;960,704;961,704;962,704;963,704;964,704;965,704;965,705;965,706;965,709;965,710;965,711;965,712;965,713;965,714;965,715;965,716;964,717;963,717;963,718;962,719;962,720;961,721;961,722;960,723;960,724;960,725;960,726;960,727;959,728;959,730;959,731;958,731;958,733;957,733;957,734;956,734;956,735;955,736;955,737;953,738;951,739;950,739;950,740;950,741;949,742;949,743;949,744;949,745;949,746;949,748;949,749;949,750;949,751;949,752;950,752;950,753;951,754;952,754;953,754;954,755;955,755;956,755;957,755;958,755;959,756;960,756;962,757;962,758;963,758;964,758;964,759;964,761;964,762;964,763;964,764;964,765;964,766;964,767;964,768;963,769;962,769;961,769;960,770;959,770;958,770;957,770;956,770;955,770;954,770;953,770;951,770;950,770;949,770;947,770;945,770;944,770;942,770;939,771;938,772;937,772;936,774;935,774;934,775;933,775;932,776;931,777;930,777;929,777;929,778;927,780;926,780;924,780;923,781;922,781;921,782;919,783;918,783;917,784;916,785;915,786;915,787;915,788;915,789;915,790;915,791;915,792;915,793;915,794;916,794;916,795;918,795;919,795;920,797;921,797;922,797;923,797;924,797;926,797;927,797;929,797;930,797;932,797;934,797;936,796;938,796;939,795;940,794;941,794;942,794;943,794;944,793;945,792;946,790;947,789;949,789;950,788;951,786;952,786;953,784;954,783;955,782;956,781;957,781;958,780;959,780;960,779;962,779;964,777;965,776;968,775;969,774;970,774;971,774;973,773;975,773;976,772;976,771;978,771;979,770;981,769;981,768;982,768;985,766;986,766;987,764;988,764;988,763;989,761;989,760;991,758;992,756;993,754;993,753;993,752;993,750;993,748;994,747;995,744;995,743;995,741;995,740;995,738;995,737;996,734;997,732;997,730;997,729;999,726;999,724;1000,724;1000,722;1000,720;1000,718;1000,717;1001,716;1002,714;1002,712;1003,710;1004,709;1004,707;1004,705;1004,704;1004,703;1004,702;1005,700;1005,699;1005,698;1006,698;1006,696;1006,694;1006,692;1006,691;1006,690;1006,688;1006,687;1006,686;1006,685;1006,684;1006,682;1006,681;1006,680;1006,679;1006,677;1006,675;1006,674;1006,672;1006,671;1006,670;1006,668;1006,666;1004,663;1004,661;1004,659;1004,656;1004,655;1003,652;1003,650;1003,648;1003,647;1003,646;1003,644;1003,643;1003,641;1003,640;1003,638;1002,636;1002,635;1001,633;1001,631;1001,630;999,629;999,628;999,625;998,625;998,624;998,623;998,622;998,621;998,620;998,619;998,618;998,616;998,615;998,614;998,613;998,611;998,608;998,607;998,606;998,605;999,604;999,603;999,600;999,599;1000,598;1000,597;1001,597;1001,596;1001,594;1002,594;1002,593;1002,592;1003,591;1003,590;1004,588;1005,587;1005,586;1005,585;1005,584;1005,582;1005,581;1006,581;1006,580;1007,579;1007,577;1008,576;1008,574;1009,572;1009,571;1010,569;1010,568;1010,567;1011,564;1011,563;1011,562;1011,560;1011,558;1011,556;1011,555;1011,553;1011,551;1011,550;1012,548;1012,547;1012,546;1012,545;1013,542;1013,541;1013,539;1013,538;1013,536;1013,533;1014,532;1014,531;1014,529;1014,525;1014,524;1014,520;1014,518;1014,515;1014,513;1013,511;1013,509;1013,508;1012,506;1012,504;1011,502;1009,501;1009,499;1008,498;1007,497;1006,497;1005,497;1005,496;1003,496;1002,496;1001,496;999,496;997,496;994,496;989,499;987,500;984,503;981,504;978,506;975,507;974,508;971,510;969,510;967,512;965,514;961,516;958,517;956,519;952,522;950,524;947,526;942,529;939,532;935,533;933,535;931,536;930,538;929,539;928,539;927,541;926,543;926,546;
Stroma, ICG; POLYGON; 255, 255, 255; 908,777;908,776;908,775;909,774;910,773;911,772;912,772;914,772;915,772;917,772;918,772;919,772;920,772;921,772;922,772;923,772;924,772;925,772;926,772;927,772;928,772;929,772;930,772;930,773;931,774;931,775;932,775;933,776;933,777;933,778;933,779;933,780;933,781;933,782;933,783;932,784;931,786;930,786;929,786;928,786;927,787;926,787;925,787;924,787;923,787;
Stroma, ICG; POLYGON; 255, 255, 255; 955,774;954,774;953,774;953,773;953,772;953,771;953,770;953,768;954,768;955,767;956,766;956,765;956,764;956,762;956,761;956,760;956,759;957,758;958,757;958,756;958,755;958,754;958,753;959,752;960,752;961,752;963,752;964,752;965,752;965,753;965,754;965,755;965,756;966,756;967,756;967,757;968,758;968,759;968,761;969,762;969,763;969,764;969,765;969,766;
Stroma, ICG; POLYGON; 255, 255, 255; 969,673;969,674;968,674;968,675;968,676;967,676;967,677;965,678;965,679;964,679;963,679;962,679;961,679;960,679;959,679;958,679;957,679;956,679;955,679;954,679;953,679;952,678;951,676;950,676;950,675;949,675;949,674;949,672;949,670;947,668;947,667;947,666;946,663;946,662;946,661;946,660;946,657;946,656;946,654;946,652;946,650;946,648;947,648;947,647;947,646;948,645;949,645;951,645;953,644;954,643;955,643;956,642;957,640;958,640;962,638;963,638;966,636;967,636;969,633;
Stroma, ICG; POLYGON; 255, 255, 255; 526,722;526,721;526,719;526,718;526,717;526,716;526,715;526,713;526,712;526,711;527,711;527,710;528,709;529,709;530,709;530,708;530,707;531,707;532,707;533,707;534,707;536,707;537,707;538,706;539,706;540,706;541,706;542,706;543,705;544,705;546,704;547,703;548,703;549,703;550,702;550,701;550,700;550,699;551,699;552,698;553,697;553,696;553,694;553,693;554,693;554,692;554,691;554,690;554,689;554,688;553,687;552,687;551,687;550,687;549,687;547,687;545,687;544,687;542,687;541,687;539,687;538,687;536,687;535,687;533,687;532,687;531,687;530,687;529,687;527,687;525,689;523,689;522,689;521,690;519,691;518,692;517,693;516,693;514,695;513,696;512,697;511,698;510,699;508,701;507,702;506,704;505,705;505,707;505,708;505,711;505,712;
Stroma, ICG; POLYGON; 255, 255, 255; 523,733;524,733;525,733;525,732;525,730;526,729;527,728;527,727;528,727;528,726;528,724;529,723;529,721;529,720;528,719;528,718;528,717;527,716;527,715;526,715;526,714;525,714;524,714;523,712;522,711;521,711;519,709;517,707;516,707;514,705;514,704;512,703;511,702;510,701;509,700;508,700;507,700;506,700;504,700;503,700;502,700;499,700;496,702;493,704;492,706;490,708;486,712;
Stroma, ICG; POLYGON; 255, 255, 255; 699,292;700,292;700,293;702,293;702,295;703,295;704,296;705,296;706,297;707,297;708,298;709,298;710,299;712,301;713,302;714,303;715,303;715,304;716,304;717,305;718,305;719,305;720,306;720,307;721,307;722,308;722,309;723,309;724,309;725,309;726,309;728,309;729,309;730,309;731,309;732,309;734,309;735,309;736,309;737,309;738,309;740,309;741,309;742,309;743,309;745,310;746,310;747,310;749,310;750,310;752,310;753,310;754,310;755,310;756,310;757,311;758,311;759,311;760,312;761,312;763,312;764,312;765,312;766,312;767,312;768,312;769,312;770,313;771,313;772,313;774,313;775,313;777,314;778,315;779,316;780,316;781,316;781,318;782,319;783,320;784,321;786,322;787,323;788,323;789,323;790,324;791,324;792,324;793,324;794,324;796,324;798,324;800,324;801,324;802,324;804,324;804,325;805,325;806,325;807,325;808,326;810,327;811,327;812,327;813,327;814,327;815,327;816,327;817,327;818,327;820,327;821,327;822,327;823,327;824,327;825,327;827,327;828,327;829,327;830,327;831,327;832,327;833,327;834,327;835,327;836,327;837,327;838,327;839,327;840,327;841,327;842,326;843,326;844,326;846,326;847,326;847,324;848,323;848,322;847,322;846,321;844,320;844,319;843,318;842,317;841,317;840,316;840,315;839,315;838,315;835,314;834,314;833,314;832,312;831,312;830,312;829,311;828,311;827,311;827,310;826,310;825,309;824,309;823,309;822,308;820,308;819,308;819,307;819,306;817,306;816,306;815,306;814,306;813,306;812,306;812,307;811,308;811,309;811,310;811,311;811,312;811,313;810,313;809,313;808,313;807,313;806,313;805,313;804,313;803,313;801,313;800,313;799,313;798,313;797,313;796,313;795,313;794,313;793,313;791,313;790,313;789,313;788,313;788,312;787,312;786,312;786,311;785,311;784,310;783,309;782,309;781,309;781,308;781,307;780,307;779,307;778,307;777,306;776,306;775,306;774,306;774,305;773,305;772,305;771,305;769,305;768,304;767,304;766,304;765,303;764,303;763,303;762,303;761,303;761,302;761,301;760,301;759,301;758,301;757,301;756,301;755,301;754,301;753,301;752,301;751,301;750,301;748,300;747,300;746,300;745,300;744,300;743,300;742,300;741,300;740,300;739,300;738,300;737,300;736,299;735,299;734,299;733,299;732,299;731,298;730,298;729,298;727,298;726,297;724,297;723,297;721,297;720,296;720,295;720,294;718,293;717,293;717,292;716,292;715,292;714,292;713,291;712,291;711,291;710,291;709,290;707,290;706,290;703,289;703,288;702,288;701,288;700,288;699,288;698,288;697,288;696,289;696,290;696,291;697,291;698,291;699,291;700,292;701,294;702,294;705,296;
Stroma, ICG; POLYGON; 255, 255, 255; 647,323;647,322;647,321;647,320;648,320;649,319;650,319;651,318;652,318;653,318;654,318;654,317;656,317;657,317;657,316;658,315;658,314;660,313;660,312;662,312;663,311;663,310;664,310;665,310;666,310;667,310;668,310;669,310;670,310;671,310;673,310;674,310;674,311;675,312;676,313;676,315;676,316;676,317;676,318;677,319;677,321;677,322;677,324;
Stroma, ICG; POLYGON; 255, 255, 255; 603,294;604,292;605,292;606,291;607,291;608,290;609,290;610,290;610,289;611,288;612,287;612,286;613,286;614,285;616,284;617,284;618,284;619,284;620,284;621,284;622,284;623,284;624,284;626,284;628,284;629,284;630,284;631,284;631,285;631,287;631,288;631,289;631,291;631,292;629,294;628,295;627,295;626,295;625,296;624,296;
Stroma, ICG; POLYGON; 255, 255, 255; 595,673;594,673;594,674;594,675;594,677;595,678;595,679;596,679;597,680;598,680;599,680;600,681;600,682;600,683;601,683;602,684;603,685;604,685;605,686;606,686;608,686;609,686;610,686;611,686;612,686;613,686;614,686;615,686;616,686;617,686;618,686;619,686;620,686;621,686;622,686;623,685;624,684;625,684;626,684;628,683;628,682;629,681;630,681;631,681;631,680;632,680;632,679;633,678;633,677;635,675;635,674;635,673;636,670;636,668;636,667;636,665;636,664;
Stroma, ICG; POLYGON; 255, 255, 255; 913,694;914,695;914,696;914,697;914,698;914,699;914,700;913,702;912,703;912,704;911,704;911,705;911,706;910,706;910,707;909,707;908,707;907,707;906,707;905,707;904,707;904,708;903,708;902,708;901,708;900,708;900,709;900,710;899,710;898,710;896,710;895,710;894,710;892,710;890,710;888,710;887,710;886,710;885,710;884,710;884,709;883,709;881,708;880,707;880,706;880,704;880,703;880,702;879,701;879,700;879,698;879,697;880,696;881,695;882,694;882,693;882,692;884,690;885,689;886,689;887,688;888,688;888,687;890,687;891,685;892,685;892,684;894,683;895,683;896,683;897,682;898,682;899,682;900,681;901,681;902,681;903,680;904,680;
Stroma, ICG; POLYGON; 255, 255, 255; 588,608;589,609;589,610;590,611;591,612;592,612;594,612;596,613;597,613;598,613;599,613;600,613;601,613;602,613;603,613;604,613;606,613;607,613;608,613;609,613;610,613;611,613;612,613;613,613;614,613;615,613;616,613;617,612;617,611;618,610;618,609;618,607;619,606;619,605;619,604;619,603;619,602;619,600;620,599;620,598;620,597;620,596;620,595;620,594;620,593;620,592;619,592;
Stroma, ICG; POLYGON; 255, 255, 255; 1260,531;1260,532;1261,533;1261,534;1261,535;1261,536;1262,537;1262,538;1263,538;1263,539;1264,540;1265,541;1265,542;1265,543;1265,544;
Stroma, ICG; POLYGON; 255, 255, 255; 1006,293;1006,292;1007,292;1008,292;1009,292;1009,291;1010,291;1011,291;1012,291;1013,291;1013,290;1013,289;1015,289;1016,289;1017,289;1017,288;1018,287;1018,286;1019,285;1019,283;1019,282;1019,281;1018,280;1018,279;1017,278;1017,277;1017,276;1016,274;1016,273;1015,271;1014,271;1014,270;1012,269;1012,268;1012,267;1011,266;1011,265;1010,263;1009,262;1009,261;1008,259;1007,259;1007,257;1007,256;1007,255;1006,255;1006,253;1006,252;1006,251;1006,250;1006,249;1006,248;1005,246;1005,244;1005,243;1005,242;1005,241;1005,240;1005,239;1004,238;1004,236;1004,235;1004,233;1004,232;1004,230;1004,228;1003,227;1003,226;1003,224;1002,223;1002,221;1001,220;1001,217;1001,216;1001,215;1001,213;1000,211;1000,210;1000,209;999,208;999,207;998,207;998,206;998,205;997,204;995,204;994,203;992,202;991,202;988,202;987,202;986,202;984,202;983,202;982,202;981,202;978,202;977,202;976,202;974,202;973,204;972,206;971,207;971,209;970,211;969,214;969,216;969,219;968,221;968,223;968,226;968,228;967,229;967,230;
Stroma, ICG; POLYGON; 255, 255, 255; 724,193;724,192;724,191;725,190;726,188;727,188;728,187;729,186;729,185;730,185;730,184;732,184;733,184;733,183;734,183;735,182;736,181;737,181;738,180;739,180;740,180;740,179;741,179;743,178;744,176;745,176;746,176;747,175;748,175;749,174;750,174;751,174;752,174;753,173;754,173;756,173;757,172;758,172;759,172;759,171;759,170;760,170;761,170;762,169;763,169;763,168;764,168;765,167;766,167;766,166;768,164;769,163;770,163;771,162;773,161;773,160;774,160;775,159;776,157;777,157;778,157;780,156;781,156;782,156;783,155;784,155;785,155;787,155;788,154;789,154;790,154;791,154;791,152;794,152;795,152;797,152;799,152;802,152;803,152;804,152;805,152;807,152;809,152;810,152;813,152;814,152;816,152;818,152;820,153;821,155;824,157;826,159;831,164;831,166;831,168;833,173;835,176;836,180;837,185;837,189;838,193;839,198;840,199;
Stroma, ICG; POLYGON; 255, 255, 255; 396,854;397,853;398,853;399,853;400,853;401,853;402,853;404,853;405,853;406,853;407,853;408,853;409,854;410,856;411,856;412,856;415,858;416,858;417,859;418,859;419,859;420,860;421,861;421,862;421,863;421,864;422,866;423,868;424,870;424,872;424,873;424,876;424,877;424,878;424,879;424,881;424,882;424,883;424,884;424,885;
Stroma, ICG; POLYGON; 255, 255, 255; 403,857;405,857;406,857;407,857;408,857;409,857;410,857;411,857;412,857;413,857;414,857;416,857;418,857;419,857;419,858;420,858;421,859;421,860;421,861;421,862;422,862;423,863;424,864;424,865;425,866;426,869;426,871;427,872;427,874;427,875;427,876;427,877;427,880;427,882;427,883;428,885;
Stroma, ICG; POLYGON; 255, 255, 255; 556,921;556,920;557,920;558,920;559,920;560,920;561,920;562,920;563,920;564,920;565,920;566,920;567,920;567,921;568,921;569,921;570,921;571,922;572,922;573,922;575,924;576,925;576,926;578,927;578,929;579,929;580,931;581,933;582,935;583,935;583,936;584,938;585,940;586,941;
Stroma, ICG; POLYGON; 255, 255, 255; 788,823;789,823;790,823;791,823;792,823;793,823;794,823;795,823;797,823;798,823;799,823;800,823;801,823;802,824;802,825;803,826;804,826;804,827;805,828;805,829;806,831;806,832;807,833;808,833;808,834;808,835;809,836;809,837;810,839;811,839;813,839;814,839;815,839;816,839;818,839;819,839;821,839;824,839;825,839;827,838;828,838;829,838;831,837;833,836;834,836;835,836;836,835;838,835;839,835;839,834;841,834;842,834;844,833;845,833;846,832;848,832;849,831;851,831;853,830;855,828;857,828;858,828;859,826;862,826;865,826;867,826;869,825;871,824;872,824;874,824;876,823;878,822;880,822;881,822;882,822;882,820;884,820;885,820;886,820;889,819;891,818;893,818;894,818;895,817;896,817;897,816;900,815;901,814;902,814;903,814;904,813;905,813;906,812;907,812;909,812;911,810;913,810;914,808;915,808;916,808;918,807;919,806;919,805;920,805;921,805;922,804;923,802;923,801;923,800;923,799;923,798;924,798;924,796;924,795;924,794;924,793;924,792;924,790;922,789;922,788;921,787;920,786;919,786;917,784;916,784;915,784;913,783;911,783;909,783;906,783;903,783;900,783;897,783;894,783;890,783;888,783;885,783;881,783;878,783;875,783;871,783;865,783;858,783;850,783;842,783;833,783;824,785;816,786;809,786;803,786;797,786;
Stroma, ICG; POLYGON; 255, 255, 255; 69,753;68,753;67,753;66,753;65,753;64,753;63,753;62,753;61,753;60,753;59,753;58,753;57,753;56,753;55,753;54,753;53,753;52,753;51,753;51,754;49,754;48,754;47,754;47,756;46,756;45,756;44,756;43,756;42,756;42,755;41,754;40,754;39,754;38,754;37,753;36,753;36,752;35,752;34,752;34,750;33,749;32,749;31,748;31,747;30,747;29,746;29,744;29,743;28,742;27,741;26,741;26,740;26,739;25,738;25,737;25,735;25,734;25,733;25,732;25,731;25,729;25,728;25,726;25,723;27,722;27,721;29,720;29,719;31,717;32,715;33,715;34,712;35,711;36,710;37,709;38,708;39,708;39,707;42,705;43,704;44,704;46,703;46,702;47,702;50,700;50,699;52,699;53,698;55,697;57,697;60,695;63,695;66,694;69,693;
Stroma, ICG; POLYGON; 255, 255, 255; 156,207;156,206;156,205;156,204;156,203;156,202;156,200;156,199;156,198;156,196;156,195;156,193;156,192;156,191;156,190;156,189;156,188;154,187;154,186;153,186;153,185;151,185;150,185;148,185;146,185;143,185;140,185;138,185;136,185;135,185;132,185;130,185;127,187;126,187;125,187;123,187;123,188;123,189;125,190;
Stroma, ICG; POLYGON; 255, 255, 255; 151,184;152,184;153,184;154,184;155,184;155,183;156,183;157,182;158,182;158,180;160,179;160,178;161,178;161,177;161,176;161,174;161,173;161,172;162,171;162,170;162,169;162,168;162,167;162,166;162,165;162,164;161,162;160,162;158,161;157,160;153,160;151,160;149,160;147,160;144,160;141,160;137,160;133,160;132,160;131,160;130,161;129,161;128,161;127,163;126,165;124,169;
Stroma, ICG; POLYGON; 255, 255, 255; 904,117;904,116;904,115;904,114;904,113;904,112;904,111;904,110;904,109;904,108;904,107;904,106;904,105;905,104;906,104;906,103;907,103;908,102;909,102;909,101;910,100;910,99;910,98;910,97;910,95;910,94;910,93;910,92;910,91;910,90;909,88;907,86;906,85;906,84;904,83;902,83;901,82;900,80;899,79;898,79;898,78;896,78;895,77;894,77;893,76;892,76;890,74;889,73;888,73;888,72;887,72;886,71;885,71;884,71;884,70;883,70;881,69;879,68;878,67;877,67;876,66;875,65;873,65;872,65;872,64;871,64;869,64;868,64;867,64;866,64;865,64;864,64;863,64;862,64;861,64;860,64;859,64;857,64;856,64;855,64;854,64;853,64;852,64;851,64;850,64;849,64;848,64;847,64;846,64;845,64;844,64;843,64;842,64;841,64;840,64;839,65;838,65;838,66;837,67;837,68;836,68;836,69;836,70;836,71;835,72;834,72;834,73;834,74;834,75;834,77;834,78;834,79;834,80;834,81;834,82;834,83;834,85;834,86;834,87;835,87;835,89;835,90;835,92;837,94;837,97;838,99;840,102;841,106;843,109;845,111;845,112;846,113;846,114;847,115;847,116;848,118;849,119;851,123;853,126;855,131;859,133;860,135;
Stroma, ICG; POLYGON; 255, 255, 255; 813,125;812,125;811,126;810,126;809,127;808,129;806,130;806,131;804,132;804,133;803,133;803,135;803,136;802,137;801,137;800,137;800,138;799,139;798,139;797,140;797,141;796,141;795,142;795,143;794,143;793,144;792,145;792,146;790,147;789,147;787,148;786,149;786,150;785,150;784,151;783,152;783,153;782,153;781,154;781,155;780,155;779,156;778,158;776,161;776,162;776,165;776,167;776,171;776,173;776,175;778,177;780,178;782,182;783,184;785,185;787,187;788,189;791,189;794,189;798,190;801,190;804,191;807,192;
