Specular reflection; POLYGON; 191, 91, 22; 851,669;851,670;851,672;851,673;851,674;851,675;851,676;851,678;850,680;849,681;848,683;847,683;846,686;846,687;846,688;846,689;845,691;845,692;843,693;843,694;842,695;842,696;841,698;840,699;840,700;838,701;836,703;836,704;835,705;835,706;834,707;833,708;833,709;832,709;831,711;830,711;828,712;827,712;827,713;826,714;825,714;824,715;823,715;822,715;821,715;820,715;819,715;817,714;816,714;816,713;813,711;812,711;810,709;808,708;808,707;806,707;805,707;803,705;802,705;801,705;800,705;799,705;798,705;797,705;795,705;794,705;793,705;791,706;789,707;789,708;788,708;788,709;787,709;786,709;784,710;783,710;782,711;781,712;780,714;779,715;778,716;777,717;776,717;775,717;774,717;773,719;772,719;770,720;769,720;768,721;766,722;765,722;764,722;763,723;761,724;759,724;757,724;755,724;755,725;753,725;752,727;751,727;749,727;748,727;747,727;746,727;744,728;743,728;741,729;740,729;737,729;734,729;733,729;732,729;731,729;730,729;729,730;729,731;729,732;727,732;726,732;725,732;724,732;723,733;722,734;720,734;719,735;718,735;718,736;716,737;714,738;712,739;711,740;710,741;709,741;709,742;708,743;707,744;706,744;706,745;705,747;704,748;703,749;703,750;702,750;700,751;698,751;697,751;696,752;695,752;693,753;692,753;691,754;689,754;688,756;687,756;687,757;686,758;685,758;684,758;683,759;681,760;681,761;680,761;679,763;678,764;678,765;678,767;678,768;678,769;677,769;677,771;677,773;677,774;677,776;677,777;677,780;677,781;677,782;677,784;677,785;677,786;678,786;679,787;680,788;681,788;681,789;682,790;682,791;683,792;684,792;684,793;685,793;687,796;687,797;688,797;689,798;689,799;690,799;691,799;692,799;693,799;694,800;696,800;698,800;699,800;700,800;701,800;702,800;705,800;706,800;707,800;709,800;710,800;711,800;712,800;713,800;715,800;716,800;717,799;719,798;719,797;720,796;721,795;723,794;724,793;726,790;727,789;728,788;729,787;730,786;731,785;732,784;734,784;735,784;735,783;736,783;737,783;738,783;738,782;739,782;740,782;741,781;742,779;743,779;744,779;746,779;748,778;749,778;751,777;752,777;753,777;754,777;756,776;757,776;759,775;760,773;761,773;762,772;763,771;764,771;765,771;766,770;767,770;767,769;768,769;768,767;770,767;772,767;773,767;775,767;776,767;777,767;778,767;779,767;780,767;782,767;783,767;784,768;785,768;785,769;786,769;786,771;786,772;786,773;786,774;786,775;786,776;786,778;786,780;786,781;786,782;786,783;786,784;786,785;786,786;786,787;786,788;786,789;786,790;786,792;786,793;786,794;786,795;786,796;786,797;786,799;786,800;786,801;786,802;786,804;786,805;786,806;786,807;786,808;786,810;786,811;786,812;786,813;786,814;786,815;786,816;786,817;787,817;788,818;789,818;791,818;794,818;795,818;796,818;798,818;799,818;801,818;802,818;804,818;806,818;807,818;808,818;809,818;810,818;812,818;813,818;814,818;815,818;816,818;817,818;818,818;820,818;821,818;822,818;824,817;825,816;827,816;828,816;829,815;830,815;831,814;832,813;832,811;832,810;832,809;834,808;834,807;835,806;835,805;836,805;836,804;836,803;838,799;839,798;840,797;840,796;841,794;842,793;842,792;843,791;844,790;844,788;845,788;846,787;846,786;849,783;851,781;852,781;853,778;854,777;855,776;856,776;857,774;857,772;857,771;858,770;859,769;860,768;861,768;862,768;863,768;864,767;864,766;865,766;866,765;867,765;869,764;871,764;872,764;873,764;874,763;875,763;875,762;876,762;877,762;878,762;879,762;881,761;882,761;886,761;888,761;890,761;892,761;893,761;894,760;895,759;896,758;898,756;899,755;900,754;901,754;902,754;903,754;904,753;904,752;906,751;906,750;907,750;907,749;909,748;910,746;911,745;911,743;911,742;911,740;911,739;911,738;911,736;911,735;911,732;911,731;912,730;912,729;912,727;912,725;913,725;913,724;913,723;913,722;913,720;913,719;913,718;913,717;913,716;913,714;913,713;913,712;913,711;913,709;913,708;913,707;913,706;913,704;913,702;913,701;913,700;913,699;914,696;914,695;915,695;915,694;915,693;915,691;915,690;915,689;915,688;915,687;915,686;916,685;916,684;916,683;916,682;916,681;916,680;916,678;916,677;916,676;916,675;916,674;916,673;916,672;915,672;914,672;913,672;912,672;911,672;910,672;909,672;908,672;906,672;905,672;903,672;902,672;901,672;900,672;899,672;898,672;896,672;895,672;894,672;893,672;892,672;891,672;890,672;889,671;888,671;888,670;888,669;887,667;886,667;885,665;884,664;883,663;882,662;882,660;881,659;880,658;880,657;879,656;879,655;877,654;877,653;876,652;876,651;876,649;875,648;874,648;873,648;872,648;870,648;869,649;869,650;866,652;862,654;862,655;860,656;860,657;859,659;859,660;858,662;858,663;857,664;856,664;856,666;856,667;854,668;854,669;853,670;852,671;852,672;852,673;852,674;851,675;850,675;849,676;848,677;848,679;847,680;
Specular reflection; POLYGON; 191, 91, 22; 679,771;678,771;676,771;675,772;674,772;673,773;672,774;672,775;671,775;670,776;669,776;669,777;668,778;668,779;668,780;668,781;668,782;668,783;668,784;668,785;668,786;668,787;668,788;669,789;670,790;670,792;671,792;672,793;673,794;674,795;675,796;676,797;676,798;676,799;677,799;678,800;678,801;679,802;680,803;681,805;681,806;682,807;682,808;682,809;683,809;684,810;684,811;684,812;686,814;687,814;687,815;689,815;690,815;691,815;692,815;693,815;694,815;696,815;697,815;698,814;699,814;699,813;699,812;700,811;700,810;701,810;701,809;701,808;702,807;702,806;703,806;703,805;703,804;704,803;705,803;705,802;706,801;706,800;707,799;709,798;709,797;708,797;706,796;705,796;704,795;700,794;697,793;695,792;692,791;689,790;687,788;684,787;683,787;682,786;681,786;680,785;678,784;678,783;677,782;677,780;676,779;676,778;675,777;675,776;675,775;
Specular reflection; POLYGON; 191, 91, 22; 701,796;701,797;701,798;700,799;700,800;700,801;700,802;700,803;700,804;700,806;699,806;699,807;699,808;699,809;699,810;699,811;699,812;698,813;697,813;698,813;699,813;700,813;701,813;702,813;703,813;704,813;705,813;706,812;706,811;707,811;709,809;709,808;709,806;709,805;709,804;709,803;709,802;709,801;709,800;709,799;709,798;709,797;707,795;707,794;706,794;705,794;704,794;704,795;704,797;704,800;
Specular reflection; POLYGON; 191, 91, 22; 838,924;836,924;834,924;833,924;832,924;831,924;830,924;829,924;828,924;827,924;825,924;824,924;821,925;820,925;819,926;818,926;817,926;816,926;816,927;815,928;814,928;813,928;813,929;813,930;812,931;811,932;810,932;810,933;810,934;810,935;810,936;810,937;810,938;810,939;810,940;810,941;810,942;810,943;810,944;810,945;810,946;810,947;810,949;812,950;813,950;814,951;814,952;815,952;816,952;817,952;818,952;819,952;820,952;821,952;822,953;825,954;826,954;827,955;828,955;829,955;830,955;832,955;833,955;834,955;835,955;836,955;837,955;839,955;840,955;842,955;845,956;846,956;849,956;850,956;852,957;853,957;854,958;854,959;854,960;854,961;854,962;854,963;854,964;854,966;854,967;854,969;854,970;854,972;854,973;854,974;855,974;856,974;857,974;858,974;859,974;860,974;861,974;862,974;863,974;865,973;865,972;866,971;867,971;868,970;869,969;869,968;870,968;870,967;871,966;873,965;873,964;873,963;874,962;874,961;874,960;874,959;874,958;874,956;874,954;874,953;874,952;874,949;874,948;874,946;873,946;870,943;868,942;867,942;866,942;865,941;864,941;864,940;864,939;864,938;864,937;864,936;864,935;864,934;864,933;864,932;865,931;866,930;868,929;868,928;868,927;869,926;870,925;870,924;870,923;870,922;869,922;868,922;866,921;866,920;865,920;863,920;862,920;859,920;857,920;856,920;854,920;853,920;852,920;851,920;849,920;848,920;847,920;846,920;845,920;844,920;843,920;842,920;841,920;841,921;840,921;839,921;838,921;838,922;837,922;837,923;836,923;835,924;835,925;834,926;
Specular reflection; POLYGON; 191, 91, 22; 886,804;885,804;884,804;883,804;882,804;881,804;879,804;878,805;877,806;877,807;875,808;873,809;872,810;871,811;871,812;868,813;868,814;867,815;867,816;866,816;865,817;865,818;865,819;864,820;863,820;862,821;862,822;861,822;861,823;860,824;859,825;858,825;858,826;857,826;856,827;855,827;854,827;854,829;853,829;852,830;851,830;850,830;847,831;846,832;845,833;844,834;844,835;843,836;843,837;843,838;843,839;843,840;843,841;844,841;845,842;845,843;846,843;847,843;848,843;850,844;850,845;851,845;852,845;853,845;854,845;855,845;857,845;859,845;861,845;862,846;864,846;866,846;867,846;868,846;869,846;870,846;872,846;873,846;875,846;876,846;877,846;878,846;879,846;879,845;880,845;881,845;882,845;883,845;885,844;886,843;886,842;887,842;887,841;887,840;888,840;888,839;889,839;890,837;891,836;891,835;891,833;891,832;891,830;891,829;891,827;891,826;891,824;890,823;889,822;888,822;887,822;887,821;887,819;887,818;887,817;887,815;888,815;888,814;889,814;889,813;889,812;890,810;891,810;891,809;891,807;890,807;889,807;887,807;886,807;885,807;883,807;882,807;882,806;881,806;
Specular reflection; POLYGON; 191, 91, 22; 809,658;808,658;807,658;805,658;802,658;800,658;797,658;795,658;794,658;792,658;790,658;789,658;788,658;787,658;786,658;785,659;784,660;784,662;783,662;782,663;781,664;781,665;779,665;779,666;777,668;776,669;776,670;775,671;774,672;773,672;773,674;773,675;773,676;773,677;772,677;772,678;770,679;770,680;769,681;768,682;767,682;767,683;767,684;766,684;766,685;765,686;764,686;763,686;763,687;762,687;762,688;761,688;760,689;758,689;756,689;755,689;754,689;753,689;752,689;751,689;749,689;748,689;747,689;745,688;743,686;742,686;742,685;741,685;741,684;741,683;741,682;741,680;741,679;741,678;741,677;741,675;741,674;741,673;741,672;741,671;741,669;741,668;742,667;742,666;743,666;744,665;745,663;745,662;745,661;746,661;746,660;747,660;747,659;747,657;748,656;749,655;749,654;750,654;751,653;752,653;753,653;754,653;755,651;756,651;757,650;758,650;759,650;760,650;761,649;762,649;763,648;764,648;765,648;766,648;767,647;768,646;768,645;769,645;770,645;771,644;772,644;773,644;774,644;776,643;777,643;777,642;778,642;779,642;781,642;781,641;783,641;784,641;784,640;785,639;786,639;787,639;788,639;789,639;790,639;792,639;794,639;795,639;797,639;799,639;801,639;802,639;803,639;804,639;805,639;806,639;807,639;808,639;809,640;811,640;812,641;812,642;813,642;813,643;814,645;815,646;815,647;815,649;815,650;815,651;815,652;815,653;815,654;815,656;814,657;814,658;813,658;813,659;812,659;812,660;811,660;809,660;808,660;
Specular reflection; POLYGON; 191, 91, 22; 823,611;822,611;821,611;820,611;818,611;817,611;816,611;815,611;814,611;813,611;812,611;811,611;809,611;808,611;806,612;805,612;804,612;803,614;802,614;802,615;801,615;800,615;799,615;798,615;797,615;796,615;795,615;794,615;792,615;791,615;790,615;788,614;788,613;787,613;786,612;786,611;785,610;784,610;784,609;784,608;784,607;784,606;784,605;784,603;784,602;784,601;784,600;784,599;784,596;785,594;786,594;786,593;786,591;787,590;787,589;787,588;788,586;788,585;789,584;789,583;789,582;789,581;789,579;789,577;789,576;789,575;789,574;790,573;791,573;791,572;791,571;791,570;792,570;793,570;794,568;794,567;795,566;796,566;796,565;797,564;798,563;798,562;799,562;800,561;801,561;802,560;805,558;806,556;808,556;809,555;811,554;811,553;812,552;813,552;814,550;816,549;816,548;817,548;817,547;818,546;819,545;819,544;819,543;820,543;820,541;821,540;821,539;821,538;821,537;822,537;823,536;823,535;823,534;824,533;824,532;826,531;826,530;826,529;827,528;828,526;829,525;829,524;830,523;833,520;833,519;834,519;835,519;836,518;838,518;838,517;839,516;840,515;841,514;841,513;842,513;843,513;843,512;844,512;845,511;846,511;848,509;849,508;850,508;850,507;851,506;852,506;853,505;854,505;855,505;856,505;857,503;858,503;859,502;860,502;861,502;863,502;866,502;869,502;871,502;872,502;873,502;873,503;873,504;873,505;873,506;873,507;873,508;873,510;873,511;873,513;873,514;873,516;873,517;873,518;871,519;870,520;870,521;868,522;868,523;867,523;866,524;865,525;864,525;862,525;861,526;859,527;858,527;858,528;857,528;857,529;855,530;854,530;853,530;852,530;852,531;851,532;848,534;847,534;847,535;846,536;845,537;844,538;844,539;843,540;842,541;841,541;840,541;840,542;839,543;839,544;836,545;836,546;835,546;835,547;834,548;833,549;832,550;831,551;830,552;829,552;829,553;828,553;828,555;826,555;825,556;824,557;822,558;821,558;819,560;818,561;817,562;817,563;816,563;814,564;814,565;813,566;813,567;813,568;812,569;812,570;812,571;812,572;812,573;812,575;812,576;812,577;812,578;812,579;812,581;812,582;813,583;813,584;814,584;814,585;816,586;816,587;817,587;817,588;818,588;819,590;820,590;820,591;821,592;821,593;822,593;824,593;825,593;825,594;826,594;827,594;828,594;829,594;830,594;831,594;832,595;832,596;832,599;832,601;832,602;832,603;832,604;832,605;832,606;832,607;832,608;830,608;829,608;828,609;827,609;826,610;825,611;824,611;823,611;822,611;821,611;820,611;819,611;
Specular reflection; POLYGON; 191, 91, 22; 880,414;879,416;879,417;879,418;878,419;877,421;877,423;876,424;875,425;874,427;873,429;872,430;871,431;870,432;870,433;869,434;869,435;868,437;867,437;867,439;866,439;865,441;865,442;864,442;863,444;862,445;862,446;862,447;862,448;861,450;861,451;860,451;860,453;860,454;860,456;860,457;860,458;860,460;860,461;860,462;860,463;860,466;860,467;860,468;860,469;860,470;861,472;863,472;864,472;865,472;866,472;867,472;868,472;869,472;870,472;871,472;872,472;874,472;875,472;876,471;876,470;876,469;876,468;876,467;876,466;876,465;876,464;876,463;876,462;876,460;876,459;876,458;876,457;876,456;876,455;876,454;876,453;876,452;876,451;877,449;877,448;877,447;878,446;878,445;879,444;879,443;879,442;879,441;880,441;880,440;881,440;882,439;882,438;885,437;885,436;886,435;887,435;887,434;888,434;888,433;889,433;890,431;891,430;892,429;893,428;894,427;895,427;896,426;897,425;897,424;897,423;897,422;898,422;898,421;899,421;900,421;900,420;901,420;901,419;901,418;903,418;904,418;904,417;905,416;907,416;908,416;909,415;910,415;911,414;912,414;913,413;913,412;915,412;916,411;917,410;919,410;921,410;921,409;922,409;923,409;924,408;925,407;925,406;926,406;927,405;927,404;928,404;928,403;929,403;930,403;931,402;931,401;932,400;933,399;934,399;934,398;935,397;936,396;936,394;937,394;937,392;937,391;938,391;938,390;938,389;938,388;939,388;939,387;939,385;939,384;941,382;941,380;942,379;942,378;942,377;943,375;944,375;944,374;944,373;944,372;944,371;944,369;945,368;945,367;945,366;945,365;945,364;945,363;945,362;945,361;945,360;945,359;945,358;945,357;945,356;945,355;944,353;944,352;944,351;942,350;942,349;940,347;940,346;939,344;939,343;939,342;938,342;937,340;937,339;936,339;936,337;935,336;934,336;933,336;932,336;931,336;930,336;929,336;928,337;927,339;926,339;926,340;926,342;926,343;926,344;926,345;926,348;926,349;926,350;926,351;926,352;926,353;926,354;926,355;926,356;926,358;926,359;927,360;927,362;927,364;927,366;927,367;927,369;928,369;928,371;928,372;928,373;928,374;928,375;928,377;928,378;928,379;928,380;928,381;928,382;928,383;928,384;928,385;928,386;928,387;927,387;927,388;927,389;926,390;926,391;925,392;923,393;922,394;921,394;920,395;920,396;918,396;917,397;916,397;915,397;914,398;914,399;913,399;912,399;911,399;911,400;909,400;908,400;907,401;906,402;905,402;904,402;903,402;902,402;901,402;900,403;899,404;898,404;896,404;895,404;894,404;893,404;892,404;892,405;891,405;890,405;889,405;888,405;887,407;886,407;885,408;884,408;883,409;882,410;881,410;880,410;880,411;879,411;879,412;877,413;877,414;876,415;874,416;872,418;871,419;870,421;
Specular reflection; POLYGON; 191, 91, 22; 772,388;771,388;770,390;769,391;768,392;767,393;765,393;763,393;762,393;760,393;759,393;759,394;758,394;757,394;756,394;754,394;753,394;752,393;751,393;751,392;750,391;750,390;749,389;748,389;748,388;748,386;748,385;748,384;747,383;747,382;747,381;746,380;746,379;746,378;745,377;745,376;745,375;744,375;744,374;743,372;743,370;742,369;742,368;742,367;741,366;740,365;739,365;738,364;736,364;735,364;734,362;732,362;730,362;728,362;725,361;724,361;723,361;722,360;722,359;721,359;720,358;719,357;719,356;719,355;719,353;719,352;719,350;719,349;719,348;719,346;719,345;719,344;719,343;719,342;719,341;719,339;719,338;720,337;721,336;721,335;722,335;723,335;724,335;724,334;725,333;726,333;726,332;727,331;728,331;729,331;730,330;731,330;732,330;733,328;736,328;737,328;738,328;739,328;740,327;741,327;744,327;745,327;746,327;747,327;749,327;750,327;750,326;751,326;752,326;753,325;754,325;755,324;756,323;757,322;758,322;759,322;760,322;761,322;762,322;762,321;764,320;765,320;766,320;767,320;768,320;770,320;772,320;774,320;775,320;776,320;777,320;779,320;780,320;781,320;783,320;784,320;785,320;786,320;787,320;789,320;791,320;792,320;793,320;794,320;795,320;796,320;797,321;797,322;797,323;797,324;797,325;797,326;797,327;797,328;795,328;794,329;793,330;791,332;791,333;790,333;790,334;790,335;789,335;789,336;788,336;787,338;787,339;785,339;784,339;784,340;783,340;783,341;782,342;781,342;780,343;780,344;780,345;779,345;779,346;778,347;777,347;777,348;777,349;776,350;775,351;774,352;773,353;772,355;772,356;772,357;771,359;771,360;770,362;770,363;770,364;770,365;770,366;770,368;770,369;770,370;770,371;770,372;771,373;772,373;772,375;772,376;773,378;773,379;773,381;773,382;773,383;773,384;773,385;773,386;
Specular reflection; POLYGON; 191, 91, 22; 840,374;839,374;837,374;836,374;835,374;834,374;833,374;832,374;831,375;831,376;830,376;829,377;828,378;827,379;825,381;824,383;824,384;824,385;823,386;823,387;823,388;823,390;823,391;823,392;824,392;825,393;826,393;827,393;828,393;830,393;831,394;832,395;832,396;834,396;835,396;836,396;837,396;838,396;839,396;840,396;841,397;842,397;843,397;844,397;845,397;846,397;847,397;848,397;849,397;850,397;850,396;850,395;850,394;850,393;850,392;850,390;850,388;850,387;850,386;849,384;848,383;848,382;848,380;847,379;845,377;844,377;844,376;843,375;
Specular reflection; POLYGON; 191, 91, 22; 290,700;290,701;290,703;290,704;290,705;290,706;290,707;290,708;290,710;291,711;292,712;293,714;294,715;295,716;297,717;298,717;299,717;299,718;300,720;302,721;302,722;304,722;304,724;307,724;309,724;313,725;314,727;315,727;316,728;317,729;318,729;319,730;321,731;323,732;324,732;325,733;325,734;325,735;325,736;325,737;325,739;325,740;325,741;326,742;326,744;326,745;326,746;326,747;327,747;327,748;327,749;327,750;327,751;327,753;327,754;327,756;328,757;328,758;328,759;329,759;329,760;329,761;329,762;329,764;329,765;329,767;329,768;329,770;330,771;330,773;330,774;330,775;330,777;330,778;330,779;330,780;330,781;330,782;331,784;331,785;331,787;331,789;331,791;332,792;333,793;334,794;335,795;335,797;336,798;337,799;338,799;339,800;340,801;341,801;342,801;343,801;345,801;348,801;349,801;350,801;351,801;352,801;353,801;354,801;355,801;358,801;359,801;359,800;360,800;361,800;362,799;363,799;363,798;363,797;364,797;365,797;366,797;368,797;369,797;370,796;371,796;372,796;373,796;373,795;374,795;375,795;376,795;377,795;379,794;380,794;381,794;382,793;383,793;385,793;386,791;386,790;387,790;387,789;387,788;387,787;387,785;387,784;387,783;387,781;387,780;387,779;387,778;387,777;387,776;387,774;387,773;386,772;385,771;384,771;383,770;380,769;380,768;379,768;378,768;377,768;376,768;375,768;373,766;372,766;370,766;369,766;367,766;366,766;366,765;365,765;364,764;363,763;363,762;362,761;362,760;362,759;360,757;360,755;360,754;360,753;359,752;359,751;359,750;359,749;359,747;359,745;359,744;359,743;359,742;357,741;357,740;357,739;357,738;357,737;356,737;355,736;355,734;354,733;354,732;353,732;352,731;351,731;350,731;349,730;348,728;347,727;346,727;344,725;343,725;342,724;342,723;342,722;341,722;340,722;339,721;339,720;337,720;337,719;335,719;334,718;333,717;333,716;333,715;332,715;330,715;329,715;328,714;327,714;325,713;323,713;322,713;320,713;319,712;317,711;315,711;314,711;314,710;314,709;313,709;312,708;311,708;310,708;309,707;307,706;306,706;305,706;304,706;303,706;302,706;301,706;300,706;298,705;297,705;296,704;295,704;294,704;292,703;291,703;290,703;
Specular reflection; POLYGON; 191, 91, 22; 383,678;383,679;383,680;385,681;387,682;388,683;390,685;392,687;393,687;394,688;395,688;396,689;397,689;397,690;398,691;400,693;402,694;404,694;405,695;407,696;409,698;410,698;411,698;412,698;413,700;414,700;415,701;417,702;420,703;424,705;426,706;427,707;428,707;428,708;429,709;430,711;432,712;433,713;434,714;435,715;435,716;436,717;437,718;438,719;439,721;440,722;442,725;444,727;444,728;445,729;445,731;446,731;447,733;448,734;448,735;449,736;450,736;450,737;450,738;450,739;451,739;452,741;454,744;454,745;455,745;455,746;456,747;456,748;457,748;458,750;459,751;461,753;462,753;462,754;463,755;463,756;464,756;465,757;466,758;467,760;467,761;468,762;470,763;471,763;474,765;475,765;475,766;477,768;478,769;480,771;481,771;482,772;483,772;485,773;486,774;487,775;488,775;489,776;490,776;491,777;493,777;494,778;495,778;496,778;498,778;499,778;500,778;501,778;502,778;502,779;503,779;504,779;505,779;506,779;507,779;509,779;509,778;510,777;510,775;510,773;510,772;510,770;510,769;510,768;510,766;510,764;510,762;510,761;510,758;510,757;510,756;508,755;508,754;506,752;504,750;503,749;502,748;501,747;500,746;498,744;496,743;495,742;494,741;493,739;492,739;491,737;490,737;488,736;487,735;487,734;485,734;484,732;483,731;482,730;481,729;480,728;479,728;478,727;476,725;475,724;473,724;472,723;470,722;468,721;468,720;467,719;466,719;465,718;465,717;464,717;463,716;461,715;461,714;460,713;459,713;458,712;458,711;457,711;456,710;456,709;454,707;454,706;452,705;451,704;451,703;449,703;448,702;448,700;447,700;446,699;445,698;445,697;444,695;444,694;443,693;443,692;442,692;440,690;440,689;438,688;436,687;436,686;434,685;434,684;433,682;432,682;431,682;430,681;428,680;427,680;425,679;423,678;421,678;420,677;418,676;418,675;417,675;416,675;416,674;415,674;414,673;413,673;411,671;410,670;408,669;407,668;405,667;405,666;404,666;402,664;400,662;398,661;398,660;397,660;396,659;395,658;394,658;393,658;392,657;392,656;391,656;391,655;390,655;389,655;389,653;388,653;387,652;386,651;385,650;384,650;383,649;381,649;380,647;379,646;378,645;377,644;376,644;375,644;374,643;372,641;370,641;368,640;366,640;365,640;365,639;364,639;363,638;362,638;361,637;358,636;356,636;355,636;354,636;353,636;352,636;350,636;350,637;349,637;349,638;349,640;349,641;348,643;348,644;348,645;348,646;348,647;348,649;348,650;348,651;348,652;349,654;350,654;351,656;352,656;353,657;354,658;355,660;357,661;358,661;359,663;361,664;363,666;364,666;365,666;366,667;367,667;369,668;370,668;370,669;371,669;371,670;373,671;374,672;375,673;376,673;376,675;377,676;378,677;380,678;381,678;382,679;384,680;386,680;387,682;389,684;390,684;393,686;395,686;396,687;
Specular reflection; POLYGON; 191, 91, 22; 567,61;565,61;564,61;563,61;562,61;559,61;558,61;556,61;555,61;554,61;553,61;550,61;548,61;547,61;544,61;543,61;541,61;540,61;539,61;538,61;537,61;536,61;534,61;532,61;531,61;530,61;529,61;528,61;526,61;525,61;523,61;520,61;518,61;514,61;513,61;512,61;511,61;510,61;509,60;508,60;507,59;507,58;506,57;506,56;506,55;506,54;506,53;506,52;506,51;506,50;506,49;505,48;505,47;505,46;505,45;505,43;505,42;505,40;505,39;506,39;506,38;507,38;508,38;510,37;511,37;512,37;513,36;514,36;514,35;515,35;516,35;517,35;520,35;521,35;522,35;525,35;527,35;530,35;534,35;536,35;537,35;538,35;539,35;540,35;541,35;542,35;544,35;545,35;546,35;548,35;550,35;552,35;553,35;554,35;557,35;558,35;562,35;565,35;567,35;568,35;570,35;571,35;573,35;574,35;577,35;579,36;580,36;582,36;583,36;584,36;585,36;586,36;587,36;589,37;590,37;592,37;593,37;594,37;596,37;597,39;598,39;600,40;600,41;601,41;602,41;603,41;604,42;605,43;606,43;607,43;608,43;610,44;611,44;612,44;613,45;614,45;614,46;614,47;614,48;614,49;614,50;613,52;612,52;610,53;609,53;608,53;607,54;606,54;605,54;604,54;603,54;602,54;600,54;599,54;598,54;597,54;596,54;595,54;593,54;592,54;591,54;590,54;589,54;588,54;586,55;585,55;584,55;581,56;580,56;579,57;579,58;578,58;577,59;576,59;576,60;575,60;574,60;573,60;572,60;570,60;569,61;568,61;567,61;566,61;565,61;564,61;563,61;562,61;561,63;559,63;556,64;554,64;552,66;551,66;549,67;549,68;
Specular reflection; POLYGON; 191, 91, 22; 660,488;659,488;658,488;657,489;656,490;656,492;656,493;656,494;656,495;656,496;656,497;656,499;656,501;656,502;656,503;656,505;656,506;656,507;657,509;658,509;659,509;660,509;661,509;662,509;663,509;664,509;665,509;666,509;667,509;668,509;669,509;670,509;671,508;672,507;672,506;672,505;672,504;672,503;672,502;672,501;672,500;672,499;672,498;672,497;672,496;672,495;672,494;671,493;671,492;670,491;669,491;669,490;668,489;666,489;665,488;664,488;662,488;661,488;660,488;659,488;658,488;657,488;656,488;
Specular reflection; POLYGON; 191, 91, 22; 80,458;80,459;80,460;80,461;80,462;81,464;82,465;83,466;84,468;86,471;88,472;89,474;90,474;90,475;91,476;91,477;92,477;92,479;94,479;95,480;96,481;97,482;98,483;100,484;100,485;101,485;103,488;104,489;104,490;105,490;105,491;105,492;106,492;106,494;107,495;108,496;109,496;110,498;110,501;111,502;112,503;112,504;113,504;113,505;114,506;114,507;115,507;115,508;115,509;116,510;117,511;117,512;120,514;120,515;122,516;124,518;125,518;126,518;126,520;127,520;128,520;129,520;130,520;132,520;134,520;135,520;136,520;137,521;138,521;139,521;140,521;141,522;143,522;144,522;145,522;146,522;148,523;149,523;150,523;151,523;152,523;152,522;153,522;154,521;155,520;155,519;155,518;155,517;156,515;156,514;156,513;157,512;157,511;158,509;159,509;159,507;159,506;159,505;159,504;159,503;159,502;159,501;159,500;159,499;159,498;158,498;155,496;153,494;151,493;150,492;148,492;147,492;146,490;145,490;145,489;143,489;143,488;142,488;141,487;140,487;139,487;138,486;137,486;136,486;136,485;135,484;134,482;133,482;131,481;130,481;129,480;129,479;127,479;127,478;126,476;125,474;124,474;124,473;124,472;123,471;122,469;121,468;119,467;119,465;119,464;118,462;118,461;117,460;117,458;117,457;117,456;116,455;115,453;115,452;115,450;115,449;114,448;113,447;112,446;112,445;112,444;111,444;110,444;109,444;108,444;107,444;106,444;105,444;104,444;103,444;101,444;100,444;99,444;97,444;96,444;95,444;93,446;93,447;91,447;90,449;89,449;88,451;86,452;84,453;83,454;81,456;81,457;80,457;80,458;80,459;79,459;78,460;78,461;78,462;78,463;78,464;78,466;
Specular reflection; POLYGON; 191, 91, 22; 19,493;19,494;19,496;19,498;19,501;19,502;19,505;19,509;21,511;22,512;23,513;24,514;24,515;25,517;28,519;28,520;30,523;30,525;30,526;31,528;32,528;32,529;33,530;34,531;34,532;35,533;36,535;37,535;38,536;39,537;39,538;40,539;42,541;43,542;45,543;45,544;45,546;47,547;48,549;50,550;51,552;54,553;55,554;57,555;59,555;60,556;61,557;62,559;63,559;63,560;65,560;66,560;67,562;69,562;70,562;71,562;72,564;73,564;74,565;75,566;78,567;80,568;81,568;81,569;83,570;84,572;85,572;85,573;86,574;86,575;86,576;87,577;88,578;88,579;89,579;89,580;90,580;91,582;92,582;94,583;95,583;97,583;98,584;99,584;100,584;101,584;102,584;103,585;105,586;106,586;107,586;109,587;110,587;111,587;111,586;111,583;111,582;110,581;109,580;109,579;108,577;106,576;103,573;102,572;100,570;98,569;96,567;93,565;92,565;90,563;89,562;88,562;87,561;86,560;84,560;82,559;81,558;79,556;78,555;78,554;76,553;76,552;75,551;74,551;74,550;73,549;73,548;73,546;70,545;69,543;68,543;68,542;68,541;68,539;67,538;67,537;66,536;65,535;64,534;64,533;64,532;64,531;63,531;63,530;62,529;62,528;62,527;62,526;61,525;60,524;59,524;58,522;57,521;56,520;55,520;54,520;54,519;52,518;51,517;49,515;47,514;46,513;45,511;44,509;44,508;42,507;42,506;40,505;40,504;39,503;39,502;37,501;36,500;35,499;35,497;34,495;34,494;32,493;32,492;32,491;32,490;31,489;30,488;29,487;28,487;27,487;26,487;25,487;24,487;23,488;22,489;21,490;18,492;17,493;17,494;17,497;17,498;17,500;
Specular reflection; POLYGON; 191, 91, 22; 210,643;209,643;208,644;207,645;207,646;206,647;206,648;206,649;206,650;205,650;205,651;205,652;205,653;205,654;205,655;205,657;206,657;206,658;207,658;208,658;208,659;209,660;210,661;211,661;213,661;214,663;215,664;216,664;217,664;219,665;221,666;222,666;223,666;224,666;225,666;226,666;228,667;229,667;231,667;232,668;233,668;235,669;235,670;236,670;237,670;238,670;239,670;240,670;241,670;242,670;243,670;243,669;243,668;243,667;242,664;241,663;240,663;240,662;239,661;238,661;237,659;236,658;235,658;234,657;233,656;232,656;231,655;230,654;229,653;228,652;227,652;225,652;224,652;222,651;219,650;218,650;217,650;216,650;214,649;213,649;212,647;211,646;210,645;209,645;
Specular reflection; POLYGON; 191, 91, 22; 222,404;221,404;220,404;218,404;216,404;214,404;213,404;212,404;211,404;210,404;209,403;209,402;208,402;207,401;206,401;206,400;206,399;206,398;206,397;206,396;206,395;206,394;206,393;206,392;206,391;207,390;208,390;209,390;209,389;209,388;210,388;211,386;212,385;213,385;214,385;215,384;217,383;218,382;219,382;220,382;220,381;220,380;221,380;222,380;223,380;224,380;225,380;226,380;228,380;229,380;230,380;231,380;232,380;233,380;234,380;235,380;236,380;238,380;239,380;240,380;241,380;242,380;243,380;244,380;245,380;246,380;247,380;248,380;249,380;250,380;251,380;252,380;253,380;254,382;255,382;255,383;255,385;255,386;255,387;255,388;255,389;254,389;253,391;252,391;251,391;250,391;248,392;247,392;246,392;245,392;244,392;243,392;242,392;241,392;240,392;239,392;237,392;235,392;234,392;233,392;232,392;231,392;231,393;230,393;229,393;229,394;228,394;228,395;227,395;226,395;226,397;225,398;225,399;224,400;223,401;223,403;223,404;223,405;223,406;
Specular reflection; POLYGON; 191, 91, 22; 343,420;342,420;341,421;340,422;339,425;338,425;338,426;338,428;337,429;336,431;336,433;335,433;334,435;334,437;334,438;334,439;334,440;334,442;334,443;333,443;333,444;333,445;333,446;333,447;333,448;333,449;333,450;333,451;333,452;334,453;334,454;335,454;336,455;337,456;339,457;339,458;340,458;341,459;341,460;343,461;344,462;345,462;346,462;347,462;348,462;350,461;350,459;351,458;351,457;351,456;351,455;351,453;351,452;351,451;351,450;351,449;351,448;351,446;351,445;351,444;351,442;351,441;351,440;351,439;351,438;351,437;351,436;351,435;351,434;351,432;351,431;351,430;351,429;352,429;352,428;354,428;355,427;355,426;355,425;355,424;355,423;355,422;355,421;355,420;355,419;354,418;353,418;353,417;352,417;351,417;349,417;348,417;347,417;345,417;344,418;343,419;342,419;
Specular reflection; POLYGON; 191, 91, 22; 326,401;326,400;326,399;326,398;326,397;326,396;326,395;326,394;326,393;326,392;326,391;326,390;326,389;326,388;326,386;326,385;326,384;326,383;326,382;327,380;327,379;328,379;329,378;329,377;330,376;330,375;331,373;332,372;332,371;332,369;333,369;334,368;335,367;335,366;337,365;338,363;340,363;341,362;342,362;343,362;343,361;344,360;344,359;345,358;346,358;346,357;347,357;348,356;349,355;349,354;350,354;350,353;351,353;351,352;353,352;354,352;354,351;354,350;356,349;356,348;356,347;356,346;357,346;357,345;357,344;357,343;357,342;357,341;357,340;358,338;359,337;360,336;360,335;361,335;362,334;363,334;365,334;366,334;367,334;368,334;369,335;369,336;370,336;371,336;371,338;371,339;372,339;372,340;372,341;372,342;372,344;372,345;372,346;372,348;372,350;372,351;372,353;372,354;371,354;370,356;370,358;369,359;367,361;365,362;364,364;363,364;362,364;362,365;361,366;360,366;359,366;358,366;356,367;355,367;354,368;353,369;351,369;350,371;348,371;347,373;346,374;345,375;344,375;343,377;343,378;342,378;341,379;341,381;339,384;338,385;337,387;336,388;336,390;336,391;336,393;336,394;336,396;335,397;334,397;333,397;332,397;331,398;330,399;329,399;
Specular reflection; POLYGON; 191, 91, 22; 370,289;369,289;367,289;366,289;365,289;364,289;363,289;362,289;362,290;361,290;360,290;359,292;358,292;357,293;357,294;356,294;356,295;355,297;355,298;355,299;355,300;355,301;355,303;355,304;355,305;355,306;355,307;356,308;357,308;359,308;360,309;361,309;362,309;364,309;365,309;366,309;368,309;369,309;371,309;372,309;372,308;373,306;374,304;374,303;374,302;374,301;374,300;374,299;374,298;375,297;375,296;375,294;375,293;375,292;375,291;375,289;375,288;374,288;373,288;372,288;371,288;370,288;368,288;367,288;
Specular reflection; POLYGON; 191, 91, 22; 559,662;558,663;557,663;556,664;555,665;555,666;554,666;554,667;554,668;553,670;551,672;551,673;550,674;549,675;548,675;548,677;548,678;548,679;547,679;547,680;546,681;546,682;546,683;546,685;546,687;546,688;546,689;545,691;545,692;545,693;545,694;545,695;545,696;545,698;545,699;545,700;545,701;545,702;545,703;545,705;545,706;545,707;545,708;545,709;546,709;546,711;547,712;548,712;549,713;550,713;551,713;552,713;553,713;554,713;554,712;555,711;556,710;556,709;556,708;557,708;557,707;559,706;560,704;561,703;562,702;562,701;563,700;563,699;564,698;565,696;565,695;566,694;567,692;567,691;567,690;568,689;569,687;570,686;570,685;570,684;570,683;570,681;570,680;570,679;570,678;570,674;570,673;570,672;570,670;570,669;570,668;570,667;570,666;569,665;569,664;568,663;566,661;564,660;564,658;562,658;561,658;
Specular reflection; POLYGON; 191, 91, 22; 650,597;649,598;649,599;649,600;649,601;649,602;649,603;649,605;649,607;649,608;649,609;649,611;649,613;649,614;649,615;649,617;648,618;648,619;648,620;648,621;647,623;647,624;647,625;647,626;647,627;647,628;647,629;647,630;647,631;647,632;646,632;646,633;646,635;645,636;645,637;645,638;645,639;645,640;645,641;645,643;644,644;644,645;644,646;644,648;644,650;644,651;644,652;644,653;644,654;644,655;644,656;644,657;644,658;645,658;646,658;647,658;648,658;649,657;649,656;650,655;650,654;651,653;652,653;653,653;654,652;655,652;656,651;657,650;657,649;657,648;657,647;657,646;657,645;657,643;657,642;657,641;657,639;657,637;657,636;657,634;657,633;657,632;657,631;657,630;657,629;657,628;657,627;658,627;658,626;658,625;658,624;658,623;659,622;659,621;659,620;659,619;659,618;660,617;660,616;660,615;660,614;660,613;660,612;660,611;660,610;660,608;660,607;660,606;660,605;660,604;660,603;660,602;660,601;660,599;660,598;660,597;660,595;660,594;660,593;659,593;658,593;656,593;655,593;653,594;652,595;652,596;651,597;650,598;650,600;650,601;650,602;
Specular reflection; POLYGON; 191, 91, 22; 765,543;764,543;763,543;762,543;761,543;760,543;759,543;759,544;759,545;758,546;758,547;757,547;757,548;757,549;757,550;757,551;757,553;757,554;757,555;758,555;758,556;759,557;759,558;760,558;761,560;762,561;763,561;764,561;765,561;766,562;767,562;767,563;767,564;767,565;767,566;767,567;768,567;768,568;770,568;772,568;773,568;774,568;775,568;775,567;775,566;775,565;775,564;775,563;775,562;775,561;775,560;775,559;775,558;776,557;777,557;778,555;779,555;780,555;781,554;782,554;783,553;784,553;784,552;784,551;784,549;784,548;784,547;784,546;784,545;783,545;783,544;782,544;781,544;780,544;779,544;778,544;777,544;776,544;775,544;774,544;773,544;772,544;771,544;770,544;769,544;768,544;767,544;766,544;765,544;764,544;762,544;760,544;759,544;758,544;
Specular reflection; POLYGON; 191, 91, 22; 992,568;992,570;992,571;992,572;992,573;992,575;992,576;992,579;992,580;991,580;990,582;990,583;990,585;990,586;990,587;990,588;990,589;990,590;990,591;990,592;990,593;990,595;990,596;990,597;990,598;991,598;992,598;993,598;994,598;995,598;996,598;996,597;997,597;997,596;997,595;997,593;997,592;997,591;997,590;997,589;997,588;997,587;997,586;997,585;997,584;997,583;997,582;997,581;997,580;997,579;997,578;997,577;997,576;997,575;997,574;997,573;997,572;997,571;996,571;995,570;995,569;995,568;
Specular reflection; POLYGON; 191, 91, 22; 992,568;992,570;992,571;992,572;992,573;991,574;991,576;991,577;991,578;990,578;990,579;990,580;990,582;990,583;990,584;990,586;990,587;990,588;990,589;990,590;990,592;990,593;991,593;992,594;993,594;994,595;996,595;997,595;999,595;1000,595;1001,595;1001,594;1001,593;1002,593;1002,592;1002,591;1002,590;1002,589;1002,588;1002,587;1002,586;1002,585;1002,584;1002,582;1002,581;1002,580;1002,578;1002,577;1002,576;1002,575;1002,574;1002,573;1002,572;1002,571;1002,570;1002,569;1002,568;1002,567;1002,566;1002,565;1002,563;1002,562;1002,561;1001,561;999,561;997,561;994,561;993,561;991,562;990,562;989,563;
Specular reflection; POLYGON; 191, 91, 22; 1008,510;1007,510;1006,510;1005,510;1004,510;1003,510;1003,511;1003,512;1003,513;1002,514;1001,514;1000,515;1000,516;1000,517;1000,519;1000,520;1000,521;1000,522;1001,524;1001,525;1002,525;1003,525;1005,525;1006,525;1007,525;1008,525;1009,525;1010,525;1012,524;1012,523;1012,522;1012,521;1012,520;1012,519;1012,518;1012,517;1012,516;1012,515;1012,513;1012,511;1012,510;1011,509;1010,508;1009,507;1008,507;1007,507;
Specular reflection; POLYGON; 191, 91, 22; 660,239;659,239;658,239;657,240;657,241;657,242;656,242;656,243;656,244;656,245;656,246;656,247;655,247;655,248;655,250;654,250;654,251;654,252;654,253;654,254;654,255;654,256;654,257;654,258;654,260;654,261;654,262;654,263;654,265;654,266;654,267;654,268;654,269;655,269;656,269;657,269;658,269;659,269;660,269;661,269;661,268;662,267;662,265;662,264;663,264;663,262;663,261;663,260;663,259;664,258;664,257;665,256;665,255;666,255;666,253;666,252;666,251;667,250;667,249;667,248;667,247;667,246;667,245;667,244;667,243;667,242;667,240;667,239;667,238;666,238;666,237;665,237;664,237;663,237;661,237;660,237;658,237;657,237;656,237;655,237;
Specular reflection; POLYGON; 191, 91, 22; 608,467;607,467;606,467;605,467;604,467;604,468;603,469;603,470;602,471;602,472;602,473;601,474;601,475;600,476;600,477;599,478;598,479;598,480;598,481;597,481;596,482;596,483;595,484;595,485;595,486;594,488;594,489;594,490;594,492;593,492;593,494;593,495;593,496;593,497;593,498;593,499;593,500;593,501;593,502;594,502;595,502;596,502;598,502;600,502;601,502;602,501;603,501;604,500;605,500;606,500;607,499;609,499;609,498;610,498;612,498;613,497;614,496;615,494;616,494;616,493;616,492;617,491;618,490;618,489;618,487;618,486;618,485;618,483;618,482;618,481;618,480;618,479;618,478;618,477;618,476;619,475;619,474;619,473;619,471;619,470;619,468;619,467;619,465;619,464;619,463;619,462;619,461;619,460;617,459;616,459;614,459;613,459;612,459;611,459;610,459;609,460;608,460;607,461;607,463;607,464;606,464;606,465;605,465;604,466;603,466;603,467;602,470;602,472;
Specular reflection; POLYGON; 191, 91, 22; 270,123;269,123;267,123;264,123;260,123;258,123;256,123;255,123;254,123;253,124;252,124;251,124;249,124;249,125;247,125;246,126;245,126;244,126;243,126;241,126;239,126;238,126;236,126;235,126;234,126;232,126;231,126;230,127;227,127;226,127;225,127;223,127;221,127;219,127;218,127;217,127;216,127;215,127;213,127;212,127;211,127;210,127;209,127;208,127;206,127;205,127;204,127;203,127;202,127;201,127;200,126;198,124;197,124;196,123;195,123;194,123;194,122;194,121;194,119;194,118;194,117;194,115;194,114;194,113;195,112;196,111;197,111;198,111;199,111;201,111;203,111;204,111;206,111;208,111;210,111;211,111;212,111;213,111;214,112;217,113;218,113;219,114;220,114;222,115;223,115;224,115;226,116;228,116;229,116;230,118;231,118;233,118;234,118;235,118;237,118;238,118;240,118;241,118;243,118;244,118;245,118;246,118;247,118;249,118;251,118;252,118;253,118;254,118;256,116;257,116;258,116;258,115;259,113;260,112;261,112;262,112;264,112;265,112;266,111;267,110;268,109;269,108;270,108;272,106;273,106;274,106;275,106;276,106;277,106;278,106;278,107;278,108;278,109;278,110;278,111;278,112;278,113;278,114;278,115;277,115;277,116;276,117;275,118;274,118;273,119;272,120;271,121;270,121;269,121;268,121;267,122;266,122;265,122;265,123;265,124;264,124;263,124;262,124;261,124;260,124;
Specular reflection; POLYGON; 191, 91, 22; 242,96;242,97;242,98;243,99;243,100;243,101;243,102;243,103;243,104;242,104;240,104;239,104;238,104;237,104;235,104;234,104;233,104;232,104;230,104;229,104;228,104;227,104;226,103;225,103;224,103;224,102;223,101;222,101;221,101;221,100;221,98;221,97;220,97;220,96;220,95;220,94;220,92;220,91;220,90;220,89;220,88;221,88;222,88;223,88;224,88;226,88;227,88;230,88;231,88;232,88;233,88;234,88;235,88;235,89;236,89;237,89;240,90;241,91;241,92;243,94;244,95;245,96;246,96;246,98;247,98;248,99;249,99;
Specular reflection; POLYGON; 191, 91, 22; 260,42;259,42;258,42;258,43;257,44;257,45;256,46;256,47;255,48;254,48;253,48;252,48;251,49;250,49;250,50;249,50;247,50;246,50;245,50;243,50;242,50;241,50;239,50;238,50;236,50;235,50;234,50;232,50;231,50;230,50;229,49;228,49;228,48;228,47;227,46;227,45;227,44;227,43;227,42;227,41;227,40;227,39;227,38;227,36;227,35;227,34;227,32;227,31;228,31;229,31;230,31;230,30;231,30;232,30;233,30;235,30;237,30;238,30;240,30;241,30;242,30;243,30;246,30;248,30;249,30;250,30;251,30;252,30;254,30;255,30;256,30;257,30;259,30;260,30;260,31;261,32;261,33;261,34;261,36;261,37;261,39;261,40;261,41;261,42;261,43;261,44;261,46;259,46;258,46;
Specular reflection; POLYGON; 191, 91, 22; 664,485;663,485;662,485;661,485;660,487;659,488;658,489;657,490;656,491;655,491;655,492;654,493;654,494;653,494;653,495;652,495;652,497;652,498;652,499;652,500;652,501;652,502;652,503;652,504;652,506;652,507;652,508;652,509;653,510;653,511;654,512;654,513;655,513;656,513;657,513;658,513;659,513;660,513;661,513;662,513;663,513;664,513;665,513;665,512;666,512;667,511;668,509;668,508;668,507;668,506;669,505;669,504;669,503;669,502;669,500;669,499;669,498;669,497;669,495;669,494;669,492;669,491;669,490;669,488;669,487;669,486;668,485;667,485;
Specular reflection; POLYGON; 191, 91, 22; 669,485;670,485;671,485;672,485;673,485;674,485;675,485;677,486;677,487;679,489;680,490;680,491;680,492;680,493;680,494;680,495;680,496;680,497;680,498;680,500;680,501;679,501;678,501;677,501;677,503;675,505;675,506;674,506;674,507;672,507;671,508;670,509;669,509;668,509;667,509;666,509;665,509;665,508;665,506;665,505;665,504;665,503;665,502;
Specular reflection; POLYGON; 191, 91, 22; 675,716;673,716;670,715;669,714;668,714;667,714;666,714;665,714;664,714;663,714;660,714;659,714;658,714;656,714;653,714;650,714;649,714;648,714;647,714;646,714;645,714;644,714;642,714;641,714;640,715;640,716;640,717;640,718;639,719;638,720;638,721;638,723;638,724;638,725;638,726;638,727;638,729;638,730;638,731;638,732;638,733;638,734;638,735;640,736;641,736;642,736;643,737;644,737;645,737;646,737;647,738;648,738;649,738;650,738;653,738;654,738;655,738;656,738;657,738;658,738;659,738;660,738;662,738;663,738;664,738;665,738;666,738;667,738;668,738;670,738;671,738;673,738;674,738;675,738;676,738;677,738;677,739;678,739;680,741;680,742;681,742;681,743;683,743;684,743;685,744;685,745;686,745;687,746;688,746;688,747;689,747;690,747;690,748;692,748;693,748;694,748;695,748;696,748;697,748;699,748;700,748;701,748;702,748;702,747;703,747;703,746;703,745;704,744;704,743;704,741;704,740;704,739;703,738;702,738;701,736;700,735;699,734;698,734;697,733;696,732;695,732;694,731;693,729;692,729;691,728;690,727;689,726;688,725;687,723;686,722;685,722;684,721;682,718;682,717;680,716;680,715;679,715;678,714;677,713;676,713;675,711;673,710;671,709;670,709;669,709;668,709;667,709;666,709;665,709;664,710;661,713;661,714;
Specular reflection; POLYGON; 191, 91, 22; 882,664;883,664;884,664;885,664;886,664;887,664;888,664;889,664;890,664;891,664;892,664;894,664;895,664;897,664;898,664;899,664;900,664;901,664;903,664;905,664;906,664;907,664;908,664;910,665;911,665;912,665;913,666;914,666;914,667;914,668;916,668;916,669;917,670;917,671;918,672;918,673;918,674;918,675;918,676;918,677;919,679;919,681;919,683;919,684;919,685;919,686;920,688;920,689;920,691;920,692;920,693;920,695;920,696;921,697;921,698;922,699;922,700;922,701;922,702;923,702;923,703;923,704;923,705;923,706;924,708;924,709;924,710;924,711;924,712;924,713;924,714;924,715;924,716;924,718;924,719;924,720;924,722;924,724;924,725;923,725;923,726;922,726;921,728;920,730;920,731;919,731;918,732;917,733;916,734;915,734;914,735;914,736;913,737;912,737;912,738;911,738;910,738;908,739;906,740;905,741;904,741;903,741;
Specular reflection; POLYGON; 191, 91, 22; 915,678;916,678;918,678;919,678;920,678;921,678;922,678;923,678;924,678;925,678;926,678;927,678;928,680;929,681;930,681;930,683;930,684;930,685;930,687;930,689;930,690;930,692;930,693;930,694;930,695;930,696;930,697;930,698;930,700;930,701;930,704;930,705;930,706;930,707;930,708;929,708;929,709;929,710;929,711;929,713;929,714;928,716;927,718;927,719;927,720;926,721;926,722;925,724;924,726;923,727;923,728;923,729;922,730;922,731;922,732;921,732;921,733;920,733;919,734;918,734;917,735;916,736;915,737;914,738;912,739;911,740;910,741;909,742;909,743;908,743;907,743;906,743;
Specular reflection; POLYGON; 191, 91, 22; 776,560;777,560;778,560;779,560;780,560;781,560;782,560;783,560;783,561;783,562;783,563;783,564;783,565;783,566;783,567;782,567;781,568;781,569;781,570;780,570;779,571;778,571;777,571;776,571;774,571;773,571;772,571;771,571;770,571;769,571;768,571;767,571;766,571;765,571;764,571;763,571;762,571;761,571;760,570;760,569;759,568;758,567;757,566;756,565;755,564;755,563;754,562;754,561;752,561;751,560;750,559;749,558;749,557;749,556;749,555;749,554;749,553;749,552;749,551;749,550;749,549;749,548;750,548;751,548;752,548;753,548;753,547;754,546;754,545;755,545;756,545;757,545;758,545;759,544;760,544;761,544;762,544;763,544;764,544;765,544;766,544;769,544;770,544;773,544;776,544;
Specular reflection; POLYGON; 191, 91, 22; 827,422;826,422;825,422;823,422;822,422;821,422;820,422;819,422;818,422;817,422;816,422;815,422;815,423;814,423;813,424;813,426;813,427;813,428;813,429;813,430;813,431;814,432;815,432;816,433;817,433;817,434;818,434;819,434;820,434;821,434;821,435;822,435;823,435;824,435;825,435;826,435;827,435;828,435;829,435;831,435;832,435;832,434;832,433;833,433;834,432;834,431;834,429;834,427;834,426;834,425;834,424;834,423;833,422;833,421;832,420;831,420;830,420;829,420;829,419;828,419;827,419;826,419;825,419;824,419;823,419;822,419;821,419;819,419;819,421;
Artery; POLYGON; 237, 28, 36; 419,945;418,945;417,945;416,945;415,945;412,945;409,945;408,945;407,945;405,945;404,945;403,945;402,945;400,945;398,945;397,945;394,944;393,944;391,944;390,944;388,944;386,944;384,944;382,944;378,944;375,944;373,944;369,944;368,944;367,944;365,944;363,944;362,944;361,944;359,944;357,944;356,944;354,944;352,944;350,944;348,943;346,943;343,943;342,943;340,943;339,942;337,942;335,942;333,942;332,942;331,942;329,942;327,942;326,942;325,942;324,942;322,942;321,942;318,942;317,942;316,942;314,942;313,942;311,942;310,942;309,942;307,942;306,942;305,942;304,942;303,942;301,942;300,943;300,944;299,945;298,946;297,947;297,948;295,949;295,950;295,951;295,952;295,953;294,955;294,956;294,958;294,959;294,960;294,961;294,962;294,964;294,965;294,967;294,968;295,969;295,970;296,971;298,972;301,974;302,975;305,977;308,978;308,979;309,979;311,980;312,981;314,981;316,983;317,983;318,984;319,984;320,984;321,984;322,985;323,985;325,986;326,986;327,987;328,987;328,989;329,990;329,991;330,991;330,992;331,992;332,994;333,995;333,996;333,997;333,998;334,998;334,999;336,1000;336,1001;338,1002;339,1003;340,1003;341,1003;342,1004;343,1004;344,1004;346,1004;348,1004;349,1004;352,1005;353,1005;355,1005;356,1005;357,1005;358,1005;359,1005;362,1005;364,1005;367,1006;370,1006;371,1006;374,1006;376,1006;380,1006;383,1006;384,1006;386,1006;388,1006;392,1006;395,1006;396,1006;399,1006;401,1006;402,1006;405,1006;407,1006;408,1005;410,1004;412,1004;413,1004;416,1004;418,1004;419,1004;420,1004;421,1003;423,1003;424,1002;425,1002;428,1002;429,1002;431,1002;434,1002;436,1002;439,1002;440,1002;441,1002;443,1002;444,1002;447,1002;448,1002;451,1002;453,1002;454,1002;455,1002;457,1002;459,1002;460,1003;461,1003;462,1004;463,1004;464,1005;465,1006;466,1006;467,1007;468,1007;469,1008;470,1009;471,1010;471,1011;473,1011;474,1012;475,1012;476,1013;477,1013;477,1014;478,1015;479,1015;480,1015;480,1016;481,1016;482,1017;484,1017;485,1017;486,1017;487,1017;488,1017;489,1018;490,1018;491,1018;493,1018;494,1018;496,1018;498,1018;499,1018;501,1018;502,1018;504,1018;505,1018;506,1018;507,1018;508,1018;510,1018;511,1018;512,1018;513,1018;515,1018;516,1018;517,1018;518,1018;519,1018;520,1017;521,1017;523,1017;524,1016;526,1016;527,1016;528,1015;530,1014;531,1014;532,1013;533,1013;533,1012;534,1011;535,1011;537,1011;538,1009;539,1009;541,1008;542,1008;543,1008;544,1007;544,1006;545,1006;548,1006;549,1006;550,1006;551,1005;552,1005;553,1005;554,1004;555,1004;556,1003;558,1002;560,1002;561,1002;562,1002;563,1002;564,1001;565,1001;568,1001;569,1000;571,1000;572,1000;574,1000;576,1000;577,1000;579,1000;580,1000;581,1000;584,999;586,999;587,999;588,999;590,999;592,999;593,999;595,999;598,999;600,999;601,999;602,999;603,998;603,997;604,997;608,997;609,997;610,997;612,997;614,997;616,997;617,997;618,997;620,997;621,997;622,997;625,997;629,997;630,997;632,997;633,997;634,997;635,997;636,997;638,997;640,997;642,997;645,997;648,997;650,997;651,997;652,996;653,996;654,995;656,995;657,995;658,995;659,994;659,993;660,993;660,992;661,991;662,991;663,989;664,988;665,987;666,986;667,985;667,984;668,984;668,982;668,981;669,979;669,978;669,977;669,976;670,975;670,973;670,971;670,970;670,968;670,967;670,966;670,965;670,963;669,961;669,959;666,956;666,955;664,955;663,955;662,953;661,953;660,953;658,952;655,949;653,949;652,948;651,948;650,947;648,946;646,945;645,943;644,942;642,941;640,940;640,939;639,938;639,937;638,937;637,935;636,933;636,931;635,930;635,929;634,929;634,928;634,927;634,926;633,925;632,924;632,923;632,921;631,919;631,917;631,916;631,915;631,913;631,911;631,910;631,909;630,908;630,906;630,904;630,903;630,901;630,899;630,897;630,896;629,894;629,892;628,892;628,890;628,889;628,887;628,886;627,885;627,884;627,880;626,879;625,877;625,876;624,874;624,873;624,872;623,869;623,867;622,866;621,865;620,862;619,860;618,858;617,856;616,854;615,854;615,852;614,850;613,849;613,848;612,847;611,846;609,843;608,842;607,841;606,840;605,838;604,836;604,835;601,832;601,830;599,829;598,827;596,825;595,824;594,822;593,819;593,818;592,816;591,815;590,813;590,812;588,810;588,809;587,807;587,806;585,805;585,804;584,802;582,798;581,798;581,797;580,797;580,795;579,793;577,791;576,791;576,790;575,788;574,787;573,786;572,785;572,784;571,782;571,781;570,780;570,779;569,777;568,775;568,774;567,773;566,772;565,769;564,768;563,767;561,766;561,765;560,762;559,761;558,760;557,759;557,757;556,756;555,756;555,755;555,754;554,752;553,752;553,751;553,750;552,749;552,748;550,746;549,746;548,745;548,743;547,743;546,741;545,740;544,740;543,739;543,738;542,737;541,736;539,734;538,734;536,733;536,732;535,732;534,732;533,731;531,730;530,730;530,729;528,729;527,729;526,729;525,729;524,729;522,729;521,729;519,729;518,729;516,729;515,729;514,729;513,729;511,730;511,731;510,731;508,732;506,734;505,735;504,736;504,738;504,740;504,741;503,742;503,743;503,744;503,745;503,747;503,749;503,750;503,751;503,752;503,753;503,754;503,755;504,756;506,757;507,758;508,759;508,760;509,760;510,760;510,761;511,761;511,762;512,763;512,764;513,765;513,766;513,767;513,768;513,769;513,770;513,771;513,772;513,773;513,774;513,775;511,776;511,778;510,778;509,778;508,778;506,779;505,779;503,779;502,779;501,779;500,779;500,780;499,780;498,780;496,780;495,780;494,780;493,780;492,780;491,780;490,780;489,780;487,780;486,780;484,780;483,778;482,778;481,778;480,778;480,777;478,777;476,777;475,777;474,776;473,776;472,776;471,776;469,776;467,776;465,776;463,776;462,776;460,776;459,776;458,776;457,776;456,776;455,776;454,776;453,776;452,778;451,779;449,780;449,781;448,781;448,782;448,784;448,785;448,786;448,787;448,788;448,790;448,791;448,792;448,793;448,794;448,796;448,798;448,799;449,800;450,801;450,802;451,802;451,803;452,805;453,807;454,807;455,808;456,808;457,809;457,810;458,810;459,811;461,813;462,813;462,814;463,814;463,815;464,816;465,817;466,817;466,818;467,819;467,820;467,821;467,822;468,823;469,827;470,828;470,830;471,832;472,833;472,834;472,836;472,837;472,838;472,839;473,840;473,841;473,842;473,844;473,845;473,846;473,848;473,849;473,851;473,852;473,853;473,855;473,856;473,857;472,859;472,860;471,862;471,863;470,864;470,865;470,866;469,868;469,870;468,871;468,872;467,874;467,875;467,876;467,878;466,879;466,880;465,881;465,882;463,883;463,884;462,886;462,887;461,887;460,889;460,890;459,893;458,894;457,895;456,896;456,897;455,898;455,899;455,900;455,901;455,902;453,903;453,904;451,905;451,906;450,906;450,907;450,908;449,909;448,910;447,912;447,913;447,914;446,914;445,915;444,916;444,917;444,918;443,919;443,920;442,920;441,921;441,922;440,922;439,923;439,924;439,925;438,925;437,926;436,927;435,927;433,928;432,929;431,930;430,930;429,931;429,932;427,932;426,932;425,933;423,933;422,933;421,934;420,934;419,935;418,935;417,935;416,935;416,936;415,937;414,938;414,939;413,939;412,939;411,940;410,940;409,941;409,942;408,943;407,943;406,944;405,944;404,944;
Artery; POLYGON; 237, 28, 36; 476,795;475,794;474,793;473,791;473,790;473,789;472,787;472,786;471,785;471,784;471,783;471,782;471,781;470,781;470,780;468,779;468,778;468,777;467,777;466,775;466,774;465,773;465,772;465,771;464,771;464,770;464,769;464,768;463,767;462,766;462,765;461,764;461,763;461,762;460,762;459,761;459,760;458,759;457,757;457,756;456,755;455,754;454,753;453,753;453,752;452,752;452,750;452,749;451,749;451,748;450,748;449,747;449,746;449,744;448,744;447,743;446,743;446,742;446,741;445,740;445,739;445,738;445,737;445,736;443,734;441,732;441,731;440,730;440,729;440,728;440,727;439,726;438,724;438,723;437,723;436,722;435,722;434,721;434,720;433,720;433,719;432,719;431,718;430,717;429,717;428,717;428,716;427,716;424,715;423,714;422,714;421,713;421,712;420,712;419,712;419,711;418,711;417,710;416,709;413,707;412,706;411,706;410,705;409,704;408,704;407,704;406,703;404,702;404,701;402,700;401,700;400,699;399,699;398,699;397,699;396,699;394,697;393,696;392,695;392,694;390,693;389,693;388,692;387,692;386,692;386,691;384,689;384,688;382,688;381,687;380,686;378,685;377,685;376,684;375,684;375,683;375,682;374,681;373,680;373,679;372,678;371,678;370,676;369,676;369,675;368,675;367,674;366,673;364,671;363,671;362,670;361,669;359,668;358,668;358,667;357,666;356,665;355,665;354,664;353,664;351,662;350,662;349,662;348,660;347,660;346,659;344,658;343,658;341,657;340,657;339,657;338,657;337,657;335,657;333,656;332,656;330,656;328,654;326,654;324,654;323,654;322,654;321,654;320,654;318,654;317,654;316,654;316,653;315,653;314,653;313,653;312,653;311,653;310,653;308,653;306,653;304,653;303,653;302,653;301,653;300,653;298,653;296,653;294,653;293,653;292,654;291,655;290,655;290,656;289,656;289,658;288,660;288,661;288,662;288,663;288,664;288,665;288,666;288,667;289,667;290,668;291,668;292,669;293,669;296,669;298,671;299,671;301,672;301,673;302,674;303,675;304,675;305,675;307,676;309,678;310,679;311,679;311,680;313,680;314,681;315,681;315,682;316,682;317,682;318,684;319,684;320,684;321,685;322,686;323,686;323,687;324,687;325,688;326,689;326,690;327,690;328,691;329,691;330,692;331,694;332,694;333,695;333,696;334,696;334,697;335,698;336,699;337,699;338,701;341,702;342,703;343,704;344,705;345,706;347,708;348,709;349,710;350,710;351,711;353,712;354,712;355,714;356,714;357,715;358,716;360,716;360,717;361,718;362,718;364,720;365,720;366,721;367,722;368,722;368,723;369,723;369,724;370,725;370,726;371,727;372,727;373,729;374,729;374,730;375,730;376,731;377,732;377,734;378,735;378,736;379,737;381,739;383,741;384,742;385,743;386,745;386,746;387,746;388,747;389,748;389,749;390,749;391,751;392,752;393,753;395,755;396,755;397,755;399,757;399,758;401,759;402,760;404,761;405,763;405,764;407,764;409,765;410,765;411,766;411,767;412,767;413,767;415,769;415,770;416,770;417,771;418,772;419,772;420,773;422,775;423,775;424,775;426,775;427,776;428,776;429,776;430,776;431,776;432,776;432,777;433,777;434,777;435,777;436,777;437,777;438,778;439,778;440,779;441,779;442,779;445,779;446,781;448,781;449,781;450,782;451,782;453,783;456,783;456,784;457,784;458,784;459,784;460,785;461,787;462,787;463,788;464,788;466,788;467,789;469,790;470,790;471,791;472,792;472,793;473,793;474,794;475,794;476,794;477,795;478,796;480,796;481,796;
Artery; POLYGON; 237, 28, 36; 471,760;470,760;469,760;467,760;465,760;464,760;463,760;462,760;461,760;460,760;460,761;458,762;458,763;457,763;456,764;455,764;455,766;455,767;455,768;455,769;455,771;455,772;455,773;455,775;455,777;455,778;456,779;457,780;458,781;459,781;459,783;461,783;464,784;465,784;466,784;468,785;469,785;470,785;471,785;472,785;472,786;474,786;475,786;476,786;477,787;478,787;479,787;481,787;482,787;483,787;484,787;486,787;487,787;489,787;490,787;491,787;492,787;493,787;494,787;495,787;496,787;497,787;498,787;499,787;500,787;501,787;502,787;503,787;504,786;504,785;506,785;507,785;507,784;508,784;509,783;510,782;511,781;511,780;511,779;511,778;511,777;511,776;511,775;511,774;511,773;511,772;511,771;511,770;511,769;511,768;511,767;511,765;511,764;511,763;511,762;511,761;511,760;511,759;511,758;510,756;510,755;509,754;509,753;507,752;506,751;504,750;503,748;502,747;502,746;500,746;499,746;498,744;497,744;496,744;495,743;494,742;493,741;493,740;492,739;492,738;492,737;492,736;492,735;492,734;492,733;492,731;492,730;493,728;493,727;495,726;496,726;497,725;498,725;499,724;499,723;499,722;500,722;501,721;502,721;503,721;504,721;505,721;506,721;507,720;508,720;509,720;510,720;511,720;512,720;513,720;514,720;516,720;517,720;518,720;519,720;521,720;522,720;523,721;523,722;524,723;525,724;526,725;527,726;528,726;529,727;529,728;529,729;530,729;531,730;531,731;532,732;532,733;532,734;533,735;533,736;534,737;534,738;534,739;535,741;535,742;536,742;536,743;538,743;539,744;539,745;539,746;540,746;540,747;541,748;
Artery; POLYGON; 237, 28, 36; 535,747;535,746;535,744;534,742;534,741;534,740;534,739;534,738;534,736;534,735;533,734;532,734;532,733;531,732;530,732;529,730;528,730;527,730;526,730;525,730;524,730;522,730;520,730;519,730;518,730;516,730;515,730;514,730;513,730;512,730;511,730;510,730;509,730;508,730;507,731;505,731;504,731;503,731;502,731;501,732;500,732;499,732;498,732;497,732;496,732;495,732;494,733;493,733;492,733;491,733;491,734;489,734;488,734;487,734;486,734;485,734;484,734;483,734;482,734;480,733;479,733;478,733;477,732;476,731;476,730;476,729;475,729;474,727;473,727;473,726;472,725;470,723;470,722;469,722;469,721;469,720;467,719;466,717;466,716;465,716;464,716;463,715;462,714;461,714;460,713;459,713;458,713;458,711;457,711;457,710;456,710;456,709;455,708;454,707;454,705;453,704;452,703;451,702;450,701;448,699;446,698;445,697;444,696;443,695;443,694;443,693;442,693;441,692;440,692;439,691;438,690;437,689;435,689;435,688;434,687;433,686;432,684;431,682;430,682;429,681;428,681;428,680;427,680;427,679;425,679;423,679;422,678;421,678;420,676;419,676;418,675;417,674;417,673;416,673;415,673;415,672;414,671;413,670;411,670;409,668;409,667;408,666;407,665;406,665;405,664;404,664;403,663;402,662;402,661;401,660;400,660;399,660;398,659;397,658;395,657;394,656;393,655;392,655;392,654;390,654;390,653;388,652;387,652;387,650;385,649;384,649;383,649;382,648;381,648;380,647;380,646;378,646;377,646;376,644;374,644;372,643;372,642;370,642;369,641;367,641;366,640;365,640;364,639;363,638;362,637;361,637;360,636;359,636;358,636;356,634;355,633;354,632;354,631;353,630;352,630;351,628;350,628;350,627;349,626;349,625;349,624;348,623;348,622;348,620;348,619;348,618;348,617;348,616;348,615;348,614;348,613;348,612;348,611;348,610;348,608;348,607;348,605;349,605;350,604;350,602;352,602;353,601;353,600;353,599;354,599;354,598;355,597;356,596;357,596;358,595;359,595;360,594;361,593;362,593;363,593;364,593;365,592;366,592;367,591;368,590;369,590;370,590;371,590;372,590;373,590;374,590;375,590;377,590;378,590;380,590;381,590;382,590;384,590;385,590;387,590;389,592;390,592;391,592;392,593;393,593;393,594;394,595;395,595;395,596;397,596;398,597;400,598;402,598;402,599;403,600;404,600;405,600;406,601;407,601;408,601;409,603;411,603;412,604;413,604;414,604;415,604;416,605;417,605;418,605;419,605;419,606;421,606;422,606;423,606;424,606;425,607;426,607;427,609;428,609;429,609;430,610;431,610;432,610;434,611;435,612;437,614;437,615;439,615;440,616;442,616;443,617;444,618;445,619;446,619;447,620;448,621;448,622;450,623;450,624;451,624;453,625;454,625;454,626;455,626;457,628;459,628;460,629;462,630;463,631;464,632;465,632;466,632;466,634;468,635;468,636;470,636;471,636;471,637;472,637;473,638;474,638;475,639;476,639;476,640;477,641;478,642;479,642;480,643;482,644;482,645;483,646;483,647;484,648;485,649;485,650;486,650;486,651;487,652;489,654;489,655;489,656;490,656;490,657;492,659;493,659;494,661;494,662;494,663;495,664;497,666;497,667;498,667;498,668;499,669;500,670;501,671;502,672;503,673;504,673;504,674;506,674;507,675;508,676;509,676;510,677;510,678;511,679;511,680;512,681;513,681;513,682;514,683;515,684;516,684;516,685;517,685;517,686;518,687;518,688;519,690;520,690;520,691;521,692;521,693;522,693;522,694;523,696;523,697;524,698;524,699;526,699;526,700;527,700;528,702;528,703;529,704;529,705;530,706;530,707;531,708;531,709;531,710;532,711;532,712;532,713;532,714;533,715;533,716;533,717;534,718;535,720;536,721;536,722;536,723;537,724;538,726;538,728;539,730;539,731;539,732;540,734;540,735;540,736;540,737;540,738;540,740;540,741;540,742;540,744;540,745;540,746;540,747;540,748;539,748;538,749;537,749;535,749;534,749;533,749;532,749;531,749;530,749;530,748;530,747;530,746;530,745;530,744;531,742;531,741;531,740;532,740;532,739;
Artery; POLYGON; 237, 28, 36; 512,754;511,754;511,755;511,756;511,757;511,758;510,759;510,760;510,762;510,763;510,764;510,765;510,766;510,767;510,768;510,769;510,771;510,772;510,773;510,774;510,775;509,776;509,777;510,776;511,776;511,775;513,775;514,772;514,771;516,770;516,769;516,768;516,767;516,766;516,765;516,764;516,763;516,762;516,760;516,758;516,757;516,756;516,755;515,755;
Artery; POLYGON; 237, 28, 36; 471,765;470,765;469,764;468,764;468,763;467,763;465,762;465,761;464,760;463,760;461,759;459,757;459,756;458,755;457,754;456,754;456,753;455,752;454,752;454,751;453,749;453,748;453,747;453,746;452,745;452,743;450,742;449,741;449,740;449,739;448,738;448,737;447,736;447,735;447,734;446,733;446,732;445,731;444,729;444,728;443,727;442,725;442,724;440,722;439,721;437,719;437,718;436,717;435,716;434,716;434,715;434,714;433,714;432,712;431,711;430,710;429,709;427,708;426,707;425,706;424,706;423,705;421,705;420,705;419,704;418,704;418,703;417,703;416,702;415,701;414,701;413,701;411,699;410,699;408,699;407,698;404,697;403,696;402,696;401,695;400,694;398,693;397,693;396,693;396,692;395,691;394,691;393,691;392,691;391,690;390,689;389,688;388,688;386,687;385,686;384,686;383,686;382,685;381,683;380,682;378,681;377,681;377,680;376,680;375,680;375,679;374,678;373,677;372,677;372,676;371,675;370,675;368,674;367,674;366,674;366,673;365,673;364,671;363,671;362,670;361,670;360,670;359,670;356,668;355,666;354,666;353,664;352,664;351,663;350,662;349,661;349,660;348,660;347,659;345,659;344,658;343,657;341,657;339,657;338,656;337,656;336,656;335,655;334,655;333,655;333,656;333,657;333,659;333,661;333,662;333,663;333,664;333,665;333,666;335,667;337,672;339,673;339,674;340,675;342,676;343,678;346,679;347,681;349,681;352,683;354,685;356,686;358,688;361,688;363,689;364,689;366,690;368,692;371,693;373,694;374,694;376,696;378,698;380,699;383,700;385,702;387,704;389,705;391,706;394,709;396,710;398,711;401,714;403,715;407,718;411,721;414,723;418,726;421,727;423,728;424,729;425,730;425,731;426,731;426,732;427,733;428,734;430,735;431,737;432,737;432,738;433,740;435,741;435,742;436,743;437,745;438,746;439,746;440,748;440,750;441,751;442,752;445,754;445,755;446,755;447,755;449,756;450,756;450,757;451,758;453,758;454,759;456,760;458,761;459,762;460,762;461,763;462,763;463,763;464,763;465,763;466,763;467,763;468,763;470,763;471,763;472,763;473,763;474,763;
Artery; POLYGON; 237, 28, 36; 309,673;307,672;307,671;306,671;305,671;304,671;303,671;302,671;301,671;300,671;298,671;297,671;296,671;295,671;294,671;293,671;291,671;290,671;289,671;288,671;285,671;284,671;284,670;283,670;282,670;280,670;278,669;275,668;274,668;271,667;270,667;269,667;268,667;267,666;264,665;263,665;262,664;261,663;258,663;256,662;254,662;252,661;250,661;248,661;247,659;245,659;243,658;243,657;242,657;238,655;237,655;235,653;233,653;233,652;231,651;230,651;230,650;228,650;227,649;224,647;222,646;221,645;220,645;219,644;218,644;217,644;215,643;214,641;213,641;213,640;212,640;211,640;210,640;210,639;209,639;209,638;208,637;207,637;206,635;204,634;203,634;203,633;202,633;202,632;201,631;200,629;199,629;198,628;197,628;195,626;194,626;192,624;191,623;189,622;188,621;187,620;186,619;186,618;184,617;183,616;181,615;178,613;177,612;175,611;174,611;174,610;173,610;172,609;171,608;170,607;169,606;168,606;167,606;167,605;165,605;165,604;164,604;163,603;162,603;161,601;160,600;159,599;158,599;156,599;155,598;153,597;150,596;149,596;147,594;147,593;145,593;144,593;144,592;143,591;141,589;141,588;139,587;139,586;138,586;138,585;136,584;135,582;134,581;133,581;132,580;131,579;131,578;130,577;130,576;129,575;128,575;128,574;127,573;127,571;126,571;126,570;124,569;122,568;120,567;120,566;119,565;118,564;117,563;115,561;114,560;113,559;111,558;109,557;109,556;108,556;107,555;106,554;106,553;105,553;104,552;104,551;103,551;103,550;103,549;100,546;99,544;98,544;96,541;95,539;93,538;92,538;91,537;90,537;89,535;88,533;87,532;86,531;86,530;85,530;84,530;84,529;83,528;82,527;81,526;81,525;81,524;80,523;80,522;80,520;80,519;80,518;78,517;78,516;78,515;78,514;77,513;76,512;76,511;75,510;75,509;74,508;74,507;74,506;72,504;72,503;70,501;69,500;69,499;68,498;67,498;66,498;66,497;66,496;65,495;65,494;64,493;63,493;63,492;62,492;61,490;60,489;59,488;59,487;58,486;57,484;56,484;56,483;55,483;54,482;54,481;52,479;52,477;51,476;51,475;50,474;50,473;49,470;47,469;47,468;45,467;44,467;43,465;43,463;42,463;41,461;40,458;39,457;39,456;39,455;39,454;38,453;38,452;38,451;37,451;37,450;37,449;36,449;35,448;35,447;35,445;34,443;34,442;32,440;32,439;31,438;30,437;30,436;29,435;29,434;28,433;28,432;27,432;27,431;27,429;26,428;26,427;25,427;25,425;25,424;24,423;23,421;23,420;22,419;21,418;20,417;19,416;18,415;17,415;16,414;15,413;15,412;14,411;13,410;13,409;12,409;12,408;10,408;9,407;8,406;7,405;7,404;6,403;5,402;3,401;3,400;2,400;2,398;2,397;2,396;2,395;2,394;2,393;2,392;2,391;2,390;2,388;2,387;2,386;2,385;2,384;2,383;2,382;2,381;2,380;2,378;2,376;3,375;3,373;3,372;4,370;4,369;4,366;5,365;5,364;5,363;6,363;6,361;7,359;7,358;7,356;7,355;7,354;7,353;9,352;9,351;9,350;9,349;9,348;9,347;9,346;9,343;10,342;11,340;11,339;11,338;11,337;11,336;11,335;11,334;11,332;11,331;11,329;11,328;11,327;11,325;11,323;12,323;12,322;12,319;12,318;12,317;12,316;12,315;12,314;12,312;12,311;12,310;12,309;12,308;12,307;12,306;12,305;12,304;12,303;12,301;12,300;12,298;12,297;12,295;12,294;12,293;12,291;12,290;12,289;12,288;12,287;12,285;12,284;12,282;12,281;12,280;12,279;12,276;12,275;12,274;12,272;12,271;12,270;12,269;12,268;12,267;12,265;12,264;12,263;12,262;12,260;12,257;12,255;12,253;12,252;12,251;12,250;12,249;12,248;12,246;12,245;12,242;12,241;11,240;11,239;11,237;11,236;11,234;11,233;11,232;11,231;11,230;11,228;11,226;11,225;11,224;11,223;11,221;11,219;11,218;11,216;11,215;11,213;9,211;9,210;9,209;9,208;9,207;9,206;9,205;9,203;9,202;9,201;9,200;9,199;9,196;9,195;9,194;9,193;9,192;9,191;9,190;8,188;8,187;8,186;8,185;8,184;8,183;8,182;8,181;8,180;8,179;8,178;8,177;9,176;9,175;10,174;11,174;11,173;11,172;12,171;13,170;14,170;15,170;16,170;18,170;19,170;20,170;21,170;22,170;23,170;24,170;26,170;27,170;28,171;28,172;29,172;30,173;30,174;31,174;32,174;32,175;33,176;33,177;33,178;34,179;34,180;35,181;35,182;36,182;36,184;37,185;37,186;38,186;39,187;40,188;41,188;41,189;41,190;42,191;43,192;43,193;44,193;44,194;44,195;44,196;45,196;46,197;46,198;47,199;47,200;47,202;47,203;48,204;49,206;50,206;50,207;50,208;50,209;52,210;52,211;53,212;53,213;54,214;54,215;55,216;55,217;56,218;56,219;57,221;58,222;58,223;58,224;59,224;59,225;60,225;60,226;60,227;62,228;62,229;63,230;64,231;65,233;65,234;65,235;67,236;67,237;68,237;68,238;68,240;69,241;70,242;70,243;70,244;70,245;70,246;70,247;71,248;71,249;71,250;71,251;71,252;71,253;71,254;71,255;71,256;72,256;72,257;72,258;72,259;72,260;72,261;72,262;72,263;72,264;72,265;72,267;72,268;72,269;72,270;72,271;72,272;72,273;72,274;73,274;74,275;75,275;76,277;76,278;76,279;76,280;76,281;76,282;76,284;76,285;76,286;75,286;74,287;73,287;72,287;71,288;70,289;69,290;68,290;66,290;65,290;64,291;63,291;61,291;60,291;59,292;58,292;56,293;55,293;54,293;53,293;50,293;50,295;49,295;48,295;47,295;46,296;45,296;44,296;43,298;41,298;40,299;40,300;39,300;38,300;38,301;37,301;36,302;34,303;34,304;33,304;32,304;31,305;31,306;31,307;30,307;29,307;28,307;28,308;27,308;26,309;25,310;24,310;23,311;23,312;23,313;22,313;21,314;21,315;21,316;21,317;21,319;21,320;21,321;21,322;21,323;21,324;21,325;21,327;21,328;22,328;22,329;22,330;22,331;23,332;23,333;24,333;24,334;25,335;25,337;25,338;26,340;26,341;27,343;27,344;27,345;28,346;29,347;29,348;30,348;31,349;31,350;32,351;32,352;32,353;32,354;32,356;32,357;32,358;32,359;32,360;32,362;32,363;32,364;32,365;32,366;32,368;33,368;34,369;34,370;34,371;35,373;35,374;36,375;36,376;37,377;37,378;37,379;37,380;38,381;39,382;40,382;40,383;40,384;41,386;41,387;42,388;43,388;43,389;43,390;44,392;44,393;46,395;46,397;46,398;46,399;46,400;48,403;48,404;49,405;50,407;50,408;52,410;52,411;52,412;53,413;54,414;54,417;54,418;55,419;55,420;56,421;56,422;56,423;56,424;57,425;58,427;58,428;58,429;59,430;59,432;59,433;60,434;60,435;60,436;60,437;61,438;61,439;62,440;63,440;64,443;65,443;65,445;65,446;66,446;66,447;67,448;68,448;68,449;68,450;69,451;69,452;70,452;70,453;71,454;71,455;71,456;71,457;72,457;72,458;73,458;73,459;74,460;74,461;74,462;75,462;76,463;76,464;76,465;77,465;78,467;79,468;80,469;80,470;81,470;82,471;82,472;82,473;83,473;83,474;84,475;85,476;86,477;86,479;87,480;87,481;88,482;89,483;90,483;90,484;91,484;92,485;93,485;94,485;95,486;95,487;96,487;96,488;97,489;98,489;99,489;99,490;100,490;100,491;101,492;101,493;102,493;103,494;103,495;103,496;104,496;104,497;105,497;106,499;106,500;107,501;107,502;108,502;109,505;110,506;110,507;111,507;111,508;112,508;112,509;112,510;112,511;113,511;114,512;115,513;115,514;116,514;117,514;118,515;118,516;118,517;119,517;120,517;121,517;121,518;122,518;124,519;125,519;127,520;129,520;130,520;132,521;133,522;134,522;135,523;137,523;140,524;141,524;142,524;144,525;145,525;146,525;147,525;148,525;149,525;151,525;152,525;153,525;155,525;156,525;157,525;158,525;159,525;163,526;164,526;166,527;167,528;169,528;170,528;171,529;172,529;174,530;176,530;177,532;178,532;179,533;180,534;181,534;181,535;182,535;184,536;185,536;186,536;187,537;189,538;191,538;192,538;193,540;194,540;198,540;199,541;200,542;202,542;203,544;204,544;207,544;211,547;213,548;214,548;216,549;218,550;220,552;223,553;225,553;227,553;229,554;232,556;234,556;237,556;238,557;239,558;240,558;242,559;244,560;248,560;250,561;252,562;253,563;254,563;255,564;256,565;259,566;260,566;261,567;263,568;263,569;266,570;267,571;269,573;272,574;273,575;274,576;276,577;277,578;278,579;279,579;280,580;282,581;283,582;284,582;286,583;286,584;287,585;290,587;291,588;292,588;294,590;295,590;296,592;297,592;299,593;299,594;300,594;300,595;302,595;302,597;304,597;304,598;306,599;308,599;309,601;310,601;313,604;314,604;315,605;316,605;317,606;318,606;318,607;319,607;320,609;322,610;323,611;324,612;325,613;326,614;329,616;330,617;331,617;332,618;333,618;334,619;335,619;335,620;336,620;337,621;337,622;337,623;338,623;339,624;340,624;341,625;342,626;342,627;342,628;343,629;343,630;343,631;343,632;343,633;343,634;343,635;343,636;344,637;344,638;344,640;344,641;344,642;344,643;345,644;346,646;346,647;346,648;346,649;347,649;347,650;348,651;349,652;349,653;350,654;351,654;352,654;352,655;352,656;353,657;353,658;354,659;355,660;356,660;356,661;356,662;358,664;358,665;359,665;359,666;360,666;361,668;362,668;363,670;364,670;364,671;365,671;365,672;365,673;365,674;366,674;366,675;367,675;368,676;369,677;369,678;370,679;372,681;372,682;372,683;373,683;374,684;375,685;375,686;375,687;374,688;373,688;372,688;371,688;370,688;369,688;366,688;364,688;362,688;361,688;359,688;358,688;356,688;355,686;353,686;352,684;350,684;347,683;345,682;344,682;341,680;341,679;340,679;339,679;338,678;337,678;336,678;335,677;334,676;333,675;332,674;332,673;331,673;330,672;329,672;328,671;327,670;325,670;324,670;322,669;322,668;320,668;319,668;318,668;317,668;316,668;314,668;313,668;312,668;311,668;310,668;309,668;308,668;307,668;306,668;305,668;304,668;302,668;301,668;300,668;299,668;297,669;297,670;
Artery; POLYGON; 237, 28, 36; 337,647;338,647;340,645;341,644;344,643;344,642;345,641;346,639;347,638;348,637;349,637;349,636;350,636;351,636;353,636;354,635;355,635;356,632;358,631;358,630;359,629;359,627;359,626;360,625;360,624;361,623;362,621;363,620;364,620;364,619;366,617;368,615;368,614;368,613;368,612;368,610;368,609;368,608;368,607;368,606;368,604;368,603;368,602;368,601;368,600;368,599;368,598;368,597;366,596;366,595;365,595;365,594;364,593;363,592;362,590;361,590;360,589;359,588;359,587;358,585;358,584;357,583;356,582;355,582;354,581;353,581;353,579;352,578;352,577;351,576;350,574;350,573;349,573;349,572;349,571;348,571;348,570;346,567;344,565;343,565;343,564;342,563;342,562;342,561;341,561;341,560;340,559;339,558;338,558;336,556;333,555;331,554;330,554;329,553;328,552;327,552;326,551;325,551;324,549;323,549;321,549;319,548;318,547;317,547;316,547;315,546;314,546;312,545;311,545;309,543;308,543;307,542;306,542;305,541;304,540;303,539;301,539;300,539;298,537;297,536;296,536;296,535;295,535;294,535;293,534;292,534;291,532;290,531;290,530;289,530;289,529;288,529;286,528;285,528;284,526;282,525;281,524;280,523;279,522;278,521;277,521;277,519;277,518;276,518;275,517;275,516;274,516;274,515;273,515;272,514;272,513;272,512;271,512;271,511;270,511;270,510;269,509;268,507;267,506;264,506;263,505;262,504;261,504;260,503;259,503;258,501;257,500;255,500;255,499;254,498;253,498;252,498;252,497;251,497;251,495;250,495;249,495;248,494;247,493;246,493;246,492;245,491;243,489;242,489;241,488;240,487;239,486;238,485;237,484;237,483;236,482;234,480;233,479;232,478;231,476;231,475;229,474;228,473;227,472;226,472;226,471;224,470;223,469;222,468;221,467;220,466;219,466;218,465;217,464;216,463;215,463;214,462;213,462;213,461;212,460;211,460;210,459;210,458;209,457;208,457;207,457;207,456;206,456;205,455;204,453;203,453;203,452;202,452;202,451;201,450;201,449;200,447;199,446;198,446;197,446;197,445;196,445;196,444;195,443;194,442;193,441;193,440;193,439;192,439;192,438;190,438;189,436;189,435;187,435;186,434;186,433;185,433;185,432;184,432;183,432;182,430;181,429;180,429;180,428;179,427;178,426;177,424;176,423;176,422;175,422;174,421;173,419;173,418;172,418;172,417;171,417;171,415;170,414;170,413;170,412;169,412;169,411;168,411;167,410;166,410;165,408;165,407;165,405;164,404;164,403;163,402;163,401;162,400;162,399;161,398;160,398;160,397;160,396;160,395;160,393;159,392;159,391;158,389;157,388;157,387;155,387;154,386;153,385;152,383;151,381;151,380;150,380;150,379;149,378;148,377;148,376;147,375;147,374;146,373;145,373;144,372;143,370;142,369;141,369;141,368;140,367;139,366;139,365;138,364;137,364;137,363;136,363;135,362;134,362;133,360;133,359;132,358;131,357;131,356;130,355;130,354;130,353;129,353;129,352;128,351;128,350;127,350;126,348;125,347;125,346;124,344;123,344;122,343;121,343;121,342;119,340;118,338;118,337;117,336;116,335;116,334;116,333;116,332;115,332;114,330;114,329;113,327;112,326;111,325;110,324;110,323;109,322;108,321;108,320;108,319;107,318;107,317;107,315;106,314;106,313;105,312;105,311;105,310;104,309;104,308;104,307;104,306;103,305;102,304;102,302;102,301;102,300;102,299;100,298;100,296;99,296;99,295;99,293;98,293;98,292;97,292;97,291;97,290;96,288;96,287;96,286;95,286;95,285;94,284;93,283;93,282;93,281;93,280;92,280;92,279;91,277;90,276;89,276;89,275;89,274;88,274;88,273;88,272;87,271;87,270;87,269;87,268;86,268;86,267;85,266;85,264;84,263;84,262;83,261;83,260;82,259;82,257;81,255;80,254;80,253;79,252;78,252;78,251;78,250;77,250;77,249;77,248;76,248;76,247;75,245;74,244;73,243;73,242;72,241;71,241;70,241;69,241;67,241;66,241;65,241;64,241;63,241;62,242;62,243;61,243;61,245;60,246;60,248;60,249;59,250;59,251;59,252;59,253;59,254;59,255;59,257;59,258;59,259;59,260;57,262;57,263;57,264;57,265;57,266;56,267;56,268;56,269;55,271;54,272;53,273;52,273;51,274;51,275;50,276;50,277;49,277;48,277;47,277;47,278;45,278;44,278;44,280;42,280;41,280;40,280;39,281;38,282;38,283;36,284;35,285;34,285;33,285;32,286;31,287;30,288;29,289;28,290;27,290;27,292;27,293;26,293;26,294;25,295;25,296;24,297;24,298;24,299;24,300;24,301;24,302;24,303;24,305;24,306;24,307;24,308;24,309;24,311;25,311;25,312;26,312;26,313;27,313;29,315;30,315;31,315;32,315;33,317;34,318;35,318;36,319;38,320;38,321;39,322;40,322;41,323;41,324;41,325;41,326;42,328;43,329;43,330;43,332;43,333;44,334;44,335;44,337;44,338;44,339;44,340;44,341;44,342;44,343;44,344;44,345;44,346;44,347;43,347;42,349;42,350;42,351;42,352;41,352;41,353;41,354;41,355;40,356;40,357;39,358;39,359;39,360;39,361;38,361;38,362;38,364;38,365;38,367;38,368;38,370;38,372;38,373;38,374;38,375;38,376;38,377;38,379;38,380;38,381;38,382;38,385;38,387;38,389;39,391;40,393;40,395;40,397;40,398;41,398;41,399;41,400;41,401;42,404;42,405;43,405;43,406;43,407;43,408;43,410;43,411;44,412;44,413;44,414;45,415;45,417;45,418;46,419;46,420;47,420;48,420;48,421;49,424;50,424;50,425;50,426;50,427;50,428;50,430;51,431;52,431;52,432;52,433;53,434;53,436;54,437;54,438;55,439;55,440;55,441;56,442;56,443;56,444;56,445;57,445;58,446;59,446;59,447;60,447;61,449;61,450;62,451;64,452;65,453;66,454;66,455;66,456;67,456;68,456;69,457;70,457;71,457;72,457;73,456;73,455;74,454;75,453;75,452;76,451;76,450;77,449;78,448;79,447;80,447;81,446;82,445;83,445;83,444;84,443;85,443;85,442;86,442;87,442;87,441;88,441;90,441;91,441;92,441;94,441;95,441;97,441;98,441;99,440;100,439;102,439;103,439;104,439;105,439;106,439;107,439;108,439;109,439;110,439;111,439;112,439;113,439;114,439;116,439;116,440;117,440;118,441;119,441;119,442;119,443;120,444;120,445;120,446;121,446;121,447;121,449;121,450;121,451;121,452;121,453;122,454;122,455;123,456;123,457;123,458;123,459;123,460;124,461;125,462;126,462;126,463;127,464;127,465;128,466;129,468;129,469;129,470;130,470;130,471;130,472;131,472;131,473;131,474;131,475;132,475;132,476;133,476;133,477;134,478;135,479;136,480;137,481;138,481;139,482;140,483;141,483;141,484;142,484;144,486;144,487;145,487;146,487;148,488;149,489;150,489;150,490;151,490;152,491;153,491;153,492;153,493;154,493;155,494;156,494;157,494;157,495;159,496;160,496;160,497;161,498;161,499;162,500;163,501;163,503;164,505;164,506;165,507;165,508;165,509;165,510;166,512;166,513;167,514;167,515;167,517;168,518;168,520;168,521;170,522;170,524;171,525;171,526;172,527;172,528;173,530;173,531;174,532;175,533;177,536;178,538;179,539;182,541;183,543;185,545;186,546;187,547;188,548;190,551;192,553;197,557;202,560;204,562;208,565;211,566;214,567;216,569;220,572;222,573;224,574;226,574;229,574;231,576;235,579;237,579;240,582;242,583;246,585;248,587;251,587;254,589;255,589;257,592;261,593;263,595;265,596;267,597;269,599;270,600;272,601;273,601;274,602;275,602;276,604;277,604;280,607;281,608;284,609;285,609;286,611;287,612;288,612;290,613;292,616;294,616;297,619;298,620;300,622;303,624;305,626;310,628;312,630;314,632;316,633;319,633;319,634;322,635;322,636;323,636;324,637;325,638;326,638;327,638;328,639;329,640;330,640;332,641;333,641;334,641;335,641;336,641;337,641;338,641;339,642;340,642;341,642;343,642;344,643;344,644;345,644;346,644;
Artery; POLYGON; 237, 28, 36; 384,602;384,600;383,599;382,599;382,598;380,597;379,597;377,596;377,595;376,594;375,593;374,593;373,592;371,590;370,590;370,589;370,588;370,587;369,586;369,585;368,585;368,584;368,583;368,582;368,581;368,580;367,578;367,577;367,576;366,575;365,573;365,572;364,571;364,570;362,568;362,567;361,566;361,565;360,565;359,565;359,564;358,563;358,562;356,561;356,560;354,558;353,557;352,557;351,556;351,555;350,555;349,555;347,553;345,552;343,551;342,551;341,550;340,550;339,549;336,547;335,547;333,547;332,546;330,546;329,546;327,546;326,545;323,544;321,544;319,543;318,543;317,543;316,542;314,542;313,541;310,540;309,540;308,539;307,539;305,539;304,539;303,539;302,539;301,539;300,539;300,538;299,538;298,538;297,538;296,538;294,538;293,538;292,538;291,538;290,538;289,538;288,538;287,538;286,538;284,538;280,537;278,537;
Artery; POLYGON; 237, 28, 36; 350,584;350,585;350,586;351,588;351,590;352,591;352,592;353,593;354,594;355,595;356,596;356,597;357,597;357,598;359,599;359,600;361,600;362,601;364,602;366,602;367,602;368,602;369,602;370,602;371,602;373,602;374,602;374,601;374,600;374,599;374,598;374,597;374,596;374,595;374,594;374,593;374,592;374,591;374,590;374,589;374,588;374,587;374,586;374,585;373,584;372,583;371,582;371,580;370,579;369,578;368,577;367,576;366,575;365,575;364,574;363,574;362,573;361,572;360,572;359,572;358,572;356,572;355,572;353,572;352,572;351,572;351,573;350,573;349,573;349,574;348,575;348,576;348,577;348,579;348,581;
Artery; POLYGON; 237, 28, 36; 379,598;379,597;379,596;379,595;379,594;379,593;379,592;379,591;378,590;377,589;377,587;376,586;376,585;375,585;374,584;374,583;374,582;373,581;372,580;371,579;370,578;369,578;368,577;368,576;366,576;365,576;363,576;361,576;361,577;359,578;358,578;358,579;356,582;356,583;356,584;356,586;356,588;356,589;356,590;356,591;356,592;356,593;356,594;356,595;356,596;356,597;356,599;357,600;
Artery; POLYGON; 237, 28, 36; 380,597;380,596;379,596;379,595;379,594;378,593;378,592;377,590;377,589;376,589;376,588;376,586;375,585;374,584;374,583;373,582;373,581;372,580;371,580;370,579;368,577;367,576;366,575;365,574;364,574;363,573;361,573;358,571;357,571;356,571;355,571;354,571;353,571;352,571;351,571;350,571;348,571;347,571;
Artery; POLYGON; 237, 28, 36; 147,523;148,523;149,521;150,521;150,520;152,518;152,517;153,516;154,515;154,514;154,513;155,512;156,512;157,510;158,508;159,507;159,506;159,505;160,504;161,503;161,502;162,501;163,500;164,500;166,500;167,500;169,500;170,500;171,500;172,500;173,500;174,500;176,500;180,503;184,505;187,507;188,508;190,510;191,511;192,513;192,514;193,516;193,518;193,519;193,520;193,522;193,524;193,525;193,526;191,526;190,528;188,530;187,531;184,533;182,534;180,536;178,537;177,537;176,537;175,538;173,538;172,538;170,539;169,539;166,539;165,539;164,540;163,540;162,540;160,540;159,540;158,540;155,540;154,540;152,540;150,540;149,540;148,540;147,540;146,539;145,538;145,536;145,535;145,534;145,533;145,532;145,530;145,529;145,528;145,527;145,526;146,526;147,525;147,524;148,523;
Artery; POLYGON; 237, 28, 36; 131,465;130,465;129,465;129,464;127,464;126,464;125,464;124,463;123,463;122,462;119,460;118,459;117,459;117,458;116,458;116,457;115,456;114,456;114,455;113,454;112,453;112,452;111,451;110,450;109,449;109,448;109,447;108,447;108,446;107,445;107,444;106,444;105,443;104,442;104,441;103,441;102,441;100,440;99,440;98,440;97,440;96,440;95,440;94,440;93,440;92,440;91,440;90,440;88,441;88,442;87,442;87,443;86,444;85,444;84,444;83,446;83,447;82,448;82,449;81,450;80,450;79,450;79,451;78,452;78,453;78,454;77,455;77,456;75,456;74,458;73,458;72,458;71,460;70,461;69,461;67,461;66,460;65,459;64,459;64,458;63,458;63,457;63,456;63,453;62,453;62,451;62,450;62,448;62,447;62,445;62,444;63,443;64,441;65,441;66,439;67,438;72,435;73,435;75,435;76,434;77,434;79,434;81,434;83,434;85,434;86,434;88,434;89,434;91,434;92,434;94,435;95,435;97,436;100,437;101,437;102,437;104,438;105,439;107,439;109,441;110,441;112,442;113,443;114,443;116,443;117,443;118,444;119,444;119,445;120,445;120,446;121,447;122,448;123,449;123,450;124,450;125,452;126,453;128,455;128,456;128,457;129,457;
Artery; POLYGON; 237, 28, 36; 129,455;129,454;128,453;127,452;126,452;125,452;124,452;122,451;120,450;118,450;116,450;115,450;114,450;112,450;111,450;110,450;109,450;108,448;107,448;106,448;105,447;104,447;103,446;102,445;101,444;101,443;100,441;100,440;100,439;100,438;100,437;100,436;100,435;101,434;102,434;103,434;105,434;107,434;109,434;111,434;112,434;113,434;114,434;115,434;117,434;119,434;122,437;124,438;127,440;128,441;129,441;130,442;131,443;131,444;131,446;131,447;131,448;131,449;130,450;129,451;128,452;127,453;
Artery; POLYGON; 237, 28, 36; 41,348;40,348;39,348;38,348;35,348;34,348;33,348;31,348;30,348;29,348;28,348;27,348;26,348;24,348;23,348;22,348;21,348;20,348;20,349;20,350;20,351;20,352;20,354;20,356;20,357;20,358;20,359;20,361;21,362;24,364;25,365;28,369;29,369;30,370;31,370;32,370;33,370;34,370;36,371;37,371;38,372;41,373;42,374;43,374;44,374;45,374;45,373;45,372;47,371;47,370;47,369;47,366;47,364;47,362;47,360;47,358;47,355;47,354;47,353;47,351;46,348;45,347;44,344;43,344;43,343;42,343;41,343;40,343;39,343;37,343;36,343;35,343;
Artery; POLYGON; 237, 28, 36; 36,364;35,364;34,364;33,364;32,364;30,364;28,364;27,364;26,364;25,365;24,366;22,368;21,369;20,372;20,373;20,375;20,378;20,379;20,380;20,381;20,383;20,384;20,385;20,386;21,387;22,389;24,390;25,390;28,391;29,391;30,391;32,391;33,392;34,392;35,392;36,392;38,392;40,392;41,391;42,391;43,391;44,390;44,389;45,387;46,387;47,385;48,385;48,384;48,382;48,381;48,380;48,378;48,375;48,373;48,371;48,369;48,368;48,367;47,365;46,364;43,361;41,360;39,357;38,357;38,356;
Artery; POLYGON; 237, 28, 36; 902,848;902,847;902,846;902,845;902,843;902,842;902,840;902,837;902,835;902,832;902,830;901,829;901,828;901,827;900,824;900,823;900,822;900,821;900,820;900,819;900,818;900,817;900,816;900,815;900,814;900,813;900,812;900,811;900,810;901,807;901,806;901,805;902,804;902,803;902,801;904,799;905,798;906,796;907,793;907,792;908,792;908,791;910,789;910,787;910,786;910,784;910,783;910,782;911,782;911,781;911,780;911,779;911,778;912,776;912,775;912,774;912,773;912,772;913,771;913,770;913,768;913,767;914,765;915,765;915,764;915,761;916,759;917,757;917,755;917,754;918,752;919,752;920,748;922,746;922,745;923,744;923,742;924,741;925,739;926,738;926,737;928,735;929,735;932,734;932,733;934,731;934,730;935,729;935,728;935,727;936,726;936,725;937,724;938,723;938,722;939,720;940,719;940,718;940,717;942,716;942,714;943,714;943,713;945,712;945,711;946,711;946,710;948,708;948,706;950,705;950,703;951,702;952,701;954,699;956,698;956,697;957,696;958,695;959,694;959,693;959,692;959,691;959,690;959,689;960,689;960,688;960,687;961,686;962,686;962,685;962,684;962,683;962,682;962,680;962,677;963,677;963,675;963,674;963,673;963,670;963,669;963,666;963,664;963,662;963,661;963,659;963,658;963,657;963,656;963,654;963,652;961,650;961,649;961,647;960,645;959,643;958,642;957,639;956,638;955,637;955,636;953,634;952,632;950,630;950,628;948,626;948,625;946,624;945,621;943,620;943,619;943,618;942,617;942,615;942,614;941,614;940,612;940,610;940,609;938,607;937,606;936,605;936,603;936,602;936,600;935,599;935,598;935,596;934,593;934,591;934,589;934,588;934,585;934,584;934,582;933,580;933,578;933,577;933,576;933,574;933,573;933,572;933,571;933,570;933,569;933,568;933,566;933,565;933,564;933,562;933,561;933,560;933,559;933,558;933,555;933,554;933,553;933,551;934,549;934,548;935,546;935,544;935,543;936,541;936,540;937,538;937,537;937,536;938,534;938,532;939,532;939,530;941,528;941,526;942,525;942,524;942,522;943,520;944,519;944,517;944,516;944,514;945,512;946,511;946,510;946,508;946,505;947,503;947,501;948,499;948,498;948,496;949,493;950,492;951,491;951,488;953,487;953,486;953,484;954,481;955,480;955,479;955,478;955,476;955,474;957,471;958,468;958,467;959,464;960,462;960,461;960,458;960,456;960,455;962,453;962,451;962,449;964,446;966,444;966,443;967,441;969,438;969,437;969,436;969,435;969,432;969,431;969,429;969,427;969,426;969,425;969,424;970,421;970,420;971,419;971,417;971,415;971,414;971,413;971,411;971,409;971,407;971,405;971,403;971,401;971,400;971,397;971,395;971,394;971,391;971,389;971,387;971,386;971,382;971,380;971,377;971,375;971,373;971,370;970,368;970,366;970,364;970,361;970,360;969,358;968,355;967,351;967,350;965,348;965,347;965,345;965,343;965,342;964,339;964,338;963,336;963,334;962,333;961,331;960,330;960,327;959,326;959,325;958,324;958,323;956,320;955,318;954,317;953,315;952,314;952,313;951,313;950,311;949,309;949,307;948,305;947,303;945,302;944,300;943,299;942,298;941,296;940,294;940,293;939,292;938,290;938,288;938,287;938,286;936,284;936,283;934,282;934,281;934,280;934,278;933,277;933,276;933,275;932,273;932,272;932,271;931,270;931,269;931,267;929,264;929,263;928,261;928,259;928,258;927,256;926,255;925,253;925,250;925,249;924,247;923,246;923,244;923,242;922,241;921,238;921,237;921,236;921,233;921,231;921,230;920,228;919,226;919,224;918,223;918,220;917,218;916,217;916,216;916,213;916,211;916,210;915,206;914,205;914,202;913,200;912,199;912,198;911,196;911,193;911,192;910,190;909,188;909,187;909,186;908,185;907,184;906,182;905,181;905,180;905,179;905,178;904,176;903,175;903,174;903,173;902,172;902,171;901,169;900,167;900,166;900,163;899,162;898,161;898,160;898,159;898,158;897,157;895,155;895,154;894,152;893,151;893,149;892,146;891,144;890,143;890,142;889,140;889,138;887,137;886,134;885,132;885,131;883,130;883,129;882,127;881,125;880,123;879,120;878,119;878,118;878,117;877,116;876,115;876,114;876,113;875,113;875,111;875,110;874,110;873,109;872,108;872,107;871,107;870,106;870,105;870,104;870,103;870,102;870,101;869,100;868,98;867,97;866,96;865,95;865,94;865,92;864,90;863,89;862,87;862,86;862,85;860,84;859,83;859,82;858,80;857,80;856,78;855,76;855,75;854,75;854,73;852,72;852,71;851,70;850,69;849,68;848,67;848,66;848,65;848,64;847,63;847,62;846,62;846,60;845,59;844,57;843,55;843,54;843,53;843,52;843,51;843,50;843,48;842,48;842,47;842,46;842,45;842,44;842,43;842,42;842,41;842,40;842,39;842,38;842,36;842,35;844,34;844,33;845,33;845,32;846,32;847,32;848,32;849,32;850,32;851,32;853,32;855,32;856,32;857,32;858,32;859,32;860,32;861,32;862,32;863,32;864,32;865,33;866,33;867,34;867,35;867,36;869,36;870,37;872,38;873,38;874,39;876,41;877,41;877,42;878,43;879,44;880,44;881,45;882,47;882,48;884,48;884,49;885,50;886,51;886,53;886,54;887,55;887,56;888,57;888,58;889,58;889,59;889,60;890,60;890,61;891,62;891,63;892,64;893,65;893,67;895,67;896,68;897,70;898,71;898,72;899,74;900,74;900,75;900,77;901,77;902,78;902,80;902,83;902,84;903,84;903,85;903,86;904,89;905,89;906,89;907,91;907,92;907,93;908,95;908,96;908,97;909,98;910,99;910,100;910,101;911,101;912,101;912,102;913,102;914,103;915,103;916,103;917,104;919,107;919,108;920,108;921,108;922,109;923,110;924,111;925,111;926,111;927,113;928,113;929,114;930,114;931,114;932,114;933,116;934,116;935,116;936,116;938,116;941,117;943,118;943,119;944,119;945,119;946,119;947,119;947,120;948,120;950,120;951,121;953,121;954,121;955,121;955,122;957,122;958,123;958,124;959,125;960,126;961,127;962,128;967,133;968,134;969,135;969,137;970,138;970,139;971,139;972,140;972,141;973,143;974,145;975,145;975,146;975,147;977,148;977,149;978,150;978,151;980,152;980,153;980,154;981,156;981,157;981,158;981,159;981,160;983,161;984,164;984,165;984,166;985,167;985,168;985,170;985,171;985,173;985,174;986,176;987,176;987,177;987,178;987,179;989,182;990,184;991,184;991,185;991,186;991,187;991,189;991,190;993,191;993,192;993,194;993,195;993,196;993,198;995,201;995,203;995,206;996,206;996,207;996,208;996,209;997,209;997,210;997,212;998,212;998,213;1000,214;1000,215;1000,216;1000,217;1000,218;1001,218;1001,219;1001,220;1003,223;1004,225;1004,226;1005,228;1005,229;1006,231;1006,232;1006,233;1007,235;1007,236;1007,237;1008,237;1008,238;1008,239;1008,240;1009,241;1009,242;1009,243;1010,244;1010,245;1011,247;1011,248;1011,249;1011,250;1012,251;1013,252;1013,254;1013,255;1013,256;1013,257;1013,258;1014,258;1014,259;1014,260;1014,261;1014,262;1014,263;1014,264;1014,266;1014,267;1015,269;1015,270;1015,271;1016,273;1016,275;1016,276;1016,277;1017,279;1017,280;1017,281;1017,282;1017,283;1017,284;1017,285;1018,287;1018,288;1018,289;1018,290;1018,291;1018,292;1018,293;1018,294;1018,295;1018,296;1019,299;1019,300;1020,302;1020,303;1020,306;1020,307;1020,308;1020,309;1020,310;1021,310;1021,311;1021,313;1021,315;1021,316;1021,317;1021,318;1021,319;1021,320;1021,321;1021,322;1021,323;1021,325;1021,326;1021,327;1021,328;1021,329;1021,331;1021,332;1021,333;1021,334;1021,335;1021,338;1021,339;1021,340;1021,341;1021,343;1021,344;1021,345;1021,347;1021,348;1021,349;1021,350;1021,351;1021,352;1021,353;1021,354;1021,355;1021,356;1021,357;1021,358;1021,359;1021,361;1021,362;1021,363;1021,364;1021,365;1021,367;1021,368;1021,369;1021,370;1021,371;1021,373;1021,374;1021,375;1021,376;1021,377;1021,378;1021,379;1021,380;1021,381;1021,382;1021,384;1021,385;1021,386;1021,387;1021,390;1021,391;1021,392;1021,393;1021,394;1021,396;1021,397;1021,398;1021,399;1021,400;1021,401;1021,402;1021,403;1021,404;1021,405;1021,406;1021,408;1021,409;1021,411;1021,414;1021,415;1021,416;1021,418;1021,419;1021,420;1021,421;1021,423;1021,425;1021,426;1021,427;1021,428;1021,429;1021,430;1021,431;1021,432;1021,433;1021,434;1021,435;1021,436;1020,439;1020,440;1020,441;1019,442;1019,443;1019,445;1019,446;1019,447;1019,448;1019,449;1019,450;1019,451;1019,452;1019,453;1019,454;1019,455;1019,456;1019,458;1019,459;1019,460;1019,461;1018,463;1018,464;1018,465;1018,466;1018,467;1018,468;1018,469;1018,470;1018,471;1018,472;1018,473;1018,474;1017,475;1017,476;1017,478;1017,479;1017,480;1017,481;1017,482;1017,483;1017,484;1017,485;1017,486;1017,487;1017,488;1017,489;1017,491;1017,492;1017,493;1017,494;1017,495;1017,497;1017,498;1017,499;1016,499;1015,499;1014,499;1013,499;1012,499;1011,499;1010,499;1009,500;1008,500;1007,500;1006,500;1006,501;1005,502;1005,503;1003,504;1002,505;1001,505;1000,506;999,507;998,509;997,510;997,511;996,512;995,513;995,514;995,515;995,516;995,517;995,518;995,519;995,521;995,522;996,522;997,522;997,523;999,523;1000,523;1001,524;1002,525;1003,525;1004,527;1005,527;1006,528;1007,529;1008,529;1009,530;1009,531;1011,531;1012,533;1013,534;1014,534;1014,536;1015,537;1015,538;1015,539;1016,540;1016,541;1016,542;1016,543;1016,544;1016,546;1016,547;1016,548;1017,548;1017,549;1017,550;1017,551;1017,552;1016,552;1015,552;1014,552;1011,553;1010,553;1009,553;1008,553;1007,553;1006,553;1005,553;1004,553;1003,553;1001,553;1000,553;999,553;998,553;997,553;996,553;995,553;994,553;993,553;992,553;991,554;990,554;989,555;988,557;987,558;987,559;987,560;987,562;987,563;987,564;986,565;986,566;986,567;986,568;986,569;986,570;986,571;986,572;986,573;986,574;986,575;986,576;986,577;986,578;986,579;986,580;986,581;986,582;986,583;986,584;986,586;986,587;986,588;986,589;986,590;986,591;986,592;986,594;986,595;986,596;986,598;986,599;986,601;986,602;986,603;986,604;986,605;987,605;988,605;990,605;991,603;991,602;992,600;993,600;994,599;995,597;996,595;997,595;998,595;999,594;1000,593;1001,593;1002,592;1003,590;1003,589;1003,588;1003,587;1004,586;1004,585;1004,584;1004,583;1004,582;1004,581;1004,580;1004,579;1004,578;1004,577;1004,576;1004,575;1005,572;1006,572;1006,571;1006,570;1006,569;1006,567;1007,566;1008,565;1008,564;1009,563;1009,562;1010,561;1011,561;1012,561;1012,560;1013,560;1014,560;1015,560;1016,560;1017,561;1017,562;1017,563;1018,564;1018,565;1018,566;1018,567;1018,568;1018,569;1018,570;1018,571;1018,572;1018,574;1018,575;1018,576;1018,577;1018,578;1018,579;1018,580;1018,581;1018,582;1018,583;1018,584;1018,585;1018,586;1018,587;1018,588;1018,590;1018,591;1018,592;1018,593;1018,594;1018,595;1018,596;1018,597;1018,598;1018,599;1018,600;1018,601;1018,602;1018,603;1018,604;1017,605;1017,606;1017,608;1016,609;1016,610;1016,611;1016,612;1016,613;1015,614;1014,615;1013,617;1013,618;1013,619;1013,620;1011,622;1011,624;1010,625;1009,626;1009,627;1009,628;1009,630;1009,631;1008,632;1007,633;1007,634;1007,635;1006,637;1006,638;1006,639;1006,640;1005,641;1005,642;1004,644;1004,645;1004,646;1004,647;1003,648;1003,650;1002,651;1002,652;1001,653;1000,654;1000,656;1000,658;998,659;998,660;998,661;997,662;997,663;997,664;997,665;996,665;996,666;995,667;995,668;995,669;995,670;995,671;995,672;995,673;995,674;995,675;995,676;995,678;995,679;995,681;995,683;995,685;995,686;995,687;995,689;995,690;995,692;995,693;995,694;995,696;995,699;995,700;995,701;995,702;995,705;995,706;995,707;995,709;995,710;995,711;995,712;995,713;995,714;995,716;995,718;995,719;994,721;994,723;994,724;993,727;993,729;993,731;992,734;992,736;990,738;990,739;989,742;988,745;987,746;987,748;986,749;985,752;984,754;984,755;983,756;982,757;982,758;981,759;981,761;978,762;978,763;977,764;976,765;975,766;974,767;973,769;972,770;971,771;970,771;970,772;969,774;966,775;966,776;964,777;964,778;964,780;963,782;962,783;962,784;962,787;961,789;960,791;960,792;958,795;957,796;957,797;957,798;956,800;955,800;955,801;955,802;955,803;954,805;953,807;953,808;953,809;953,813;951,815;951,817;951,819;950,821;949,821;949,822;949,824;949,825;949,826;949,827;948,828;947,828;947,830;947,831;946,832;946,833;944,835;944,836;943,837;943,838;941,839;940,840;939,842;938,842;938,843;937,843;936,844;935,845;934,845;934,846;933,846;931,847;930,847;930,848;928,849;927,849;926,849;925,849;924,849;923,850;922,851;920,851;919,851;918,851;916,851;915,851;914,851;913,851;912,851;911,851;910,851;908,851;907,851;906,851;905,851;903,851;902,851;901,851;900,851;900,850;900,849;
Artery; POLYGON; 237, 28, 36; 1007,591;1007,590;1007,589;1007,588;1007,587;1007,586;1007,585;1007,584;1007,583;1007,582;1007,580;1007,579;1007,578;1007,577;1007,576;1007,574;1007,572;1007,571;1007,570;1007,568;1007,567;1007,566;1007,565;1007,564;1007,563;1007,562;1006,562;1005,562;1004,561;1003,561;1002,561;1001,561;1000,561;999,561;997,561;996,561;995,561;994,561;993,561;992,561;991,561;990,561;989,561;988,560;987,559;986,558;985,558;984,556;984,555;984,553;984,552;984,550;983,549;983,548;983,547;983,546;983,545;983,544;983,543;984,543;985,543;987,543;988,543;989,543;990,543;991,543;993,543;994,543;996,543;997,543;999,543;1000,543;1001,543;1002,543;1003,543;1004,543;1005,543;1007,543;1008,543;1009,543;1010,543;1011,543;1012,543;1013,543;1014,545;1015,545;1016,545;1016,547;1016,548;1016,549;1016,551;1016,552;1016,553;1016,554;1016,556;1016,558;1016,559;1016,560;1016,561;1016,562;1016,563;1016,564;1016,565;1016,566;1015,567;1015,568;1015,569;1014,569;1013,570;1013,571;1013,572;1012,573;1012,574;1011,575;1011,576;1011,577;1011,578;1011,579;1011,580;1011,582;1011,583;1011,584;1011,585;1011,586;1011,587;1010,588;1010,589;1010,590;1010,592;1010,593;1009,593;1009,594;1008,594;1007,594;1006,594;
Artery; POLYGON; 237, 28, 36; 1009,532;1010,532;1011,532;1012,532;1013,532;1014,532;1015,533;1015,534;1015,535;1015,536;1015,537;1015,539;1015,540;1015,542;1017,543;1017,544;1017,545;1017,546;1017,548;1017,549;1017,550;1017,551;1017,552;1017,553;1017,554;1017,555;1017,556;1017,557;1017,558;1017,559;1017,560;1017,561;1017,562;
Artery; POLYGON; 237, 28, 36; 1005,526;1006,526;1007,526;1008,526;1009,526;1010,526;1011,526;1011,525;1012,525;1012,524;1013,524;1014,523;1014,522;1015,521;1016,520;1016,519;1016,518;1016,517;1016,516;1016,515;1016,513;1016,512;1016,511;1016,510;1016,509;1016,508;1015,508;1014,508;1013,507;1012,506;1011,506;1010,505;1009,505;1008,504;1006,503;1006,502;1005,502;1004,502;1004,501;1004,500;1004,499;1004,498;1004,497;1005,497;1007,495;1008,495;1009,494;1010,494;1011,494;1012,494;1014,494;1015,494;1016,494;1017,494;1018,494;1019,494;1020,494;1021,494;1021,496;1021,497;1021,498;1021,500;1021,501;1021,502;1021,503;1021,504;1021,505;1021,506;1021,507;1021,508;1021,509;1021,510;1021,511;1021,512;1021,513;1021,514;1021,515;1021,516;1021,517;1021,518;1021,519;1021,520;1021,521;1021,522;1021,523;1021,524;1021,525;1020,525;1020,526;1018,527;1018,528;1017,528;1016,529;1015,529;1014,529;1013,530;1011,531;1010,531;1009,531;1009,532;1007,532;1006,532;1006,533;1006,534;1005,535;1005,536;
Artery; POLYGON; 237, 28, 36; 963,493;962,493;961,493;960,493;959,493;958,493;957,493;956,492;955,492;955,491;954,490;954,489;954,488;953,487;953,486;952,486;952,485;952,484;952,483;951,481;951,480;951,478;951,477;951,475;950,475;950,474;950,473;950,472;950,471;950,469;950,468;950,467;950,466;950,464;950,463;950,462;950,461;950,460;950,458;950,457;950,456;950,454;950,453;950,452;950,451;950,450;950,449;950,448;950,447;950,446;950,445;950,444;950,443;950,441;950,440;950,439;950,438;950,437;950,435;951,435;951,434;952,433;953,432;953,431;954,431;955,430;956,430;958,430;960,428;961,428;962,427;962,426;964,426;965,425;965,424;967,423;969,423;969,422;970,422;970,420;972,417;973,417;973,416;974,415;975,413;976,412;977,411;977,410;978,409;980,406;980,404;981,402;983,400;983,397;984,395;986,392;987,391;987,389;987,388;987,386;988,385;988,384;989,382;989,380;990,378;991,377;
Stroma; POLYGON; 128, 128, 128; 807,318;805,319;803,319;801,319;800,319;798,321;797,321;795,321;794,321;793,321;792,321;791,321;789,320;788,320;786,320;786,319;785,319;784,319;783,319;782,319;780,319;779,319;778,319;777,319;776,319;775,319;774,319;773,319;771,318;770,318;769,318;767,317;766,317;765,317;764,317;763,317;762,317;762,318;761,318;761,319;760,320;760,321;759,321;758,321;757,322;757,323;756,323;756,324;755,324;754,325;754,326;754,327;753,327;753,328;752,328;751,328;749,329;748,329;747,329;746,329;745,329;743,329;742,329;741,329;740,329;739,329;738,330;736,330;735,330;733,330;732,330;731,330;730,330;729,330;727,330;724,330;720,330;717,330;716,330;715,330;714,330;714,329;713,328;713,327;713,326;713,325;712,324;711,323;710,321;708,321;707,321;707,320;707,318;706,316;705,315;705,314;704,313;704,312;704,311;704,310;704,309;704,308;703,307;703,305;703,304;703,303;703,302;703,301;703,300;703,299;703,298;703,296;703,295;703,294;703,293;703,292;703,290;703,288;703,287;703,285;703,284;704,284;704,283;704,282;704,281;705,279;705,278;706,278;707,278;707,277;707,276;707,275;707,274;707,273;708,272;708,271;708,270;709,269;709,268;709,267;710,266;710,265;710,264;711,263;711,262;712,261;712,260;712,259;712,258;712,257;713,256;713,255;713,254;713,253;713,252;713,251;713,250;713,249;713,248;713,247;713,246;713,245;713,244;713,242;713,241;713,240;713,239;713,238;713,237;713,235;714,233;714,231;714,230;715,228;715,226;715,225;716,225;716,224;716,223;716,222;716,221;719,219;720,218;720,217;720,216;721,214;721,213;721,212;721,211;722,209;722,207;722,206;722,205;722,204;723,202;724,202;724,201;724,199;725,196;725,195;725,193;725,192;725,190;725,189;725,188;725,187;725,186;725,185;725,184;725,183;725,182;725,180;725,179;725,177;725,176;725,175;725,174;725,171;725,169;725,168;725,167;725,165;725,164;725,163;725,162;725,160;725,159;725,158;725,157;725,156;726,153;726,152;726,151;726,149;727,147;727,146;727,145;727,144;727,143;727,142;728,140;728,139;729,139;729,137;729,136;729,135;729,134;730,132;730,131;731,129;731,128;731,127;731,126;731,125;732,123;732,122;732,121;732,120;732,119;733,119;733,117;733,116;733,115;733,114;733,113;733,111;733,110;734,109;734,108;734,107;734,106;734,105;734,104;734,103;735,101;735,99;735,98;735,97;735,95;735,94;735,92;735,91;736,90;737,89;737,87;737,86;738,86;738,85;739,85;740,84;741,83;743,81;743,80;744,80;745,80;746,79;747,78;748,78;749,77;750,77;751,76;752,75;753,74;753,73;754,72;754,71;754,70;754,69;755,68;755,67;756,67;756,65;757,64;757,61;758,60;759,59;759,58;759,57;759,56;760,56;760,55;760,54;761,53;761,52;762,51;762,50;763,50;764,49;764,48;765,47;765,46;765,45;765,44;766,43;766,42;768,41;769,41;769,40;770,40;771,39;772,39;773,38;774,38;775,37;777,37;777,36;778,36;779,36;780,36;782,35;784,35;785,34;787,33;788,31;789,31;790,30;792,29;793,28;794,28;795,28;796,28;797,28;798,28;799,28;800,28;803,27;805,27;806,27;808,27;810,27;812,27;813,27;814,27;816,27;817,27;820,27;823,28;824,28;825,29;826,29;827,31;829,32;830,33;832,35;833,37;834,37;835,38;835,39;835,40;835,41;835,42;835,43;836,45;836,46;836,47;837,47;837,48;838,50;838,51;839,52;839,53;839,55;840,56;840,57;841,58;841,59;842,59;842,61;842,62;843,63;844,63;847,64;848,64;848,65;849,67;849,68;849,69;850,70;850,71;850,73;850,74;851,75;851,76;851,77;851,78;851,79;851,80;851,81;851,82;852,84;852,85;852,86;852,87;852,88;853,89;853,90;854,91;854,93;854,94;855,94;855,95;855,96;856,98;857,98;857,99;857,100;858,100;858,101;858,102;858,103;859,105;860,106;860,107;860,108;860,109;861,111;861,112;862,112;862,113;862,114;863,117;863,118;863,119;864,119;864,121;866,123;866,124;866,126;867,129;867,132;867,136;867,139;867,143;867,145;868,148;868,151;868,152;868,154;868,157;868,160;868,165;868,166;868,170;868,171;868,175;868,178;867,181;867,184;866,188;866,189;865,192;865,193;864,195;863,198;862,201;862,204;862,206;861,208;860,210;860,212;859,214;858,217;857,221;857,224;856,229;854,232;853,235;852,238;852,242;851,246;850,249;848,253;847,257;846,263;846,267;846,272;846,275;846,279;846,280;846,283;846,285;846,287;846,288;846,290;846,293;846,294;846,298;846,299;846,301;846,305;846,306;846,307;846,308;845,311;845,312;845,313;845,314;844,314;844,316;844,317;843,318;842,319;841,320;840,321;839,322;839,323;838,323;838,324;837,324;836,324;835,324;834,324;833,324;832,324;830,324;828,324;826,324;825,324;824,324;823,324;821,324;819,323;818,322;817,322;816,322;816,321;815,320;814,320;813,320;811,320;810,319;809,319;808,319;807,319;807,317;807,316;
Stroma; POLYGON; 128, 128, 128; 842,70;843,70;844,70;845,70;846,71;847,71;850,72;852,73;854,75;855,76;857,77;857,78;858,78;859,78;859,79;860,80;860,81;860,82;860,83;860,84;860,85;860,86;860,87;860,89;860,90;860,91;860,92;860,93;860,95;860,96;861,97;862,98;862,99;862,101;863,102;864,104;865,104;865,105;865,106;865,107;865,108;866,108;866,109;867,110;867,111;868,112;869,113;869,114;870,114;870,115;871,116;873,118;873,119;875,120;875,121;876,121;876,122;877,122;877,124;877,125;878,126;878,127;878,128;878,129;879,130;879,131;880,131;881,133;882,134;882,135;884,137;884,138;885,139;885,140;886,142;886,143;887,143;887,144;887,145;888,146;888,147;888,148;888,149;888,150;889,151;889,153;889,154;890,154;891,156;891,158;891,159;892,160;894,161;895,162;895,163;896,163;896,164;897,165;897,166;898,168;898,169;899,172;899,173;900,173;900,174;900,175;901,176;901,177;901,178;901,179;901,180;902,180;902,181;903,181;903,182;903,183;903,184;903,185;904,186;904,187;904,188;905,188;905,189;906,190;906,191;906,192;906,193;907,194;907,195;908,196;908,197;909,198;910,198;910,199;910,200;911,201;911,202;911,203;911,204;911,205;911,206;911,207;913,208;913,209;913,210;913,211;913,212;913,213;913,214;913,215;913,216;913,217;914,218;914,220;914,221;914,223;914,224;914,225;914,226;914,227;914,228;914,229;914,230;914,231;914,232;914,233;914,235;914,236;914,237;914,239;914,240;915,242;916,242;916,243;917,244;918,244;918,245;919,245;919,246;920,247;920,248;921,248;922,249;922,250;922,251;923,252;923,253;923,254;923,255;924,256;924,258;925,259;925,260;925,261;925,262;926,262;926,263;927,263;927,264;927,265;927,266;927,267;928,268;929,268;929,269;930,270;930,272;930,273;930,274;930,275;930,276;931,276;931,277;931,278;931,279;932,281;932,282;932,283;932,284;932,285;932,286;932,287;932,288;933,288;933,291;933,292;933,293;933,294;934,295;934,296;934,297;935,298;935,299;935,300;935,301;935,302;935,304;936,304;936,305;937,305;937,306;938,307;938,308;938,309;939,310;940,310;941,311;941,312;942,312;943,313;943,314;943,315;943,316;943,317;944,317;944,319;944,320;944,321;944,322;944,323;944,324;944,325;943,326;942,328;941,329;940,329;939,329;937,329;936,329;935,329;934,329;933,329;932,329;932,330;931,330;930,330;930,331;929,332;929,333;929,334;928,335;928,336;927,336;927,338;926,339;926,341;926,342;926,343;926,344;926,345;926,346;925,348;925,349;925,350;925,351;925,352;925,354;925,355;925,356;925,357;925,358;925,359;925,360;925,361;925,362;924,363;924,364;924,365;924,366;924,367;924,368;924,369;924,370;924,371;924,372;924,373;924,374;924,375;924,376;924,377;924,378;924,380;924,381;924,382;924,383;924,384;923,384;923,386;922,387;921,388;920,389;919,390;918,391;917,392;916,393;914,393;913,393;912,393;911,394;909,394;908,394;907,394;906,394;905,394;904,394;903,394;902,394;901,394;900,394;899,394;898,394;896,394;893,394;891,394;890,394;889,394;888,394;887,394;886,394;884,394;883,394;882,394;881,394;880,394;879,394;877,394;876,394;875,394;874,394;873,394;872,394;872,393;871,393;871,392;870,391;870,390;870,389;868,388;867,387;867,385;867,384;867,383;866,382;866,381;865,380;865,379;864,378;864,377;863,377;862,376;862,375;862,374;859,373;859,372;857,372;856,372;855,371;854,371;853,371;852,371;851,371;850,371;849,371;848,371;847,371;846,371;843,371;842,371;841,371;840,371;838,371;837,371;835,371;834,371;833,371;832,371;831,371;831,373;830,374;830,375;829,376;829,377;828,378;828,379;828,380;827,381;826,381;826,382;825,382;825,383;824,384;824,385;823,386;822,387;820,388;819,388;817,388;816,388;815,388;814,388;813,388;811,388;810,388;809,388;808,388;807,388;806,388;805,388;804,388;802,388;801,388;798,388;797,388;796,388;795,388;794,388;793,386;792,385;791,385;790,384;789,384;788,383;786,383;785,383;783,382;782,382;781,382;779,381;778,380;778,379;777,378;777,377;775,376;775,374;775,373;775,372;774,371;774,370;774,369;774,368;774,367;774,366;774,365;774,364;774,362;774,361;774,359;774,358;774,357;774,356;774,355;774,354;774,353;775,353;776,352;777,351;778,351;779,349;779,348;780,348;781,347;782,345;783,345;784,343;785,342;786,341;787,340;788,340;788,339;789,339;789,338;790,338;791,337;792,336;793,335;795,334;796,334;797,333;797,332;797,331;797,330;797,329;797,328;797,327;797,326;797,324;797,323;797,322;797,320;798,318;798,317;798,316;798,314;798,312;798,311;798,309;798,305;798,301;798,299;798,296;798,294;798,290;799,285;800,278;800,270;800,260;800,249;800,237;801,226;801,217;802,208;802,199;802,191;802,183;802,175;802,167;802,160;802,154;802,148;802,144;802,140;802,139;802,135;802,132;802,130;802,127;802,123;802,119;802,118;802,116;802,115;802,112;802,110;802,108;802,107;802,105;802,102;802,100;802,99;802,97;802,95;802,94;802,92;802,91;802,89;804,87;805,86;809,81;811,80;811,79;812,79;813,77;814,75;815,75;816,74;817,73;817,72;818,72;819,72;820,72;821,72;822,72;824,70;826,70;827,70;828,70;829,70;830,70;831,70;833,70;834,70;835,70;836,71;837,71;838,72;841,73;844,73;846,74;847,74;848,74;849,74;850,73;
Stroma; POLYGON; 128, 128, 128; 542,490;541,489;541,488;539,486;538,482;536,481;535,478;534,477;533,476;531,474;529,473;527,471;527,470;527,468;527,465;527,463;526,460;525,459;524,457;523,457;523,456;522,456;521,455;521,454;521,452;521,450;521,449;521,447;520,446;520,445;520,444;518,442;518,440;518,438;518,436;518,434;518,433;516,432;516,431;515,428;514,427;513,426;513,425;513,422;513,420;513,416;512,416;512,414;512,413;511,413;510,412;510,410;510,409;510,407;509,406;508,404;506,402;505,401;504,400;504,399;504,397;503,395;501,393;501,392;499,390;498,389;497,388;497,387;497,386;497,385;497,384;495,383;495,381;495,380;494,378;493,377;493,376;493,374;492,372;492,371;492,369;492,368;492,364;492,363;492,360;491,359;491,358;491,357;491,355;491,353;491,352;490,351;490,350;490,349;490,347;489,346;489,345;488,344;488,343;487,341;487,340;486,339;485,338;484,337;484,336;482,335;481,334;480,333;479,332;478,331;477,331;476,329;476,327;475,326;475,323;474,323;473,321;473,320;473,319;471,317;471,315;470,312;469,310;468,308;468,307;468,306;467,303;467,301;467,300;466,298;466,297;466,294;466,291;465,288;465,287;465,285;465,283;465,281;464,278;464,277;463,276;463,275;463,272;463,270;463,268;462,265;462,264;462,263;462,261;462,259;462,258;462,257;462,256;462,255;462,253;462,252;462,250;462,248;462,247;462,246;462,245;462,244;462,243;462,241;462,240;462,239;462,238;462,237;462,236;462,234;462,233;462,232;462,230;462,229;462,228;462,227;462,226;462,224;462,223;462,222;462,220;462,218;462,217;462,216;462,215;462,214;462,211;462,210;462,209;462,208;462,206;462,205;462,203;462,202;462,201;462,200;462,199;462,198;462,197;462,194;462,192;461,192;461,191;461,190;461,188;461,187;461,185;461,184;461,183;461,182;461,181;461,180;461,179;461,177;461,175;461,174;461,171;461,169;461,168;461,167;461,165;461,164;461,162;461,161;461,160;461,158;461,156;461,155;461,154;461,152;461,151;461,150;461,147;461,146;461,143;461,142;461,139;461,138;461,136;462,134;462,133;462,132;462,130;462,128;462,126;463,126;463,122;463,121;463,120;463,118;463,117;463,116;463,115;463,114;463,112;463,110;463,109;463,107;463,106;464,105;464,104;464,103;464,101;464,100;464,98;464,96;464,95;464,94;464,92;465,92;465,91;465,90;465,89;465,88;465,87;466,86;466,85;466,84;466,83;467,82;467,81;468,81;469,80;470,80;471,79;472,77;473,76;474,76;475,75;476,75;477,75;477,74;478,73;479,73;480,71;482,70;483,70;485,69;486,69;486,68;487,68;488,68;489,68;490,67;491,67;492,67;493,66;494,65;495,65;497,65;498,65;500,65;502,65;505,65;506,65;507,65;509,65;510,65;512,65;513,65;514,65;515,65;517,65;517,64;519,64;520,64;522,63;523,63;524,63;526,63;527,63;529,63;530,63;531,63;532,63;533,63;534,63;535,63;536,63;537,63;540,63;542,63;544,63;545,63;546,63;548,63;550,63;551,63;554,62;555,62;557,62;558,62;559,62;560,62;561,62;562,62;563,62;564,62;565,62;566,62;567,62;568,62;571,62;572,62;574,62;576,62;578,62;579,62;580,62;581,62;582,62;584,62;587,62;588,62;589,62;591,62;592,62;594,62;595,62;597,62;598,62;599,62;601,62;603,62;605,62;609,62;611,62;613,62;614,62;615,62;617,63;618,63;620,64;622,64;623,65;625,66;628,67;629,68;630,68;631,69;631,70;631,71;631,72;632,73;632,74;632,75;632,76;632,78;632,79;633,80;633,81;634,83;635,85;635,86;635,87;635,88;635,89;635,91;636,91;636,92;636,93;636,94;636,95;636,96;636,98;636,100;636,101;636,102;636,103;636,104;636,105;636,106;636,108;636,109;636,110;636,111;636,112;636,113;636,114;636,115;636,117;636,119;636,121;636,122;636,123;636,125;636,126;636,127;636,128;636,129;636,130;636,132;636,133;636,134;636,135;636,137;636,138;636,139;636,140;636,141;636,143;636,144;636,145;636,147;636,149;636,150;636,151;636,152;636,153;636,155;636,156;636,157;636,158;636,161;636,162;636,163;636,164;636,166;636,167;636,168;634,170;633,171;633,173;633,174;632,175;631,176;631,177;630,178;630,179;630,180;630,181;629,182;628,184;628,185;628,186;628,187;628,188;628,189;627,189;626,191;626,192;626,193;626,194;625,195;625,196;623,198;623,199;622,201;622,203;622,205;622,206;622,207;622,208;622,209;621,211;620,213;620,214;620,215;619,217;619,218;619,219;619,220;619,222;619,223;618,224;618,225;618,227;618,228;618,229;618,230;618,231;618,232;618,233;617,234;617,235;617,236;617,238;617,239;617,240;617,241;617,242;617,243;617,244;617,246;617,248;617,249;617,250;617,252;617,253;617,254;617,255;617,256;617,257;617,258;617,259;617,260;617,261;617,263;617,264;617,265;617,266;617,267;617,268;617,270;617,271;617,272;617,273;617,274;617,275;617,276;617,278;617,279;617,281;617,282;617,283;617,284;617,285;617,287;617,288;617,290;617,291;616,292;616,293;616,294;615,294;615,296;613,298;612,299;612,300;611,300;611,301;610,302;610,303;608,305;608,306;606,308;605,309;605,310;604,311;603,312;602,313;602,314;602,315;602,317;602,318;601,319;600,319;600,320;600,321;600,323;600,324;600,325;599,326;599,327;599,328;599,329;599,330;599,331;599,332;599,333;599,334;599,335;599,336;599,337;599,338;599,340;599,341;599,342;599,343;599,344;599,346;599,347;599,348;599,349;599,350;598,351;598,352;598,353;598,354;598,355;597,357;597,358;596,359;596,360;596,361;595,362;595,363;595,364;595,365;594,366;593,367;592,369;592,370;590,371;590,372;590,373;589,375;588,377;588,378;588,379;587,379;587,380;587,381;587,382;587,383;586,384;585,385;585,386;585,389;585,390;584,391;584,392;583,393;583,394;583,395;583,396;583,397;583,399;583,400;583,401;583,402;583,403;583,404;583,406;582,407;582,408;582,409;582,411;582,412;582,413;582,414;582,415;582,417;582,418;582,420;580,421;580,422;580,423;580,424;580,425;580,426;580,428;579,429;579,430;579,431;578,433;578,434;578,435;578,437;578,439;578,440;578,443;578,444;578,445;577,445;577,446;577,448;577,449;577,451;577,452;577,453;577,454;576,455;576,456;575,456;575,457;575,458;575,460;574,462;573,463;573,464;573,465;573,466;573,467;572,468;572,470;572,471;572,472;571,473;570,474;569,476;568,478;568,480;568,482;567,483;566,485;566,486;564,488;564,490;564,492;563,494;562,495;561,496;560,497;560,498;559,498;558,498;557,498;556,498;555,498;554,499;553,499;552,499;550,498;549,498;548,498;546,498;544,498;543,498;542,496;541,496;541,495;540,494;539,493;538,491;537,490;537,489;537,488;537,487;537,486;537,485;537,484;537,483;537,482;537,481;537,479;537,478;537,477;537,476;537,475;537,472;537,471;537,467;537,465;
Stroma; POLYGON; 128, 128, 128; 248,651;248,653;249,653;250,654;250,655;250,657;250,658;251,660;251,661;251,662;252,664;252,667;252,668;252,669;252,671;252,673;252,674;252,675;252,676;252,677;252,678;252,679;252,680;252,681;252,682;252,684;252,685;252,686;252,687;252,689;252,691;252,692;252,693;252,694;252,695;252,696;251,696;250,696;249,696;247,696;246,696;245,696;244,696;243,695;243,694;241,693;238,692;236,690;234,689;234,688;233,688;232,687;231,686;229,685;229,684;228,683;227,682;226,681;225,680;222,679;220,679;220,678;220,677;219,676;218,676;218,675;217,674;215,673;214,673;213,673;211,673;210,671;209,671;209,670;208,670;208,671;207,672;207,673;207,675;206,675;206,677;206,678;205,679;204,680;203,681;203,682;201,684;201,686;201,687;200,688;199,690;199,691;199,692;199,694;198,696;197,698;197,699;197,702;197,703;197,704;197,705;197,707;197,710;197,711;197,712;197,716;197,717;197,718;197,719;197,721;197,722;197,724;197,725;198,727;200,729;202,730;203,731;204,733;205,734;206,736;208,737;208,738;209,738;210,739;211,740;212,740;213,740;216,740;217,740;219,740;223,740;226,740;230,739;234,739;239,738;242,737;243,737;244,737;246,737;247,736;249,735;251,733;253,733;254,733;254,732;255,732;256,731;256,730;257,730;257,729;257,728;258,727;258,726;259,724;260,722;260,721;260,720;261,719;261,718;262,716;262,713;263,712;263,709;263,708;263,706;264,706;264,705;264,704;264,703;264,702;265,702;266,701;266,699;266,698;267,697;267,696;267,695;267,694;267,693;267,692;267,691;267,690;267,688;267,686;267,685;267,684;266,683;265,683;265,681;264,681;264,680;262,679;262,678;261,675;261,673;260,672;260,669;260,668;259,668;259,667;258,666;258,665;258,663;258,662;257,662;257,660;257,659;256,657;255,657;255,656;255,655;254,654;253,653;253,652;251,650;250,650;250,649;250,648;250,647;
Stroma; POLYGON; 128, 128, 128; 240,655;241,656;242,656;243,656;244,657;244,658;244,659;245,659;246,660;247,660;248,661;249,661;250,661;251,662;252,663;252,664;253,664;254,666;255,666;255,667;255,669;255,670;255,671;255,672;255,673;255,675;255,676;254,678;252,679;251,679;249,679;247,679;246,679;245,679;244,679;243,679;242,679;240,679;239,679;238,679;237,678;236,678;235,678;235,677;234,677;233,676;232,676;231,675;231,674;230,674;229,673;228,671;227,670;226,670;226,669;224,668;223,667;222,666;222,665;220,663;219,663;218,662;217,662;216,661;215,661;214,661;212,661;211,661;210,661;209,661;208,661;207,661;207,662;206,663;205,664;205,665;205,666;204,667;204,669;204,670;204,672;204,673;204,675;204,677;204,678;204,680;204,682;204,683;204,684;204,685;205,687;206,688;206,689;206,690;207,691;208,691;209,693;210,694;213,695;213,696;214,697;218,700;219,701;220,701;221,701;222,701;223,702;225,702;227,702;228,703;230,703;232,703;233,703;235,703;236,703;238,703;239,703;242,703;243,703;244,703;245,701;246,701;246,700;248,699;249,698;250,697;251,697;251,695;252,694;253,693;254,693;255,692;255,691;256,691;257,689;258,688;259,687;259,686;260,685;260,683;260,682;260,681;260,680;261,680;261,679;261,678;261,676;261,675;261,674;261,673;261,672;261,670;260,669;260,668;259,667;259,666;259,665;258,664;257,663;257,662;257,661;257,660;256,660;256,659;256,657;255,657;255,656;255,655;255,654;254,654;
Stroma; POLYGON; 128, 128, 128; 258,662;259,663;259,664;260,665;262,666;263,666;265,667;266,667;267,667;269,667;270,667;271,667;272,667;273,668;274,668;275,668;276,668;276,670;277,670;278,670;278,671;279,671;280,671;281,672;282,672;283,672;284,672;286,672;286,673;287,673;288,673;290,673;291,673;292,673;293,673;294,673;295,674;296,674;297,674;298,675;299,675;300,675;301,675;302,675;302,676;303,676;304,677;305,677;306,677;308,678;309,678;310,679;311,679;312,680;313,680;313,681;314,681;315,683;316,684;317,684;317,685;318,686;319,686;320,686;321,686;322,687;322,688;322,689;323,690;325,692;326,693;327,693;327,694;328,695;329,696;329,697;329,699;330,699;331,701;332,701;332,702;333,703;333,704;333,705;333,706;333,708;333,709;332,709;331,710;331,711;330,711;329,711;327,711;326,711;325,711;324,711;323,711;322,711;320,711;319,711;318,711;317,711;316,711;315,711;314,710;313,710;312,708;310,707;310,706;309,705;307,705;307,704;306,704;305,703;305,702;305,701;304,701;304,700;303,700;302,700;301,700;300,700;297,700;296,700;295,700;294,700;294,701;293,701;293,702;293,703;293,704;293,705;293,706;293,707;293,708;293,709;293,710;293,711;293,712;293,713;293,714;293,715;293,716;293,718;293,719;293,720;293,721;294,721;297,721;299,721;300,721;301,721;302,721;303,721;304,721;305,721;306,721;308,721;309,721;309,722;310,722;311,724;311,725;311,726;312,726;312,727;313,728;313,729;313,730;314,731;315,731;316,732;316,733;317,734;317,735;317,737;318,738;319,738;320,738;320,739;320,740;321,741;321,742;321,744;322,744;322,745;323,746;323,747;323,748;324,748;324,749;324,750;325,751;325,752;325,754;326,755;326,757;327,758;327,759;327,761;327,762;327,764;328,765;328,767;328,768;329,768;330,768;330,769;330,770;330,771;330,772;330,773;330,774;330,775;330,776;330,778;330,779;330,780;330,781;330,782;330,783;330,784;330,785;330,786;330,787;330,788;331,789;331,790;331,791;331,793;331,794;331,795;331,797;331,798;331,799;331,800;331,801;331,802;331,803;331,804;331,805;331,806;331,807;331,808;331,809;331,810;331,811;331,812;330,814;329,815;328,816;326,817;326,818;325,818;323,819;323,820;321,821;320,822;318,822;316,823;314,823;313,823;312,823;312,824;310,824;308,824;306,824;305,825;304,825;303,825;302,825;300,825;297,825;294,825;291,825;289,825;286,825;282,825;279,825;276,825;272,825;269,825;267,825;266,825;265,825;263,825;262,825;260,824;257,823;256,823;254,821;252,821;250,820;248,819;246,818;245,817;244,815;243,814;242,814;241,813;240,812;238,811;236,810;234,808;231,805;230,803;229,803;227,800;226,797;224,794;223,792;222,792;222,791;221,790;220,790;219,788;219,786;218,784;217,781;217,780;217,778;216,776;216,775;215,773;214,773;214,770;214,769;214,768;213,766;213,764;213,763;213,762;213,760;213,759;213,758;213,757;213,756;212,755;212,754;212,752;212,750;212,749;212,748;212,746;212,744;212,743;212,742;212,741;212,740;212,738;212,737;212,735;212,732;212,731;212,730;212,729;212,727;212,726;212,725;212,724;212,723;212,722;212,720;
Specular reflection; POLYGON; 191, 91, 22; 303,708;302,707;301,707;300,707;299,706;298,705;297,705;297,704;297,703;296,702;296,701;296,700;296,699;297,699;298,699;299,699;300,699;301,699;302,699;303,699;304,699;305,699;306,699;307,700;308,700;309,700;310,700;310,701;311,702;312,702;314,703;315,704;316,704;316,705;317,706;317,707;317,709;317,710;317,711;316,711;314,711;313,711;312,711;311,711;310,711;308,711;307,711;305,711;304,711;303,711;303,709;302,709;302,708;
Stroma; POLYGON; 128, 128, 128; 599,826;600,826;601,826;602,826;603,826;605,826;606,826;607,826;609,826;610,825;612,825;615,825;618,825;622,824;624,824;625,824;626,824;627,824;629,822;630,822;631,822;633,822;635,822;636,822;637,822;639,821;640,821;641,821;642,820;643,820;646,820;648,820;651,819;653,818;655,818;658,818;658,816;659,816;660,816;661,816;662,816;663,815;665,815;666,815;668,815;669,815;671,815;672,815;673,815;674,815;675,815;676,816;676,817;679,817;680,817;681,817;683,817;684,818;685,818;686,818;687,818;688,818;690,818;691,818;692,818;693,818;694,818;695,818;696,818;697,817;698,816;698,815;699,815;699,814;700,814;701,813;703,812;703,811;704,810;704,809;705,809;706,809;707,808;708,808;709,808;710,808;710,807;711,807;712,807;713,807;713,806;714,806;716,806;718,805;719,804;719,803;720,802;720,801;721,801;721,800;721,799;722,798;723,797;724,797;724,796;724,795;725,795;725,794;726,793;727,792;727,791;728,790;729,790;729,789;730,789;731,788;732,788;734,787;734,786;735,786;736,786;737,786;738,786;739,786;741,785;742,785;744,784;745,784;747,784;748,784;749,784;749,783;750,783;750,782;751,782;752,781;753,780;754,780;754,779;755,778;756,777;757,777;758,777;759,777;760,777;761,776;762,776;763,775;764,774;765,773;766,772;767,772;768,772;769,772;770,772;771,772;772,772;773,772;774,772;775,772;776,772;777,772;777,773;778,774;778,775;780,775;780,776;781,777;782,779;782,780;782,781;782,782;783,783;783,784;783,786;783,787;783,788;783,789;783,790;783,791;783,792;783,793;783,794;783,795;783,797;783,798;783,799;783,800;783,801;783,802;783,803;783,804;783,805;783,806;783,807;783,808;783,810;783,811;783,812;783,813;783,814;783,816;783,817;783,818;783,819;784,819;785,819;786,819;787,819;788,819;789,819;791,819;792,819;793,819;795,819;796,819;797,819;798,819;799,819;800,819;802,819;804,819;805,819;806,819;807,819;808,819;809,819;810,819;811,819;812,819;813,819;814,819;815,819;816,819;817,819;819,819;820,819;821,819;821,820;822,820;824,822;825,822;826,822;827,822;828,822;829,822;830,823;831,823;832,823;833,823;835,823;836,823;838,823;839,823;840,823;841,822;842,821;843,820;843,819;843,818;843,817;843,815;843,814;843,813;843,811;843,810;843,809;843,808;843,807;843,806;843,805;843,804;843,803;843,802;843,800;843,799;844,798;845,798;846,798;846,797;847,797;849,796;850,796;850,795;850,794;851,794;852,794;852,793;853,793;853,792;854,792;854,791;855,791;856,790;857,788;858,787;859,787;860,786;861,786;861,785;862,785;863,784;863,783;863,782;864,782;864,781;865,780;866,780;866,779;867,779;867,778;868,777;868,776;869,775;870,773;871,773;871,771;872,770;872,769;872,768;872,767;872,766;873,766;874,766;875,766;876,766;877,765;878,765;879,765;880,765;882,765;883,765;884,765;885,765;886,765;887,765;889,765;890,765;891,765;892,765;893,765;895,765;896,765;897,765;898,765;899,765;900,765;901,765;902,765;903,765;904,765;906,766;906,767;906,769;906,770;906,771;906,772;906,773;906,774;906,775;906,776;906,777;905,778;905,779;905,780;904,781;904,783;904,785;904,786;904,788;904,789;903,790;902,791;902,792;901,792;901,793;901,794;901,795;900,795;900,796;899,796;898,796;898,797;897,797;896,797;895,797;895,798;894,798;894,799;893,800;893,801;892,801;891,801;890,801;889,801;888,801;887,801;886,801;884,801;883,801;882,802;881,803;880,804;879,804;879,806;878,806;877,807;876,808;874,809;873,809;873,810;872,810;871,812;870,813;869,814;868,815;867,816;866,816;866,817;866,818;865,819;864,819;863,819;862,820;861,820;860,821;859,821;859,822;857,822;856,823;856,824;855,825;854,825;854,826;853,826;853,827;851,827;850,827;850,828;849,829;849,830;848,830;847,830;847,831;846,832;845,832;844,832;843,833;842,834;842,835;842,836;842,837;842,838;842,839;842,840;842,841;843,842;843,843;844,843;845,843;846,843;847,843;848,843;849,843;850,843;851,843;852,843;853,843;854,843;855,843;856,843;857,843;858,843;859,843;860,843;861,843;862,843;863,843;864,843;865,843;866,843;867,843;868,843;869,843;870,843;871,843;872,843;873,843;874,843;875,843;876,843;877,843;879,843;880,843;882,843;883,843;884,843;885,843;886,843;887,843;888,843;889,843;890,843;892,842;893,841;895,840;896,840;896,838;897,836;898,835;898,834;899,832;899,831;899,830;899,829;898,829;896,829;895,829;895,828;894,828;893,826;893,825;892,824;892,823;892,822;891,820;891,819;891,818;891,817;890,817;890,816;890,815;890,814;890,813;890,812;890,811;890,810;890,809;890,808;890,807;890,806;891,805;892,805;893,805;895,805;896,805;896,807;896,808;896,809;896,810;896,811;896,812;896,813;896,814;896,815;896,816;896,817;896,818;896,819;897,820;897,821;898,822;899,823;899,824;900,825;900,826;901,827;901,828;901,829;901,831;900,832;900,834;899,835;899,836;899,837;899,838;899,839;899,840;899,841;899,843;899,844;899,846;899,847;899,848;900,848;900,849;900,850;901,851;901,852;902,853;902,855;902,856;902,857;902,858;902,859;903,860;903,861;903,862;904,864;904,865;904,866;904,867;904,868;904,869;904,871;904,873;904,874;904,875;904,877;904,878;904,879;904,880;903,880;903,882;902,882;902,883;902,884;901,885;900,885;899,885;897,886;896,886;894,887;892,887;890,889;889,890;889,891;888,891;887,893;886,893;885,893;885,894;884,894;883,895;882,896;882,897;881,898;880,899;879,900;878,901;877,902;876,903;876,904;875,904;874,905;873,905;872,905;871,906;870,906;870,907;869,907;868,908;867,908;866,908;865,908;864,908;864,909;863,910;862,910;861,910;860,911;859,911;858,911;857,912;855,913;853,914;850,915;848,915;847,915;846,916;845,916;844,916;843,916;842,917;841,917;840,917;838,917;837,917;836,917;835,917;834,917;834,918;833,918;832,918;831,918;830,918;828,918;827,920;826,921;825,921;823,922;822,922;820,923;819,923;819,924;818,924;816,925;815,925;814,925;813,926;812,926;811,926;810,927;809,927;809,928;808,928;806,929;805,929;805,930;803,932;802,932;801,932;801,933;800,934;799,935;798,935;797,935;795,936;794,936;793,936;792,938;791,938;789,939;788,940;786,941;785,941;782,942;780,942;779,944;778,944;777,945;776,946;775,946;774,947;772,948;771,949;770,950;769,950;769,951;768,951;767,952;767,953;766,953;766,954;765,955;764,956;763,956;762,956;761,957;760,957;759,957;757,959;756,959;755,959;754,959;753,959;752,959;750,959;748,959;747,959;746,959;745,959;744,959;743,959;742,959;741,959;738,960;735,960;732,960;730,960;729,961;728,961;727,961;726,961;725,961;724,961;723,961;722,961;720,961;717,962;715,962;714,962;712,962;711,962;709,962;707,963;704,963;702,964;701,964;699,964;698,964;697,964;696,964;695,964;694,964;692,964;691,964;690,964;689,964;688,964;687,964;686,964;685,964;684,963;682,963;680,963;678,961;675,961;672,961;670,961;669,961;668,961;667,960;667,959;666,958;666,957;666,955;666,954;666,953;666,952;666,951;666,950;665,949;664,949;663,949;663,948;662,948;660,948;659,948;657,948;656,948;655,948;655,947;654,947;653,947;652,947;651,946;650,946;649,944;649,943;648,942;648,941;647,941;646,940;645,938;644,937;643,935;643,934;642,934;642,933;641,933;640,932;640,931;639,931;639,930;638,930;636,929;636,928;635,928;634,927;634,926;634,925;634,924;634,923;634,922;634,921;633,921;633,920;633,918;633,917;633,916;633,915;633,914;633,913;633,912;633,911;633,910;633,909;633,908;633,907;633,905;633,904;633,903;632,902;632,901;632,900;632,899;632,898;632,897;632,896;632,895;632,894;632,892;632,891;632,890;632,889;632,888;632,887;632,885;631,884;631,883;631,882;631,881;631,880;631,878;631,877;630,876;630,875;630,874;630,872;630,871;630,870;629,869;629,868;628,867;628,866;628,865;627,865;627,864;625,864;624,862;624,861;623,860;623,859;622,859;622,858;621,858;621,857;620,856;619,855;619,854;618,854;618,852;617,851;616,850;616,849;616,848;615,847;614,846;614,845;613,844;613,843;612,842;612,841;611,840;611,839;610,839;610,838;609,838;608,837;608,836;608,835;607,835;607,834;606,834;603,831;602,830;602,829;602,828;601,828;600,827;600,826;600,825;600,823;
Specular reflection; POLYGON; 191, 91, 22; 865,765;865,766;865,767;865,768;866,769;866,770;867,771;867,772;867,773;867,774;867,775;867,777;867,778;867,779;866,780;865,780;864,781;863,781;862,783;861,784;860,784;860,785;859,785;859,786;859,787;858,787;858,789;858,790;857,790;856,791;855,791;854,791;853,792;852,793;851,793;850,794;850,795;849,796;849,797;848,797;847,797;846,797;846,798;845,798;844,798;843,799;842,799;842,800;841,801;840,802;839,802;839,803;839,804;839,805;839,806;838,806;838,807;838,808;838,809;838,810;838,811;838,812;838,813;838,814;838,815;838,816;838,817;838,818;838,819;837,820;836,821;834,821;833,821;832,821;831,821;830,821;828,821;827,821;826,821;825,821;824,820;824,819;824,817;823,816;823,815;822,815;822,813;822,812;822,811;822,810;822,809;822,807;822,806;822,804;822,802;822,801;822,799;822,797;822,796;822,795;822,794;822,793;822,792;822,791;822,790;822,789;822,788;822,786;822,785;823,785;825,782;826,780;828,780;829,778;830,778;831,777;832,776;834,775;835,775;837,775;838,775;841,775;842,775;844,774;845,774;846,773;847,773;847,772;848,772;849,772;850,772;852,772;853,770;854,770;855,770;856,770;857,770;858,770;859,770;860,770;862,769;863,769;864,768;865,767;
Stroma; POLYGON; 128, 128, 128; 286,20;286,22;286,23;284,25;284,26;284,28;284,29;283,30;282,31;282,32;282,34;282,35;282,37;282,40;282,41;282,42;282,43;282,44;282,46;282,47;282,48;282,49;282,50;282,51;282,52;281,53;281,54;280,54;280,55;279,55;278,56;276,58;275,59;273,59;272,59;271,60;271,61;270,61;269,61;269,62;268,62;267,63;266,64;266,65;265,65;265,66;264,67;263,70;261,70;261,72;261,73;261,74;261,75;261,76;260,77;260,78;260,79;260,80;260,81;260,82;260,83;260,84;260,85;260,86;260,88;261,89;263,90;264,90;265,91;266,91;267,91;267,92;268,92;268,93;268,94;269,94;270,95;271,95;272,96;274,96;276,96;278,96;279,98;280,98;282,100;283,100;284,101;285,102;286,103;286,104;287,106;287,107;287,108;287,109;287,110;287,112;288,112;288,113;288,114;288,115;288,116;288,117;288,118;288,119;288,120;287,120;287,121;286,121;285,121;284,121;281,121;280,121;279,121;278,121;276,121;275,121;274,121;273,121;272,121;271,122;270,123;269,123;268,123;267,124;266,125;265,125;264,126;263,126;261,126;259,127;256,127;254,128;253,128;251,129;249,129;248,129;247,129;246,129;245,129;244,129;243,129;242,129;241,129;240,129;239,129;238,129;237,129;236,129;235,129;234,129;233,129;232,129;231,129;230,128;229,128;226,128;225,128;224,128;223,128;222,128;220,128;216,128;215,128;213,128;212,128;211,128;210,128;209,128;208,128;207,128;204,128;202,128;201,128;199,128;198,128;196,128;195,128;194,127;193,127;191,126;190,126;189,126;187,125;185,123;184,123;182,121;181,120;180,119;179,118;179,116;178,116;178,115;177,114;176,113;175,113;175,112;174,111;172,110;170,109;169,109;168,108;167,108;165,108;163,108;160,108;158,108;155,108;152,108;149,108;146,108;144,108;143,108;142,108;140,108;138,108;135,109;130,111;127,112;124,112;121,113;118,114;117,114;116,114;115,116;114,116;113,118;112,118;112,119;111,120;110,121;107,123;105,124;105,126;103,128;101,130;99,134;98,137;97,138;96,139;95,142;94,142;94,143;92,145;91,145;90,147;89,148;89,149;88,150;87,150;87,151;86,152;85,152;83,154;82,155;80,157;78,160;77,160;75,161;74,163;73,163;73,164;72,166;71,167;70,168;70,169;67,172;67,173;66,174;66,175;65,176;64,179;64,180;63,182;62,184;62,185;61,186;61,187;61,188;61,190;59,191;59,192;59,193;59,195;59,196;59,197;59,198;59,199;59,200;59,201;59,202;59,203;59,204;59,205;59,206;59,208;60,208;60,209;60,210;60,211;61,212;61,213;61,214;62,215;62,216;63,217;63,218;63,219;64,220;64,222;65,223;66,224;66,225;67,226;67,227;68,227;69,228;70,229;70,230;71,231;72,231;72,232;73,232;73,233;73,234;74,234;74,235;75,236;75,238;75,240;76,241;76,242;77,244;77,245;78,245;79,245;79,246;79,247;79,248;80,250;80,251;80,252;80,253;81,254;82,256;82,257;83,257;83,258;84,258;84,259;85,260;86,261;86,262;86,263;87,264;87,265;89,265;89,266;90,267;90,268;91,269;91,270;92,271;92,272;93,274;93,275;93,276;94,277;95,279;95,280;95,281;95,282;96,283;96,284;96,285;96,286;96,287;97,287;97,288;97,289;97,290;99,290;99,291;99,292;99,293;100,294;100,295;101,296;102,297;102,298;102,299;102,300;103,300;103,301;103,302;103,303;103,304;103,305;104,306;104,307;105,308;105,309;105,310;105,311;106,312;106,313;106,314;107,315;108,315;108,316;108,317;109,318;110,319;110,320;110,321;111,321;112,322;112,323;113,324;114,325;114,326;115,327;115,328;116,328;116,329;117,330;117,331;117,332;117,333;119,334;120,335;121,337;122,338;122,339;122,340;123,340;123,341;124,342;125,342;125,343;125,344;126,345;127,346;128,347;129,348;130,348;132,348;133,349;134,350;135,350;136,351;137,351;137,352;138,352;139,352;139,353;140,353;141,353;143,354;144,354;144,355;145,355;145,356;146,356;147,358;148,358;148,359;149,359;150,360;150,361;151,362;151,363;151,364;153,365;154,366;154,368;154,369;154,370;154,371;154,372;154,373;155,373;155,374;156,375;156,376;157,376;157,377;157,379;157,380;158,380;158,381;158,382;159,383;160,384;160,385;160,386;160,387;161,387;161,388;161,389;162,389;163,391;164,392;164,393;165,394;165,395;166,396;166,397;166,398;166,399;167,399;167,400;168,401;169,401;169,403;170,404;171,405;171,406;173,407;174,407;175,408;176,408;176,409;178,411;179,412;180,412;180,413;181,414;182,415;183,416;184,417;185,417;186,417;186,418;187,418;187,419;188,420;188,421;188,422;189,423;190,423;190,424;191,425;192,426;193,427;194,427;194,428;195,429;196,429;198,430;199,430;201,431;201,432;202,433;203,434;204,434;204,435;205,436;206,436;207,436;207,437;208,437;209,438;209,439;210,440;211,441;212,441;213,442;214,443;214,444;214,445;216,446;216,447;218,448;219,448;219,449;221,450;223,450;223,452;225,453;228,455;229,456;231,458;234,459;235,461;236,461;238,463;239,465;240,466;241,467;243,467;245,469;245,470;247,470;249,472;249,473;251,474;254,474;255,474;256,475;257,475;259,476;261,479;263,479;267,482;270,482;271,482;274,485;275,485;277,486;279,486;280,486;282,487;284,488;287,488;290,489;292,490;295,490;297,491;297,492;299,492;302,494;304,495;307,495;310,496;311,496;313,498;314,498;316,499;318,500;319,500;320,500;322,501;324,502;326,502;328,504;329,504;332,505;333,506;335,507;337,507;338,508;339,508;340,508;341,509;342,509;343,509;344,509;345,510;346,510;347,510;348,510;350,510;351,510;353,510;354,510;355,510;356,509;356,508;356,507;357,504;357,503;358,501;359,500;359,499;359,497;359,496;359,495;359,492;359,490;359,489;359,486;359,484;359,482;359,481;359,480;359,479;358,477;358,476;357,476;356,476;354,476;353,476;350,476;348,474;346,473;344,473;340,472;339,471;337,470;336,470;335,470;334,469;333,468;333,467;330,466;329,466;329,465;328,464;327,463;325,461;324,460;323,460;322,459;321,458;321,457;319,455;318,455;318,454;317,452;317,450;317,449;317,447;317,444;317,443;316,442;316,441;316,439;316,438;316,437;316,436;316,435;316,434;316,433;316,432;316,431;316,430;316,429;316,427;316,426;316,425;316,424;316,423;316,421;316,420;317,419;318,418;319,417;319,416;319,415;319,414;320,414;320,413;321,412;322,412;322,411;322,409;322,408;321,408;320,407;318,406;317,405;316,405;315,403;314,402;312,401;312,400;311,400;310,398;309,397;307,397;306,396;306,395;306,394;306,391;306,390;306,388;306,387;306,385;306,384;306,383;306,382;306,381;306,379;306,378;306,377;306,376;307,376;308,375;308,374;308,373;309,372;310,371;310,370;311,369;312,368;312,367;314,365;315,364;316,363;319,361;319,360;320,359;321,359;322,358;323,358;324,358;326,357;327,356;330,356;333,354;334,354;335,354;335,353;337,353;338,352;338,351;339,351;339,350;339,349;340,349;340,347;342,346;342,345;343,345;343,343;343,342;344,342;344,341;345,340;345,339;345,338;345,336;345,335;345,334;346,333;346,332;346,331;346,330;346,329;346,328;346,326;346,324;346,323;346,322;346,320;346,319;346,318;346,317;346,315;346,312;346,311;346,310;346,309;346,308;346,307;346,305;346,303;345,302;344,301;344,300;344,298;344,297;344,296;343,295;342,295;342,293;342,292;341,292;341,290;341,289;340,287;340,286;340,285;340,284;340,283;340,282;340,281;339,279;339,278;339,277;339,276;339,275;339,274;339,273;339,271;339,269;339,268;339,267;339,266;339,265;339,264;339,263;339,262;339,261;342,257;342,255;343,255;343,254;343,253;344,252;344,251;345,250;345,248;348,245;348,244;350,242;352,239;352,238;353,237;354,236;354,235;355,231;356,228;356,225;358,222;358,220;360,218;360,216;361,213;361,212;361,209;363,205;364,200;365,196;365,194;365,192;365,190;365,187;365,184;366,181;367,179;368,176;369,174;369,171;370,169;370,167;371,164;371,162;371,160;371,159;371,156;371,154;371,153;371,151;371,150;371,149;371,146;371,142;371,139;371,136;371,134;371,133;371,132;371,131;371,130;371,128;371,126;371,123;371,121;371,119;371,118;371,117;371,116;371,115;371,113;371,112;371,111;371,110;371,109;371,108;371,107;371,106;371,105;371,103;370,103;370,100;369,99;368,97;368,95;366,93;366,92;366,91;365,90;365,89;365,88;364,87;364,86;364,85;363,83;363,82;363,81;363,80;363,79;362,78;362,77;362,76;362,75;362,74;362,73;362,71;362,70;362,69;362,68;362,67;362,66;362,65;362,64;362,63;361,62;361,60;360,59;360,58;360,57;359,53;358,51;358,50;356,50;356,48;356,47;355,46;354,45;353,43;351,41;349,39;348,39;347,38;345,37;344,35;343,34;342,33;340,32;339,31;338,31;337,30;336,30;336,29;334,29;333,28;331,26;329,24;328,23;325,23;325,22;322,21;320,21;319,20;317,19;314,17;312,16;308,14;305,12;304,11;303,10;301,10;300,9;298,9;297,9;296,9;295,9;294,9;293,9;292,9;291,9;290,9;289,11;288,12;288,13;287,15;286,16;285,16;285,18;285,19;284,20;284,21;284,22;283,25;283,26;282,26;282,27;282,29;
Stroma; POLYGON; 128, 128, 128; 93,585;93,584;90,581;88,581;87,580;87,579;86,578;84,578;83,578;82,578;81,577;78,577;76,576;75,576;74,576;73,575;72,575;71,575;70,575;69,575;67,575;65,575;64,575;64,573;63,572;62,572;61,572;60,571;59,571;58,570;57,569;55,569;54,569;53,567;53,566;52,566;51,566;50,565;50,564;50,563;49,562;49,561;49,560;48,560;48,559;47,558;47,557;46,557;45,556;44,555;42,554;42,553;41,553;40,552;39,552;38,551;37,550;36,549;36,548;35,548;35,547;34,546;33,544;32,544;31,542;30,542;30,541;29,541;29,540;28,540;27,539;25,537;24,537;23,536;21,536;20,536;19,536;18,536;17,536;15,536;14,537;13,538;12,539;11,541;10,541;8,543;8,544;8,546;7,546;7,548;7,549;7,551;6,552;6,553;6,554;6,555;6,556;6,558;6,559;6,561;6,563;6,564;6,565;6,566;6,567;6,569;6,570;6,571;6,572;6,573;7,574;7,575;7,576;7,577;8,577;8,578;8,579;9,579;9,580;9,581;9,582;9,583;9,584;9,585;9,586;9,587;9,588;9,589;9,590;9,591;9,592;9,593;9,594;9,596;9,598;9,599;9,601;9,603;9,604;9,606;10,606;10,607;10,608;10,609;10,610;10,612;10,613;11,614;11,615;11,617;11,618;11,619;12,621;12,622;12,624;13,625;13,626;13,628;14,630;16,632;16,633;16,634;16,637;17,638;17,639;17,640;20,642;20,644;21,645;21,646;22,647;22,648;22,649;23,650;23,652;23,653;23,654;25,656;25,657;27,661;27,662;27,663;28,665;28,667;28,668;28,669;29,670;30,670;30,673;31,676;32,678;32,681;32,682;32,683;33,686;33,688;33,689;33,692;33,694;33,696;34,697;34,699;34,701;35,704;36,707;36,708;36,709;36,710;37,712;37,713;37,716;39,719;39,721;40,725;42,726;43,727;44,728;44,729;44,731;44,733;47,736;47,738;48,740;49,743;51,746;52,749;54,752;56,754;57,755;57,757;59,759;60,761;61,762;64,766;66,768;70,773;71,775;75,778;75,780;77,781;77,782;79,783;80,784;82,788;83,789;85,791;86,796;89,798;90,803;93,805;97,810;98,811;99,813;100,814;101,815;101,816;102,817;103,818;104,820;105,822;108,823;109,826;110,826;111,829;113,832;113,833;115,835;115,836;116,838;117,839;118,842;118,843;120,844;120,845;120,847;120,848;121,851;121,852;123,854;123,855;123,857;124,860;124,861;126,862;126,863;126,864;126,867;126,868;126,870;128,872;128,873;128,874;129,876;131,878;131,879;132,879;133,881;134,882;134,883;135,885;137,886;138,888;140,889;142,891;143,893;146,893;148,895;151,898;154,900;155,901;156,902;157,903;160,903;161,904;162,904;163,905;163,906;165,907;166,907;167,907;170,909;171,909;172,910;173,910;174,911;175,912;177,913;178,913;179,913;181,913;183,914;185,915;186,916;188,916;190,918;192,918;194,918;197,919;200,919;201,919;202,920;204,920;208,922;208,923;210,923;212,925;215,926;219,927;221,928;223,928;225,928;227,928;228,928;230,929;232,930;233,930;233,931;235,931;237,931;237,932;239,932;240,932;242,933;243,933;243,934;244,934;245,934;246,934;247,934;247,935;248,935;249,935;251,937;252,937;253,937;256,939;257,939;258,939;259,939;260,940;261,940;262,940;263,940;264,940;265,941;266,941;268,941;269,941;270,941;271,941;272,941;274,941;276,941;277,941;279,941;280,941;281,941;282,941;283,941;283,940;284,940;286,939;287,939;289,939;290,939;291,939;292,939;293,939;295,939;296,939;297,939;298,939;300,939;302,939;303,939;305,939;307,938;308,937;309,937;310,937;311,937;312,937;313,937;314,937;315,937;317,937;318,937;319,937;320,937;321,937;322,937;323,937;324,937;325,938;326,938;327,938;329,938;330,938;331,938;332,938;333,938;334,938;335,938;337,938;338,938;339,938;340,938;341,938;342,938;343,938;344,938;345,938;346,938;348,938;349,938;350,938;351,938;352,938;353,938;354,938;355,938;356,938;357,938;358,938;359,938;360,938;361,938;362,938;365,938;366,938;367,938;369,938;370,938;371,938;372,938;374,938;375,938;376,938;377,938;378,938;379,938;380,939;381,939;382,939;383,939;384,939;385,939;386,939;387,939;388,939;389,939;390,939;391,939;393,940;394,940;395,940;397,940;398,940;399,940;400,940;401,940;402,940;403,940;404,940;405,940;406,940;407,939;407,938;409,937;410,936;410,935;411,935;411,934;411,933;411,932;413,931;413,930;414,930;415,929;416,929;417,929;418,929;419,929;420,929;421,929;422,929;423,929;424,929;425,929;426,929;426,928;427,927;427,926;428,926;428,925;429,924;430,924;431,923;432,923;433,923;433,922;434,922;434,921;434,920;435,920;436,919;437,919;438,919;438,918;438,917;439,917;439,915;439,914;440,913;440,912;440,911;440,910;441,908;442,908;442,907;443,906;444,905;444,904;445,903;445,902;446,901;447,900;447,899;448,898;448,897;448,896;449,895;449,894;449,893;450,893;450,892;451,891;451,890;452,890;453,890;453,889;454,887;454,886;454,885;455,884;455,883;456,883;456,881;456,880;457,880;457,879;457,877;457,876;459,875;459,874;460,873;460,872;460,871;461,870;462,869;463,869;463,868;464,868;464,867;464,865;464,864;464,863;464,862;464,861;464,860;464,859;464,858;464,857;464,856;464,855;464,854;465,854;465,853;465,852;465,851;465,850;466,850;466,849;466,848;466,847;466,845;466,844;466,843;467,843;467,842;467,841;467,840;467,839;467,838;467,837;467,836;467,835;467,834;467,833;467,831;466,830;465,829;465,828;463,825;462,824;461,823;460,823;460,822;459,821;459,820;458,818;457,817;456,817;456,816;455,815;455,814;455,813;453,812;453,811;452,810;452,809;452,806;451,805;450,805;449,804;449,803;448,803;447,802;447,801;446,801;446,800;445,799;443,798;441,797;441,796;440,795;440,794;440,793;439,792;438,791;438,790;438,788;437,787;437,786;437,785;438,785;439,785;440,785;440,784;440,783;440,782;439,782;438,782;438,781;437,780;436,779;435,779;434,779;432,779;431,778;430,778;429,778;427,778;426,777;426,776;425,776;424,776;423,776;421,776;420,776;419,776;418,775;417,775;415,774;414,774;413,774;412,774;409,774;408,773;407,773;406,772;405,772;403,771;403,770;402,769;399,769;398,768;397,768;396,767;395,767;394,766;394,767;394,768;394,769;394,770;394,772;394,773;395,774;396,776;396,777;396,778;396,779;398,780;397,781;396,782;396,783;396,785;396,786;395,786;394,787;394,788;394,789;393,789;392,789;391,790;390,790;389,790;388,790;387,790;386,790;385,790;384,791;384,792;383,793;383,794;383,795;383,796;383,797;383,798;382,799;382,800;381,802;380,802;379,803;378,803;377,803;376,803;375,803;374,803;373,803;372,803;371,803;370,803;369,803;368,803;367,803;365,803;364,803;363,804;362,804;362,805;361,805;360,805;360,806;359,806;358,806;357,808;356,809;355,809;354,809;353,809;351,809;349,809;347,809;346,809;345,809;343,809;342,809;341,809;340,809;339,809;338,809;337,809;336,808;335,807;334,807;333,807;332,807;331,807;330,807;328,807;327,807;326,807;325,807;324,807;323,807;322,807;321,807;320,807;319,807;318,808;317,809;315,809;312,810;309,810;305,810;303,810;301,810;298,810;296,810;293,810;290,810;287,810;285,810;282,810;280,810;277,810;275,808;273,806;270,805;266,801;264,799;260,796;258,793;255,791;253,789;250,785;248,781;247,778;244,773;242,770;240,766;238,764;237,762;235,759;233,757;232,756;232,755;232,753;230,751;230,750;229,747;228,746;226,746;226,745;225,745;224,743;223,743;223,741;221,740;220,739;219,738;218,737;216,737;214,735;213,734;211,732;208,730;208,729;207,727;202,725;201,724;198,721;196,720;195,719;194,718;194,717;193,715;192,713;192,712;192,710;191,707;189,705;189,702;189,701;188,700;188,699;188,698;188,697;188,696;188,695;187,694;187,693;187,692;187,690;187,689;187,688;187,687;187,686;186,685;186,684;186,683;186,682;185,682;184,682;183,681;183,680;182,680;180,680;179,679;178,678;177,678;176,677;175,677;174,677;173,676;172,676;171,675;169,674;168,674;167,674;166,672;165,672;164,671;163,671;162,670;161,670;160,670;159,670;156,669;155,669;153,669;152,669;151,669;150,669;148,669;145,669;143,669;142,669;141,669;140,669;139,669;137,668;136,666;134,666;134,665;134,664;134,663;134,662;134,660;134,659;134,658;134,657;134,656;134,655;134,654;134,653;134,652;134,650;134,649;134,647;134,646;134,643;134,642;134,641;134,640;134,639;134,637;134,635;133,635;133,634;133,633;133,630;133,629;133,628;132,627;132,625;132,624;132,623;130,621;129,620;129,618;128,617;128,616;128,615;127,614;127,612;125,610;125,609;125,608;123,608;123,605;122,605;122,604;121,603;121,601;121,599;120,599;120,598;118,596;118,595;117,594;117,593;116,592;115,592;113,591;112,590;111,589;110,588;110,587;109,587;107,586;107,585;106,585;105,585;103,585;101,585;100,585;100,584;98,584;97,584;95,584;94,584;93,584;92,584;91,584;89,584;88,584;87,584;
Specular reflection; POLYGON; 191, 91, 22; 136,647;138,647;139,647;141,647;142,647;143,647;144,647;145,648;147,648;149,649;150,649;152,650;153,650;153,651;154,651;154,652;155,653;155,654;156,654;156,655;156,656;156,657;155,657;154,657;153,658;151,660;150,660;148,661;147,662;146,663;145,664;143,666;143,667;142,667;142,668;141,668;140,669;139,670;138,670;137,670;136,670;134,670;133,670;131,670;130,670;129,670;128,669;128,667;128,666;128,665;128,664;128,663;128,662;128,661;128,660;129,659;130,659;130,658;130,657;131,657;131,656;131,655;131,654;131,653;131,652;132,652;132,650;132,649;133,647;134,646;135,645;135,644;135,643;136,643;137,643;139,642;140,642;141,642;142,642;143,642;143,643;144,643;145,643;146,644;146,645;146,646;146,648;146,649;146,650;146,651;146,652;146,653;146,654;147,654;148,654;
Specular reflection; POLYGON; 191, 91, 22; 337,794;337,795;337,796;336,797;336,798;336,799;336,801;336,802;335,803;335,804;335,805;336,805;337,807;338,807;340,807;341,807;342,807;343,807;344,807;346,808;347,808;348,808;349,808;350,808;351,808;352,808;353,808;354,808;355,808;356,808;358,808;359,808;360,808;362,807;362,806;363,806;364,806;366,805;367,805;369,805;370,804;371,803;371,802;372,802;373,802;374,802;375,802;375,801;376,801;378,801;380,801;381,800;381,799;382,799;382,798;384,796;385,795;385,794;385,793;385,792;384,790;384,789;383,789;382,788;381,787;380,787;380,786;379,786;378,786;377,786;376,786;375,784;
Stroma; POLYGON; 128, 128, 128; 718,328;718,329;718,330;718,331;718,332;718,333;718,334;718,335;718,336;718,337;718,338;718,340;718,341;718,342;718,343;718,344;718,345;718,347;718,348;718,349;718,351;718,352;718,353;718,354;718,355;718,357;718,358;718,359;718,360;719,361;720,361;721,361;722,361;723,361;724,361;725,361;726,361;727,361;728,361;728,363;729,363;730,364;731,364;732,364;734,366;735,366;735,367;736,367;736,369;737,370;738,371;738,372;738,373;738,375;738,376;739,376;739,377;739,378;739,379;740,380;740,382;740,383;740,384;740,385;740,386;741,387;742,388;742,389;743,389;745,390;746,390;747,390;748,391;749,391;750,391;751,391;751,392;752,392;753,393;754,394;754,395;755,395;757,395;758,395;759,396;760,396;761,396;762,397;763,397;764,397;764,396;765,396;765,395;766,395;768,394;770,393;770,392;771,392;771,391;772,390;772,389;773,389;773,388;774,387;775,386;776,386;776,385;777,385;778,385;781,384;782,384;784,384;785,384;786,384;787,383;788,383;789,383;791,383;792,383;793,383;794,383;795,383;796,383;797,383;798,383;799,383;800,383;801,383;802,383;803,383;804,383;805,383;806,383;807,383;808,383;809,383;810,383;811,383;812,383;813,383;814,384;815,384;815,386;816,387;817,388;818,388;818,389;818,390;818,391;819,393;819,394;819,395;819,397;819,398;819,399;819,401;819,402;819,403;819,404;819,405;819,406;818,408;818,409;817,410;816,411;816,412;815,413;814,414;813,415;812,416;811,417;810,418;810,419;810,420;810,421;810,422;810,423;810,424;810,425;810,426;810,427;810,428;812,429;813,429;813,430;814,430;814,431;815,432;816,433;817,434;818,434;818,435;819,436;820,436;820,437;820,438;820,439;821,439;821,440;821,441;821,442;821,443;821,444;821,445;821,446;821,447;821,448;821,449;821,450;822,452;822,455;822,456;822,457;822,458;823,461;823,462;823,463;823,464;824,465;824,466;824,467;824,468;824,469;824,470;824,471;825,473;825,474;825,476;825,477;825,478;825,479;826,480;826,481;826,482;827,483;827,484;827,485;827,486;827,487;828,487;828,488;828,489;828,490;829,491;830,492;830,493;830,494;830,496;831,498;831,499;831,500;831,501;831,504;832,505;832,506;832,507;832,508;833,509;833,511;833,513;833,514;833,515;832,516;832,517;831,517;831,518;831,519;830,520;830,521;829,522;829,523;828,523;828,524;827,524;827,525;827,526;826,527;826,528;826,529;826,530;826,531;826,532;824,532;823,533;823,534;823,535;822,536;822,537;822,538;821,539;820,541;819,541;818,542;817,543;817,544;817,545;816,545;816,547;815,547;813,549;812,549;812,550;811,550;811,551;810,551;810,553;809,554;808,554;808,555;807,556;805,556;804,557;803,557;802,557;802,559;801,560;800,560;799,560;799,561;798,561;797,561;796,561;795,561;794,561;793,561;792,561;791,561;789,561;788,561;787,561;786,561;785,561;784,560;783,559;781,559;780,558;780,557;780,556;780,555;780,553;781,552;782,552;783,551;784,551;784,550;784,548;784,547;784,546;784,545;783,544;782,544;782,543;781,543;780,543;778,543;776,542;774,541;773,541;772,541;771,541;770,541;769,541;767,541;766,541;765,541;764,541;763,541;763,542;761,543;760,543;759,543;758,543;757,543;754,543;753,544;752,544;751,544;750,544;749,544;748,544;747,544;746,544;745,544;743,544;742,544;741,544;740,544;739,544;738,544;737,544;736,544;735,544;734,544;730,544;728,544;725,544;723,544;720,544;719,544;718,544;717,544;717,543;716,543;716,541;716,540;715,539;713,536;712,536;710,534;709,533;708,532;707,532;706,531;706,530;704,529;703,528;702,526;701,526;701,524;700,523;699,522;698,522;698,521;697,521;696,520;695,519;695,518;694,518;692,518;691,517;690,516;688,516;688,515;687,515;686,514;686,513;685,512;684,511;683,510;683,509;683,508;683,507;682,506;681,505;681,504;681,502;681,501;681,500;681,499;681,498;681,497;681,496;681,495;681,494;681,493;681,492;681,491;681,490;681,489;681,488;681,487;681,486;681,485;681,484;681,483;681,482;681,481;681,480;681,479;681,478;681,476;681,475;681,474;681,472;681,470;681,469;681,468;681,467;681,466;681,465;681,464;681,463;681,462;681,461;681,459;681,458;681,457;681,456;681,455;681,453;681,452;681,451;681,449;681,448;681,446;681,444;681,443;681,442;681,439;682,437;682,435;682,434;682,432;682,431;682,428;682,427;682,425;683,424;683,423;683,422;683,421;683,420;683,419;684,417;684,416;684,415;684,413;684,411;684,410;684,409;684,408;684,407;685,406;686,403;686,402;687,402;688,401;689,400;689,399;689,398;690,397;690,396;691,395;692,394;692,393;692,391;693,390;693,389;694,389;694,387;694,386;695,385;695,384;695,383;697,381;697,380;697,379;697,378;697,376;699,375;700,374;700,373;700,372;700,371;700,370;701,368;701,367;701,366;701,365;701,364;701,363;701,362;702,362;702,361;702,360;702,359;703,358;703,357;703,356;703,355;703,354;703,353;703,352;703,351;703,350;703,349;703,348;704,348;704,347;705,346;705,345;705,344;706,343;707,343;707,342;708,341;708,340;708,339;708,338;708,337;710,337;711,336;711,335;712,335;712,333;713,332;714,332;714,331;715,330;715,329;715,328;
Stroma; POLYGON; 128, 128, 128; 803,432;803,431;803,430;803,429;803,428;804,428;804,427;805,426;807,426;808,426;808,424;809,424;810,423;811,421;812,420;815,419;816,419;817,419;818,419;819,419;820,419;821,419;822,419;823,419;825,419;826,419;827,419;828,419;829,419;830,419;831,419;832,419;833,419;834,419;835,419;836,419;836,420;837,420;838,420;838,421;838,423;838,424;838,425;838,426;838,427;838,428;838,430;839,430;839,431;839,432;840,433;840,434;841,436;842,437;843,438;844,439;844,440;846,441;847,442;849,443;850,443;851,444;852,445;853,445;854,444;855,443;855,441;856,440;857,440;858,440;860,439;861,439;861,438;862,438;862,437;862,436;863,435;864,435;864,434;865,433;866,432;867,430;867,429;868,428;869,427;870,426;871,425;872,425;873,423;874,423;874,422;875,422;875,421;875,420;875,419;875,418;876,416;876,415;876,414;876,413;877,412;877,411;878,411;878,410;879,410;879,409;880,409;881,409;881,408;882,408;883,408;884,407;885,406;885,405;886,405;887,405;888,405;890,404;892,404;893,404;893,403;894,403;895,403;896,403;897,403;898,403;899,403;900,403;901,403;902,403;902,402;903,402;904,402;905,402;906,402;907,402;908,402;909,401;910,400;910,399;911,399;911,398;912,398;913,397;913,396;913,394;913,393;913,392;914,391;914,390;914,389;914,388;914,387;914,386;914,385;914,384;915,384;915,381;915,380;915,379;915,378;915,377;912,374;910,373;909,373;908,373;907,372;905,372;903,370;902,370;901,370;900,368;898,368;896,367;894,367;893,367;892,367;891,367;890,367;889,367;888,367;887,367;886,367;884,367;883,367;882,367;881,367;880,367;879,367;878,367;877,367;875,367;874,367;873,367;872,367;871,367;870,367;869,367;868,367;867,367;866,367;865,367;864,367;863,367;862,367;861,367;860,367;858,367;857,367;856,367;854,367;853,367;852,367;850,367;848,366;846,366;845,366;844,366;844,367;844,368;844,369;844,370;844,371;846,372;847,373;849,374;850,375;851,375;851,376;851,377;851,379;851,380;851,381;851,382;851,383;851,385;851,386;851,387;851,388;851,389;852,390;852,391;852,392;852,393;852,394;852,396;852,397;851,397;850,397;849,397;848,397;847,397;846,397;845,397;844,397;843,397;842,397;841,397;840,397;839,397;838,397;837,396;836,396;835,396;834,396;833,396;832,396;832,395;830,395;829,395;829,394;828,394;827,394;826,394;824,394;823,394;822,394;821,394;820,394;818,397;816,397;815,397;814,398;812,399;811,400;810,401;809,404;808,404;807,406;806,406;806,407;805,409;805,410;805,411;805,412;803,413;803,414;803,416;803,417;803,418;803,419;802,420;802,421;802,422;802,423;802,424;802,425;802,426;802,427;802,429;802,430;
Specular reflection; POLYGON; 191, 91, 22; 859,468;859,469;859,470;858,470;857,471;856,471;855,472;853,472;852,472;851,472;850,473;850,474;849,475;848,475;848,476;847,476;846,477;845,477;844,478;843,478;841,480;840,480;839,481;838,481;837,481;836,481;834,481;833,481;832,482;831,482;830,482;829,482;828,482;827,482;826,483;825,483;825,484;825,485;825,486;825,487;825,488;826,488;828,489;829,489;830,489;831,489;832,490;834,490;835,490;835,491;835,492;836,492;837,492;839,492;840,492;840,491;841,491;842,490;843,490;844,490;845,489;845,488;846,487;846,486;848,485;849,485;850,484;851,484;853,484;854,483;854,482;855,481;856,481;857,481;857,480;859,479;860,479;861,479;862,478;864,477;865,477;866,476;867,475;869,474;870,474;870,473;870,472;871,471;871,470;871,469;871,468;
Specular reflection; POLYGON; 191, 91, 22; 874,469;875,467;876,467;877,467;878,466;879,464;880,464;881,463;881,462;882,461;882,460;883,460;883,459;883,458;883,457;884,456;885,455;885,454;886,453;886,452;886,451;886,450;887,449;887,448;887,447;887,446;888,445;888,444;888,443;888,442;889,442;889,441;889,440;890,439;891,439;891,438;891,437;891,436;891,435;892,433;892,432;892,431;892,430;892,429;892,428;893,427;894,427;894,426;895,426;896,425;897,425;898,425;899,425;900,425;901,423;902,423;902,422;903,422;904,421;904,420;905,420;905,419;905,418;905,417;906,417;906,416;907,416;908,415;908,413;
Specular reflection; POLYGON; 191, 91, 22; 909,412;909,413;909,414;909,415;909,417;909,419;909,420;909,421;908,421;908,423;907,424;905,424;904,424;903,424;902,425;902,426;901,427;900,428;900,429;899,430;898,431;897,432;897,433;896,433;896,434;896,435;894,437;893,437;893,438;892,439;892,440;891,440;890,441;890,442;889,443;889,444;889,445;889,446;889,447;889,448;889,449;888,449;888,450;887,451;887,452;887,453;887,454;887,455;887,456;886,456;886,457;885,457;885,458;883,459;882,460;882,461;881,462;881,463;880,464;880,465;879,465;878,466;877,467;876,467;875,467;875,465;873,464;873,463;873,461;873,460;873,459;873,458;873,457;873,456;873,455;873,454;873,453;873,452;873,451;873,449;873,448;873,447;873,446;873,445;873,444;873,443;873,442;873,441;873,440;874,438;874,437;875,436;875,435;876,435;876,434;876,433;877,432;878,431;879,429;880,428;882,427;883,427;884,427;885,425;886,425;887,425;887,424;888,424;889,424;890,423;891,422;892,422;894,421;896,421;898,421;901,421;904,420;906,420;907,420;907,419;908,419;908,418;909,417;909,416;910,415;910,414;910,413;910,412;
Specular reflection; POLYGON; 191, 91, 22; 904,412;903,412;902,412;901,412;901,413;900,414;899,415;899,416;898,417;897,418;897,419;897,421;897,422;897,423;897,424;898,424;899,424;901,424;902,424;903,424;904,423;904,422;905,421;906,421;906,420;906,419;906,418;906,417;906,416;906,415;906,413;906,412;906,411;906,410;905,410;
Stroma; POLYGON; 128, 128, 128; 338,478;340,478;342,478;343,478;344,478;344,477;346,477;348,476;349,476;349,475;351,475;352,475;352,474;353,474;354,473;354,471;354,469;354,468;354,467;354,466;354,465;354,464;354,463;354,462;354,461;354,459;354,458;354,457;354,456;354,455;354,454;354,452;354,451;354,450;354,449;354,448;354,447;354,446;354,445;354,444;354,443;354,442;354,440;355,439;355,438;355,437;355,436;355,435;355,433;355,432;355,431;355,429;355,428;355,427;355,426;356,426;357,425;358,425;359,425;359,424;360,424;361,424;362,424;363,424;364,423;366,423;366,422;367,422;368,421;369,421;370,421;371,421;372,421;373,421;375,421;375,420;376,420;377,420;378,420;379,420;380,420;381,420;383,420;384,420;386,420;387,420;388,420;389,420;390,420;392,421;392,422;393,423;394,424;394,425;396,427;397,428;397,429;397,430;397,431;397,432;397,434;397,435;397,436;397,437;397,438;398,440;398,441;399,441;400,441;400,440;402,439;403,439;403,438;405,437;406,437;406,436;406,435;408,434;409,434;411,434;412,434;413,434;414,434;415,434;417,434;418,434;419,434;421,434;422,434;423,434;424,434;425,434;426,434;426,435;427,435;428,436;429,437;430,437;432,438;432,440;432,441;432,442;432,443;432,444;432,445;432,446;432,447;432,448;432,449;432,450;432,452;432,453;432,454;432,455;433,456;433,457;433,458;434,459;434,460;434,461;434,462;434,463;434,464;434,465;435,466;435,467;436,468;436,470;437,471;437,472;438,473;438,474;439,475;439,476;440,477;441,478;442,478;443,478;444,479;445,479;445,480;446,481;447,482;448,483;448,484;448,485;448,487;448,488;448,489;449,490;449,491;449,492;449,493;449,495;449,496;449,497;449,498;449,499;449,500;450,500;450,501;450,502;450,503;450,504;450,505;451,506;451,507;451,508;452,508;452,509;452,510;454,511;454,513;454,514;454,516;455,517;455,518;455,519;456,520;456,521;457,521;458,522;458,523;458,525;458,526;459,528;459,529;460,530;460,531;461,531;461,532;461,533;462,533;462,535;462,536;464,537;464,538;464,539;464,540;465,541;466,542;466,544;466,545;467,546;467,547;468,547;468,548;469,549;470,549;471,550;473,551;475,551;476,551;476,552;477,552;478,552;479,552;480,554;480,555;481,555;482,555;482,556;483,556;484,557;486,558;487,559;488,559;488,560;488,561;489,562;489,563;489,565;489,568;490,568;491,569;491,570;492,571;492,572;493,574;494,576;494,577;494,578;495,579;495,580;495,581;495,582;497,583;497,584;498,585;498,586;499,586;500,587;501,588;501,589;502,589;503,591;504,592;505,592;506,593;507,594;507,595;509,596;510,597;511,599;512,599;512,600;512,601;512,602;513,603;513,606;514,607;514,608;514,609;514,611;514,612;514,614;514,615;514,616;514,617;514,618;514,619;514,621;515,623;515,624;516,624;516,625;516,626;516,627;516,628;517,630;517,631;517,632;517,634;518,635;519,635;519,636;519,637;519,638;519,640;521,641;521,642;521,643;521,644;522,645;522,646;522,647;522,648;524,649;524,650;524,652;526,653;526,654;526,655;527,656;527,657;527,658;528,659;528,660;529,660;529,662;529,663;529,665;530,665;530,666;530,668;530,670;530,671;530,673;530,674;530,675;530,676;530,677;530,678;530,679;530,681;530,683;530,685;530,686;530,687;530,688;530,689;530,691;530,692;530,693;530,694;530,695;530,694;530,693;530,691;529,690;528,690;528,689;527,689;526,688;524,687;523,687;522,686;521,685;520,685;520,684;519,684;518,684;518,683;517,683;516,683;514,682;512,681;511,680;510,679;509,679;508,678;506,677;506,676;505,676;505,675;504,674;504,673;503,673;503,672;503,671;502,670;502,669;502,668;502,667;502,666;501,665;501,664;500,664;499,664;499,662;499,661;498,660;497,660;497,659;496,658;495,658;494,657;493,656;492,655;492,654;491,654;490,653;488,652;487,652;487,650;486,650;485,649;484,649;484,648;483,648;483,647;482,646;481,645;480,644;480,643;479,643;478,642;477,642;477,641;475,640;475,639;474,639;474,638;473,638;472,637;471,636;470,636;470,635;469,635;469,634;469,633;467,633;465,633;465,632;464,632;464,631;463,631;462,630;461,630;460,629;460,628;459,627;458,627;458,626;457,625;456,624;455,624;454,623;454,622;452,621;451,620;450,620;449,620;449,619;448,619;447,619;445,618;444,618;443,618;442,617;441,617;440,616;440,615;439,615;438,615;438,614;437,614;436,613;435,613;434,613;432,612;430,611;429,610;427,609;426,608;425,608;424,608;423,607;422,606;421,606;420,605;419,604;418,604;417,604;416,603;415,602;414,601;413,601;412,600;411,600;411,599;411,598;410,598;408,597;407,597;406,597;405,597;403,596;402,596;401,596;400,596;399,595;398,595;397,595;396,594;395,594;394,594;393,594;392,594;391,594;390,594;390,592;389,592;388,592;387,591;385,590;385,589;384,589;383,588;382,588;381,587;381,586;381,585;381,584;380,584;379,584;378,584;377,584;376,582;375,582;374,582;374,581;372,579;370,578;369,578;369,577;368,577;367,576;366,576;365,575;364,574;364,573;363,572;362,570;361,569;361,568;360,566;360,565;360,564;358,563;358,561;358,560;357,559;356,558;355,558;355,557;354,557;353,556;352,556;351,555;351,554;351,553;351,552;350,552;349,550;349,549;348,548;347,547;346,547;345,547;344,547;343,547;342,547;341,547;340,546;339,546;338,546;337,546;336,546;334,546;333,545;332,545;330,544;329,544;328,544;327,544;326,544;326,543;325,543;323,543;322,543;321,542;321,541;320,541;319,540;318,540;317,540;316,539;316,538;315,538;314,538;314,537;312,537;311,536;309,535;308,535;306,535;306,534;305,534;304,534;303,534;302,534;301,533;301,532;300,532;299,532;298,532;296,531;296,530;295,530;294,529;292,529;292,528;290,528;289,528;288,527;287,527;286,526;286,525;284,524;283,524;281,523;280,522;279,521;278,521;277,520;276,519;276,518;276,517;275,517;275,516;274,516;273,515;272,514;271,512;270,511;269,510;268,510;267,509;266,508;266,507;265,506;264,505;263,504;262,503;261,502;260,501;260,499;259,498;258,497;257,496;256,496;255,496;253,495;252,495;251,494;251,493;249,493;248,493;247,493;247,492;246,492;245,491;244,491;243,490;242,490;241,490;241,489;240,488;239,487;238,486;237,485;236,483;236,481;233,479;232,478;231,478;230,478;230,477;229,476;229,475;228,475;228,474;227,473;225,472;225,471;224,471;223,469;222,468;221,468;220,467;219,466;218,465;217,464;216,463;216,462;215,462;215,461;214,460;213,459;213,458;213,457;212,456;211,455;211,454;210,452;209,450;208,449;207,449;206,449;206,448;205,448;204,448;202,447;202,446;200,445;199,445;197,444;197,443;196,443;196,442;195,442;194,441;194,440;193,440;193,439;192,438;192,437;191,437;190,437;188,436;187,434;186,434;185,433;185,432;184,432;183,431;182,430;182,429;181,429;180,429;179,428;179,427;178,426;177,426;176,426;176,425;175,425;175,424;174,423;173,421;173,420;173,419;172,418;172,417;172,416;171,415;171,414;170,413;170,411;170,410;169,410;169,409;167,406;166,405;165,404;164,403;163,402;163,400;162,399;161,399;161,398;160,397;159,395;159,394;159,393;158,393;158,392;156,390;155,390;155,388;155,387;154,386;154,385;153,384;152,383;151,382;151,381;150,380;150,379;149,377;148,376;147,375;147,374;145,374;144,373;143,371;142,371;141,370;140,370;140,369;139,369;138,368;138,367;137,367;137,366;135,364;134,363;133,362;132,361;131,359;131,358;130,357;129,356;129,355;128,354;128,352;127,351;127,350;126,349;126,348;125,348;125,347;124,345;124,344;124,343;123,343;123,342;124,342;125,342;126,342;127,342;128,342;129,342;130,342;131,342;132,342;133,342;135,342;136,342;137,342;138,342;141,342;142,342;143,342;144,343;145,343;146,343;148,346;149,347;150,347;152,350;154,354;155,354;156,356;157,357;159,360;163,363;165,365;166,368;168,370;168,371;170,374;171,376;174,378;176,381;177,385;180,389;182,391;185,395;187,400;189,401;191,402;193,403;194,405;195,405;196,407;197,407;199,408;201,409;202,411;206,413;209,414;210,415;212,416;214,416;215,416;217,419;218,419;220,421;222,422;224,422;225,424;227,425;228,425;229,425;231,426;232,427;233,427;234,427;235,427;237,427;240,427;244,427;246,428;248,428;251,429;255,429;259,429;262,429;264,429;265,429;266,429;267,429;268,429;269,429;270,429;271,429;272,429;273,429;275,427;277,425;278,425;278,424;279,423;280,422;281,422;282,421;284,419;284,418;285,417;285,416;286,415;286,414;287,413;287,412;287,411;288,410;289,409;290,408;292,408;293,408;294,408;295,408;296,408;297,408;299,408;300,408;301,408;302,408;303,408;305,408;306,408;307,408;308,408;310,407;312,407;313,407;314,407;316,407;318,407;320,407;321,407;322,407;324,407;325,407;327,409;328,410;328,412;328,413;330,414;330,415;330,416;331,416;331,417;331,418;331,419;331,420;331,421;331,422;331,423;331,424;331,425;331,426;331,427;331,428;331,430;331,431;331,432;331,433;331,434;331,436;331,437;331,438;330,439;330,440;330,441;330,442;330,443;330,444;330,445;329,445;329,447;329,448;329,449;329,450;329,451;329,452;329,453;329,454;329,455;330,455;331,455;332,456;333,458;333,459;334,460;334,461;335,461;336,461;337,461;338,461;339,461;340,461;342,461;343,461;344,461;345,461;346,461;347,461;348,461;350,461;353,461;354,461;355,461;356,461;357,461;358,461;359,461;
Stroma; POLYGON; 128, 128, 128; 341,463;340,463;338,463;336,465;336,466;336,467;336,468;336,469;336,470;336,472;336,473;336,474;337,475;338,476;338,477;339,479;340,480;341,482;342,482;344,482;346,482;347,483;349,483;350,483;351,483;352,483;354,483;355,483;357,483;361,483;363,483;364,483;365,483;367,483;369,483;371,483;372,483;373,483;374,483;374,482;374,481;374,479;374,478;374,477;374,476;374,475;374,474;374,472;374,471;374,470;374,469;374,468;373,467;373,466;372,466;369,464;368,464;368,463;367,463;367,462;365,462;362,462;360,462;359,462;358,462;357,462;356,462;355,462;354,462;353,462;352,462;351,462;350,462;349,462;348,462;346,462;343,462;342,462;341,462;338,462;337,462;336,462;335,462;334,462;
Stroma; POLYGON; 128, 128, 128; 144,668;146,667;146,666;147,666;148,666;149,666;150,666;151,664;152,664;153,662;153,661;153,660;153,659;153,658;154,657;154,656;154,655;154,654;155,652;156,652;156,651;156,650;156,648;156,647;156,646;156,645;155,645;154,645;153,645;152,645;151,644;150,644;149,643;148,643;147,643;146,642;145,642;144,642;144,641;143,641;142,641;141,641;140,641;139,641;138,641;137,641;136,641;135,641;133,641;132,641;131,641;130,641;129,641;128,641;126,640;125,640;124,640;123,640;123,639;122,637;122,636;122,635;120,633;119,632;117,628;115,625;114,625;113,622;113,621;113,620;112,618;112,617;111,615;111,612;110,609;110,607;109,604;108,602;107,600;107,598;107,597;107,596;106,595;106,594;106,592;105,591;105,590;105,589;105,588;105,587;105,586;105,585;105,584;105,583;106,583;107,583;108,583;109,582;110,581;110,580;110,579;111,578;111,577;111,576;112,574;112,573;113,573;113,572;114,572;115,572;117,572;118,572;119,572;120,572;121,572;122,572;123,572;124,572;125,572;126,573;127,574;127,575;128,575;128,577;128,578;130,578;131,580;132,581;132,582;132,583;133,584;133,585;133,586;134,587;135,588;136,589;137,591;138,592;139,593;140,594;141,594;142,594;143,594;143,595;144,595;145,595;146,595;148,595;150,595;151,595;153,596;153,597;155,597;156,597;157,597;158,597;159,597;160,597;161,597;162,597;163,597;165,597;166,598;167,599;167,600;168,600;169,601;169,602;170,604;171,605;172,605;173,606;173,607;174,607;175,608;176,609;176,610;178,611;178,612;179,613;180,615;180,616;181,616;181,618;182,619;183,620;183,621;183,622;184,622;184,623;184,624;185,624;185,625;187,626;188,627;188,628;189,628;190,628;191,628;192,628;193,628;194,629;195,629;196,629;197,629;198,629;200,629;201,630;202,630;202,631;202,632;203,632;203,634;203,635;204,636;204,638;204,640;204,641;205,641;205,642;205,643;205,644;205,645;205,646;205,647;205,648;205,649;205,650;205,651;205,652;205,654;205,655;205,657;206,658;207,658;207,660;207,661;207,662;207,663;208,663;208,664;208,665;209,665;209,667;210,667;210,668;211,670;212,672;212,673;213,674;214,675;216,678;216,679;217,682;218,683;220,686;220,687;223,689;224,689;224,691;225,692;226,693;226,695;228,698;229,701;229,702;230,706;232,709;232,711;233,713;235,715;235,718;235,719;235,722;236,724;236,727;236,728;237,730;237,732;237,733;237,734;237,735;237,737;237,738;237,739;237,741;237,743;237,744;237,745;237,746;237,748;235,749;235,750;235,751;233,752;232,753;231,753;230,754;230,755;229,756;227,756;223,756;219,756;215,756;213,756;210,755;207,754;204,754;203,753;200,752;198,750;196,749;194,748;193,746;191,746;188,742;187,742;184,740;182,736;180,735;180,734;178,733;178,732;177,732;174,729;173,729;171,727;169,726;167,725;165,723;164,722;163,721;162,721;161,720;161,716;159,715;159,713;157,711;156,710;155,709;155,708;154,708;154,706;154,705;153,703;153,700;151,697;150,694;150,693;150,692;148,690;148,689;148,688;148,687;147,684;146,683;146,682;146,681;146,680;145,678;145,677;144,677;144,676;144,675;144,672;144,671;144,670;144,669;144,668;144,667;144,666;
Stroma; POLYGON; 128, 128, 128; 90,590;88,587;86,585;85,584;84,583;83,581;82,579;81,579;81,578;81,577;80,576;79,575;79,574;77,573;76,572;75,571;75,569;75,568;74,568;73,567;72,566;72,565;72,564;71,564;69,564;68,564;67,564;65,562;64,562;63,562;62,562;61,562;60,562;59,561;58,561;57,560;56,560;55,559;54,559;54,558;53,556;52,556;52,555;51,555;51,553;50,552;49,552;49,551;49,550;48,549;47,549;47,548;46,548;45,547;44,547;43,546;41,544;40,543;39,542;38,542;36,541;35,541;34,540;34,538;31,537;31,536;30,536;30,535;29,534;28,533;28,532;28,531;27,530;27,529;27,528;27,527;27,526;26,525;26,524;26,523;26,522;26,520;26,519;25,517;24,517;24,516;21,516;20,516;19,514;18,513;17,512;16,511;15,510;15,509;14,509;14,508;14,507;14,506;14,505;14,503;14,501;14,500;14,499;14,498;14,497;14,496;14,495;14,494;14,493;15,493;15,492;15,491;16,490;17,489;17,487;17,486;17,485;18,484;19,484;19,483;20,481;20,480;20,479;20,478;21,475;21,473;21,472;21,471;21,470;21,469;22,468;22,467;23,466;23,464;23,463;23,462;23,461;23,460;24,459;24,457;24,456;25,454;26,453;26,452;26,451;26,450;26,449;26,448;26,447;26,446;26,445;26,444;26,443;26,442;26,441;26,440;26,439;26,438;26,437;26,436;26,435;26,433;26,432;26,431;25,430;25,429;25,428;25,427;24,426;24,425;24,423;23,422;22,421;22,420;21,420;20,419;19,419;18,418;17,417;16,417;15,416;15,415;15,414;14,414;14,413;13,413;12,412;11,412;10,411;9,410;8,409;8,408;7,408;7,407;6,407;5,407;4,407;3,407;3,409;2,410;2,411;2,412;2,414;2,416;2,417;2,418;2,419;2,420;2,421;2,422;1,424;1,425;1,427;1,429;1,430;1,431;1,432;1,434;1,435;1,436;1,437;0,438;0,439;0,440;0,441;0,442;0,444;0,445;0,446;0,447;0,448;0,449;0,450;0,452;0,454;0,455;0,456;0,457;0,458;0,459;0,460;0,461;0,462;0,463;0,464;0,465;0,466;0,467;0,468;0,469;0,471;0,472;0,473;0,474;0,475;0,477;0,478;0,479;0,480;0,481;0,482;0,484;0,485;0,486;0,487;0,488;0,489;0,490;0,491;0,492;0,493;0,496;1,497;1,499;1,501;1,502;1,503;2,503;2,504;2,505;3,506;3,507;3,508;3,509;3,510;3,511;4,513;4,514;4,515;4,516;4,517;4,518;4,519;4,520;4,521;4,522;4,523;4,524;4,525;4,527;4,528;4,529;4,531;4,532;4,534;4,535;4,536;4,537;4,538;4,540;4,542;4,544;4,545;4,546;4,549;4,550;4,551;4,552;4,553;4,554;4,556;4,558;5,559;5,560;6,561;6,562;9,562;13,563;14,564;16,564;17,565;18,565;20,565;22,566;24,566;25,568;27,569;29,569;31,570;32,570;34,571;36,571;38,571;40,572;41,572;43,573;44,573;47,574;50,574;53,576;56,577;57,577;58,577;60,577;60,578;61,578;62,579;63,579;64,579;67,581;68,581;70,582;72,583;74,584;76,585;78,585;79,585;80,585;82,585;83,585;84,585;85,585;87,585;89,585;90,585;91,585;92,587;93,587;93,588;
Stroma; POLYGON; 128, 128, 128; 117,581;117,580;115,579;114,579;112,577;111,576;110,575;109,575;108,575;107,574;106,573;105,572;104,572;102,570;102,569;101,568;101,567;100,567;99,566;98,566;97,564;96,563;95,562;94,562;93,562;92,562;91,562;90,561;88,560;87,560;86,559;86,558;86,557;85,557;84,556;83,556;81,555;80,555;80,554;79,554;79,553;78,553;77,552;76,551;75,550;74,548;73,548;73,547;72,545;71,544;70,543;70,542;69,542;68,542;68,541;68,539;67,539;67,538;67,537;66,536;65,536;65,534;65,533;64,533;64,532;64,531;64,530;63,528;63,527;62,527;62,526;61,526;61,524;60,523;60,522;60,521;59,521;58,520;58,519;57,518;56,516;56,515;55,514;54,513;53,512;52,511;51,511;51,510;50,509;48,509;48,508;47,508;46,506;43,505;42,504;41,504;40,504;39,503;38,501;37,499;37,498;36,498;35,498;35,497;35,496;35,495;34,495;33,494;33,492;33,491;32,491;32,490;31,489;30,488;29,488;29,486;29,485;28,484;27,483;26,482;26,480;24,479;23,478;23,477;22,477;21,476;20,474;20,473;19,472;18,472;18,471;18,469;18,468;17,468;17,467;17,466;17,465;17,464;17,463;17,461;17,460;17,459;17,458;17,457;17,456;17,455;17,454;17,453;17,452;17,451;17,450;17,449;17,448;17,446;17,445;17,444;17,443;17,442;17,441;17,440;17,439;17,438;18,438;18,437;19,436;20,436;21,436;22,436;23,436;24,436;25,437;25,438;26,439;26,440;27,441;27,442;27,443;27,444;27,445;27,446;27,447;27,448;28,449;29,450;29,451;29,452;30,453;30,454;31,454;32,455;32,456;32,457;33,457;34,458;35,459;36,459;37,459;38,459;39,459;40,459;41,459;41,460;42,460;42,461;43,462;43,463;44,464;45,465;45,466;46,467;46,469;46,470;46,471;46,472;47,473;48,475;48,476;48,477;48,478;48,479;48,480;49,480;49,481;49,482;49,483;50,483;50,484;50,485;50,486;51,487;52,488;52,489;52,490;53,490;53,491;55,491;56,492;57,493;58,493;59,493;61,494;63,495;64,495;64,496;65,496;67,497;67,498;69,500;69,501;70,501;70,502;71,504;71,505;71,507;72,509;72,510;73,511;73,512;73,513;73,514;74,515;74,516;75,517;76,519;76,520;78,521;78,522;78,523;79,524;79,525;79,526;80,528;80,529;81,529;81,530;82,532;82,534;83,535;84,536;85,537;85,538;85,539;86,539;86,540;88,540;89,541;90,542;91,543;92,544;94,544;94,545;95,545;98,546;99,546;100,547;101,547;101,548;103,548;104,548;105,548;105,549;105,550;106,551;107,551;107,552;108,552;109,552;110,553;111,554;111,555;111,556;112,557;112,558;112,559;112,561;113,562;113,563;114,564;114,565;115,565;115,566;116,566;116,567;117,568;117,569;118,569;119,570;120,571;121,572;121,574;122,575;122,576;122,577;122,578;123,580;124,581;124,582;123,582;122,582;121,581;120,580;119,580;118,579;117,578;
Stroma; POLYGON; 128, 128, 128; 309,407;311,407;313,407;314,407;315,407;315,406;316,406;317,406;318,405;318,404;318,403;318,402;318,400;318,399;318,398;318,397;318,396;319,396;319,395;319,394;319,392;319,391;320,390;320,389;320,388;320,387;320,385;320,384;320,383;320,382;320,381;320,379;320,378;320,377;320,376;322,376;323,376;325,376;326,376;326,375;327,374;327,373;328,371;328,370;329,369;329,368;329,367;329,366;330,365;330,364;331,364;332,364;333,363;334,363;335,363;335,362;336,361;336,360;337,358;338,357;338,356;339,354;340,354;340,353;341,353;342,353;343,352;344,351;345,351;346,351;347,351;348,351;350,351;351,351;351,350;352,350;353,348;353,347;353,345;353,344;354,344;354,343;354,342;354,341;355,340;356,339;357,338;358,338;358,337;359,335;360,335;360,333;361,332;361,330;362,330;362,329;362,328;362,327;363,326;364,326;364,324;364,323;364,322;364,321;364,320;364,319;364,317;364,316;364,315;364,314;364,312;364,311;364,310;364,309;364,308;364,306;363,306;362,306;361,305;360,305;358,304;357,304;356,303;355,303;354,303;353,303;352,302;351,302;351,301;351,300;351,299;351,298;351,297;351,296;351,295;351,294;352,293;353,293;354,293;355,292;356,292;357,292;358,292;359,292;360,291;360,290;360,289;360,288;361,288;361,287;362,286;362,284;363,283;364,282;365,281;365,280;366,278;367,277;367,276;368,275;369,273;369,271;369,270;370,270;370,269;370,268;370,267;371,267;371,265;371,264;372,263;372,261;373,257;373,256;374,254;375,252;375,251;375,249;376,245;376,244;377,242;377,239;377,238;378,237;378,236;378,235;379,232;379,231;379,230;380,227;380,225;380,224;380,223;381,220;381,219;381,218;381,217;381,216;381,214;381,213;381,212;381,211;381,209;382,207;382,206;382,205;382,203;382,201;382,200;382,198;382,195;382,194;382,192;382,190;382,188;382,187;382,185;382,183;382,181;382,180;382,178;382,175;382,173;382,171;382,170;381,168;381,166;380,164;379,163;378,162;378,161;376,159;376,157;375,157;374,156;373,154;370,151;369,149;366,149;365,148;364,147;363,146;362,146;361,145;359,144;358,144;356,144;355,144;355,145;353,148;353,150;352,152;351,156;350,163;348,173;346,184;343,196;339,207;336,216;333,226;331,236;329,244;325,252;322,261;320,268;318,273;315,281;313,286;311,292;309,297;307,301;305,306;303,310;302,312;302,314;300,316;300,317;299,319;298,320;297,322;296,323;295,325;294,325;294,326;294,328;293,328;293,329;293,330;293,331;292,333;292,335;292,336;292,337;292,340;292,341;292,342;292,345;292,346;292,350;292,354;292,355;292,359;292,361;292,362;292,365;292,367;292,368;292,371;292,373;292,376;295,380;297,383;297,385;297,387;298,390;299,392;300,394;300,396;301,397;301,399;301,401;301,404;302,407;303,411;303,412;304,413;305,413;306,413;307,413;308,413;310,412;312,412;312,410;313,409;313,408;313,407;314,407;314,406;314,405;314,404;314,403;314,402;
Stroma; POLYGON; 128, 128, 128; 325,369;325,370;325,371;325,372;325,373;325,374;325,375;325,377;325,378;325,379;325,380;325,381;325,382;325,384;325,385;325,386;325,387;325,388;325,389;325,390;325,391;325,392;325,393;325,394;325,395;325,396;325,397;325,398;325,399;325,400;325,402;326,401;327,400;327,399;329,398;329,397;330,396;330,395;331,394;332,393;333,393;334,393;335,393;336,392;336,391;337,390;337,389;338,388;339,388;340,388;340,387;341,387;341,386;342,385;342,384;342,383;342,382;343,381;343,380;343,379;343,377;344,376;344,375;345,375;346,375;347,375;348,375;349,375;350,375;352,375;353,375;354,375;355,375;356,375;356,374;357,374;358,374;359,372;360,372;361,372;361,371;362,371;363,370;364,369;365,368;366,366;367,365;369,364;369,363;370,362;370,361;370,360;370,359;370,358;370,357;370,356;370,355;370,354;370,353;370,352;370,351;370,350;370,348;370,347;370,346;370,345;370,343;370,342;370,341;370,339;370,338;370,337;370,336;370,335;370,333;370,332;370,331;370,330;370,329;368,327;367,327;365,327;364,327;363,327;362,326;361,326;361,325;360,325;359,324;358,323;358,322;358,321;358,320;358,319;358,318;359,316;360,316;361,315;362,315;363,315;364,315;365,315;365,314;366,314;367,313;367,312;368,312;368,310;368,309;368,308;368,307;368,306;369,306;369,305;369,304;370,303;371,303;371,302;373,302;374,302;375,302;376,301;377,301;378,300;379,299;379,298;380,298;380,297;381,296;383,295;383,294;383,292;383,291;383,290;383,289;383,288;383,287;383,286;382,286;381,285;380,285;379,284;377,284;376,283;375,283;374,283;373,283;372,283;371,283;370,283;369,283;368,283;368,282;366,281;364,279;362,278;361,276;360,274;359,273;358,273;358,271;357,270;356,266;354,265;354,264;354,261;353,259;353,256;353,255;352,253;351,251;351,249;350,247;350,246;350,245;350,244;350,243;350,242;350,241;350,240;350,239;350,238;350,237;350,236;350,235;350,234;350,233;350,232;350,231;350,230;351,229;351,228;351,227;351,226;353,224;353,223;354,222;355,220;356,220;357,218;358,217;359,216;360,215;361,214;362,213;363,213;363,211;364,211;365,210;366,210;366,209;367,208;368,207;369,207;369,205;370,205;371,204;372,204;373,204;374,204;375,204;376,204;377,204;378,204;379,204;380,204;381,204;382,204;383,204;384,204;385,204;386,205;388,207;388,208;389,208;389,210;389,211;390,212;390,213;390,214;391,215;391,216;391,217;392,218;392,220;392,221;392,222;393,222;393,223;393,224;393,225;394,225;394,226;395,228;395,229;395,230;395,231;395,232;396,233;396,234;397,235;397,236;398,236;399,236;399,237;399,238;399,239;400,241;400,242;401,243;401,244;401,245;401,246;401,247;402,248;402,249;402,250;402,251;402,252;402,253;403,253;403,254;403,255;403,256;403,257;404,258;405,260;405,261;406,263;406,264;406,265;406,266;406,267;407,267;407,269;407,270;408,270;408,271;408,272;408,273;408,274;408,275;408,276;409,276;409,277;409,278;409,279;409,280;409,282;409,283;409,284;410,285;410,286;411,288;411,289;411,290;411,292;411,293;411,294;411,295;411,296;411,297;411,298;411,299;411,300;411,301;411,302;411,303;411,304;411,306;411,307;412,307;412,308;412,309;412,310;412,312;412,313;412,314;412,315;412,316;413,318;413,319;413,321;413,322;413,323;413,324;413,325;414,325;414,326;414,327;414,329;414,330;414,331;414,332;414,333;414,334;415,335;415,336;415,337;415,338;415,339;415,340;416,340;416,341;416,343;416,345;417,346;417,347;417,348;417,349;417,351;418,352;418,353;418,354;418,355;420,356;420,357;421,357;421,358;422,360;423,360;423,361;423,363;423,364;424,366;424,367;424,368;424,369;425,370;426,370;426,371;427,372;427,373;427,375;427,376;428,377;429,379;430,380;431,381;431,382;432,383;432,384;433,385;433,387;434,389;434,390;434,391;435,392;435,393;435,394;435,395;435,396;436,396;436,397;436,398;436,400;437,401;437,402;437,403;438,404;438,405;438,406;438,407;438,408;438,409;438,410;438,412;438,413;438,414;438,415;438,416;438,417;438,418;438,419;438,420;438,421;438,422;438,424;438,426;438,427;438,428;438,429;438,430;438,431;438,432;438,433;438,435;438,437;438,438;438,439;438,440;439,441;439,442;439,443;439,444;439,445;440,445;440,447;441,447;444,449;445,450;445,451;446,451;446,452;447,453;447,454;448,455;448,456;448,457;449,458;449,459;449,460;449,461;449,462;450,463;450,464;451,464;451,465;451,467;451,468;453,468;453,470;453,471;454,472;454,473;454,474;455,475;455,476;455,477;456,477;456,478;457,480;458,481;458,482;458,483;459,483;459,484;459,485;460,486;461,486;461,487;461,489;462,489;462,490;462,491;462,492;462,493;463,494;464,494;464,495;464,496;464,497;464,498;464,499;465,499;465,500;465,501;465,503;465,505;465,506;466,507;466,508;466,509;466,510;466,511;466,512;466,513;466,514;466,515;467,515;467,516;467,517;467,518;467,520;467,521;467,522;468,522;468,523;468,524;468,525;468,527;469,528;469,530;469,531;469,532;470,533;470,534;471,534;471,535;472,535;472,536;474,537;475,538;476,538;477,538;479,539;481,539;483,539;484,539;485,539;487,539;488,539;489,539;490,540;491,540;492,540;493,541;494,541;495,542;495,543;495,544;497,544;497,545;497,546;498,547;498,548;498,549;499,550;500,551;500,552;500,553;501,553;501,554;501,555;502,556;502,557;503,558;503,559;503,560;504,561;505,562;505,563;505,564;506,565;507,566;509,566;510,567;511,569;511,570;512,570;513,570;514,571;514,572;516,573;516,575;517,576;517,577;517,578;519,579;519,580;520,581;520,582;520,583;520,584;520,585;520,586;520,587;520,588;520,589;520,590;520,592;520,593;520,594;520,595;520,596;520,597;520,598;520,600;519,601;518,602;517,604;516,604;515,604;514,605;514,606;513,606;512,606;511,606;509,606;508,606;507,606;506,606;505,606;504,606;502,606;501,606;500,606;498,605;497,605;496,604;494,603;492,602;489,600;488,599;486,597;482,593;480,591;476,589;474,585;472,584;470,584;468,581;466,579;463,578;461,576;458,575;456,574;456,573;455,572;454,570;452,566;449,563;445,558;444,556;440,553;440,551;436,547;435,547;435,546;434,546;432,543;431,540;430,536;428,533;427,529;424,525;424,522;423,521;422,519;421,516;421,514;421,511;421,508;418,505;418,501;417,496;417,492;417,490;417,486;417,484;417,482;417,481;417,480;417,479;417,478;417,476;417,475;417,474;417,473;417,472;417,471;417,470;417,469;417,468;417,467;416,467;415,466;415,464;415,463;414,463;414,462;414,461;414,460;413,460;413,459;413,458;412,457;412,456;410,455;410,454;409,454;408,454;407,454;407,453;406,453;406,452;405,451;404,451;403,450;402,450;401,450;399,449;398,449;398,448;397,448;396,448;395,448;394,447;393,446;392,446;390,445;389,445;388,445;387,445;387,444;386,444;385,444;384,443;383,442;382,442;382,441;381,440;381,439;380,439;380,438;379,438;378,437;377,437;377,435;376,435;376,434;374,434;374,433;374,432;373,432;373,431;372,430;372,429;372,428;371,426;370,425;370,424;370,423;369,422;369,421;368,420;367,420;367,419;366,418;366,417;364,416;363,416;362,415;361,415;360,414;359,414;357,414;356,414;355,414;354,414;353,414;352,414;352,413;351,413;350,413;350,414;349,414;349,415;349,416;349,417;347,418;347,419;346,421;345,421;345,422;344,423;344,424;344,425;343,425;343,426;342,427;341,427;341,428;340,429;340,430;340,431;340,432;339,432;339,433;338,434;337,434;337,436;337,437;337,438;336,439;336,440;334,442;334,443;333,443;333,444;332,444;329,444;327,443;326,442;325,441;323,440;322,440;321,439;320,438;320,437;320,436;320,434;320,433;318,431;318,429;317,427;317,426;317,425;316,423;316,421;315,419;315,417;314,416;314,415;314,414;313,413;313,412;313,410;313,409;313,408;312,408;312,406;311,405;310,404;310,403;310,401;310,400;310,399;310,398;309,398;309,397;309,396;309,394;309,393;309,392;309,391;309,389;309,388;309,387;309,386;309,385;309,384;309,383;309,382;309,381;309,379;309,377;309,376;309,375;310,375;310,374;311,373;312,372;313,372;314,370;315,369;316,369;318,368;320,368;321,368;322,368;323,368;324,368;325,368;325,369;326,370;326,371;327,372;328,373;
Stroma; POLYGON; 128, 128, 128; 378,297;378,296;378,294;378,293;378,292;379,292;377,292;376,292;374,292;373,292;372,292;371,291;370,291;368,291;367,291;366,291;365,291;364,291;362,291;361,291;361,290;359,288;357,286;357,284;357,283;356,282;356,280;356,279;356,278;356,277;356,276;356,275;356,274;356,273;356,272;357,272;359,272;361,272;363,272;364,272;365,272;366,272;367,272;368,272;370,272;373,272;375,272;376,272;377,272;378,273;378,274;379,275;379,276;380,278;381,279;381,280;381,281;382,282;382,284;383,285;383,286;383,287;384,288;385,288;385,289;386,290;386,291;387,291;387,292;388,293;388,295;388,297;388,298;388,299;388,300;388,301;388,302;388,303;388,304;387,304;385,304;384,304;382,303;381,301;381,300;380,300;380,299;379,298;379,297;378,295;377,293;
Stroma; POLYGON; 128, 128, 128; 398,247;398,244;399,243;399,242;399,241;399,239;399,238;399,237;399,236;399,235;399,234;399,233;399,232;399,231;399,230;399,229;399,228;399,227;399,226;399,225;399,224;399,223;398,221;398,220;398,219;398,218;397,217;397,216;397,215;397,214;397,213;397,212;396,211;396,210;396,209;396,208;396,207;396,206;396,205;395,204;395,203;395,202;394,202;394,201;394,200;394,199;394,198;394,197;394,196;394,195;394,194;394,193;393,192;393,191;393,190;393,189;393,188;393,187;393,186;393,184;393,183;393,182;393,181;392,180;392,179;392,178;392,176;392,174;392,173;392,172;392,171;392,170;392,169;392,168;392,167;392,166;392,165;391,164;391,163;391,161;391,160;391,159;391,158;390,157;390,156;390,154;389,154;389,152;389,151;388,148;388,147;388,146;388,145;388,144;388,143;388,142;388,141;388,140;388,139;387,139;387,138;387,137;387,136;387,135;386,134;386,133;386,132;386,131;386,130;386,129;386,128;386,127;386,126;385,124;385,123;385,122;385,121;385,120;384,120;384,119;383,119;383,118;383,116;383,115;382,114;382,113;382,112;381,111;381,110;381,109;381,108;380,107;380,106;380,104;380,103;379,102;379,101;379,100;379,99;379,98;378,96;378,95;377,94;377,93;377,91;377,90;377,89;377,87;377,86;377,85;376,83;376,82;376,81;376,80;376,79;376,78;376,77;376,76;376,75;376,74;376,73;376,72;376,71;376,70;376,69;376,68;376,67;376,65;376,64;376,63;376,62;376,61;376,60;376,59;376,58;376,57;376,55;376,54;376,52;376,51;376,50;376,49;376,48;376,47;376,46;376,45;376,44;376,43;376,42;376,41;376,39;376,38;376,37;376,36;377,35;378,34;378,33;378,32;378,31;379,30;379,29;380,28;380,27;380,26;381,26;382,25;384,23;385,23;385,22;386,22;386,20;386,19;387,19;388,18;388,16;388,15;388,14;388,13;388,12;388,11;388,10;388,9;388,8;388,7;388,6;388,5;388,4;388,3;388,2;387,1;387,0;386,-1;384,-1;383,-1;381,-1;380,-1;379,-1;378,-1;377,0;376,1;375,2;373,3;372,4;371,4;370,4;369,5;368,5;367,5;366,5;365,5;364,5;363,5;362,5;361,5;360,5;359,5;358,5;356,5;354,5;353,5;352,5;350,5;348,5;347,5;346,5;345,5;344,5;342,5;341,5;340,5;339,5;338,5;337,5;336,5;335,5;334,5;333,5;332,5;331,5;330,5;328,5;326,4;325,4;324,4;323,4;322,4;321,4;320,4;317,4;315,4;314,4;313,4;312,4;310,4;309,4;308,4;307,5;306,5;305,5;305,6;304,7;302,8;301,9;300,10;299,10;299,11;299,12;299,13;299,14;299,15;299,16;299,17;299,18;299,20;299,22;299,24;299,25;300,27;304,31;306,33;308,36;309,38;311,39;314,42;316,43;319,46;321,48;323,50;326,55;329,58;334,63;335,64;338,68;341,69;343,71;345,72;347,72;348,73;348,75;350,76;350,77;352,79;352,80;354,82;357,86;358,86;358,88;360,89;361,91;361,92;362,92;362,93;362,95;362,97;363,100;363,102;365,106;365,109;365,112;366,115;366,118;366,121;366,122;366,125;367,127;367,128;367,129;367,131;367,132;367,134;367,136;367,139;367,140;367,144;367,145;367,146;367,147;367,148;367,149;367,151;367,152;367,153;367,154;367,155;367,156;367,157;367,158;366,160;366,161;366,162;366,163;366,164;366,166;366,167;366,169;366,171;366,173;366,175;366,176;366,177;366,178;366,180;366,181;366,182;366,183;366,186;366,187;366,188;366,190;366,192;366,193;366,194;366,196;367,197;369,198;369,199;369,200;369,201;371,203;371,204;372,206;372,207;373,209;373,210;373,211;374,212;375,212;375,214;376,215;376,216;376,217;376,218;377,218;378,219;378,220;379,221;381,223;382,224;384,226;384,227;385,227;385,228;386,229;387,230;388,231;389,232;390,232;390,233;391,233;392,233;393,233;393,234;394,234;395,234;396,235;396,236;397,237;398,237;399,238;399,239;400,240;400,241;400,242;
Stroma; POLYGON; 128, 128, 128; 280,122;280,120;280,119;280,118;280,117;280,116;280,115;280,114;280,113;280,112;280,111;280,110;280,108;280,107;280,106;280,105;280,104;278,103;277,103;276,104;276,105;275,106;275,107;274,107;273,107;272,107;271,107;270,107;269,107;268,107;267,107;266,107;265,107;264,107;263,107;262,107;261,107;260,107;259,107;258,108;257,108;256,110;255,110;255,111;254,111;253,111;251,113;249,113;248,113;247,113;245,113;244,113;242,113;241,113;240,113;240,112;240,111;240,108;240,107;240,106;240,105;240,104;240,103;240,101;240,100;241,100;242,100;243,100;244,100;245,100;247,100;248,100;249,99;250,99;250,98;250,96;250,95;250,94;250,93;250,92;250,90;250,89;251,87;251,86;251,85;251,83;251,82;250,82;249,82;249,81;247,81;246,81;244,81;243,81;242,81;241,81;239,81;238,81;236,81;235,81;233,81;232,81;231,81;230,81;229,81;228,81;227,81;226,81;225,81;224,80;222,78;221,78;219,78;217,76;216,76;216,75;214,74;214,72;214,70;213,69;212,68;212,66;211,65;211,64;211,62;211,60;211,59;211,56;211,54;211,53;211,52;211,51;211,50;211,48;211,47;213,47;214,47;216,47;217,47;218,47;219,47;220,47;221,47;222,47;223,47;224,48;225,48;225,49;226,49;227,50;228,50;229,50;229,51;230,52;231,52;232,53;233,54;234,55;235,55;237,55;238,55;240,55;241,55;242,55;243,55;244,55;245,55;246,55;247,55;248,55;249,55;250,54;251,53;251,52;252,52;253,52;254,52;254,51;255,51;256,51;257,51;258,51;259,49;260,49;260,48;261,47;261,46;262,46;262,45;263,45;263,44;264,44;264,43;264,42;264,41;264,40;264,39;264,38;264,37;264,36;264,35;264,34;264,33;264,32;264,31;264,30;264,28;264,27;264,26;264,25;264,24;264,23;264,22;264,21;264,20;264,18;266,16;266,15;267,15;267,14;268,13;269,12;269,11;270,11;271,9;272,9;272,8;272,7;274,6;274,5;275,5;275,4;276,4;278,3;279,3;280,3;281,3;282,3;283,3;284,3;287,3;289,3;290,3;292,3;293,3;294,3;295,3;296,3;297,3;298,3;299,3;300,3;301,3;303,3;306,4;308,4;309,5;312,6;314,6;315,7;316,7;317,8;318,9;318,11;319,12;321,14;322,17;323,20;323,23;323,26;323,29;323,32;323,35;323,38;323,41;323,44;323,47;323,50;323,53;323,54;323,58;322,60;320,62;317,67;315,68;314,69;313,72;312,73;311,75;311,77;310,79;310,80;309,81;309,82;309,84;309,85;308,87;307,89;307,90;306,91;306,92;306,93;306,95;306,96;306,97;306,98;306,100;306,101;306,102;306,103;306,104;306,105;304,108;304,109;304,110;304,111;304,112;304,114;303,116;302,116;302,118;302,119;302,121;302,122;301,123;301,124;301,125;301,126;301,127;301,128;301,129;301,130;301,131;300,131;300,132;299,133;299,134;299,135;299,136;298,137;297,138;296,139;295,139;294,139;293,140;292,140;291,140;289,140;289,139;287,137;287,136;287,135;286,135;286,134;285,132;284,131;284,130;284,129;284,127;284,126;283,126;283,125;283,124;282,123;281,123;281,122;280,120;
Stroma; POLYGON; 128, 128, 128; 202,132;202,131;202,130;202,129;202,128;199,127;198,127;197,126;196,126;195,124;193,124;192,123;190,122;190,121;189,121;188,120;187,120;187,119;187,118;188,117;188,116;189,115;189,114;190,114;191,113;191,112;191,111;192,111;192,110;194,110;195,110;195,109;196,109;197,109;198,109;199,109;200,109;201,109;202,109;203,109;204,109;205,109;206,109;207,109;208,109;209,109;211,109;212,109;213,109;214,109;214,110;215,111;217,112;219,112;221,113;222,113;224,113;225,113;226,113;227,113;228,113;229,113;230,113;231,112;233,110;234,110;234,109;234,108;233,108;233,107;232,106;232,105;230,104;229,104;229,103;228,103;228,102;227,102;226,102;225,102;225,101;223,101;222,100;221,99;220,99;219,98;218,97;217,97;217,96;216,96;215,95;215,94;214,93;213,93;212,93;212,92;212,91;212,90;213,89;213,88;214,87;215,87;216,87;217,87;218,87;219,87;220,87;221,87;222,87;223,87;224,87;225,86;226,86;228,85;228,84;229,84;230,84;231,84;232,84;233,84;234,84;235,84;236,83;237,83;238,83;239,83;240,83;241,83;243,85;244,85;245,86;246,86;246,87;246,88;247,89;247,90;247,91;247,92;248,93;248,94;249,95;250,94;252,92;253,91;255,88;257,86;259,85;259,84;260,83;261,81;263,80;263,79;264,79;264,78;264,75;265,74;266,74;266,73;266,72;266,71;265,70;264,69;263,69;260,68;257,68;256,68;255,68;254,68;253,68;251,67;247,67;243,67;239,66;238,66;236,66;234,66;232,66;229,65;227,65;226,64;225,64;224,63;223,62;221,62;220,60;219,60;217,60;217,59;216,59;216,58;215,57;215,56;214,56;214,55;213,54;213,53;212,53;212,52;211,51;210,50;210,49;209,49;209,48;207,46;206,45;204,45;203,45;202,45;201,45;200,45;199,45;198,45;196,45;195,45;194,45;193,45;192,45;191,46;189,47;188,47;188,48;187,49;186,50;185,52;185,53;184,54;184,56;184,58;183,58;182,59;182,60;182,61;182,62;180,64;178,66;177,66;176,67;176,68;175,70;174,71;172,71;171,72;169,72;167,72;166,72;164,72;163,72;161,72;160,72;159,72;158,72;157,72;157,73;156,74;155,74;153,76;151,78;148,82;146,84;144,86;143,89;140,90;139,92;138,93;137,96;135,98;134,100;133,102;133,103;132,104;131,105;129,106;128,108;128,109;128,111;128,113;127,116;126,117;126,118;126,119;126,120;126,121;126,122;126,123;126,124;126,126;126,127;126,128;126,129;129,129;129,131;131,131;134,133;136,135;139,135;142,136;143,136;145,136;146,136;147,137;149,137;153,137;154,137;157,138;159,138;160,140;161,140;162,140;164,140;165,140;166,140;167,140;168,140;170,141;171,142;174,142;176,143;177,143;178,143;179,143;180,143;181,143;182,143;183,143;185,143;187,143;188,142;189,142;190,141;191,140;191,139;192,139;195,137;196,137;197,137;198,137;198,136;199,136;200,136;201,135;201,134;201,132;201,131;
Stroma; POLYGON; 128, 128, 128; 404,786;404,785;403,784;402,784;401,782;400,782;399,781;398,780;398,779;396,779;396,778;395,778;395,776;395,775;394,775;393,774;392,774;392,772;391,770;390,769;390,768;389,767;388,766;387,765;386,765;385,765;384,765;382,765;381,765;380,765;379,765;377,765;376,765;375,765;374,765;373,765;371,765;369,765;368,764;366,763;364,763;363,762;363,761;361,760;359,760;358,760;357,760;356,758;355,758;354,757;354,756;354,754;354,753;354,752;354,751;354,750;354,749;354,748;355,747;355,746;355,745;355,744;355,743;355,742;355,741;355,740;355,739;355,737;355,736;355,735;355,734;355,733;355,732;355,731;355,730;355,729;354,728;354,727;353,726;351,724;350,724;350,723;348,723;347,723;346,723;345,722;344,721;342,721;341,721;339,719;337,719;336,717;335,717;335,716;333,716;332,716;332,715;331,715;330,714;329,714;328,714;328,713;326,713;325,712;325,711;325,710;325,709;325,708;325,707;325,705;325,704;325,703;325,702;325,701;326,701;327,701;328,701;329,701;330,701;331,701;332,701;333,701;334,701;335,702;336,703;337,703;338,704;338,705;339,706;340,707;341,707;341,708;342,709;343,710;344,710;345,710;346,711;348,712;349,712;350,712;352,712;353,712;355,712;356,712;357,712;358,712;359,713;360,714;361,716;361,717;362,718;362,719;363,719;363,720;364,722;365,723;365,724;366,724;366,725;367,725;367,726;368,728;369,729;370,730;371,731;372,732;373,733;374,735;375,735;376,736;377,737;378,737;378,738;379,739;380,739;381,740;381,741;382,741;382,742;383,742;384,743;385,743;385,744;386,746;386,747;388,748;388,749;389,749;389,750;390,750;391,751;392,752;392,753;393,753;394,754;394,755;395,755;395,756;396,756;396,757;397,758;397,759;398,759;399,759;399,760;400,760;401,760;401,761;402,761;402,762;403,763;404,764;405,764;406,764;407,764;409,764;409,765;410,765;411,765;412,765;412,766;413,766;414,766;415,767;416,767;418,768;419,769;420,770;421,771;422,772;424,773;425,773;425,774;426,774;427,776;428,777;429,777;430,777;432,778;433,778;435,778;436,778;437,779;438,779;439,779;440,779;441,779;442,779;443,779;444,779;445,780;445,781;445,782;445,783;445,785;445,786;445,788;445,789;445,791;445,792;445,793;445,794;445,796;445,797;445,798;445,799;445,800;443,800;442,800;441,800;440,800;439,800;437,800;436,800;435,800;434,800;432,799;430,798;429,796;427,795;426,795;425,795;424,795;423,794;422,794;420,792;418,790;417,789;416,789;414,787;413,787;412,786;411,786;410,785;409,785;408,785;406,785;405,785;
Stroma; POLYGON; 128, 128, 128; 452,808;453,809;453,810;454,811;456,811;457,811;457,812;458,812;458,813;459,815;460,816;460,817;461,818;461,819;461,821;462,822;463,824;463,825;464,827;464,828;465,828;466,829;466,830;466,831;467,832;467,833;467,834;468,835;468,836;468,837;469,839;469,840;469,841;470,841;470,842;470,843;470,844;470,845;470,847;470,848;470,850;470,851;472,852;472,854;472,855;472,856;472,857;472,858;472,860;472,861;472,862;472,863;472,864;472,865;471,867;471,868;471,869;471,870;470,870;469,871;469,872;469,873;469,874;468,874;468,875;467,876;467,877;466,879;466,880;465,881;465,882;464,884;464,885;463,885;462,885;462,886;462,887;461,888;460,889;460,890;460,891;460,892;460,893;459,894;458,895;458,896;458,899;457,899;457,901;457,902;456,903;456,904;455,905;455,906;454,906;453,908;453,909;452,911;450,913;449,913;449,914;449,916;448,917;447,917;447,918;447,919;446,919;446,920;445,921;445,922;443,923;443,924;442,924;442,925;441,925;440,926;438,929;436,930;436,931;435,932;434,933;433,935;432,935;432,936;431,936;431,937;430,937;429,937;427,937;426,937;424,937;423,937;422,937;421,937;420,937;419,937;418,937;416,937;415,937;414,937;413,938;412,938;410,938;409,938;408,938;406,938;404,938;403,938;402,938;401,938;398,937;395,933;392,931;389,929;387,926;386,926;386,923;386,922;385,919;385,917;384,914;383,911;383,907;383,905;383,903;383,901;383,899;383,896;384,894;386,892;389,888;392,886;394,884;394,883;396,882;397,882;399,880;400,880;403,879;405,878;408,876;410,875;413,873;418,871;419,869;421,868;422,867;423,866;424,865;424,864;424,862;425,862;425,861;426,859;426,857;426,856;427,855;427,854;427,851;427,850;427,849;427,847;429,847;429,844;429,843;429,842;429,841;429,839;429,838;429,837;429,836;430,834;430,833;430,832;430,831;431,829;431,828;431,827;432,825;433,824;433,823;434,823;434,822;434,821;435,820;435,819;436,819;437,818;439,817;440,817;442,817;443,816;444,814;445,814;446,813;447,813;447,812;448,812;449,812;450,812;
Stroma; POLYGON; 128, 128, 128; 663,647;663,646;663,645;663,644;664,644;664,643;664,641;664,640;665,640;665,639;665,638;665,637;666,637;666,635;667,634;667,633;667,632;667,631;667,630;667,628;667,627;667,626;667,625;667,624;667,623;667,622;667,621;667,620;666,619;666,618;666,617;666,615;666,614;666,613;666,612;665,611;665,610;665,608;665,607;665,606;665,605;665,604;665,603;665,602;665,600;665,599;665,598;665,597;663,596;661,594;660,594;660,593;659,593;659,592;658,591;658,590;657,587;657,586;656,585;656,584;656,583;656,582;656,581;656,580;656,579;656,578;655,577;655,576;655,575;655,574;655,573;655,572;655,571;654,569;654,567;653,567;652,566;651,565;650,564;649,562;648,561;647,561;647,560;647,559;646,558;645,556;645,555;644,554;643,554;643,553;643,552;642,552;641,551;640,549;639,547;639,546;639,545;639,544;638,542;637,541;637,540;637,538;637,537;637,536;637,535;637,534;636,533;636,532;636,531;636,530;636,528;636,526;636,525;636,524;636,523;636,522;636,521;636,519;636,518;637,518;638,517;640,517;641,517;642,517;643,517;644,517;645,516;646,516;647,516;650,516;652,516;653,516;654,516;655,516;656,516;657,516;658,516;659,516;660,516;661,516;662,516;664,515;665,515;666,513;667,512;668,512;669,512;670,511;671,511;672,510;673,509;674,509;675,509;675,507;676,506;677,506;677,505;677,504;678,504;679,504;680,504;681,504;683,504;684,504;687,504;689,504;690,504;691,504;692,504;693,504;694,504;695,505;696,506;698,506;700,507;701,507;703,509;704,510;705,511;706,511;707,512;708,513;709,513;709,514;710,514;711,514;712,515;712,516;713,516;713,517;714,518;716,519;717,520;717,521;718,522;719,524;720,525;722,527;723,527;723,528;724,528;725,530;726,530;726,531;727,531;727,532;728,532;729,533;730,533;730,534;732,534;733,534;734,534;734,535;734,536;735,536;736,536;737,537;738,537;741,539;743,540;745,540;746,542;748,542;749,542;749,543;749,544;749,545;749,546;749,547;748,548;747,549;747,550;746,550;745,550;745,551;744,552;744,553;744,554;743,554;743,555;743,556;743,557;744,557;745,557;745,558;746,559;746,560;747,561;748,562;749,562;749,563;750,564;750,565;751,566;752,567;753,568;754,569;755,569;756,569;757,569;758,569;759,571;761,571;762,571;763,571;764,571;766,572;767,572;768,572;769,572;770,572;771,572;772,572;773,572;773,571;774,570;774,569;775,569;776,569;777,569;778,567;779,567;779,566;780,565;781,564;782,563;783,563;784,562;785,562;786,562;787,562;788,562;789,562;790,562;791,562;792,562;793,562;792,564;792,565;792,566;792,567;791,568;791,569;789,570;788,571;787,573;787,574;786,575;786,576;785,576;785,577;784,579;784,580;783,581;783,582;783,583;783,584;783,585;782,586;782,587;782,588;782,589;782,590;782,591;782,592;782,593;782,594;782,595;782,596;782,597;782,598;782,599;782,600;782,602;782,603;782,605;782,606;782,607;782,608;782,609;783,609;783,610;784,610;785,611;786,612;788,612;789,613;790,613;791,614;792,614;793,614;794,615;795,616;796,617;797,617;798,618;799,618;799,619;799,620;799,621;799,622;800,622;800,623;800,624;800,625;800,626;800,627;800,628;800,629;800,631;800,632;800,633;800,634;800,635;800,636;800,637;800,638;799,638;798,638;797,638;796,638;795,638;794,638;793,638;792,638;791,638;790,638;789,638;788,638;787,638;787,639;786,639;785,639;784,639;782,639;780,639;779,639;778,639;777,639;776,640;775,640;775,641;774,641;773,641;773,642;772,642;772,643;772,644;771,644;769,645;768,645;767,645;766,645;764,645;762,646;761,646;760,647;759,647;758,647;758,648;757,649;757,650;756,650;756,651;755,651;754,651;753,651;753,652;752,652;751,652;751,653;750,654;750,655;749,656;749,657;748,657;747,658;746,659;746,660;746,661;745,662;745,663;745,664;745,665;743,665;743,667;742,668;742,669;742,670;742,671;741,672;741,674;741,675;741,676;741,677;741,678;741,679;741,680;741,681;741,682;741,683;741,684;742,686;742,687;743,687;743,688;744,688;746,688;747,689;748,689;750,689;751,689;752,689;753,689;754,689;755,689;756,689;757,689;758,689;759,689;760,689;762,689;765,689;766,690;768,690;769,690;770,690;771,690;772,690;773,690;775,691;776,692;777,692;778,693;779,693;779,694;780,694;780,695;781,695;782,696;782,697;782,698;783,699;783,700;783,701;783,702;783,703;783,704;783,705;783,706;783,707;783,708;783,710;783,711;781,712;780,713;780,714;779,714;778,715;778,716;776,717;775,717;774,717;773,717;772,718;771,718;770,718;770,719;769,719;768,719;767,719;767,720;766,720;765,720;764,721;763,722;760,723;760,724;759,724;758,724;757,724;756,724;755,724;754,724;752,724;751,724;750,724;749,724;748,724;747,724;746,724;745,724;744,724;743,724;742,724;742,725;740,725;738,725;738,726;737,726;735,726;734,726;733,726;732,726;732,727;731,728;730,729;729,729;728,729;726,730;725,730;724,730;723,730;723,731;722,731;721,732;720,732;719,732;718,733;717,733;717,734;717,735;716,735;715,735;714,735;713,735;712,735;711,735;710,735;709,735;708,735;707,735;706,735;705,735;704,735;703,735;702,735;701,735;700,735;699,735;699,734;699,733;698,732;698,730;697,729;696,728;695,727;693,725;692,725;692,724;691,723;690,723;689,722;688,721;687,719;686,719;685,718;684,717;682,716;681,716;681,715;680,715;679,715;679,714;677,713;676,712;675,711;674,710;673,710;672,709;671,709;671,707;670,707;669,707;668,707;667,707;666,707;665,707;664,708;663,708;661,709;660,709;658,710;657,710;656,711;655,712;654,712;653,712;652,712;651,712;650,712;649,712;648,712;647,712;646,712;645,712;644,712;643,712;641,713;640,713;639,713;638,713;637,713;637,712;637,711;637,710;637,706;637,703;637,701;637,699;637,698;637,697;637,696;637,694;637,691;637,689;637,687;637,686;637,685;637,684;637,683;637,682;638,681;638,680;638,679;639,678;639,677;640,677;641,675;642,674;644,672;645,671;646,671;647,671;648,670;648,669;648,668;649,668;650,667;650,666;650,665;650,663;650,661;650,660;651,658;651,657;651,656;651,655;651,654;651,653;651,652;651,651;652,650;652,649;653,649;653,648;654,647;655,647;655,646;657,646;658,646;659,646;660,646;661,646;663,646;664,646;665,646;666,646;667,644;
Stroma; POLYGON; 128, 128, 128; 661,645;661,644;661,643;661,642;661,641;661,640;661,638;661,637;661,636;661,635;661,634;661,632;661,631;661,629;661,628;661,627;661,626;661,624;661,623;661,622;661,621;661,620;661,619;661,618;661,616;661,615;661,614;661,613;661,612;661,611;661,609;661,608;661,607;661,606;661,605;661,604;661,603;661,602;661,601;662,599;662,598;662,597;662,596;662,595;662,594;662,593;662,592;662,591;661,591;660,591;659,589;658,589;657,589;656,589;655,589;654,589;653,589;652,589;651,589;651,588;650,587;648,586;646,585;645,585;645,584;643,582;642,581;641,580;640,580;639,579;638,578;638,576;636,575;636,574;634,573;634,572;633,571;632,569;632,568;631,566;631,563;628,560;627,559;626,558;626,556;626,555;626,554;626,551;625,548;625,547;624,543;623,541;622,537;622,535;622,534;621,532;621,531;621,530;621,529;621,528;621,526;621,525;621,524;621,523;621,522;622,522;623,522;625,522;626,522;627,522;628,522;629,522;630,522;631,522;632,522;633,522;634,522;636,522;637,522;638,522;638,523;639,523;640,525;641,526;644,527;644,528;646,530;646,533;647,535;649,539;651,543;653,544;657,549;660,552;661,554;663,557;664,560;666,563;669,566;671,570;673,573;674,578;675,582;676,585;678,589;679,590;679,591;680,591;681,592;683,594;684,595;684,596;684,597;685,597;685,598;686,600;686,601;686,602;686,604;687,607;687,608;688,609;688,611;688,612;688,614;688,616;688,618;688,620;688,621;688,623;688,625;688,627;688,628;688,630;688,632;688,633;688,634;688,635;688,636;688,637;687,638;687,639;687,641;686,642;686,643;685,644;684,644;682,644;681,645;678,645;677,645;677,646;676,646;675,646;675,647;675,648;674,649;672,649;671,649;671,650;670,650;669,650;668,650;667,650;666,650;665,650;664,650;663,650;662,650;662,649;660,647;660,646;660,645;660,644;659,642;659,641;658,641;
Stroma; POLYGON; 128, 128, 128; 570,658;569,656;568,655;566,655;564,655;562,655;561,655;560,656;559,657;559,658;559,659;559,660;559,661;559,662;559,663;559,664;559,665;559,666;559,667;559,669;558,670;558,671;558,672;557,673;556,673;555,673;554,673;553,673;552,673;551,673;550,673;549,673;548,674;547,675;546,676;546,677;546,678;546,679;545,679;545,680;545,681;545,682;544,683;543,683;543,684;543,685;543,686;543,687;543,688;543,689;542,690;542,692;542,693;542,694;542,695;542,696;542,697;542,699;542,700;542,701;542,702;542,703;540,703;538,703;537,702;536,701;535,699;533,699;532,698;531,698;531,696;531,695;530,693;529,691;528,687;527,685;527,683;526,682;525,681;525,680;525,678;525,677;525,675;525,674;525,672;525,670;525,668;525,665;523,662;523,661;522,659;522,658;522,656;522,655;522,653;522,652;522,650;522,649;522,647;522,646;520,644;520,643;520,642;520,641;520,640;520,638;520,637;520,636;520,635;520,634;520,633;520,631;520,630;520,629;520,628;520,626;520,625;520,623;519,621;518,620;518,619;518,617;518,615;518,612;518,611;518,609;518,607;518,606;518,605;518,604;518,603;518,601;518,600;518,599;518,598;517,598;517,597;516,596;515,595;513,593;512,592;511,591;509,591;509,590;509,589;509,588;509,587;509,586;509,585;509,584;509,583;509,582;509,581;509,580;509,579;509,578;509,577;510,576;511,576;512,575;513,575;514,574;515,574;516,574;517,574;518,575;519,575;520,575;520,576;520,577;520,578;521,580;521,581;522,582;522,583;522,584;523,586;523,587;523,588;523,589;524,590;524,592;524,593;524,594;524,596;524,597;524,599;524,600;524,601;525,601;525,602;525,603;525,605;525,606;525,607;525,609;525,611;525,612;526,613;526,614;527,615;527,616;528,616;528,617;528,618;529,619;530,620;531,620;531,621;532,621;533,623;533,624;534,624;535,626;536,626;536,627;537,627;538,629;539,630;540,633;541,633;542,635;543,635;543,636;544,636;544,637;546,639;547,641;550,643;553,643;555,644;556,644;558,645;559,647;560,648;561,649;562,650;564,651;566,653;567,654;569,655;570,655;571,656;572,656;572,657;573,657;
Stroma; POLYGON; 128, 128, 128; 502,637;502,636;502,635;502,633;502,632;502,631;502,630;502,629;502,626;502,624;502,622;502,621;502,619;502,618;502,616;502,615;502,614;501,613;501,612;501,610;501,609;501,608;501,607;501,606;501,605;501,604;501,603;501,602;502,602;504,602;505,602;506,602;507,602;508,602;509,602;510,602;511,602;512,602;512,603;512,604;514,605;515,607;517,608;518,610;519,611;520,612;521,614;521,615;522,617;522,618;522,619;523,621;524,622;524,623;524,624;525,626;525,627;525,628;525,631;525,632;525,633;525,634;523,635;522,635;521,635;520,635;519,635;518,635;517,635;516,635;514,635;513,635;512,635;511,635;510,635;509,635;507,635;506,635;503,635;499,634;497,634;495,634;
Stroma; POLYGON; 128, 128, 128; 512,619;512,618;512,616;512,615;512,614;512,613;512,612;512,610;512,609;512,607;512,606;512,604;512,603;512,602;512,601;512,600;512,598;512,597;512,596;512,597;513,598;514,599;515,600;516,602;516,603;516,604;518,606;519,606;520,609;521,610;522,610;522,611;522,612;522,613;523,614;523,615;522,615;521,615;520,615;519,615;
Vein; POLYGON; 63, 72, 204; 504,553;503,553;501,551;500,550;500,548;499,547;498,546;497,545;497,543;497,542;497,541;497,540;497,539;496,538;496,537;496,536;495,536;495,535;494,535;494,534;493,534;493,533;491,532;490,532;490,531;489,530;488,530;487,530;486,530;485,530;484,530;483,530;482,530;481,529;480,529;479,529;478,529;477,528;474,528;473,528;472,526;471,525;470,525;469,524;468,522;468,520;468,519;468,518;467,517;467,516;467,514;467,513;467,512;467,511;467,510;467,508;467,507;466,506;465,505;465,504;465,503;465,502;465,501;465,500;464,499;463,498;463,496;463,495;462,495;462,494;462,493;462,492;461,492;461,491;461,489;461,488;461,487;461,486;460,485;460,484;460,483;460,482;460,481;460,480;459,478;459,477;459,476;459,475;459,474;458,473;457,472;457,471;456,471;456,470;456,469;455,469;455,468;454,468;453,466;452,466;452,465;451,463;451,462;450,460;449,458;449,457;448,457;448,455;448,454;448,453;447,452;447,451;447,450;446,449;445,447;445,446;445,445;444,444;444,443;444,442;443,441;442,440;441,440;441,439;440,438;439,437;439,436;439,435;439,434;439,433;438,432;438,430;438,429;438,428;438,427;438,426;438,425;438,424;438,422;438,421;438,420;438,419;438,418;438,417;438,416;438,415;438,414;438,413;438,411;438,410;438,409;438,408;438,407;438,406;438,405;438,404;438,403;438,402;437,401;436,399;436,398;435,398;435,397;435,396;434,395;434,393;434,392;433,392;433,391;433,390;432,389;431,389;431,388;431,387;431,386;431,385;431,384;431,382;431,381;431,380;430,379;430,378;430,376;430,375;430,374;430,373;430,372;430,371;430,369;430,368;430,366;430,364;430,363;430,362;430,361;429,359;428,357;428,356;427,356;427,355;426,354;425,354;425,353;425,352;425,351;424,350;423,349;421,348;420,347;420,346;420,345;419,344;419,343;418,343;418,342;417,341;417,340;417,339;417,338;417,337;416,336;416,335;416,334;416,333;416,332;416,331;416,330;416,328;416,327;416,326;416,325;416,324;416,323;416,322;416,320;415,320;415,319;414,318;414,316;414,315;414,314;414,313;413,312;413,311;413,310;413,309;413,308;413,307;413,306;413,305;413,303;413,302;413,301;413,300;413,299;413,297;413,296;413,295;413,294;413,293;413,292;413,291;413,290;413,289;413,288;413,287;413,285;413,284;413,283;413,282;413,281;413,280;413,279;413,278;412,277;412,276;412,275;411,274;410,274;410,272;410,271;410,270;410,269;410,268;409,268;409,266;409,265;409,264;409,263;409,262;409,261;409,259;409,258;409,257;409,256;409,255;409,254;408,253;408,252;408,251;408,250;408,248;408,246;408,245;408,244;409,244;410,244;411,244;412,244;413,244;414,244;415,244;416,244;418,244;419,244;420,244;421,244;422,244;423,244;424,244;425,244;427,244;428,244;429,244;430,244;431,244;432,244;433,244;434,245;435,246;435,247;436,248;437,248;437,249;438,250;438,251;439,251;439,253;439,254;439,255;440,255;440,256;440,257;440,258;441,259;441,260;441,261;441,262;442,263;443,263;443,264;443,266;444,267;444,268;444,269;444,270;445,271;445,272;445,273;445,274;445,275;445,276;445,277;446,279;446,280;446,281;446,282;446,283;447,285;447,286;447,287;447,288;447,289;448,290;448,291;448,292;448,293;448,294;448,295;448,296;448,297;448,298;449,299;449,300;449,301;449,303;449,304;450,304;450,306;450,307;450,308;450,309;450,310;450,311;450,312;450,313;451,314;451,315;451,316;452,317;454,319;455,320;456,320;456,321;457,322;457,323;458,324;458,325;459,326;460,327;460,328;460,329;460,330;461,330;461,331;461,332;461,334;462,334;462,335;462,336;463,336;463,337;464,339;465,340;465,341;465,342;466,342;466,343;467,344;467,346;467,347;467,348;467,349;467,350;468,351;468,353;469,353;469,354;469,355;469,357;469,358;469,359;470,361;470,362;470,363;470,364;471,366;471,367;471,368;472,370;472,371;472,372;472,374;473,377;473,378;473,379;474,379;475,379;476,381;476,382;476,384;476,385;476,386;477,387;477,390;477,392;478,393;478,394;478,395;479,397;479,398;479,399;479,400;479,402;479,404;479,405;479,407;479,408;479,409;479,410;480,411;481,414;481,415;481,416;481,417;481,418;481,419;481,420;482,422;482,423;484,425;485,426;485,427;486,428;487,428;487,429;488,429;488,430;489,431;490,431;490,432;490,433;490,434;490,435;491,435;491,436;491,437;492,437;492,438;492,439;493,440;494,441;494,442;495,443;495,444;495,445;496,446;496,447;497,447;498,447;498,448;499,448;500,449;501,451;502,453;503,453;503,454;504,454;504,455;505,455;506,456;507,456;507,457;507,458;508,458;509,459;510,459;510,460;512,460;513,461;514,461;514,462;515,463;515,464;516,464;517,464;518,465;518,466;519,466;520,467;521,468;522,469;523,470;524,470;524,471;524,472;525,473;526,473;526,474;526,476;527,476;527,477;527,478;527,479;527,480;528,482;528,484;528,485;528,486;528,487;528,488;528,489;529,490;529,491;529,492;529,493;529,494;529,495;529,496;529,497;529,498;530,498;530,500;530,501;531,501;531,502;531,503;531,504;531,505;531,506;531,507;532,508;532,509;533,510;534,511;534,512;534,514;534,515;534,516;534,517;534,518;534,519;534,520;534,521;534,523;534,525;534,526;534,528;534,529;534,531;532,533;532,534;531,535;530,537;530,538;530,539;530,540;529,541;529,544;529,545;528,547;527,548;527,549;527,550;527,551;527,552;526,553;526,554;526,555;526,556;526,557;526,558;525,560;524,561;524,562;524,563;524,564;523,565;522,565;522,566;521,566;520,566;519,566;519,565;518,564;517,563;517,562;516,562;516,561;515,561;514,561;512,560;511,559;510,558;509,557;509,556;508,556;507,555;506,555;506,554;506,552;505,551;504,551;503,551;502,551;500,549;499,548;
Vein; POLYGON; 63, 72, 204; 518,563;518,564;518,565;518,567;518,568;518,569;517,569;516,569;515,569;514,569;513,569;512,568;511,567;510,567;509,567;508,566;508,565;507,565;507,564;507,563;505,562;505,561;505,560;505,558;505,557;505,556;505,555;505,554;505,553;505,552;505,550;505,549;504,549;504,548;503,547;503,546;502,545;502,544;500,543;500,542;499,542;498,542;497,541;496,541;495,541;493,541;491,540;490,540;488,538;487,538;486,538;485,538;484,538;483,538;482,538;481,538;478,538;475,538;474,538;473,538;472,538;471,537;470,537;469,537;468,537;468,536;468,535;468,534;467,532;467,531;466,530;466,529;466,528;466,527;466,526;466,525;466,524;466,523;466,522;466,521;466,520;466,519;467,518;468,518;468,517;469,517;470,517;471,517;472,517;473,517;474,517;475,517;476,517;477,517;480,517;481,517;482,517;483,517;484,519;485,519;486,519;488,520;489,520;492,521;493,521;495,522;498,523;499,523;500,523;501,523;501,525;504,526;505,526;506,526;508,526;509,527;510,527;511,528;513,529;515,529;516,531;518,531;518,532;519,533;519,534;520,535;521,537;521,538;521,539;521,541;522,541;522,543;522,544;522,545;522,546;522,547;522,548;522,549;522,550;522,551;522,552;522,553;522,554;522,555;522,556;522,557;522,558;522,559;521,559;520,561;520,562;520,563;519,564;519,565;519,566;518,567;516,567;
Vein; POLYGON; 63, 72, 204; 410,261;410,259;409,258;409,257;408,256;408,254;408,253;407,252;407,251;407,250;406,249;405,249;405,248;405,247;405,246;405,245;405,244;405,242;405,241;405,239;405,237;405,236;405,234;405,233;405,232;405,231;405,230;405,229;405,227;405,226;405,225;405,224;405,223;405,221;405,220;405,219;405,218;405,217;405,216;405,215;405,214;405,213;405,212;405,211;405,210;405,208;405,206;405,205;405,204;405,203;405,202;405,201;405,200;405,199;405,198;405,197;405,196;405,195;405,194;405,193;405,192;405,191;405,189;404,188;404,187;403,186;403,185;403,183;403,181;403,180;403,179;403,177;403,176;403,175;403,174;403,172;403,171;403,170;402,169;402,168;402,167;402,166;402,165;402,164;401,163;401,162;400,159;400,158;400,157;399,155;399,154;399,152;398,150;398,149;397,148;397,146;397,145;397,144;396,142;396,140;396,139;395,138;395,137;395,136;394,133;394,132;394,131;393,128;393,127;393,126;393,125;393,124;392,122;392,121;392,120;391,120;391,118;390,116;390,115;390,114;389,113;389,112;389,111;389,109;389,108;388,107;388,106;387,103;387,102;387,101;387,100;387,99;387,98;387,97;387,96;387,95;386,94;386,93;386,92;386,91;386,89;386,88;386,86;386,85;386,84;386,83;386,82;386,80;385,79;385,78;385,77;385,76;385,75;384,74;384,73;384,71;383,71;383,70;383,69;382,68;382,67;382,66;381,65;381,64;381,63;381,62;381,61;381,60;381,59;381,58;381,57;381,56;381,55;381,54;381,52;381,51;381,50;382,49;382,48;382,46;382,45;382,44;382,43;382,42;384,39;385,39;385,38;386,36;386,35;386,34;386,33;386,32;387,32;387,31;388,29;388,28;388,26;388,25;388,24;389,23;389,22;389,21;389,20;389,19;390,19;390,18;390,17;390,16;391,15;391,14;391,13;392,12;393,12;393,11;394,11;396,11;397,11;398,10;399,10;400,9;400,8;401,8;402,8;403,8;404,8;405,7;406,7;407,7;407,6;408,6;408,5;409,5;409,4;410,3;410,2;411,2;412,1;413,1;415,1;417,1;418,0;419,0;420,0;421,0;422,0;423,0;424,0;425,0;426,0;427,0;428,0;429,0;430,0;431,2;432,3;434,4;435,4;437,5;438,5;439,6;441,7;441,8;442,8;443,9;444,10;445,10;445,11;446,11;446,12;447,13;447,14;448,14;448,15;450,15;451,16;451,17;452,19;452,20;452,21;453,22;454,23;454,24;455,25;455,26;455,27;455,28;455,29;455,30;456,31;456,32;456,33;456,35;456,36;456,37;456,39;457,40;457,41;457,42;457,43;457,44;457,45;457,46;457,48;457,49;457,50;457,51;457,52;457,53;457,54;457,55;457,56;457,57;457,58;457,59;457,60;457,61;457,62;457,63;457,64;457,65;457,66;457,67;457,68;457,69;457,70;457,71;457,72;456,73;456,74;455,75;455,76;454,76;454,77;454,79;453,80;451,81;450,82;449,83;449,84;448,85;448,86;448,87;448,88;448,89;448,90;447,92;446,93;446,94;446,95;446,96;446,97;446,98;446,99;446,100;446,101;446,102;446,103;446,104;446,105;446,106;446,107;446,108;446,109;446,110;446,111;446,112;446,113;445,114;445,115;445,116;445,117;444,118;444,119;444,120;444,121;444,122;444,124;444,125;444,126;444,127;444,128;444,129;443,130;443,132;443,133;443,134;443,135;443,136;443,137;443,139;443,141;443,142;443,143;443,144;443,145;443,146;443,147;443,149;443,150;442,151;442,152;442,153;442,154;442,155;442,156;442,157;442,158;441,158;441,159;441,161;441,162;441,163;441,164;441,166;441,167;441,168;441,169;441,170;441,172;441,173;441,174;441,175;441,176;441,178;441,179;441,180;441,181;441,182;441,183;441,184;441,185;441,186;440,186;440,187;440,188;440,190;440,191;440,192;440,193;440,194;440,195;440,196;440,197;440,198;440,199;440,200;440,201;440,202;440,203;440,204;440,205;440,206;440,207;440,209;440,210;440,211;440,212;440,213;440,214;440,215;440,216;439,218;439,219;439,220;439,222;439,223;439,224;439,225;439,226;439,228;439,229;439,230;439,231;439,232;439,233;439,234;438,234;438,235;438,236;438,237;438,238;438,239;438,240;438,241;438,242;438,243;438,244;438,246;438,247;438,248;438,249;438,250;438,252;438,253;438,254;438,255;438,256;438,257;438,258;438,259;438,260;437,262;437,265;437,266;437,268;436,271;436,272;435,274;
Stroma; POLYGON; 128, 128, 128; 549,491;549,492;549,493;549,494;548,494;547,495;547,496;546,496;545,496;544,496;543,496;542,496;541,496;539,496;537,496;535,496;534,496;532,496;531,496;530,496;529,496;529,495;529,494;529,492;529,491;529,490;529,489;529,488;529,487;529,486;529,485;529,484;529,483;529,482;529,481;529,480;529,479;529,478;529,477;528,476;528,475;526,473;526,472;525,471;525,470;525,469;524,469;523,467;523,466;522,466;522,465;521,464;520,463;520,462;519,460;518,460;517,459;517,458;515,458;514,458;513,458;512,458;511,457;510,457;509,457;508,456;507,456;506,455;505,454;504,453;502,453;500,453;498,452;497,451;497,450;496,449;495,447;495,446;494,446;494,445;494,444;494,442;494,441;493,440;493,439;493,438;493,437;493,436;493,434;493,433;493,432;491,431;491,430;491,429;491,428;490,428;490,427;489,427;489,426;489,425;488,424;487,424;487,423;486,422;485,421;485,420;485,419;485,418;484,418;483,417;483,416;483,414;483,413;481,412;481,411;481,410;481,409;481,408;481,407;481,406;481,405;481,404;480,404;480,402;480,401;480,400;480,399;480,398;479,396;479,395;479,393;479,392;479,391;479,390;478,390;478,388;478,387;477,387;477,386;477,385;477,384;477,383;476,381;475,380;475,379;475,378;474,377;474,376;474,375;474,373;474,372;473,372;473,371;473,369;471,368;471,366;471,365;471,364;471,363;470,362;469,360;469,359;469,358;469,357;469,356;468,354;467,353;466,353;466,352;466,350;466,348;466,347;466,346;466,345;465,343;465,342;465,341;465,340;465,339;465,338;465,337;465,336;464,335;464,334;463,332;463,331;463,330;463,329;462,328;462,327;462,326;462,325;461,324;460,324;460,323;459,323;459,322;459,320;458,319;457,318;457,317;456,317;456,316;455,316;455,315;454,314;454,313;454,312;454,311;453,311;453,310;453,309;452,308;451,307;450,306;450,305;449,304;449,303;449,302;449,301;448,300;448,298;448,297;448,295;448,294;448,293;448,292;448,291;448,289;448,288;448,287;448,285;448,284;448,283;448,282;448,281;448,280;448,279;448,277;448,276;447,276;447,274;447,273;447,271;447,270;447,269;446,269;446,268;446,267;446,266;446,265;446,263;446,262;446,260;446,259;445,259;445,258;445,257;445,256;444,256;444,255;444,254;444,253;444,252;444,251;443,251;443,250;443,249;443,247;442,247;441,246;441,245;440,244;440,243;440,242;439,241;438,240;438,239;438,237;437,236;437,235;437,234;437,233;437,232;439,232;439,231;439,230;439,229;439,227;439,226;440,226;440,225;440,224;440,223;440,222;440,221;440,220;440,219;440,217;440,216;440,215;440,214;441,213;441,212;441,210;441,209;441,208;442,207;442,206;442,204;442,203;442,202;442,201;442,200;442,198;443,196;443,195;443,194;443,192;443,191;443,190;443,189;443,188;443,186;443,184;443,183;443,182;443,181;443,180;443,179;443,178;443,177;443,176;443,175;443,174;443,172;443,171;443,170;443,169;443,168;443,166;443,165;443,164;443,163;443,162;443,161;443,160;443,159;443,158;443,156;443,154;443,153;443,152;443,151;443,150;443,149;443,148;443,147;443,145;443,144;443,142;443,141;443,140;443,139;443,138;443,137;443,135;443,134;443,133;443,132;443,131;443,129;443,127;443,126;443,125;443,123;444,123;444,122;444,121;444,120;444,119;444,118;444,116;445,115;445,114;445,113;445,112;445,109;445,108;445,107;446,107;446,106;447,104;447,103;447,102;447,101;447,100;447,98;447,97;447,96;448,95;449,94;450,94;450,92;450,91;451,89;451,88;451,87;451,86;451,85;451,84;452,83;452,82;452,81;453,79;453,78;453,77;453,76;454,75;455,75;455,74;455,73;456,72;456,71;457,70;457,69;458,67;459,67;459,66;461,66;461,65;462,65;462,64;463,63;464,63;464,62;465,61;465,60;466,60;467,59;467,58;468,57;469,56;470,56;472,54;473,52;474,52;475,51;476,51;477,49;478,49;480,48;481,48;482,48;484,48;485,48;485,49;486,50;487,50;488,51;489,52;491,53;492,53;493,55;494,56;495,56;496,56;496,57;497,58;499,58;499,59;500,59;500,61;501,61;502,62;503,63;503,64;503,65;503,67;503,68;503,69;503,70;503,71;503,73;503,75;503,77;503,79;503,81;503,84;503,87;503,90;503,93;503,96;503,100;503,103;503,106;503,111;503,118;503,125;503,133;503,141;502,149;502,157;501,165;501,175;499,184;498,195;497,205;497,216;497,227;497,236;497,245;497,253;497,261;497,269;497,276;498,282;499,289;501,296;503,304;505,312;508,322;510,330;512,339;514,347;516,354;517,359;518,364;519,368;521,372;521,373;522,375;522,378;522,380;522,382;522,384;522,385;522,386;522,387;522,389;522,390;522,391;522,392;522,394;522,395;522,396;522,398;522,399;522,402;522,404;522,405;522,409;522,412;522,413;522,416;522,420;522,424;522,427;522,432;523,433;524,434;524,436;525,437;527,438;527,439;529,442;530,443;532,445;532,449;533,451;534,453;536,457;536,460;537,464;539,467;540,470;541,472;543,473;545,474;546,474;546,475;546,476;546,477;547,477;548,478;548,479;548,480;548,482;548,483;548,484;548,485;548,487;547,488;547,489;547,490;
Stroma; POLYGON; 128, 128, 128; 513,66;512,65;511,64;509,62;508,61;507,60;506,60;506,59;505,58;504,56;504,55;504,54;504,53;504,52;503,51;503,50;503,49;502,47;502,46;501,44;501,43;501,42;501,41;501,40;501,39;500,39;500,38;501,38;502,38;503,38;504,38;505,38;506,38;507,38;509,38;510,38;511,38;511,37;512,37;513,37;513,35;514,35;515,35;516,35;517,35;518,35;519,34;520,34;521,34;523,33;523,32;525,32;526,32;527,32;528,31;529,31;530,31;531,31;532,31;533,31;534,31;535,31;536,31;537,31;538,31;539,31;540,31;541,31;542,31;543,30;545,30;547,30;550,30;552,30;555,30;557,30;561,30;562,30;566,30;569,30;571,30;573,30;574,30;575,30;576,30;577,30;578,30;579,30;581,30;582,30;583,30;584,29;585,29;586,29;587,29;588,29;589,29;590,29;591,29;592,29;593,29;594,29;595,29;596,29;597,29;599,29;600,29;601,30;601,31;602,31;603,32;604,33;606,34;606,35;607,35;608,36;609,36;610,36;610,37;611,38;612,40;612,41;613,42;613,43;613,45;613,46;613,47;613,48;612,49;611,51;610,52;609,52;608,52;607,52;604,53;603,53;602,53;601,53;600,54;599,54;598,54;597,54;596,54;595,54;592,54;591,55;590,55;589,56;588,56;587,56;586,56;585,58;585,59;583,59;582,60;582,61;580,61;579,63;578,63;578,65;578,66;577,66;576,68;575,68;575,69;575,70;575,71;575,72;575,73;575,74;575,75;576,75;579,75;580,76;582,77;584,78;585,79;586,79;587,79;588,79;590,79;591,79;592,79;594,79;595,79;598,80;599,80;600,80;601,80;604,81;605,82;605,84;606,84;607,84;608,84;608,85;610,85;611,86;612,87;613,87;613,89;614,90;614,91;614,92;614,93;615,95;615,96;615,97;615,98;615,100;615,102;615,103;615,104;615,106;615,108;615,109;615,110;615,112;615,113;615,114;615,115;615,117;615,120;614,121;613,124;612,126;611,129;611,132;610,134;610,136;610,139;610,140;610,141;610,142;609,144;609,146;609,147;609,148;609,150;609,152;609,153;609,154;609,155;609,157;609,158;609,159;609,160;609,161;609,163;609,164;609,165;609,166;609,167;609,168;609,170;609,171;609,172;609,173;609,175;609,176;609,177;609,178;609,180;609,182;609,183;609,184;609,185;609,187;609,189;609,190;609,192;609,193;609,194;609,196;609,197;609,198;609,199;609,200;609,201;609,202;609,204;609,207;609,209;609,212;609,214;609,215;609,217;608,219;608,220;608,221;608,223;608,224;608,225;608,228;607,229;607,231;607,234;606,237;606,239;605,241;603,243;603,244;603,245;602,248;602,249;602,250;601,251;600,252;599,254;599,256;599,257;599,259;599,260;598,262;598,263;598,264;598,265;598,266;598,267;598,268;598,269;598,271;598,272;598,273;598,275;600,276;600,277;601,279;602,279;603,281;603,282;604,282;604,283;605,283;605,285;606,286;607,287;607,288;607,289;608,289;608,291;610,291;610,292;611,292;612,292;613,292;614,291;615,290;616,290;616,289;617,287;617,285;617,284;617,283;617,282;617,281;618,281;618,279;618,278;618,277;619,276;619,275;621,273;622,272;622,271;623,271;623,270;624,270;625,269;625,268;625,267;625,266;626,265;626,264;627,263;627,262;627,261;628,260;628,259;628,258;629,257;630,255;631,253;632,252;632,251;633,250;633,249;633,248;633,247;633,246;633,245;633,244;633,243;633,242;633,241;633,240;633,239;633,238;633,237;633,235;633,234;633,233;633,232;633,231;633,229;633,228;633,227;633,226;633,225;633,224;633,222;633,221;633,220;633,219;632,218;632,216;632,215;632,214;632,213;632,212;632,211;632,210;632,209;632,208;632,205;631,203;631,202;631,201;631,198;631,197;631,196;631,195;631,194;631,193;631,192;631,191;631,190;631,189;631,187;632,186;632,185;633,184;634,184;634,183;635,183;635,182;636,180;637,179;638,178;638,177;639,177;640,175;641,175;641,174;642,172;643,171;644,169;644,168;644,167;645,166;645,165;645,164;645,163;646,161;646,160;647,159;647,158;647,157;647,156;648,155;649,154;649,152;650,149;650,148;650,147;651,147;651,146;651,145;651,144;651,142;651,141;651,139;651,138;652,137;652,136;653,134;653,132;653,131;653,130;653,129;653,128;653,127;653,125;653,124;653,122;653,121;653,119;653,118;653,116;653,115;653,113;653,112;653,111;653,110;653,109;652,107;652,106;652,105;651,104;651,103;651,102;651,100;650,97;650,95;649,94;648,92;648,91;648,89;648,87;648,86;648,84;648,83;648,82;648,81;648,80;648,79;648,78;648,77;648,76;648,75;648,74;648,73;648,71;648,70;648,69;648,68;649,66;649,65;649,64;650,64;650,63;651,63;652,62;653,61;653,60;653,59;654,59;654,58;654,57;655,56;656,56;657,54;658,53;659,52;659,51;661,51;662,51;663,49;664,48;665,47;666,47;667,47;667,46;668,45;668,44;669,43;670,42;671,42;673,40;675,38;676,37;676,36;678,35;678,34;680,33;680,32;681,30;681,29;682,28;683,27;683,26;683,24;684,22;684,21;684,20;684,19;685,18;686,17;686,16;686,15;686,14;686,12;686,11;686,10;686,9;686,8;685,7;682,5;680,5;677,4;676,4;674,4;673,4;672,4;671,4;670,4;669,4;665,4;663,4;662,4;661,4;660,4;659,4;658,4;657,4;655,4;654,4;653,4;652,4;651,4;650,4;649,4;648,4;646,5;646,6;645,6;643,6;642,6;641,6;639,6;638,7;636,7;635,7;633,7;632,7;630,7;628,7;626,7;625,7;624,7;622,7;620,7;618,7;617,7;616,7;615,7;614,7;613,7;612,7;611,7;609,7;607,7;605,7;604,6;601,6;600,6;599,6;596,5;595,5;594,5;592,5;591,4;590,4;589,3;588,3;586,3;585,3;583,2;582,2;580,2;579,1;578,1;576,0;574,0;573,-1;571,-1;570,-1;569,-1;567,-1;566,-1;564,-1;563,-1;561,-1;559,-1;558,-1;556,-1;555,-1;554,-1;553,-1;552,-1;550,-1;549,-1;548,-1;547,-1;546,-1;545,-1;544,-1;543,-1;542,-1;541,-1;540,-1;538,-1;537,-1;535,-1;534,-1;533,-1;532,-1;531,-1;530,-1;529,-1;528,-1;527,-1;526,-1;525,-1;524,-1;522,-1;521,-1;518,-1;516,-1;515,-1;514,-1;513,-1;512,-1;509,-1;507,-1;503,-1;501,-1;499,-1;498,-1;497,-1;496,-1;495,-1;494,-1;492,-1;491,-1;490,-1;489,-1;488,-1;487,-1;485,-1;484,-1;480,-1;479,-1;476,-1;474,-1;472,-1;470,-1;467,-1;466,-1;464,-1;463,-1;462,-1;461,-1;460,-1;458,-1;457,-1;456,-1;455,-1;454,-1;453,-1;452,-1;451,-1;450,-1;449,-1;448,-1;447,-1;445,-1;444,-1;442,0;441,1;439,1;436,1;435,1;434,1;433,1;432,2;430,2;429,3;427,4;425,6;424,7;423,7;422,9;421,10;420,12;420,13;419,13;419,14;419,15;419,17;418,18;417,20;417,22;416,25;416,26;416,27;416,28;416,29;416,30;416,31;416,32;416,33;416,34;416,37;416,39;416,40;416,42;416,44;416,48;416,50;418,52;419,53;419,54;420,56;420,58;420,60;421,62;422,65;424,67;427,70;428,72;428,73;429,75;430,76;432,79;432,81;433,83;433,85;434,86;435,88;436,91;437,92;438,93;439,94;440,95;440,96;440,97;441,97;442,97;444,97;445,97;449,98;450,98;452,98;453,98;455,98;456,98;459,98;463,98;468,96;470,96;472,96;473,96;474,96;475,94;476,94;477,92;478,91;478,90;479,89;480,89;480,88;481,87;481,86;483,83;484,82;486,81;487,80;488,79;490,77;491,77;492,76;493,76;495,75;496,75;497,75;500,75;502,74;503,74;504,74;505,74;506,73;508,73;509,73;511,72;511,71;512,70;513,70;514,69;515,68;516,67;516,66;517,64;
Stroma; POLYGON; 128, 128, 128; 615,48;614,48;614,47;612,46;608,43;605,41;602,38;600,37;599,36;596,33;596,32;594,31;593,31;591,30;590,30;588,30;587,31;585,33;584,34;583,35;582,35;581,35;580,35;579,36;578,36;577,36;575,36;574,36;573,36;572,36;571,36;569,36;567,36;566,36;565,36;564,36;563,36;561,36;560,36;559,36;558,36;557,36;554,36;553,36;552,36;551,36;550,36;549,36;548,36;547,36;546,36;545,36;544,36;542,36;539,36;538,36;536,36;534,36;533,36;532,36;531,36;530,36;529,36;527,36;524,36;521,36;519,36;518,36;517,36;516,36;515,35;514,35;513,35;512,35;512,33;511,32;510,32;509,31;509,30;509,29;509,27;510,25;511,24;513,24;514,23;516,23;519,23;522,23;524,23;525,23;526,23;528,23;530,22;531,22;533,22;535,22;536,22;539,22;540,22;543,22;546,22;548,22;549,22;551,22;552,22;553,22;554,22;557,22;558,22;559,22;560,22;562,22;563,22;564,22;566,22;569,22;571,22;574,22;577,22;581,22;582,22;583,22;584,22;585,22;586,22;587,22;589,23;590,23;593,23;593,24;594,24;595,24;596,26;597,26;598,27;600,28;603,28;604,29;605,29;606,31;610,34;612,36;613,37;616,39;618,41;621,42;622,43;625,44;626,44;627,46;628,46;628,47;628,49;629,50;630,50;630,52;630,53;630,54;630,55;629,55;628,55;626,55;624,55;622,55;621,55;620,55;619,55;618,55;617,55;616,54;615,52;614,50;614,49;613,48;613,47;613,46;613,45;613,44;
Stroma; POLYGON; 128, 128, 128; 617,35;616,35;615,35;614,35;613,35;612,35;611,35;609,35;608,34;607,34;606,33;605,33;604,33;603,33;602,33;601,33;599,33;597,33;596,33;595,33;594,34;593,34;592,34;591,34;590,34;589,34;588,34;587,34;585,34;584,34;583,34;582,34;581,34;580,34;578,34;577,34;576,34;576,33;575,32;574,31;574,29;574,28;574,27;575,25;576,24;577,24;578,24;579,24;582,22;583,21;586,20;587,20;588,20;589,20;590,20;591,20;592,20;594,20;595,20;597,20;597,21;599,21;600,23;601,23;601,24;601,25;602,25;602,26;602,27;602,28;602,29;602,30;603,30;
Specular reflection; POLYGON; 191, 91, 22; 545,531;543,531;542,531;541,531;540,531;540,532;540,533;540,534;539,534;538,535;537,535;537,536;537,537;537,538;537,539;537,540;537,541;537,542;538,543;539,544;540,545;540,546;541,546;542,546;543,546;544,546;547,546;550,546;551,546;552,546;553,546;554,546;555,545;555,544;556,543;556,542;556,541;556,540;556,539;556,538;556,537;556,535;555,534;553,534;553,533;552,533;551,532;550,531;549,531;548,531;547,531;546,531;545,531;544,531;
Stroma; POLYGON; 128, 128, 128; 544,527;542,527;540,527;539,527;538,527;537,527;536,527;535,527;534,527;534,526;534,525;534,524;534,523;534,522;534,521;534,520;534,519;534,518;534,517;534,516;534,515;534,514;534,513;534,512;534,511;535,509;535,508;535,507;535,506;535,505;535,504;534,503;533,502;533,501;532,501;531,500;530,500;530,499;530,498;528,497;528,496;527,495;527,493;527,492;527,491;528,490;529,489;530,488;532,487;533,487;534,487;535,487;536,486;537,486;538,485;539,485;540,485;541,485;542,485;543,485;543,486;544,487;545,489;546,490;546,491;546,492;547,492;547,493;549,494;551,496;553,497;555,499;556,500;556,502;557,503;558,505;559,506;560,507;560,508;561,509;561,511;561,512;561,513;561,514;560,515;559,516;559,517;558,518;557,519;557,520;557,521;556,521;556,522;555,523;555,524;555,525;554,526;554,528;553,529;551,529;550,529;549,529;548,529;
Stroma; POLYGON; 128, 128, 128; 535,545;535,544;535,543;535,542;535,539;535,538;535,537;535,536;535,535;535,534;535,533;535,532;535,531;
Stroma; POLYGON; 128, 128, 128; 535,527;535,528;535,529;535,530;535,531;535,532;535,533;535,534;535,535;535,536;535,537;535,538;535,539;535,540;535,541;535,542;535,543;535,545;535,546;535,547;535,548;533,548;532,548;532,547;531,547;531,546;531,545;531,543;531,542;531,541;531,540;531,539;530,538;530,537;530,536;530,534;530,533;530,532;530,530;530,529;530,528;530,527;531,527;532,526;533,526;534,526;
Vein; POLYGON; 63, 72, 204; 710,4;708,5;708,6;707,7;706,9;705,9;704,10;704,12;703,13;702,14;701,15;701,16;700,16;700,17;700,18;699,21;697,22;696,23;696,24;696,25;695,26;695,27;695,28;695,29;695,30;695,31;694,33;694,35;694,36;693,37;692,38;691,39;691,41;691,42;690,43;690,44;689,44;689,45;689,46;688,47;688,48;687,49;687,50;687,51;687,53;687,54;685,54;684,56;683,58;682,58;682,59;682,60;682,61;681,61;681,62;681,63;680,63;679,65;679,66;679,67;679,68;678,68;678,69;678,70;678,71;677,72;676,74;676,75;676,76;676,77;676,79;675,79;674,80;673,80;672,82;672,84;672,85;672,86;671,88;671,89;670,90;670,91;670,92;670,93;670,94;670,96;669,97;669,98;669,100;669,101;669,102;669,103;669,105;669,106;669,107;669,108;669,109;669,111;669,112;669,113;669,114;669,115;669,116;669,118;669,119;669,120;669,121;669,122;669,123;669,124;668,125;668,126;668,127;668,128;668,129;668,130;668,131;668,132;667,133;666,134;666,135;666,137;665,137;665,138;665,139;664,140;664,141;664,142;664,143;664,144;662,144;662,145;662,146;662,147;661,148;661,149;660,151;660,152;660,153;660,154;659,155;658,158;658,160;657,162;656,162;656,164;654,166;654,167;654,168;654,169;654,170;653,173;652,173;652,175;652,176;651,178;651,179;651,180;651,181;651,182;651,183;649,183;649,185;648,186;648,187;648,188;647,189;647,191;647,192;645,193;645,194;645,195;645,196;644,198;643,200;643,202;643,203;642,204;642,205;641,206;640,206;640,208;640,209;640,211;640,212;639,212;639,213;639,214;639,215;637,217;636,218;635,220;635,221;635,222;635,223;635,224;635,226;634,228;634,229;634,230;634,231;634,232;633,232;633,233;633,234;633,236;633,237;633,238;633,239;633,240;633,242;633,243;634,244;635,245;636,245;637,246;638,246;639,246;640,246;641,246;642,246;643,246;644,246;645,245;646,244;647,243;648,242;648,241;650,241;650,239;650,238;651,238;651,237;651,236;652,235;653,235;654,235;655,235;655,234;656,234;657,234;658,234;659,234;660,234;661,234;662,234;663,234;664,234;665,234;666,234;667,236;668,237;668,238;670,239;670,241;671,242;671,243;671,244;672,245;672,246;673,247;673,249;673,250;673,251;673,252;673,253;673,254;674,255;674,256;676,257;677,257;678,257;679,257;680,257;681,257;682,256;683,255;684,254;685,254;685,253;686,252;688,250;688,249;690,249;691,248;692,247;692,246;693,246;694,245;695,245;695,244;695,243;695,242;695,241;696,241;697,240;697,239;697,237;698,236;698,235;699,233;699,232;700,231;700,230;700,229;700,228;701,227;701,226;701,225;701,224;701,223;701,222;701,220;701,219;702,219;702,218;702,217;702,216;703,216;704,214;704,213;704,212;705,211;706,211;707,209;708,208;708,207;709,206;709,204;709,203;710,202;710,201;710,200;711,200;711,199;711,198;712,198;712,197;712,196;712,194;713,193;713,192;713,191;714,190;714,189;714,188;714,187;714,186;714,185;715,183;715,182;716,181;716,180;716,179;716,178;716,177;716,176;716,174;716,173;716,172;716,171;716,170;716,169;716,168;716,167;716,166;716,165;716,164;716,163;716,162;716,160;716,159;716,158;716,157;716,156;716,154;716,153;716,152;716,151;716,150;716,148;716,147;716,146;716,145;716,144;716,143;716,141;716,140;716,139;716,138;716,137;716,136;716,135;716,134;716,132;716,131;716,130;716,129;716,128;716,127;716,125;716,124;716,123;716,122;716,121;716,120;716,119;716,118;716,117;716,116;716,115;716,114;716,113;716,112;717,112;718,110;718,109;719,108;719,107;719,106;721,104;722,103;722,102;722,101;723,99;724,98;724,97;724,96;725,95;725,94;725,93;726,92;726,91;727,90;728,90;728,89;728,87;729,86;730,85;730,84;730,83;731,82;731,81;731,80;732,79;733,78;734,78;734,77;735,76;735,75;736,74;736,73;736,72;738,72;739,71;739,69;739,68;739,66;740,65;740,64;740,63;741,63;741,62;741,60;742,60;742,58;742,57;742,56;744,55;744,54;744,52;745,50;745,49;745,48;746,47;746,46;746,44;746,43;747,42;747,40;747,39;749,38;749,37;750,37;750,36;752,34;752,33;754,32;755,31;755,30;756,30;756,29;757,29;758,27;758,26;759,26;759,25;761,24;761,22;762,21;762,19;763,19;763,18;763,17;763,16;764,14;764,13;765,12;765,11;765,10;765,9;765,8;764,7;760,5;758,4;756,4;755,4;754,4;752,4;751,4;749,4;748,4;747,4;746,4;744,4;743,4;741,4;740,4;737,4;736,4;735,4;733,4;732,4;730,4;728,4;727,4;726,4;725,4;724,4;722,4;721,4;719,4;718,4;717,4;716,4;715,4;714,4;713,4;712,4;711,4;710,4;709,4;708,4;706,4;705,4;704,4;702,2;701,2;
Vein; POLYGON; 63, 72, 204; 686,248;687,248;688,248;690,247;691,247;692,246;693,246;695,244;697,244;698,244;699,244;699,243;700,243;700,241;701,241;702,241;703,241;703,240;704,240;705,240;705,239;706,238;706,237;707,236;707,235;708,235;709,234;709,233;709,232;709,231;709,230;710,229;710,228;710,227;710,226;710,225;710,224;710,223;710,222;710,221;710,220;711,218;711,217;711,216;711,215;711,214;711,213;712,211;712,210;713,208;714,208;714,207;714,206;714,205;714,204;714,203;715,202;716,201;716,200;716,199;717,198;718,197;718,195;718,193;718,192;719,191;719,190;719,189;719,188;720,186;720,185;720,184;720,182;720,181;720,180;720,179;720,178;720,176;720,175;720,174;720,172;720,171;721,171;721,169;721,168;721,167;721,165;721,164;721,163;721,162;721,161;721,160;721,159;721,158;721,157;721,155;721,154;721,153;721,152;721,151;721,150;721,149;721,147;721,146;721,145;721,144;721,142;722,140;722,138;722,136;722,135;722,134;722,133;722,132;722,130;723,129;723,128;724,127;724,126;725,125;725,124;725,123;726,123;726,122;727,120;727,119;728,118;729,116;729,114;729,113;729,112;730,111;730,110;730,109;730,108;730,106;730,104;730,103;731,102;731,101;731,100;731,99;731,98;731,97;731,96;731,93;731,92;731,90;731,88;731,87;731,86;731,84;731,83;731,82;731,81;731,80;731,78;731,76;731,75;731,73;731,72;731,70;731,69;731,68;731,67;730,67;728,67;727,67;726,68;725,68;725,70;723,73;722,75;720,78;719,82;718,86;714,90;712,95;710,97;709,100;708,103;708,104;707,107;707,108;706,109;706,110;704,114;703,116;703,118;703,120;701,122;701,123;700,127;700,128;700,130;698,132;697,136;697,137;696,140;696,141;696,143;696,146;696,147;696,148;696,152;696,153;696,154;696,157;696,158;696,159;696,161;696,163;696,166;696,168;696,170;697,173;698,174;698,175;698,177;699,178;699,180;699,182;700,184;700,186;700,188;700,189;700,190;700,192;700,193;700,194;700,195;700,196;700,198;700,200;700,201;700,202;700,203;700,204;700,205;700,207;700,209;700,213;700,214;700,216;700,218;700,219;699,220;699,221;699,223;699,224;699,225;698,226;698,227;698,228;697,230;697,231;697,232;697,233;697,234;697,235;697,236;696,237;696,238;696,239;694,241;694,242;694,243;693,244;692,245;691,246;691,247;689,249;687,250;687,251;686,252;684,253;683,254;
Vein; POLYGON; 63, 72, 204; 647,241;647,243;647,244;647,245;647,247;647,248;647,249;647,250;647,251;647,252;647,253;647,254;647,255;647,256;647,257;646,259;646,260;646,261;646,262;646,264;646,265;646,266;646,267;645,267;645,268;644,268;644,270;643,271;642,271;642,272;641,273;641,274;640,275;640,276;640,277;639,278;638,279;638,280;638,281;638,282;638,283;637,283;636,284;636,285;635,286;635,287;633,289;633,290;632,291;631,292;630,293;629,294;629,296;629,297;627,298;626,298;626,299;625,299;625,300;624,302;623,303;622,304;620,305;620,307;619,308;619,309;618,309;618,310;618,311;618,312;617,312;616,312;616,313;616,314;615,315;615,316;615,317;615,319;614,320;614,322;614,324;614,325;614,327;614,328;613,330;613,331;613,332;613,333;613,334;613,335;613,336;613,337;613,338;612,340;611,340;611,341;611,343;611,344;611,345;610,345;610,346;610,347;609,349;608,351;608,353;607,355;607,356;606,357;606,358;605,358;604,359;604,360;603,362;601,364;601,366;600,367;599,368;599,369;598,370;598,371;598,372;598,373;598,374;597,375;596,376;596,377;595,378;595,379;595,381;595,382;595,383;595,385;595,386;595,387;595,388;595,389;595,390;595,391;595,392;595,393;595,395;595,397;595,398;595,399;595,400;595,401;595,402;595,404;595,405;595,406;595,407;595,408;595,409;595,410;595,411;595,412;595,413;595,414;595,415;595,416;595,417;595,418;595,419;595,420;595,421;595,422;594,424;594,425;594,426;594,427;593,427;593,428;592,430;591,431;591,432;591,433;590,433;590,434;590,436;590,437;589,438;589,439;589,441;588,442;587,444;586,444;586,445;586,446;586,447;586,448;584,449;584,450;584,451;583,452;583,453;583,454;583,455;583,456;583,458;583,459;583,460;583,462;582,462;582,463;581,464;581,466;581,467;581,468;581,469;580,469;580,470;580,471;580,472;580,473;580,475;580,476;580,477;581,477;582,477;584,477;585,477;586,477;588,477;590,477;591,477;592,477;594,475;595,475;596,474;597,473;597,472;598,472;598,471;599,470;599,469;600,468;601,468;601,467;601,466;602,466;603,464;604,463;606,461;607,460;608,460;609,458;610,457;610,456;611,455;612,454;613,454;613,453;614,453;615,453;616,453;617,453;618,453;619,453;620,453;621,454;621,455;621,456;621,457;622,457;622,459;623,462;624,463;624,464;624,466;624,467;625,467;625,468;625,469;625,470;626,470;626,471;626,472;626,473;626,474;626,475;626,476;626,477;627,477;627,478;629,478;630,478;632,478;632,477;633,477;634,477;635,476;636,475;638,475;639,474;641,474;642,474;642,473;643,472;644,471;644,469;644,468;644,467;644,466;644,465;644,464;644,463;644,462;644,461;644,460;644,459;644,458;644,456;644,455;644,454;644,453;644,452;644,451;644,450;644,449;644,448;644,447;644,446;644,445;644,444;644,443;644,442;644,441;644,440;644,438;644,437;644,436;645,434;645,432;645,431;646,431;646,430;646,429;646,428;647,428;647,427;647,426;648,425;649,424;649,423;650,422;650,421;650,420;651,419;651,418;652,418;653,417;653,416;654,414;654,413;654,412;654,411;655,409;655,408;655,407;656,407;656,405;657,403;657,402;657,401;657,400;657,399;658,398;658,397;658,396;658,395;659,394;659,393;659,392;660,390;660,389;660,388;661,387;661,385;661,384;662,383;663,383;663,382;664,381;665,380;665,379;665,378;666,376;666,375;666,374;667,374;667,372;668,370;669,370;669,369;669,368;669,367;669,366;670,364;671,363;671,362;671,361;672,360;672,359;672,358;673,357;673,356;674,355;675,354;675,353;675,352;675,351;675,350;676,350;676,348;676,347;677,346;677,345;677,344;677,342;677,341;677,340;677,339;677,338;677,336;677,334;677,333;677,331;677,329;677,328;677,327;677,326;677,325;677,324;677,323;677,322;677,321;677,320;677,319;677,318;677,316;677,315;677,314;677,312;677,311;677,310;677,309;677,308;677,307;677,306;677,305;677,304;677,303;677,302;677,301;677,300;677,298;677,297;677,296;677,295;677,294;677,293;677,292;677,291;677,290;677,289;677,288;677,287;677,286;677,285;677,284;677,283;677,282;677,281;677,280;677,278;677,277;677,275;677,274;677,272;677,271;677,270;677,268;677,266;678,266;679,265;680,265;681,265;682,265;682,264;683,263;683,262;684,262;684,260;685,259;686,259;687,259;687,257;688,256;689,255;689,254;689,253;690,252;690,251;690,250;690,249;690,248;691,247;691,246;691,244;691,243;690,243;689,243;689,244;689,245;687,245;687,246;687,247;687,248;687,249;686,250;686,251;686,252;685,254;685,255;684,256;684,257;684,258;682,260;681,260;681,261;680,261;679,261;678,261;676,261;676,260;676,259;676,258;676,257;676,256;676,255;676,254;675,254;675,255;674,256;674,257;673,259;673,260;673,261;673,262;672,263;672,264;672,265;672,266;672,267;671,268;670,269;670,270;669,270;668,270;667,270;666,270;665,270;664,270;663,270;662,270;660,270;659,270;658,270;657,270;656,270;655,269;654,269;653,269;653,268;652,267;652,265;652,264;652,262;652,261;652,259;651,258;651,257;651,256;651,255;651,253;651,252;651,251;651,248;651,247;651,246;651,245;650,244;649,243;649,242;648,242;647,242;646,242;646,241;646,240;646,239;
Vein; POLYGON; 63, 72, 204; 676,244;675,245;675,246;675,247;675,248;675,249;674,250;674,251;674,252;673,253;673,254;673,255;673,256;672,257;672,258;672,259;672,260;672,261;672,262;672,263;672,264;672,266;672,267;671,268;671,269;671,270;671,272;671,274;671,275;671,276;671,277;671,279;671,280;671,281;671,282;671,284;671,285;671,286;671,287;671,288;671,290;671,291;671,292;671,293;671,295;671,297;670,298;670,299;670,300;670,301;669,303;669,304;669,305;669,306;669,307;668,309;668,310;668,311;668,312;668,313;669,314;670,314;671,315;672,315;673,316;673,317;674,317;676,317;677,316;677,315;678,315;678,314;679,312;679,310;679,309;680,308;680,307;680,306;680,304;681,303;681,302;681,301;681,300;681,298;681,297;681,296;681,295;681,294;681,293;681,291;681,290;681,289;681,288;681,287;681,286;682,285;682,283;683,282;683,280;683,278;683,277;683,276;683,275;683,273;683,272;683,271;683,270;683,269;684,268;684,267;684,266;684,265;684,264;685,264;686,263;686,262;686,261;687,260;687,259;687,258;688,257;689,256;689,255;689,254;689,253;689,252;690,251;690,250;690,248;690,247;690,246;691,246;691,245;691,243;691,242;691,241;691,240;692,239;692,238;692,237;692,234;693,233;693,231;693,230;693,229;693,227;693,225;693,224;693,223;692,223;691,223;689,223;688,223;686,223;686,224;685,225;684,226;683,227;683,228;682,229;681,230;681,232;680,233;680,234;679,234;679,235;679,236;678,237;678,238;677,239;676,240;676,242;676,243;675,245;675,246;
Vein; POLYGON; 63, 72, 204; 639,239;638,240;638,241;638,243;638,244;636,247;636,248;636,249;635,250;635,251;634,253;634,254;634,256;634,257;634,259;634,260;634,262;634,263;634,264;634,266;634,268;634,269;634,270;634,272;635,273;635,274;635,275;635,276;635,277;636,278;636,279;637,280;637,281;637,282;637,283;638,285;638,286;638,288;638,291;638,292;638,293;638,294;639,295;639,296;639,297;640,298;640,299;640,300;640,301;640,302;640,303;640,304;640,303;640,302;642,301;642,297;643,293;643,292;643,288;644,287;645,283;645,282;645,281;645,280;647,279;648,278;648,277;648,276;648,275;649,274;649,273;649,271;649,269;649,268;649,267;649,266;649,265;649,264;649,263;649,261;649,260;649,259;649,258;649,256;649,255;649,253;649,252;649,251;649,250;649,249;649,248;648,247;648,246;647,246;647,244;646,244;645,242;644,242;644,241;643,241;643,240;642,240;641,240;640,238;640,237;
Vein; POLYGON; 63, 72, 204; 633,264;633,265;633,267;633,269;633,270;633,273;633,276;631,276;631,278;631,280;631,281;631,282;631,283;630,283;630,284;630,286;630,287;630,289;630,291;629,291;629,292;629,293;629,294;629,295;629,297;629,298;629,299;629,300;629,301;629,302;629,304;629,305;629,306;629,307;629,306;629,305;629,301;632,297;635,293;636,291;637,290;637,289;638,288;639,286;639,285;639,284;639,283;640,281;641,279;641,278;641,276;642,274;642,273;642,272;642,270;642,269;642,267;641,266;640,266;639,265;638,265;637,264;636,264;
Vein; POLYGON; 63, 72, 204; 594,474;594,475;594,476;594,478;593,480;593,481;592,481;591,481;591,482;590,484;590,485;590,486;590,487;590,488;590,489;590,490;590,491;590,492;590,493;590,494;590,496;590,497;590,498;590,499;590,500;590,501;590,502;590,503;591,503;592,503;592,504;593,504;594,505;595,505;596,505;597,505;598,505;599,505;601,505;602,505;603,505;604,505;605,505;606,505;607,505;608,505;609,505;609,504;609,503;611,502;611,501;613,500;614,500;614,499;614,498;614,497;614,496;615,495;615,494;615,493;616,492;616,491;616,489;616,488;616,487;616,486;617,486;617,485;617,483;617,482;619,480;619,479;620,478;620,477;620,476;620,475;620,474;621,474;621,473;622,473;623,473;624,473;626,473;627,473;629,473;630,473;631,473;632,473;633,473;635,473;636,473;637,473;638,473;639,475;639,476;639,477;640,477;640,478;640,479;640,480;640,482;640,483;640,484;640,485;640,487;640,488;640,489;640,490;640,491;640,492;640,493;640,494;640,495;640,496;640,498;640,500;640,501;640,502;639,502;639,503;637,504;636,504;636,505;636,506;635,507;635,508;635,509;635,510;635,512;635,513;635,514;635,515;635,516;635,517;635,518;635,519;635,520;633,520;632,520;631,520;630,520;629,520;628,520;627,520;626,520;625,520;624,520;623,520;622,520;621,520;620,521;619,521;619,522;619,523;619,524;618,525;618,526;618,527;618,528;618,529;618,531;618,532;618,533;618,534;618,535;618,536;618,537;618,538;618,539;618,540;618,541;618,542;618,543;618,544;618,545;619,546;619,547;620,549;621,550;621,551;623,552;623,553;625,554;625,555;626,555;626,557;626,558;627,558;627,560;628,561;628,563;628,564;628,565;628,566;628,567;628,568;628,569;628,570;628,571;628,573;628,574;628,575;628,576;628,577;628,579;628,580;628,581;628,582;628,583;628,584;628,586;628,587;628,588;628,589;628,590;628,591;628,592;628,593;628,594;628,595;628,596;628,597;628,599;628,600;628,601;628,602;628,603;628,604;628,605;628,606;628,607;628,609;627,610;627,611;627,612;627,613;627,614;627,615;626,616;626,617;626,619;626,620;625,620;624,621;624,622;624,623;624,624;624,625;624,626;623,626;623,627;623,628;623,629;622,630;621,631;621,632;620,633;619,634;619,635;618,635;617,635;617,636;616,637;615,638;614,638;613,639;612,640;611,641;610,641;610,642;609,642;608,642;606,642;605,642;604,642;602,642;601,642;600,642;599,642;598,642;597,642;596,642;595,642;594,642;593,642;592,642;591,642;590,642;589,642;588,642;586,642;585,642;584,642;583,642;582,642;581,642;580,642;579,643;578,643;577,643;576,644;576,645;575,645;574,646;573,646;572,646;571,646;570,646;569,646;567,646;566,646;564,646;564,645;563,645;563,644;562,644;561,644;561,643;560,642;558,642;556,642;556,641;555,641;554,640;553,638;553,637;553,636;553,635;552,635;552,634;552,633;552,632;551,630;551,629;551,628;551,626;551,624;551,623;551,622;551,620;551,619;551,618;551,617;551,616;551,615;551,614;551,612;551,611;551,610;551,609;550,608;550,607;550,606;550,605;549,605;549,604;549,603;549,602;548,601;548,600;548,599;548,598;548,597;548,596;548,594;548,593;548,592;548,591;548,590;548,588;548,587;548,586;548,585;548,584;548,583;548,581;548,580;549,579;549,578;550,577;550,576;550,575;550,574;551,573;552,572;552,571;552,570;553,569;553,568;553,567;553,566;554,565;554,564;555,562;556,562;556,561;556,560;556,559;556,558;556,557;556,556;556,555;557,553;557,552;557,551;557,550;557,549;557,548;557,547;557,546;557,545;557,544;557,543;557,542;557,541;557,540;557,539;557,538;556,538;556,537;556,535;556,534;555,533;555,532;555,531;554,531;554,530;554,529;554,527;554,526;554,525;554,524;555,523;556,523;556,522;558,521;558,520;558,519;559,519;559,518;560,516;560,515;561,514;561,513;561,512;561,511;561,509;561,508;561,507;561,506;561,505;561,503;561,502;561,501;561,500;561,499;561,498;561,497;561,495;561,494;561,493;561,492;561,491;561,490;561,489;561,488;562,487;563,487;563,486;564,486;565,485;566,484;567,484;568,483;569,483;569,482;570,482;570,481;571,481;571,480;572,478;572,477;573,476;573,475;574,474;574,473;574,472;574,471;575,471;575,470;576,470;577,469;578,469;580,468;582,468;583,468;584,468;585,468;586,468;587,468;588,468;589,468;590,469;591,470;591,472;591,473;592,474;
Vein; POLYGON; 63, 72, 204; 621,474;621,472;621,470;621,469;621,468;621,466;621,464;621,463;621,462;621,461;621,460;621,458;621,457;620,456;619,453;619,452;619,451;618,451;617,451;616,451;614,451;613,451;611,451;611,452;609,453;608,454;608,455;608,457;608,459;608,460;609,460;611,460;612,460;613,460;614,460;615,460;617,460;619,460;621,460;622,460;623,460;624,460;
Stroma; POLYGON; 128, 128, 128; 765,688;766,687;767,686;768,684;769,684;769,683;769,682;769,681;769,680;769,679;769,678;769,677;769,676;769,675;769,674;770,673;771,672;772,671;773,671;774,671;775,670;777,670;778,670;779,670;782,669;783,668;783,667;784,667;784,664;784,663;785,662;785,661;786,659;787,659;788,659;789,659;790,659;791,659;792,659;793,659;794,659;795,659;796,659;797,659;799,659;800,659;801,659;802,659;803,659;804,659;805,659;806,659;807,659;809,659;810,659;811,659;812,658;812,657;813,657;813,656;814,655;815,655;815,654;816,654;816,653;816,652;817,651;817,650;817,649;817,648;817,647;817,646;817,645;817,644;817,643;817,642;817,641;815,641;814,641;813,641;811,641;810,641;807,641;806,641;805,641;804,641;803,641;801,641;800,641;799,641;798,640;797,639;796,638;795,638;795,637;795,636;794,636;794,634;794,633;794,632;794,631;794,630;794,629;794,627;794,626;794,625;794,623;794,622;795,622;796,622;796,621;797,620;797,619;798,618;799,617;800,617;801,617;802,617;803,617;805,617;806,617;807,617;808,617;809,617;810,617;811,617;812,617;813,617;814,617;815,617;816,617;817,617;818,616;819,616;820,616;821,615;822,615;823,615;824,613;824,612;825,612;825,610;825,609;826,609;827,607;828,606;829,605;831,605;832,605;833,604;834,604;835,602;835,601;835,600;836,599;836,598;836,597;837,597;837,596;838,596;839,596;840,596;841,596;843,596;844,596;845,596;846,596;847,596;848,596;849,596;850,596;851,596;852,596;853,595;853,594;855,593;856,593;858,593;859,592;860,592;861,592;862,591;864,589;865,589;867,589;868,589;869,588;870,587;871,587;872,586;876,585;879,583;880,582;881,582;882,582;883,582;885,581;886,581;887,580;889,580;890,580;891,579;892,578;894,578;896,578;899,576;901,576;902,576;903,576;904,576;905,576;907,576;910,576;911,576;912,576;913,576;914,576;915,576;916,577;917,577;919,578;922,579;924,581;926,581;928,582;929,583;930,583;931,584;931,585;931,586;931,587;931,588;931,589;931,590;931,591;931,592;931,593;931,594;931,595;931,596;931,597;931,599;931,601;931,602;931,603;931,604;932,605;933,606;934,608;936,610;936,611;937,611;937,612;938,613;939,615;940,615;940,616;941,616;942,617;943,618;943,619;943,620;943,621;943,622;945,623;946,625;946,627;946,628;946,629;947,631;947,632;947,634;948,635;948,636;948,637;948,638;948,639;949,640;950,641;950,642;951,642;952,643;952,644;952,645;953,646;953,647;953,648;954,648;955,649;956,649;956,651;957,651;957,652;957,653;957,654;959,656;959,657;959,658;960,659;960,660;960,661;961,662;961,663;961,664;961,665;961,666;961,667;961,668;961,669;961,671;961,672;961,674;961,675;961,676;961,677;961,678;961,679;961,680;961,681;961,682;961,684;961,685;961,686;961,687;961,689;961,690;960,691;959,692;957,693;956,694;956,695;955,696;954,697;954,698;953,699;953,700;953,701;952,701;951,703;950,703;950,704;950,706;949,707;948,708;948,709;947,710;947,711;947,712;945,713;945,714;944,715;943,716;942,716;942,718;941,719;941,720;941,721;941,722;940,722;940,723;939,723;939,724;939,725;939,726;938,726;938,727;937,728;937,729;937,730;937,732;936,733;935,734;934,735;933,736;932,736;932,737;931,739;930,739;929,740;928,741;927,742;926,743;925,744;925,745;923,746;922,747;921,748;921,750;920,751;919,752;919,753;917,754;917,755;916,756;916,757;916,758;915,759;915,760;914,761;913,763;912,764;911,764;911,765;910,766;910,767;909,769;908,770;908,771;908,772;907,772;907,773;907,775;907,776;907,778;906,778;906,779;906,780;906,781;906,782;906,783;906,784;906,785;905,785;905,786;904,788;904,789;904,791;903,792;903,793;903,794;902,795;901,795;900,796;900,797;898,797;897,797;895,797;894,797;893,797;892,797;890,797;889,797;888,797;887,797;887,796;886,794;886,793;886,792;886,791;886,790;886,788;885,787;884,786;884,784;884,783;884,780;884,779;884,778;884,777;884,776;884,775;884,773;884,772;884,771;884,770;884,769;884,768;884,767;884,766;884,765;884,764;885,763;888,762;889,762;889,761;890,761;891,761;892,760;893,760;895,759;896,758;897,757;897,756;898,755;899,755;900,754;901,753;902,752;902,751;902,750;903,749;904,748;905,748;905,747;906,745;907,744;908,743;909,742;911,741;912,741;912,740;913,739;913,738;914,738;915,737;915,736;916,736;916,735;918,734;918,733;919,732;919,731;920,730;921,730;922,729;923,729;924,727;924,726;925,725;926,723;926,722;927,720;928,718;929,718;929,717;930,715;930,713;930,712;930,711;930,710;930,709;930,708;930,707;930,706;930,705;930,704;930,703;930,702;930,701;930,700;930,699;930,698;930,697;930,696;930,695;931,694;931,693;931,692;931,691;931,690;931,689;931,688;931,687;931,686;931,685;931,684;931,683;931,682;930,680;929,680;928,679;927,679;927,678;926,678;924,677;923,676;922,675;922,674;922,673;922,672;922,671;921,670;921,669;921,668;920,666;918,665;917,665;915,665;914,665;912,665;911,665;910,665;909,665;908,665;907,665;905,665;904,665;903,665;901,665;900,665;899,665;898,665;897,665;896,665;895,665;894,665;893,665;892,665;891,664;890,664;889,664;889,663;888,661;887,661;886,660;885,659;884,658;883,658;882,657;882,656;881,655;880,654;878,653;878,652;877,652;877,651;876,651;875,649;875,647;874,647;873,646;872,646;871,646;870,646;868,646;867,646;867,648;867,649;866,650;866,651;865,652;864,653;863,653;863,654;862,654;862,655;862,656;862,657;861,658;860,659;859,659;859,661;858,662;857,662;856,662;856,663;855,664;855,665;853,667;853,668;852,668;852,669;851,670;850,671;849,673;849,674;849,675;849,676;849,677;849,678;849,679;848,680;848,681;848,682;848,684;848,685;847,685;847,686;846,687;845,688;845,689;845,690;845,691;844,692;844,693;843,694;842,694;842,696;842,697;841,698;841,699;840,700;840,701;840,702;840,703;839,703;839,704;838,704;838,705;837,706;835,707;834,708;834,709;833,711;832,711;831,711;830,711;828,711;827,711;826,712;825,712;824,712;823,712;822,712;821,712;819,712;818,712;817,712;815,712;814,712;814,711;814,710;813,710;812,709;812,708;811,707;810,706;810,705;809,704;809,703;809,702;808,702;807,702;806,702;805,702;804,703;803,703;802,703;801,703;798,705;797,706;797,707;796,707;795,707;795,708;794,708;793,709;792,709;790,710;788,711;786,711;785,712;784,712;783,712;782,712;781,712;780,711;779,710;778,709;776,708;776,707;775,706;774,704;773,703;773,702;773,701;773,700;773,699;772,698;771,697;770,697;770,696;769,695;768,694;767,694;766,693;765,693;764,693;763,692;763,691;763,690;763,688;763,687;763,686;763,685;763,684;764,684;
Specular reflection; POLYGON; 191, 91, 22; 791,612;791,614;791,615;791,616;791,617;792,617;793,617;794,618;795,618;795,619;796,619;797,620;797,621;798,621;800,621;801,621;802,621;804,621;806,621;808,621;809,621;810,621;811,621;812,621;813,621;813,620;814,620;815,619;816,618;817,618;818,617;818,616;819,615;820,614;821,614;822,614;823,613;824,613;825,612;826,612;827,612;828,612;829,612;831,610;831,609;832,609;833,608;834,608;835,607;835,606;836,604;836,603;837,602;837,601;837,600;837,599;837,598;837,597;837,596;837,595;837,594;837,593;837,592;837,590;836,590;835,590;834,589;833,589;832,589;830,589;829,589;828,589;827,589;826,589;825,589;824,589;823,589;822,589;821,589;820,589;819,589;817,589;816,589;815,590;814,590;813,591;811,593;810,594;809,595;808,596;807,597;807,598;805,600;804,601;804,602;803,603;802,604;802,605;801,606;800,606;799,606;797,607;797,608;796,609;795,610;794,611;
Specular reflection; POLYGON; 191, 91, 22; 863,514;864,512;865,512;865,511;866,511;867,510;868,510;869,509;870,509;871,508;871,507;872,506;873,506;873,505;873,503;874,503;874,502;874,501;874,500;875,499;876,498;876,497;876,496;876,495;876,494;876,493;875,493;874,493;873,493;872,493;870,493;868,493;867,493;866,493;865,493;864,493;863,493;862,493;861,493;861,494;860,495;859,496;859,497;857,498;856,498;855,499;855,500;855,502;854,503;853,503;852,503;851,504;850,505;849,505;848,506;848,507;848,508;848,509;848,510;848,511;848,512;848,513;850,513;852,513;853,513;854,513;854,514;856,514;858,514;860,514;862,514;864,514;865,514;867,514;870,514;870,513;871,512;872,512;873,511;873,509;
Specular reflection; POLYGON; 191, 91, 22; 865,521;866,521;867,521;868,521;869,521;871,521;872,519;872,518;873,518;873,517;874,517;875,515;876,515;876,514;876,513;876,512;876,511;876,510;876,509;876,508;876,507;876,506;877,505;877,504;878,503;878,501;878,500;878,499;878,498;878,497;878,495;878,494;878,493;878,492;877,492;876,492;875,492;873,492;872,492;871,492;870,492;869,492;867,492;866,492;
Stroma; POLYGON; 128, 128, 128; 841,599;840,598;839,597;838,596;837,595;837,594;837,592;836,591;835,590;834,588;832,587;830,586;828,585;827,585;826,585;823,585;822,585;820,585;818,585;815,585;812,585;812,584;811,584;811,583;811,582;811,581;811,580;811,579;811,578;811,576;811,574;811,573;811,572;811,570;811,569;812,567;812,566;812,565;813,563;813,562;814,562;817,560;818,560;820,559;821,559;822,559;823,558;824,557;824,556;826,556;828,556;830,556;831,556;832,556;833,556;834,556;835,555;836,555;837,555;838,554;839,554;840,553;841,552;843,549;844,549;844,548;845,548;845,547;846,547;847,545;847,544;848,543;849,542;850,542;850,541;852,540;853,540;853,539;853,538;854,536;854,535;855,535;855,534;855,533;856,532;856,531;857,531;858,530;858,529;860,529;862,529;863,529;866,528;866,527;867,527;868,527;869,527;870,525;871,524;871,523;872,522;872,521;872,520;873,519;873,518;874,517;875,516;876,515;877,515;877,513;877,512;877,511;878,510;878,509;878,508;878,507;878,506;878,504;878,503;878,502;878,501;878,500;878,499;878,498;879,497;879,495;880,494;880,493;880,492;880,491;880,490;880,489;880,488;880,487;880,486;880,485;880,484;880,483;880,482;880,481;881,479;881,477;881,476;882,472;882,471;882,470;884,468;885,465;885,464;886,462;887,461;888,461;889,459;890,459;890,457;890,456;891,454;892,454;892,452;892,451;893,450;894,449;894,448;894,447;895,446;895,445;895,444;895,443;896,442;896,440;896,439;896,438;896,437;897,435;898,434;898,432;899,430;899,429;901,428;901,427;901,426;902,424;903,424;903,422;905,421;905,420;906,419;908,419;909,418;909,417;910,417;911,417;911,416;912,416;913,416;915,416;916,416;917,416;918,416;918,415;920,415;921,415;921,414;922,414;924,413;925,413;926,412;926,411;927,410;928,410;928,409;929,409;929,408;930,407;931,406;931,405;932,404;932,403;933,402;934,402;935,400;936,398;936,397;937,396;937,395;937,394;938,393;938,391;938,390;938,389;940,387;940,386;941,385;941,384;941,383;941,382;942,381;942,380;943,379;943,378;943,377;944,376;944,375;944,374;944,373;945,373;946,371;947,370;948,370;948,369;949,367;949,365;950,364;950,363;950,362;950,360;951,359;951,358;951,357;951,356;951,353;951,352;951,351;951,350;951,349;951,348;951,347;951,346;951,345;951,344;951,343;951,342;951,341;951,339;950,339;950,340;950,341;950,342;950,343;950,344;948,346;948,347;948,348;948,349;947,350;947,351;947,352;947,353;947,354;947,355;947,356;947,357;947,359;947,360;947,361;947,362;946,362;946,360;946,359;945,358;945,356;944,356;944,353;943,351;943,350;943,348;943,347;943,346;942,346;942,344;941,341;941,340;941,339;941,338;940,338;940,336;940,335;940,334;940,333;940,332;939,330;939,329;939,328;938,327;938,326;938,325;938,324;938,323;938,322;938,321;938,319;938,318;938,317;938,316;938,315;938,314;938,313;938,312;938,311;938,310;937,309;937,308;937,307;937,306;937,305;937,303;936,302;935,301;934,299;934,298;934,297;934,296;936,296;937,296;938,296;939,296;940,296;941,296;941,297;941,299;941,300;941,301;941,302;941,303;941,304;941,305;941,306;941,307;941,308;942,308;942,309;943,309;943,310;943,311;943,312;944,313;945,314;945,315;945,316;947,318;947,319;948,319;948,320;950,321;951,321;951,322;953,324;954,325;955,326;956,327;957,328;957,329;957,330;957,331;958,331;958,332;958,333;958,335;958,336;958,337;959,337;959,338;960,338;960,339;960,341;960,342;960,343;960,344;961,344;961,345;961,347;962,348;962,349;962,350;962,351;964,352;965,353;965,354;965,355;965,356;965,357;965,358;965,359;965,360;966,360;966,361;966,362;967,363;967,365;967,366;969,367;969,368;969,369;969,371;969,372;969,373;969,374;969,375;969,376;969,377;969,378;969,379;969,380;969,381;969,382;969,384;969,385;969,386;969,387;969,388;969,389;969,391;969,392;969,393;969,394;969,396;969,398;969,399;969,400;969,401;969,403;969,404;969,405;969,406;969,407;969,408;969,410;969,411;969,412;969,414;969,415;969,416;969,417;969,418;968,419;967,420;966,420;965,421;964,421;963,421;961,421;960,422;959,424;958,424;958,425;957,426;956,427;956,428;955,430;955,431;953,431;952,432;951,432;951,433;949,434;948,435;947,436;947,437;946,437;945,438;945,439;944,439;944,440;944,441;944,442;944,443;944,444;944,445;944,446;944,447;945,447;945,449;945,450;945,451;945,452;946,452;946,453;946,454;946,455;946,456;946,457;946,458;946,459;946,461;946,462;946,463;946,464;946,465;946,466;946,467;946,468;946,469;946,470;946,472;946,473;946,475;946,476;946,478;946,479;946,480;947,481;947,482;947,483;947,484;947,485;947,486;947,488;947,489;947,491;947,492;947,493;947,494;947,495;947,496;946,497;946,498;946,499;945,499;945,500;945,502;945,503;944,503;943,504;943,505;943,506;943,507;943,508;942,509;942,510;941,511;941,512;940,512;940,514;940,515;939,516;939,517;939,518;939,520;938,521;937,523;936,524;936,525;936,526;936,527;935,527;935,529;935,530;935,531;934,533;934,534;934,535;934,536;934,537;934,539;934,540;933,541;933,542;933,543;933,544;933,546;933,548;933,549;933,550;933,552;933,553;933,554;933,555;933,556;933,557;933,558;933,559;933,560;933,561;933,562;933,563;933,564;933,565;933,566;932,566;932,567;932,568;932,569;932,571;932,572;932,573;932,574;932,575;932,577;932,578;932,580;932,581;932,583;931,584;931,585;930,585;930,586;930,587;930,589;929,590;929,592;927,595;927,596;926,598;925,599;925,600;923,602;923,603;923,604;922,605;921,605;921,607;919,607;917,606;914,604;911,604;910,604;908,604;907,604;906,604;905,604;904,604;902,604;898,604;895,604;892,604;890,604;887,604;884,604;881,604;880,604;879,604;878,604;876,604;873,604;871,604;869,604;867,604;865,604;863,604;862,604;861,604;860,604;859,604;858,604;856,604;855,604;854,604;853,604;852,603;852,602;852,601;851,601;851,600;849,599;848,599;846,598;844,598;
Stroma; POLYGON; 128, 128, 128; 891,486;889,486;888,486;886,486;884,486;881,487;880,487;878,488;878,489;877,489;876,489;876,490;875,490;875,491;874,491;873,491;872,492;871,492;870,493;869,494;867,494;866,494;864,494;862,495;861,495;860,495;859,496;858,497;858,499;857,500;856,501;855,502;855,503;854,506;854,507;854,508;854,509;854,510;854,511;853,511;853,512;853,513;852,513;850,513;848,514;847,514;846,515;845,515;844,516;843,516;842,516;840,516;839,517;838,517;837,517;836,517;836,519;834,520;833,520;832,520;829,520;826,520;825,520;824,519;823,519;823,518;821,516;819,513;818,512;817,512;817,511;817,510;818,509;819,508;820,507;822,506;822,505;823,505;825,504;826,503;827,503;828,503;829,503;831,502;832,502;833,502;834,500;835,499;836,499;836,498;836,497;836,496;836,495;836,494;836,493;836,492;837,491;839,490;840,490;841,490;845,490;846,490;848,490;849,489;849,488;850,488;850,487;852,486;853,486;853,485;854,485;854,484;855,483;855,482;856,481;857,480;857,479;858,479;859,478;859,477;860,476;861,476;862,475;863,475;864,475;865,475;866,474;867,474;868,474;868,473;869,473;870,473;871,473;872,473;872,472;873,472;875,472;875,471;876,471;877,471;878,470;880,470;881,470;882,470;883,470;884,470;886,470;886,469;887,469;888,469;889,469;890,469;891,469;891,471;891,472;891,473;891,474;891,475;891,476;891,477;891,479;891,480;891,481;891,482;891,483;891,484;891,485;891,486;890,487;889,487;889,489;
Stroma; POLYGON; 128, 128, 128; 856,439;856,440;856,441;856,443;856,445;856,446;856,447;856,448;856,449;856,450;856,452;856,453;856,454;856,455;856,456;856,457;856,458;856,459;856,460;856,461;856,463;855,464;853,466;852,466;851,466;851,467;850,467;850,469;849,470;847,471;846,471;845,471;845,472;844,472;844,473;843,473;843,475;842,476;841,477;841,478;840,479;839,479;837,479;836,479;835,479;834,479;833,479;832,479;831,479;830,479;829,479;828,479;827,479;826,479;824,479;823,478;821,477;821,476;820,475;819,475;819,473;819,472;819,469;819,468;819,466;819,465;818,462;818,461;818,460;818,459;818,457;818,456;818,455;818,454;818,453;818,451;818,450;818,449;818,447;818,446;818,444;818,443;818,442;818,441;818,440;818,438;818,437;818,436;819,436;820,436;822,436;823,436;825,436;826,435;827,435;828,435;829,435;831,435;832,435;832,434;833,433;833,432;834,432;834,431;835,431;836,431;837,430;838,429;839,429;840,429;842,429;843,429;844,429;845,429;846,429;848,429;850,429;851,429;852,429;853,429;854,431;855,432;856,433;856,434;856,435;856,436;856,437;856,438;856,439;856,440;856,441;856,442;856,443;856,444;856,445;856,446;
Stroma; POLYGON; 128, 128, 128; 638,515;637,513;637,512;635,510;634,509;634,508;634,507;634,506;634,505;634,504;634,503;634,502;634,500;634,499;634,498;634,497;634,496;634,495;634,494;634,493;634,492;634,491;634,490;634,489;634,488;634,487;634,486;634,485;634,484;634,483;634,482;634,481;634,480;634,479;635,478;635,476;635,475;636,473;636,472;636,471;636,470;638,468;638,467;638,466;639,465;639,464;640,462;640,461;641,461;641,460;641,459;641,458;642,456;642,455;642,454;642,453;642,452;643,451;643,450;643,449;644,448;645,446;645,445;645,444;646,442;646,441;646,440;646,439;647,438;647,437;647,436;647,435;647,433;647,432;647,431;648,430;648,429;648,428;648,427;648,426;648,425;648,424;649,423;649,422;649,421;649,419;650,418;650,417;651,416;652,415;653,414;653,413;653,412;654,411;656,409;656,407;656,406;657,405;658,405;658,403;659,402;659,399;659,398;659,397;660,396;660,394;660,393;661,392;662,392;662,391;662,389;662,388;662,387;662,386;663,386;663,385;663,384;663,383;663,382;663,381;664,381;664,380;664,379;665,378;665,376;666,375;666,374;667,373;668,372;668,371;668,370;668,369;668,368;668,367;668,366;669,366;669,365;669,363;669,362;670,361;671,360;671,359;671,357;671,356;671,355;672,354;672,353;672,352;672,350;673,349;673,348;674,347;674,346;674,345;674,344;674,342;674,341;675,340;675,339;675,338;678,335;678,334;679,333;679,332;679,331;680,331;680,330;680,329;680,328;680,327;682,325;682,324;682,323;682,322;682,321;682,320;683,320;683,319;684,318;684,317;684,316;684,315;684,314;684,313;684,312;684,311;684,310;684,309;683,309;683,308;683,306;683,305;683,304;683,303;683,302;683,300;683,299;683,298;683,297;683,296;683,294;683,293;683,292;683,290;683,289;683,288;683,287;683,286;683,285;683,284;683,283;683,282;683,281;683,280;683,279;683,278;683,277;683,276;683,275;683,274;683,273;683,272;683,271;683,270;683,269;684,269;684,268;684,267;684,266;684,265;685,264;685,263;685,262;686,261;686,260;686,259;687,258;687,257;688,256;689,256;690,254;691,252;691,251;691,250;691,249;691,248;692,247;692,246;693,246;693,245;693,244;693,243;693,242;694,242;694,240;695,240;696,239;696,238;697,238;697,237;698,236;700,234;702,233;703,233;704,233;706,232;707,231;708,231;709,230;709,229;710,229;711,229;712,228;712,227;713,226;714,226;715,225;715,224;717,223;718,222;718,221;718,220;719,220;719,219;720,218;721,217;721,215;722,214;724,213;725,212;726,212;727,212;728,212;729,212;731,212;733,214;734,216;737,219;738,222;738,225;739,228;740,231;740,233;741,237;741,239;741,240;741,243;741,246;741,248;741,250;741,251;741,253;741,254;741,256;740,258;739,259;738,260;737,261;736,263;735,264;734,265;733,266;733,267;733,268;733,269;732,269;732,270;731,270;731,271;730,271;729,272;728,272;728,274;726,275;725,276;724,277;724,278;724,280;723,280;723,281;722,282;722,283;720,286;720,288;719,289;719,290;719,291;719,292;719,293;718,294;718,295;718,296;718,297;718,298;718,299;718,300;717,301;717,302;717,303;717,304;717,305;717,306;717,307;717,308;717,309;717,310;717,311;717,312;717,314;717,315;717,316;717,317;717,318;717,319;717,320;717,321;717,323;717,324;717,325;717,326;717,327;717,328;716,328;716,329;716,330;715,331;715,332;715,333;715,334;715,335;714,335;714,336;714,337;713,337;713,338;713,339;713,341;713,343;713,344;713,345;713,347;712,348;712,349;712,350;712,352;712,353;712,355;712,356;712,358;712,359;712,360;712,361;712,365;711,367;711,368;711,369;711,371;711,372;711,374;710,375;710,377;710,378;710,379;710,381;708,384;707,387;706,389;706,392;705,397;704,400;703,403;703,404;703,405;703,408;702,410;702,411;702,412;701,416;701,417;700,419;700,422;700,424;700,425;700,427;700,428;700,429;700,431;700,434;700,436;700,438;700,440;700,442;700,443;700,445;700,447;700,448;700,450;700,451;700,452;701,453;701,455;701,457;703,459;703,463;703,464;703,466;703,469;703,470;703,473;703,477;703,478;703,479;703,483;703,484;704,485;704,486;704,487;704,488;704,489;704,491;704,492;704,494;704,495;704,496;704,497;704,498;704,500;704,501;703,502;702,504;701,505;701,506;701,507;700,508;699,509;699,511;698,513;697,513;697,514;696,514;695,515;694,516;692,516;691,516;690,516;689,515;688,513;688,512;688,511;688,510;688,509;688,508;687,507;687,506;687,505;687,504;687,503;687,502;687,501;687,500;687,499;687,498;687,497;687,496;687,495;687,494;686,494;686,493;686,492;684,490;682,488;682,487;681,487;680,487;679,487;679,486;678,486;678,485;676,485;675,485;674,484;673,484;672,484;671,484;669,483;668,483;667,483;666,483;665,483;664,483;663,483;662,483;661,483;660,483;659,484;658,485;657,485;656,486;655,487;654,489;653,489;653,490;652,492;652,493;652,494;651,495;651,496;651,497;651,498;651,499;651,500;651,502;651,503;651,504;651,505;651,506;651,507;651,508;651,509;652,510;652,511;652,512;652,513;652,515;652,516;652,517;652,518;652,519;652,520;652,522;652,523;652,524;652,525;652,526;651,528;651,529;650,529;650,530;650,531;648,532;647,532;646,532;644,532;643,532;642,532;641,532;639,532;638,532;638,531;637,530;637,528;637,527;637,526;637,525;637,524;637,523;637,522;637,521;637,520;637,519;637,518;637,517;636,516;636,515;636,514;636,512;636,511;636,510;635,510;635,509;635,508;635,507;635,505;635,504;633,503;633,502;633,500;
Stroma; POLYGON; 128, 128, 128; 620,630;620,629;620,628;621,627;621,626;621,625;621,624;621,622;621,621;621,620;621,619;621,617;622,616;623,615;623,614;623,613;623,612;623,611;623,609;623,608;624,608;624,606;624,605;624,604;624,603;624,602;626,601;626,600;626,599;627,598;627,597;627,596;627,595;628,592;628,591;628,590;628,589;628,588;628,587;628,585;628,584;630,582;630,581;630,580;630,578;630,577;630,576;630,575;630,573;630,571;631,570;632,569;633,568;633,569;633,570;633,571;633,572;633,573;633,574;633,577;633,578;633,580;633,582;633,583;633,584;633,585;633,586;633,588;633,589;633,590;633,592;633,593;633,594;633,595;633,596;633,597;633,598;633,599;633,601;633,602;633,603;633,604;633,605;633,606;633,608;633,609;633,610;633,611;633,613;633,614;633,615;633,616;633,618;633,620;633,621;633,622;633,623;633,624;633,626;633,627;633,628;633,629;633,631;633,633;633,634;633,635;633,636;633,637;633,638;633,640;633,641;632,641;631,641;630,641;629,641;628,640;628,639;627,638;626,637;625,636;624,635;624,634;624,632;624,631;624,630;623,630;623,628;623,627;623,626;622,625;
Vein; POLYGON; 63, 72, 204; 565,494;565,493;566,493;566,491;566,490;566,489;567,487;567,486;567,484;568,483;569,481;569,480;569,479;569,477;569,476;569,475;569,474;569,473;569,472;569,471;569,470;569,469;569,468;569,465;570,464;570,463;570,462;571,462;571,461;571,460;572,460;572,459;572,458;573,458;573,457;574,457;574,456;574,455;574,454;575,454;576,454;576,453;576,452;576,451;577,451;577,450;578,449;578,448;579,448;579,447;579,446;579,445;580,444;580,442;580,441;580,440;581,439;581,438;582,438;582,437;582,436;582,435;582,434;583,432;583,431;583,430;583,429;583,428;584,427;584,426;584,425;585,423;585,422;586,421;587,421;587,420;588,418;588,417;588,416;588,415;588,414;588,413;588,412;588,411;588,410;588,409;588,408;588,407;588,405;588,404;588,403;588,402;588,401;588,400;588,398;588,397;588,396;588,395;588,394;588,392;588,391;588,390;588,389;589,388;590,387;590,385;590,384;591,383;591,382;592,380;593,380;593,379;594,378;595,376;595,374;598,373;598,372;600,370;601,368;602,367;603,366;603,364;604,363;604,362;605,361;605,360;606,359;606,358;606,357;606,356;606,354;607,354;607,352;607,351;608,348;608,347;608,346;609,344;609,343;609,341;610,340;610,339;611,337;611,335;611,334;611,333;611,332;611,330;612,328;612,327;613,325;613,324;613,323;613,322;613,321;613,320;614,318;615,317;615,316;615,315;616,314;617,313;617,311;618,309;618,308;618,307;619,306;620,304;621,303;621,302;622,302;622,301;623,299;624,297;625,296;625,295;626,293;627,293;629,295;630,296;632,296;632,297;632,298;632,300;632,302;632,306;634,307;634,309;634,310;634,313;634,316;634,318;634,321;634,324;634,326;635,327;635,329;635,331;635,332;635,334;635,336;635,338;635,340;635,344;632,346;631,349;630,350;630,351;628,353;627,355;626,356;626,357;626,358;626,359;625,361;624,362;623,363;621,364;620,366;620,367;620,368;619,370;617,371;617,373;617,374;617,375;615,377;615,378;615,379;614,380;614,382;613,385;613,386;613,387;613,388;613,389;613,391;613,392;613,393;613,394;613,396;613,398;612,398;612,399;612,400;612,401;612,402;612,404;611,405;611,406;611,408;611,409;611,410;611,411;611,413;610,415;609,417;609,418;608,420;608,421;608,422;607,422;607,423;606,423;606,424;606,425;606,426;605,427;605,429;604,430;603,431;603,432;603,433;602,433;602,435;601,436;600,438;599,439;598,439;598,440;597,443;597,444;597,445;596,446;595,447;595,448;595,450;594,450;594,451;593,453;592,453;592,454;592,456;591,457;591,458;590,458;590,459;590,460;590,461;590,462;590,463;589,464;589,465;589,466;587,467;587,468;587,469;587,470;586,471;586,472;586,473;585,475;585,476;585,477;584,478;584,479;582,482;582,483;581,485;581,486;580,486;580,488;579,490;578,491;577,491;576,491;575,491;574,491;573,491;572,491;572,492;571,493;570,494;569,494;569,495;568,495;
Stroma; POLYGON; 128, 128, 128; 625,532;625,534;625,535;625,536;625,538;625,539;625,541;625,542;625,543;625,546;625,547;625,548;625,550;625,551;625,552;625,553;625,554;625,556;625,557;625,558;625,559;625,560;625,562;625,563;627,564;627,565;627,566;628,566;628,567;628,568;628,569;628,570;628,571;628,572;628,574;629,574;629,575;629,576;630,577;630,579;630,580;630,581;630,582;630,583;630,584;630,586;630,587;630,588;630,589;630,591;630,592;630,593;630,594;630,595;630,596;630,597;630,599;630,600;630,601;630,603;630,604;630,605;630,606;630,607;630,609;629,611;629,612;629,613;629,615;629,616;629,617;629,618;629,619;628,622;627,622;627,623;627,624;626,625;626,626;625,628;625,630;624,631;623,633;623,634;623,635;623,636;622,637;622,638;621,639;620,641;620,642;619,642;616,642;615,643;614,643;613,644;612,645;611,647;611,648;611,649;610,650;610,651;610,652;610,653;610,654;610,655;609,656;609,657;609,659;609,660;609,661;609,662;609,663;608,664;608,666;607,667;607,668;606,669;606,671;605,672;605,673;604,673;604,674;603,674;603,675;603,676;602,676;602,677;601,678;601,680;601,681;601,682;601,683;601,684;601,685;601,686;601,687;601,689;601,691;601,692;601,693;601,694;600,695;600,696;600,698;600,699;600,700;600,701;599,701;598,702;598,704;598,705;598,706;598,707;597,708;597,709;597,711;597,712;597,713;597,714;595,715;595,716;595,718;594,719;594,720;594,721;594,723;593,724;593,725;592,727;592,728;592,730;592,731;592,732;592,733;592,734;591,736;591,737;590,737;590,738;590,739;590,740;590,742;589,743;589,744;589,745;589,746;589,747;589,748;589,749;589,750;588,751;588,752;588,753;588,754;587,755;587,756;587,757;587,758;587,760;587,761;586,762;586,763;584,764;583,766;582,768;581,768;581,769;581,770;581,771;581,772;580,773;580,774;579,774;579,775;579,776;579,778;578,779;578,780;578,781;577,781;577,782;577,783;577,785;577,786;577,787;577,788;577,789;577,790;577,791;577,792;577,793;577,794;577,795;577,796;577,797;577,798;577,799;577,800;577,801;578,802;578,803;579,803;580,803;580,804;581,804;582,805;583,805;583,806;584,806;585,808;586,809;587,810;588,810;589,811;590,811;591,811;591,812;592,812;593,812;594,812;594,813;595,814;595,815;596,815;596,816;597,817;597,818;597,820;597,821;598,821;598,822;598,823;599,824;599,826;599,827;600,828;600,829;601,829;601,830;602,831;603,833;604,833;604,834;605,834;606,834;607,836;608,836;609,836;610,836;612,837;615,838;616,838;617,839;618,839;620,839;622,839;623,839;626,839;627,839;629,839;631,839;632,839;633,839;634,839;636,839;637,839;639,839;641,839;644,839;647,839;649,839;651,839;652,839;655,839;656,839;657,839;658,839;659,839;660,839;661,839;663,839;665,839;668,839;669,839;670,839;672,838;672,837;674,837;675,837;676,836;678,835;679,835;680,835;682,833;683,832;684,831;685,830;685,829;686,827;687,826;687,825;688,825;688,824;689,824;690,822;691,822;692,820;693,819;693,818;693,817;692,817;691,816;690,816;689,815;688,814;688,813;687,813;687,812;686,812;685,811;684,811;684,810;683,810;683,809;682,808;682,807;682,806;681,806;680,805;679,804;679,803;677,801;676,800;675,799;674,798;673,798;673,797;673,795;672,794;671,793;671,792;671,791;671,790;671,789;671,788;671,787;671,786;671,785;671,784;671,783;671,782;671,781;671,780;671,779;671,778;671,777;671,776;670,775;670,774;670,773;670,772;670,771;670,770;670,769;670,768;670,767;670,766;671,764;674,762;675,762;676,760;677,759;678,759;679,758;680,758;681,757;681,756;682,756;683,755;684,755;685,754;686,754;687,753;688,753;688,751;688,750;688,749;688,748;688,747;687,746;686,745;686,744;685,743;684,743;684,742;683,742;682,741;681,741;680,741;679,741;678,740;676,740;673,740;672,740;671,740;669,740;667,740;666,740;665,740;663,740;662,739;662,738;661,738;660,738;659,738;657,738;656,738;655,738;654,738;653,738;652,738;651,738;650,738;649,738;648,738;646,738;645,738;644,738;643,738;642,737;640,737;639,737;639,736;638,736;637,735;637,734;636,734;636,733;636,732;636,731;636,730;635,730;635,729;635,728;635,727;635,726;635,725;635,724;635,723;635,722;635,721;635,720;635,719;635,718;635,717;635,716;635,715;635,714;635,713;635,712;635,711;635,710;635,709;635,708;635,707;635,706;635,705;635,704;635,703;635,702;635,701;635,700;636,698;636,697;636,696;636,695;637,694;637,693;637,692;637,691;637,690;638,689;638,688;638,687;640,686;640,684;640,683;640,682;641,681;641,680;642,678;642,677;643,676;644,676;644,675;644,674;644,673;644,671;644,670;645,670;645,669;645,668;645,667;645,666;645,665;645,664;645,663;645,661;645,660;645,659;645,658;645,657;645,656;645,655;645,654;645,653;645,652;644,652;643,651;643,650;643,649;643,648;643,647;643,646;643,645;643,643;643,642;643,641;643,640;643,639;643,636;643,635;643,634;643,633;643,632;643,630;643,629;643,628;643,627;643,626;644,624;644,623;646,622;646,621;647,621;647,620;647,618;648,617;648,616;648,614;648,613;648,611;649,610;649,609;650,609;650,608;650,607;650,606;650,605;650,604;650,603;650,602;650,601;650,600;650,599;650,598;650,597;650,596;650,595;650,594;650,593;650,592;650,591;650,590;650,588;650,586;650,584;650,582;650,581;650,580;650,577;650,574;650,573;650,570;650,569;650,568;650,567;650,566;649,564;649,563;648,562;647,559;646,557;644,555;644,554;643,551;643,550;642,550;642,549;640,548;639,546;638,546;637,545;635,544;634,542;633,542;633,541;631,540;630,539;629,539;627,539;626,538;625,538;624,537;624,536;623,536;622,534;620,532;619,531;617,530;616,529;616,528;615,527;
Stroma; POLYGON; 128, 128, 128; 575,433;575,432;575,431;575,430;575,429;575,428;575,427;575,426;576,425;576,424;577,423;577,422;577,421;577,420;577,419;577,418;577,417;578,416;579,416;580,415;581,415;582,415;582,414;583,414;584,414;585,413;585,412;585,411;585,410;585,409;585,408;585,407;585,406;585,405;585,404;585,403;585,402;585,400;585,399;586,398;586,397;586,396;586,395;587,395;587,393;588,392;588,390;589,389;589,387;589,386;589,385;589,384;590,384;590,383;590,381;591,380;592,380;592,379;593,379;593,378;594,377;595,376;595,375;596,374;596,373;596,372;596,371;596,369;596,368;597,368;597,367;597,366;598,366;599,365;599,364;599,363;599,362;600,361;600,360;600,359;601,358;602,357;602,356;603,355;603,354;603,353;604,352;605,350;605,349;606,349;607,349;607,348;607,347;608,346;608,345;608,344;609,343;609,342;609,341;609,340;609,338;609,337;609,336;610,335;610,333;610,332;611,332;611,331;611,330;611,329;611,328;611,327;611,326;612,326;612,325;613,325;613,324;613,322;613,321;613,320;613,319;613,318;613,317;614,317;614,315;614,314;614,313;615,312;616,312;616,311;616,310;617,309;617,308;618,307;619,307;619,306;619,305;620,305;620,304;620,303;621,303;621,302;622,301;622,300;623,298;624,297;624,296;625,295;625,294;625,293;627,292;627,291;628,290;628,289;628,288;629,287;630,286;630,285;630,283;630,282;630,281;630,280;630,279;631,279;631,278;631,277;631,276;631,274;631,273;631,272;631,271;631,270;631,269;631,268;632,267;632,266;632,265;632,264;632,263;632,262;632,261;633,260;633,259;633,257;633,256;633,254;634,254;634,253;635,251;635,250;635,248;636,247;636,245;636,244;638,243;638,242;638,240;638,239;639,239;639,238;639,237;639,236;639,235;639,234;639,233;640,232;640,231;640,230;640,229;640,228;640,227;640,226;640,225;640,224;641,223;641,221;641,220;642,218;642,217;642,216;642,215;642,214;642,213;642,212;642,211;642,210;643,208;643,206;643,205;643,204;643,202;643,201;643,199;643,198;643,197;644,196;644,195;644,194;644,193;644,192;644,191;645,190;646,190;648,189;649,188;649,187;649,186;649,185;649,184;649,183;649,181;649,180;650,180;650,179;650,178;650,177;651,177;651,176;651,175;651,174;651,173;651,172;651,171;652,169;652,168;652,167;653,166;654,165;654,164;654,163;654,161;654,160;655,159;655,158;656,156;656,155;656,154;656,153;656,152;656,151;657,150;657,149;657,148;657,147;657,146;659,144;659,143;659,142;659,141;660,141;660,140;661,138;661,137;661,136;662,135;662,134;662,132;662,131;662,130;662,129;662,128;662,127;662,126;662,125;663,123;664,122;664,121;664,120;664,119;664,118;664,117;664,116;664,115;664,113;664,112;664,111;664,110;666,109;666,107;666,106;666,105;666,104;666,103;666,102;666,101;666,100;666,99;666,98;666,97;666,96;666,95;666,94;666,93;666,92;667,92;667,91;667,90;667,89;667,88;667,87;667,86;667,84;667,83;667,82;668,82;668,81;669,78;670,77;670,76;670,75;671,75;671,74;671,73;672,72;672,71;672,70;672,69;672,68;673,68;673,66;673,65;673,64;674,64;674,63;674,62;675,61;675,60;675,59;676,59;676,58;676,57;676,55;677,54;677,53;677,52;678,51;678,50;679,49;679,48;680,48;681,46;682,45;683,44;684,42;684,41;685,41;686,40;686,39;687,38;688,37;688,36;688,35;689,35;689,34;689,33;690,32;691,31;691,29;692,29;692,27;693,27;693,26;693,25;693,24;693,23;694,23;695,22;695,21;696,20;696,19;696,18;696,17;697,17;697,16;697,15;697,13;697,12;698,11;698,10;698,9;698,7;698,6;698,5;697,5;696,5;695,5;694,5;693,5;692,5;691,5;690,6;689,6;689,7;688,7;687,7;685,7;684,7;683,7;682,7;681,7;680,7;679,8;678,8;677,8;676,8;675,8;674,9;672,10;671,10;668,12;667,12;665,13;664,13;662,14;661,14;660,15;659,15;658,16;657,16;654,18;654,19;653,19;651,20;650,21;648,21;646,23;643,25;641,26;639,28;636,30;634,33;632,35;629,35;627,37;626,39;625,40;623,42;622,42;622,43;621,44;621,45;620,45;619,46;618,46;618,47;617,48;616,48;615,50;614,51;613,52;613,53;612,53;612,54;611,55;610,56;608,58;607,60;607,63;605,65;604,68;604,71;602,72;601,73;601,76;600,78;599,79;599,82;599,84;599,85;599,86;599,87;598,88;598,89;598,90;598,91;598,93;598,95;597,97;597,98;596,99;596,100;596,101;596,102;596,104;596,105;596,107;596,108;596,109;596,110;595,113;595,114;594,114;594,116;594,118;593,119;592,120;592,123;592,126;591,128;590,131;590,133;589,135;588,138;588,140;588,144;588,146;587,148;586,151;586,154;586,156;585,160;585,163;584,167;582,171;581,177;579,183;578,190;577,196;576,203;576,209;575,214;575,218;575,223;575,226;575,230;574,233;574,236;573,239;572,242;572,245;571,247;571,250;570,253;569,256;568,259;568,263;567,266;566,268;565,271;565,274;563,276;562,279;561,282;560,284;558,287;557,290;556,293;555,296;554,298;553,301;552,304;552,307;551,310;550,312;549,314;549,315;549,316;549,318;549,320;549,322;549,324;549,325;549,326;549,328;549,332;549,333;549,334;549,336;549,339;549,341;549,345;549,348;549,350;549,353;549,354;549,355;549,358;549,361;549,364;549,367;549,369;549,370;549,372;549,373;550,375;550,377;550,379;550,380;550,381;550,384;550,385;550,386;550,389;550,391;551,395;552,397;552,399;552,400;552,401;552,403;552,404;552,406;553,408;553,409;553,410;554,411;555,412;556,413;556,414;556,415;556,416;556,417;557,417;557,418;557,420;558,420;558,421;559,421;560,422;561,423;561,424;562,425;563,426;564,426;564,427;565,427;566,427;568,428;569,428;570,428;571,428;572,428;573,428;574,428;575,428;
Stroma; POLYGON; 128, 128, 128; 83,246;83,245;83,244;82,243;81,242;80,241;78,240;77,240;76,239;74,238;73,237;72,237;71,236;70,235;69,234;68,234;67,233;66,232;65,232;65,231;64,230;63,230;63,229;62,228;62,227;61,226;61,225;61,224;61,223;61,222;60,221;59,220;59,219;59,218;58,217;58,216;58,215;56,214;56,213;55,212;54,211;53,209;53,208;52,207;52,206;51,206;50,204;50,203;50,202;50,201;50,200;49,198;49,197;48,196;48,195;48,194;47,193;47,192;47,191;46,189;45,188;45,187;45,186;44,185;44,184;44,183;44,182;43,181;43,180;42,179;42,177;42,176;41,176;41,175;39,174;39,173;39,171;38,169;38,167;37,166;37,165;37,164;37,162;37,161;37,160;37,159;37,157;37,155;37,154;37,153;37,151;37,150;37,149;37,148;37,147;37,145;37,144;38,143;39,141;39,139;40,138;41,137;42,135;45,132;45,131;46,131;48,129;49,127;51,125;52,124;53,123;54,122;54,121;55,120;57,119;59,118;61,116;62,114;63,112;65,112;65,111;66,111;66,110;68,109;69,107;70,107;71,105;72,104;73,103;74,101;75,100;76,99;77,98;77,97;78,96;79,96;80,94;81,94;82,93;84,91;85,90;86,89;87,88;88,86;89,85;90,84;91,84;92,82;93,82;95,82;96,81;97,79;100,76;103,75;104,74;105,73;105,72;107,70;109,68;110,67;111,65;112,65;113,65;116,64;116,63;117,63;117,61;119,61;120,58;122,57;124,56;126,55;127,55;128,53;129,52;129,51;130,50;131,50;132,50;133,49;133,48;133,47;134,47;135,46;137,46;138,46;140,45;142,44;143,43;145,41;148,40;149,39;150,39;151,38;152,38;154,37;155,36;157,34;159,34;161,34;162,32;163,32;165,32;167,30;168,30;169,30;170,28;171,28;172,28;173,27;174,26;175,26;176,25;177,25;178,25;179,25;179,24;180,23;181,22;182,22;184,21;184,20;186,20;187,19;188,19;189,19;190,17;191,17;192,17;192,16;193,15;194,15;195,15;196,15;197,14;198,14;199,14;201,14;203,13;204,13;205,12;206,12;207,11;208,11;209,11;210,11;210,10;211,10;212,10;214,9;215,9;217,9;218,8;219,8;220,7;220,6;222,5;223,5;224,4;225,4;226,4;227,4;228,4;229,3;230,3;231,3;232,3;233,3;234,3;236,3;237,3;238,3;240,3;242,3;243,3;244,3;245,3;246,3;247,3;248,3;249,3;251,3;252,3;253,3;254,3;255,3;256,3;257,3;258,3;259,3;261,3;262,3;264,3;265,3;266,3;267,3;269,3;271,4;272,4;274,5;275,6;276,7;277,7;277,8;277,9;277,11;277,12;277,13;275,14;274,14;273,15;272,15;272,17;271,17;271,18;270,18;269,18;268,18;267,20;266,20;265,20;265,21;264,21;263,21;262,21;261,21;260,21;259,23;258,23;257,23;256,23;255,23;254,23;252,23;251,23;250,23;249,23;248,23;247,23;246,23;245,23;244,23;243,23;242,23;241,23;240,23;239,23;238,23;237,23;236,23;235,24;234,24;233,25;232,25;231,25;228,26;227,26;226,27;224,28;224,29;223,29;223,30;222,31;222,32;222,33;222,34;222,36;222,37;222,38;222,39;222,40;222,41;222,43;222,44;222,46;222,47;222,48;222,49;222,50;222,51;222,52;222,53;222,54;222,55;222,56;222,57;221,57;220,57;219,58;218,58;217,58;216,58;215,59;214,59;214,60;214,61;212,62;211,62;209,62;208,62;206,62;203,63;203,64;202,64;199,65;197,66;195,66;193,67;191,68;190,68;188,69;187,70;186,70;184,72;183,73;182,74;181,74;180,76;178,77;178,78;176,80;175,81;173,83;172,84;171,84;170,87;169,88;168,90;166,93;165,94;164,96;163,97;163,99;162,101;161,102;161,103;159,104;158,105;158,106;156,107;155,109;154,109;153,112;152,113;151,115;150,115;147,118;145,119;143,121;141,123;140,125;137,128;136,129;132,133;132,135;129,136;128,138;126,141;125,144;121,147;119,151;116,154;115,157;113,160;111,164;111,165;110,167;108,169;108,171;107,173;106,173;106,175;106,176;106,178;105,179;105,180;105,181;104,181;104,183;104,184;104,185;104,188;103,189;102,191;102,193;101,195;99,198;99,200;96,203;95,205;94,207;91,210;91,212;88,215;87,217;84,221;83,223;81,226;80,227;80,229;80,230;79,231;79,232;78,233;77,234;77,235;77,236;77,237;
Stroma; POLYGON; 128, 128, 128; 213,924;212,924;209,924;207,924;203,924;200,924;197,924;194,924;192,924;189,924;186,924;183,924;181,924;177,924;174,924;172,924;170,924;168,924;166,924;164,924;163,924;161,924;159,924;157,924;155,924;154,924;153,924;152,924;151,924;149,924;148,924;147,924;146,924;145,924;144,924;143,924;142,924;141,924;140,924;137,923;136,923;135,923;133,921;131,921;130,920;129,919;128,919;126,919;125,919;123,917;123,916;122,916;120,916;120,915;118,914;117,914;114,913;113,913;112,911;111,910;110,908;110,907;109,906;109,905;109,904;108,903;108,902;107,901;107,900;107,899;107,898;107,897;107,896;107,894;107,893;106,891;105,888;105,886;105,884;105,882;104,881;104,879;104,877;104,876;103,874;103,873;103,872;102,870;102,869;102,868;101,867;100,866;100,865;99,863;98,861;98,860;97,858;97,857;96,855;94,852;93,851;91,850;91,848;90,848;89,846;89,845;88,845;88,844;88,843;88,842;87,840;86,839;85,838;84,836;84,834;83,833;83,832;82,831;81,830;81,828;80,827;79,826;79,825;78,824;77,822;76,821;75,820;74,820;74,818;73,816;71,815;69,813;67,810;67,809;65,807;64,805;63,805;62,804;61,803;59,802;57,800;54,796;53,795;51,794;50,793;49,790;48,790;46,789;45,788;44,787;43,785;42,784;41,783;41,781;41,780;40,779;40,778;39,778;39,777;39,776;39,775;38,773;37,771;37,770;35,769;35,768;34,766;34,765;32,763;32,762;32,761;32,759;31,758;31,757;30,756;30,754;29,752;28,751;27,749;26,746;24,745;22,743;22,741;21,739;20,738;20,737;19,735;18,734;18,733;17,733;17,732;16,729;15,729;15,727;14,727;13,726;12,725;11,723;10,722;10,721;9,720;9,718;9,717;8,717;8,716;8,715;7,713;7,711;7,710;7,709;6,708;6,707;5,707;5,706;5,704;5,703;4,702;4,701;4,699;4,698;4,697;4,695;3,693;3,691;2,691;2,690;2,689;2,688;2,687;2,686;2,685;1,684;1,683;1,681;1,680;0,679;0,677;0,676;0,675;-1,674;-1,673;-1,671;-1,668;-1,667;-2,666;-2,665;-2,663;-2,661;-2,660;-2,659;-2,658;-2,656;-2,655;-3,655;-3,654;-3,652;-3,651;-3,649;-3,648;-3,647;-3,646;-3,645;-3,644;-3,643;-3,642;-3,641;-3,640;-3,639;-3,638;-3,637;-3,636;-3,635;-3,633;-3,632;-3,630;-3,629;-3,628;-3,627;-3,626;-3,625;-3,623;-3,622;-3,621;-3,620;-3,619;-3,616;-3,615;-3,613;-3,611;-3,609;-3,608;-3,606;-3,605;-3,604;-3,603;-3,602;-3,600;-3,599;-3,598;-3,597;-3,596;-3,595;-3,593;-3,591;-3,589;-3,588;-3,587;-3,586;-3,584;-3,583;-3,582;-3,581;-3,580;-3,578;-3,577;-3,576;-3,575;-3,574;-3,573;-3,572;-3,571;-3,570;-3,569;-3,568;-3,566;-3,565;-3,564;-3,563;-3,562;-2,562;-1,562;1,561;3,561;4,561;5,560;5,559;6,559;7,559;8,559;9,560;10,561;12,565;14,566;15,569;17,571;17,572;18,573;19,575;19,578;19,580;19,582;20,585;21,587;22,590;24,593;27,596;27,599;28,602;28,605;30,607;30,608;30,611;32,613;33,615;33,618;34,620;35,621;36,625;40,627;41,629;43,632;43,634;44,636;44,637;46,640;46,642;47,644;48,647;50,650;51,653;52,655;53,658;53,660;54,661;56,663;57,665;58,667;59,670;60,672;60,674;63,678;66,682;69,687;70,692;73,696;76,701;79,706;82,710;83,715;85,719;87,723;88,726;88,730;89,736;91,741;93,747;95,752;97,756;99,761;100,764;102,769;103,772;105,776;106,781;108,785;110,790;113,794;115,799;117,804;118,807;121,811;124,816;127,821;130,827;131,831;133,836;136,840;139,846;141,851;144,857;147,863;149,867;152,872;155,877;158,880;160,884;163,888;166,892;168,895;170,899;171,900;173,901;174,904;176,906;178,908;179,909;180,910;181,911;183,913;184,915;185,915;186,916;186,917;187,918;187,919;188,919;188,920;189,921;190,921;190,922;191,922;192,923;193,924;193,925;194,925;195,925;196,926;197,926;198,926;200,926;201,926;202,926;203,926;204,926;205,926;206,926;207,926;208,926;209,926;
Stroma; POLYGON; 128, 128, 128; 706,245;705,244;705,242;705,241;705,240;705,238;705,237;705,236;705,235;705,234;705,232;705,231;706,231;706,230;706,229;706,228;707,227;707,226;707,225;707,224;707,223;708,222;708,221;708,220;708,219;708,218;709,217;709,216;709,215;709,214;709,213;709,212;710,211;710,209;711,209;712,207;712,206;713,206;713,205;713,204;713,203;713,202;713,200;714,199;715,198;715,197;715,196;715,195;715,194;715,193;715,192;715,191;716,191;716,188;716,187;717,186;717,185;718,184;718,183;718,182;718,181;718,180;719,178;719,177;720,174;720,173;720,171;721,168;721,167;722,166;722,165;722,163;722,162;722,161;722,160;722,159;724,157;724,156;725,155;725,154;725,153;725,152;725,151;725,150;725,149;726,149;726,148;726,146;726,145;727,144;727,143;728,141;728,140;729,138;729,137;729,136;729,134;729,132;730,131;730,129;730,128;731,127;731,126;731,125;731,123;731,121;731,120;731,119;731,118;731,117;731,115;731,114;732,113;732,112;732,111;733,108;733,107;733,106;733,105;733,104;733,103;733,102;733,100;733,99;733,98;733,97;733,96;733,95;735,94;735,92;735,91;735,90;736,89;736,87;737,86;737,85;737,84;737,83;737,82;737,81;738,80;738,79;738,78;739,77;739,76;740,76;740,75;741,75;741,73;741,72;741,71;742,70;742,69;743,67;743,66;743,64;743,63;744,61;744,60;744,59;745,58;746,58;746,55;747,54;747,53;747,52;748,50;748,49;749,48;749,47;750,46;750,45;751,44;752,42;753,41;753,39;756,38;757,37;757,36;758,35;758,34;759,33;760,32;761,31;761,30;762,30;763,29;764,28;764,27;766,26;767,24;768,24;769,23;770,22;770,21;770,20;771,20;772,19;773,19;774,18;774,17;775,17;776,16;777,15;778,14;779,14;780,14;781,13;783,12;784,12;786,12;788,12;789,11;790,11;793,9;794,9;796,9;797,8;799,8;800,8;801,8;802,8;804,8;805,8;806,8;808,8;809,8;811,8;812,8;813,8;814,8;815,8;816,8;817,8;818,8;819,8;821,8;822,8;823,8;824,8;825,8;826,8;827,8;828,8;829,9;830,10;831,10;832,10;833,11;834,12;835,14;836,15;837,16;837,17;837,18;837,19;837,20;837,21;837,22;838,22;838,23;838,24;838,26;838,27;838,28;838,29;838,30;838,31;838,34;838,35;838,36;838,38;838,39;838,40;838,41;838,42;838,43;838,44;838,45;838,46;838,47;838,49;838,50;838,51;838,53;838,55;837,56;836,58;836,59;835,62;835,63;834,64;833,65;832,68;832,69;831,70;831,71;830,72;830,74;829,75;828,78;826,81;826,82;826,83;825,84;823,89;821,90;820,92;818,96;816,97;814,99;812,103;810,104;807,107;804,110;803,112;800,114;798,117;793,120;790,124;787,126;785,128;783,131;781,132;779,134;776,138;774,140;772,142;771,144;768,147;765,152;763,154;762,157;759,160;758,162;755,165;753,168;751,170;750,173;749,173;747,176;745,179;745,180;744,182;743,183;742,185;741,185;739,187;737,189;737,191;736,192;735,193;734,194;733,195;732,198;731,198;731,199;731,200;729,201;729,203;727,204;727,205;726,206;725,207;724,208;723,209;722,211;722,212;721,212;721,213;720,214;719,217;718,218;717,218;716,219;716,220;716,221;715,223;714,223;714,224;714,225;713,225;713,226;713,227;712,227;712,229;711,229;711,230;710,231;709,233;709,235;709,236;709,237;709,238;709,239;709,241;709,243;709,244;709,245;709,246;709,247;709,248;708,249;707,249;706,251;705,251;
Vein; POLYGON; 63, 72, 204; 536,696;535,695;534,695;533,694;532,694;531,694;530,694;529,694;528,694;527,694;527,692;526,691;525,690;524,689;523,688;522,688;521,688;520,688;520,689;520,690;520,691;520,692;520,693;520,694;520,696;521,697;521,698;522,698;523,698;523,699;524,699;525,700;526,700;528,701;529,702;530,703;531,703;532,703;533,704;534,705;534,706;535,709;535,710;535,711;535,713;535,714;535,716;535,717;536,717;536,718;536,719;536,720;537,720;537,721;537,722;538,723;539,723;539,724;540,725;540,726;541,726;541,727;541,728;541,729;541,730;541,731;542,732;542,733;542,734;542,735;542,736;542,737;543,737;543,738;544,738;544,739;544,740;545,741;546,741;547,741;548,742;549,743;550,743;550,744;551,746;552,747;553,749;553,750;553,751;553,753;554,754;555,755;555,757;556,757;556,759;556,760;558,761;558,762;560,763;560,764;561,765;561,766;562,767;563,768;563,769;563,770;564,770;564,772;564,773;565,773;565,774;565,775;566,775;567,776;568,777;568,778;569,779;570,780;571,781;571,782;572,783;572,784;573,785;574,783;575,781;575,780;575,779;576,779;576,778;576,777;576,776;577,776;578,775;578,774;578,773;579,773;579,772;580,771;581,771;582,771;582,770;583,769;583,768;583,767;583,766;583,764;583,763;583,762;583,761;583,760;583,759;583,758;583,757;583,756;583,754;584,753;585,752;585,751;585,750;585,749;586,748;586,747;586,746;587,746;587,745;588,745;588,744;589,743;589,742;589,741;589,740;589,739;589,738;590,736;590,735;590,734;591,733;591,732;591,731;591,730;591,729;591,728;591,727;591,726;592,726;592,725;592,724;592,723;593,722;593,721;593,720;594,719;594,718;594,717;595,716;595,715;595,714;595,713;596,713;596,712;596,711;596,710;597,710;597,709;598,707;598,706;598,705;598,704;599,703;599,702;600,701;600,700;601,698;602,697;602,695;602,693;602,692;603,692;604,691;604,690;604,689;605,688;605,687;605,686;606,685;606,684;606,683;606,682;606,681;606,680;606,679;606,678;606,677;607,677;607,676;607,675;607,674;607,673;608,673;608,672;608,671;608,670;608,669;608,668;608,667;608,666;608,665;608,663;608,662;608,660;608,659;608,658;609,657;609,655;609,654;610,654;611,653;612,650;613,649;613,648;614,647;614,645;615,643;616,642;616,641;617,641;617,640;617,639;617,638;617,636;617,635;617,634;617,633;617,632;617,631;617,630;617,629;617,628;617,627;616,627;615,627;614,627;613,627;612,627;611,627;610,627;609,627;608,627;607,627;605,627;604,627;602,627;600,628;599,628;598,628;597,628;595,628;594,628;593,628;591,628;590,628;588,628;585,628;583,628;582,628;580,628;578,628;577,628;576,628;575,628;574,628;573,628;572,627;571,627;570,625;570,624;569,623;569,622;569,621;568,619;568,618;568,617;568,616;567,615;566,613;566,612;566,611;566,610;565,609;565,608;565,606;565,605;564,604;564,603;563,602;563,601;563,599;563,598;563,597;563,596;563,595;563,593;563,592;563,591;563,590;563,588;563,586;563,584;563,583;563,581;563,580;563,579;563,578;563,577;563,576;563,575;563,574;563,573;563,572;563,571;563,570;563,569;563,568;563,567;563,564;563,563;563,562;563,561;563,560;563,559;563,558;563,557;563,556;563,555;563,554;563,553;563,552;563,551;563,550;563,549;563,548;563,547;563,545;563,544;563,543;562,543;561,543;559,543;558,543;557,543;556,543;555,543;554,543;553,543;552,543;551,543;550,543;549,543;548,543;547,544;547,545;546,545;545,545;544,546;543,546;542,546;541,546;540,546;539,546;538,546;537,546;536,546;534,546;533,546;532,546;531,546;530,546;529,546;528,546;527,546;526,546;525,546;524,546;523,546;522,547;521,547;521,548;520,548;519,549;518,550;518,551;517,552;517,553;517,554;517,555;517,557;517,558;517,559;517,561;517,562;517,563;517,564;517,565;518,565;518,567;519,567;519,568;519,569;519,571;519,572;519,573;519,574;520,574;520,575;520,576;520,578;520,579;520,580;520,581;520,582;520,583;521,583;521,584;521,585;521,586;522,586;522,587;522,588;522,589;522,590;522,591;522,592;522,593;522,595;522,596;522,597;522,598;522,599;523,599;524,601;524,602;524,603;525,604;525,605;525,606;525,607;525,608;525,609;526,610;526,611;527,613;527,614;527,615;527,616;528,617;528,619;528,620;529,620;529,621;530,621;531,623;532,623;532,624;533,625;534,626;535,627;536,627;537,627;537,628;538,628;538,629;539,629;539,630;539,631;540,631;541,632;541,633;542,633;543,633;544,634;545,635;545,636;546,637;548,639;550,641;550,642;551,643;551,644;552,645;553,645;554,646;555,646;556,646;557,647;558,647;560,648;561,649;563,651;564,652;564,653;565,654;567,655;567,656;567,657;567,658;568,659;568,660;568,661;568,662;569,663;569,664;569,665;570,665;570,666;570,668;570,669;570,670;570,671;570,672;570,673;571,674;571,675;571,676;571,677;571,678;571,679;571,680;571,681;571,683;571,685;571,686;571,687;571,688;571,689;571,690;571,693;571,694;570,695;570,696;570,697;570,699;569,700;569,702;569,703;567,704;566,705;566,706;566,707;566,708;565,709;565,710;565,711;565,712;564,713;563,714;562,715;561,715;560,715;560,717;559,718;557,718;556,718;555,718;554,718;553,718;552,718;551,718;550,718;549,717;548,716;546,716;545,715;545,714;543,713;543,711;543,710;542,710;542,708;542,707;542,705;542,704;541,704;541,703;540,702;540,701;540,699;540,698;539,697;539,696;538,695;538,693;537,692;536,692;536,691;535,691;533,691;533,692;533,693;534,693;
Specular reflection; POLYGON; 191, 91, 22; 550,696;549,696;547,696;547,697;546,698;546,699;545,701;545,702;545,703;545,705;545,706;545,707;545,708;545,710;545,711;545,712;545,713;545,714;545,715;546,715;547,715;548,715;549,715;550,715;551,715;552,715;553,715;554,715;555,715;557,715;558,715;559,715;560,715;561,715;562,715;563,715;564,715;564,714;564,713;564,712;564,711;564,710;564,709;564,708;564,707;564,706;564,705;565,705;565,704;565,703;565,702;565,700;566,699;566,698;566,697;567,697;568,696;569,696;569,695;569,694;569,693;569,692;570,691;570,690;570,689;570,688;569,688;567,688;566,688;565,688;564,688;563,688;562,688;561,689;557,689;557,690;556,690;555,691;554,692;553,692;553,693;553,694;553,695;552,696;552,697;
Vein; POLYGON; 63, 72, 204; 525,580;524,580;523,580;522,580;521,580;520,579;518,578;516,578;515,577;514,577;513,576;512,576;510,575;509,574;509,573;509,572;509,571;508,570;508,569;508,568;508,567;508,566;507,565;507,564;506,562;505,561;505,559;504,559;503,558;503,557;503,556;503,555;501,553;501,552;500,551;500,550;499,549;499,548;498,548;498,547;497,546;497,545;497,544;497,543;497,542;496,541;496,540;495,539;494,539;494,537;494,536;494,535;494,534;494,533;494,532;494,530;495,530;496,530;497,530;498,529;499,529;500,529;501,529;502,529;504,529;506,529;507,530;509,531;510,532;510,533;511,533;513,535;514,536;515,536;516,536;516,537;517,538;517,539;518,539;518,542;520,542;520,543;520,544;520,545;520,547;520,548;520,549;520,550;520,551;520,552;520,553;520,554;521,556;521,557;521,558;521,559;521,560;521,562;521,563;521,564;521,565;521,566;521,567;521,568;521,569;521,570;521,571;521,572;521,574;521,575;521,576;521,577;522,578;522,579;523,579;524,579;
Vein; POLYGON; 63, 72, 204; 615,560;616,560;617,560;618,560;619,560;619,559;619,558;620,558;621,558;621,557;622,557;622,555;623,554;623,553;624,552;624,551;624,550;624,549;624,548;624,547;624,546;624,545;624,543;624,541;624,540;624,539;624,538;624,537;624,536;624,535;624,534;624,533;624,531;625,530;625,529;625,528;625,527;625,526;626,526;626,525;626,523;626,522;627,521;627,520;627,519;627,518;627,517;627,516;627,515;627,514;626,514;625,514;624,514;623,514;621,514;620,514;619,514;618,514;617,515;617,516;616,517;615,520;615,521;615,522;615,524;614,525;614,526;613,528;613,529;613,531;612,532;611,532;610,532;610,534;610,535;610,536;610,537;610,538;610,539;610,540;610,541;610,542;610,543;610,544;610,545;610,546;610,547;610,548;612,549;613,550;614,552;614,553;615,553;615,554;615,555;615,556;615,558;615,559;615,560;615,561;615,562;615,563;615,564;616,565;618,566;
Vein; POLYGON; 63, 72, 204; 386,21;385,22;384,22;383,22;382,22;382,23;381,23;381,24;381,25;381,27;381,28;381,29;381,30;381,31;381,32;381,33;380,34;380,36;380,39;380,40;380,41;380,42;379,44;379,45;379,46;379,47;379,48;378,49;377,51;376,51;376,52;376,53;376,54;376,55;376,57;375,58;375,59;374,60;374,63;374,64;374,65;374,66;374,67;374,69;374,70;374,73;374,75;374,76;374,77;374,78;374,79;374,81;374,83;374,84;374,85;374,87;374,88;374,89;375,90;375,91;376,92;377,93;377,94;377,95;377,96;377,98;377,99;377,101;378,101;378,102;379,104;379,105;379,106;379,107;379,108;379,110;379,111;380,112;380,113;381,114;381,116;381,117;381,118;381,119;382,120;382,121;382,122;382,124;382,125;382,126;383,126;383,127;384,128;384,130;384,131;384,132;385,133;385,134;385,136;385,137;385,138;386,139;386,140;386,142;387,142;387,144;388,146;388,147;389,149;389,151;389,152;390,154;390,155;390,156;390,157;390,158;391,159;391,160;392,161;392,162;392,163;392,164;392,165;392,166;392,167;392,168;393,169;393,170;394,171;394,172;394,173;394,174;395,175;395,177;396,178;396,179;396,180;396,182;396,184;396,185;396,186;396,187;397,188;397,189;397,190;397,191;397,192;397,193;397,194;398,196;398,197;399,198;399,200;399,201;399,202;399,203;399,204;399,205;399,206;399,207;400,207;400,209;400,210;401,212;401,213;401,215;402,218;403,220;403,221;403,222;403,223;403,224;404,225;404,226;404,227;404,228;404,229;404,230;404,231;404,233;404,234;404,235;404,236;404,239;404,240;404,242;404,243;404,245;404,246;404,247;404,248;404,249;405,251;405,252;405,253;405,254;405,256;405,257;405,258;405,259;405,260;405,263;405,264;405,265;405,266;405,268;405,269;405,270;405,271;405,272;406,274;407,275;407,276;407,277;408,280;408,281;408,283;409,283;410,286;410,287;410,288;410,289;411,291;411,293;411,294;411,297;411,298;411,299;411,300;411,301;411,302;411,303;411,304;411,305;411,306;412,307;412,309;412,310;413,310;413,311;413,313;413,315;413,316;413,317;413,318;413,319;413,321;413,322;413,323;413,324;413,325;413,326;413,327;413,328;413,329;413,330;413,331;413,334;413,336;413,337;413,339;413,341;413,342;413,344;413,346;413,347;414,348;414,349;414,351;414,352;414,354;415,354;415,355;416,357;416,358;416,359;416,360;417,361;418,362;418,363;419,364;420,365;420,366;421,366;421,367;421,368;423,369;423,370;424,371;424,372;425,373;426,374;426,376;427,377;428,378;429,379;430,381;430,382;432,382;432,383;433,383;433,384;433,385;434,385;435,386;435,387;436,388;438,388;439,388;441,388;444,386;445,385;446,384;447,382;447,381;447,378;447,376;448,374;448,372;450,371;450,370;450,369;450,368;451,366;451,365;452,365;452,364;452,363;452,362;453,360;455,358;455,357;456,356;456,355;457,353;457,352;458,351;458,350;458,349;459,347;460,347;460,346;460,345;460,344;461,343;462,342;462,341;462,340;462,339;462,338;462,337;462,336;462,335;462,333;462,332;462,331;462,330;462,329;462,328;461,327;460,326;460,325;460,324;460,323;459,322;459,321;459,320;458,318;458,317;458,316;458,315;457,315;457,313;455,311;454,309;454,308;454,307;453,305;453,303;452,303;452,302;451,299;450,299;450,298;449,297;449,296;448,294;448,293;448,292;447,292;447,290;446,289;445,287;444,286;443,285;443,284;443,282;442,280;442,279;442,278;442,277;442,275;440,273;440,272;439,271;439,270;439,268;438,267;438,266;438,265;438,263;438,261;438,260;438,259;438,257;438,255;438,254;438,253;438,252;437,250;437,249;437,248;437,247;436,247;436,246;436,245;436,244;436,243;436,242;436,241;436,240;436,238;436,237;436,235;436,234;436,232;436,231;436,230;436,229;436,225;436,224;436,223;436,222;435,221;435,220;435,218;435,216;435,215;435,213;435,212;435,211;435,209;435,206;433,205;433,204;432,202;432,200;432,199;432,198;432,197;432,196;432,193;432,192;432,191;432,190;432,187;432,185;432,184;432,183;432,182;432,181;432,180;432,179;432,178;432,177;432,176;432,175;432,174;432,173;432,172;432,170;432,169;433,168;433,167;433,165;433,162;433,161;434,159;434,157;434,155;434,153;434,150;434,149;435,147;435,144;435,142;435,139;435,137;435,136;435,134;435,132;435,130;435,128;435,125;435,124;435,121;435,119;433,116;432,113;432,111;431,108;430,106;429,104;429,101;428,98;427,95;426,93;426,91;423,88;423,86;423,84;423,83;423,80;423,79;421,78;420,76;420,74;420,73;420,71;419,69;418,68;418,66;417,63;416,63;416,62;415,62;415,60;414,59;414,58;414,57;413,55;412,54;412,53;411,51;411,49;410,49;409,49;409,48;408,46;408,44;408,43;407,41;407,40;407,39;406,37;406,36;406,35;406,33;405,32;404,29;404,27;404,25;402,22;402,21;400,19;400,17;400,15;
Vein; POLYGON; 63, 72, 204; 703,28;702,29;700,29;698,30;697,31;697,32;696,34;696,35;695,36;694,37;693,39;692,40;691,40;690,41;689,42;688,43;687,44;687,45;685,47;684,48;683,49;682,49;682,50;681,52;680,53;679,53;678,55;677,57;676,58;675,59;675,60;675,61;674,62;674,63;674,64;674,65;673,65;672,66;672,67;672,69;671,70;671,72;671,73;670,75;669,77;669,78;669,79;669,80;668,81;668,82;668,83;668,85;667,88;666,88;666,89;666,90;666,91;665,92;665,93;665,94;665,95;665,96;663,98;663,100;663,101;663,103;662,106;662,107;661,108;661,109;661,110;660,112;660,113;660,114;660,115;660,116;659,119;658,120;658,121;658,122;658,123;657,125;657,126;657,128;656,129;656,131;656,132;656,134;656,135;655,138;655,140;654,140;654,141;654,143;654,144;654,145;654,146;654,147;653,148;653,150;653,151;653,152;652,154;652,156;652,157;652,158;652,160;652,163;652,165;652,167;652,168;652,169;652,170;652,172;652,173;652,174;652,175;652,177;652,178;652,179;652,180;652,182;652,184;651,186;651,187;651,188;650,190;650,191;650,192;650,193;650,195;650,196;650,197;650,198;651,198;654,197;657,195;659,195;663,194;666,192;668,190;669,188;672,186;673,185;675,182;678,180;679,179;680,178;683,175;684,174;686,173;686,172;688,171;689,170;691,167;692,167;695,166;699,162;704,162;
Artery; POLYGON; 237, 28, 36; 217,629;216,629;214,629;212,629;211,629;210,629;209,629;208,629;206,629;204,629;203,629;202,629;201,629;199,629;198,627;197,627;196,627;193,626;192,626;192,625;192,624;191,624;190,623;189,622;188,622;187,621;186,620;184,619;184,618;183,617;182,616;181,616;179,614;177,614;177,613;175,612;174,611;173,610;172,609;171,608;170,607;169,607;168,607;167,606;167,605;165,604;163,604;162,604;161,603;160,602;157,602;156,602;155,601;154,601;153,601;152,600;150,599;149,599;147,598;145,598;145,597;142,596;141,596;140,595;140,594;139,593;138,593;138,592;137,592;136,591;135,590;134,590;133,589;132,588;132,587;131,585;130,584;129,584;128,583;127,581;126,580;126,579;125,579;125,578;123,577;122,576;121,576;121,575;119,574;119,573;118,572;116,571;116,570;115,569;114,568;113,568;112,567;110,566;109,566;108,564;107,564;107,563;106,562;106,561;105,560;104,559;104,557;103,556;103,555;103,554;102,553;101,553;100,551;99,550;98,550;98,549;97,548;97,547;95,545;94,544;93,543;92,542;91,541;90,540;90,539;89,538;88,538;87,537;87,536;87,535;86,534;86,533;85,532;84,531;84,530;83,529;83,528;83,527;82,526;81,525;81,524;81,522;81,521;80,519;78,517;76,515;76,514;75,513;75,511;74,511;74,509;73,508;73,507;72,506;72,505;71,504;71,502;70,502;70,501;69,501;67,499;67,498;66,497;65,496;64,496;64,495;62,494;62,493;60,491;59,490;59,489;58,488;57,487;56,486;55,486;54,485;54,484;53,483;52,482;51,481;51,480;50,478;50,477;49,475;48,473;47,472;47,471;46,470;46,469;45,469;43,467;43,466;42,465;42,464;41,463;41,462;41,461;40,460;40,459;39,458;38,457;37,455;36,454;36,453;35,452;35,451;35,450;34,450;34,449;34,448;32,447;32,445;31,445;30,443;29,443;29,442;28,441;27,438;26,438;26,437;25,437;24,436;24,435;22,433;21,432;20,431;20,430;18,429;18,428;18,427;17,426;17,425;16,423;16,422;15,421;15,420;15,419;15,418;15,417;15,415;15,414;16,414;17,413;20,411;23,411;24,408;26,407;29,406;30,405;31,405;32,404;34,404;35,404;38,403;41,403;44,403;47,403;49,403;52,403;53,403;54,403;57,403;58,403;61,403;63,403;64,403;68,403;69,403;70,403;71,403;75,403;77,404;79,405;80,405;81,405;82,406;83,407;87,410;88,411;91,412;93,413;95,413;96,415;97,416;97,417;99,419;102,420;104,423;105,423;105,424;106,425;106,426;106,427;106,429;106,431;106,432;106,433;106,434;106,435;106,436;106,437;106,438;106,439;106,440;105,441;104,442;103,442;102,442;101,442;100,442;99,443;98,443;97,443;96,443;95,443;94,444;93,444;90,445;90,446;89,446;88,446;88,447;87,447;86,448;86,449;85,451;85,452;85,453;85,454;85,455;85,457;85,458;85,459;85,460;85,461;86,462;86,464;87,464;87,465;88,466;88,467;89,469;89,470;90,470;91,470;91,471;91,472;91,473;91,474;91,475;91,476;92,477;92,478;92,479;93,479;94,480;95,482;95,483;97,485;97,486;99,488;100,489;102,490;102,491;103,491;103,493;104,494;105,495;106,496;106,497;107,497;108,498;109,499;109,500;110,501;110,502;111,502;111,503;112,503;112,504;114,505;116,507;116,508;117,509;119,511;121,512;121,514;122,514;123,514;124,515;125,515;126,517;129,520;129,521;130,521;131,522;132,522;133,523;134,524;135,524;136,524;138,525;140,527;141,527;143,527;145,529;146,529;146,530;147,530;149,530;150,531;151,531;152,531;153,531;155,531;156,531;157,531;159,531;160,531;161,531;162,531;164,531;165,531;167,531;169,532;171,532;172,534;175,534;176,534;177,534;179,535;180,535;181,535;182,536;184,536;187,537;190,539;194,541;199,543;200,543;202,544;203,544;206,547;210,548;212,549;215,551;216,552;219,554;221,555;224,558;229,561;234,563;238,565;243,568;245,569;248,572;250,574;252,576;255,579;259,584;259,586;262,588;262,589;264,590;265,592;267,596;269,598;270,600;272,604;273,605;273,606;274,607;275,607;
Artery; POLYGON; 237, 28, 36; 372,593;372,592;371,592;371,591;369,587;367,586;366,584;363,582;360,579;359,579;359,578;357,576;356,575;354,574;354,573;351,570;349,569;345,567;343,565;342,565;341,563;340,562;338,560;336,560;336,559;335,558;334,557;333,556;332,556;331,556;330,555;329,553;328,553;327,552;325,550;323,549;321,547;320,547;319,546;318,545;316,544;316,543;315,542;313,541;312,539;311,538;309,537;309,536;308,536;306,535;306,534;305,533;304,532;303,531;301,530;299,530;299,529;298,529;297,527;296,526;294,524;292,523;290,521;289,519;287,519;285,516;284,514;283,513;281,511;280,511;280,510;279,510;278,508;277,508;277,507;276,507;276,506;275,506;274,505;273,505;272,504;270,502;270,501;269,501;269,500;267,499;266,498;264,496;262,495;261,494;259,492;255,491;254,491;254,490;252,489;251,488;248,486;247,486;245,484;242,481;240,479;238,478;237,476;235,475;233,473;230,470;229,469;227,468;227,467;226,465;225,465;224,463;223,462;223,461;222,460;220,458;219,457;218,456;216,455;216,454;214,453;212,451;210,451;208,450;206,448;205,448;204,448;203,447;202,447;201,447;200,445;199,445;198,445;197,445;195,445;193,445;192,445;191,445;190,445;189,445;187,445;184,448;184,449;183,452;183,455;183,459;183,462;184,465;185,470;187,475;189,481;190,487;191,491;193,496;196,500;197,502;200,506;204,511;207,513;211,517;213,520;216,521;219,524;222,526;227,529;233,532;238,534;242,536;247,538;251,538;255,539;256,540;258,540;260,540;261,540;
Specular reflection; POLYGON; 191, 91, 22; 138,512;141,512;142,512;145,512;149,513;152,514;153,514;155,516;155,517;156,517;157,518;158,518;159,518;161,519;162,519;164,519;166,519;167,519;168,518;168,517;168,516;169,516;169,515;169,514;169,513;168,512;166,509;166,508;166,507;165,506;164,504;163,502;162,502;159,501;157,500;157,499;155,499;155,498;154,496;154,495;154,494;152,493;152,492;152,491;151,490;150,488;150,486;150,485;150,484;150,482;149,482;149,481;149,480;147,480;147,479;147,478;147,477;146,476;145,475;144,474;143,472;142,471;140,469;139,468;138,467;137,466;136,464;135,464;134,463;133,462;132,461;132,460;131,460;130,459;130,458;129,457;128,456;127,455;126,455;126,453;125,453;124,451;123,450;122,449;121,448;121,447;120,446;119,446;119,445;118,444;117,444;116,444;114,444;113,444;112,444;112,445;110,445;109,445;108,445;107,445;106,445;105,445;104,445;103,445;101,446;100,446;99,447;99,449;99,450;99,451;99,452;99,453;99,455;99,456;99,457;99,458;100,459;101,461;102,463;105,466;107,468;111,471;113,474;117,477;
Specular reflection; POLYGON; 191, 91, 22; 691,732;692,732;693,732;695,732;698,732;699,732;702,732;704,732;704,734;705,734;708,734;710,735;712,735;714,736;716,737;717,737;718,737;719,737;720,738;721,738;723,739;723,740;725,741;726,742;726,743;726,744;726,746;726,747;726,748;726,749;726,752;725,753;724,754;723,755;722,755;721,756;720,758;719,759;718,759;717,759;716,759;715,759;713,759;710,759;708,759;707,759;706,759;705,759;704,759;702,759;700,759;697,759;695,757;694,757;693,757;693,756;692,756;691,756;690,756;690,755;689,754;688,754;687,754;686,754;686,753;685,751;684,751;684,750;683,749;683,748;682,748;681,747;681,746;
Specular reflection; POLYGON; 191, 91, 22; 790,643;788,641;787,641;787,640;785,640;785,639;784,638;784,637;783,636;781,635;780,635;779,635;778,635;777,635;776,635;775,635;774,635;773,635;772,635;771,635;769,635;768,635;767,636;767,637;767,638;767,639;766,639;765,641;765,643;765,644;765,645;765,646;765,647;765,648;765,650;765,651;765,652;766,652;767,652;768,653;769,653;
Specular reflection; POLYGON; 191, 91, 22; 796,653;795,654;795,655;795,657;795,658;795,660;794,661;793,663;793,664;792,664;792,665;791,666;790,667;788,669;788,670;787,670;786,670;785,671;784,672;783,672;782,672;780,672;778,672;777,673;776,674;775,675;773,675;772,675;771,675;768,675;767,675;766,675;765,675;763,675;762,675;760,675;758,675;757,675;756,675;
Specular reflection; POLYGON; 191, 91, 22; 802,646;803,647;804,647;805,648;806,648;808,649;809,650;809,651;811,653;812,654;812,655;812,656;812,657;812,658;812,659;812,660;812,661;812,662;812,663;812,664;812,665;811,665;809,665;808,666;807,666;805,666;804,666;803,666;802,666;801,666;800,666;799,666;798,666;797,666;796,666;794,666;793,666;792,666;791,666;789,666;788,666;787,666;786,666;785,666;
Specular reflection; POLYGON; 191, 91, 22; 794,645;794,644;794,643;795,642;795,641;796,641;797,641;798,641;799,641;800,640;801,640;802,639;803,639;804,638;805,638;806,638;807,637;808,637;809,637;809,636;810,636;811,636;812,636;813,636;814,636;815,636;816,636;817,638;818,639;818,640;818,642;818,643;818,644;818,645;818,646;818,647;818,648;818,649;818,651;817,652;816,653;815,654;
Vein; POLYGON; 63, 72, 204; 486,493;485,493;484,493;483,493;482,492;480,492;478,491;476,489;474,489;473,488;472,488;472,487;471,487;470,486;469,485;469,484;466,482;465,481;464,481;463,480;462,480;462,479;460,479;460,478;459,476;458,475;457,475;456,474;455,474;454,474;454,473;453,473;453,472;452,471;451,470;449,469;448,468;446,466;445,466;445,465;444,463;444,462;443,461;443,460;442,458;441,458;440,456;440,455;439,454;438,451;438,450;437,449;437,448;436,446;436,445;436,444;436,443;436,440;436,439;436,438;436,437;436,436;436,434;436,433;436,432;436,431;436,430;436,429;436,428;436,427;437,426;439,426;440,426;
Vein; POLYGON; 63, 72, 204; 482,412;483,413;485,415;486,416;486,417;487,417;488,418;489,419;491,421;493,423;494,424;496,426;497,426;497,427;498,428;499,430;500,431;501,431;501,433;502,434;503,435;504,436;505,437;508,440;509,441;510,442;511,443;512,445;512,446;514,447;515,448;515,449;516,449;516,450;516,451;517,452;519,454;519,456;519,457;520,458;520,459;520,460;520,461;521,463;521,465;521,466;522,466;522,468;522,469;523,470;523,471;523,472;523,473;523,475;524,476;524,478;524,479;524,480;525,481;525,482;525,483;525,484;525,486;525,488;525,491;525,493;525,494;525,496;525,497;525,498;525,499;525,500;524,501;522,502;519,502;517,502;515,502;514,503;513,503;513,504;513,505;
Vein; POLYGON; 63, 72, 204; 589,400;588,400;587,400;586,401;585,402;584,403;582,406;582,407;582,408;581,409;581,411;580,412;580,413;580,414;580,415;579,415;579,417;579,418;579,419;579,420;579,421;579,423;579,424;579,425;579,426;579,428;579,430;579,432;579,433;579,437;579,438;579,440;579,442;579,444;579,445;579,446;579,447;579,450;579,451;579,454;579,456;579,457;579,458;579,460;579,461;579,463;
Specular reflection; POLYGON; 191, 91, 22; 656,591;656,590;655,590;654,591;653,591;653,593;653,595;652,596;652,597;651,598;651,600;651,601;651,602;651,603;650,604;650,605;650,606;650,607;650,608;648,609;648,610;647,611;647,612;647,614;647,615;647,616;646,616;646,618;646,619;645,620;645,621;644,622;644,624;644,625;644,626;644,627;643,627;643,628;643,629;643,630;643,631;642,631;642,632;641,634;641,635;641,636;641,637;641,638;641,639;641,640;641,641;641,642;641,643;641,644;641,645;641,646;641,647;641,648;641,650;641,651;641,652;641,653;641,654;641,656;641,657;641,658;641,659;641,660;642,660;643,660;644,660;645,660;647,660;649,660;650,660;651,661;652,662;653,660;654,660;655,659;656,658;656,657;656,656;656,655;656,654;656,653;657,651;657,650;657,648;657,647;657,646;658,643;658,642;659,642;659,641;659,640;659,638;659,637;659,636;660,636;660,635;661,635;661,634;661,632;662,631;662,630;662,629;662,628;662,626;662,625;662,624;662,623;662,622;662,620;662,619;662,618;662,617;662,616;662,614;663,614;663,613;663,612;663,611;663,610;663,609;663,608;663,607;663,606;663,605;663,604;663,603;663,602;663,601;663,600;663,599;663,598;663,597;663,596;663,595;663,594;663,593;663,592;663,591;663,590;663,589;663,588;662,588;660,586;659,586;657,586;656,586;655,586;654,586;653,587;653,588;652,588;651,588;651,589;650,589;649,589;
Specular reflection; POLYGON; 191, 91, 22; 762,562;763,562;764,561;765,561;765,560;767,559;768,558;768,557;768,555;769,554;770,553;770,552;770,551;770,550;770,549;771,549;771,548;771,547;771,546;771,545;771,544;771,543;771,542;771,540;771,539;770,539;768,539;767,539;766,539;765,539;764,539;763,539;762,539;761,539;760,539;759,540;758,540;757,540;755,541;754,541;754,542;753,542;753,543;752,543;751,544;751,545;751,546;751,548;
Specular reflection; POLYGON; 191, 91, 22; 773,546;773,545;773,544;773,543;773,542;773,541;773,540;774,540;774,538;775,538;776,538;777,538;778,539;780,540;780,541;781,542;781,543;782,543;782,544;782,545;783,546;783,547;783,548;783,550;783,552;783,553;783,556;783,557;782,558;
Specular reflection; POLYGON; 191, 91, 22; 777,560;778,561;779,562;780,563;780,564;780,565;780,566;780,567;780,568;780,569;780,570;780,571;779,573;778,574;777,574;776,575;775,575;774,576;772,577;771,577;770,577;769,577;768,577;767,577;766,576;765,576;764,576;763,574;762,573;761,572;760,571;758,570;758,569;758,568;758,567;
Specular reflection; POLYGON; 191, 91, 22; 822,532;821,532;820,532;819,532;817,532;816,532;816,533;815,533;813,533;812,534;810,534;809,534;809,535;808,536;807,537;806,538;806,539;805,539;804,540;803,541;803,544;802,545;802,546;801,547;801,548;801,550;801,551;800,552;800,553;800,554;800,555;800,556;800,557;800,558;800,559;800,560;800,562;800,563;800,564;800,565;801,566;802,567;802,568;803,568;804,569;805,570;
Specular reflection; POLYGON; 191, 91, 22; 817,547;816,547;815,547;814,547;813,547;812,547;811,546;810,546;810,545;809,545;809,544;809,543;809,542;810,540;810,539;811,538;811,537;812,536;813,535;813,534;813,533;814,532;815,531;816,529;817,529;817,528;819,527;819,526;820,526;821,526;821,525;822,524;822,523;822,522;823,522;823,521;824,520;825,520;826,520;827,520;828,520;829,520;830,520;830,521;830,522;831,524;831,525;832,526;832,527;832,529;832,532;833,533;833,534;834,537;834,539;834,540;834,541;834,542;834,543;
Specular reflection; POLYGON; 191, 91, 22; 662,235;662,234;661,234;660,234;659,234;658,234;657,234;656,234;654,235;653,235;652,235;652,236;652,237;652,239;652,240;652,241;652,242;652,243;652,244;652,245;652,246;652,247;652,248;652,249;652,250;652,251;652,252;652,253;652,254;652,255;652,256;652,257;652,258;652,259;652,260;652,261;652,262;652,263;652,264;652,265;652,266;653,266;653,268;653,269;653,270;654,270;655,270;656,270;657,270;659,270;660,270;661,270;662,270;663,270;664,270;665,270;666,270;667,270;668,270;670,270;671,270;671,269;671,268;672,267;672,266;672,265;672,264;672,262;672,261;672,260;672,258;673,257;673,255;673,254;673,253;673,252;673,251;673,250;673,249;673,248;673,247;673,246;673,245;673,243;673,242;673,241;673,240;672,239;670,237;669,236;669,235;668,235;667,235;665,234;664,234;663,234;662,234;661,234;660,234;659,234;
Stroma; POLYGON; 128, 128, 128; 329,398;330,398;331,398;332,397;333,397;335,395;335,394;337,393;338,392;339,391;340,390;340,389;341,389;341,388;342,386;342,385;343,385;343,384;343,383;343,382;344,380;344,379;345,379;345,378;345,377;345,376;345,375;346,374;346,373;347,372;348,371;349,370;351,370;352,370;353,368;354,368;355,368;355,367;356,367;358,366;360,365;362,365;364,365;364,364;365,364;365,363;366,363;367,362;368,362;370,361;371,361;372,361;374,360;375,360;376,360;377,360;379,360;380,363;381,365;382,366;383,369;383,371;385,374;385,378;386,380;386,381;386,385;386,390;386,392;386,396;386,398;386,399;386,400;386,402;386,403;384,403;382,403;381,403;380,403;377,403;376,403;374,402;370,400;366,400;364,400;362,399;
Stroma; POLYGON; 128, 128, 128; 349,412;350,412;352,413;353,414;355,414;360,416;362,417;363,417;364,419;365,419;365,420;366,420;366,421;367,422;367,423;367,425;367,426;368,427;368,428;368,429;369,431;369,432;371,432;372,432;373,432;375,431;376,430;377,428;378,427;379,424;379,422;379,420;380,416;380,414;381,411;382,410;382,407;383,405;383,404;383,403;383,402;383,401;382,400;381,399;381,398;380,398;379,397;377,396;375,396;374,396;373,396;372,396;370,397;369,397;368,397;368,398;368,399;
Stroma; POLYGON; 128, 128, 128; 373,429;372,429;371,429;370,429;369,429;368,429;367,429;366,428;364,427;363,425;362,425;361,424;360,423;359,421;357,420;356,419;356,418;356,417;355,416;355,414;355,413;355,412;355,411;354,411;354,410;354,409;354,408;354,405;354,404;353,403;353,402;354,401;355,401;356,401;358,401;360,401;361,401;363,401;
Stroma; POLYGON; 128, 128, 128; 373,321;372,321;371,321;370,321;369,322;368,322;367,322;366,323;365,323;365,324;364,325;364,327;363,328;363,329;363,330;363,331;363,332;363,333;363,334;363,335;363,336;363,337;362,338;361,339;360,339;359,341;358,341;357,341;356,342;355,342;354,343;353,343;353,344;352,345;351,346;350,348;350,349;349,349;348,350;348,352;347,353;346,353;345,354;344,354;344,355;343,355;342,356;341,356;341,357;340,358;340,359;339,359;339,360;339,361;338,361;337,362;336,362;335,364;334,365;334,366;334,367;333,367;333,368;332,368;332,370;331,371;330,372;330,373;329,373;328,374;328,375;326,376;326,377;325,378;324,378;323,378;323,379;322,380;321,382;320,383;320,384;320,385;319,388;318,388;317,388;316,388;315,387;314,386;313,383;311,379;311,377;310,373;310,371;310,369;310,367;310,364;310,363;310,361;310,359;312,356;313,353;315,350;316,347;318,346;319,343;323,342;323,340;325,339;325,338;326,336;328,334;330,332;332,331;333,330;335,330;338,329;338,328;339,328;341,327;342,326;344,325;344,324;347,324;349,323;351,323;352,323;353,323;354,323;355,323;356,322;357,322;359,322;
Stroma; POLYGON; 128, 128, 128; 377,338;376,338;375,338;374,338;373,338;372,337;371,336;369,336;368,336;366,336;365,335;364,335;363,335;362,335;361,335;360,334;359,333;359,332;358,330;357,329;357,328;357,327;357,325;358,325;360,324;362,324;364,323;366,321;367,321;368,321;370,321;371,321;373,321;
