Specular reflection; POLYGON; 191, 91, 22; 570,106;569,106;567,106;566,106;565,108;564,108;563,109;562,109;560,110;559,111;558,112;557,114;556,115;555,115;554,116;553,117;551,118;550,119;550,120;549,121;549,122;548,122;547,122;546,122;545,123;544,123;544,124;544,126;544,127;543,129;543,130;543,131;543,132;542,133;542,134;542,135;541,135;541,136;540,137;540,139;540,140;540,141;540,142;540,143;539,144;539,145;539,146;539,147;539,148;539,149;539,150;539,152;540,152;541,152;542,152;543,153;544,153;545,153;546,153;547,153;548,153;550,153;551,153;552,153;553,153;554,153;555,153;556,152;557,152;557,151;559,150;559,149;560,149;561,149;562,148;563,147;564,146;565,145;566,145;569,144;571,144;572,143;573,142;574,142;574,141;574,140;574,139;574,138;574,137;574,136;574,135;574,134;575,133;575,132;575,131;576,130;576,129;577,129;578,129;578,128;579,127;580,126;581,125;582,125;582,124;583,123;584,122;585,120;586,119;587,118;587,117;587,116;587,114;587,113;587,112;587,111;587,110;586,109;585,107;584,107;583,106;582,106;581,105;580,105;579,105;578,105;577,104;576,104;575,104;574,104;573,104;572,104;571,104;569,104;568,104;567,104;566,104;565,104;563,104;562,104;561,104;560,106;559,106;557,106;556,107;555,107;554,108;553,109;551,111;550,112;550,113;550,114;549,114;548,115;547,116;546,117;545,117;545,118;545,119;544,119;544,120;544,121;544,122;544,124;544,125;
Specular reflection; POLYGON; 191, 91, 22; 438,588;436,588;435,588;434,588;433,588;432,589;431,589;430,589;429,589;428,589;426,589;425,589;424,589;423,589;422,588;421,587;420,585;419,584;419,583;419,582;419,581;418,580;418,579;418,578;418,577;418,576;417,575;417,574;416,573;416,572;415,572;414,572;414,571;413,571;412,571;411,571;410,571;409,573;409,574;408,574;407,574;407,575;406,575;405,575;405,576;405,577;405,578;405,579;405,580;404,581;403,582;402,583;402,584;402,585;401,585;400,585;399,585;398,585;397,585;396,586;395,586;393,586;392,587;391,588;390,589;390,590;390,591;390,592;390,593;390,594;390,595;390,596;390,598;390,599;390,600;390,601;390,602;390,603;390,604;390,605;391,606;392,608;393,609;394,609;395,609;395,610;396,610;397,611;397,612;398,612;398,613;399,614;399,615;400,615;400,616;400,617;400,619;400,620;400,621;400,622;400,623;400,625;401,626;402,626;402,627;403,627;403,628;405,629;406,630;406,631;408,632;409,632;410,632;411,633;412,633;413,633;414,634;415,634;417,634;418,635;419,635;420,635;421,635;422,635;423,635;424,635;425,635;426,635;429,635;430,635;432,635;433,635;435,635;436,635;438,635;440,635;441,635;442,635;443,635;444,635;445,635;446,635;447,635;449,635;450,635;451,635;453,635;454,634;455,634;457,633;458,632;459,632;460,631;461,631;462,629;463,629;464,628;465,628;466,628;466,627;466,626;466,625;467,623;467,622;467,621;467,619;467,618;467,617;468,616;468,615;468,613;468,611;468,610;468,609;468,608;468,607;468,606;468,605;468,604;468,603;468,602;468,600;468,599;468,598;468,597;468,596;468,595;468,594;468,593;467,592;466,592;466,591;466,590;465,590;464,589;462,588;462,587;461,587;460,587;459,587;458,587;457,587;456,587;455,587;454,587;453,587;452,587;451,587;450,587;449,587;448,587;447,587;446,587;445,587;444,587;443,587;441,588;440,588;439,588;438,588;437,588;435,588;434,588;434,589;
Specular reflection; POLYGON; 191, 91, 22; 814,727;812,727;811,729;811,730;810,731;809,732;809,733;808,733;808,734;808,736;808,737;807,738;806,738;806,739;806,740;805,741;805,742;804,743;802,745;800,745;799,746;798,748;797,749;796,749;795,751;795,752;794,753;794,754;794,755;793,755;793,756;791,757;790,757;790,758;790,759;788,761;788,762;787,762;787,763;786,763;785,765;784,765;784,766;783,766;783,767;782,768;782,769;781,769;781,770;779,771;778,771;778,773;778,774;778,775;776,776;776,777;776,778;776,779;775,781;775,782;774,782;773,783;773,784;773,785;773,786;773,787;772,787;772,788;772,789;771,789;771,790;771,791;771,792;770,792;770,793;769,794;768,795;767,796;766,797;766,798;765,799;764,800;763,801;762,803;761,804;759,806;758,808;757,809;756,810;756,811;755,811;754,812;753,813;752,814;751,815;750,816;749,816;749,817;748,818;747,818;746,819;745,819;744,819;744,820;743,821;743,822;742,822;741,822;740,823;739,824;738,824;737,825;736,825;734,827;733,828;732,828;731,828;730,829;728,830;727,830;726,830;725,830;724,831;722,832;720,832;720,833;719,833;719,834;718,835;717,836;716,836;716,837;715,838;715,839;714,840;713,840;713,841;713,842;712,843;711,843;711,844;711,845;711,846;710,848;710,849;710,850;710,851;710,852;710,853;710,854;710,855;710,856;710,857;710,858;710,859;711,859;712,859;714,859;715,859;716,859;717,859;718,859;719,859;721,859;722,859;724,860;725,860;726,862;726,863;727,864;727,863;728,863;729,863;730,862;731,862;731,861;732,861;733,860;734,859;735,858;736,857;736,856;737,856;738,855;739,855;739,854;740,854;740,853;741,853;742,852;743,852;743,851;745,851;746,851;747,850;749,849;750,848;751,848;751,847;752,846;753,846;755,845;756,845;757,844;757,843;758,843;759,842;760,842;760,841;761,840;762,839;763,838;764,838;765,836;766,835;767,834;768,834;769,833;770,833;770,832;771,830;771,829;772,829;772,828;773,827;774,826;774,824;775,824;776,823;776,822;777,821;777,820;778,819;779,818;780,817;780,816;780,815;781,815;782,814;783,812;784,812;785,810;786,809;787,808;788,807;788,806;789,806;789,805;789,804;790,803;791,802;792,802;794,801;795,801;796,801;796,800;797,800;798,800;798,799;798,798;799,798;800,797;800,796;802,796;803,796;803,795;804,795;805,793;805,792;806,792;807,791;808,790;809,790;810,789;811,787;812,787;813,785;813,784;814,784;815,783;816,783;816,782;816,781;816,780;816,779;816,778;817,778;817,777;818,776;819,775;820,774;820,773;821,773;823,772;824,771;826,770;826,769;827,768;827,767;828,765;829,765;829,764;830,763;830,762;831,761;831,760;831,758;831,757;832,757;832,756;832,755;833,755;833,754;833,753;833,752;833,751;833,750;833,749;833,748;833,747;833,746;834,745;834,744;834,743;834,742;835,740;836,740;836,739;836,738;836,737;836,735;836,734;836,733;836,732;836,731;836,730;836,729;836,728;835,728;834,727;832,727;831,727;830,727;829,727;827,727;826,726;825,726;824,726;823,726;822,726;821,726;820,726;819,726;818,726;817,726;815,726;814,726;
Specular reflection; POLYGON; 191, 91, 22; 713,846;712,846;711,846;710,847;709,848;709,849;708,849;706,851;706,852;706,853;705,854;705,855;705,856;705,857;705,858;705,859;705,860;705,861;705,862;705,863;706,863;707,863;708,863;710,863;711,863;713,863;715,865;716,865;717,865;718,865;719,865;721,865;722,865;723,865;724,865;725,865;727,864;728,864;728,863;730,862;730,860;731,859;732,858;733,858;734,857;734,856;735,855;735,854;735,853;736,853;737,852;738,850;739,850;739,849;740,847;741,847;741,846;742,845;742,844;743,844;743,843;744,842;745,842;746,840;747,840;747,839;748,839;749,839;750,839;750,838;751,838;751,837;752,837;753,836;754,835;756,834;757,834;758,833;759,832;760,831;761,830;762,829;763,828;764,828;765,828;766,828;767,828;768,828;769,827;770,827;771,826;772,826;773,825;774,825;774,824;774,823;775,823;775,822;776,822;777,821;778,820;779,820;780,820;781,819;781,818;781,817;782,817;783,817;784,817;785,817;786,817;787,817;788,816;789,815;789,814;791,814;792,813;792,811;793,810;793,809;793,808;794,807;794,806;794,805;794,804;795,804;796,802;797,801;797,800;797,799;797,798;797,797;797,796;797,795;798,794;798,793;798,792;798,793;
Specular reflection; POLYGON; 191, 91, 22; 332,511;332,512;331,512;331,513;330,513;328,514;327,514;327,515;327,516;326,516;325,517;324,517;324,518;323,518;321,519;320,519;319,520;318,521;318,522;317,522;315,523;314,523;314,524;313,524;313,525;312,525;311,526;311,527;311,528;311,529;311,530;311,531;311,532;312,532;313,534;314,535;315,535;316,535;317,535;318,535;319,535;320,535;322,535;323,535;324,535;325,535;325,534;326,534;327,534;328,534;328,533;329,533;329,532;330,532;330,531;331,530;332,529;332,528;333,528;334,528;335,527;336,527;337,526;338,526;339,525;339,524;340,523;340,522;341,521;342,520;342,519;342,518;342,517;343,517;343,516;343,515;343,514;343,513;343,512;342,510;341,510;340,510;339,510;338,510;337,510;336,510;334,510;332,510;331,510;330,510;330,511;330,512;
Specular reflection; POLYGON; 191, 91, 22; 326,549;324,549;323,549;322,549;321,549;320,550;319,551;318,552;317,552;316,552;315,552;314,553;313,555;313,556;312,556;311,557;310,557;310,558;308,559;307,559;307,560;306,561;306,562;305,562;304,562;303,562;303,563;303,564;302,564;301,565;300,565;299,565;298,566;297,567;297,568;296,568;296,569;296,570;296,571;296,573;296,574;296,575;297,577;298,577;299,577;300,577;301,577;302,577;304,577;306,577;307,578;309,578;310,578;311,578;312,578;314,578;315,578;317,578;319,579;320,580;321,580;322,580;323,580;324,579;325,579;326,578;327,577;328,575;329,575;329,574;330,574;330,573;331,572;332,571;333,569;333,568;334,568;334,567;335,566;336,565;336,563;336,562;337,561;339,559;339,558;339,557;339,556;339,555;340,555;340,554;340,553;340,552;340,550;340,549;340,548;340,547;340,546;340,545;340,544;340,543;340,542;339,542;338,542;337,542;336,542;335,542;334,544;333,545;332,546;331,546;330,546;329,546;328,546;327,546;326,547;324,547;323,547;322,547;321,547;320,548;319,549;319,550;318,551;317,552;316,552;316,553;315,553;314,553;314,554;313,554;313,556;313,557;
Specular reflection; POLYGON; 191, 91, 22; 326,545;325,545;324,545;323,545;322,545;320,545;319,545;319,546;318,547;317,547;316,547;315,547;314,548;313,548;313,549;312,549;312,550;311,550;310,551;310,552;309,552;308,553;308,554;307,555;306,555;306,556;305,557;305,558;304,558;303,558;303,559;302,559;302,560;301,561;300,561;298,563;297,564;297,565;296,567;296,568;295,568;295,570;295,571;295,572;295,573;295,574;295,575;295,576;295,577;295,578;295,579;295,580;295,581;295,582;296,582;297,583;298,583;299,583;300,583;301,583;302,583;303,583;305,583;307,583;308,583;309,583;310,583;311,583;312,583;313,583;314,583;315,583;315,582;315,581;315,580;315,579;315,577;316,577;316,576;317,576;317,575;317,574;319,573;319,572;320,572;
Specular reflection; POLYGON; 191, 91, 22; 320,731;319,731;318,731;317,731;316,731;315,731;314,731;311,731;311,732;310,732;309,732;308,733;308,734;307,735;306,735;306,736;305,736;304,736;304,737;303,738;302,738;301,738;300,739;299,740;298,741;297,741;296,741;295,741;294,742;293,743;293,744;293,745;292,746;292,747;292,748;292,749;292,750;292,751;292,752;292,753;292,754;292,755;291,756;291,757;291,758;291,759;291,760;291,761;291,763;291,764;292,764;293,765;294,765;295,765;296,765;297,765;298,765;300,766;302,766;303,766;304,766;305,767;306,767;308,767;309,767;310,768;312,768;313,768;314,768;315,768;316,768;317,768;318,768;318,767;319,766;319,765;320,763;320,762;321,762;321,760;322,759;323,759;324,759;324,758;325,756;325,755;325,754;326,753;327,753;328,753;329,753;330,753;331,753;332,753;334,753;335,753;336,753;338,753;340,753;341,753;343,754;344,754;345,754;347,754;348,754;348,755;349,755;350,755;352,755;353,755;354,755;355,755;356,755;357,755;359,755;360,755;361,755;362,755;362,754;363,754;363,753;363,752;363,751;363,750;363,749;364,748;364,747;364,746;364,745;364,744;364,743;364,742;364,741;364,740;364,739;364,738;364,737;364,736;364,735;364,734;
Specular reflection; POLYGON; 191, 91, 22; 477,692;475,692;475,693;474,693;474,694;473,695;472,695;471,696;470,696;468,698;467,699;465,700;464,700;463,700;462,700;461,700;460,701;459,701;458,702;456,702;455,702;454,702;453,702;452,702;450,704;449,704;448,704;447,704;446,705;445,705;444,705;443,706;442,706;441,706;440,706;439,707;438,708;437,709;436,710;434,710;434,711;433,711;432,712;432,713;431,713;431,714;431,715;430,716;429,716;428,716;427,717;426,717;426,718;425,718;424,719;423,719;423,721;423,722;422,722;420,723;420,724;419,725;419,726;418,727;418,728;417,728;416,729;415,730;415,731;413,732;411,734;410,735;409,736;409,737;408,737;408,738;407,738;407,739;407,740;406,741;404,742;403,743;403,744;401,746;400,746;400,747;399,747;399,748;398,748;398,749;398,750;398,751;398,752;398,753;398,754;398,755;398,756;398,758;398,759;398,760;398,761;398,762;398,763;398,765;398,766;398,768;398,769;397,769;397,770;397,771;397,772;397,773;396,774;396,775;395,777;395,778;394,779;394,780;393,781;393,782;393,783;393,784;392,785;392,786;391,787;391,788;391,789;391,790;391,791;390,792;390,793;390,794;390,795;390,796;390,797;390,798;391,798;392,798;393,798;394,798;395,798;396,798;397,798;398,798;400,798;401,798;402,799;403,799;404,799;405,799;406,799;407,800;409,800;410,800;411,800;412,800;413,800;415,800;416,800;416,799;418,799;419,798;420,796;420,795;421,795;422,794;423,793;423,792;423,791;423,790;423,789;423,788;423,787;423,786;423,785;423,784;423,783;423,782;423,781;423,780;423,779;423,778;423,777;423,776;423,775;423,774;423,773;423,772;425,770;425,769;425,768;425,767;425,766;425,765;426,764;426,763;426,762;426,761;427,760;428,758;428,757;428,756;428,755;429,754;430,752;430,751;431,750;431,749;431,748;432,747;433,745;433,744;433,743;434,742;434,741;435,741;436,741;436,739;436,738;437,738;437,739;437,741;437,742;437,744;437,745;437,746;437,747;437,748;437,750;437,751;437,752;437,753;437,754;437,755;437,756;437,757;437,758;437,759;437,760;437,761;437,762;437,763;437,764;437,765;437,766;437,767;437,768;437,769;437,770;437,771;438,772;438,773;438,774;438,775;439,776;440,776;440,777;441,778;443,780;444,780;444,781;445,781;446,783;447,783;448,786;449,786;449,787;450,787;450,788;451,789;452,790;452,791;452,792;454,792;455,793;456,793;457,793;458,793;460,793;461,793;462,793;463,794;464,794;466,794;467,795;468,795;469,795;470,795;471,795;472,795;473,795;474,795;475,795;475,794;475,793;475,792;475,791;475,790;475,788;475,787;475,786;475,785;475,784;475,783;475,782;474,782;474,780;473,779;472,779;472,778;472,777;471,776;470,776;470,775;469,774;469,773;468,772;468,771;468,770;467,769;467,768;466,767;466,766;466,765;466,764;466,763;466,762;466,760;466,759;466,758;465,758;465,756;465,755;464,753;464,751;464,750;464,749;464,747;464,746;464,745;464,744;464,743;465,741;465,740;466,739;467,738;468,737;469,736;470,735;470,734;470,733;471,733;473,731;473,730;474,730;474,729;475,728;475,727;476,727;476,726;477,726;477,725;477,724;478,723;478,722;479,720;479,719;479,718;480,717;480,716;480,715;480,714;480,713;481,713;481,712;482,712;483,710;484,709;485,708;486,707;487,706;488,706;488,704;488,703;488,702;488,701;488,700;488,699;488,698;488,697;488,695;487,694;486,694;485,693;484,692;483,692;482,692;481,692;480,692;479,692;478,692;477,692;476,692;475,692;
Specular reflection; POLYGON; 191, 91, 22; 400,742;399,742;398,743;397,744;397,745;397,747;396,748;395,748;394,748;394,749;394,750;393,751;393,752;393,753;393,754;392,754;392,755;391,756;391,757;391,758;389,759;389,760;389,762;388,762;388,763;388,764;388,765;388,766;388,767;388,769;387,770;387,772;387,773;387,775;386,776;386,777;386,778;386,779;385,781;385,782;385,784;384,787;383,788;383,789;383,790;383,791;383,793;383,794;383,795;383,796;383,797;383,798;383,800;383,801;384,803;385,803;385,804;386,805;387,806;387,807;388,807;389,808;390,809;391,810;392,810;395,811;396,811;397,812;397,813;398,814;399,814;400,814;401,814;402,815;404,816;404,817;405,817;406,817;407,817;407,818;408,818;409,819;410,819;413,820;415,820;416,820;418,820;420,820;422,820;423,821;424,821;425,821;426,821;427,821;428,821;429,821;430,821;431,821;432,821;433,821;434,821;435,820;436,820;437,819;439,818;440,818;442,817;443,816;443,815;444,815;445,814;446,813;447,813;448,812;449,812;450,811;452,811;453,811;454,810;454,809;455,808;456,808;457,808;458,808;458,807;459,807;460,807;461,807;462,807;463,807;464,807;465,806;466,806;466,805;467,804;467,803;468,803;468,801;469,799;470,799;470,798;471,797;471,796;471,795;471,794;472,792;473,791;473,790;473,789;474,789;474,788;474,787;474,786;474,784;474,783;474,782;474,781;474,780;474,779;474,778;474,777;474,776;474,775;
Specular reflection; POLYGON; 191, 91, 22; 438,737;437,737;436,737;435,737;434,737;433,737;432,737;432,738;431,738;430,738;429,738;428,738;427,739;426,740;426,741;425,743;425,744;424,745;423,746;422,748;422,750;421,751;421,752;421,753;421,754;421,755;421,756;421,757;421,758;421,759;422,760;422,762;423,762;424,762;425,762;426,763;429,763;430,763;431,763;432,763;434,763;435,763;436,763;438,763;439,762;441,761;441,760;443,759;444,758;445,757;445,756;445,755;445,753;445,752;446,752;447,750;447,749;447,748;447,747;447,746;447,745;447,744;447,743;447,742;447,741;447,739;447,738;447,737;447,736;447,735;446,734;445,733;445,732;443,731;443,730;441,730;439,730;438,730;434,734;434,735;433,735;432,736;431,737;431,738;431,740;431,741;
Specular reflection; POLYGON; 191, 91, 22; 243,673;242,674;241,675;241,676;241,677;240,679;240,680;238,680;238,681;238,683;237,683;237,684;237,685;237,686;236,686;235,688;235,689;235,690;234,690;234,691;233,692;233,694;233,695;232,696;232,697;231,698;230,698;230,699;230,701;230,702;230,703;230,705;230,706;230,708;230,709;230,710;230,711;230,712;230,714;230,715;230,716;230,717;230,718;230,719;230,721;230,722;230,723;230,724;230,725;230,726;231,727;232,729;233,729;233,731;234,732;234,733;235,734;236,735;238,736;239,737;240,738;240,740;241,741;243,743;244,744;244,746;245,746;245,747;246,747;246,748;247,748;247,750;249,752;250,753;250,754;250,755;251,756;251,757;251,758;251,759;251,760;251,761;251,762;252,763;253,763;253,765;253,766;253,767;253,768;254,769;254,770;254,772;255,773;255,774;255,775;255,776;256,776;256,778;257,778;257,779;259,781;260,781;260,782;262,784;263,784;264,785;264,786;265,786;266,787;267,788;267,789;268,790;269,791;270,792;271,792;271,793;272,794;272,795;273,796;273,797;273,798;274,798;274,799;274,800;275,800;276,802;276,803;277,803;277,805;278,805;278,806;279,806;280,807;280,808;280,809;280,810;280,811;279,811;278,811;277,810;277,809;275,809;275,808;274,808;273,807;272,807;270,806;267,806;265,806;264,805;263,805;261,805;259,805;258,805;257,805;256,805;255,803;254,803;253,803;252,802;251,802;250,801;248,800;248,799;247,799;247,797;247,796;247,795;246,795;246,794;245,794;245,793;244,793;244,792;243,791;243,790;241,789;241,788;240,788;239,788;238,787;237,787;236,786;234,785;233,784;231,784;231,783;230,783;229,783;228,783;226,782;225,782;224,782;223,782;222,782;221,782;219,782;218,782;217,782;216,784;215,785;214,785;213,785;213,786;212,787;210,788;210,789;209,789;209,790;209,791;207,791;206,791;205,791;201,792;200,792;199,792;197,792;196,792;195,792;194,792;192,792;189,792;185,792;184,792;183,792;182,792;181,793;179,795;178,796;177,798;176,798;175,800;174,800;174,801;174,802;174,804;174,805;174,806;174,807;174,808;174,810;174,811;174,812;175,813;176,813;177,815;177,816;178,817;178,818;179,818;180,818;180,819;182,821;182,822;182,823;184,824;184,825;185,825;185,826;187,827;188,828;188,829;189,830;189,831;190,831;190,832;191,834;192,835;194,836;194,837;194,838;195,838;195,839;197,840;197,841;197,843;199,845;200,846;200,847;200,848;200,850;200,851;200,852;200,853;200,855;200,856;200,857;200,858;200,859;200,860;200,863;200,865;200,866;199,870;199,871;199,873;199,875;197,876;197,877;197,878;197,880;197,881;196,882;196,884;196,885;196,887;195,888;194,889;194,890;194,892;193,893;192,894;191,894;190,895;190,896;190,897;190,898;189,899;189,900;189,901;188,903;187,904;187,906;187,907;187,908;187,909;187,910;186,911;186,912;186,914;186,916;186,917;186,918;186,919;186,920;186,922;186,923;186,924;186,925;187,925;189,926;190,926;191,928;192,928;193,929;195,929;197,931;198,931;200,932;201,932;202,932;203,932;205,934;207,935;210,935;212,935;213,935;214,935;217,935;219,935;220,935;221,935;222,935;225,935;227,935;229,935;230,935;231,935;232,935;233,935;235,935;236,935;237,935;238,935;239,935;240,935;241,935;242,935;243,935;245,935;248,935;249,935;250,935;251,935;252,935;254,935;256,935;258,935;259,935;260,935;261,935;262,935;264,935;265,935;266,935;267,935;268,935;270,935;272,935;273,935;274,935;275,935;275,934;276,934;277,934;278,934;279,934;280,934;282,934;284,934;285,934;287,934;288,934;289,934;290,934;291,933;292,932;292,931;293,929;295,929;296,929;296,928;296,927;297,927;298,926;298,925;298,923;298,922;298,921;298,920;298,919;298,917;298,916;298,915;298,914;298,913;298,912;297,910;296,909;296,907;295,906;294,904;294,903;294,902;294,901;295,901;297,899;298,899;299,898;300,898;301,897;302,897;303,897;304,896;306,896;307,896;308,896;310,894;310,893;311,893;312,893;313,893;314,893;315,893;316,893;317,893;319,893;320,893;321,893;322,893;323,893;325,892;326,892;327,891;328,891;329,890;330,890;331,889;331,888;331,887;332,887;333,886;334,885;335,884;336,883;336,882;336,881;336,880;336,879;336,878;336,877;336,875;336,874;336,873;336,872;336,871;336,870;336,868;336,867;336,866;335,864;334,862;334,861;334,860;333,859;332,858;331,857;331,856;331,855;330,854;329,853;329,852;328,851;328,850;328,849;328,847;328,846;328,845;328,844;328,843;328,842;328,841;329,840;330,840;330,839;330,838;331,838;332,836;333,835;333,834;333,833;334,832;334,831;335,831;335,829;335,828;336,827;336,826;336,825;336,823;337,821;337,820;337,819;337,818;338,817;339,816;339,815;339,814;339,812;339,811;339,810;339,809;339,808;339,807;339,805;338,805;338,804;337,804;337,803;336,802;336,800;335,799;334,798;334,797;333,797;333,796;333,795;332,794;332,793;331,793;330,792;329,792;329,791;327,789;327,788;326,788;325,787;325,786;324,785;323,783;322,782;321,781;320,780;320,779;319,778;319,777;319,776;318,776;317,775;316,773;316,772;316,771;314,770;314,769;313,769;313,768;312,768;312,766;312,765;
Specular reflection; POLYGON; 191, 91, 22; 252,705;252,706;253,706;254,706;255,705;255,704;255,703;256,701;256,700;256,699;256,698;256,697;256,696;257,694;257,692;257,691;257,690;257,689;257,688;257,687;257,686;257,685;257,684;257,683;257,682;257,680;257,679;257,677;257,676;257,675;257,673;256,671;255,671;255,670;253,670;252,670;251,670;249,670;248,670;247,670;246,670;245,670;244,670;243,670;242,670;241,670;240,670;238,671;237,672;236,672;235,673;235,674;235,675;235,676;235,677;235,678;235,679;235,681;235,682;235,684;235,685;235,687;235,688;236,688;236,691;236,692;237,692;237,693;
Specular reflection; POLYGON; 191, 91, 22; 347,649;346,649;345,649;344,649;342,649;341,649;340,649;338,649;337,649;336,649;335,649;333,649;332,649;330,649;327,649;326,649;324,649;323,649;322,649;320,649;319,649;317,649;316,649;315,649;315,650;314,651;313,651;312,651;311,651;311,652;310,653;309,654;308,655;308,656;308,657;307,658;306,658;305,660;304,660;304,662;304,663;304,664;304,665;304,666;304,667;304,669;304,670;304,671;304,672;305,673;306,675;307,675;308,675;308,676;310,676;311,676;314,676;315,676;316,676;317,676;319,676;320,676;322,676;323,676;326,676;328,676;329,676;330,676;331,676;332,676;333,676;336,676;339,676;340,676;341,676;342,676;343,676;345,676;346,676;347,676;348,675;349,674;350,673;350,672;350,671;351,669;351,667;351,666;352,665;352,663;352,661;352,660;352,659;352,658;352,657;352,656;352,655;352,654;352,653;352,652;352,651;351,650;351,649;350,649;349,649;348,649;
Specular reflection; POLYGON; 191, 91, 22; 403,696;402,696;401,696;400,696;398,696;397,696;396,696;394,696;393,696;392,696;391,696;389,696;388,696;387,696;385,696;384,696;383,696;382,696;381,696;380,696;379,696;378,697;377,697;376,697;375,697;375,698;374,699;373,699;372,701;371,701;370,703;369,703;368,705;367,706;366,708;365,709;364,710;364,711;364,712;364,714;364,715;365,715;365,716;366,716;367,717;368,718;369,718;370,718;371,718;372,718;373,719;374,719;375,720;376,720;377,720;378,720;379,720;380,720;381,720;382,720;383,720;384,720;385,720;386,720;387,720;388,720;389,720;390,720;391,720;392,720;393,720;394,720;395,720;396,719;397,719;398,719;399,719;400,718;402,718;403,717;404,716;405,714;406,714;406,713;407,712;408,712;409,712;409,711;410,711;411,711;412,711;413,711;415,710;417,708;417,707;418,707;419,707;419,706;419,705;419,704;419,703;419,702;419,701;417,700;416,699;415,698;414,698;413,698;412,698;411,698;410,698;409,698;408,698;408,697;407,696;407,695;405,695;403,695;402,695;401,695;400,695;399,695;
Specular reflection; POLYGON; 191, 91, 22; 105,748;105,747;103,747;102,747;100,747;98,746;97,746;95,746;93,746;91,746;89,746;86,746;83,746;78,747;75,749;74,749;72,749;71,749;70,749;69,750;69,752;68,753;68,754;67,755;67,756;67,757;67,758;67,759;67,761;67,762;67,763;67,765;67,766;67,767;67,768;67,770;67,771;67,772;67,773;67,776;67,777;67,780;67,782;67,783;67,784;67,785;67,786;67,788;67,789;67,790;67,791;67,792;66,792;66,795;64,796;64,798;63,798;63,800;63,801;62,802;62,803;62,805;62,806;61,806;61,807;60,808;60,809;60,810;60,812;60,814;60,815;60,818;60,819;60,820;59,820;59,822;59,826;59,827;59,828;59,830;59,831;59,833;59,834;59,837;59,838;59,840;59,842;59,843;59,844;59,846;59,848;59,849;59,852;60,853;60,855;61,860;62,861;62,862;62,863;62,865;62,866;62,867;62,868;64,870;64,872;65,873;65,874;65,875;65,876;65,877;65,878;66,879;66,880;66,881;67,882;68,884;68,885;69,887;70,889;70,890;71,891;71,892;72,893;72,894;73,895;73,896;73,897;73,898;75,899;76,899;76,901;78,903;78,904;79,906;79,907;80,909;81,910;81,911;82,912;83,912;83,913;83,914;83,915;84,917;84,918;84,919;85,920;86,920;87,920;87,922;87,923;89,923;90,923;91,923;92,924;93,924;96,925;98,925;100,925;103,926;105,927;107,927;108,927;110,927;111,927;112,927;113,929;114,929;115,929;116,929;119,929;121,929;123,929;125,929;126,928;128,927;129,926;131,926;133,923;133,922;133,921;133,919;134,919;135,917;136,917;137,916;137,915;137,914;137,911;138,910;139,909;139,908;141,907;141,906;142,906;143,905;144,904;144,903;144,901;144,900;144,899;144,898;145,897;145,896;145,892;145,891;146,890;146,889;146,888;146,887;146,886;146,885;146,884;146,883;146,882;146,880;146,877;146,875;143,871;143,870;143,869;143,868;143,867;143,865;142,864;142,863;142,861;141,860;141,857;141,854;140,854;140,853;140,852;140,851;140,849;140,848;140,846;140,845;140,844;140,843;140,842;140,841;140,840;140,839;140,837;140,836;140,835;140,834;141,832;142,832;142,831;142,830;142,829;142,828;142,827;142,826;144,824;144,822;144,821;144,820;144,819;144,818;144,816;144,815;144,814;144,811;144,810;145,809;145,808;145,807;145,805;145,801;145,800;145,799;145,798;145,796;145,794;145,793;145,792;144,790;144,788;141,786;140,783;139,782;139,780;139,779;137,778;137,775;137,774;136,773;135,772;135,771;134,770;133,767;132,767;132,765;132,764;132,763;131,762;131,761;130,759;129,759;128,757;127,756;125,756;123,756;123,755;122,754;121,754;120,753;119,753;118,753;117,751;116,751;115,751;114,751;113,750;112,750;111,750;110,749;109,749;107,748;105,748;104,748;103,748;102,748;101,748;99,748;97,748;95,748;94,748;93,748;
Specular reflection; POLYGON; 191, 91, 22; 255,440;254,440;253,441;252,442;252,443;250,443;248,444;246,445;245,447;244,447;243,448;242,448;241,448;241,449;240,449;240,450;239,450;237,450;235,451;234,452;233,452;230,453;227,453;225,453;222,453;218,454;214,454;211,455;207,455;206,455;205,455;204,455;204,456;203,456;202,457;201,457;199,457;198,457;197,457;196,457;195,459;194,459;193,460;192,460;191,461;190,462;189,462;188,462;187,462;185,466;185,467;184,467;183,468;182,468;181,468;180,469;179,469;178,469;177,469;176,469;175,471;174,471;173,471;172,472;171,472;170,472;169,472;167,473;165,473;164,473;163,474;162,474;161,475;161,477;161,478;161,479;162,480;163,480;165,481;166,481;169,481;171,482;174,482;175,483;176,484;177,484;178,484;179,484;180,484;183,484;186,484;187,484;189,484;190,484;191,484;193,484;194,484;196,483;198,483;199,482;200,482;201,482;202,482;203,481;204,481;204,480;206,479;207,478;208,478;209,477;210,477;211,477;212,477;213,476;215,476;216,476;218,475;219,475;220,474;221,474;222,474;223,474;224,474;225,474;227,473;227,472;228,472;230,472;231,472;233,471;234,471;235,471;236,471;237,471;239,471;240,471;241,471;242,470;242,469;245,468;246,468;246,466;247,466;249,465;251,464;252,464;254,463;255,463;256,463;257,462;258,462;259,461;260,460;261,459;263,459;264,459;265,459;266,459;268,458;269,458;269,457;271,457;272,456;273,454;273,453;273,452;273,451;273,449;273,448;273,447;273,446;273,444;273,443;273,442;273,441;273,440;273,439;273,438;273,437;273,436;272,436;271,436;270,436;269,436;267,436;266,436;265,436;264,436;263,436;262,436;260,436;259,436;258,437;257,438;256,438;256,439;255,439;
Specular reflection; POLYGON; 191, 91, 22; 573,314;572,314;571,315;570,315;569,316;568,316;568,317;566,317;565,318;564,318;562,319;561,319;561,320;559,320;558,321;557,321;557,322;555,322;554,323;552,324;551,324;550,325;548,326;546,326;545,326;544,326;543,326;541,326;541,327;540,327;539,327;538,327;537,327;536,328;535,328;534,329;533,329;532,329;532,330;532,331;530,332;529,332;528,332;526,333;524,333;522,334;520,334;517,334;514,334;512,335;511,335;510,337;509,338;508,338;507,339;506,340;505,341;504,341;504,342;503,343;502,344;501,344;500,344;498,345;497,345;497,346;496,347;495,348;495,349;494,350;492,351;491,352;491,353;491,354;490,356;490,357;490,358;490,359;490,360;490,362;490,363;490,364;491,365;493,366;494,366;495,366;496,366;497,366;498,366;499,366;500,366;501,366;503,366;505,366;506,366;507,366;508,366;509,366;510,366;511,366;512,365;514,365;515,365;516,365;517,364;519,363;519,362;520,362;521,362;521,361;522,361;523,361;524,360;525,360;525,359;527,359;529,358;530,358;530,357;530,356;531,356;532,356;533,356;535,355;536,355;537,355;538,355;539,354;540,353;542,353;543,353;544,351;545,350;546,350;547,350;549,350;550,350;551,350;552,349;553,348;555,348;556,347;558,346;559,346;561,346;561,345;562,345;562,344;563,344;564,344;566,343;567,343;568,343;569,342;571,341;572,341;573,341;574,340;575,340;576,340;578,340;579,340;579,339;580,339;581,338;582,338;582,337;584,337;585,337;586,337;587,337;588,337;589,336;590,335;591,334;592,334;592,333;594,331;595,330;596,330;597,330;598,329;599,329;600,328;600,326;600,325;600,324;600,323;600,322;600,321;600,320;600,319;601,319;601,318;601,317;601,316;601,314;600,314;599,314;598,314;596,314;595,314;594,314;593,314;592,314;590,314;589,314;588,314;586,314;584,314;583,314;581,314;580,314;579,314;578,314;577,314;576,314;574,314;572,314;571,314;570,314;
Specular reflection; POLYGON; 191, 91, 22; 940,251;939,251;937,253;937,254;936,255;935,255;934,256;933,257;933,258;932,258;931,258;931,259;930,259;929,259;928,260;927,261;926,262;925,262;924,263;923,263;922,264;921,266;920,266;920,267;919,267;918,268;917,269;916,270;916,271;914,272;913,273;912,274;911,275;910,276;910,277;910,278;909,278;909,279;908,279;908,280;907,281;907,283;907,284;906,284;905,286;905,287;905,288;904,289;904,290;904,291;904,292;904,293;904,294;902,295;902,296;902,297;902,298;902,299;901,301;900,303;900,304;900,306;900,307;900,308;900,309;900,310;900,311;900,312;900,313;900,315;900,316;900,317;900,318;900,319;901,319;902,319;903,319;904,320;905,320;906,320;907,320;908,320;909,320;910,320;911,320;913,320;914,320;916,320;917,320;918,319;919,319;919,318;919,317;921,317;922,317;923,317;924,316;925,316;925,315;926,315;927,314;928,314;930,313;931,312;931,311;931,310;932,309;933,308;934,308;934,307;935,305;936,305;936,304;936,303;937,302;937,300;937,299;937,298;937,297;937,296;937,295;937,294;937,293;937,292;937,291;937,290;937,289;937,288;937,286;937,285;937,284;937,283;938,282;938,281;938,280;938,279;939,278;939,277;940,276;941,276;941,274;941,273;942,273;942,272;944,272;945,272;946,271;947,271;947,270;948,270;948,269;948,268;949,268;949,267;949,266;949,265;949,264;949,263;949,262;949,261;949,260;949,259;949,258;949,256;949,255;949,254;947,254;946,254;945,253;944,253;943,253;941,253;939,253;937,254;
Specular reflection; POLYGON; 191, 91, 22; 882,350;881,350;880,350;880,351;880,352;880,353;879,355;878,356;878,357;878,358;878,359;878,360;878,361;878,362;878,363;878,364;879,365;880,365;881,365;882,366;883,366;884,366;885,366;886,366;887,366;888,366;889,366;890,366;891,366;892,366;893,366;894,366;895,366;896,366;896,365;897,365;897,363;897,362;898,362;898,361;898,360;898,359;898,357;898,356;898,354;898,353;898,351;898,350;897,349;896,348;894,348;893,348;892,348;891,348;890,348;889,349;889,350;888,350;887,350;886,351;886,352;885,352;884,353;882,353;881,353;880,353;879,353;879,354;
Specular reflection; POLYGON; 191, 91, 22; 699,2;699,3;699,6;699,9;699,12;699,13;699,16;699,17;699,18;699,19;699,21;699,22;699,24;699,26;699,27;699,28;699,29;699,30;698,32;697,33;697,34;697,35;697,38;697,39;697,40;697,41;697,42;697,43;698,44;698,45;698,46;700,47;700,48;702,50;703,50;705,50;706,51;708,52;710,54;711,54;713,55;716,56;718,57;721,58;722,58;723,58;723,59;724,59;725,60;726,60;728,62;730,62;733,64;735,65;738,65;740,65;741,65;742,65;743,65;745,65;747,65;748,66;749,66;750,66;751,66;752,66;754,66;755,66;758,66;761,66;765,66;769,66;771,66;772,66;773,66;774,65;775,65;776,63;777,62;779,61;782,59;783,59;784,58;786,57;786,56;787,56;787,55;789,54;791,53;791,52;792,52;793,51;794,50;794,49;795,49;796,49;797,48;798,47;799,46;800,45;801,44;802,43;803,42;805,41;807,41;808,40;809,38;810,38;810,37;810,36;812,36;813,35;814,34;815,32;815,30;818,29;818,28;819,28;819,27;820,26;820,25;821,23;822,23;822,22;822,21;823,20;824,18;825,17;825,16;827,15;827,14;828,12;828,11;828,10;829,9;830,8;830,7;830,6;830,5;831,4;
Specular reflection; POLYGON; 191, 91, 22; 6,747;6,748;7,749;7,750;8,750;10,750;12,751;14,751;15,751;16,751;17,751;18,751;19,751;20,751;21,751;22,751;24,751;26,751;27,751;28,751;29,751;30,751;31,751;32,751;33,750;34,748;35,748;37,747;38,746;38,744;39,744;40,743;42,743;42,742;43,742;44,741;45,741;46,741;47,740;48,739;49,738;50,738;51,738;53,737;54,737;55,736;56,735;57,735;59,735;59,734;60,733;60,732;61,732;61,731;62,731;63,730;64,727;66,725;66,724;67,723;67,722;68,722;69,722;69,721;70,720;71,719;72,718;73,717;73,716;74,715;74,714;75,714;76,713;77,713;77,712;78,712;78,711;79,710;80,708;81,707;82,706;83,706;84,705;85,705;85,704;86,704;86,702;88,702;88,699;89,699;91,696;92,695;92,694;92,693;93,692;94,691;95,690;95,687;96,686;97,685;97,684;97,683;98,680;98,679;99,678;100,677;100,676;101,675;101,673;102,671;103,670;103,668;103,667;104,666;105,665;105,664;105,663;105,662;105,661;106,661;106,660;107,657;108,656;109,656;111,654;111,653;112,653;112,651;112,650;112,648;112,647;113,645;113,644;114,642;114,641;114,640;114,639;114,638;115,636;115,635;115,634;115,633;115,632;115,630;115,629;115,627;115,626;115,625;115,624;115,622;115,621;115,620;115,619;115,618;115,617;115,616;115,614;114,614;113,614;113,613;111,613;110,613;109,613;108,613;107,613;106,613;104,613;103,613;102,613;101,613;100,613;99,613;98,614;98,615;97,617;97,618;97,622;97,623;96,624;96,625;96,627;95,629;95,630;95,631;95,633;95,634;95,635;95,637;95,639;95,640;95,641;94,642;94,643;94,644;93,645;93,646;92,646;92,647;92,648;92,649;91,650;90,652;89,652;89,653;89,655;89,657;88,658;87,659;86,660;86,661;85,663;85,664;85,665;84,666;84,667;83,668;82,669;82,670;81,670;79,671;79,672;78,672;77,673;76,673;76,675;75,676;74,677;72,678;72,679;71,681;71,682;70,683;70,684;69,684;68,685;68,686;68,687;66,688;66,689;65,689;64,689;63,690;62,690;62,691;61,692;61,693;59,695;58,696;57,696;56,697;55,697;53,698;52,698;50,698;49,698;47,698;46,698;45,698;43,698;41,698;40,698;39,698;38,697;37,697;36,696;35,695;34,694;33,694;31,693;30,693;30,692;28,691;28,689;27,688;27,687;26,686;26,685;26,683;26,682;26,681;26,680;26,679;26,677;26,676;26,675;26,674;26,673;26,671;26,670;26,669;26,668;26,667;26,666;26,665;26,664;26,663;26,662;26,660;26,659;26,658;26,656;26,655;26,653;26,652;26,651;26,650;26,649;26,647;26,646;26,645;26,644;27,643;27,641;27,639;28,639;28,638;28,637;29,635;29,634;30,633;31,632;31,630;31,629;32,629;32,628;32,627;32,626;32,625;32,624;33,622;34,621;34,620;34,619;35,617;35,616;36,616;37,615;38,615;38,614;39,613;39,612;40,611;40,610;41,608;42,608;42,606;42,605;43,604;43,603;43,602;43,601;43,600;43,599;44,597;44,596;44,595;45,593;45,591;45,589;45,588;45,587;45,584;46,582;46,581;46,580;46,579;46,576;46,574;46,573;47,570;47,569;47,567;47,565;47,564;47,563;47,560;47,559;47,558;47,557;49,556;49,554;49,553;49,551;49,550;49,547;49,545;49,542;49,540;49,539;49,537;49,535;49,534;49,533;49,531;49,530;49,528;49,527;48,525;48,524;47,524;47,522;46,521;45,521;44,521;44,520;42,519;41,518;40,516;39,516;38,516;37,516;36,515;35,515;34,514;33,514;31,513;30,513;29,512;27,511;25,510;24,509;24,508;23,508;22,506;21,506;21,505;19,504;18,504;17,503;16,503;15,503;14,503;14,502;13,502;12,502;11,502;10,502;8,502;7,502;6,502;5,502;4,503;3,504;2,504;1,504;1,505;
Specular reflection; POLYGON; 191, 91, 22; 689,618;688,618;688,619;687,620;686,621;685,621;685,622;684,623;683,623;682,624;680,625;679,626;678,627;677,627;677,628;676,629;676,630;675,631;674,632;672,632;672,633;671,633;671,634;670,635;670,636;669,637;668,638;668,639;667,639;667,640;666,642;665,644;665,645;665,646;664,647;664,648;664,649;662,650;661,651;661,652;660,654;660,655;659,656;659,657;658,658;658,661;657,662;657,663;656,663;655,665;655,667;655,668;654,669;653,669;653,670;652,671;651,671;651,672;651,673;651,674;651,675;651,676;651,678;651,679;650,680;650,681;649,682;649,683;649,684;649,685;649,686;648,686;648,688;647,689;647,691;646,693;646,694;646,695;646,696;646,697;645,699;645,700;644,701;644,702;643,704;643,705;643,706;643,707;643,708;642,708;642,710;641,711;640,711;640,712;640,713;639,714;638,716;637,717;637,718;637,719;636,719;636,720;635,720;635,722;635,723;634,724;634,725;634,726;634,727;634,729;634,731;634,732;634,733;634,735;634,736;634,737;634,738;634,739;634,740;634,742;634,743;634,744;634,745;634,746;634,748;634,749;634,750;634,751;634,752;634,753;634,754;634,755;634,756;634,757;634,758;634,759;634,760;636,760;637,760;639,760;640,759;641,759;642,758;643,758;643,757;644,757;645,755;646,754;647,753;647,752;648,751;648,750;648,749;649,748;649,747;649,746;649,745;649,744;649,743;649,742;649,741;649,740;649,739;649,738;649,737;649,736;649,735;649,734;649,733;649,732;649,731;649,730;649,729;650,728;651,727;651,726;651,725;651,724;652,723;653,723;653,721;653,720;654,719;654,717;655,716;655,715;655,714;656,713;656,711;656,710;656,708;657,707;657,706;657,704;658,703;658,702;659,701;659,700;659,698;660,697;661,696;662,696;662,695;663,695;663,694;664,694;665,692;666,690;666,689;667,689;667,688;668,687;668,686;668,685;669,685;669,683;669,682;670,682;671,681;671,680;673,679;673,678;673,677;674,677;674,676;675,676;675,675;675,673;676,673;677,672;677,671;678,671;680,670;681,670;682,668;682,667;684,666;684,665;685,665;686,663;686,662;687,661;688,660;688,659;689,658;690,658;690,656;690,655;691,655;691,653;692,653;692,652;693,651;693,650;694,649;694,648;694,647;695,646;696,646;696,644;696,643;696,642;697,641;697,640;697,639;698,638;699,637;699,636;700,634;700,632;700,631;700,630;700,629;700,628;700,627;701,627;701,625;701,624;701,623;701,622;701,621;701,619;701,618;701,616;701,615;701,614;700,614;699,614;698,614;697,614;696,614;695,614;694,614;693,614;692,614;691,614;690,614;689,614;688,614;687,614;686,614;
Specular reflection; POLYGON; 191, 91, 22; 754,611;753,611;752,611;751,611;750,611;749,612;749,613;748,613;746,615;746,616;745,616;745,617;745,618;744,619;743,620;743,621;743,622;742,623;742,624;741,624;741,625;740,626;740,627;739,628;738,629;738,630;738,631;738,633;737,634;736,636;736,637;735,639;735,640;735,641;734,644;734,645;734,646;733,647;732,648;732,649;732,651;731,652;730,654;728,656;728,657;727,658;727,659;726,660;725,662;724,662;724,663;724,664;724,665;723,665;723,666;722,667;722,668;722,669;722,670;722,671;721,672;721,673;721,674;721,675;721,676;721,677;721,678;722,679;723,679;724,679;725,680;727,680;728,680;729,680;730,680;731,680;732,680;733,681;734,681;736,681;737,681;738,681;740,681;741,681;742,681;743,680;743,679;743,678;743,676;744,676;744,675;744,674;746,673;747,672;747,670;747,669;747,668;747,667;747,666;747,665;747,664;747,663;747,662;747,661;747,660;747,659;747,658;747,657;747,656;747,655;748,653;749,652;749,651;749,650;749,649;750,649;750,648;751,647;752,647;753,646;754,645;754,644;755,644;755,643;756,643;756,642;758,642;759,641;759,640;759,639;760,638;760,637;760,636;761,636;761,635;762,633;762,632;762,631;762,630;762,629;763,629;763,627;763,626;763,625;764,624;764,623;765,622;765,621;766,620;766,619;766,618;766,617;766,616;766,615;766,614;766,613;766,612;766,611;766,610;766,609;766,608;766,607;765,607;764,607;763,607;762,607;761,607;760,607;758,607;757,607;757,608;
Artery; POLYGON; 237, 28, 36; 4,320;4,321;4,322;4,323;5,323;5,325;5,326;6,326;6,327;6,329;7,330;7,331;7,332;9,334;10,335;10,336;11,337;11,338;13,339;14,340;15,341;16,341;17,342;19,344;19,345;20,346;21,346;22,347;23,347;24,348;25,349;26,349;27,350;28,350;28,351;29,351;31,352;33,353;34,353;35,354;36,355;36,356;37,357;37,358;39,359;40,361;40,362;42,364;43,365;44,366;44,367;46,368;47,369;48,370;49,371;50,372;51,373;52,374;52,375;53,375;54,375;55,376;55,377;56,377;57,377;58,379;59,379;61,381;61,382;62,382;63,383;64,384;65,384;65,385;67,387;69,388;70,388;70,389;71,390;72,390;72,391;73,391;73,393;74,393;74,394;75,394;76,395;77,396;77,397;78,398;79,398;80,399;80,400;81,400;82,401;84,402;85,402;85,403;85,404;86,404;87,405;88,405;89,406;91,407;92,407;93,407;94,409;95,411;96,411;97,412;98,412;98,413;99,413;100,413;102,415;103,415;103,416;104,416;105,417;106,418;107,418;108,418;109,419;110,420;111,420;112,420;112,421;113,421;114,421;115,421;116,422;117,422;118,422;119,422;120,422;121,423;122,423;123,423;124,423;126,423;127,423;128,424;130,424;131,424;132,424;133,424;134,424;135,424;137,424;139,424;140,424;142,424;143,424;145,424;146,424;147,424;148,424;149,424;150,424;151,424;152,424;153,424;154,424;155,424;157,424;158,424;159,423;160,423;161,423;164,423;165,423;165,422;166,422;167,422;168,421;169,421;170,420;171,420;173,419;174,419;176,418;177,417;177,416;178,416;179,416;179,415;180,415;181,415;182,414;183,414;185,414;185,413;186,413;187,413;188,412;189,411;189,410;190,410;191,410;191,409;192,409;193,409;194,408;195,408;196,408;197,408;198,408;199,408;200,407;201,406;202,406;203,406;204,406;205,406;205,405;206,405;207,405;208,404;210,404;211,403;211,402;212,402;213,402;214,401;215,399;216,399;217,398;218,397;219,397;221,396;222,396;224,396;224,395;225,395;226,394;227,393;228,392;229,392;230,392;230,391;231,391;232,390;234,390;235,390;236,390;237,388;238,388;239,388;240,388;241,386;243,386;244,386;246,386;247,386;247,385;248,385;249,385;250,385;251,385;252,384;253,384;254,384;255,384;256,384;257,383;258,383;259,383;260,383;262,382;262,381;263,380;265,380;266,380;267,380;268,380;269,380;270,380;272,380;273,380;274,380;275,380;276,380;277,380;278,380;279,380;279,381;279,382;281,382;281,383;281,384;281,386;281,387;281,388;281,390;281,392;281,393;281,394;281,395;281,396;281,397;281,398;281,399;281,400;281,402;281,403;281,404;281,405;281,406;281,407;281,408;281,409;281,410;280,411;280,412;280,413;280,415;279,416;279,417;279,418;278,418;277,420;277,421;276,422;275,423;275,424;275,425;274,427;273,428;272,429;271,429;270,429;269,430;267,431;267,432;266,432;265,433;264,433;263,433;263,434;262,434;261,434;259,434;258,434;257,434;256,434;255,434;254,435;253,435;252,435;251,435;250,436;249,437;247,437;245,438;245,439;244,440;243,441;242,442;241,442;240,443;239,443;238,443;237,443;236,443;234,444;234,445;232,445;231,445;230,445;229,446;228,446;227,446;226,446;225,446;224,447;223,447;222,447;221,447;220,447;219,447;218,447;218,448;217,448;216,448;215,448;214,448;214,449;213,449;211,449;210,449;209,450;209,451;208,451;208,452;207,452;206,452;205,452;204,453;203,453;202,453;200,453;198,453;197,453;196,454;195,454;194,454;194,455;193,455;192,456;191,456;190,457;189,458;188,458;187,458;185,459;183,460;182,460;181,460;180,461;179,461;179,462;179,463;178,463;177,463;176,463;175,463;173,464;172,464;171,464;170,465;169,466;168,467;167,467;167,468;167,469;166,469;166,470;164,471;164,472;163,472;162,472;161,473;160,473;159,475;159,476;159,477;159,478;160,478;161,479;161,480;162,481;162,482;163,482;164,482;164,483;165,483;166,484;167,484;168,485;169,485;170,485;171,485;172,485;173,485;174,485;175,485;176,485;178,485;179,485;182,486;183,486;184,486;184,487;185,487;186,487;187,487;188,487;190,487;191,488;193,488;194,488;195,488;196,488;197,488;198,488;199,488;201,487;202,486;203,484;204,482;205,481;206,481;207,480;208,480;209,480;210,479;211,479;212,479;213,478;214,478;216,478;217,478;218,478;219,476;220,476;221,476;222,476;222,475;223,475;224,475;225,475;226,475;228,475;229,475;229,474;230,474;232,473;233,473;234,473;235,473;236,473;238,473;240,473;241,473;242,473;243,473;244,473;244,472;245,472;246,472;248,470;249,470;250,469;251,469;252,469;253,469;254,467;255,467;256,467;257,466;259,465;260,465;260,464;261,464;262,464;264,464;265,464;266,464;267,464;268,464;269,464;270,464;271,464;272,464;274,464;275,464;276,464;277,464;278,464;279,464;280,465;281,465;281,466;283,467;284,469;284,470;285,470;285,471;285,472;285,473;286,473;287,475;287,476;287,477;288,478;289,479;289,481;289,482;289,484;289,485;289,486;289,488;289,489;289,490;289,491;289,492;289,493;289,494;288,495;287,496;286,497;285,497;284,497;283,497;282,497;281,498;281,499;281,500;279,500;278,500;277,500;275,500;274,500;272,500;271,501;269,501;268,501;266,501;266,502;265,502;264,502;263,502;262,502;260,502;259,502;258,502;257,503;256,503;254,503;253,503;252,503;251,503;250,503;249,503;247,504;246,504;245,505;245,506;243,507;241,508;240,508;239,509;238,509;237,509;235,510;233,511;231,512;230,513;229,513;228,513;227,513;226,514;225,514;224,514;223,515;221,515;220,516;219,517;218,517;217,517;216,519;215,519;213,519;212,519;212,520;211,520;209,520;208,520;206,521;205,521;204,521;203,521;202,522;201,522;200,522;200,523;199,523;198,523;197,523;196,523;195,523;194,523;192,524;191,524;190,524;188,524;187,524;186,524;185,524;184,525;183,525;182,525;181,525;180,525;179,526;178,526;176,526;175,526;173,526;172,526;170,526;169,526;168,526;167,526;166,526;165,526;164,526;163,526;162,526;161,526;160,526;159,526;159,527;157,527;156,527;154,527;153,527;152,527;151,527;150,527;149,527;148,528;147,529;145,529;142,529;141,529;140,529;139,529;138,529;137,529;136,529;135,529;134,529;133,529;132,529;131,529;130,529;129,529;128,529;127,529;126,529;125,529;124,529;123,529;122,529;121,529;120,529;119,529;118,529;117,529;116,530;115,530;114,530;113,530;112,530;111,530;110,531;109,531;108,531;107,531;106,531;105,532;104,532;103,532;102,532;101,532;100,532;98,532;96,532;95,532;94,532;93,532;92,532;91,532;90,532;88,532;87,532;85,532;84,532;83,532;82,532;81,532;80,531;80,530;79,530;78,529;77,528;75,527;74,527;73,527;71,525;70,524;68,524;67,523;65,522;63,522;62,522;61,522;59,520;58,520;57,520;57,519;55,518;55,517;54,517;52,517;52,516;51,516;50,516;49,516;48,515;47,515;46,515;45,515;45,514;44,514;43,514;42,514;40,514;40,513;39,513;38,512;37,512;36,511;35,511;35,510;34,510;33,510;32,510;32,509;31,509;30,509;29,508;28,507;28,506;27,505;27,504;26,504;25,504;24,503;22,503;21,502;21,501;20,500;18,500;17,500;16,500;15,499;15,498;14,498;13,498;12,498;11,498;10,497;9,497;8,497;7,497;6,497;5,497;4,497;3,495;2,494;
Artery; POLYGON; 237, 28, 36; 270,458;269,458;269,459;268,459;267,459;267,460;266,461;266,462;265,462;265,463;264,464;263,464;262,465;261,465;260,465;259,465;258,465;257,465;256,465;255,465;254,465;253,465;252,465;251,465;250,465;249,465;248,465;247,465;245,465;244,465;243,466;243,467;243,468;242,468;241,469;240,469;239,469;239,470;238,470;237,471;236,471;234,471;233,472;232,472;232,473;231,474;230,474;229,474;228,474;227,475;226,475;225,475;224,475;223,475;222,475;220,476;219,476;218,476;217,477;216,477;215,477;214,477;211,477;210,477;208,477;207,477;206,477;206,478;206,479;205,479;204,480;203,480;202,480;201,480;200,480;200,481;199,481;198,481;197,482;196,482;195,482;193,483;190,485;189,485;188,485;186,486;185,486;184,486;183,486;182,486;180,486;179,486;177,486;175,486;174,486;171,486;170,486;168,486;167,486;166,486;164,486;163,486;162,486;162,485;162,484;161,484;161,483;161,482;161,481;161,480;161,478;161,477;161,476;161,475;161,474;161,473;161,472;161,471;162,471;163,471;164,470;165,470;166,470;167,470;169,470;170,469;172,469;173,469;174,469;176,468;176,467;178,467;179,467;180,466;181,466;182,465;183,464;184,464;185,464;186,464;186,463;188,463;189,463;190,463;191,461;193,460;194,460;195,459;197,458;198,458;200,458;201,458;202,458;204,458;206,458;208,458;209,458;211,458;212,458;213,458;214,457;215,457;216,457;217,457;218,457;219,457;219,455;220,454;221,454;223,454;224,454;225,454;225,453;226,453;227,453;228,453;229,453;230,453;231,453;232,452;233,452;234,452;235,451;236,451;238,451;239,451;241,449;241,448;242,448;245,447;246,447;247,446;248,446;249,446;250,445;251,444;252,443;252,442;254,442;255,442;257,441;258,441;259,441;260,441;261,441;262,441;263,441;264,440;265,440;265,439;266,439;268,439;269,439;270,439;271,438;272,436;273,436;274,435;274,434;276,433;277,432;277,431;280,431;281,430;281,429;282,428;283,428;284,428;285,428;286,428;287,428;288,428;289,428;291,428;292,428;293,428;294,427;295,427;297,427;298,426;300,425;301,425;302,425;305,424;306,423;309,423;310,422;313,421;315,421;316,420;319,419;320,419;322,417;324,416;325,416;326,416;328,414;329,413;331,411;332,410;333,410;334,409;335,408;337,407;338,406;339,404;341,404;342,403;344,402;345,401;346,399;348,398;348,397;350,397;351,395;352,394;353,393;354,391;356,390;357,388;358,388;358,387;360,385;361,384;362,383;363,382;363,380;364,380;364,379;365,378;366,377;366,376;366,375;368,374;369,372;370,372;370,371;371,370;371,369;371,368;371,367;372,366;373,366;374,365;374,364;374,363;375,363;376,362;376,361;376,360;376,359;377,358;378,357;378,356;379,356;380,356;381,356;383,356;385,356;386,356;388,357;390,358;391,358;393,360;396,362;399,362;402,363;403,363;404,364;405,365;405,366;406,367;407,368;409,370;410,370;411,372;411,373;412,373;412,374;412,375;413,376;414,377;414,378;414,379;415,380;415,381;415,383;415,384;415,385;415,386;415,387;415,389;415,390;415,391;415,392;415,393;415,394;415,395;415,396;415,397;415,398;415,399;416,399;418,399;419,399;420,398;421,398;422,397;423,395;424,394;424,393;425,391;425,390;425,389;425,388;425,387;425,386;425,385;425,384;425,383;425,382;425,380;425,379;426,378;426,376;426,374;426,373;426,371;426,370;426,369;426,368;426,367;426,366;426,365;426,364;426,363;426,362;424,362;423,362;423,361;422,361;422,360;421,360;420,360;420,358;419,358;418,357;417,356;416,356;414,355;413,355;412,355;411,355;410,354;408,353;406,353;405,352;404,352;403,351;402,351;401,351;400,351;399,351;398,351;397,351;396,350;395,350;394,350;393,350;392,350;391,350;389,350;388,350;387,350;386,350;385,350;384,350;383,350;382,350;381,350;380,350;379,350;378,350;376,350;375,350;374,350;372,350;371,352;371,353;370,353;369,354;369,355;368,355;367,356;366,356;366,357;364,358;363,359;361,361;360,361;359,363;358,364;357,365;356,366;355,367;353,369;352,369;351,370;350,371;349,372;347,374;347,375;346,375;346,376;344,377;342,378;341,379;339,379;338,381;337,381;337,382;336,383;335,384;334,385;333,386;332,386;330,388;328,390;328,391;326,392;325,394;323,395;322,395;322,396;320,396;319,397;318,397;317,397;316,398;315,399;313,399;312,400;311,401;309,401;308,401;305,403;304,403;302,403;299,404;297,404;294,406;293,406;292,406;289,406;288,407;285,407;283,408;280,409;276,409;273,409;270,409;266,410;263,411;262,412;259,412;257,412;255,414;253,414;252,414;250,414;249,414;248,414;247,414;246,415;245,415;243,416;242,416;240,418;238,419;237,419;237,420;235,420;234,421;233,422;232,423;231,423;230,424;230,425;229,425;228,426;227,426;226,427;225,428;224,429;223,430;222,430;221,431;220,432;219,433;218,433;213,435;212,436;210,437;208,438;205,439;203,440;202,442;200,442;200,443;198,443;197,444;195,445;194,445;191,446;189,446;187,447;185,448;183,448;179,449;178,449;175,449;174,450;169,451;167,451;166,451;165,452;164,452;163,452;162,452;161,452;160,452;159,454;157,454;156,454;155,454;154,455;153,455;152,455;151,456;150,456;150,457;149,457;148,458;148,459;146,460;145,460;145,461;144,461;143,462;143,463;142,465;141,466;140,466;140,467;139,469;139,470;139,472;139,473;139,474;139,475;139,476;139,478;139,480;139,481;139,482;140,483;140,484;141,485;141,486;142,486;143,487;143,489;144,489;144,490;145,491;146,491;147,491;147,492;148,493;149,494;150,494;151,496;152,496;153,496;155,497;157,498;158,498;159,498;160,498;161,498;162,500;164,500;165,500;166,500;167,500;169,500;170,500;171,500;172,500;173,500;174,501;175,501;177,501;178,501;179,501;180,501;181,501;182,501;183,501;184,502;185,502;186,502;189,502;191,503;193,503;195,504;196,504;197,504;198,504;200,504;202,504;204,504;205,504;206,504;207,504;208,504;209,504;212,504;216,504;220,504;223,504;227,504;229,504;230,504;231,504;231,503;233,503;234,503;235,503;235,502;237,501;240,500;241,500;241,499;243,498;244,498;245,497;246,496;247,495;249,494;250,493;251,493;252,493;253,492;254,492;255,492;256,492;257,491;258,491;259,491;260,491;262,491;263,491;264,491;267,491;268,491;269,490;270,490;271,490;272,490;272,489;274,489;275,489;276,489;277,489;278,489;279,489;280,489;281,489;282,489;283,489;284,489;285,489;286,489;287,489;288,489;289,489;290,489;291,489;292,489;293,488;295,487;295,486;297,486;298,486;299,485;300,484;301,484;302,484;303,483;304,483;304,482;304,481;305,481;306,481;307,481;308,480;309,480;310,480;311,479;312,479;313,479;314,479;316,479;317,479;318,479;319,479;320,479;321,479;322,479;323,478;324,478;325,478;326,478;327,478;328,478;331,475;332,475;333,475;335,474;336,473;337,473;339,472;340,472;341,472;342,471;343,471;344,470;345,470;346,470;346,469;346,468;347,468;348,468;349,467;350,467;351,466;353,466;354,466;355,466;355,465;356,465;357,465;358,465;359,465;360,465;362,464;363,463;364,462;365,462;366,462;367,462;368,462;369,462;370,462;371,462;372,462;372,461;373,461;374,461;376,460;377,460;378,460;379,459;380,459;381,459;382,458;383,458;383,457;383,456;384,456;385,456;386,456;387,455;388,454;390,454;391,454;391,453;392,453;394,453;395,453;396,452;397,451;397,450;398,450;399,449;400,449;402,448;403,448;404,447;405,447;406,446;407,446;407,445;408,445;408,444;410,443;413,443;414,443;415,442;416,442;417,442;418,442;419,442;420,442;420,441;421,441;422,441;423,441;424,441;426,441;427,441;428,441;429,441;430,441;431,441;432,441;434,441;435,440;436,440;437,440;439,440;440,440;441,440;441,438;442,438;443,438;444,438;446,437;447,437;448,437;449,437;450,436;451,435;452,435;453,435;454,435;455,433;456,432;458,432;459,432;460,431;461,430;462,430;463,429;464,429;465,429;465,428;466,428;469,426;470,426;471,425;472,424;473,424;474,424;475,424;476,423;478,422;479,422;480,422;481,421;482,421;483,421;484,421;485,420;486,420;487,420;488,420;489,419;490,419;491,419;492,419;493,419;494,419;495,418;496,418;497,418;498,418;499,417;500,417;501,417;502,417;503,416;504,416;505,416;506,415;507,414;508,414;509,413;510,413;511,413;512,412;513,412;514,411;515,411;516,411;517,411;518,411;519,409;520,408;522,408;523,408;524,407;525,406;526,406;527,406;528,406;530,406;530,405;531,405;533,405;534,405;535,403;536,403;537,403;538,402;539,402;540,402;541,401;542,401;543,401;544,401;545,400;546,400;547,400;549,399;550,399;551,399;552,397;553,397;554,396;555,396;556,396;558,396;559,396;560,395;561,395;562,394;563,394;564,394;565,394;566,393;568,393;569,393;570,391;572,391;574,391;575,391;576,390;577,389;577,388;577,387;577,385;577,384;577,382;577,381;577,379;577,378;577,377;577,375;577,374;577,372;577,371;577,370;577,369;577,368;577,367;577,366;577,365;577,364;577,363;577,362;576,361;576,360;575,359;575,358;575,357;574,356;573,356;572,354;571,353;570,352;569,351;568,351;567,351;566,350;565,350;564,350;563,350;561,350;560,350;559,350;558,350;557,349;556,349;555,349;554,349;553,349;552,349;551,349;549,349;548,349;547,349;546,349;545,349;544,349;543,349;542,349;541,350;540,350;539,350;539,351;538,352;537,353;536,353;536,354;535,354;535,355;534,356;533,357;531,358;531,359;530,359;529,359;528,359;526,359;525,359;524,360;523,360;521,360;520,361;519,361;518,361;517,362;515,362;514,362;513,363;512,363;511,363;511,364;511,365;510,365;509,365;508,365;507,366;506,366;505,366;504,367;503,367;502,367;501,367;500,367;499,367;498,367;497,367;496,367;495,368;493,368;492,368;491,368;490,368;489,368;488,368;487,369;486,369;485,370;485,371;483,372;482,372;481,372;481,373;480,373;479,374;479,375;478,376;477,376;477,377;476,378;476,379;475,379;474,380;474,382;474,383;473,383;472,383;471,385;471,386;470,386;470,387;468,388;468,389;466,390;466,391;465,391;464,391;463,392;462,392;462,393;460,394;459,395;457,397;456,398;455,398;454,398;452,399;451,400;449,401;448,402;447,403;446,403;444,404;443,404;442,405;440,407;438,408;436,408;435,409;433,410;432,410;431,410;430,411;429,411;428,413;427,413;424,413;423,414;422,414;421,414;420,415;419,415;417,415;415,415;413,416;412,416;411,417;410,417;409,417;408,417;407,419;406,419;405,419;403,420;401,421;400,421;398,421;396,422;395,422;394,422;393,423;391,423;390,423;389,425;387,425;386,425;385,425;382,427;381,427;379,427;376,428;375,428;373,429;371,429;370,429;368,429;365,432;364,432;362,432;360,432;358,432;355,433;353,434;352,434;350,434;348,436;347,436;345,436;345,437;342,438;341,439;340,439;338,440;337,440;336,440;336,441;334,441;332,441;331,443;329,444;328,444;327,444;326,445;325,445;324,446;324,447;322,447;321,447;320,447;318,450;317,450;315,452;313,452;310,453;308,454;307,454;306,455;305,456;304,456;303,457;302,457;300,457;299,457;297,458;295,458;294,459;292,459;291,459;290,459;289,459;288,459;286,459;285,459;284,459;283,459;282,459;282,460;281,460;280,460;277,460;275,460;273,460;272,460;271,460;270,460;269,460;268,460;267,460;266,460;265,460;264,460;
Artery; POLYGON; 237, 28, 36; 508,369;507,369;506,369;505,369;503,369;502,369;501,369;500,369;500,368;499,367;499,366;498,366;497,366;496,365;495,365;494,365;493,365;491,365;490,365;489,365;487,365;486,365;484,364;484,363;484,362;484,361;484,360;484,359;484,358;485,357;485,356;486,355;487,354;488,354;488,352;490,351;491,350;491,349;493,348;493,347;494,346;494,345;495,345;496,344;496,343;497,343;498,342;499,342;500,341;501,340;502,340;503,340;503,339;504,339;505,338;506,338;508,337;509,337;510,337;511,337;514,336;515,336;515,335;517,334;518,334;520,334;521,334;522,333;523,333;524,333;525,332;526,332;527,331;528,331;529,331;529,330;530,330;531,330;532,330;533,330;534,330;535,329;536,329;537,329;538,329;538,327;539,326;540,326;541,326;541,325;542,325;542,324;543,324;545,324;546,324;547,324;548,324;550,323;551,323;552,323;553,323;554,323;556,321;557,321;558,321;559,320;560,320;561,320;562,319;563,319;564,319;565,318;565,317;566,317;567,317;568,317;569,316;570,315;571,315;572,315;573,315;574,314;575,314;576,314;577,314;578,314;580,314;581,314;582,314;583,314;584,314;585,314;586,314;587,314;588,314;589,314;590,314;591,314;592,314;593,313;594,313;596,313;597,313;598,313;599,312;600,312;601,312;601,313;601,314;601,315;601,316;601,317;601,318;601,319;601,320;601,321;601,322;601,323;602,324;603,325;603,327;603,328;602,328;601,328;600,328;599,328;598,328;597,328;597,329;596,329;595,329;594,330;592,331;592,332;591,333;591,334;590,335;589,335;589,336;588,336;588,337;587,337;586,338;585,338;585,339;584,339;582,340;581,340;580,340;579,340;578,341;577,341;576,341;575,341;575,342;574,342;573,342;572,342;571,342;570,342;569,342;568,342;567,343;566,343;565,344;565,345;564,345;563,346;562,347;561,347;560,347;559,347;558,348;557,348;556,348;555,348;554,348;553,348;552,348;551,349;550,350;549,351;548,352;547,352;547,353;547,354;547,355;547,356;547,357;548,358;549,358;549,359;549,360;550,361;551,362;551,363;552,365;553,365;553,366;554,368;554,369;555,370;556,370;557,371;558,372;558,373;558,374;560,375;560,376;561,376;561,377;563,379;564,380;564,381;564,382;565,382;565,383;567,383;568,383;569,383;570,383;571,383;572,383;573,383;574,383;575,383;576,383;577,383;578,383;579,383;580,383;581,383;582,383;581,383;580,383;579,383;578,383;576,383;575,383;573,383;572,383;571,383;570,383;569,384;568,384;568,385;568,386;569,387;570,387;572,389;573,389;573,390;574,390;575,390;576,390;577,390;578,390;579,390;580,388;581,388;581,387;582,386;583,385;584,385;585,384;586,384;587,384;588,382;589,382;590,382;590,381;591,381;592,381;593,381;594,380;595,380;596,380;597,380;598,380;599,380;599,379;601,378;602,378;604,378;608,378;610,376;611,376;612,376;614,376;615,376;616,376;617,376;618,376;619,375;620,375;621,374;622,374;623,374;624,374;625,374;625,373;626,373;627,373;629,372;630,372;631,371;632,370;633,370;634,370;635,369;636,369;637,368;639,368;640,367;641,367;642,366;643,366;644,366;644,365;645,364;647,363;648,363;648,362;650,362;651,362;653,362;654,361;656,359;656,358;657,358;658,358;659,357;660,357;661,357;661,356;662,356;663,356;664,356;665,356;666,356;666,355;667,355;667,354;668,354;669,353;670,353;672,353;674,352;675,352;676,352;677,351;678,351;679,351;680,350;681,350;682,349;683,349;686,347;687,347;688,347;690,347;691,346;693,346;694,346;695,346;696,346;696,345;698,345;699,345;700,345;701,345;702,345;704,345;705,345;705,344;706,344;707,343;708,343;709,343;711,342;712,341;713,341;715,341;716,340;717,339;718,339;719,339;720,339;721,339;722,339;723,339;724,338;725,338;727,338;728,338;729,338;730,338;731,337;732,337;733,336;733,335;734,334;735,333;736,333;737,332;738,332;739,331;740,331;741,329;742,328;743,328;743,327;744,327;746,327;746,326;747,326;748,326;749,325;751,324;752,324;754,323;754,322;755,322;756,322;757,322;758,321;759,321;760,321;761,320;761,319;762,319;763,319;764,319;765,318;767,317;768,316;769,316;770,316;771,316;772,315;773,315;773,314;774,314;775,314;776,313;777,313;778,313;779,313;780,313;782,313;782,312;783,312;784,311;785,311;786,310;787,310;788,310;789,310;791,309;792,309;793,308;794,308;796,308;797,308;798,308;798,307;799,307;801,307;803,307;804,305;806,305;808,304;809,304;810,304;811,304;812,304;814,303;815,303;816,302;817,301;818,301;819,301;820,300;822,300;823,298;826,298;827,298;828,297;829,297;830,297;832,297;833,297;834,297;836,296;837,296;837,295;839,295;840,295;842,293;843,292;844,291;845,291;846,291;846,290;847,289;848,289;849,289;850,288;850,287;851,286;852,286;853,286;855,286;856,286;859,284;862,284;863,283;865,282;866,282;867,282;868,281;869,281;870,281;871,281;875,281;876,281;877,281;878,281;878,280;880,279;881,278;882,277;883,276;883,275;883,274;884,274;886,272;887,271;888,270;889,268;890,267;891,266;893,264;893,263;894,263;895,261;895,260;896,259;896,258;898,257;899,256;899,255;901,255;901,254;902,252;903,251;903,250;904,248;905,247;905,246;906,245;907,244;907,243;908,241;910,240;911,239;912,236;913,234;913,233;914,232;914,230;914,229;914,228;915,226;916,224;916,223;916,222;917,220;917,219;917,218;917,217;917,216;917,215;917,214;917,213;917,211;917,210;918,210;918,209;918,208;918,207;918,205;918,204;918,203;918,202;918,201;918,199;918,198;918,197;918,195;918,193;918,192;918,191;918,189;918,188;918,187;919,187;919,186;919,185;919,184;919,183;919,181;919,179;919,178;919,177;919,176;919,175;919,174;919,172;919,170;921,168;921,167;921,166;921,165;921,163;921,162;922,161;922,160;922,159;922,158;923,157;923,156;923,155;925,154;925,153;926,153;926,152;927,151;927,150;928,148;928,147;928,146;928,145;929,145;929,144;930,141;930,140;930,139;930,137;930,136;932,135;932,134;933,133;934,132;934,130;935,130;935,129;936,127;937,127;937,126;937,125;938,124;938,123;938,122;939,121;939,120;939,118;940,118;940,117;941,115;941,113;941,112;941,111;941,110;941,109;941,108;941,107;941,106;941,105;941,104;941,103;941,102;940,102;939,102;938,102;937,102;935,102;933,102;932,102;931,103;931,104;931,105;930,106;929,107;929,109;929,110;928,110;928,111;928,112;928,113;927,114;926,115;925,116;924,117;923,118;923,119;922,120;921,120;921,121;920,121;920,122;919,122;918,122;918,123;916,124;916,125;915,125;915,126;913,127;912,127;911,128;910,128;908,129;908,130;907,131;907,132;906,133;905,133;905,134;904,134;902,135;902,137;902,138;901,138;900,138;899,138;899,139;898,139;896,140;894,141;893,142;893,143;893,144;892,144;891,144;890,144;888,146;887,146;885,147;884,147;884,148;883,148;882,149;880,150;879,150;876,151;874,152;872,153;871,153;870,153;868,155;867,155;865,156;865,157;864,157;862,158;861,158;860,158;859,158;857,158;856,159;855,159;854,159;853,159;852,159;851,160;850,160;849,160;848,161;847,161;846,161;844,161;843,161;840,161;838,161;836,163;834,163;833,163;832,163;831,163;830,163;828,164;826,164;825,165;824,165;823,166;822,166;821,167;820,168;819,168;818,169;817,169;816,170;815,170;815,171;814,171;813,171;812,172;810,172;808,174;808,175;805,175;804,175;803,176;802,176;801,177;800,177;797,178;797,179;796,179;795,179;794,179;793,180;792,180;791,180;790,180;789,181;788,182;786,182;784,183;783,184;781,184;780,184;778,185;776,185;775,186;774,186;773,187;773,188;772,188;772,189;770,189;769,189;768,190;766,190;765,190;765,191;764,191;763,192;762,192;761,192;759,193;758,194;757,195;756,195;754,195;752,195;751,196;749,196;747,197;746,197;745,198;743,198;742,200;740,201;738,202;737,202;737,203;736,203;735,203;734,203;733,204;732,204;731,205;730,206;729,206;728,206;727,207;726,208;725,208;723,208;722,208;720,208;719,208;718,208;717,208;716,208;715,208;714,208;713,207;711,207;711,206;710,206;709,206;708,206;707,206;706,206;705,206;704,206;703,206;701,206;700,206;699,206;698,206;697,205;696,205;695,205;694,205;693,205;692,205;691,205;690,205;689,205;687,205;686,205;685,205;684,206;683,206;682,206;681,206;679,207;679,208;678,208;677,208;675,209;674,209;673,211;672,212;671,213;670,213;669,214;667,214;666,214;666,215;664,215;663,216;662,216;660,217;660,218;658,218;657,219;655,219;654,219;654,220;653,220;652,220;651,221;650,221;649,222;648,222;647,223;646,224;645,224;645,225;643,225;642,225;641,226;640,226;639,226;639,227;638,228;638,229;637,230;635,231;635,232;634,232;633,232;632,232;631,232;631,233;630,233;629,234;628,234;628,235;627,236;626,236;626,237;625,237;624,238;623,238;622,239;621,239;619,240;618,240;617,241;616,241;615,241;614,241;613,242;612,243;611,243;610,243;609,243;608,243;607,244;606,244;605,244;605,245;604,245;603,246;602,246;601,247;600,247;598,247;597,247;596,247;596,248;594,248;593,248;592,248;591,248;590,248;589,248;587,249;586,249;584,249;583,249;581,249;580,249;579,249;578,249;576,249;575,249;574,249;573,249;572,249;571,249;570,249;569,249;568,249;567,249;566,249;565,249;564,249;563,249;562,250;561,250;560,250;559,250;558,250;557,250;556,250;554,252;553,252;551,252;549,253;549,254;547,254;546,254;546,255;545,255;544,255;543,256;541,256;540,257;539,258;538,258;537,259;536,260;536,261;534,261;533,261;532,262;531,263;531,264;530,264;530,265;528,266;527,266;526,267;525,268;524,269;522,270;521,271;521,272;519,272;518,272;518,273;516,275;515,276;515,277;515,278;514,278;513,279;512,280;510,282;510,283;509,283;507,284;506,284;505,284;504,285;503,285;502,286;501,286;500,287;499,287;498,288;497,288;495,289;494,289;494,290;492,290;491,291;490,291;489,291;488,292;486,293;485,294;485,295;484,295;483,295;482,295;481,296;480,296;479,297;478,297;478,298;477,299;476,299;476,300;475,301;475,302;475,303;474,303;473,304;472,305;471,305;470,306;470,307;470,308;469,308;468,308;467,309;466,310;464,311;463,311;462,312;461,312;460,313;460,314;459,314;458,314;457,314;457,315;456,315;455,315;454,315;453,316;452,316;451,316;450,317;449,317;449,318;447,318;446,318;445,319;444,319;444,320;443,320;443,321;442,321;440,321;439,322;438,322;437,323;436,323;434,323;433,325;431,325;430,326;429,326;428,326;427,327;426,327;426,328;425,328;424,328;423,328;422,328;421,328;421,329;420,329;420,331;419,331;418,331;418,332;417,332;416,332;415,332;414,332;412,332;411,332;411,333;410,333;410,334;409,334;408,334;407,335;406,335;405,335;404,335;404,337;403,337;402,337;401,337;400,337;398,338;397,338;397,339;396,339;396,340;395,340;394,340;393,340;393,341;392,341;390,342;390,343;389,343;388,343;387,343;386,343;386,344;385,344;384,344;383,344;382,344;381,345;379,345;378,345;377,345;376,346;375,346;373,346;372,346;371,346;370,346;369,346;368,346;367,346;366,346;365,347;364,347;362,347;360,348;359,348;357,349;354,349;352,349;350,350;349,350;348,350;347,350;347,351;345,351;344,351;343,351;342,351;341,352;340,352;339,352;338,352;338,354;337,355;335,356;334,356;334,357;333,357;330,358;330,359;329,359;328,359;327,359;327,360;326,360;326,361;324,361;323,361;323,362;322,362;320,362;318,363;316,363;315,363;314,363;313,364;312,364;311,364;310,364;309,364;308,364;308,366;307,366;306,367;305,367;304,368;303,368;302,368;302,369;301,369;299,369;298,369;298,370;297,370;296,370;295,370;294,370;294,372;292,373;291,373;290,374;288,374;287,375;286,375;285,375;284,376;283,376;282,376;281,376;280,376;279,376;278,378;277,379;276,379;275,380;274,381;273,381;273,382;272,382;272,383;271,384;271,385;270,385;269,386;269,387;268,387;268,389;268,390;267,391;267,392;267,393;267,394;267,396;267,397;267,398;267,399;267,400;267,401;267,402;267,403;267,404;267,405;267,406;267,407;269,407;270,408;271,409;271,410;272,410;273,411;275,411;275,412;276,412;277,413;278,414;278,416;278,417;278,419;278,420;278,421;278,423;278,424;277,425;276,426;275,427;275,428;275,429;274,430;274,431;274,432;273,432;273,433;273,435;273,436;273,437;273,438;273,439;273,440;273,441;273,442;273,443;273,444;273,445;273,446;273,447;273,449;273,450;273,451;273,453;273,454;273,455;273,456;273,457;275,460;275,461;276,461;276,462;277,462;277,463;278,464;278,465;279,466;280,467;281,468;282,468;282,469;284,470;285,470;286,471;288,472;290,472;292,473;294,474;295,474;296,474;297,474;298,474;300,474;301,474;303,474;304,474;305,472;306,471;307,470;308,469;309,469;310,469;311,468;312,468;313,467;314,466;315,465;316,465;317,464;318,463;319,463;320,463;320,462;321,462;322,462;323,462;325,461;326,461;327,461;328,460;329,459;331,459;335,459;336,458;337,458;339,458;340,458;341,457;342,457;343,456;345,456;347,453;348,453;349,453;351,453;352,453;353,452;354,452;355,452;356,451;357,451;357,450;358,450;360,448;360,447;361,447;363,446;364,446;365,446;366,445;367,445;368,445;369,444;370,444;371,444;372,444;373,443;373,442;375,441;377,441;378,441;379,441;380,441;382,441;384,440;385,440;387,440;388,440;389,439;391,438;393,438;394,437;395,437;397,436;398,436;399,435;400,434;401,434;402,434;402,433;404,433;405,432;406,431;407,431;408,431;409,430;410,430;410,429;411,429;411,428;412,428;413,428;415,428;416,428;416,427;417,427;418,427;419,426;420,426;422,425;423,425;425,424;427,424;428,424;430,422;431,422;432,422;433,422;434,422;434,421;435,421;436,421;437,420;440,420;441,420;441,419;442,419;443,418;445,417;446,417;447,417;447,416;448,416;451,415;452,414;454,413;457,411;459,409;460,409;462,408;465,408;466,407;467,407;468,406;469,406;470,405;470,404;471,404;472,404;472,403;475,403;476,401;477,401;478,401;479,399;480,399;481,397;482,397;483,397;484,397;484,396;485,396;487,396;487,395;488,395;488,394;489,393;490,393;492,392;493,392;495,391;496,391;496,390;498,389;499,389;500,389;501,388;501,387;501,386;502,385;502,384;502,383;503,382;503,381;503,379;503,378;504,377;504,376;504,375;504,374;505,373;505,372;505,371;506,370;506,369;506,368;
Specular reflection; POLYGON; 191, 91, 22; 79,156;78,156;77,156;77,157;75,158;74,158;72,158;69,159;69,160;68,160;67,160;66,161;66,162;65,162;64,162;63,162;62,163;61,163;60,163;59,164;58,164;56,164;55,164;54,164;53,165;53,166;52,166;52,167;52,168;52,169;51,169;51,170;51,171;51,172;51,173;51,175;51,176;51,177;52,177;53,177;54,177;55,177;56,177;58,177;59,177;60,177;61,177;62,177;63,177;64,177;65,177;67,177;68,177;69,177;70,177;71,177;71,178;73,178;74,178;75,178;76,179;77,179;78,179;79,179;80,179;81,179;83,179;84,179;85,179;86,179;87,178;88,178;89,177;90,175;93,173;94,173;95,172;96,171;98,171;99,170;101,168;102,168;102,167;103,167;104,166;105,166;106,165;107,165;108,165;110,165;112,163;113,162;114,161;114,160;114,159;114,158;113,158;111,158;110,158;109,158;107,158;105,157;102,157;98,155;96,155;95,155;94,155;93,155;92,155;91,154;90,154;89,154;88,154;87,154;86,154;85,153;84,153;83,153;82,153;80,153;79,153;77,153;76,153;75,153;77,154;
Specular reflection; POLYGON; 191, 91, 22; 60,174;59,173;58,173;58,172;57,172;56,172;55,172;54,172;53,173;52,173;51,173;50,173;49,174;48,176;48,177;48,179;48,180;49,181;51,181;51,182;52,182;53,182;54,182;55,182;56,182;57,182;59,182;60,182;61,182;62,182;63,182;65,182;66,182;67,182;68,182;69,182;70,182;71,180;71,179;71,178;71,177;71,176;71,175;71,173;71,172;70,172;69,172;68,172;67,172;
Specular reflection; POLYGON; 191, 91, 22; 669,585;667,585;666,587;665,587;664,587;663,588;662,588;661,589;661,590;660,590;659,590;658,590;657,591;655,591;654,591;652,592;650,592;649,592;647,592;644,592;643,592;642,592;641,592;640,592;639,592;637,592;635,592;632,592;631,592;630,592;628,592;627,591;626,590;625,590;623,589;622,589;621,589;621,588;619,587;618,587;616,587;615,586;614,586;613,586;611,585;610,585;608,585;607,585;606,584;605,584;604,584;603,584;602,584;599,584;598,584;596,584;595,584;594,583;593,583;592,583;591,583;589,583;588,583;587,583;586,583;585,583;585,585;585,586;584,587;583,589;582,590;582,591;582,592;582,593;582,594;582,596;582,598;582,599;584,600;585,602;588,603;589,605;590,605;590,606;591,606;591,608;592,608;593,609;594,609;595,609;595,610;598,611;599,611;600,611;601,612;602,612;603,612;605,612;606,612;607,612;609,612;610,613;611,613;613,614;615,614;616,614;617,614;618,614;620,615;621,615;622,615;623,616;624,616;626,616;627,616;628,616;628,617;630,617;631,617;633,617;634,617;636,617;637,617;638,617;639,617;640,617;641,618;642,618;643,618;645,618;646,618;647,618;648,618;649,618;651,617;652,617;653,617;654,617;655,616;657,615;658,615;660,614;661,613;662,613;663,613;663,612;664,612;665,612;665,611;666,611;667,610;669,608;670,608;671,606;672,605;673,605;674,604;675,603;675,602;675,601;675,600;675,599;675,598;675,596;675,595;675,594;675,593;675,592;675,591;675,589;673,587;672,587;671,587;670,587;669,586;668,586;667,586;665,586;664,585;664,584;664,583;663,583;662,583;661,583;660,583;658,583;657,583;656,583;655,583;654,583;653,583;652,583;651,583;650,583;649,583;648,583;647,583;646,583;644,583;643,583;642,583;641,583;640,583;639,583;638,583;637,583;636,583;635,583;633,583;632,583;631,582;630,582;629,581;628,581;627,581;625,581;624,581;622,581;621,581;621,580;619,580;618,580;617,580;616,580;615,580;614,580;612,580;610,580;609,580;608,580;607,580;606,580;605,580;604,580;603,580;602,580;601,580;600,580;599,580;598,580;597,580;596,580;595,580;593,580;592,580;592,581;590,581;589,581;588,581;
Specular reflection; POLYGON; 191, 91, 22; 654,596;652,597;650,597;648,598;647,598;647,599;646,599;645,599;643,599;642,599;641,599;640,600;637,600;636,601;635,601;634,601;633,601;632,601;629,601;627,601;623,601;622,601;619,601;617,601;616,601;615,600;614,600;613,600;612,599;611,599;610,599;609,598;608,597;607,596;606,596;606,595;605,593;604,592;602,590;601,589;601,588;600,588;600,587;600,586;600,584;600,583;601,583;602,583;603,583;604,583;605,583;606,583;607,583;608,582;609,582;610,582;611,582;612,582;613,581;614,581;616,581;617,581;618,581;619,581;620,581;621,581;622,581;623,581;624,581;626,581;629,581;630,581;631,581;632,581;633,581;634,581;635,581;636,581;637,581;638,581;639,581;642,581;643,581;644,581;645,581;646,581;647,581;648,581;649,581;650,581;654,581;657,581;658,582;660,582;661,583;661,584;661,585;661,586;661,587;661,588;661,589;661,590;661,591;661,592;660,593;660,594;660,595;659,595;658,596;658,597;657,597;657,598;656,598;654,598;652,598;651,598;650,598;649,598;
Specular reflection; POLYGON; 191, 91, 22; 655,590;656,590;657,590;658,590;659,590;660,590;661,590;663,590;664,590;665,590;665,589;666,588;666,587;666,586;666,585;666,583;666,582;666,581;666,580;665,579;664,579;663,579;662,579;661,579;659,579;658,579;657,579;656,579;655,579;654,579;653,579;651,579;650,579;649,579;648,579;646,579;645,579;644,579;643,579;642,579;641,579;639,579;638,579;637,579;636,579;634,579;633,579;632,579;631,579;630,579;629,579;628,579;627,579;626,579;625,579;624,579;623,579;622,579;621,579;620,579;618,579;616,579;615,579;614,579;613,579;612,579;611,579;609,579;607,579;605,579;604,579;603,579;602,579;601,579;600,579;599,579;598,579;597,579;596,579;594,579;592,579;591,579;590,579;589,580;589,581;588,582;588,583;588,584;589,585;590,585;591,585;592,585;593,585;595,585;596,585;597,585;598,585;598,586;
Specular reflection; POLYGON; 191, 91, 22; 224,310;224,311;223,312;222,313;222,314;220,315;219,316;217,317;217,318;216,319;216,320;215,320;214,321;213,321;213,322;213,323;213,324;213,326;213,327;214,327;215,327;216,328;217,328;218,328;218,329;219,329;220,329;221,329;222,329;223,329;224,329;225,329;226,329;227,329;228,329;229,329;230,329;230,328;230,326;230,325;230,324;230,323;230,322;230,321;230,320;230,318;230,317;230,316;230,315;230,314;228,312;227,311;226,311;
Vein; POLYGON; 63, 72, 204; 118,47;117,47;116,47;115,47;114,47;112,48;111,48;111,49;110,49;109,50;109,51;108,51;107,51;105,52;103,53;102,53;101,53;100,53;99,53;99,54;98,54;97,55;96,56;96,57;94,58;93,58;92,58;91,58;91,59;90,59;89,59;88,60;87,60;86,62;86,63;85,63;85,64;84,65;84,66;84,67;84,68;83,69;83,70;82,71;81,72;80,73;80,74;80,75;80,76;80,77;80,78;80,79;81,79;82,79;83,79;84,79;85,79;86,79;86,80;86,81;86,82;86,83;86,84;86,85;86,86;86,87;85,89;84,89;83,89;82,89;81,89;81,90;80,90;79,90;78,90;77,90;76,90;76,91;75,91;74,91;73,91;71,93;70,93;70,94;69,94;67,95;67,96;66,96;65,96;65,97;64,97;63,99;62,100;62,101;61,101;60,101;59,102;58,102;58,103;57,103;56,103;55,105;54,105;53,106;52,106;51,107;50,107;48,108;47,108;46,108;44,109;43,110;41,112;40,112;39,113;38,113;37,113;36,113;36,114;35,115;34,115;33,115;33,116;32,117;32,118;31,118;31,119;31,120;31,121;31,122;31,123;31,124;30,125;30,126;30,127;30,128;30,129;30,130;30,131;30,132;30,133;30,134;30,136;30,137;30,138;29,140;29,141;29,142;29,143;29,144;29,145;29,146;28,147;28,148;27,149;27,150;27,151;27,153;27,154;27,156;27,157;27,158;27,159;27,160;27,161;27,162;27,163;27,164;27,165;27,167;27,168;27,169;26,170;26,171;26,172;26,173;26,174;26,175;26,176;26,178;26,179;26,180;26,181;26,182;26,184;26,185;26,186;26,187;26,188;26,189;26,190;26,191;25,191;25,192;25,193;25,194;25,195;25,196;25,197;25,198;25,199;25,200;25,201;25,202;25,203;25,204;25,205;25,206;25,207;25,208;25,209;25,210;25,211;25,212;25,213;25,214;25,215;25,216;26,216;27,217;28,217;28,218;29,219;29,220;29,222;30,223;31,224;31,225;31,226;31,227;31,228;32,229;32,230;32,231;33,232;34,232;34,234;34,235;34,236;34,237;34,238;35,238;35,239;35,240;35,241;35,242;36,244;36,245;37,247;37,248;37,249;37,250;37,251;37,253;37,254;37,255;37,256;37,257;38,257;38,258;38,259;38,260;38,261;39,261;39,262;39,264;40,265;41,265;41,266;41,268;42,269;42,270;44,271;45,272;45,273;46,273;46,274;47,275;47,276;48,276;48,277;48,278;50,279;50,280;51,280;51,282;52,283;53,283;53,284;54,285;55,286;56,286;56,287;57,288;57,289;58,289;59,290;60,290;61,290;61,291;63,291;64,293;67,294;68,294;69,294;71,295;72,295;73,295;74,296;75,296;75,297;77,297;78,299;81,299;82,300;83,301;84,301;85,302;86,302;87,302;87,303;88,303;89,304;89,305;90,305;91,305;92,307;93,307;93,308;94,308;95,309;96,310;97,310;98,312;99,312;99,313;101,314;102,315;103,315;103,316;104,316;105,316;106,318;107,318;108,319;109,320;109,321;110,321;111,322;113,324;116,325;117,326;118,327;119,327;120,327;121,327;122,328;123,329;124,330;126,330;127,331;129,332;130,332;131,333;132,333;133,333;133,335;135,335;135,336;136,336;137,336;138,336;139,337;140,337;141,338;142,338;143,339;145,340;145,341;146,341;148,342;149,342;150,342;151,343;152,343;153,343;154,343;155,343;155,344;157,344;158,344;160,346;161,346;162,346;163,347;163,348;164,348;166,349;167,349;168,349;169,349;170,349;172,349;173,350;174,350;175,350;176,351;177,351;178,351;180,351;181,351;183,351;184,351;185,351;186,351;188,351;189,351;190,351;191,351;193,352;194,352;196,352;197,352;199,352;200,352;201,352;202,352;203,352;205,352;206,352;207,352;208,352;209,352;210,352;211,352;213,352;214,352;216,352;217,352;219,352;220,352;221,352;222,352;223,352;224,352;225,352;226,352;227,352;227,351;229,351;229,350;229,349;230,348;231,347;231,346;232,346;232,345;232,344;232,342;232,341;232,340;232,339;232,338;232,337;232,336;232,335;232,334;231,334;230,334;229,334;228,334;227,334;226,334;225,333;224,332;224,331;224,330;223,330;223,329;222,328;221,328;220,328;219,327;218,327;217,327;216,326;215,325;215,324;214,324;214,323;213,323;213,322;212,322;212,321;211,320;209,318;207,318;206,318;204,317;203,316;201,316;197,314;193,312;190,311;186,309;182,308;177,306;175,304;172,302;171,302;168,301;165,300;164,299;163,298;163,297;161,296;160,296;157,293;153,291;151,289;150,289;148,288;147,286;145,284;143,283;141,282;140,280;138,280;135,276;131,274;127,271;122,268;119,267;117,266;114,264;111,264;110,261;108,261;106,259;104,258;103,258;102,257;99,254;97,252;93,250;91,248;89,246;86,245;84,244;83,243;82,243;82,242;81,241;80,240;79,240;79,239;78,239;78,238;76,236;76,235;75,233;74,232;74,231;74,230;74,229;73,228;73,227;72,226;72,225;71,223;71,222;71,221;71,220;70,219;70,218;70,217;70,216;70,215;69,214;69,212;69,211;68,210;68,209;66,207;64,206;63,205;62,205;61,205;61,204;60,204;60,203;59,203;59,201;59,200;59,199;57,198;56,198;55,197;55,196;55,195;55,194;53,193;52,193;52,192;52,191;52,190;52,189;52,188;52,187;52,186;53,185;54,184;54,183;54,182;53,181;52,181;51,181;50,181;49,181;48,180;48,179;47,178;46,177;46,176;46,175;46,174;46,173;46,172;46,171;46,170;47,169;47,168;48,167;48,166;49,166;49,165;49,164;49,163;50,163;51,162;52,161;53,161;54,161;55,161;56,161;57,161;58,161;59,161;60,161;61,161;62,160;63,160;64,160;65,160;66,159;67,158;68,158;69,158;70,157;71,156;72,155;74,155;76,155;77,154;78,154;78,153;79,153;80,153;81,153;82,151;83,151;83,150;84,150;86,150;87,150;88,150;89,150;90,150;91,151;92,151;93,151;94,151;96,151;97,151;98,151;99,151;100,151;102,151;103,151;104,151;105,151;106,151;106,150;108,149;109,149;110,149;110,148;111,148;112,148;113,146;114,146;115,144;116,143;117,142;117,141;117,140;118,139;118,137;119,137;120,136;121,135;122,135;123,135;123,134;124,133;124,132;124,131;124,130;125,130;125,129;125,128;126,127;126,126;126,125;126,124;127,124;127,123;128,123;128,122;129,122;129,121;129,120;129,119;130,118;130,117;132,116;132,115;132,114;132,113;133,112;133,111;133,110;133,109;133,108;133,106;133,104;133,103;133,102;133,101;134,100;134,99;134,97;134,96;134,95;135,94;135,93;135,91;135,90;135,89;135,87;135,86;135,85;136,84;136,83;136,81;136,80;136,79;136,78;136,77;136,76;136,75;136,74;136,73;136,72;136,71;136,69;137,68;137,67;137,66;137,65;137,64;137,63;137,62;137,61;137,60;137,58;137,57;137,56;137,55;137,54;137,53;137,52;137,51;137,50;137,49;137,48;136,48;136,47;135,45;135,44;135,43;134,42;134,41;132,41;131,39;131,38;130,38;129,38;128,38;127,38;126,38;125,38;124,38;123,39;122,39;121,40;120,40;119,40;119,41;118,41;117,42;116,44;115,45;114,46;
Vein; POLYGON; 63, 72, 204; 51,180;51,181;52,181;54,181;55,181;56,181;57,181;58,181;59,181;60,181;61,182;62,182;64,182;65,182;66,182;67,182;68,182;69,182;70,182;71,182;72,182;72,181;73,180;74,179;75,178;76,178;77,178;78,178;79,178;80,178;81,178;82,178;83,178;85,178;86,178;88,178;89,178;90,177;91,177;91,176;92,176;93,175;93,174;94,174;95,173;96,172;97,172;97,171;98,171;99,171;100,169;101,168;102,167;103,166;104,166;105,166;107,165;108,163;109,162;110,162;110,161;111,161;111,160;112,159;112,157;112,156;112,155;112,154;110,154;109,154;107,154;106,154;104,153;103,153;103,152;103,151;102,151;102,150;100,150;99,150;98,150;97,150;96,150;94,150;93,150;92,150;91,150;91,149;91,148;91,147;91,146;91,145;91,144;92,143;92,142;94,140;94,139;96,137;97,137;98,136;99,135;99,134;100,133;102,131;103,130;105,128;107,126;108,126;108,125;109,125;110,124;111,122;113,121;113,120;115,120;115,119;116,119;116,118;117,117;119,115;121,114;121,113;123,112;123,111;124,111;124,109;125,109;126,108;127,106;127,105;128,103;130,102;130,101;131,101;132,101;133,101;134,100;135,99;135,98;135,97;135,96;135,95;135,94;135,93;135,91;135,90;135,89;135,88;135,87;136,86;136,85;137,84;137,83;137,82;138,79;138,78;139,78;139,79;140,80;141,81;141,82;141,83;142,83;142,85;143,85;143,86;144,87;145,87;146,87;146,88;146,89;146,90;147,90;147,91;147,92;147,93;147,94;147,96;147,98;147,99;147,100;147,101;147,102;147,103;147,104;147,106;147,107;146,109;146,110;146,111;146,112;145,112;145,113;145,114;145,115;144,116;144,117;144,118;143,118;143,119;143,120;143,121;143,122;142,123;141,123;141,124;141,126;140,127;140,128;140,129;140,130;140,131;140,132;140,133;140,135;140,136;140,137;140,139;140,140;140,141;140,142;140,144;140,145;140,146;140,147;140,148;140,149;140,150;140,151;140,152;140,153;140,154;140,155;140,156;140,158;140,159;140,160;140,161;140,162;141,164;141,165;141,166;141,167;141,168;141,169;142,171;143,172;143,173;143,174;143,175;143,177;143,178;143,179;144,180;144,181;144,182;144,183;144,184;144,185;145,185;145,186;145,187;146,189;146,190;146,191;146,192;146,193;146,194;147,194;147,195;147,196;147,197;148,198;148,199;148,200;149,201;149,202;150,203;151,203;151,204;152,204;152,205;153,206;154,208;155,208;155,209;156,210;156,211;157,212;157,213;157,214;158,214;159,215;160,217;161,217;161,218;162,219;163,220;164,221;165,221;166,222;167,223;167,224;168,224;168,225;169,226;169,227;170,227;170,228;171,228;171,229;172,229;174,231;175,233;176,234;177,235;178,236;179,237;180,238;181,239;182,240;183,240;184,241;185,241;186,241;187,242;187,243;188,243;189,243;189,244;190,245;191,245;192,245;193,246;194,246;195,247;196,247;197,248;199,249;200,251;202,251;202,252;203,253;204,254;205,254;206,255;208,255;209,255;210,257;211,258;212,258;213,259;214,259;214,260;215,260;216,261;217,261;218,263;218,264;219,264;221,264;221,265;222,265;223,266;223,267;224,267;225,267;226,268;227,269;227,270;229,270;230,270;231,270;232,271;233,271;234,271;234,272;235,272;235,273;236,273;237,273;238,273;239,274;240,274;240,275;241,275;243,275;244,276;245,276;246,276;248,277;249,277;250,277;251,277;252,277;253,277;254,277;255,277;257,277;258,278;260,278;260,279;261,279;262,279;263,279;265,279;266,279;267,280;268,280;269,280;270,280;270,281;273,281;274,281;276,281;278,281;279,282;280,282;282,283;282,284;283,284;284,284;285,284;285,285;285,286;287,287;288,287;290,287;291,287;292,288;293,288;294,288;295,288;296,288;296,289;297,289;298,290;299,290;300,290;302,290;303,290;304,290;306,292;307,292;309,293;310,293;311,293;312,293;314,293;316,293;316,294;317,294;318,295;319,295;320,295;321,295;324,295;326,295;328,296;329,296;331,298;332,298;332,299;334,299;335,300;336,300;338,301;339,301;341,302;343,302;345,303;346,304;347,304;350,305;351,306;352,306;354,306;354,307;355,307;355,308;356,308;356,310;357,310;358,312;359,312;360,312;361,312;361,313;362,313;363,313;364,314;365,314;366,314;367,314;368,316;368,317;369,317;370,317;370,318;371,318;372,318;373,318;373,319;374,319;375,319;376,320;377,320;377,322;378,322;378,323;380,324;381,325;382,325;383,325;385,327;386,327;386,328;386,329;387,330;388,330;389,331;390,332;390,333;390,334;390,335;390,336;390,337;390,338;390,339;389,339;388,339;387,339;386,339;385,339;384,339;383,339;381,339;380,339;379,339;378,339;377,339;374,339;373,340;373,341;372,341;371,341;370,341;369,341;368,342;367,342;366,343;365,343;364,343;363,343;362,344;361,344;360,344;358,344;357,344;355,344;354,344;353,344;352,344;351,344;350,344;349,344;348,344;346,345;345,345;344,346;344,347;343,347;342,347;341,347;341,348;340,348;339,348;338,348;336,349;335,349;334,349;333,350;332,350;331,350;329,351;328,351;327,352;327,353;326,354;325,354;324,355;323,355;321,356;320,356;319,356;318,357;317,358;316,359;315,359;314,359;313,359;312,360;311,360;310,360;309,360;308,360;307,360;306,360;305,361;304,361;303,361;303,362;302,362;301,362;300,363;299,363;298,364;298,365;297,365;297,366;295,366;294,366;294,367;293,367;292,367;291,367;290,367;289,367;289,368;288,368;286,368;285,368;284,369;283,369;282,369;281,369;280,369;279,369;277,369;276,369;275,369;274,369;272,369;271,369;270,369;269,369;268,369;266,368;265,368;264,367;263,367;261,367;260,366;258,366;257,365;256,365;256,364;255,364;253,364;253,362;252,361;251,361;250,360;249,360;248,360;247,359;246,359;245,359;244,359;244,358;242,358;241,358;240,357;238,357;237,356;236,356;235,356;233,356;231,355;230,355;230,354;228,353;227,353;226,352;226,351;226,350;226,348;226,347;226,346;226,345;226,344;226,343;227,340;227,339;228,338;228,337;228,336;228,334;228,333;228,332;229,331;230,330;230,329;230,328;231,328;231,327;231,326;231,325;231,324;231,323;231,322;231,321;231,320;231,319;231,318;231,317;231,315;231,314;231,313;231,312;230,312;230,311;229,310;229,309;228,309;227,310;226,310;226,311;224,311;223,311;222,311;221,311;220,311;219,312;218,312;217,314;216,315;215,316;215,317;214,317;213,317;212,317;211,317;210,317;209,317;209,318;208,318;207,318;206,318;205,319;205,320;204,320;203,320;201,320;198,320;195,320;193,320;191,320;189,320;188,320;186,320;184,320;182,320;180,320;178,319;176,318;173,318;172,317;170,317;169,317;168,317;166,317;165,316;163,316;163,315;161,315;160,313;158,313;156,313;156,312;154,311;152,311;151,310;150,309;149,308;147,308;146,307;145,306;144,305;143,305;142,304;142,303;140,302;138,301;137,300;135,299;133,298;130,296;127,295;125,295;122,293;121,293;120,292;119,292;118,291;116,290;114,289;113,288;113,287;112,286;111,286;110,285;109,283;107,281;106,281;105,280;103,277;102,277;100,275;99,275;98,274;96,271;94,270;93,270;92,269;91,268;90,268;90,267;88,266;88,265;87,265;87,264;86,264;84,264;83,263;82,262;80,262;79,261;78,260;77,260;76,259;75,259;75,258;74,257;73,256;70,256;68,254;66,254;65,253;64,252;63,252;62,251;61,250;61,249;60,248;60,247;59,247;59,246;58,244;56,243;55,242;55,241;55,240;55,239;54,239;54,238;53,238;53,236;53,235;52,234;52,233;51,232;51,231;51,230;51,229;51,228;49,227;49,225;49,224;49,222;48,222;46,222;46,221;45,221;45,220;44,219;44,218;44,217;44,216;44,215;43,215;42,213;42,211;41,209;40,209;39,207;39,206;39,205;39,204;39,203;39,202;39,200;39,199;39,198;39,197;39,196;39,195;39,193;39,192;39,191;39,190;39,189;39,187;39,186;39,185;40,185;41,185;42,185;43,185;44,185;45,185;46,185;47,185;48,185;49,185;51,185;52,184;52,183;53,183;53,182;53,181;53,180;53,179;
Vein; POLYGON; 63, 72, 204; 352,470;352,471;352,473;352,474;352,475;352,476;352,477;352,478;352,479;352,480;352,481;352,482;352,483;352,484;353,484;353,485;353,486;354,487;355,488;356,490;358,492;359,492;361,493;362,493;363,494;364,496;365,496;366,497;367,498;369,499;369,500;371,500;372,501;373,501;374,502;374,503;375,504;376,504;378,505;378,506;379,506;381,508;381,509;382,509;383,509;384,510;385,511;386,511;386,512;387,514;388,514;389,515;390,515;391,515;392,515;392,516;393,517;394,518;395,520;396,520;397,521;398,521;398,522;399,524;399,525;399,526;400,526;401,527;401,528;402,529;402,530;402,531;403,532;403,533;404,533;404,534;405,535;406,536;407,538;408,538;408,539;408,540;409,540;410,541;411,542;412,543;412,544;413,544;414,544;414,545;415,545;416,546;417,547;418,547;419,549;420,549;421,550;422,550;422,551;422,552;423,552;423,553;425,553;426,555;426,556;426,557;427,557;427,558;427,559;429,561;430,562;430,563;432,564;433,564;434,565;435,565;436,565;437,567;437,568;438,568;438,569;439,569;440,569;442,570;443,571;444,571;445,573;446,574;447,575;448,576;449,576;451,576;451,577;452,577;453,577;454,579;455,579;456,579;457,579;459,580;460,580;461,580;462,580;463,581;464,581;464,582;465,582;466,582;467,582;468,582;469,582;470,582;471,582;472,582;474,583;476,584;476,585;477,585;478,586;479,586;480,587;481,588;482,589;483,590;484,590;486,591;487,591;488,592;489,592;490,592;490,593;491,593;492,594;493,594;493,595;494,596;496,597;498,597;499,597;499,598;500,598;501,599;502,599;503,600;504,600;504,601;504,602;505,602;506,603;507,603;509,604;511,604;513,606;514,606;515,607;517,609;518,609;519,610;520,610;522,610;522,611;523,612;525,612;526,613;526,614;530,615;531,615;532,615;532,616;534,617;535,617;536,617;537,618;538,618;540,619;541,620;542,620;543,621;545,622;546,622;548,622;549,622;550,623;551,623;553,624;554,624;555,625;555,626;555,627;556,627;558,627;559,627;560,628;561,628;562,628;563,628;564,629;565,630;567,630;568,632;569,632;570,632;571,632;572,632;573,633;573,634;574,634;575,634;576,634;577,635;578,635;579,635;579,636;580,636;581,636;582,637;582,638;583,638;585,639;586,639;587,639;588,639;589,639;589,640;591,640;592,641;593,641;595,642;596,642;597,643;598,644;599,644;600,644;600,645;601,645;602,645;604,646;605,646;607,647;608,648;610,649;611,649;611,650;612,650;613,651;614,652;615,653;616,653;617,654;618,654;619,656;620,656;621,657;622,658;623,659;624,660;624,661;624,662;625,663;626,663;627,663;628,663;629,663;630,663;631,663;632,663;633,663;633,662;633,661;634,660;635,660;635,659;635,658;636,657;636,656;636,655;638,655;638,654;639,653;639,651;639,650;639,649;640,648;640,647;640,646;640,644;642,642;643,641;643,640;644,639;644,638;644,637;645,637;645,636;645,635;646,634;646,633;647,631;647,630;649,630;650,629;650,628;651,628;652,627;652,626;653,625;653,624;654,624;655,623;656,622;657,621;657,620;657,619;657,618;657,617;658,617;659,616;659,615;659,614;659,613;658,613;657,613;656,613;655,613;654,613;653,613;652,614;651,615;650,616;649,616;649,618;648,619;647,620;645,620;643,620;642,620;641,620;640,620;639,620;639,619;638,619;636,618;635,618;634,617;633,617;632,617;631,617;630,617;629,617;628,617;626,617;625,616;624,616;623,616;622,616;621,616;619,616;618,614;616,614;614,614;613,613;611,613;610,613;608,613;607,613;605,613;603,613;602,613;601,612;600,612;599,612;597,612;596,612;594,611;593,610;592,610;590,609;588,608;587,606;585,606;585,605;584,605;583,605;583,604;582,603;582,602;581,602;581,601;580,600;579,600;578,599;577,598;577,597;577,596;577,595;576,593;576,592;576,591;576,589;576,588;576,587;576,586;576,585;576,584;576,583;578,581;579,581;579,580;580,580;580,579;581,578;581,577;582,577;583,576;584,576;585,576;586,576;587,576;588,576;590,576;591,576;592,576;593,576;594,576;595,576;596,576;597,576;598,576;600,576;601,576;602,576;603,576;604,576;605,576;606,576;607,576;608,576;609,576;611,576;613,576;614,576;615,576;616,576;617,576;618,576;619,576;621,576;622,576;623,576;624,576;625,577;626,577;627,577;628,577;630,577;632,577;633,577;634,577;635,577;636,577;637,577;638,577;639,577;640,577;641,577;642,577;643,577;645,577;646,577;648,577;650,578;651,578;652,578;653,578;654,578;655,578;657,578;659,579;660,579;661,579;663,579;664,579;665,579;667,579;668,579;669,579;670,579;670,578;671,577;671,576;673,574;673,573;674,572;675,570;675,569;675,568;675,567;676,566;677,564;678,564;679,563;680,562;681,561;682,560;683,560;684,558;684,557;685,556;686,555;686,554;687,554;687,553;687,552;689,551;690,551;690,550;690,549;690,548;691,548;692,547;692,546;692,545;692,544;693,544;693,543;694,541;695,540;695,539;695,538;695,537;695,536;695,534;695,533;695,531;695,530;695,529;695,527;695,526;695,525;695,524;696,524;696,523;696,522;696,521;696,520;695,521;695,522;694,522;693,522;692,522;691,523;689,524;688,524;687,524;686,524;685,524;685,525;683,526;682,526;681,526;680,526;679,526;678,526;677,526;676,526;675,526;674,526;673,526;672,527;670,528;669,528;668,528;667,528;666,528;665,528;664,528;663,528;662,528;660,528;658,528;656,528;655,528;654,528;653,528;652,528;651,528;650,528;649,528;648,528;647,528;646,528;644,528;643,528;642,528;639,528;638,528;636,528;635,528;634,528;633,528;632,528;631,528;630,528;629,528;628,528;627,528;626,528;625,528;624,528;622,528;620,527;620,526;618,526;617,526;616,526;615,526;613,525;610,524;608,524;605,524;603,523;601,523;599,523;596,523;594,522;593,522;592,521;591,521;590,521;589,521;586,521;585,520;583,520;582,520;581,519;580,519;579,518;578,518;577,518;576,518;576,517;574,517;573,517;572,517;571,517;570,517;569,517;569,516;567,516;565,515;564,514;562,514;561,514;560,514;559,513;558,513;557,513;556,513;555,512;555,511;554,510;553,510;551,510;550,510;549,510;548,509;547,509;546,508;545,508;544,508;543,508;542,507;540,507;539,507;538,507;537,507;536,506;534,506;533,506;532,505;531,505;530,505;530,504;529,504;528,504;527,504;526,504;525,503;524,502;523,502;521,501;520,501;520,500;519,500;517,499;516,498;514,498;513,496;512,496;511,495;510,495;509,494;508,493;507,493;506,493;506,492;504,492;503,492;503,490;502,490;501,490;501,489;500,489;498,488;498,487;497,487;497,486;496,486;494,484;493,484;492,483;491,482;491,481;490,481;488,481;488,480;487,480;486,480;485,479;485,478;484,478;482,478;481,477;480,477;479,476;477,475;476,475;475,474;474,474;473,473;472,472;471,472;470,471;468,470;467,470;467,469;465,468;465,467;464,466;464,465;463,464;462,463;461,463;461,462;460,462;459,460;459,459;458,459;458,458;457,457;457,456;456,454;456,453;455,453;455,452;454,452;454,451;453,450;452,449;452,448;452,447;452,446;452,445;451,444;450,444;449,444;449,443;449,442;448,442;448,441;447,441;446,441;445,441;445,440;444,440;443,440;442,440;441,440;440,440;439,440;438,440;437,440;436,440;435,440;434,440;433,440;432,440;431,440;430,440;429,440;428,440;427,440;427,441;426,442;425,442;424,442;423,443;422,443;421,443;420,443;419,443;418,443;417,444;416,444;415,444;414,444;413,444;412,444;411,444;410,444;409,444;408,444;407,444;406,445;405,446;404,446;403,446;402,446;402,447;401,447;400,448;399,448;399,449;398,449;398,450;397,450;395,451;394,451;393,451;392,452;392,453;391,453;390,454;389,454;388,454;387,455;386,455;384,455;383,456;382,456;381,457;380,457;379,458;378,458;377,458;376,458;375,458;374,459;372,459;371,459;370,459;369,459;369,460;368,460;367,460;366,460;366,461;365,461;365,462;364,462;362,463;362,464;360,465;359,465;358,465;357,466;356,466;355,466;355,467;354,467;354,468;353,469;353,470;
Artery; POLYGON; 237, 28, 36; 940,104;940,105;940,106;940,107;940,109;940,111;940,113;940,115;940,116;940,117;940,118;940,119;940,120;941,121;941,122;941,123;941,124;941,125;941,126;941,127;941,128;942,129;942,130;942,131;942,132;943,133;943,134;943,135;943,137;943,138;944,139;945,139;945,140;945,141;945,142;947,143;947,144;948,144;948,145;948,146;949,147;949,148;950,150;951,150;951,152;952,153;953,155;953,156;954,156;954,157;955,158;956,160;956,161;958,163;958,166;960,167;960,168;960,169;961,171;961,172;961,173;961,174;962,175;962,176;963,178;963,179;963,180;964,180;964,181;964,182;965,183;966,184;967,186;967,187;968,187;969,188;970,189;970,191;970,192;970,194;972,195;972,196;973,198;973,199;974,200;974,201;975,202;975,203;975,204;975,206;976,207;976,209;976,210;976,211;978,212;978,214;978,216;980,218;981,221;982,223;982,224;983,227;983,228;983,229;983,230;984,231;985,233;985,234;986,235;986,237;986,238;986,239;987,240;987,241;988,241;988,242;988,243;989,244;989,245;989,246;989,247;990,248;990,249;990,251;991,251;991,252;992,254;992,255;992,256;992,257;992,258;993,258;993,259;994,261;994,263;995,264;995,265;995,266;995,267;995,269;995,270;995,271;995,272;995,273;995,274;995,276;995,277;995,278;995,279;995,280;995,281;995,282;995,283;995,284;995,285;995,287;995,289;995,290;995,294;995,295;994,297;994,298;994,299;994,300;994,301;994,302;993,302;993,303;993,304;993,305;992,306;992,307;990,308;990,309;990,310;989,311;989,312;989,313;988,314;988,315;987,315;986,316;986,317;985,318;985,319;984,320;984,321;984,322;983,324;983,325;983,326;982,326;982,327;982,328;981,328;981,330;981,331;981,332;980,332;979,334;978,334;978,336;978,337;976,338;976,339;975,339;975,340;973,341;973,342;972,344;972,345;971,345;971,346;970,346;969,347;969,348;968,349;967,349;966,350;966,351;965,351;965,352;963,353;963,354;962,354;961,354;959,355;958,356;956,357;955,357;954,358;953,359;952,360;952,361;951,362;951,363;949,363;948,364;947,364;946,364;945,365;943,367;943,368;941,368;940,369;939,369;939,370;938,371;937,371;937,372;936,372;934,373;933,374;932,375;931,375;930,376;929,376;927,377;926,378;925,380;924,380;923,381;922,382;921,382;921,383;919,383;918,383;918,384;917,384;916,386;916,387;915,387;915,388;914,388;914,389;914,390;913,391;913,392;913,393;913,394;912,394;912,395;912,396;911,397;911,398;910,400;909,400;908,400;908,401;907,401;906,402;905,402;904,402;904,401;904,399;903,398;903,397;903,396;903,394;903,393;902,393;902,392;902,391;902,390;902,389;902,387;902,385;902,384;902,383;902,382;902,381;902,380;902,379;902,378;902,377;902,376;902,375;902,374;902,373;902,372;901,372;901,371;901,369;901,368;901,367;901,366;901,365;901,364;901,363;901,361;901,360;901,359;901,357;901,356;901,355;901,354;900,354;900,353;898,352;897,351;897,350;897,349;897,348;897,347;897,346;897,345;897,344;897,343;897,342;897,341;897,340;897,338;897,337;897,336;897,335;897,334;897,333;897,332;897,331;898,330;898,329;898,328;898,327;899,325;900,324;901,324;901,323;902,322;903,321;904,321;906,321;907,320;908,320;909,320;910,320;911,320;912,319;912,318;913,318;914,318;915,318;916,318;916,317;917,316;920,316;922,315;923,315;924,315;925,315;926,315;928,315;929,315;929,314;930,312;931,311;931,310;931,309;931,308;932,307;933,307;933,306;933,305;933,304;933,303;934,303;934,302;934,301;934,300;934,299;935,299;935,298;935,297;935,296;936,295;936,294;936,293;936,292;936,291;937,291;937,290;937,289;938,288;938,287;939,287;939,286;939,285;939,284;940,282;940,281;940,280;940,279;941,278;941,277;941,276;941,275;942,274;942,273;943,273;944,273;944,272;944,271;945,269;945,268;945,267;945,266;946,265;946,264;946,263;946,262;946,261;946,260;947,260;947,259;947,258;947,257;947,256;947,255;947,254;947,253;947,252;947,251;947,249;947,248;946,248;945,248;944,248;943,248;943,249;942,250;942,251;941,251;940,251;940,252;939,252;938,252;938,253;936,253;935,254;934,254;933,254;932,254;931,254;930,254;929,254;929,256;928,257;927,258;926,260;926,261;926,262;926,263;925,263;925,264;924,265;923,266;922,267;921,267;921,268;921,269;920,269;919,270;918,271;917,272;916,273;916,274;916,275;915,276;914,277;913,278;912,278;911,280;910,280;909,280;908,281;907,281;906,281;905,281;904,281;903,281;902,282;900,282;899,282;898,282;897,282;896,282;894,282;893,282;891,282;890,281;889,281;888,281;887,281;887,280;886,280;884,280;883,279;882,279;881,279;880,279;879,279;879,278;877,278;877,277;876,277;876,275;876,274;876,272;876,271;876,270;876,268;876,267;876,265;876,263;876,261;877,258;877,257;878,254;879,253;879,252;880,250;881,248;882,243;885,241;885,239;886,236;888,233;890,229;891,225;892,222;894,218;896,215;897,213;899,210;899,207;899,205;901,202;902,200;902,197;903,195;903,194;903,193;905,190;905,189;905,188;906,185;906,184;906,182;907,181;907,180;907,179;907,178;908,177;908,175;908,172;908,170;909,167;909,165;909,164;909,162;909,158;911,156;911,153;912,151;914,148;914,145;915,143;915,141;915,140;916,138;916,137;917,135;918,133;918,132;919,131;919,129;919,127;920,126;920,125;922,123;922,122;922,121;923,120;924,120;925,119;926,119;927,117;928,116;930,116;931,115;931,114;931,113;932,113;933,110;933,109;934,109;935,108;936,108;937,108;937,106;937,105;937,104;938,103;939,102;
Artery; POLYGON; 237, 28, 36; 905,279;905,280;905,282;905,284;904,285;904,286;904,287;904,288;904,289;903,290;902,291;901,291;901,292;901,293;900,295;900,296;899,297;899,298;898,299;898,300;898,302;898,303;898,304;898,305;898,308;898,309;898,310;898,311;898,312;898,314;898,315;898,316;898,317;898,318;898,319;898,320;899,320;899,321;900,322;900,323;901,323;901,324;901,325;901,326;901,327;901,328;901,329;901,330;901,331;901,332;901,333;901,334;901,335;901,336;901,337;901,338;901,339;900,339;899,339;898,339;898,340;897,340;896,341;895,341;894,341;893,342;892,342;892,343;892,344;891,344;889,345;888,346;887,347;887,345;889,345;890,344;891,344;893,343;894,343;895,342;896,342;897,341;898,341;899,341;900,341;901,341;901,342;901,343;900,343;899,343;899,344;898,345;897,345;895,345;894,345;892,346;891,346;890,346;889,346;889,347;888,347;887,347;886,347;885,347;884,348;882,348;881,348;881,350;880,351;879,352;878,352;878,353;878,354;877,354;877,355;877,356;877,357;877,358;877,359;877,360;877,361;877,362;877,363;878,363;879,363;880,364;882,364;884,364;886,365;887,365;888,365;889,365;890,365;891,365;892,365;893,365;894,365;895,365;896,365;896,364;897,364;897,363;897,362;898,361;898,360;899,358;899,357;899,355;899,354;899,353;900,353;902,353;903,353;904,353;906,353;907,354;907,355;908,355;909,356;910,357;910,358;911,358;912,359;912,360;912,361;912,362;912,363;912,364;912,365;912,366;912,367;912,368;912,369;912,370;911,372;911,373;911,374;910,375;910,376;910,377;910,378;910,379;909,379;909,380;909,381;909,382;908,382;908,383;908,384;908,385;908,386;908,387;907,389;906,389;905,391;905,392;905,393;905,395;905,396;905,397;905,398;904,398;904,399;904,400;903,400;902,401;902,402;902,403;902,405;901,405;900,406;899,407;899,408;898,408;898,409;896,411;896,412;895,412;894,412;893,413;893,414;893,415;892,416;892,417;891,418;891,419;890,420;889,421;889,422;889,423;888,424;887,425;886,425;886,426;885,426;885,427;883,429;883,430;882,430;882,431;881,431;880,432;879,434;878,435;877,436;877,437;876,437;876,438;876,439;875,439;874,440;873,440;873,441;872,441;872,443;871,444;870,445;869,447;868,448;867,448;867,450;866,451;866,452;866,453;865,453;865,454;865,455;863,456;863,457;862,458;862,459;861,460;861,461;860,463;859,465;858,466;857,468;856,470;856,471;855,472;855,473;855,474;854,476;853,476;852,478;852,479;852,480;850,481;850,482;850,483;849,484;849,485;848,486;847,486;847,487;847,488;847,489;847,490;846,491;844,492;844,493;843,494;842,496;842,497;841,497;840,497;840,498;838,498;837,499;837,500;836,501;835,502;835,503;834,504;833,505;833,506;832,507;832,508;831,510;831,511;831,513;830,515;830,516;829,517;828,518;827,519;826,519;826,520;826,521;825,523;825,524;825,525;824,525;823,527;823,528;822,530;822,532;822,533;821,534;820,536;820,537;820,538;820,539;819,539;817,539;815,538;814,538;812,537;811,537;810,537;809,536;808,536;807,536;806,535;805,535;804,535;804,534;801,533;800,532;797,530;793,529;790,528;789,528;788,527;787,526;786,526;785,526;784,526;783,526;781,526;780,526;778,524;777,524;776,524;775,523;774,523;773,522;772,522;771,522;770,521;769,520;768,519;768,517;766,516;766,515;765,515;765,514;765,513;765,512;765,511;765,510;765,509;765,508;765,506;765,505;765,504;765,503;765,501;765,500;765,499;765,498;765,497;765,496;765,495;765,494;764,492;763,492;763,491;762,491;762,490;761,490;761,488;761,487;760,487;759,486;759,485;759,484;759,483;759,481;759,480;759,479;759,478;759,477;759,476;759,475;759,473;759,472;759,471;759,470;759,469;759,468;759,467;759,466;759,465;759,464;759,463;759,462;759,461;759,460;760,460;760,459;760,458;760,457;761,456;761,455;761,454;762,453;763,453;763,452;764,450;764,449;766,449;767,448;767,447;768,446;769,444;769,443;770,443;770,442;770,441;771,440;771,439;771,438;771,437;772,436;773,435;773,434;774,432;774,431;775,430;775,429;775,428;776,427;776,426;777,425;777,424;778,423;779,422;779,421;779,420;780,419;780,418;780,417;781,416;782,414;782,413;783,412;784,410;785,410;785,408;786,406;787,406;788,406;788,405;789,404;789,403;789,401;789,400;790,399;790,398;790,397;791,396;791,395;792,394;792,393;793,392;793,391;793,390;793,389;793,388;794,387;794,386;795,385;795,384;795,383;796,382;796,381;796,380;797,380;797,379;798,378;799,378;800,376;801,375;801,374;802,374;802,373;803,372;803,371;803,370;804,369;805,369;806,368;806,367;808,366;809,365;810,364;810,363;811,363;811,362;811,361;811,360;812,360;812,359;812,358;813,357;814,356;815,355;816,354;816,353;817,352;817,351;818,350;819,349;820,348;821,347;821,346;822,346;823,344;823,343;823,342;824,342;824,341;825,339;826,339;826,338;827,337;828,335;828,334;829,333;830,332;830,330;831,330;832,329;833,329;833,328;833,327;834,326;834,325;835,324;836,323;836,321;836,320;836,319;836,318;837,318;837,317;837,316;837,315;838,314;838,313;838,312;839,312;839,311;839,310;840,309;840,308;840,307;841,307;841,306;842,305;842,304;842,303;843,303;844,303;844,302;845,301;846,300;846,299;846,298;846,297;846,296;847,294;847,293;848,290;848,289;848,288;848,287;849,286;849,285;850,283;850,282;850,280;851,279;851,278;851,277;851,275;852,274;852,273;852,272;853,271;854,270;854,269;856,269;857,269;858,269;859,269;860,269;861,269;862,269;864,269;865,269;867,269;868,269;870,269;872,269;873,269;874,269;875,269;877,269;878,270;878,271;879,271;880,271;882,271;883,271;884,272;885,272;885,274;886,274;887,274;889,275;891,275;892,277;893,277;894,277;895,277;896,277;897,277;898,278;899,278;901,279;902,279;903,280;
Artery; POLYGON; 237, 28, 36; 640,759;640,758;641,758;641,757;642,757;643,756;644,756;646,755;647,754;647,753;647,752;648,752;649,751;649,750;649,749;649,748;649,746;649,745;649,743;649,742;649,741;649,740;649,739;649,738;649,737;649,736;649,735;649,734;649,733;649,732;650,731;651,730;651,729;652,728;652,727;652,726;653,725;653,724;653,723;654,722;654,721;654,720;654,718;655,717;655,716;655,714;655,713;655,712;655,711;656,710;657,710;658,709;658,708;659,708;660,707;661,706;661,705;661,704;661,703;661,701;661,700;661,699;661,697;661,696;661,695;661,694;661,693;661,692;661,691;661,690;661,688;662,687;662,686;662,685;663,684;663,683;664,683;665,683;666,683;667,683;668,682;669,681;670,681;671,680;672,680;672,679;673,677;674,676;675,675;676,674;677,673;677,672;678,671;679,670;680,669;681,668;682,668;683,665;684,664;684,663;685,663;686,661;687,661;687,660;687,659;687,658;688,658;689,657;689,656;690,655;690,654;691,654;692,654;692,653;693,652;693,651;694,650;694,649;696,648;696,647;696,646;696,645;696,644;697,643;698,642;698,641;698,640;698,639;698,638;698,637;698,636;698,635;698,634;699,634;699,632;699,631;699,630;700,629;700,628;701,627;701,626;701,625;702,623;702,622;702,621;702,619;702,618;702,617;702,616;702,615;702,614;701,614;700,614;699,614;697,614;696,614;694,614;693,614;692,614;691,614;690,614;689,614;688,613;688,612;688,611;687,609;686,609;686,608;686,607;686,606;686,605;686,602;686,601;686,600;686,599;686,597;686,596;686,594;688,592;689,591;690,590;690,589;691,589;691,588;693,587;694,587;695,587;696,586;697,586;699,586;701,586;703,586;704,586;705,586;706,586;707,586;708,586;709,586;710,586;711,586;712,586;713,586;715,586;716,586;718,586;719,586;721,586;722,586;724,586;726,586;727,586;728,586;730,586;731,586;733,586;734,586;735,586;736,586;737,586;738,586;739,586;741,587;743,588;746,588;748,589;749,591;750,592;751,592;752,592;753,592;754,593;755,593;756,594;757,594;758,594;759,594;760,595;761,595;762,595;763,597;764,597;765,598;766,599;767,599;767,600;767,601;767,602;767,603;766,603;765,604;764,604;764,605;763,606;762,607;761,608;760,609;759,609;758,609;756,609;755,609;754,609;754,610;753,610;753,611;752,611;751,612;750,614;749,615;749,616;748,616;748,617;747,618;746,619;745,619;745,620;744,621;744,622;742,623;741,624;740,624;739,625;738,626;738,627;738,628;738,629;737,629;737,630;736,630;736,631;736,633;735,634;735,635;735,636;735,637;734,638;734,640;734,641;734,642;734,643;734,644;734,645;734,647;734,649;734,650;733,650;733,651;733,653;733,654;732,654;732,656;732,657;731,658;731,659;731,660;730,661;730,662;729,663;728,664;727,665;727,666;727,667;727,668;726,668;726,669;726,670;726,671;725,672;725,673;724,674;724,676;724,677;724,678;724,679;724,680;724,681;725,681;726,681;727,681;728,681;729,681;730,681;731,681;732,681;733,681;734,681;735,681;736,681;737,681;739,681;740,681;742,679;742,678;743,678;744,678;745,677;746,677;746,676;747,676;748,675;748,673;748,672;749,671;749,670;749,669;749,668;749,667;749,666;749,665;749,664;750,664;750,663;750,662;750,661;750,660;750,659;751,658;752,658;752,657;752,656;752,654;753,653;754,652;754,651;755,651;755,649;755,648;756,648;756,647;756,646;757,646;758,645;758,644;758,643;759,642;759,641;759,640;760,640;761,638;761,637;761,635;761,634;761,633;761,631;761,630;761,629;761,628;761,627;761,626;761,625;761,624;762,624;762,623;762,622;763,620;764,620;765,619;765,618;765,617;765,616;765,614;765,613;765,612;765,611;765,610;765,609;765,608;765,607;767,606;768,605;768,603;768,602;768,601;769,601;769,600;770,600;771,599;772,599;773,598;774,597;774,596;775,596;775,595;776,594;777,594;778,594;778,593;780,592;780,591;781,591;781,590;783,589;784,589;785,588;786,588;787,588;788,587;789,587;791,587;792,587;794,587;795,587;797,588;799,590;802,590;805,591;805,592;805,593;806,593;806,594;806,595;806,596;806,597;806,598;806,599;806,600;806,601;806,602;806,603;806,604;806,605;806,606;806,607;806,608;806,609;806,610;806,611;806,612;806,613;805,616;803,618;802,618;802,619;802,621;801,622;801,623;800,623;799,624;799,625;799,626;799,627;798,628;797,629;797,630;796,631;796,632;795,633;795,634;794,635;793,636;793,637;792,638;791,638;791,639;790,640;790,641;790,642;789,642;789,644;788,644;788,646;788,647;787,648;786,649;786,650;785,651;785,652;784,653;784,655;783,656;783,657;783,658;783,659;782,659;782,660;782,661;782,662;780,664;779,664;779,665;779,666;778,666;778,667;778,668;777,670;777,671;776,672;775,672;775,673;774,674;774,675;773,676;773,677;772,679;772,680;771,681;770,683;769,684;768,684;767,684;767,685;767,686;766,687;765,688;764,688;763,690;763,691;761,692;761,693;760,693;760,694;759,694;758,694;758,695;757,696;757,697;756,697;755,697;754,699;754,700;753,700;752,702;751,702;750,704;750,705;750,706;749,706;749,707;747,708;747,709;746,710;746,711;746,712;745,713;743,714;742,714;742,715;741,716;741,717;741,718;740,718;740,719;739,720;739,721;738,723;737,724;737,725;736,725;736,726;735,727;735,728;734,729;733,730;732,730;731,731;730,731;729,732;729,733;727,733;727,734;727,735;726,735;725,736;724,737;724,738;723,738;723,739;721,739;719,741;718,742;717,742;716,743;715,743;715,744;713,745;712,745;710,747;710,748;709,748;708,749;707,749;707,750;706,750;706,751;705,753;705,754;704,755;703,755;703,756;702,757;701,757;701,758;700,759;700,760;699,760;699,761;698,761;697,761;696,762;695,762;694,763;692,764;690,765;690,766;689,766;688,766;686,766;685,766;684,766;683,766;682,766;681,766;680,766;679,766;678,766;675,766;674,766;673,766;672,766;671,766;669,765;668,765;667,765;665,764;664,764;663,764;661,763;660,763;659,763;658,763;657,763;656,762;655,762;653,762;652,762;651,761;650,760;648,760;647,760;646,759;645,759;644,759;642,759;641,759;640,759;639,758;638,758;638,757;637,757;636,757;
Vein; POLYGON; 63, 72, 204; 817,543;817,544;817,545;817,546;817,547;817,549;817,550;817,552;818,553;819,554;819,556;820,556;822,558;823,559;824,560;826,561;826,562;828,563;829,563;830,565;831,565;832,566;834,566;834,567;835,568;838,568;840,570;842,570;843,571;843,572;844,572;845,572;846,573;847,573;848,573;849,573;851,573;852,573;853,574;854,574;855,575;856,575;857,575;858,575;859,575;860,575;861,575;862,575;863,575;865,575;866,575;867,575;869,575;870,575;871,575;873,575;874,575;875,575;876,575;878,575;879,575;880,575;881,575;884,575;884,574;885,574;886,573;887,573;888,573;889,572;889,571;890,570;891,568;892,568;892,567;893,567;894,566;895,564;896,564;897,563;898,561;899,560;900,558;901,557;902,557;903,556;904,556;904,555;905,554;905,553;906,552;906,551;906,550;907,549;907,548;909,546;909,544;910,544;910,543;912,542;912,541;913,539;913,538;914,538;915,537;916,536;916,535;916,534;919,533;919,531;920,531;920,530;921,530;922,528;924,527;924,526;925,524;925,523;926,522;927,520;927,519;928,518;930,517;931,516;932,514;933,514;933,513;933,512;934,511;935,510;935,509;936,509;936,507;937,507;937,506;938,505;938,504;940,502;941,502;942,501;944,500;945,499;946,499;946,498;947,497;948,496;950,494;951,493;954,492;955,492;956,492;956,490;958,489;958,488;959,488;959,487;960,487;960,485;962,483;963,482;965,482;966,480;967,480;968,480;968,479;969,477;970,477;971,476;971,475;972,475;973,474;974,474;975,473;977,472;978,472;979,471;979,470;980,469;981,469;982,469;983,468;984,468;985,468;987,467;988,467;989,467;990,467;991,467;991,466;992,465;993,465;994,465;995,464;996,464;997,463;998,463;1000,463;1001,463;1003,463;1004,463;1006,462;1007,462;1007,461;1008,461;1009,461;1010,461;1011,461;1012,461;1013,462;1014,462;1015,462;1016,462;1018,464;1018,465;1018,466;1018,467;1018,468;1019,468;1019,469;1019,471;1019,473;1019,474;1020,474;1020,475;1020,476;1020,477;1020,478;1020,480;1020,481;1020,482;1020,483;1020,484;1020,485;1020,486;1020,487;1020,488;1020,489;1020,490;1020,491;1020,492;1020,494;1020,495;1020,497;1020,498;1020,499;1020,500;1020,501;1019,501;1019,502;1019,503;1019,504;1019,505;1018,506;1018,507;1018,508;1018,510;1018,511;1017,512;1017,513;1017,514;1016,516;1015,516;1015,517;1015,518;1015,519;1015,520;1015,521;1015,522;1015,523;1014,523;1014,524;1014,525;1014,526;1014,527;1014,528;1014,529;1014,530;1015,530;1016,531;1016,532;1016,533;1016,534;1016,535;1016,536;1017,537;1017,538;1017,539;1017,540;1017,541;1017,542;1017,543;1017,545;1017,547;1017,548;1017,549;1017,550;1017,551;1017,552;1017,553;1017,554;1017,555;1017,556;1017,557;1017,558;1017,559;1017,560;1017,561;1017,562;1017,564;1017,565;1017,566;1017,567;1017,568;1017,569;1017,571;1017,572;1017,573;1017,574;1017,575;1017,577;1017,578;1017,579;1017,580;1017,581;1017,582;1017,583;1017,584;1017,585;1017,586;1017,587;1017,589;1017,590;1017,591;1017,592;1017,594;1017,595;1017,596;1017,597;1017,598;1017,600;1017,601;1017,602;1017,603;1017,604;1017,606;1017,607;1017,608;1017,610;1017,611;1017,612;1017,613;1017,614;1016,614;1016,615;1016,617;1015,619;1015,620;1014,622;1014,623;1014,624;1014,625;1013,626;1013,627;1013,628;1012,631;1011,631;1011,632;1011,634;1010,636;1010,637;1010,638;1010,639;1009,640;1009,641;1008,643;1008,644;1007,645;1007,647;1007,649;1007,650;1007,652;1007,654;1007,656;1007,657;1007,658;1005,659;1005,660;1005,662;1005,663;1005,665;1004,665;1004,667;1004,668;1003,670;1002,671;1002,672;1002,674;1002,675;1001,676;1000,677;1000,678;998,682;997,682;996,683;996,685;996,686;995,687;994,688;993,689;993,691;992,692;992,693;991,693;991,694;991,695;990,698;990,699;989,699;989,700;988,702;987,705;986,707;986,708;985,709;985,710;984,712;984,713;982,714;982,715;981,716;980,716;980,718;979,719;979,720;978,721;977,721;977,722;976,723;976,724;975,724;975,725;974,725;973,727;971,727;971,728;970,729;970,730;969,730;968,731;968,732;967,732;967,733;966,733;965,735;964,735;963,736;962,737;961,738;960,739;959,740;959,741;958,741;958,742;957,742;956,742;955,743;954,743;954,744;953,745;953,746;952,746;952,747;951,748;949,749;949,750;948,750;947,751;946,752;946,753;945,754;944,754;944,755;943,756;941,757;941,758;940,760;940,761;940,762;938,764;937,764;936,765;936,766;936,767;935,768;934,768;933,770;932,772;932,773;932,774;931,774;930,775;930,776;929,777;928,778;927,779;927,780;926,781;925,782;924,783;924,784;924,785;923,786;923,787;922,788;922,789;921,789;920,791;919,792;918,794;917,794;917,795;915,796;915,797;914,798;913,799;913,800;912,800;912,801;911,802;910,803;908,806;908,807;907,807;907,808;905,809;905,810;904,810;903,812;902,813;902,814;901,815;901,816;900,817;899,818;899,819;899,820;898,821;897,822;897,823;896,824;896,825;896,826;896,827;895,827;895,828;895,829;895,830;894,831;893,832;892,832;891,833;891,834;891,835;891,836;891,837;890,838;889,839;889,840;888,840;887,840;887,841;886,841;885,841;884,841;884,843;883,843;882,843;881,843;879,843;878,844;877,844;876,844;875,844;874,844;871,845;870,845;869,845;868,845;867,845;866,845;865,845;864,846;862,846;859,846;858,846;857,846;856,847;856,848;856,849;855,849;854,850;852,850;850,851;849,851;848,851;847,852;846,852;844,852;842,853;841,853;840,855;838,856;837,856;836,856;834,856;833,856;832,856;830,856;829,857;828,857;827,857;826,857;825,857;824,857;823,857;822,857;821,857;820,857;819,858;818,859;817,859;815,859;815,860;814,860;813,861;812,861;811,862;810,862;809,862;808,863;807,864;806,864;805,864;805,865;803,865;801,866;799,866;798,867;797,867;796,867;795,867;794,867;793,868;792,868;791,868;789,868;788,868;787,868;786,868;785,869;784,869;783,869;782,870;780,870;779,871;778,871;777,872;776,872;775,872;774,872;772,872;768,873;767,874;766,874;765,874;764,874;763,874;762,874;762,875;761,875;760,875;758,875;757,877;756,877;755,878;753,878;751,878;750,878;750,879;749,879;747,880;746,880;745,880;744,881;742,881;741,881;741,882;740,882;739,882;738,882;738,883;736,883;735,883;734,883;734,884;733,884;732,885;731,885;730,885;729,885;727,886;726,886;725,886;724,886;723,886;723,887;722,887;721,887;721,888;720,888;720,889;718,889;717,889;716,889;714,889;713,889;712,890;711,890;710,890;709,890;708,891;707,891;707,892;706,892;705,892;704,893;704,894;703,894;702,894;701,895;700,895;699,896;698,896;697,896;696,896;695,896;694,897;693,897;692,897;690,897;689,898;688,898;687,898;686,898;685,899;684,899;683,900;681,900;680,901;678,901;676,901;675,901;673,902;672,902;671,902;670,902;669,903;668,903;666,903;664,904;663,904;662,905;661,905;660,905;659,905;658,906;657,906;655,906;654,906;653,907;652,907;651,907;650,907;649,907;648,907;647,907;646,907;645,906;645,905;645,904;645,903;645,902;645,900;645,899;645,898;645,897;645,896;645,895;645,894;645,893;645,892;646,890;646,889;646,888;646,887;647,887;647,886;648,885;648,884;649,882;650,881;650,880;650,878;650,877;650,875;650,874;651,873;651,872;651,871;651,870;651,869;651,868;652,867;652,866;652,865;653,864;653,863;654,862;654,861;655,861;656,861;656,860;657,859;657,858;658,858;659,857;659,856;659,855;660,854;660,853;660,852;661,852;661,851;661,850;662,849;662,848;663,847;663,846;664,846;664,845;665,845;666,844;667,844;669,843;669,842;670,841;671,841;672,841;673,841;675,841;676,841;677,840;679,840;680,840;681,839;683,838;684,838;685,837;686,837;687,837;690,837;691,835;692,835;693,835;694,835;695,835;696,835;697,835;697,834;698,834;699,834;700,834;701,834;702,834;703,834;704,834;705,834;706,834;707,833;708,833;709,833;712,831;713,831;714,830;715,830;715,831;715,832;715,833;715,834;715,836;715,837;715,838;715,839;715,840;713,840;713,842;712,842;711,843;710,843;709,843;708,844;707,844;707,846;706,847;706,849;706,850;705,850;704,851;704,852;704,853;704,854;704,855;704,856;704,857;704,858;704,859;705,860;706,861;707,861;708,861;709,861;710,861;712,861;713,861;714,861;715,861;716,861;717,862;718,862;719,863;720,863;721,863;722,863;723,863;724,863;725,863;726,863;727,863;728,863;729,863;730,863;732,863;732,862;733,861;733,860;734,860;735,859;736,859;737,858;738,858;739,857;741,857;742,856;743,856;743,855;743,854;744,854;744,853;745,853;746,852;747,852;747,851;748,851;749,850;750,849;750,848;751,847;751,846;753,845;753,844;754,844;754,843;755,843;756,843;756,841;757,840;758,840;760,840;760,839;761,839;762,838;763,837;764,837;766,836;766,835;767,834;768,833;770,833;771,833;771,832;772,832;773,832;773,830;774,829;775,828;776,828;777,827;777,826;778,826;778,825;778,824;779,823;780,823;781,823;781,822;782,821;783,821;783,820;784,819;784,818;785,818;786,818;787,817;788,816;789,816;790,815;791,815;793,813;793,812;794,812;795,811;796,810;797,809;799,808;800,807;800,806;801,805;802,804;803,804;804,803;805,803;805,802;806,801;806,800;808,798;809,797;810,797;810,796;811,796;812,794;812,793;813,793;814,792;814,791;815,791;815,790;816,790;816,788;816,787;817,786;818,785;818,784;819,782;820,782;820,781;821,781;822,779;823,778;824,778;826,776;827,775;827,774;828,774;828,773;830,771;831,769;831,768;832,767;832,766;833,766;833,765;834,765;834,764;835,763;835,762;836,762;838,760;838,759;839,759;839,758;841,756;841,755;842,755;842,754;842,753;843,753;843,752;844,752;844,750;845,750;845,749;846,748;846,747;846,746;846,745;846,744;846,742;846,741;846,740;847,738;847,737;847,736;847,735;847,734;847,733;848,733;849,733;849,732;849,731;849,730;849,729;849,728;849,727;849,725;848,725;847,724;846,724;845,724;844,724;843,724;842,724;841,724;840,724;839,724;838,724;837,724;836,724;834,724;833,723;832,723;831,723;830,722;829,722;828,722;827,722;826,722;825,722;824,722;823,722;822,722;820,722;819,723;818,723;817,724;816,725;816,726;815,726;814,727;813,727;813,728;812,728;812,729;811,730;811,731;810,732;809,733;808,733;808,734;807,734;807,735;806,736;806,737;805,737;804,738;803,738;802,739;801,740;800,741;799,742;799,743;798,744;798,745;798,747;797,749;796,750;795,751;793,752;792,752;791,753;790,755;789,755;788,756;787,757;786,758;785,759;784,759;784,760;783,761;782,761;780,763;779,763;779,764;778,764;778,765;777,766;776,767;775,768;775,769;774,770;773,771;772,771;771,771;771,772;770,773;769,774;768,774;768,775;767,776;767,777;766,778;765,779;765,780;765,781;764,782;764,783;764,784;764,786;764,787;764,788;764,789;764,790;764,792;764,793;764,794;764,795;764,796;764,797;764,798;764,799;764,800;764,801;764,802;764,803;763,803;763,805;761,806;761,807;760,808;759,808;758,809;756,810;755,810;755,811;754,812;753,812;752,813;750,814;749,814;748,814;747,814;746,814;746,815;745,815;744,815;743,815;743,817;742,817;740,817;739,817;739,818;738,818;736,818;735,818;734,818;732,819;731,819;730,820;728,820;727,820;725,820;724,820;723,821;722,822;722,823;720,823;719,823;718,823;716,823;713,823;712,823;711,823;710,823;709,823;708,822;707,822;707,821;706,821;705,821;704,821;703,821;702,821;701,821;700,821;699,821;698,821;697,821;696,821;695,821;694,821;693,822;692,822;691,822;690,822;689,822;688,822;687,823;686,823;685,823;684,823;683,823;683,824;681,824;680,824;679,824;678,824;677,824;677,825;676,825;675,825;674,825;673,825;672,825;670,825;669,825;668,825;667,824;666,823;665,823;664,823;664,822;664,821;664,820;664,819;664,818;663,817;663,816;662,815;661,814;660,814;659,812;659,811;659,810;659,809;659,808;659,807;659,805;659,804;659,803;659,802;659,801;660,801;661,801;661,800;661,799;662,798;662,797;663,796;663,795;663,794;663,793;664,792;665,791;665,790;665,789;665,788;665,787;665,786;665,785;665,783;665,782;665,780;666,779;666,778;667,777;668,776;668,774;668,773;668,772;668,771;668,770;669,770;670,769;670,768;671,768;672,767;672,766;673,766;674,766;675,766;676,766;677,766;678,766;679,765;680,765;682,765;683,764;684,764;684,763;685,762;686,762;687,762;688,762;688,761;689,761;690,761;691,761;692,761;693,761;694,761;695,761;697,760;698,760;699,760;700,759;701,759;702,759;702,758;703,758;704,758;706,757;707,757;708,756;709,755;710,754;711,754;712,753;712,752;713,751;714,751;714,750;715,750;716,749;717,748;718,747;719,746;719,745;719,744;719,743;719,742;719,741;719,740;719,739;719,738;720,737;721,737;722,736;722,735;723,735;724,735;725,734;726,733;726,732;728,732;729,731;730,730;731,730;732,729;732,728;732,727;733,727;733,726;734,725;734,724;735,723;736,722;736,721;736,720;737,720;738,719;739,719;739,718;739,717;740,717;740,715;740,714;742,713;742,712;743,712;743,711;744,710;744,709;745,708;745,707;746,707;746,706;746,705;748,704;748,703;749,702;749,701;750,701;751,701;751,699;753,697;754,697;754,696;756,694;757,693;758,692;759,691;760,691;761,690;763,688;764,687;765,687;766,686;767,686;768,685;768,684;768,683;769,682;769,681;770,681;770,680;771,680;771,679;772,678;773,678;773,677;774,676;774,675;775,675;775,674;776,673;777,673;778,672;778,671;778,670;779,669;780,669;780,668;780,667;781,667;781,666;781,665;781,664;782,664;783,663;784,662;784,661;785,660;785,658;785,657;786,657;786,656;787,655;787,654;787,653;787,652;788,651;788,650;788,649;789,648;789,647;790,646;790,645;791,644;791,643;791,642;791,641;792,640;794,639;794,638;794,637;795,636;796,634;796,633;797,632;797,631;797,630;797,629;798,629;798,628;798,627;799,627;799,626;799,625;800,624;800,623;800,622;801,621;802,620;803,619;803,618;803,617;803,616;805,615;805,614;805,613;806,612;806,611;806,610;807,609;807,608;807,607;807,606;807,605;807,604;807,603;807,602;807,600;807,599;808,598;809,596;809,595;809,594;810,593;810,592;811,591;812,590;812,589;812,588;812,587;813,587;813,586;813,585;815,583;816,583;816,582;816,581;816,580;817,580;817,579;817,577;817,576;817,575;817,574;817,573;817,572;817,571;817,570;817,569;817,568;817,567;817,565;817,564;817,563;817,562;817,561;817,559;817,558;817,557;817,555;817,554;817,553;817,552;818,551;818,550;818,549;818,548;818,547;818,546;818,544;
Specular reflection; POLYGON; 191, 91, 22; 761,828;762,828;764,828;766,828;767,828;768,829;769,829;770,829;770,828;771,827;772,827;772,826;773,825;776,825;777,824;778,824;779,823;780,823;781,823;781,821;782,821;782,820;784,819;784,818;785,818;786,816;787,816;788,816;789,815;790,814;790,813;791,812;792,812;793,812;795,811;796,810;797,809;799,809;799,808;800,807;801,807;801,806;802,806;803,805;803,804;804,804;805,803;805,802;805,801;806,801;806,800;807,800;807,799;809,799;810,798;810,797;810,796;811,795;812,795;813,794;813,793;814,793;814,792;814,791;815,790;816,789;817,788;817,787;819,787;819,785;820,784;820,783;820,782;821,782;822,781;823,780;823,778;824,777;825,777;825,776;826,775;827,774;827,773;827,772;829,772;830,771;832,770;833,769;834,768;835,767;835,766;836,766;837,765;837,764;838,764;839,763;840,762;841,761;842,760;842,759;843,759;843,758;844,758;845,756;846,756;846,754;846,753;848,752;848,751;848,750;849,750;849,749;850,748;850,747;850,746;850,745;850,743;850,742;850,741;850,740;850,739;850,738;850,736;850,735;850,734;850,733;850,732;850,731;850,730;851,729;851,728;851,727;851,725;851,724;851,723;851,722;850,722;849,722;848,722;847,722;846,722;845,722;844,722;843,722;842,721;840,721;838,721;837,721;836,721;835,721;834,721;833,721;832,721;831,721;830,721;829,721;828,721;827,721;826,721;825,721;824,721;823,721;822,722;820,723;819,725;818,725;818,726;818,727;817,728;817,729;816,730;815,730;814,730;813,730;813,731;813,732;812,732;811,732;810,733;809,733;808,733;807,734;806,735;805,735;805,736;804,737;804,738;803,738;803,739;802,739;802,740;801,740;800,742;799,742;799,743;799,744;797,745;796,745;796,746;795,746;794,747;794,748;793,749;792,750;791,750;791,751;790,751;790,752;789,752;789,753;788,753;787,754;786,755;786,756;785,756;785,757;784,758;783,759;782,761;782,762;781,762;780,764;779,764;779,765;778,766;778,767;777,768;777,769;776,771;775,771;774,772;774,773;774,774;773,774;773,775;772,775;771,776;770,776;770,777;769,777;768,778;768,779;767,779;767,781;765,782;764,782;764,783;764,784;764,785;763,787;763,788;762,789;762,790;762,791;761,792;761,793;761,794;761,795;760,795;760,796;760,797;760,798;760,799;760,800;760,802;760,803;760,804;760,805;759,805;759,806;759,807;759,808;759,809;758,809;758,810;758,811;758,813;757,814;757,815;757,816;757,817;757,819;757,820;757,821;757,822;757,823;757,824;757,825;758,827;759,828;759,829;759,830;760,830;761,830;762,830;763,830;
Vein; POLYGON; 63, 72, 204; 751,802;751,803;751,804;751,805;751,806;751,807;751,808;751,809;751,810;751,811;751,812;751,813;751,814;751,815;751,816;751,817;751,818;751,819;751,820;751,821;750,821;749,821;748,821;748,822;747,822;746,822;743,823;742,824;741,824;740,824;740,825;739,827;738,827;737,829;736,829;733,831;732,831;732,832;730,833;730,834;729,834;728,834;727,835;726,835;725,835;724,835;722,836;720,837;719,837;717,837;716,837;714,837;713,837;711,839;709,840;708,840;708,841;707,842;705,842;704,843;702,843;702,845;700,846;698,846;698,847;696,847;695,847;694,847;693,848;692,848;691,848;690,848;688,848;686,848;684,848;682,848;680,849;679,850;678,850;677,850;675,850;674,851;673,851;672,851;671,851;670,852;669,852;668,852;667,852;666,853;665,853;664,853;663,852;663,851;662,851;662,850;661,850;660,850;660,849;659,849;658,848;658,846;658,845;658,844;658,843;658,842;658,841;658,840;658,839;658,838;658,837;658,836;658,835;658,834;658,833;658,831;658,830;659,829;659,828;659,827;659,826;659,825;659,824;659,823;660,823;660,822;660,821;660,820;660,819;660,818;660,817;660,816;661,814;662,813;663,812;665,811;666,810;666,809;666,808;666,807;
Vein; POLYGON; 63, 72, 204; 225,953;228,953;231,952;234,950;236,950;239,950;242,950;246,950;252,950;257,950;262,950;267,950;268,950;269,950;271,949;272,948;273,947;274,946;274,945;276,944;277,943;279,943;279,942;280,942;281,941;282,940;282,939;283,938;284,936;284,935;285,934;285,933;286,933;287,933;287,932;288,932;289,931;291,931;292,931;293,931;294,931;295,931;295,930;296,930;297,928;298,928;300,928;302,927;304,927;306,926;307,926;308,926;309,925;310,925;311,925;312,925;313,925;314,923;315,923;316,923;317,922;319,922;319,921;320,921;321,921;323,920;326,919;327,919;329,919;330,918;331,917;332,917;334,915;336,914;337,914;339,913;342,912;344,910;346,910;348,909;350,908;351,907;353,906;354,906;355,904;356,904;357,904;359,903;360,903;362,902;363,902;364,902;364,901;365,900;366,900;367,900;368,900;368,899;370,898;372,897;372,896;373,896;374,896;374,895;375,895;377,895;377,894;379,894;380,893;381,892;383,890;384,890;386,890;387,889;388,889;389,888;390,888;391,888;391,887;392,886;395,886;397,885;398,885;399,885;400,884;402,883;403,883;404,883;406,881;407,881;408,879;409,879;410,879;411,878;412,878;412,877;413,877;414,877;415,876;416,876;419,876;420,876;421,876;421,875;422,875;423,875;424,873;425,873;428,872;428,870;430,870;431,868;432,868;432,867;433,867;435,866;436,866;437,865;438,865;439,865;440,864;441,863;442,863;443,863;444,862;445,862;446,861;447,860;448,860;449,860;450,860;452,859;453,859;455,859;456,859;457,859;458,859;459,859;460,859;461,859;462,859;462,858;463,858;464,857;466,857;468,857;471,857;473,857;475,857;476,856;477,855;477,854;478,854;479,854;480,854;481,854;482,854;484,853;484,852;485,852;486,851;488,851;489,850;491,848;492,848;493,848;494,848;495,847;496,846;498,845;499,845;500,845;501,845;502,844;503,843;504,842;506,841;507,841;508,841;510,840;511,840;512,839;513,839;514,839;515,839;516,839;517,839;518,837;518,836;520,836;521,835;524,834;525,834;526,834;527,833;529,832;531,832;534,829;535,829;536,829;537,829;538,828;539,828;541,828;542,828;543,827;544,826;547,826;548,826;549,826;550,826;552,826;554,826;554,824;556,824;556,823;557,823;557,822;559,822;560,822;561,821;562,821;563,820;563,819;563,818;564,818;565,818;566,817;567,816;568,816;569,815;570,815;571,815;572,814;573,814;573,813;575,813;575,812;576,812;577,811;578,810;579,810;579,809;580,809;581,809;582,807;582,806;583,806;584,806;585,805;586,805;587,805;588,804;589,803;590,803;592,803;593,802;593,801;594,800;595,800;595,799;596,799;596,798;598,798;599,798;599,797;600,796;600,795;600,796;600,797;600,798;600,799;600,800;599,801;598,803;598,804;597,804;597,806;597,807;597,808;596,809;596,810;595,810;595,811;595,812;595,813;594,814;592,815;592,816;591,817;591,819;591,820;591,821;591,822;591,823;591,825;591,826;591,827;591,828;591,830;591,831;591,832;591,833;591,834;591,836;591,837;591,838;591,839;591,840;591,841;591,842;591,843;591,845;591,846;590,847;590,849;590,850;590,851;590,852;589,852;589,853;589,854;589,855;589,856;589,857;589,858;589,859;589,860;589,861;589,862;589,863;589,864;589,865;589,866;589,867;589,868;589,869;589,870;589,871;588,871;588,872;586,872;585,873;585,874;584,874;583,875;582,875;581,875;580,875;579,875;579,876;578,877;577,877;575,877;574,878;574,879;574,880;572,880;571,880;571,881;570,881;569,881;568,881;567,881;566,882;564,883;563,883;562,883;561,883;561,884;560,884;559,885;558,885;557,886;556,886;555,886;554,886;553,887;550,888;549,889;548,889;547,889;546,890;545,890;544,890;543,891;542,892;541,892;539,893;538,894;537,894;536,894;535,894;533,894;531,894;530,894;529,894;528,894;527,894;526,894;525,894;524,894;523,894;522,894;521,894;521,895;520,895;519,895;518,897;517,897;516,897;515,898;514,898;513,898;512,898;511,898;511,899;510,899;509,900;509,901;508,901;507,902;506,902;505,902;504,902;504,903;503,903;503,904;501,904;500,904;500,905;498,905;497,905;495,906;494,906;494,907;493,907;491,908;488,909;487,909;486,909;485,909;484,910;483,910;482,910;481,911;480,911;479,911;477,911;475,913;474,913;474,914;473,914;472,915;471,915;469,916;468,916;467,916;466,917;465,917;463,918;461,919;460,919;459,920;458,920;457,921;456,921;455,921;454,921;454,922;453,922;453,923;451,923;450,923;449,924;448,924;448,925;447,925;446,925;445,926;444,927;443,927;441,928;439,929;438,929;438,930;438,931;437,931;436,932;436,933;436,934;435,934;435,935;435,936;435,937;434,938;433,939;433,940;433,941;432,942;432,943;432,944;431,944;430,945;429,946;428,946;427,947;426,947;426,948;425,949;423,951;422,951;422,952;421,952;420,953;420,954;419,954;419,955;419,956;418,957;416,958;415,958;415,959;413,960;412,960;411,960;410,961;409,961;407,961;405,962;403,962;401,962;401,963;400,963;399,963;398,964;396,964;395,964;394,965;392,965;391,965;391,966;389,967;389,968;388,968;387,968;386,969;385,969;384,969;383,970;380,970;379,971;378,971;377,971;376,972;375,973;374,973;374,974;373,974;371,974;370,975;369,975;367,976;366,976;365,976;363,977;362,977;361,977;360,977;359,977;358,977;357,978;356,978;355,978;354,978;353,978;351,978;348,978;345,978;343,978;340,978;339,978;338,978;336,980;335,980;334,980;333,980;332,980;329,980;328,980;324,980;323,980;321,980;320,980;318,980;316,980;315,980;313,980;312,980;311,980;310,980;308,980;307,980;306,980;305,980;304,980;302,980;301,980;300,980;299,980;298,980;296,980;295,980;294,980;293,980;291,980;289,980;287,980;286,981;285,981;283,981;282,982;281,983;280,983;279,983;278,983;276,984;275,984;274,984;273,985;272,985;271,985;270,987;268,987;266,988;265,989;264,989;262,989;261,989;260,991;259,991;258,991;257,992;257,993;255,993;254,994;253,995;252,996;251,997;250,998;249,998;247,998;246,998;245,999;243,999;242,1000;242,1001;240,1001;239,1001;238,1001;237,1002;236,1002;235,1002;235,1003;235,1002;235,1000;235,999;235,998;235,997;235,996;235,995;235,993;235,992;235,991;235,990;235,989;235,987;235,985;233,984;233,983;231,981;231,980;231,979;231,978;231,976;230,975;230,974;229,974;229,973;229,972;228,971;228,970;228,969;227,969;226,969;225,969;225,968;224,967;223,967;223,966;223,965;222,964;221,963;220,962;220,961;220,960;220,959;220,957;220,956;220,955;220,954;221,954;221,953;222,953;223,951;
Vein; POLYGON; 63, 72, 204; 583,896;583,894;583,893;583,892;583,891;583,890;583,889;583,888;583,887;583,886;583,885;583,883;583,882;583,881;583,880;582,879;581,878;580,877;579,876;579,875;579,874;579,873;579,872;579,871;579,870;579,869;579,868;579,867;579,866;579,864;580,863;580,862;581,861;581,860;582,858;582,857;582,856;583,854;583,853;583,852;583,851;583,850;584,848;584,847;584,846;584,845;584,844;584,843;584,842;584,841;584,840;585,839;585,838;585,836;585,835;587,834;587,833;587,832;587,830;587,829;588,828;589,828;589,826;590,825;590,824;591,822;592,821;593,819;593,818;594,817;595,816;596,815;598,814;598,813;598,812;598,811;598,810;598,809;598,808;598,807;598,806;599,805;599,804;599,803;599,802;599,803;599,805;599,806;599,807;599,808;599,809;599,811;599,812;599,813;599,814;599,815;598,816;598,817;598,818;598,819;598,820;598,821;598,822;598,823;598,825;598,826;598,827;598,828;598,829;598,831;598,832;598,833;598,834;598,835;597,836;597,837;597,838;597,840;597,841;596,842;596,844;596,845;596,846;596,847;595,848;595,849;594,850;594,851;594,852;594,853;594,854;594,856;594,857;593,858;592,859;592,860;592,861;591,863;591,864;591,865;591,867;590,869;590,870;589,870;589,871;589,872;588,873;587,873;587,874;587,875;587,876;587,877;586,877;586,878;586,879;585,879;585,880;585,881;585,882;584,883;584,884;583,886;583,887;583,888;583,889;583,890;583,892;583,893;583,894;583,896;583,897;583,898;583,899;583,901;582,902;
Stroma; POLYGON; 128, 128, 128; 189,1;188,1;187,1;186,1;185,1;184,1;183,1;182,1;181,1;180,1;178,1;177,1;175,2;174,2;173,4;172,4;171,5;170,6;169,6;168,6;167,8;166,8;166,9;165,10;165,11;163,11;162,12;160,13;159,14;159,16;158,17;156,18;154,19;154,20;153,20;152,21;151,22;151,23;150,23;149,24;148,24;147,25;146,26;145,27;144,28;143,29;143,30;141,31;140,32;139,33;138,34;137,35;136,36;135,37;134,38;134,39;134,40;134,41;134,42;134,43;134,44;134,46;135,46;135,47;135,48;135,49;136,49;136,50;136,52;136,53;136,54;136,55;136,56;136,57;136,58;136,59;136,60;136,61;136,62;136,63;136,65;136,66;136,67;136,68;136,69;136,71;136,72;136,73;136,74;136,75;136,76;136,77;136,78;136,79;136,80;136,81;137,83;137,84;137,85;137,86;137,87;137,88;137,89;137,90;139,91;139,92;140,93;140,94;140,95;140,96;140,97;140,98;140,99;140,100;140,101;140,102;140,103;140,104;140,105;140,108;140,109;140,110;140,111;140,113;140,114;140,115;140,116;140,117;140,119;140,120;140,121;140,122;140,123;140,124;140,125;140,126;140,127;140,128;140,129;140,130;140,131;140,132;140,134;140,135;139,137;139,138;139,139;139,140;139,141;139,143;139,145;138,146;138,147;138,148;138,149;138,151;138,152;138,153;138,154;138,155;138,156;138,157;138,158;138,159;138,160;138,161;138,162;138,163;138,164;138,165;138,166;138,167;138,168;138,170;138,171;138,172;138,173;138,174;138,175;139,175;140,176;140,177;140,178;140,179;140,180;140,181;141,181;142,182;142,183;142,184;142,185;143,187;144,188;145,189;146,190;146,191;146,192;147,194;148,194;148,195;148,196;149,196;150,196;150,197;151,199;152,199;152,200;153,200;153,201;153,202;154,203;155,204;155,205;155,206;156,206;157,207;157,209;158,209;159,210;160,210;161,211;162,211;163,212;164,214;165,215;166,216;167,216;168,217;169,218;169,219;170,219;171,219;171,220;172,221;174,223;176,224;177,224;178,224;179,225;180,226;181,226;182,226;182,228;183,229;185,231;186,231;187,232;188,233;188,234;189,234;190,235;190,236;191,237;189,235;186,233;185,233;184,232;183,232;183,231;182,231;182,230;181,230;181,229;179,228;179,227;177,226;177,225;176,225;176,224;174,223;173,222;171,221;171,220;170,220;169,219;168,218;168,217;167,216;166,216;166,215;164,215;163,215;163,213;162,212;162,210;161,210;161,209;160,209;159,208;159,207;158,206;158,205;158,204;157,204;156,204;155,204;155,205;155,206;155,207;155,208;155,209;155,210;155,211;155,212;155,213;155,214;156,215;157,215;157,216;158,217;158,218;159,218;160,219;161,219;162,219;163,219;163,220;164,220;165,221;166,221;167,221;167,222;168,222;169,223;170,224;171,225;172,225;173,226;174,227;175,227;176,228;176,229;178,230;179,231;180,232;181,232;182,233;183,234;184,235;185,236;186,237;187,237;187,238;188,238;188,240;188,241;190,242;190,243;191,243;191,244;192,244;192,245;193,246;193,247;194,247;195,247;196,248;197,249;198,249;198,250;199,250;200,250;201,251;202,251;203,253;204,253;205,253;206,254;208,255;209,255;210,256;212,257;214,257;216,259;217,259;218,259;219,260;219,261;220,261;221,262;222,262;223,262;223,263;224,263;224,264;225,265;226,265;228,265;230,266;231,266;232,267;233,267;234,267;235,267;235,268;236,268;237,268;238,270;238,271;240,271;241,271;242,271;243,271;244,272;245,272;245,273;246,273;247,273;248,273;248,274;249,274;250,274;251,274;251,276;252,276;252,277;253,277;254,277;255,277;255,278;256,278;257,278;258,279;259,280;260,280;261,280;262,280;263,280;264,280;265,280;266,280;267,280;267,281;268,281;269,281;271,282;272,282;273,282;274,282;275,282;276,282;277,283;278,283;279,283;280,283;282,283;283,283;284,283;285,284;286,284;287,284;288,284;289,285;290,285;291,286;292,286;294,286;294,287;294,288;295,288;296,288;297,288;298,288;299,288;301,289;302,289;303,289;304,289;305,289;306,289;307,289;308,290;309,291;310,291;311,291;312,291;313,291;315,291;316,291;318,292;318,293;319,293;320,293;321,293;322,293;323,294;324,294;325,294;327,294;328,295;330,295;331,295;332,296;333,296;334,296;335,297;337,297;339,297;340,299;341,299;343,300;345,301;346,301;347,301;348,302;349,302;350,302;352,302;355,303;356,304;357,304;358,305;358,306;359,306;360,307;361,307;361,308;362,308;363,309;364,309;365,309;366,310;366,311;367,311;368,312;369,312;369,313;370,313;371,314;372,315;374,315;374,316;374,317;375,318;376,319;377,319;378,319;379,319;379,320;380,320;381,322;381,323;382,323;383,325;384,326;385,326;386,326;387,327;387,328;388,329;389,330;389,331;390,331;390,332;391,332;392,332;393,332;395,332;396,332;397,332;398,332;400,332;401,332;402,332;403,332;404,332;406,331;407,331;408,331;409,331;410,331;411,331;412,331;413,331;413,330;414,330;415,328;416,328;417,327;418,327;419,327;420,327;421,326;422,326;423,326;424,325;425,324;426,324;427,324;428,323;428,322;430,322;431,322;432,322;434,321;436,321;437,321;438,321;439,321;440,320;441,320;442,320;443,319;444,319;445,318;446,317;446,316;447,316;448,315;449,315;450,315;450,314;451,314;453,314;454,313;455,313;456,312;456,311;457,311;458,311;458,310;460,309;460,308;462,308;463,308;463,307;464,307;466,307;467,306;469,306;471,305;471,304;472,303;473,303;474,302;475,302;475,301;476,301;477,300;478,299;478,298;479,297;479,296;480,296;481,295;482,295;483,295;484,295;484,294;486,294;487,294;488,293;489,293;490,292;491,292;492,292;493,291;494,291;496,290;497,290;498,289;499,289;500,289;501,287;502,287;503,287;504,286;505,286;505,285;506,285;507,285;509,284;509,283;510,283;511,283;512,282;513,281;514,280;515,280;516,280;517,279;518,278;519,277;521,276;521,275;522,275;524,274;525,272;526,272;527,272;527,271;528,270;528,269;530,268;531,268;532,267;533,266;534,266;536,265;537,265;538,264;539,263;541,262;541,261;543,260;544,260;546,258;547,258;549,258;549,256;551,255;552,255;553,255;554,255;555,255;557,253;558,253;559,253;560,252;561,251;562,250;563,250;564,249;565,249;567,249;568,249;569,249;569,248;570,248;571,248;572,248;573,247;574,247;575,247;576,247;577,247;578,246;580,246;582,246;583,246;584,246;585,246;586,246;587,246;588,246;589,246;590,246;591,246;592,246;593,246;594,246;595,246;596,246;597,246;598,245;599,245;600,244;601,244;602,244;603,243;604,243;605,242;606,242;607,242;608,242;609,242;611,242;612,242;614,242;616,241;617,241;618,241;619,239;620,238;622,238;623,237;624,237;625,236;626,236;627,236;629,236;631,235;632,233;633,232;634,232;635,231;636,231;638,231;639,231;640,231;642,230;643,229;644,229;645,229;646,229;647,228;648,228;649,227;649,226;651,226;652,225;653,225;654,225;655,224;656,223;657,223;658,222;658,221;658,220;661,219;662,218;664,218;665,218;666,217;667,217;668,217;670,217;670,216;671,215;672,214;674,214;675,214;676,213;676,212;677,212;678,212;678,211;679,211;680,211;681,210;682,210;682,209;682,208;684,208;685,208;687,208;688,208;689,208;690,207;691,207;692,207;693,207;695,207;696,207;698,206;699,206;700,206;701,206;702,206;704,206;705,206;707,206;708,206;709,206;710,205;711,205;712,205;713,205;714,205;715,205;717,205;719,204;720,204;721,204;722,203;723,202;724,202;725,201;726,201;727,201;728,200;729,200;730,200;731,200;731,199;732,199;733,199;734,199;735,199;736,199;737,197;738,197;739,196;740,196;741,195;742,195;743,195;744,194;745,193;746,193;747,193;748,193;749,193;750,193;752,193;754,193;755,193;757,193;758,193;760,193;761,193;763,193;765,193;767,193;768,193;769,193;771,192;771,191;772,191;773,191;774,190;776,190;777,190;778,190;779,189;780,189;781,188;781,187;783,187;784,187;785,187;786,185;787,185;788,185;789,184;790,184;791,183;791,182;792,182;793,181;793,180;794,179;795,179;796,178;798,178;799,178;799,177;800,177;801,177;801,176;802,175;802,174;803,174;804,174;805,173;806,172;806,171;807,171;809,171;811,171;812,170;813,170;814,169;814,168;815,168;816,167;817,167;817,166;818,166;819,166;820,165;822,165;823,165;824,165;825,164;826,163;827,162;828,162;829,162;830,162;831,161;832,161;834,160;835,160;836,160;836,159;837,159;838,159;839,159;840,158;840,157;841,157;842,156;843,156;844,156;845,156;846,156;846,155;848,154;849,154;850,154;851,154;851,153;852,153;855,153;856,153;858,153;859,153;860,153;861,152;862,152;863,152;864,152;865,151;866,150;866,149;867,149;868,149;869,149;870,149;872,148;873,148;874,147;874,146;875,146;876,146;877,145;878,144;879,144;881,143;882,142;884,142;886,142;887,141;888,141;889,140;890,140;891,140;892,140;893,139;893,138;894,138;896,137;897,137;898,137;899,136;900,135;901,135;902,132;903,131;904,131;905,131;905,130;906,129;908,129;908,128;909,126;910,125;911,124;911,123;911,122;912,122;912,121;913,120;914,119;915,118;916,118;917,117;917,116;918,115;918,114;918,113;920,112;921,111;921,110;922,109;922,108;923,107;924,107;924,106;924,105;925,104;925,103;925,102;926,102;927,102;927,101;927,99;927,98;927,96;927,95;927,94;927,93;927,92;927,91;927,90;927,89;927,88;927,87;927,85;927,84;926,83;925,82;925,81;924,80;924,79;923,78;922,77;921,76;921,75;920,74;919,74;919,73;918,72;917,72;916,71;915,70;913,68;912,68;911,68;910,66;908,65;907,64;905,62;904,61;903,61;902,59;901,59;899,57;899,56;898,55;897,54;896,53;894,52;894,50;893,50;892,49;892,47;891,47;890,47;889,46;889,45;887,44;887,43;886,43;886,42;885,42;883,41;882,40;881,39;880,38;879,38;878,38;878,37;877,36;876,35;874,34;873,32;871,31;871,30;870,29;869,28;869,27;868,27;867,24;865,23;865,22;863,21;860,21;859,19;859,18;858,18;858,17;857,17;857,16;856,16;855,15;854,15;853,13;850,12;849,12;848,11;847,10;846,10;846,9;844,9;843,7;841,6;840,6;838,5;837,4;836,4;835,3;834,3;833,3;832,4;832,5;832,7;832,8;832,9;832,10;832,11;832,12;832,14;832,15;831,15;830,15;830,14;830,13;829,12;829,11;829,10;828,10;828,11;827,12;826,13;826,14;825,15;825,16;824,17;824,18;824,19;824,20;824,21;823,22;822,23;821,24;820,25;819,26;819,27;818,28;817,29;816,29;816,30;815,31;815,32;814,32;813,34;812,34;812,35;810,36;810,37;810,38;809,39;808,40;807,41;806,42;805,42;804,43;803,44;803,45;802,46;801,46;801,47;800,48;800,50;799,50;798,51;797,51;797,52;796,52;795,53;794,53;793,53;791,54;790,55;789,55;788,56;788,57;787,58;785,59;784,59;783,59;783,60;782,60;781,62;780,63;779,63;778,64;777,64;776,65;774,65;773,66;772,66;770,67;768,68;766,68;765,68;764,68;763,68;762,68;761,68;760,68;759,69;757,69;756,69;755,69;753,69;752,69;751,69;750,69;748,69;746,69;743,69;741,69;739,69;737,69;734,69;733,68;732,68;731,68;730,67;728,67;727,66;725,66;724,65;721,64;719,64;718,64;717,64;716,63;716,62;716,61;715,61;715,60;714,60;712,60;709,59;707,57;704,55;703,54;702,54;701,54;701,53;701,52;700,52;700,51;699,50;699,49;698,48;697,48;696,47;695,46;695,45;694,43;694,42;693,40;693,39;693,38;693,37;692,36;692,35;692,34;692,33;691,31;691,30;691,29;691,28;691,27;691,26;691,25;691,24;691,23;691,22;691,20;691,19;691,18;691,17;691,16;691,15;691,14;691,13;691,12;691,11;691,10;691,9;691,8;691,7;692,6;693,5;693,4;693,3;693,2;694,1;697,0;696,0;695,0;694,0;693,0;692,0;691,0;690,0;689,1;689,2;688,3;688,4;688,5;687,6;685,8;685,9;684,10;683,10;683,11;681,13;681,14;680,15;680,17;679,18;679,19;679,20;679,22;678,23;678,24;678,25;678,26;678,27;678,28;677,29;677,30;677,31;677,32;677,34;677,35;677,36;677,37;677,38;677,40;677,41;677,43;677,46;676,48;676,49;673,54;673,56;673,57;673,59;673,60;672,62;671,62;671,63;671,65;670,66;670,67;669,69;668,71;667,72;667,74;666,74;665,75;665,78;664,78;662,79;662,80;660,83;658,84;658,85;656,86;655,87;653,87;651,90;649,90;647,92;645,92;643,94;641,96;640,97;639,98;638,98;636,99;635,100;633,102;633,103;632,103;631,104;631,105;630,105;629,106;629,108;627,108;626,109;625,109;624,109;623,109;622,110;621,110;620,110;619,110;618,110;617,110;616,110;614,110;613,110;612,110;611,110;610,110;609,110;608,110;607,110;606,110;605,110;603,110;602,110;601,110;600,110;599,110;598,110;597,110;596,110;595,110;594,110;593,110;592,110;591,110;590,110;589,111;588,112;588,113;587,114;587,115;587,116;587,117;586,117;586,119;586,120;585,120;585,121;585,122;584,123;583,123;582,125;581,126;580,127;579,128;578,128;578,129;577,129;577,131;577,132;576,133;575,134;575,135;574,135;574,136;574,137;574,138;573,139;573,140;571,140;571,141;571,142;571,143;570,143;570,144;569,144;569,145;568,146;567,146;567,147;567,148;566,149;565,150;564,150;563,150;562,151;560,151;559,151;558,151;557,152;556,152;555,152;554,152;553,152;552,152;551,152;550,152;549,152;548,152;547,152;546,152;545,152;544,152;543,152;542,152;541,152;539,152;537,152;536,152;535,152;534,151;533,151;533,150;533,149;533,148;533,147;533,146;533,145;533,144;533,143;533,142;533,141;533,140;534,140;534,139;535,137;535,136;535,135;535,134;536,133;536,132;536,131;536,129;537,128;538,127;538,126;539,124;540,124;540,123;540,122;541,121;541,120;541,119;541,118;542,117;542,116;542,115;543,115;544,114;544,113;545,112;545,111;546,110;547,109;547,108;548,108;549,107;550,106;551,105;552,104;553,103;554,103;555,102;556,102;556,101;557,101;558,101;559,101;560,101;561,101;562,99;563,99;564,99;565,99;566,99;567,99;568,98;569,97;570,97;570,96;572,96;573,95;574,95;575,94;575,93;576,93;577,93;578,92;579,92;580,91;581,91;583,90;584,90;584,88;585,87;586,87;587,87;587,86;589,85;590,85;591,84;593,82;593,81;596,80;597,79;598,78;598,77;600,77;602,76;602,75;603,74;603,73;604,73;605,71;606,69;608,68;608,67;608,66;609,65;610,63;611,62;613,60;613,59;614,59;614,57;615,57;615,56;616,55;617,54;617,53;619,51;620,49;620,48;621,48;622,46;623,45;624,44;624,43;624,42;625,42;625,40;626,38;627,36;628,36;628,35;629,34;629,33;629,32;630,30;631,30;631,29;632,28;632,27;633,26;634,24;635,24;635,23;635,21;635,20;637,18;638,17;638,16;639,16;640,15;640,14;640,13;640,12;641,11;641,10;642,10;643,10;643,9;644,7;644,6;645,6;645,5;646,4;647,3;647,2;648,1;648,0;
Stroma; POLYGON; 128, 128, 128; 589,111;589,110;588,109;587,108;587,107;586,107;585,106;583,105;582,105;582,104;581,104;580,104;579,104;578,104;577,104;576,104;575,104;574,104;573,104;572,104;571,104;570,104;569,104;568,104;567,104;566,104;565,104;565,102;564,102;563,102;562,102;561,102;561,101;561,100;561,99;561,97;561,96;561,95;561,93;562,91;563,89;564,88;565,86;566,84;567,84;568,82;569,80;570,80;572,78;573,78;575,77;577,76;579,75;580,74;581,74;582,72;584,71;585,69;587,69;590,67;592,65;594,64;597,63;598,62;600,61;602,58;602,57;603,56;603,54;605,52;605,51;605,50;607,49;607,48;609,45;610,45;611,44;611,42;612,42;612,41;612,40;612,39;613,38;613,37;614,36;614,35;614,34;614,33;614,32;615,31;615,30;615,28;616,28;616,27;617,25;618,25;618,24;619,23;620,22;621,21;622,21;623,20;623,19;624,18;625,18;626,17;627,16;627,15;628,14;629,14;630,13;631,13;632,13;633,12;633,11;635,10;636,10;637,10;637,9;638,9;639,8;639,7;640,6;641,5;642,5;642,4;643,4;643,3;644,3;645,2;646,2;647,2;648,2;649,2;650,2;651,0;652,0;653,-1;654,-1;655,-1;656,-1;657,-1;659,-1;660,-1;661,-1;662,-1;663,-1;664,-1;665,-1;667,-1;669,-1;670,-1;671,-1;672,-1;673,-1;674,-1;675,-1;676,-1;678,-1;682,-1;683,-1;684,-1;685,-1;687,0;688,0;689,0;691,1;692,1;694,1;695,1;696,2;698,3;699,3;699,4;699,5;700,5;700,6;701,7;702,7;703,8;704,9;704,10;704,11;704,12;704,13;704,14;704,15;704,17;704,18;704,19;704,20;704,21;704,22;704,23;704,24;704,25;704,26;704,27;704,28;704,29;704,30;704,31;704,32;704,34;704,35;705,37;705,38;705,39;705,40;705,41;705,42;706,44;706,45;707,47;707,48;707,49;708,49;708,50;709,50;709,51;709,52;709,53;710,53;710,54;711,54;712,54;713,55;714,55;715,55;716,55;716,56;717,56;718,56;719,57;720,57;721,58;722,59;723,59;725,60;727,60;728,60;729,60;730,60;733,62;734,62;737,64;739,64;740,65;741,65;742,65;744,66;745,66;746,67;747,67;748,67;748,68;749,68;750,70;751,70;751,71;752,73;753,73;753,75;755,79;756,81;756,82;756,84;756,85;756,86;756,87;756,88;755,90;754,91;754,92;752,92;751,93;750,93;749,94;748,95;747,95;746,96;744,98;742,99;739,99;737,101;734,103;733,104;732,104;730,105;728,106;725,107;723,110;721,110;718,112;715,113;714,113;712,116;711,116;709,117;708,118;707,118;706,118;705,119;704,119;701,120;700,120;698,121;697,121;696,122;694,122;693,122;692,122;691,122;690,122;688,122;686,122;684,122;682,122;679,122;678,122;675,122;674,122;673,122;672,123;671,123;671,124;669,126;668,128;667,129;666,129;666,130;665,132;665,134;
Stroma; POLYGON; 128, 128, 128; 568,144;567,144;566,144;565,144;564,144;563,145;562,145;561,146;560,148;559,148;558,149;557,149;555,150;555,151;554,151;553,152;552,152;550,152;549,152;548,152;547,152;546,152;545,152;544,152;543,152;542,152;541,152;541,151;541,150;541,149;541,148;541,147;541,146;541,145;541,144;541,142;541,141;541,140;541,139;541,138;541,137;541,136;542,135;542,134;542,133;542,132;542,130;542,129;543,129;543,128;543,127;544,126;545,125;545,124;545,123;546,122;546,121;547,119;548,118;548,117;549,116;549,115;550,114;551,114;551,113;553,111;553,110;553,109;554,109;554,108;556,107;557,106;557,104;558,103;559,102;560,101;561,101;561,100;562,99;562,98;563,98;563,97;563,96;564,95;564,94;564,92;564,90;564,89;564,88;564,87;562,86;561,86;560,86;559,86;557,86;556,86;554,86;553,86;551,86;549,88;548,90;543,94;541,95;537,97;535,99;532,102;527,105;525,106;522,110;521,110;520,111;518,113;516,115;515,117;515,119;514,121;513,123;513,125;513,126;511,130;511,131;510,133;510,134;510,135;510,137;510,138;510,140;510,142;510,144;510,146;510,148;510,149;510,150;510,151;510,154;510,155;513,158;516,160;518,162;520,163;521,164;523,165;523,166;526,168;526,169;527,170;530,171;534,172;536,173;538,173;538,174;539,174;540,174;541,175;542,175;543,176;548,177;551,178;553,179;555,180;556,180;557,181;558,181;559,181;560,181;561,181;563,181;566,181;567,181;569,181;571,181;573,181;575,181;576,180;579,180;581,179;584,178;585,177;587,176;588,175;589,174;590,173;591,172;592,171;592,170;594,168;596,167;597,166;598,165;599,164;600,162;601,160;602,159;602,158;604,156;604,155;605,155;607,155;608,154;609,154;610,152;611,150;613,149;615,146;616,145;617,142;618,141;620,140;621,140;622,138;623,137;624,136;625,136;626,135;
Stroma; POLYGON; 128, 128, 128; 31,117;30,117;29,118;27,120;26,121;26,122;26,123;25,123;24,124;23,125;23,126;23,127;22,127;21,127;20,128;19,128;18,128;17,128;17,129;16,129;15,130;14,130;13,130;12,130;12,131;9,132;8,133;7,133;6,133;4,133;3,134;2,134;1,134;0,135;-1,135;-2,136;-2,137;-2,138;-3,138;-3,140;-3,141;-3,143;-3,144;-3,145;-3,146;-3,147;-3,149;-3,150;-3,151;-3,153;-3,155;-3,156;-3,157;-3,159;-3,160;-3,161;-3,162;-3,163;-3,165;-3,166;-3,167;-3,168;-3,169;-3,170;-3,171;-3,172;-3,173;-3,174;-3,175;-3,176;-3,177;-3,179;-3,181;-3,182;-3,183;-3,184;-3,186;-3,187;-3,188;-3,189;-3,192;-3,193;-3,194;-3,195;-3,197;-3,198;-3,199;-3,200;-3,201;-3,202;-3,204;-3,206;-3,207;-3,208;-3,209;-3,211;-3,212;-3,214;-3,215;-3,218;-3,219;-3,220;-3,222;-3,223;-3,224;-3,225;-3,226;-3,227;-3,228;-3,229;-3,230;-3,231;-3,232;-3,233;-3,234;-3,236;-3,237;-3,238;-3,240;-3,241;-3,242;-3,243;-3,244;-3,245;-3,246;-3,248;-3,249;-3,250;-3,252;-3,253;-3,254;-3,255;-3,256;-3,257;-3,258;-3,259;-3,260;-3,261;-3,262;-3,263;-3,264;-3,265;-3,267;-3,268;-3,269;-3,270;-3,272;-3,273;-3,274;-3,275;-3,276;-3,277;-3,278;-3,280;-3,281;-3,283;-3,284;-3,285;-3,286;-3,287;-3,288;-3,289;-3,290;-3,292;-3,293;-3,294;-3,296;-3,297;-3,298;-3,299;-3,300;-3,301;-2,302;-2,304;-2,305;-1,306;0,307;0,308;1,308;1,310;1,311;2,312;2,313;2,314;3,315;4,315;4,317;4,318;5,319;6,320;7,320;7,321;7,322;8,324;9,324;9,325;9,326;9,327;10,328;10,329;10,330;11,330;12,332;12,333;14,335;15,335;16,336;16,337;17,338;18,338;19,338;19,339;20,339;21,340;22,340;24,341;25,342;25,343;26,343;27,344;28,344;30,344;30,345;31,345;31,346;32,346;33,347;34,347;34,348;35,349;36,350;37,350;38,351;39,352;39,353;41,355;41,356;42,357;43,358;43,359;44,359;44,360;44,361;44,362;45,362;45,363;46,363;46,364;47,364;47,365;48,366;48,367;49,367;49,368;50,368;51,369;52,369;53,372;54,372;54,373;55,374;56,374;56,375;57,376;58,378;59,378;60,379;61,379;61,380;62,380;64,381;65,382;66,382;66,383;67,383;68,384;68,385;69,386;70,387;71,387;72,387;73,388;73,389;74,389;75,390;76,390;76,391;76,392;77,392;78,392;79,392;79,393;80,393;80,394;82,395;82,396;83,396;84,398;85,398;86,399;87,399;88,399;89,400;90,400;91,400;92,401;92,402;93,403;94,403;95,404;96,404;96,405;97,405;99,406;100,406;101,406;101,407;102,408;103,410;104,410;104,411;105,411;106,411;106,412;107,412;108,412;108,413;109,414;110,415;111,415;111,416;112,417;113,417;114,417;115,417;116,417;117,418;118,418;119,418;120,418;121,418;122,418;123,418;124,418;125,418;126,418;127,418;128,418;130,418;131,418;132,418;133,418;134,418;136,418;137,418;140,418;141,418;142,418;144,418;145,418;146,418;147,418;149,418;150,418;151,418;152,418;153,418;154,418;155,418;157,418;158,418;159,418;160,418;162,418;163,418;164,418;165,418;166,418;167,418;169,418;170,418;171,418;172,416;173,415;174,415;174,414;175,414;176,414;176,413;178,412;179,411;180,410;181,409;182,409;183,408;184,408;185,407;185,406;186,406;187,406;188,405;189,405;190,404;190,403;191,403;193,403;194,403;195,403;196,403;197,403;197,402;198,402;200,402;201,402;203,401;204,400;204,399;206,399;206,398;207,398;208,397;209,397;210,397;211,397;212,396;213,396;214,395;215,395;216,395;217,394;217,393;218,393;219,393;220,392;222,392;223,391;224,391;225,391;226,391;228,390;228,389;230,389;231,389;232,389;233,389;234,389;235,389;236,389;237,389;238,389;239,389;239,388;241,387;241,386;242,386;243,386;244,386;246,386;247,385;248,385;249,385;250,385;252,385;253,385;254,384;255,384;256,384;257,384;258,384;259,383;261,383;262,383;263,383;265,382;266,382;268,382;269,381;269,380;270,380;271,380;272,379;273,379;275,379;276,378;277,377;278,377;280,377;281,377;282,377;283,377;283,376;284,376;286,376;287,375;288,374;289,374;289,373;291,372;291,371;291,369;291,368;291,367;291,366;290,366;289,366;288,366;287,366;286,366;285,366;284,366;282,366;280,366;279,366;278,366;277,366;276,366;275,366;274,366;272,366;271,366;269,366;268,366;267,366;266,366;265,366;264,366;263,366;262,366;261,366;259,366;258,366;257,366;255,366;253,366;252,366;251,366;250,366;247,366;246,366;245,366;244,365;242,365;241,365;241,364;240,364;239,363;239,362;238,361;237,361;236,361;236,360;235,360;234,360;233,359;232,359;231,358;230,358;229,357;228,356;227,356;226,356;224,356;223,356;222,356;221,355;220,355;219,355;218,355;217,354;216,354;214,354;213,354;212,354;211,354;210,354;209,354;208,354;207,354;205,354;204,354;202,354;201,354;200,354;199,354;198,354;197,354;196,354;195,354;194,354;193,354;191,354;189,354;188,354;187,354;186,354;185,354;184,354;183,354;182,354;180,353;179,353;177,353;176,353;175,353;174,353;172,353;171,353;169,351;168,351;166,351;165,350;164,350;163,350;162,348;161,348;159,348;157,346;156,346;155,346;154,346;154,344;153,344;151,343;150,343;149,343;148,343;148,342;146,341;145,341;144,341;143,340;142,340;141,340;140,338;140,337;139,337;138,337;135,336;134,336;133,336;133,335;132,335;131,334;130,334;129,334;128,333;128,332;128,331;126,331;124,330;123,330;122,330;121,329;120,329;119,329;118,329;117,328;116,328;115,327;114,326;112,326;111,326;109,326;108,325;107,325;106,325;105,324;104,323;103,323;101,322;100,322;99,321;98,320;96,318;95,318;94,317;93,317;92,316;91,316;90,315;89,315;88,313;87,312;86,312;85,311;84,310;82,308;81,307;81,306;80,306;79,306;78,305;77,305;76,304;75,304;74,303;73,303;72,302;70,300;69,300;67,299;66,298;65,298;65,297;63,297;61,295;59,293;58,293;58,292;57,292;57,291;55,290;54,289;53,288;52,287;51,286;50,286;50,285;49,285;49,284;48,284;48,282;47,281;46,280;45,279;43,278;42,277;42,276;42,275;41,274;41,273;41,272;41,271;41,270;39,268;39,267;39,266;39,265;39,264;39,263;38,263;38,262;38,260;37,258;37,257;37,256;37,254;36,253;36,252;36,251;36,250;36,249;36,248;35,248;34,247;34,246;34,245;33,244;32,243;31,243;31,242;30,241;29,241;29,239;29,238;28,236;28,235;28,233;28,232;27,232;27,231;26,230;26,229;25,228;25,226;25,225;25,224;25,223;25,220;25,219;24,218;24,217;24,216;24,215;24,214;24,213;24,212;24,211;24,210;24,209;24,207;24,206;23,205;23,204;23,203;22,202;22,201;22,200;22,199;22,198;21,197;21,196;21,195;21,194;21,193;20,192;20,191;20,190;20,189;20,187;20,186;20,185;20,184;20,183;20,181;20,180;20,179;20,178;20,177;20,176;20,175;20,174;20,173;20,172;20,171;20,170;21,169;21,168;22,166;23,166;23,165;24,165;24,164;24,163;24,162;24,160;25,159;27,157;27,156;27,155;28,154;28,153;28,152;28,151;28,150;28,149;28,148;29,147;29,146;29,145;29,144;29,143;29,142;29,141;29,140;29,139;29,138;29,137;29,136;29,135;29,134;29,133;29,132;29,131;29,130;29,129;29,128;29,126;29,125;29,123;29,122;29,121;29,120;29,119;29,118;29,117;29,116;29,115;29,113;
Stroma; POLYGON; 128, 128, 128; 28,120;28,121;28,122;28,123;28,124;28,125;28,126;28,127;28,128;30,130;30,132;30,133;30,134;30,136;30,138;30,139;30,140;30,141;30,142;30,143;30,145;30,146;30,147;30,148;30,149;30,150;30,152;30,153;30,155;30,156;30,157;30,158;30,159;30,161;30,162;30,163;30,164;30,165;30,166;30,167;30,168;30,169;30,171;30,172;30,173;30,174;30,175;30,176;30,177;30,178;29,180;29,181;29,182;29,184;29,185;29,186;29,187;29,188;29,190;29,191;28,193;28,194;28,196;28,197;28,198;28,199;28,200;28,201;28,203;28,204;28,205;28,206;28,207;28,208;28,210;28,211;28,212;28,213;28,214;28,215;28,216;28,217;28,218;28,219;28,220;28,222;28,223;29,224;29,225;30,226;30,229;31,230;32,230;32,231;32,232;33,233;34,233;35,233;35,234;35,235;35,236;36,236;36,237;36,238;37,238;37,239;38,240;39,241;39,242;39,243;39,244;39,245;40,246;40,247;40,248;40,249;41,250;42,251;42,253;42,254;42,256;42,257;42,258;42,259;43,260;43,261;43,262;43,263;45,264;45,266;45,267;46,268;48,269;48,270;49,271;49,272;50,273;50,274;51,275;52,276;52,277;53,277;53,279;53,280;54,280;54,281;55,281;57,282;57,283;58,284;59,284;61,286;62,287;63,288;63,289;64,289;65,290;66,291;69,293;70,293;70,294;71,294;71,295;72,296;74,298;75,298;76,298;77,298;78,299;79,299;79,300;81,301;82,301;83,302;84,302;85,303;86,304;87,304;88,304;91,305;92,306;93,306;94,306;94,307;95,308;95,309;96,309;96,310;97,310;98,311;99,311;99,312;101,313;103,315;104,315;105,316;106,317;107,317;108,318;109,318;109,319;110,320;110,321;111,321;113,323;114,323;115,324;116,324;117,324;117,325;118,326;120,327;121,328;123,328;125,329;126,330;127,330;128,330;130,331;131,331;133,333;134,333;135,333;136,334;138,334;139,335;140,335;141,336;142,336;143,336;144,336;145,337;146,337;148,337;150,337;152,339;156,340;158,340;160,340;162,341;163,341;164,341;165,341;165,342;166,342;167,342;168,342;169,342;170,342;171,343;173,343;174,344;175,344;177,345;178,346;179,346;180,346;181,347;182,347;184,347;185,348;186,348;187,348;188,348;189,348;190,349;191,349;192,349;193,350;195,350;197,350;200,351;202,351;203,352;204,352;205,352;207,352;209,352;210,352;212,352;213,352;215,352;216,352;217,352;218,352;220,352;221,352;223,352;224,352;225,352;226,352;227,352;229,352;231,352;232,352;233,352;235,352;236,352;238,353;240,353;241,353;242,354;244,354;245,354;246,354;247,354;248,355;249,355;251,355;252,355;252,356;253,356;254,356;255,357;256,357;257,358;259,359;260,359;261,360;262,360;264,360;267,361;268,362;269,362;270,363;271,364;272,364;273,364;274,364;275,365;277,365;278,366;280,366;281,366;282,366;283,366;283,367;284,367;284,369;284,370;284,371;284,372;284,373;284,374;284,375;284,376;282,377;282,378;280,378;279,379;277,380;276,382;274,382;273,383;272,383;271,383;269,384;268,384;267,384;265,385;264,385;263,385;262,385;261,385;260,385;259,386;258,386;257,386;255,386;253,387;251,387;250,388;249,388;248,389;247,389;246,389;244,390;243,390;241,391;240,391;238,392;237,392;236,392;235,392;233,392;232,394;230,394;229,394;227,394;226,394;226,395;225,395;224,395;223,395;222,395;221,395;220,396;219,396;218,396;217,396;217,397;216,398;215,399;214,400;213,401;212,401;210,402;209,402;208,402;207,403;206,403;205,404;204,405;203,406;202,406;201,406;200,406;199,407;198,407;198,408;197,408;196,408;195,408;194,409;193,409;192,409;191,409;190,411;189,411;189,412;188,412;187,412;186,412;185,412;184,412;183,412;183,413;181,414;180,414;179,415;178,415;177,415;176,416;176,417;175,417;174,417;173,417;172,419;171,419;170,419;169,419;168,420;167,420;166,420;164,420;163,420;163,421;162,422;162,423;161,423;160,423;159,424;158,424;157,424;155,424;154,424;153,424;152,424;151,424;150,424;149,424;148,424;147,424;146,425;144,425;142,425;141,425;140,425;139,425;138,425;136,425;135,425;134,425;133,425;131,425;129,425;128,425;127,425;126,425;125,425;124,424;123,424;122,424;121,423;120,423;119,422;118,422;117,422;116,421;114,420;113,419;112,419;112,418;112,417;111,417;110,416;108,415;105,414;104,414;104,413;103,413;102,412;102,411;101,410;100,410;98,410;97,410;95,409;94,408;93,408;92,408;90,406;89,405;87,404;85,404;84,404;83,404;82,404;81,403;80,403;78,402;78,401;76,399;75,398;74,398;73,398;73,397;72,397;72,396;71,395;70,393;69,393;68,392;67,392;66,391;65,389;64,387;63,386;62,386;62,385;61,385;60,384;60,383;59,383;59,382;59,381;58,380;57,380;57,379;56,379;55,377;53,375;53,374;51,374;50,373;49,373;48,372;47,371;46,371;45,370;44,369;44,368;43,368;43,367;42,367;40,366;39,365;38,364;38,363;38,362;37,362;37,361;35,361;33,360;33,359;32,359;31,358;30,357;29,356;28,356;27,356;26,355;25,353;24,353;23,353;22,353;21,353;20,353;20,352;19,352;16,350;16,349;15,349;13,348;12,348;11,347;9,345;8,345;7,345;7,343;6,343;5,343;4,343;4,342;3,342;3,341;2,340;2,339;2,338;2,336;1,336;1,335;0,334;0,331;0,330;0,329;0,328;-1,326;-1,325;-2,325;-2,323;-2,322;-3,322;-3,320;-3,319;-3,317;-3,316;-3,315;-3,314;-3,313;-3,312;-3,311;-3,310;
Stroma; POLYGON; 128, 128, 128; 441,439;441,440;441,441;442,441;443,441;444,441;444,442;445,443;446,443;447,444;448,445;448,447;448,448;449,449;450,449;450,450;451,451;451,452;452,453;453,454;454,455;455,455;455,456;456,456;457,458;457,459;458,459;458,460;459,460;459,461;459,462;460,462;461,463;461,464;462,465;463,465;464,466;465,466;466,467;467,468;468,469;468,470;469,470;470,470;472,471;473,471;474,471;475,472;477,472;478,473;479,473;479,474;480,475;480,476;481,476;482,477;483,478;484,478;485,479;486,481;487,481;487,482;488,482;488,483;489,483;490,483;491,484;492,485;493,485;494,487;495,488;496,488;497,488;498,488;499,488;500,488;501,489;503,489;504,490;504,491;505,491;507,492;510,493;511,494;513,495;513,496;514,496;514,497;515,497;517,499;518,500;519,500;520,501;521,501;522,501;523,501;523,502;524,502;526,502;527,503;528,503;529,505;530,505;531,505;533,506;534,507;535,507;536,507;537,508;538,508;539,508;540,509;541,509;542,509;544,509;545,509;546,509;547,509;548,509;549,511;550,511;552,511;553,511;554,511;556,511;557,511;559,511;560,511;561,511;562,511;563,512;565,512;565,513;567,513;569,513;570,513;571,513;571,514;572,514;573,515;574,515;576,515;577,515;577,517;578,517;580,517;581,517;582,518;583,518;584,518;585,518;585,519;586,519;587,519;589,520;590,520;591,520;591,521;593,521;594,522;596,522;596,523;598,524;600,524;602,524;603,525;604,525;605,525;607,525;608,525;609,525;610,525;611,525;613,526;614,526;615,526;617,526;618,526;619,526;621,526;623,526;624,527;625,527;626,527;627,527;628,527;629,527;630,527;631,527;632,528;636,528;637,529;638,529;639,529;640,529;641,529;642,529;643,529;644,529;646,529;647,529;651,529;653,530;654,530;656,530;657,530;658,530;660,530;661,530;662,530;663,530;664,530;665,530;666,530;667,530;668,530;669,530;671,530;672,530;673,530;674,530;675,530;676,530;677,529;678,529;679,528;681,527;682,527;683,527;684,527;685,527;685,526;686,526;687,526;688,525;689,524;690,523;691,523;691,522;692,521;694,521;695,520;696,520;697,519;698,518;699,518;700,517;700,516;700,515;701,515;702,514;704,513;704,512;705,511;706,509;707,508;709,506;710,505;711,505;712,503;712,502;713,501;714,501;714,500;715,499;718,497;719,496;720,496;721,495;721,494;722,494;722,493;724,493;725,491;725,490;727,489;727,488;729,487;730,487;731,486;732,485;732,484;733,484;733,483;734,482;734,481;736,480;736,479;737,478;737,477;738,476;739,476;740,475;741,475;742,475;743,474;744,474;745,472;745,471;746,471;747,470;747,469;748,469;749,468;751,466;752,465;752,463;753,462;754,461;756,458;757,458;757,457;757,456;758,456;758,455;759,454;760,453;760,452;761,451;761,450;763,449;763,447;764,447;764,446;765,446;766,445;766,444;766,443;767,442;767,441;768,440;769,439;769,438;770,437;770,435;771,433;772,432;773,431;774,430;774,429;775,427;775,426;776,426;776,425;776,424;776,423;777,422;777,421;778,421;778,420;779,419;779,418;779,417;779,416;779,415;779,414;780,413;781,412;781,411;781,410;781,409;781,408;781,407;782,406;782,405;784,404;786,402;786,401;787,401;787,400;789,398;789,396;789,395;789,394;790,393;790,392;790,391;790,389;791,388;791,387;791,386;791,385;792,385;792,384;792,383;793,381;794,380;795,379;797,377;798,377;799,375;799,374;800,374;801,373;802,372;802,370;803,368;803,367;804,367;804,366;804,365;804,364;805,363;805,362;805,361;806,360;807,358;808,358;808,357;810,356;810,355;811,355;811,354;812,354;813,352;813,351;814,351;814,350;815,349;816,348;817,346;817,345;818,345;819,344;820,343;820,342;821,340;821,339;822,338;823,336;823,335;823,334;823,333;823,332;824,332;824,331;824,330;825,329;825,328;825,327;825,326;826,325;827,325;827,324;828,324;829,322;830,322;830,321;831,321;831,320;832,319;833,318;834,318;834,316;835,315;835,314;835,313;835,312;836,310;836,309;837,309;837,308;837,307;838,306;838,305;838,304;840,303;841,301;842,301;843,300;843,299;843,298;843,297;844,297;844,296;844,294;845,293;846,291;846,290;846,289;846,288;846,287;846,286;846,285;846,286;845,287;844,288;843,289;842,290;840,292;839,292;839,293;838,293;837,294;836,294;836,295;835,295;835,296;834,296;833,297;833,298;832,298;830,298;829,298;828,298;827,298;826,298;824,299;823,299;821,299;817,299;816,299;815,299;814,299;813,299;813,300;812,300;811,300;810,300;809,300;808,300;807,301;806,301;805,301;804,302;803,302;802,304;801,304;800,304;800,305;799,305;798,305;797,306;795,306;794,306;793,307;792,307;791,307;790,307;789,308;788,308;787,308;787,309;786,309;784,309;784,310;783,310;782,310;781,310;781,311;780,311;778,312;777,312;776,312;775,313;774,313;773,313;772,313;771,313;770,315;769,315;768,315;768,316;767,316;766,316;766,317;764,318;763,318;762,318;761,318;760,318;760,319;759,320;759,321;757,322;756,322;756,323;754,323;752,324;751,325;750,325;750,327;748,327;748,328;747,328;746,328;744,329;743,330;742,330;740,331;739,331;738,331;737,331;736,331;735,333;734,333;733,333;732,334;731,334;730,334;729,334;728,335;727,335;726,336;725,336;724,336;723,336;722,336;721,336;720,337;719,337;718,337;717,337;716,337;715,339;714,339;713,339;712,339;712,340;711,340;709,341;708,341;707,341;706,341;705,342;704,342;704,343;703,343;701,343;700,343;699,344;698,344;697,344;696,344;694,345;693,345;692,345;691,345;691,346;690,346;689,346;687,347;686,347;685,347;684,348;683,348;682,348;681,348;680,349;679,350;678,350;678,351;677,351;676,351;676,352;674,352;673,352;672,352;671,352;671,353;670,353;668,354;667,355;666,355;665,355;663,356;662,356;661,357;660,357;659,357;658,357;657,357;656,358;655,358;654,359;653,359;652,359;651,359;650,360;649,360;648,361;646,361;645,361;644,362;643,362;642,362;641,363;640,363;639,364;638,364;637,364;635,365;634,365;633,365;632,365;632,366;630,367;628,368;627,369;626,369;624,370;623,370;622,370;621,371;620,371;619,371;618,373;618,374;617,374;617,375;616,375;615,375;614,376;612,377;611,377;610,377;609,379;608,379;607,379;605,380;604,380;603,380;602,381;601,381;599,382;598,382;597,382;597,383;595,384;595,385;594,385;593,385;592,385;591,385;590,386;589,386;588,386;586,386;585,386;584,386;583,386;583,387;582,388;581,388;580,388;578,388;577,389;576,389;575,389;574,390;573,390;572,391;571,391;570,392;569,392;568,392;567,392;565,392;564,393;563,394;562,394;561,394;560,394;559,395;557,395;556,396;555,397;554,397;553,397;552,397;551,398;550,398;549,398;547,398;545,398;544,398;542,398;541,398;539,398;539,399;538,400;537,400;536,400;535,400;534,400;532,401;530,402;530,403;529,403;528,403;527,403;526,403;525,404;524,404;523,405;522,405;521,405;520,406;519,406;518,407;518,408;518,409;517,409;516,409;515,410;514,410;513,411;512,412;511,412;510,412;508,412;507,413;506,414;506,415;505,415;504,416;503,416;502,416;501,417;500,417;499,417;497,418;496,418;495,418;495,419;494,419;493,419;492,419;491,420;488,420;485,421;484,421;483,422;482,422;481,422;480,422;479,422;477,423;475,423;473,424;472,424;471,426;470,427;469,427;467,428;466,428;465,428;464,428;464,429;462,429;461,430;460,430;459,430;459,431;458,431;457,432;456,432;455,432;454,432;453,432;452,433;452,434;451,434;450,434;449,434;448,434;448,435;446,435;445,435;445,437;444,437;443,438;442,439;441,440;439,440;438,441;437,441;
Stroma; POLYGON; 128, 128, 128; 819,542;818,542;817,542;816,542;816,543;816,544;816,545;817,546;817,547;818,547;818,548;818,549;819,550;819,551;819,552;820,553;820,554;820,555;821,556;822,557;823,557;823,558;824,558;824,559;825,560;826,561;827,561;827,562;829,563;830,564;831,564;832,564;833,564;834,564;836,565;837,565;838,565;839,565;840,567;841,567;842,567;843,567;844,568;846,568;847,569;848,569;849,569;850,569;852,570;853,570;854,570;855,570;856,570;857,570;860,570;861,570;862,570;864,570;865,570;866,570;867,570;868,570;869,570;871,570;872,570;873,570;874,570;875,570;876,570;876,571;878,572;879,572;881,572;882,572;883,573;884,573;885,573;887,573;888,573;889,573;890,572;891,571;892,571;893,570;894,570;895,570;895,569;896,569;897,567;897,566;898,566;898,565;898,564;899,563;900,561;900,560;901,559;901,558;902,558;902,556;903,555;904,554;905,553;906,552;907,550;907,549;908,549;908,548;909,547;909,546;910,545;911,543;911,542;911,541;912,540;913,539;914,538;914,537;915,537;915,536;916,536;917,536;917,535;918,534;919,533;919,532;920,531;920,530;920,529;921,528;921,527;921,526;922,525;922,524;923,523;924,522;924,520;924,519;925,519;925,518;926,517;927,516;928,516;928,514;928,513;929,512;929,511;930,510;931,509;932,508;932,507;933,506;933,505;934,505;934,504;935,504;936,503;937,501;938,500;939,500;940,499;940,498;941,498;942,497;943,496;943,495;944,493;945,493;945,492;946,492;946,491;947,491;947,489;949,489;950,488;951,487;952,487;953,486;954,486;954,485;955,485;955,484;955,483;956,483;957,482;958,482;959,481;961,480;961,479;962,478;963,477;963,476;964,475;966,474;967,474;968,473;969,472;970,471;970,470;972,469;973,469;975,469;976,468;978,468;979,467;980,467;981,467;981,466;982,466;984,466;985,466;986,466;987,465;987,464;988,464;989,464;991,464;995,464;996,464;997,464;998,464;999,464;1000,464;1000,463;1002,463;1003,463;1004,463;1005,463;1006,463;1007,463;1008,463;1010,463;1011,463;1012,463;1013,463;1014,463;1015,463;1016,463;1016,462;1017,462;1017,461;1017,460;1017,459;1017,458;1017,457;1018,457;1019,457;1019,456;1019,455;1019,454;1019,453;1019,452;1019,451;1019,450;1019,449;1019,448;1019,447;1019,446;1019,445;1019,444;1019,443;1019,441;1019,440;1019,439;1019,438;1019,437;1019,436;1019,434;1019,433;1019,431;1019,430;1019,429;1019,428;1019,427;1019,426;1019,425;1019,424;1019,423;1019,421;1019,420;1019,419;1019,418;1019,417;1019,415;1019,414;1019,413;1019,412;1020,411;1020,410;1020,409;1020,408;1020,407;1021,406;1021,405;1021,404;1021,403;1021,402;1021,401;1021,400;1021,399;1021,397;1021,396;1021,395;1021,394;1021,393;1021,392;1021,390;1021,389;1021,388;1021,387;1021,386;1021,384;1021,383;1021,382;1021,381;1021,380;1021,379;1021,378;1021,377;1021,376;1021,375;1021,374;1021,373;1021,372;1021,371;1021,370;1021,369;1021,368;1021,367;1021,366;1021,365;1021,364;1021,363;1021,362;1021,360;1021,359;1021,358;1021,357;1021,356;1021,355;1021,354;1021,353;1021,352;1021,351;1021,350;1021,349;1021,348;1021,346;1021,345;1021,344;1021,342;1021,341;1021,340;1021,339;1021,336;1021,335;1021,333;1021,332;1021,330;1021,329;1021,328;1021,327;1021,326;1021,324;1021,323;1020,322;1019,322;1019,321;1019,320;1018,319;1017,319;1016,318;1016,316;1015,315;1015,314;1015,313;1015,311;1015,309;1015,308;1015,306;1015,305;1014,304;1014,303;1014,302;1014,300;1014,299;1013,298;1013,297;1013,296;1013,294;1013,293;1012,291;1011,291;1011,290;1010,290;1009,290;1008,289;1007,289;1007,288;1007,287;1006,287;1005,286;1004,286;1003,286;1003,287;1002,287;1002,288;1002,289;1002,290;1001,292;1001,293;1001,294;1001,295;1000,295;999,297;999,298;998,299;998,300;998,301;997,301;996,301;996,302;995,303;995,304;994,306;994,307;993,308;993,309;993,310;993,311;992,312;992,313;992,314;992,315;991,316;990,317;989,317;989,318;988,319;987,320;987,321;986,322;985,322;984,322;984,323;983,324;983,326;983,328;982,328;982,329;981,329;980,330;980,332;979,333;978,334;978,335;977,335;977,336;975,339;974,340;973,340;972,341;971,341;971,342;970,343;970,344;970,345;969,346;968,346;968,347;968,348;967,349;967,350;965,352;965,353;964,354;964,355;962,356;961,358;961,359;960,359;959,360;958,361;957,361;956,362;955,362;953,364;952,364;951,364;950,365;949,365;948,365;948,366;947,367;946,367;946,368;945,368;943,370;942,370;942,371;941,371;939,371;938,371;937,372;936,372;936,373;935,373;934,374;933,374;931,374;930,376;929,376;927,377;926,377;925,378;924,378;923,379;922,379;922,380;921,380;920,381;919,383;918,384;917,384;916,386;915,387;914,387;913,387;913,388;912,389;912,390;911,390;911,391;910,392;909,393;908,393;908,394;907,396;906,397;905,398;904,399;903,400;902,401;901,402;901,403;900,404;900,405;900,406;899,407;899,408;898,408;898,409;898,410;897,411;896,412;895,413;894,414;894,415;892,415;892,416;891,416;891,417;891,418;890,419;889,420;888,420;888,421;887,422;886,422;885,422;885,423;885,424;884,425;881,425;880,426;880,427;879,427;878,428;877,430;877,431;875,431;874,432;874,433;873,434;873,435;873,436;873,437;872,438;872,439;871,441;870,443;870,444;869,446;868,447;868,448;868,449;868,450;867,451;867,452;867,453;866,454;865,456;864,457;864,458;863,458;862,459;862,460;862,461;861,461;860,462;860,464;859,465;858,465;857,465;857,466;857,467;855,469;854,470;854,471;853,471;852,472;851,472;850,473;849,475;849,476;848,476;848,477;848,478;846,478;846,479;845,479;845,481;845,482;845,483;845,484;845,485;845,486;844,487;844,488;844,489;844,491;844,492;842,494;842,495;841,496;840,497;840,498;840,500;839,501;838,503;838,504;837,504;837,506;837,507;836,508;835,509;834,510;833,510;833,511;832,513;832,514;830,515;830,516;829,516;828,518;828,520;827,521;827,522;825,524;824,525;823,527;822,527;822,528;822,529;821,530;821,531;821,532;820,533;819,534;819,535;819,536;819,537;819,539;819,540;819,541;819,542;
Stroma; POLYGON; 128, 128, 128; 30,511;31,511;32,511;33,512;33,514;34,514;35,514;36,515;36,516;36,517;36,518;37,518;37,519;37,520;38,521;39,521;40,521;41,522;42,523;42,524;43,525;43,526;43,527;44,527;45,528;46,529;47,531;48,532;48,533;48,535;49,535;49,537;49,538;49,539;49,540;49,541;49,542;49,544;49,545;49,546;49,547;49,548;49,549;49,550;48,551;47,552;46,554;45,555;45,556;45,557;44,557;44,558;43,559;43,560;43,561;43,562;41,563;41,564;41,565;41,566;40,568;39,568;39,569;39,570;39,571;39,572;39,574;39,575;39,576;39,577;39,578;39,579;39,580;39,581;39,582;39,583;39,585;39,586;39,587;39,588;38,589;38,590;38,591;38,592;37,593;36,594;36,595;36,596;36,598;36,599;36,600;36,601;36,602;35,604;35,605;35,606;35,607;35,608;34,609;34,610;34,612;34,613;33,615;33,616;33,617;33,619;33,620;33,621;33,622;32,624;32,625;32,626;32,627;32,628;32,630;31,631;30,632;30,633;30,634;30,635;30,636;29,638;29,639;29,640;29,642;29,643;28,644;28,646;28,647;28,648;28,649;28,650;28,651;28,652;27,653;27,655;27,656;26,657;26,658;26,659;26,660;26,661;26,662;25,663;25,664;25,665;25,666;25,667;25,668;25,669;25,670;25,672;25,673;25,674;25,675;25,676;25,678;25,679;25,681;25,682;25,683;25,684;25,685;25,686;25,687;25,688;26,688;26,689;28,690;28,691;29,691;30,691;31,692;32,692;33,692;34,692;34,693;35,693;37,693;38,693;40,693;41,693;42,693;43,693;44,693;46,693;47,694;48,694;49,694;50,694;51,694;51,693;52,693;52,692;53,692;54,690;54,689;55,688;57,686;57,685;58,683;59,682;60,682;62,681;63,680;64,680;65,680;66,678;67,677;68,677;69,677;69,676;70,676;71,674;72,674;73,672;74,671;75,670;75,669;76,669;76,668;77,668;78,667;79,666;79,665;80,665;80,664;81,664;82,663;82,662;83,662;84,662;85,660;85,659;86,658;87,656;87,655;87,653;88,653;89,652;89,651;89,650;89,649;90,648;90,647;90,646;91,644;91,643;92,643;92,642;92,641;92,640;93,640;93,639;94,638;95,637;95,636;95,635;95,634;96,633;96,632;96,631;96,630;96,629;97,629;98,627;98,626;99,624;99,623;99,621;100,620;100,619;100,618;101,617;101,616;102,615;102,614;103,614;104,614;105,614;106,614;108,614;109,614;110,614;111,615;111,616;111,617;111,618;111,619;111,620;111,622;111,623;111,624;111,625;111,626;111,627;111,628;111,629;111,630;111,631;111,632;111,633;111,634;111,636;111,637;111,638;111,639;111,640;111,641;111,643;111,644;111,646;111,647;111,648;110,649;110,650;110,652;110,653;110,654;109,654;109,655;108,656;107,657;107,659;106,660;106,661;106,662;104,663;104,664;104,665;103,665;103,666;103,667;103,668;102,668;101,670;101,671;101,672;101,673;100,674;100,675;99,676;99,677;99,678;99,680;98,681;98,682;98,683;98,684;97,684;97,685;95,686;95,687;93,688;93,689;93,690;92,691;92,692;91,693;91,694;90,695;90,697;89,698;88,700;87,701;87,702;87,703;86,704;85,706;84,706;84,707;84,708;82,709;82,710;82,712;81,712;81,713;80,714;80,715;79,716;78,717;78,718;77,719;76,720;75,721;75,722;74,724;73,725;71,726;70,727;70,728;69,730;69,731;69,732;69,733;69,734;69,735;69,736;69,737;69,738;69,739;69,740;70,740;71,740;71,741;72,742;72,743;73,744;73,745;73,746;74,746;75,746;76,746;77,746;78,746;79,746;80,746;81,746;82,746;83,746;84,746;85,746;86,746;87,746;88,746;89,746;91,746;92,746;93,746;94,746;95,746;96,746;97,746;98,746;100,746;102,746;104,746;105,746;106,746;106,747;107,749;108,749;109,749;110,749;110,750;112,750;113,750;115,750;116,750;117,751;118,751;119,752;121,752;122,753;123,754;123,755;124,755;124,756;125,756;125,757;125,758;126,758;127,758;127,759;127,761;127,762;128,764;128,765;128,767;128,768;128,769;128,770;130,772;130,773;130,774;130,775;131,777;131,778;131,779;131,780;132,780;133,781;133,783;134,784;134,785;136,786;136,787;136,788;136,789;137,789;137,790;137,791;137,792;137,793;137,794;137,795;137,796;137,797;137,798;137,799;137,800;137,801;137,802;137,803;137,804;137,805;139,806;139,807;139,808;139,809;139,810;139,811;139,813;139,814;139,815;139,816;139,818;139,819;139,820;139,821;139,822;139,823;139,824;139,826;139,827;139,828;139,829;139,830;139,831;139,832;139,833;139,834;139,835;139,836;139,837;139,838;140,839;140,840;140,841;140,843;140,844;140,845;140,846;140,847;140,848;140,849;140,850;140,851;140,852;140,853;140,854;140,856;140,857;140,858;140,859;140,860;140,861;140,863;140,864;140,865;140,866;140,867;140,868;140,869;140,870;140,871;140,872;140,873;140,874;140,875;140,877;140,879;140,881;140,882;140,883;140,884;140,886;140,888;140,889;140,890;140,891;140,893;140,894;141,895;141,896;141,897;141,899;141,900;141,901;141,902;141,903;142,906;142,908;142,909;142,910;142,912;142,913;142,914;142,915;142,916;142,918;142,919;142,920;142,921;142,922;142,923;142,924;143,924;143,925;143,926;144,926;145,927;145,928;145,929;145,930;146,930;146,931;146,932;147,932;147,933;148,934;148,935;149,937;150,938;150,939;150,940;150,941;150,942;151,943;151,944;151,945;151,946;151,947;151,948;151,949;151,950;152,951;152,952;153,955;153,956;153,957;153,958;154,960;154,961;154,962;155,963;156,963;156,965;157,966;157,967;158,967;160,968;161,969;162,970;164,972;165,972;166,972;167,974;168,974;168,975;169,976;170,977;171,978;172,979;173,979;174,980;176,980;177,981;178,982;180,982;182,983;183,983;184,983;186,985;187,985;189,986;190,986;191,986;192,987;193,987;194,987;196,987;197,987;199,987;201,987;202,987;203,987;204,987;205,987;206,987;207,987;208,987;208,986;208,985;208,984;208,983;208,981;209,981;209,980;209,979;209,978;209,977;209,976;209,975;209,974;209,973;209,972;210,971;210,970;210,969;210,968;211,967;211,966;211,965;211,964;212,963;213,963;214,963;215,963;215,962;216,962;216,960;218,959;219,958;220,957;221,957;222,956;223,956;223,955;224,954;224,953;225,953;225,952;226,951;227,951;229,951;230,951;231,951;233,951;234,951;235,951;236,951;238,951;239,951;241,951;242,951;243,951;244,951;245,951;246,951;247,951;249,951;250,951;252,951;254,951;255,953;256,953;257,953;258,953;259,953;260,953;261,953;262,953;264,953;265,953;266,953;266,952;267,951;268,950;269,950;270,950;272,950;274,950;275,950;276,950;277,950;278,950;278,949;279,949;280,949;280,947;282,947;283,947;284,947;284,946;284,945;284,944;284,943;284,941;284,940;284,939;284,938;283,937;282,935;281,934;280,934;279,934;278,933;276,933;275,933;274,933;273,933;271,933;270,933;268,933;266,933;265,933;263,933;262,933;261,933;260,933;259,933;258,933;257,933;255,933;253,933;252,933;251,933;250,933;249,933;248,933;247,933;245,933;243,933;242,933;241,933;240,933;239,933;238,933;237,933;236,933;235,933;234,933;233,933;231,932;230,932;229,932;228,932;227,932;226,932;225,932;223,932;222,932;220,932;219,932;216,932;215,932;214,931;213,931;212,931;211,931;209,931;208,931;207,931;206,931;205,931;204,931;203,931;202,931;201,931;200,931;199,931;198,931;196,931;195,930;194,930;194,929;193,929;192,928;191,928;190,928;190,927;190,926;189,925;189,924;189,923;189,922;188,921;187,920;186,919;186,918;186,917;186,916;186,915;186,914;186,913;186,912;186,911;186,910;186,909;186,908;186,907;186,906;186,905;186,904;186,903;186,902;186,901;187,900;187,898;188,896;189,896;189,895;189,894;189,893;189,892;190,891;191,889;191,888;191,887;191,886;191,885;191,884;191,883;192,882;192,881;192,879;193,877;193,876;193,875;193,874;194,872;194,871;194,870;194,869;194,868;194,867;194,865;196,864;196,863;196,862;197,862;197,861;197,860;197,858;197,857;197,856;197,855;197,854;197,853;197,852;197,851;197,850;197,848;197,847;197,846;197,845;197,844;197,843;197,842;197,841;196,840;195,839;195,838;194,837;193,836;192,834;191,834;190,832;190,831;189,831;188,831;187,830;186,829;186,828;186,827;185,827;185,826;184,826;184,825;183,825;182,824;182,823;182,822;182,821;181,820;180,819;179,819;179,818;179,817;178,816;176,815;175,814;174,813;174,812;173,811;173,810;172,809;171,809;171,807;171,806;171,805;171,804;171,803;171,802;171,801;171,800;171,799;172,798;173,798;174,797;175,796;176,796;177,796;178,795;179,795;180,794;181,794;181,793;182,793;182,792;183,791;184,790;186,790;187,790;188,790;189,789;190,789;191,789;192,789;193,788;194,788;195,788;196,788;197,788;199,788;200,788;201,788;202,788;202,787;203,787;204,787;205,787;206,787;207,785;209,785;211,785;212,785;214,785;215,784;216,784;217,783;218,783;219,783;220,783;221,783;222,783;222,782;223,782;225,782;226,782;227,782;228,782;229,782;230,783;231,784;232,785;233,785;233,786;233,787;234,787;236,789;236,790;237,791;238,792;239,793;240,793;241,794;243,795;243,796;244,796;245,797;246,797;247,798;248,798;250,800;251,800;252,801;253,802;255,802;256,802;257,803;258,803;258,804;259,804;260,804;261,804;262,804;263,804;264,805;266,805;267,805;268,805;269,805;270,805;271,805;272,805;272,804;272,803;272,802;272,801;272,800;272,799;272,798;272,797;272,796;271,795;270,794;269,792;269,791;269,790;268,789;266,788;265,788;265,786;265,785;264,785;264,784;263,784;262,783;261,782;260,781;260,780;259,779;258,778;258,777;258,776;258,775;257,775;257,774;257,773;257,772;255,771;254,770;254,769;253,769;252,768;252,767;252,766;251,766;251,765;250,764;249,763;248,762;248,761;248,760;247,759;246,758;246,757;245,756;244,753;244,752;242,751;242,750;241,749;241,748;241,747;240,746;239,746;239,745;238,744;238,743;237,742;237,741;236,740;235,738;235,737;235,735;232,734;232,733;231,733;231,732;231,731;230,730;230,729;229,728;229,727;229,726;228,726;228,725;228,723;228,722;228,721;228,720;228,719;228,717;228,716;228,715;228,714;228,713;228,712;228,711;228,710;228,709;228,708;228,707;228,706;228,705;228,704;228,703;228,702;228,701;228,700;228,699;228,697;228,696;228,695;228,694;228,693;228,691;228,690;228,689;228,688;228,687;228,686;228,685;228,684;228,683;228,682;228,681;229,680;229,679;230,678;230,677;230,676;232,676;232,675;232,674;233,673;233,672;234,671;235,670;236,670;237,670;238,670;239,670;240,670;241,670;242,670;243,670;244,670;245,670;246,670;247,670;248,670;249,670;250,670;251,670;253,670;254,670;255,670;256,670;257,671;258,671;259,673;259,674;259,675;259,676;260,676;260,677;260,678;260,679;261,679;261,680;261,681;262,682;263,683;263,685;263,686;263,687;263,688;263,689;263,690;263,691;264,692;264,693;266,694;266,695;267,696;267,697;268,698;269,699;270,701;271,701;271,702;271,703;272,704;273,704;273,705;273,706;273,707;273,709;274,710;275,711;276,712;277,713;277,714;277,715;278,715;279,717;279,718;280,718;280,719;280,720;280,721;281,722;281,723;282,724;283,724;283,725;283,726;283,727;283,728;284,729;284,730;285,730;285,731;287,731;287,733;288,734;289,734;290,734;291,734;292,734;293,734;294,734;295,734;297,734;298,734;299,734;300,734;301,734;303,734;304,734;305,734;306,734;307,734;309,734;310,734;310,733;311,732;312,731;313,730;314,730;315,728;316,727;317,727;318,727;319,727;320,727;322,727;323,727;324,727;325,728;326,728;327,728;327,729;328,729;329,729;330,729;331,730;332,730;333,730;334,730;334,731;335,731;336,731;337,732;338,732;339,732;340,733;342,733;344,733;345,733;346,733;347,733;348,733;349,733;351,733;352,733;354,733;355,733;356,733;357,733;358,733;359,733;360,733;361,733;363,732;364,731;364,730;366,729;366,728;367,726;367,725;368,724;368,723;368,722;368,721;368,720;368,719;368,718;368,717;367,716;366,715;366,714;365,713;364,713;363,713;363,712;363,711;362,710;362,709;362,708;361,707;360,707;360,706;360,705;360,704;360,703;360,702;359,701;359,700;359,699;359,697;358,696;358,695;357,694;356,693;356,692;355,691;355,690;355,689;355,688;354,688;353,687;353,686;352,686;351,685;351,684;350,684;349,683;347,682;346,682;345,682;344,682;343,682;342,681;340,681;339,681;338,681;337,681;336,681;334,680;333,680;332,680;331,679;329,679;328,679;327,679;326,679;324,679;322,678;322,677;321,677;320,677;319,677;318,677;317,677;316,677;315,676;313,676;312,676;311,676;310,676;310,675;309,675;307,675;305,674;304,674;303,674;303,673;302,673;302,672;302,671;301,670;301,669;301,668;301,667;301,666;301,665;301,664;301,663;301,662;301,661;302,661;303,659;304,658;305,658;305,657;307,657;308,656;308,655;309,655;309,653;310,651;311,651;311,650;312,650;313,650;315,650;316,649;318,649;319,649;320,649;321,649;322,649;324,649;325,649;326,649;327,649;328,649;329,649;331,649;332,649;334,649;335,649;336,649;337,649;338,649;339,649;341,649;343,649;345,649;348,649;349,649;350,649;351,649;352,649;354,649;355,649;357,649;359,649;361,649;362,649;363,649;365,649;366,649;367,649;368,649;369,649;370,649;371,649;372,649;373,649;374,649;375,649;376,649;377,649;378,649;379,649;380,649;381,648;383,647;384,646;385,645;385,644;386,644;388,644;389,644;389,643;390,642;391,641;392,641;393,641;393,640;394,640;394,639;395,639;395,638;395,637;395,636;396,635;396,634;396,633;396,632;396,631;396,630;396,629;396,628;396,627;396,626;396,625;396,623;396,622;396,621;396,620;396,619;396,618;396,617;396,616;396,615;396,614;396,613;396,612;395,612;394,611;394,610;394,609;393,609;391,608;390,608;389,607;388,607;388,606;388,605;388,604;388,603;388,602;388,601;388,600;388,598;388,597;388,596;388,595;388,594;388,592;388,591;388,590;388,589;388,588;388,587;388,586;388,585;388,584;388,583;388,582;388,581;388,580;388,578;387,577;386,576;385,575;384,575;383,575;382,574;380,574;378,574;377,574;376,574;375,574;374,574;373,574;371,574;370,574;369,574;368,574;367,574;365,574;363,574;362,574;360,574;359,574;357,574;356,574;355,574;354,574;353,574;352,574;351,574;350,574;349,574;348,574;347,574;346,574;345,574;343,574;342,574;340,574;339,574;338,574;337,576;336,576;335,576;334,576;334,577;334,578;333,579;331,580;330,580;330,581;329,581;328,583;327,583;327,584;325,585;323,585;322,585;320,585;319,585;318,585;317,585;316,585;315,585;314,585;313,585;312,585;311,585;310,585;309,585;308,585;307,585;306,585;305,585;304,585;302,584;301,584;300,584;299,584;298,583;297,583;296,583;295,583;294,583;293,583;292,583;292,582;291,581;290,581;290,580;290,579;290,578;290,577;290,576;290,575;290,574;291,574;292,573;293,572;294,571;294,570;294,569;295,569;295,567;295,566;295,565;296,564;296,563;297,561;298,560;298,559;298,558;298,557;299,557;299,555;299,554;300,554;301,553;301,552;302,551;302,550;304,549;305,549;306,549;307,548;308,548;310,548;311,548;311,547;312,547;312,545;312,543;312,542;311,542;311,541;311,539;311,538;311,537;311,536;311,535;310,534;310,532;310,531;310,530;309,530;309,529;309,528;308,528;308,526;308,525;308,524;308,523;310,523;311,523;312,522;313,522;313,521;314,520;314,519;315,519;316,519;317,518;319,517;319,516;320,516;321,515;323,514;324,513;325,512;326,511;327,511;328,511;329,511;330,511;331,511;333,510;334,510;336,509;337,508;338,508;339,508;340,506;340,505;342,505;343,504;343,503;345,503;346,502;346,500;347,499;348,499;349,499;349,498;349,497;350,496;350,495;350,494;351,493;351,492;352,491;353,490;353,489;353,488;354,487;354,486;354,485;354,484;354,483;354,482;354,481;354,480;354,479;354,478;354,477;353,476;353,475;353,474;353,473;353,472;353,471;353,469;353,468;351,468;349,468;348,468;347,468;345,468;344,468;343,468;342,469;341,469;340,470;339,470;337,471;336,472;334,472;333,472;332,472;331,473;331,474;331,475;330,475;329,475;329,476;328,476;327,476;326,476;325,476;324,477;323,477;322,477;321,478;320,478;320,479;320,480;319,480;318,480;317,480;316,481;315,481;314,481;314,482;313,482;312,482;311,482;310,482;310,483;309,483;308,483;307,483;306,483;305,483;304,483;303,483;302,483;301,483;301,484;300,485;300,486;299,486;298,487;297,488;297,489;296,489;295,490;294,490;293,491;292,492;291,493;291,494;290,494;290,495;289,495;288,495;287,495;286,495;285,495;284,495;283,495;282,495;281,495;280,495;279,495;278,495;278,496;277,497;276,498;276,499;274,499;273,499;273,500;272,500;270,501;270,502;268,502;267,502;266,503;265,504;264,504;262,504;261,504;260,504;257,504;256,504;255,504;254,504;253,504;252,504;251,504;250,504;249,504;247,504;245,505;244,505;243,505;242,505;241,506;240,506;238,507;237,507;236,507;235,507;234,507;233,507;233,508;232,508;231,508;230,508;229,510;228,510;228,511;227,511;227,512;226,512;225,512;223,513;223,514;222,515;220,516;219,517;218,518;217,518;216,518;215,519;214,519;213,519;212,519;211,519;210,520;209,520;209,521;208,521;206,521;206,522;205,522;204,522;203,523;202,523;201,523;200,523;199,523;198,523;197,523;196,523;195,523;194,523;193,523;192,524;191,524;189,524;188,524;186,524;185,524;184,524;182,524;181,524;180,524;179,524;178,524;177,524;176,524;175,524;174,524;173,524;172,524;170,524;169,524;168,524;167,524;166,524;165,524;164,524;163,524;162,524;160,524;159,524;157,524;156,526;155,526;154,526;153,526;153,527;152,527;151,527;150,528;149,528;148,528;147,528;146,529;144,529;143,529;143,530;142,530;141,530;140,530;139,530;138,530;137,530;136,530;135,530;134,530;133,530;132,530;131,530;130,530;129,530;128,530;127,530;126,530;125,530;123,530;122,530;121,530;120,530;119,530;117,530;116,530;115,530;114,530;113,530;112,530;111,530;110,530;108,530;107,530;106,530;105,530;103,530;102,530;100,530;99,530;97,530;96,530;95,530;94,530;93,530;92,530;91,530;90,530;89,530;87,530;86,530;85,530;84,530;83,530;81,530;80,530;79,530;78,530;77,530;76,530;75,530;74,530;73,530;72,530;71,530;70,530;69,530;68,530;67,530;67,529;65,528;64,528;64,527;63,526;62,526;61,526;60,526;59,525;58,525;56,525;55,524;53,524;52,524;51,524;50,523;50,522;49,522;48,522;47,521;47,520;46,520;45,519;44,518;43,517;43,516;41,514;40,514;39,514;38,513;37,513;36,512;35,512;33,512;32,512;31,511;30,511;
Stroma; POLYGON; 128, 128, 128; 360,731;360,733;360,734;360,735;360,736;360,737;361,738;362,739;362,740;364,740;364,741;365,741;365,742;365,743;365,744;365,745;365,746;365,747;365,748;365,749;365,750;365,751;364,751;363,751;363,752;362,752;361,753;360,754;359,754;358,755;357,756;357,757;356,757;355,757;354,757;353,757;352,757;351,757;350,757;349,757;348,757;347,757;346,757;345,757;344,757;343,756;341,756;340,756;339,756;338,756;338,755;337,755;336,755;335,755;334,755;333,755;332,755;331,755;330,755;329,755;327,755;326,755;325,755;324,755;324,756;323,757;323,758;322,759;322,760;321,760;320,761;319,762;319,763;319,764;319,765;319,766;317,767;317,768;317,770;317,771;317,772;317,773;317,774;318,776;318,777;318,778;319,779;320,780;321,780;322,781;323,782;324,782;324,783;324,784;325,784;326,785;327,785;327,786;327,787;328,788;328,789;328,791;329,792;329,793;330,793;330,794;330,795;330,796;331,796;331,797;332,798;332,799;332,800;333,802;334,803;334,805;334,806;335,807;335,808;335,809;335,810;335,812;335,814;335,815;335,816;335,817;335,818;335,819;335,820;335,821;335,822;335,823;335,825;335,826;335,827;335,828;335,829;335,830;335,831;335,832;335,833;334,834;334,835;334,836;334,837;333,838;332,839;331,840;331,841;331,842;330,842;330,843;329,844;329,845;329,847;329,848;328,848;328,849;328,850;328,851;328,852;328,853;328,854;328,855;328,856;328,857;328,858;328,859;328,860;328,862;328,863;328,864;328,865;328,866;328,867;329,869;329,870;329,871;329,872;329,873;330,874;330,875;331,876;332,876;333,877;333,878;334,879;335,880;335,881;335,882;335,883;335,884;335,886;335,887;335,888;335,890;335,891;335,892;335,893;335,894;334,894;333,894;332,894;331,894;330,894;328,894;326,894;324,894;322,894;321,894;318,894;316,894;314,894;313,894;312,894;310,896;309,896;309,897;308,897;308,898;307,899;306,900;305,900;304,900;303,901;302,901;301,902;300,902;300,903;299,904;299,906;299,907;299,908;299,909;298,909;298,910;298,911;298,912;298,913;297,914;296,914;296,915;295,917;294,917;293,918;293,919;293,920;293,921;293,923;293,924;294,924;295,924;297,925;298,926;299,926;300,926;301,926;302,926;303,926;304,926;305,926;306,926;307,926;308,926;308,925;309,924;309,923;310,923;311,923;311,922;312,922;313,922;313,921;314,921;315,921;315,920;316,920;317,918;318,918;319,917;320,917;321,917;322,916;323,915;324,915;325,915;326,915;327,915;328,915;329,915;330,915;332,915;333,915;334,915;335,914;336,914;337,914;338,914;339,914;341,912;342,912;343,912;344,912;344,911;345,911;346,911;348,911;349,910;351,909;352,909;353,909;354,909;355,908;356,908;357,907;357,906;358,906;360,905;362,904;363,904;364,904;365,903;366,903;366,901;368,900;369,900;369,899;371,898;372,898;374,896;375,896;376,895;376,894;377,894;378,894;379,893;379,892;380,892;381,892;382,891;383,891;384,891;384,890;385,889;386,889;387,888;388,888;389,887;390,887;391,886;393,886;394,885;395,885;396,885;397,883;399,882;400,882;401,882;402,882;403,882;403,881;405,880;406,880;407,880;407,879;408,878;409,878;410,877;411,877;413,876;414,876;415,876;416,876;417,876;418,875;418,874;419,874;420,874;421,873;422,872;422,871;423,871;424,871;425,871;426,871;427,871;427,870;428,870;429,869;430,869;432,867;433,867;434,866;435,866;436,866;437,865;438,865;439,865;439,864;440,864;441,864;441,863;443,863;444,862;445,861;446,861;447,860;448,860;449,860;450,859;451,858;452,858;453,858;454,858;456,857;456,856;457,856;459,855;460,855;462,855;463,855;464,855;465,855;466,855;467,855;468,855;470,855;472,855;473,855;474,855;475,855;476,855;477,855;477,854;478,854;479,854;480,854;481,854;483,854;484,854;485,854;485,853;487,852;488,852;490,852;491,851;491,850;492,850;492,849;494,848;495,848;495,847;496,847;497,847;498,847;499,846;500,846;500,845;500,844;501,844;501,843;503,842;505,842;505,841;506,841;507,840;508,840;508,839;509,839;510,839;510,838;511,838;512,838;513,838;515,837;515,836;516,836;517,836;518,836;519,836;519,835;520,835;521,835;522,835;523,835;524,833;525,833;526,833;527,833;527,832;528,832;530,831;531,831;532,831;533,831;534,830;535,830;536,829;537,829;540,829;541,829;543,828;544,828;545,828;546,827;546,826;547,826;548,826;549,826;550,826;552,826;553,825;554,825;555,825;556,824;557,824;558,823;559,823;560,823;561,822;561,821;562,820;564,820;566,820;567,819;568,818;568,817;569,817;570,817;571,817;572,817;573,816;573,815;574,814;575,814;576,813;577,812;578,811;580,811;582,811;583,811;583,810;584,809;584,808;585,808;585,807;586,807;586,806;587,806;588,806;589,805;590,803;592,803;594,802;594,801;595,801;596,800;596,799;597,798;597,797;597,796;598,795;598,794;599,794;599,793;600,792;600,791;600,790;600,789;601,789;601,788;601,787;601,786;601,785;601,784;601,783;602,782;602,781;603,780;603,779;604,778;605,776;605,775;605,774;605,773;605,772;606,772;606,771;606,770;606,769;606,768;606,766;606,765;607,764;607,763;607,762;607,761;607,760;608,760;608,759;608,758;609,757;609,756;609,755;610,754;610,753;611,752;611,751;612,750;612,748;612,747;613,746;614,745;614,744;614,743;615,742;615,741;616,740;616,739;616,737;616,736;616,735;617,733;617,732;617,731;617,730;617,729;617,728;617,727;617,726;617,725;617,723;617,722;617,721;617,720;617,719;617,718;617,717;617,716;617,714;617,713;617,712;617,710;617,709;617,708;617,707;617,706;618,705;618,704;618,703;618,702;619,701;619,699;619,698;619,697;619,696;619,695;620,695;621,693;621,692;621,691;622,691;622,690;622,689;622,688;622,687;622,686;622,685;622,684;622,683;622,681;622,680;622,679;622,678;622,676;622,674;622,673;622,672;622,670;622,669;622,668;622,667;623,666;623,665;623,664;623,663;623,662;623,661;623,660;623,659;623,658;623,657;623,656;623,654;623,653;623,652;623,651;623,653;623,654;622,654;621,654;620,655;619,655;618,655;618,654;617,654;616,654;614,653;613,652;612,652;611,651;609,651;607,650;606,649;605,648;604,647;603,647;602,646;601,645;600,644;599,644;598,643;598,642;597,642;596,642;595,642;595,641;594,641;593,641;592,641;591,641;590,641;589,641;587,641;586,641;585,641;585,640;584,639;583,639;582,639;581,639;580,639;578,637;576,637;575,637;574,637;573,636;572,636;570,635;568,634;567,634;566,634;564,634;563,633;562,633;560,632;559,631;558,631;557,631;556,631;555,630;553,630;552,629;550,629;549,629;548,628;547,628;547,627;546,627;545,627;544,626;544,625;542,625;541,624;539,624;538,623;535,623;535,622;534,622;533,621;532,620;531,620;531,619;530,619;529,618;528,618;527,617;524,617;524,616;523,616;523,615;522,614;522,613;521,612;520,612;519,611;517,610;517,609;514,609;513,607;511,607;510,606;509,606;509,605;508,605;507,604;506,604;505,603;504,603;502,602;501,601;500,601;499,601;498,601;497,600;496,600;495,599;494,599;493,599;493,598;492,598;490,598;489,596;488,595;487,595;486,595;485,595;484,595;483,595;482,595;481,595;479,595;477,595;476,595;475,595;474,595;473,595;472,595;472,596;471,596;469,597;467,598;467,599;466,599;466,600;466,601;466,602;466,603;465,603;465,604;465,605;465,606;465,607;465,608;465,609;465,610;465,611;465,612;465,613;465,614;465,615;465,616;465,617;465,618;465,620;465,621;464,622;463,624;463,626;463,627;462,627;461,629;460,629;460,630;459,631;459,632;458,632;457,632;457,633;457,634;455,634;454,634;454,635;452,635;451,635;450,635;449,635;448,635;448,636;447,636;446,637;445,638;443,640;442,640;442,642;442,643;441,645;441,646;441,647;441,648;441,649;441,650;441,651;441,652;441,653;441,654;441,655;441,656;441,657;441,658;442,659;443,660;443,661;444,661;445,663;446,663;447,663;448,663;448,664;448,665;449,665;450,666;452,667;454,667;455,667;456,668;457,668;458,668;459,669;460,669;461,669;462,670;463,671;464,672;466,672;467,673;468,673;468,674;469,675;470,676;470,677;471,677;471,678;471,679;471,680;472,680;473,682;473,683;474,683;476,685;477,686;477,687;478,687;479,687;480,687;480,688;480,689;481,689;482,690;483,691;484,691;484,692;485,692;486,693;487,693;487,694;488,695;488,696;488,697;488,698;488,699;488,700;488,701;488,702;487,702;486,704;486,705;486,706;486,707;485,707;485,708;484,708;483,709;483,710;483,711;483,712;482,712;482,713;481,714;481,715;480,715;480,716;480,717;480,718;479,719;479,720;478,721;478,722;477,722;476,724;476,725;476,726;475,726;475,728;475,729;475,730;474,731;473,732;473,733;472,733;472,734;471,735;471,736;470,737;469,737;468,739;467,739;467,740;466,741;466,742;466,743;466,744;465,745;465,746;465,747;465,748;465,749;465,750;465,751;465,753;465,754;465,755;465,756;465,757;465,758;465,759;465,761;465,762;466,763;467,764;467,765;467,766;468,767;469,768;470,769;471,770;473,771;473,772;473,773;474,773;474,774;475,774;476,775;477,776;478,776;478,777;478,778;478,779;478,780;479,780;479,781;479,782;479,783;479,784;479,785;479,786;479,788;478,788;477,789;476,791;476,792;475,793;474,794;473,795;472,796;472,797;472,798;470,798;469,798;469,799;468,799;467,800;466,800;466,801;464,802;463,802;463,804;462,804;461,805;460,805;460,806;459,807;458,807;457,807;457,808;455,808;454,810;454,811;453,811;452,812;451,813;450,813;450,814;449,814;448,814;448,816;447,816;446,816;445,817;444,817;443,817;442,817;442,818;441,818;440,819;438,820;437,820;436,821;435,822;434,822;433,822;432,822;431,822;430,822;429,822;428,822;427,822;426,822;425,822;424,822;422,822;419,821;418,820;416,820;414,820;414,819;413,819;412,819;410,819;408,818;407,818;406,817;405,817;404,817;403,817;402,816;401,816;401,815;399,815;398,815;397,814;396,814;395,813;394,813;393,813;392,813;392,812;391,812;391,810;389,809;388,808;387,808;386,808;386,807;385,807;384,806;383,806;383,804;383,803;383,801;383,800;383,799;383,797;383,796;383,795;383,794;383,793;383,792;383,791;383,790;383,789;383,788;383,787;383,786;383,785;383,784;383,783;383,782;383,781;383,779;383,778;383,777;384,776;384,775;384,773;385,773;385,772;385,771;385,770;387,769;388,769;388,768;388,767;388,766;388,765;389,763;389,762;389,760;390,759;391,758;391,757;391,756;391,755;391,754;391,753;392,752;392,751;392,750;392,749;393,748;393,747;394,746;394,744;395,743;395,742;395,741;396,740;397,740;398,739;399,738;399,737;400,737;401,736;401,735;402,734;402,733;403,733;404,732;405,731;406,731;407,730;407,729;408,729;409,728;410,727;411,726;412,725;412,724;413,723;414,722;414,721;415,720;415,719;416,719;417,717;418,717;419,716;420,716;421,715;422,715;423,714;424,713;425,712;426,712;427,712;427,711;427,710;428,710;429,710;430,709;431,709;432,708;433,708;434,708;435,707;436,706;438,704;440,703;441,703;442,702;443,702;444,702;445,702;446,701;447,701;449,701;450,701;451,700;453,700;454,699;455,699;457,698;458,697;459,697;459,696;460,696;461,696;463,695;463,694;463,693;463,692;463,691;463,690;462,689;462,688;461,687;461,686;459,685;458,685;457,685;456,685;455,685;453,685;452,685;451,685;450,685;449,685;448,685;446,685;445,685;443,685;442,685;441,685;441,686;440,686;439,686;438,688;437,688;436,688;435,688;434,689;433,689;432,691;431,691;430,692;429,692;428,693;427,694;427,695;426,696;426,697;424,698;423,698;422,699;421,699;421,700;421,701;420,701;419,702;419,703;419,704;419,705;419,706;419,708;419,709;418,710;417,711;417,712;416,712;416,713;416,714;415,714;413,714;412,714;411,714;410,714;410,715;409,715;408,715;408,716;407,716;406,716;405,717;403,717;402,718;401,718;400,718;399,718;398,720;397,720;396,720;395,719;394,719;393,719;392,718;391,718;390,718;389,718;388,718;387,718;386,718;385,718;384,718;383,718;382,718;381,718;380,718;379,718;378,718;377,718;376,718;375,718;374,718;373,718;372,718;371,718;369,718;368,718;368,720;367,721;367,722;366,722;366,724;365,725;365,726;365,727;364,728;364,729;363,730;362,731;362,732;361,732;
Stroma; POLYGON; 128, 128, 128; 356,709;357,708;358,707;359,706;360,705;361,705;361,704;362,703;363,702;364,702;365,701;366,700;368,700;369,699;370,699;372,699;372,698;373,698;374,698;375,697;376,696;377,696;378,696;379,695;380,695;381,695;382,695;382,694;383,694;385,694;386,694;387,694;388,694;389,694;390,694;391,694;392,694;393,694;394,694;395,694;396,694;398,694;399,694;400,694;401,694;402,694;403,694;404,694;405,694;406,694;408,694;409,694;410,694;411,694;412,694;413,694;414,694;415,694;416,694;416,695;416,696;417,696;418,696;419,696;420,697;421,697;422,697;422,698;423,698;424,699;424,700;425,701;425,702;426,702;427,702;428,702;430,702;431,702;432,702;433,702;434,702;435,702;436,702;437,702;439,702;440,702;441,702;442,702;443,702;444,702;445,702;447,702;448,701;449,701;450,701;452,701;453,700;454,700;455,700;455,699;456,699;457,697;458,697;459,696;460,695;461,695;462,694;463,694;464,694;465,694;465,693;466,693;468,691;468,690;469,690;470,690;472,690;473,690;474,689;476,688;477,688;479,688;480,688;481,688;482,688;483,688;483,687;484,687;484,685;485,685;486,684;486,683;486,682;486,681;486,679;486,678;486,677;487,676;487,675;487,674;487,673;487,672;487,671;487,670;487,669;487,668;487,666;487,665;487,664;487,662;487,661;487,660;487,659;487,658;487,657;487,656;487,655;487,654;487,653;487,652;487,651;487,650;486,649;485,647;485,646;485,645;484,645;483,644;482,643;481,642;480,642;480,641;478,640;477,640;476,639;475,639;474,639;473,639;472,639;471,638;470,638;469,638;468,638;467,638;466,638;465,638;464,638;463,638;462,638;461,637;460,637;459,637;458,637;457,637;455,637;454,637;453,637;451,637;450,637;449,637;448,637;447,637;447,636;446,636;445,636;444,636;443,636;442,636;441,636;440,635;439,635;438,635;437,635;436,634;435,634;434,634;433,634;431,634;430,634;429,634;428,634;427,634;426,634;425,634;424,634;423,634;422,634;420,634;419,634;418,634;417,634;416,634;415,634;414,634;413,634;412,634;411,633;410,633;409,633;408,633;407,632;406,631;405,631;405,630;403,630;401,628;399,626;398,625;397,623;396,622;395,622;394,622;393,622;392,622;391,622;390,622;389,622;388,622;387,622;386,623;385,624;384,624;383,624;383,625;382,625;382,626;381,627;381,628;380,629;380,630;379,631;379,632;379,633;379,634;378,635;377,635;376,636;375,637;374,637;373,637;372,637;371,637;371,638;370,638;369,638;368,638;367,638;366,638;365,638;364,638;363,638;362,638;361,638;360,638;359,638;359,640;358,641;357,642;357,643;357,644;356,645;356,646;355,647;354,648;354,649;353,649;352,651;352,652;352,653;352,654;352,655;352,656;352,657;352,658;352,659;352,660;352,661;350,664;349,665;349,666;349,667;348,667;348,668;347,669;347,670;346,670;346,671;345,671;345,672;344,672;344,673;343,673;342,673;341,673;339,673;338,673;337,673;336,673;335,673;334,674;333,674;332,674;331,674;330,674;329,674;328,675;327,676;326,676;325,676;324,676;322,677;321,677;320,679;319,680;319,682;319,683;319,684;319,685;319,686;319,687;319,688;319,690;320,690;320,691;321,691;321,692;322,692;322,693;323,694;324,696;325,696;325,697;326,697;326,698;327,699;329,700;330,700;331,700;332,700;333,700;335,701;336,701;337,702;338,702;340,703;341,704;342,704;343,705;344,706;344,707;345,707;346,708;347,709;348,709;349,709;350,709;351,709;352,709;353,709;
Stroma; POLYGON; 128, 128, 128; 471,602;470,602;469,602;468,602;467,602;467,601;467,599;466,599;466,598;466,597;466,596;466,595;466,594;466,593;466,592;466,591;466,590;466,588;465,588;465,587;464,586;463,585;462,585;461,585;460,585;459,585;458,585;456,585;455,585;454,585;453,585;452,585;451,585;450,585;449,585;447,585;446,585;445,585;444,585;443,585;442,585;441,585;440,585;439,585;438,585;437,585;436,585;435,585;434,585;433,585;432,585;431,586;430,586;429,586;428,586;427,586;426,586;425,586;424,586;423,586;422,586;421,586;421,585;421,583;421,582;421,581;421,580;421,579;421,578;421,577;420,576;420,575;420,574;419,573;418,572;417,571;416,570;415,570;415,569;414,569;413,569;412,568;411,568;410,568;409,568;408,568;407,568;405,568;404,569;404,570;403,571;402,571;402,572;402,573;402,574;402,575;402,576;401,576;401,577;401,578;400,579;399,580;399,581;398,582;397,583;396,583;395,583;392,584;391,584;390,584;389,584;389,585;388,585;387,586;387,587;386,587;384,587;383,588;382,589;381,589;380,589;379,589;378,589;377,589;376,589;375,589;374,589;373,589;371,589;370,589;369,589;368,589;367,589;366,589;365,589;364,589;362,588;360,588;358,588;357,587;356,587;355,587;354,587;353,587;352,587;351,587;350,587;349,587;347,587;346,587;345,587;344,587;343,587;341,587;339,587;337,587;336,587;335,587;334,587;333,587;332,586;330,586;328,586;326,586;325,586;323,586;321,586;320,586;317,586;316,586;315,586;314,586;313,586;312,586;311,586;309,586;308,586;310,586;311,586;312,586;313,585;314,585;315,585;317,584;319,583;320,582;320,581;321,581;321,580;322,580;323,579;324,577;324,576;325,576;325,575;326,575;327,574;327,573;328,572;328,571;329,570;330,570;331,569;331,568;332,567;333,566;333,565;333,564;333,563;334,562;334,560;335,559;335,558;336,557;336,556;337,556;337,555;338,553;338,552;338,551;338,550;339,549;339,548;339,547;339,546;339,545;338,545;337,545;336,545;335,545;334,545;333,545;332,545;331,545;330,545;328,545;327,545;326,545;325,545;324,545;323,545;322,545;320,545;319,545;318,544;317,544;316,544;316,543;315,543;315,542;315,540;314,539;313,538;313,537;312,536;313,536;314,536;315,536;316,536;317,536;318,536;319,535;320,534;321,533;322,533;323,532;324,531;325,531;325,530;326,529;328,529;329,528;330,528;331,528;332,527;333,527;334,527;334,526;335,526;335,525;336,523;336,522;336,521;336,520;337,520;337,519;337,518;338,518;338,517;338,516;338,515;338,514;339,513;339,512;339,510;340,509;340,508;340,507;340,506;340,505;340,504;341,503;342,503;343,502;343,501;344,500;344,499;345,499;345,498;345,497;346,496;346,495;347,494;348,493;348,492;349,491;350,491;351,491;353,491;353,492;354,493;355,494;356,494;356,495;357,495;358,496;358,497;358,498;359,498;361,498;362,498;363,498;364,498;365,498;366,499;368,500;369,500;370,500;371,500;371,501;372,501;372,502;373,503;373,504;374,504;375,505;377,506;377,507;378,507;380,507;380,508;381,510;381,511;382,512;383,512;384,512;384,513;385,513;387,514;388,514;389,515;390,516;390,517;391,517;392,517;393,518;394,519;394,520;395,521;395,522;396,523;396,524;397,524;398,525;399,526;399,527;399,528;400,528;400,529;401,529;401,530;401,531;402,531;402,532;402,533;403,533;403,534;403,535;403,536;403,537;404,538;404,539;404,540;404,541;404,542;406,543;407,544;408,545;409,546;410,547;410,548;411,548;412,549;413,549;413,550;415,551;416,552;417,552;418,552;418,553;419,553;419,554;420,554;421,554;422,554;423,554;424,555;425,555;426,555;427,556;428,556;428,557;429,558;429,559;430,560;431,560;432,561;432,562;433,563;434,563;434,564;435,565;436,566;437,566;438,567;439,567;439,568;440,568;441,568;441,570;443,571;444,571;445,572;445,573;446,573;447,573;447,574;448,574;449,574;450,576;450,577;451,577;451,578;452,578;455,580;456,580;457,580;458,582;459,583;459,584;460,584;461,585;462,585;463,586;465,587;466,587;467,588;468,588;470,589;472,590;473,590;474,590;474,591;475,591;476,591;477,592;478,593;479,593;479,594;480,594;481,595;482,596;483,597;487,600;490,600;492,602;494,604;495,605;495,607;495,608;495,609;495,610;495,611;495,612;495,613;495,614;494,614;493,614;491,614;489,614;488,614;487,614;486,614;484,614;483,613;482,612;480,612;479,612;478,612;476,610;475,609;475,608;475,607;475,606;474,606;474,605;473,604;473,603;472,602;472,601;471,600;469,600;468,599;467,599;467,598;466,598;465,597;
Stroma; POLYGON; 128, 128, 128; 340,729;339,729;338,729;337,729;336,729;335,729;334,729;333,729;332,729;331,729;330,729;329,729;327,729;326,729;325,729;324,729;323,729;322,729;321,729;320,729;319,729;318,730;317,731;316,731;315,731;314,731;313,732;312,732;311,733;310,733;310,734;309,734;308,735;307,736;306,737;305,737;304,737;304,738;303,738;302,739;302,740;301,740;300,741;299,741;298,741;296,742;295,742;294,742;292,742;291,742;290,742;288,742;288,741;287,741;286,741;285,740;285,739;284,738;284,737;283,736;283,735;283,734;283,733;282,733;281,733;281,731;280,731;280,730;280,729;279,727;279,726;279,725;278,725;277,724;277,723;276,722;276,721;275,721;274,719;274,718;274,717;274,716;273,716;273,715;272,715;271,714;270,713;270,712;269,711;268,710;267,709;266,708;264,706;264,705;263,704;263,703;263,701;263,700;263,699;262,698;262,697;262,696;262,695;262,694;262,693;262,692;262,691;262,690;262,689;262,688;261,688;261,687;261,686;260,686;260,685;259,685;258,684;258,683;258,682;257,682;257,680;256,678;256,677;256,675;256,674;255,674;255,673;255,672;254,672;254,671;253,671;252,671;251,671;250,671;248,671;247,671;246,671;245,671;244,671;243,671;242,671;241,671;240,671;239,671;238,671;237,671;237,672;235,672;235,673;235,674;234,675;234,676;234,677;234,678;233,679;233,680;233,682;232,684;232,685;232,687;232,688;232,689;232,690;232,691;232,693;232,694;231,695;230,695;230,696;230,697;229,698;229,699;229,700;229,701;228,703;228,704;227,705;227,706;227,707;226,709;226,710;226,711;224,713;224,714;223,715;222,717;221,717;221,719;219,720;219,721;218,721;216,721;215,721;214,721;210,721;208,720;207,719;205,717;204,716;203,714;202,712;200,711;197,706;197,705;197,704;196,703;196,700;196,699;196,696;196,693;196,692;196,690;195,687;195,685;195,683;195,681;195,680;195,678;195,677;197,675;198,675;200,674;201,674;204,673;206,672;207,672;208,671;211,671;212,669;213,668;215,667;218,666;220,666;222,666;224,666;227,666;228,665;228,664;229,664;230,664;230,663;231,663;233,663;235,663;236,663;237,663;239,662;240,662;240,661;241,661;241,660;242,660;244,658;245,657;246,656;247,656;247,655;248,655;249,655;251,655;252,655;253,655;254,655;256,655;260,658;261,658;264,660;265,660;266,661;267,662;269,663;270,665;270,666;271,668;273,671;275,673;276,673;277,674;278,675;279,676;280,677;281,677;282,678;283,678;284,679;286,681;287,682;289,683;290,684;292,685;294,685;297,687;298,687;299,687;301,688;302,689;304,689;305,689;306,690;306,691;307,691;308,692;309,692;310,694;312,696;313,697;315,697;317,699;318,701;319,701;320,703;321,703;322,704;323,706;324,707;326,708;329,708;329,709;330,710;331,711;332,711;334,713;335,714;336,715;338,715;339,715;339,716;340,716;341,716;342,717;343,717;344,717;345,719;347,721;348,722;347,722;346,723;345,723;345,725;345,726;344,726;344,727;344,728;344,729;344,730;
Artery; POLYGON; 237, 28, 36; 543,351;542,351;541,352;541,353;540,353;539,353;537,354;536,354;536,355;535,355;534,355;533,355;532,356;531,356;530,356;529,356;528,356;526,357;525,357;524,357;523,357;522,357;521,358;520,358;519,358;518,359;517,359;515,359;514,360;513,360;512,360;511,361;509,362;508,362;507,363;506,363;505,364;504,364;503,364;502,364;501,364;500,364;499,364;498,364;497,364;496,364;495,364;494,364;494,363;494,362;494,361;494,359;494,357;494,356;494,355;494,354;494,353;494,352;494,350;494,349;494,348;495,346;496,346;496,344;497,344;498,343;499,343;501,342;503,341;504,341;505,340;506,340;507,340;507,339;507,338;508,338;509,337;510,337;510,336;511,335;511,334;511,332;511,331;511,330;510,330;509,330;505,330;503,330;500,330;497,330;495,330;492,330;488,330;485,330;482,330;478,330;474,330;471,330;471,331;470,331;469,333;467,334;467,335;466,336;465,338;465,339;465,340;464,341;464,342;464,343;464,345;464,346;464,348;464,350;464,352;464,353;464,355;464,356;464,357;464,358;464,359;464,361;464,362;464,363;466,364;466,365;467,367;468,368;468,369;469,370;470,371;471,372;472,372;473,373;473,374;474,374;475,375;476,375;477,375;479,376;480,376;481,376;484,377;486,378;487,379;489,379;490,379;492,379;495,379;497,379;500,379;502,379;503,379;504,379;505,379;507,379;508,379;509,379;511,379;512,379;514,379;515,379;518,379;520,379;521,379;522,379;523,379;524,379;526,378;528,377;530,376;532,375;533,375;535,373;537,372;538,371;539,371;541,371;541,370;542,370;543,370;544,367;545,367;545,366;546,365;548,365;548,364;549,364;551,364;553,362;554,362;556,360;557,360;559,360;560,359;561,359;561,358;563,358;564,357;565,357;567,357;567,355;570,355;571,355;571,354;572,354;573,354;573,353;576,352;577,352;578,352;579,352;582,352;583,351;585,350;585,349;586,349;588,349;589,349;590,349;591,349;592,349;593,348;594,348;595,347;596,347;596,346;599,345;600,345;601,343;603,341;605,339;606,338;608,336;610,335;611,335;612,334;613,334;614,334;614,333;615,332;615,330;615,329;615,328;614,328;613,328;612,328;611,328;610,328;609,328;608,328;607,328;606,327;605,326;604,326;603,326;602,326;601,326;600,326;599,326;598,326;597,326;596,326;595,326;594,326;594,327;593,327;592,328;591,328;591,329;589,330;588,330;587,330;586,330;586,331;585,331;584,332;583,333;583,334;583,335;582,336;581,336;581,337;580,337;579,338;578,338;576,338;575,338;573,338;572,339;571,339;570,340;569,340;568,340;567,340;566,340;566,341;565,341;564,341;563,341;562,341;561,341;561,342;560,342;559,342;558,342;556,343;555,343;554,343;552,344;550,345;549,345;548,347;547,347;546,347;546,348;545,348;544,348;543,348;542,349;541,349;540,349;540,350;539,351;538,352;537,352;536,352;536,353;534,353;533,354;532,354;530,355;
Artery; POLYGON; 237, 28, 36; 272,455;270,456;270,457;268,458;267,458;266,458;265,459;264,459;263,459;262,461;261,461;259,462;257,463;256,464;254,464;254,465;253,465;252,465;250,466;250,467;248,467;247,467;246,467;244,467;242,467;241,468;240,468;239,468;238,468;237,468;236,469;235,470;235,471;234,471;232,471;232,472;231,472;230,472;229,472;227,473;227,474;226,474;225,474;224,474;222,474;221,474;220,474;219,474;219,475;218,475;217,475;216,475;215,475;214,476;212,476;211,476;210,476;208,476;207,476;206,477;205,477;204,477;203,477;202,477;201,477;200,477;199,478;198,478;197,478;195,478;194,478;194,479;193,479;192,479;191,479;190,480;188,480;187,480;187,481;186,481;185,482;184,482;183,482;182,483;181,483;180,484;179,484;178,484;178,485;177,486;176,487;175,488;174,489;173,489;173,490;173,491;173,492;173,493;173,494;174,494;176,494;178,495;181,495;183,495;185,495;188,495;192,495;196,495;198,495;200,495;202,495;204,495;206,494;207,494;210,494;211,493;212,493;214,493;217,492;219,492;219,491;223,490;224,489;225,488;227,487;229,485;230,485;233,485;235,484;236,483;237,483;238,483;238,482;239,481;240,481;241,480;245,478;246,478;248,476;250,476;252,475;253,474;254,474;255,474;257,474;259,473;260,472;261,472;263,470;264,470;265,469;268,469;269,468;270,468;271,468;272,467;273,466;274,466;275,466;277,465;278,465;280,464;280,463;281,462;281,460;281,459;281,458;281,457;281,456;281,455;281,454;281,453;280,452;279,452;278,452;277,452;276,452;275,452;273,452;
Artery; POLYGON; 237, 28, 36; 909,272;909,273;909,274;909,275;909,276;909,277;909,278;909,279;909,281;909,282;909,283;909,284;909,285;909,287;909,288;909,289;909,290;909,291;909,292;909,293;909,294;908,295;907,296;906,297;905,298;905,299;904,300;903,300;902,300;902,301;900,301;899,301;899,302;898,302;897,302;897,303;897,305;897,306;896,306;895,307;894,308;893,308;892,309;892,310;892,311;891,311;891,312;889,312;888,313;888,314;888,315;888,316;888,317;888,318;888,319;888,320;887,321;887,322;887,323;887,324;886,325;886,326;885,327;885,328;885,329;884,330;883,331;883,332;883,333;882,334;882,335;881,336;881,337;879,337;878,337;877,338;876,338;875,338;874,339;873,339;872,339;871,339;870,339;869,338;869,336;869,334;868,332;868,331;868,329;868,328;868,326;868,325;868,323;868,322;868,320;868,318;868,315;869,315;870,313;871,312;871,311;872,309;874,308;874,307;875,306;875,305;876,304;877,303;878,302;878,301;878,300;878,298;879,298;879,297;879,296;880,294;880,291;881,290;882,290;883,289;883,288;884,288;884,287;885,286;885,285;886,285;888,284;889,284;891,282;892,282;892,281;893,281;893,280;894,280;895,279;896,279;898,279;899,279;900,279;900,278;901,278;902,277;903,277;904,277;905,277;906,276;907,275;907,274;908,273;909,273;910,272;910,271;910,270;911,270;
Artery; POLYGON; 237, 28, 36; 917,126;917,125;916,126;915,127;914,127;913,127;912,129;911,129;911,130;910,131;910,132;909,132;909,133;908,133;907,133;906,133;905,133;903,135;902,135;902,136;901,136;900,137;899,138;898,139;897,139;896,139;895,139;894,140;893,140;892,140;891,140;889,141;888,142;888,143;887,143;886,143;885,143;884,144;883,144;882,144;881,144;880,144;879,144;878,144;878,145;876,145;875,145;874,145;873,146;872,146;869,147;868,147;867,147;866,147;865,147;865,149;864,149;863,149;863,150;862,150;861,150;860,150;859,150;859,151;857,151;856,152;855,152;854,152;854,153;853,154;851,155;851,156;850,156;849,156;848,156;847,156;847,157;846,157;845,157;844,158;843,158;842,158;841,159;840,159;839,160;838,161;837,161;835,161;834,161;834,162;832,162;831,162;830,162;829,162;827,163;826,163;824,164;823,164;822,164;821,164;820,164;819,164;818,165;817,165;816,165;815,166;815,167;813,167;812,167;811,168;810,168;809,168;807,168;806,168;805,169;804,169;803,170;802,170;801,170;800,170;799,170;799,171;798,172;797,172;797,173;796,173;795,173;793,175;792,175;792,176;791,176;789,176;788,176;788,177;787,177;786,179;785,179;784,179;784,180;783,180;782,181;781,181;780,181;780,182;779,182;778,182;777,182;776,183;775,183;774,184;774,185;772,185;771,185;771,186;770,186;770,187;769,187;768,187;767,188;766,188;765,188;764,188;763,188;761,188;760,188;759,188;758,190;757,190;756,190;754,190;753,190;752,190;751,190;750,190;747,192;746,192;745,192;744,192;742,193;741,194;740,195;739,195;738,195;737,195;736,196;734,197;733,197;731,197;730,198;728,199;727,199;726,199;725,199;724,200;723,200;722,200;721,202;720,202;718,202;717,203;716,204;715,204;714,204;713,204;712,204;710,205;708,206;707,206;706,207;705,209;705,210;705,211;705,212;705,213;705,215;705,217;705,221;705,222;705,223;705,224;707,225;708,225;710,227;713,227;716,227;720,227;723,227;725,227;728,227;731,227;732,227;734,226;736,226;740,224;742,224;745,220;747,219;749,218;751,217;754,214;757,213;760,211;764,209;769,207;773,206;778,204;781,202;784,201;788,200;791,199;793,198;796,197;799,195;802,194;805,192;808,191;810,190;813,188;815,187;818,187;821,186;823,185;826,184;827,184;827,183;830,183;832,182;833,182;835,180;838,178;840,178;842,177;844,177;846,176;848,174;851,174;853,171;855,171;856,170;857,169;859,169;859,167;863,165;865,165;867,163;869,163;871,162;874,160;877,160;879,157;880,156;881,155;882,155;883,153;883,152;885,151;887,151;888,150;889,149;892,147;893,146;894,145;895,144;896,143;897,143;899,142;901,140;903,140;904,139;906,139;906,138;907,137;908,137;909,135;910,134;912,133;914,133;916,131;918,130;920,130;921,129;921,128;923,128;924,128;924,127;922,127;921,127;920,127;919,127;918,127;917,127;916,127;915,127;915,128;
Stroma; POLYGON; 128, 128, 128; 263,702;262,702;262,700;261,699;261,698;260,697;260,696;259,696;259,695;258,694;258,693;257,692;256,691;254,690;253,690;253,689;253,687;253,686;252,685;252,684;252,683;252,682;252,681;252,680;253,679;254,679;255,679;255,678;256,678;257,678;258,678;259,677;260,677;261,677;262,677;265,677;266,677;267,677;268,678;269,679;269,681;269,682;269,683;269,684;269,685;269,686;269,687;269,688;269,689;269,690;269,691;269,692;269,693;269,694;268,694;268,695;268,696;267,696;266,697;265,697;264,697;263,698;262,698;261,698;261,699;261,700;259,700;258,700;257,701;
Stroma; POLYGON; 128, 128, 128; 32,686;32,687;32,688;33,690;33,691;33,692;34,693;35,693;37,695;37,696;38,696;39,696;40,696;41,696;42,697;43,697;44,697;45,697;46,697;47,697;48,697;49,697;50,697;51,697;52,697;53,696;53,695;55,695;57,695;57,694;58,694;60,692;61,692;61,691;62,691;63,689;64,688;65,687;65,686;66,686;67,685;68,683;68,682;69,682;70,681;71,681;72,680;72,679;73,679;73,678;73,677;74,676;75,675;76,674;77,674;77,673;77,672;78,671;79,670;80,670;81,669;81,668;83,668;83,667;84,666;84,665;84,664;84,663;85,662;85,661;85,660;86,658;86,657;86,656;87,654;88,653;88,650;88,649;88,646;88,645;88,644;88,642;88,641;88,640;88,639;88,638;88,637;88,635;88,633;87,632;86,632;86,631;84,631;83,630;82,630;81,630;80,630;79,630;78,630;77,630;75,630;
Stroma; POLYGON; 128, 128, 128; 145,187;146,187;147,188;147,189;147,190;148,191;149,192;150,192;151,193;152,194;152,195;153,195;153,196;153,197;153,198;153,200;153,201;152,202;150,202;149,202;149,203;148,203;147,203;146,204;145,204;146,205;147,205;147,206;149,208;150,208;151,208;152,209;154,209;155,210;156,210;157,210;158,211;160,211;160,212;161,213;162,213;163,214;164,214;165,215;166,215;167,215;167,216;168,217;168,218;169,219;169,220;169,222;169,223;169,224;169,225;169,226;169,227;170,228;172,228;174,228;175,229;176,229;178,229;179,231;180,232;182,232;183,233;184,234;185,235;185,236;185,237;186,237;186,238;187,239;189,239;189,240;190,240;191,241;193,242;194,242;194,243;195,243;196,244;197,244;200,245;201,246;203,246;205,247;206,247;207,247;208,247;210,247;211,247;212,247;214,247;215,247;217,247;219,246;221,245;223,243;225,241;226,240;227,239;228,236;228,235;229,234;231,230;232,229;233,228;234,225;234,223;235,221;235,220;235,218;235,216;235,215;235,214;235,212;235,211;235,210;235,209;235,207;235,206;235,205;
Specular reflection; POLYGON; 191, 91, 22; 420,955;419,955;418,956;418,958;417,959;416,959;416,960;416,961;416,962;416,963;416,965;420,966;421,966;422,966;423,966;424,966;425,966;426,966;427,966;428,966;429,966;430,966;431,966;433,966;433,965;434,965;435,965;436,965;437,965;438,965;440,964;441,964;443,963;445,963;446,962;447,962;449,961;451,960;452,959;453,959;454,959;455,958;457,958;458,957;459,957;460,956;461,956;463,956;464,955;465,955;467,954;467,953;469,952;470,952;470,951;471,951;472,951;473,951;474,951;475,951;476,951;477,951;479,950;480,950;481,950;483,950;484,949;485,949;486,948;488,948;488,947;489,947;490,946;491,946;492,946;493,946;495,945;496,945;497,945;499,944;500,944;501,944;502,944;504,944;505,944;506,943;507,943;508,942;510,942;511,941;512,941;513,941;514,941;515,940;516,940;517,940;518,940;520,940;521,940;522,940;523,939;524,939;525,939;525,938;526,938;527,938;528,938;528,937;528,936;529,936;530,936;531,936;531,935;532,935;534,935;535,934;536,934;537,934;538,934;539,934;541,934;541,933;542,933;543,933;544,933;545,933;547,933;548,933;549,932;550,932;552,932;552,931;553,931;554,930;555,930;556,930;557,929;558,929;559,929;560,929;561,928;562,928;563,928;564,928;564,927;565,927;566,927;566,926;567,925;568,925;569,925;570,925;571,925;572,925;573,924;574,923;575,923;576,923;577,922;578,922;580,921;580,920;581,918;582,918;583,917;583,916;583,915;583,914;583,913;583,912;584,911;584,910;584,908;584,907;584,906;584,905;584,904;584,903;584,902;584,901;584,900;584,899;584,898;584,897;584,896;584,895;584,894;584,893;584,892;584,891;584,890;584,889;584,888;584,887;584,886;584,885;584,884;584,883;584,882;584,881;584,880;583,880;582,880;581,880;580,880;579,880;578,880;577,880;576,880;575,880;574,880;573,880;572,880;571,880;570,880;569,880;568,880;567,880;566,880;565,881;565,882;564,882;563,884;563,885;561,886;561,887;560,888;559,889;558,889;557,890;556,890;555,890;554,891;553,891;552,891;551,891;549,892;548,893;547,893;546,893;545,894;544,895;543,895;542,895;541,895;540,895;540,896;539,896;537,896;535,896;533,896;532,896;531,896;530,896;529,896;528,896;527,896;526,896;525,896;524,896;523,896;522,896;521,896;520,896;519,896;518,896;517,897;516,897;515,897;515,898;514,898;513,898;511,898;510,900;509,901;508,901;507,901;506,901;505,902;504,902;503,903;502,904;501,904;500,905;500,906;499,906;498,906;497,906;495,907;494,907;493,908;492,908;491,908;490,909;490,910;489,910;487,912;486,912;485,912;484,913;483,913;482,913;481,913;480,913;479,914;478,914;476,914;475,914;473,914;471,914;469,915;468,915;467,915;466,915;465,915;463,915;462,915;461,915;460,915;457,915;455,915;453,915;452,915;451,915;450,915;449,916;449,917;447,918;447,919;446,919;446,920;445,920;445,921;444,922;443,923;443,924;442,925;442,926;441,926;440,927;439,929;439,930;437,930;436,932;435,932;434,933;433,933;432,934;430,936;430,937;429,938;428,939;427,939;427,940;426,942;426,943;426,944;426,945;425,946;424,948;424,949;424,950;423,952;422,952;421,953;420,955;420,956;419,957;418,958;
Artery; POLYGON; 237, 28, 36; 579,921;580,921;581,921;582,920;583,920;584,919;585,919;586,919;586,917;587,917;589,917;590,917;591,917;592,916;594,916;595,916;595,915;596,914;597,914;598,914;600,914;601,914;602,914;604,914;605,914;606,914;607,914;608,914;610,914;613,914;616,914;618,914;619,914;620,914;622,914;622,913;623,913;624,913;625,911;626,911;627,911;628,911;629,910;631,909;632,909;634,909;635,908;636,908;636,907;637,907;638,907;639,907;639,905;640,904;641,904;641,903;641,902;642,901;643,899;644,898;645,897;645,896;645,895;645,894;645,893;645,892;646,891;647,891;647,890;647,889;647,888;647,887;647,886;647,885;647,884;647,883;647,882;647,881;647,880;647,879;647,878;647,877;647,876;647,875;647,874;647,873;647,872;647,871;647,869;647,867;647,866;647,865;647,864;647,863;648,862;648,860;648,859;650,859;651,858;652,858;652,856;652,855;652,854;652,853;652,852;652,851;652,850;653,850;653,849;653,848;653,847;653,845;653,844;653,843;653,842;654,841;654,840;654,839;654,838;654,837;654,836;654,835;654,834;654,833;655,832;655,831;655,829;655,828;656,827;657,826;657,825;657,824;657,823;657,822;657,821;657,820;657,819;657,818;657,817;657,816;657,815;657,814;657,813;657,812;657,811;657,810;657,809;657,808;657,807;657,806;657,805;658,804;658,803;658,802;658,801;658,800;658,798;658,797;658,796;659,795;659,794;659,793;659,792;659,791;659,790;659,788;659,787;659,786;659,785;661,784;661,783;661,782;661,781;661,780;661,779;661,778;662,777;662,776;662,775;662,774;662,773;662,772;662,771;662,770;662,769;662,767;663,766;663,765;664,765;665,765;666,764;668,764;669,764;671,764;671,763;671,762;671,761;670,761;669,760;668,760;667,760;666,759;665,759;664,759;663,759;662,758;661,757;660,757;659,757;658,757;656,757;655,757;654,757;652,758;650,758;649,758;648,758;647,758;646,758;645,758;643,758;642,758;641,758;639,758;638,758;637,758;636,758;635,758;634,758;634,757;633,756;633,755;633,754;633,753;632,752;632,751;632,750;631,749;631,748;631,747;631,746;630,746;630,744;630,743;630,742;630,741;630,740;630,739;630,738;630,737;630,736;630,735;630,734;630,733;630,732;630,730;630,729;630,728;630,727;630,726;630,725;630,724;631,723;631,722;632,722;633,721;633,720;633,719;634,718;634,717;634,716;635,716;636,715;637,715;637,713;637,712;638,712;638,711;639,710;639,709;640,708;640,707;640,706;640,705;640,704;640,703;641,702;641,701;641,700;641,699;641,698;641,697;641,696;642,695;642,694;642,693;643,692;643,691;643,690;644,689;644,688;644,687;645,686;645,685;646,684;647,683;647,682;647,681;647,680;648,679;648,678;648,677;649,676;649,675;649,674;650,673;650,672;650,671;650,670;650,669;652,668;652,667;653,665;653,663;653,662;654,661;655,660;655,659;655,658;655,657;656,657;656,656;656,655;658,654;659,653;659,651;659,650;660,649;660,648;660,647;661,646;661,645;662,644;662,643;662,642;663,641;663,640;663,639;664,639;665,638;666,638;667,638;667,637;669,636;670,636;671,634;671,633;672,633;672,632;673,631;673,630;674,629;674,628;675,628;675,627;676,626;677,626;678,626;678,625;679,625;680,624;681,623;682,622;683,622;684,621;686,621;687,620;687,619;687,618;687,617;687,615;687,614;687,613;687,612;687,611;687,609;687,608;687,607;687,606;687,605;687,604;687,603;687,602;687,601;687,600;687,599;687,598;687,597;687,596;687,595;688,594;689,592;690,591;690,590;691,589;692,588;693,588;694,588;695,588;697,588;699,588;701,588;702,588;703,588;704,588;705,588;706,588;707,588;709,588;710,588;712,588;713,589;714,589;716,589;717,589;719,589;720,589;721,589;722,589;723,589;724,589;726,589;727,589;728,589;729,589;730,589;731,589;732,589;732,590;733,590;736,590;739,590;742,591;743,591;744,591;744,592;745,592;746,592;748,593;749,593;750,594;751,594;752,595;754,595;755,595;756,595;757,595;759,595;761,595;762,595;763,595;764,595;765,596;766,596;768,596;769,596;770,596;771,596;772,596;773,596;774,596;775,596;776,596;777,596;778,596;779,596;781,596;782,596;783,596;785,596;787,595;788,595;789,595;790,595;791,595;792,595;793,595;794,595;795,595;797,595;798,595;799,595;800,595;802,595;803,595;805,594;806,594;807,594;808,594;809,592;809,591;811,589;811,588;811,587;811,586;812,586;812,585;812,583;812,582;813,581;813,580;813,579;814,578;814,577;814,576;814,575;814,574;814,573;814,571;814,570;814,569;814,568;814,567;814,566;814,565;815,564;815,563;815,562;815,561;815,560;816,560;816,559;816,558;817,557;817,556;817,555;817,554;817,553;817,552;817,551;817,550;817,549;817,548;817,546;817,545;816,544;816,542;815,541;815,539;815,538;814,538;812,536;810,535;810,534;810,533;809,533;809,532;808,531;807,530;807,528;806,528;806,527;806,526;805,525;805,524;804,524;804,523;803,522;802,521;802,520;801,518;800,517;799,516;799,515;799,514;799,513;798,513;798,512;797,510;797,509;797,508;797,505;797,503;797,502;796,501;796,500;796,498;797,498;797,496;798,495;798,493;798,491;798,490;798,489;798,488;799,487;799,486;800,485;800,484;800,483;800,482;800,481;800,479;800,478;800,477;800,476;800,475;800,473;799,472;798,470;797,470;797,469;795,468;795,467;794,467;793,466;791,465;791,463;791,462;790,460;789,458;788,457;787,456;786,455;784,454;783,453;781,452;780,452;779,451;778,451;777,451;776,451;774,451;773,451;772,451;771,451;770,451;769,451;768,451;767,451;766,451;765,451;764,452;763,452;763,453;762,453;762,454;761,454;760,454;760,455;759,456;759,457;757,459;756,460;755,460;754,461;753,462;752,463;752,464;752,465;751,465;750,466;749,467;748,468;747,469;747,470;746,471;746,472;745,473;744,473;743,474;742,476;741,477;740,478;739,479;739,480;738,482;737,483;736,484;736,485;734,486;734,487;732,487;732,489;731,489;731,490;730,490;729,491;728,492;727,493;726,493;725,493;725,495;724,496;723,497;722,498;721,498;721,499;720,499;719,500;718,501;717,501;716,501;716,502;715,502;714,502;712,502;711,503;710,504;709,504;708,505;708,506;708,507;707,507;706,507;706,508;705,509;704,509;704,510;703,511;702,512;702,513;702,514;700,514;700,515;699,515;699,516;699,517;698,518;698,519;697,519;697,520;697,521;696,521;696,522;696,523;696,525;696,527;696,528;696,529;696,530;696,531;695,533;695,534;695,535;694,536;693,537;693,538;693,539;693,540;692,541;691,541;691,542;690,543;689,543;689,544;688,545;688,546;687,546;687,547;685,548;685,549;684,550;684,551;684,553;684,554;683,555;682,556;682,557;682,558;682,559;681,559;681,560;680,561;678,562;677,563;677,564;677,565;676,566;676,567;676,568;675,569;675,570;675,571;675,572;675,573;675,574;674,575;674,576;674,578;674,579;674,580;672,581;672,582;672,583;672,584;672,585;672,586;672,587;672,588;672,590;672,591;672,592;672,593;672,594;672,595;672,596;672,597;671,598;671,599;670,599;669,600;669,601;669,602;668,604;667,605;666,605;665,606;665,607;664,607;663,610;663,611;662,612;661,613;661,614;660,615;660,616;660,617;659,617;659,618;659,619;658,620;658,622;658,623;656,623;656,624;655,625;654,626;653,626;653,627;653,628;653,629;652,629;652,630;651,630;651,631;650,631;650,632;649,633;649,634;648,635;648,636;646,636;645,637;644,638;643,639;643,640;642,641;642,642;641,642;641,643;640,643;639,643;639,644;638,644;638,646;637,647;636,647;635,648;633,649;632,650;631,650;630,651;629,652;628,653;627,654;626,655;626,657;625,658;624,659;622,661;622,662;621,663;621,664;621,665;621,666;621,667;621,668;621,669;621,670;621,671;621,672;621,674;621,675;621,676;621,677;620,678;620,679;620,680;620,681;620,682;619,683;618,684;618,685;618,686;618,687;618,688;618,689;617,689;617,690;617,691;617,692;616,693;615,694;615,695;615,696;615,698;615,699;614,700;614,701;614,702;614,703;614,704;614,705;614,706;614,707;614,709;614,710;614,711;614,713;614,715;614,716;614,717;614,718;614,719;614,720;614,721;614,722;614,723;614,724;614,725;614,727;614,729;614,730;614,731;614,732;614,733;614,735;613,736;613,737;613,738;611,741;610,742;609,743;609,744;609,745;608,747;607,748;606,749;606,750;606,751;606,752;606,754;606,755;606,756;606,757;606,758;606,759;606,760;606,761;606,762;606,763;606,764;606,765;605,766;605,767;605,768;605,769;604,770;604,771;604,772;604,773;604,774;604,775;603,776;603,777;603,778;603,779;603,780;603,781;602,782;602,783;600,784;599,785;599,786;599,787;599,788;599,789;599,790;599,791;599,792;599,794;599,795;599,796;599,797;599,798;599,799;599,801;599,802;599,803;599,804;599,805;599,806;599,807;599,808;599,809;599,810;599,811;599,812;599,813;599,814;599,815;599,816;599,817;599,819;599,821;599,822;598,822;598,823;598,824;598,825;598,826;598,827;598,828;597,828;597,829;596,831;596,832;596,833;596,834;596,835;596,836;596,837;596,838;595,840;595,842;595,843;595,844;595,845;594,845;594,846;594,847;594,848;593,849;593,850;593,851;593,852;592,852;592,854;592,855;592,856;592,857;591,858;591,859;590,860;589,861;589,862;589,863;589,864;589,865;589,866;588,867;588,868;588,869;587,870;587,871;587,872;587,873;586,873;586,874;586,875;585,876;585,877;584,878;583,878;583,879;582,880;582,881;582,883;582,884;581,884;581,885;581,886;580,887;579,888;579,889;579,890;579,891;579,892;579,893;579,894;579,895;579,896;579,897;579,898;579,899;579,900;579,901;579,902;579,903;579,904;579,905;579,906;579,908;579,909;579,910;579,911;579,913;579,914;579,915;580,915;580,917;580,918;581,919;581,918;581,917;
Artery; POLYGON; 237, 28, 36; 671,622;672,622;673,622;674,623;675,623;676,625;677,626;677,627;677,628;678,628;679,629;679,630;679,631;679,632;679,633;679,635;679,636;678,637;678,638;677,638;676,639;675,640;674,640;673,640;672,640;671,641;670,642;670,643;669,644;668,644;667,644;666,645;665,646;665,647;664,648;664,649;663,650;663,651;663,652;663,653;662,654;662,655;662,656;661,657;660,657;660,658;660,659;659,659;658,659;658,661;657,661;657,662;656,663;656,664;656,665;656,667;656,668;655,668;655,669;655,670;655,673;655,674;654,675;654,676;653,678;653,679;653,681;653,682;652,683;652,685;652,686;652,687;651,687;651,688;650,689;650,690;650,691;649,692;649,693;648,694;647,695;647,697;647,698;646,698;646,699;646,700;646,701;645,701;645,702;644,703;644,704;643,705;643,706;643,707;642,708;641,710;641,711;640,712;639,713;638,714;637,716;636,717;635,717;635,718;635,719;635,720;634,720;634,721;634,722;634,723;633,723;633,724;632,726;632,727;631,729;630,730;629,731;629,733;629,734;628,735;628,736;627,738;627,739;627,740;627,742;627,743;627,744;626,745;625,746;625,748;625,749;625,750;624,751;623,752;623,754;622,755;622,756;621,756;621,755;621,754;621,751;621,749;621,748;621,746;621,745;621,744;621,742;621,741;621,740;621,739;621,738;622,737;622,736;624,735;625,734;625,733;625,732;625,730;626,729;627,728;628,727;628,726;628,725;629,724;629,723;630,722;630,721;630,719;630,718;631,716;632,714;632,713;632,712;633,710;634,709;635,707;636,705;636,704;637,703;638,701;638,700;638,699;638,698;639,697;640,695;640,694;640,693;640,692;641,690;641,689;642,688;643,687;643,686;643,684;645,682;645,681;647,678;647,676;647,675;647,674;648,672;649,671;649,670;650,667;651,666;651,665;653,664;653,663;653,661;654,659;655,658;656,656;658,654;658,653;660,652;660,651;661,651;661,649;662,648;663,646;664,645;665,644;666,642;666,641;667,640;669,637;669,636;669,635;670,635;671,634;671,633;672,632;672,631;674,629;675,628;676,627;676,626;676,625;677,625;677,624;677,623;677,622;676,622;
Artery; POLYGON; 237, 28, 36; 647,654;648,654;650,654;652,654;654,654;656,653;657,653;657,652;657,651;659,650;660,650;660,649;662,649;663,649;665,648;665,647;666,647;666,646;666,645;667,645;668,643;669,643;669,642;670,642;670,641;671,639;671,638;671,636;671,635;672,634;672,633;672,632;673,632;673,631;674,630;674,629;675,629;676,628;676,627;676,626;677,626;678,626;678,625;679,625;680,623;681,623;682,622;683,620;684,620;685,619;686,619;687,619;687,618;688,617;689,617;690,617;691,617;691,616;692,616;692,614;693,613;694,613;694,612;694,611;694,610;694,608;694,607;695,606;695,605;695,604;695,603;695,602;695,601;695,600;696,600;696,599;695,599;695,600;694,601;692,603;691,603;691,604;691,606;691,607;690,608;689,609;688,610;686,612;685,612;684,613;683,613;682,614;681,614;680,614;679,614;678,615;677,615;
Artery; POLYGON; 237, 28, 36; 628,709;628,710;628,711;628,712;628,713;628,714;628,716;628,717;628,718;628,719;628,720;628,721;628,722;628,723;628,724;628,725;628,726;628,727;628,728;628,729;628,730;628,731;628,732;628,733;628,734;628,735;628,736;628,737;628,739;628,740;628,741;628,742;628,743;628,745;628,746;628,748;628,749;628,750;628,751;628,752;628,753;628,754;628,755;628,757;628,758;628,759;628,760;628,761;628,762;628,763;628,764;628,765;628,766;628,767;628,768;628,769;630,769;631,769;632,769;633,769;634,769;635,769;636,769;637,769;638,769;638,768;638,767;638,766;638,765;638,764;638,763;638,762;638,761;638,760;
Artery; POLYGON; 237, 28, 36; 746,598;745,598;745,599;747,600;749,600;750,600;751,600;752,601;753,601;755,602;756,602;758,602;759,602;759,603;761,604;763,604;764,606;765,606;766,606;767,606;768,606;769,606;770,607;772,607;773,607;775,607;776,607;777,607;778,607;779,607;779,606;779,605;779,603;779,601;779,600;779,598;779,597;779,596;779,595;779,594;779,591;779,589;779,588;779,586;779,585;779,584;779,583;779,581;779,580;779,579;778,577;778,575;777,574;776,573;776,572;776,570;776,569;776,568;775,568;774,568;773,567;773,566;772,565;772,564;771,564;770,564;768,564;766,564;765,564;764,564;763,564;761,562;760,562;759,562;758,562;757,562;756,562;755,562;754,562;
Artery; POLYGON; 237, 28, 36; 911,232;911,233;911,235;911,236;911,237;911,238;911,239;911,241;911,242;911,243;911,244;911,245;910,246;910,247;910,249;908,250;908,251;907,252;907,253;908,253;909,253;910,253;911,253;912,253;913,253;913,254;914,254;915,254;916,254;917,254;919,254;920,255;921,255;922,255;923,255;924,255;925,255;926,255;927,255;929,255;930,255;931,255;932,255;933,255;934,255;936,255;937,255;938,255;940,254;942,254;943,254;944,254;945,254;946,254;947,254;948,254;949,254;950,254;951,254;952,254;953,254;954,254;955,253;956,253;957,252;957,251;957,250;957,248;957,246;957,244;957,243;957,241;957,240;957,239;957,238;957,237;957,236;957,235;957,234;
Vein; POLYGON; 63, 72, 204; 671,577;671,578;671,579;670,579;669,580;668,581;667,581;666,581;665,581;664,581;663,581;661,581;660,581;658,581;656,581;655,581;653,581;653,580;652,580;651,580;650,580;648,580;647,580;645,580;644,580;643,580;642,580;641,580;640,580;639,580;638,580;637,580;635,580;632,579;631,579;630,579;629,579;628,579;627,579;626,579;625,579;624,579;623,579;621,579;620,579;619,579;618,579;617,579;616,579;615,579;614,579;613,579;612,579;611,579;610,579;608,579;606,579;605,579;604,579;603,579;601,579;600,579;599,579;597,579;596,579;596,580;595,581;594,581;594,582;593,583;593,584;593,585;593,587;594,588;594,589;594,590;595,591;595,593;596,594;598,595;600,596;602,597;603,598;604,599;605,600;606,600;607,601;608,601;611,602;612,604;615,604;618,606;619,606;620,607;622,607;623,607;624,607;624,608;625,608;625,609;625,610;625,611;625,613;624,614;623,615;621,618;620,619;619,620;618,620;617,620;616,620;615,620;614,620;613,620;612,620;610,620;609,620;608,620;607,620;604,620;602,620;600,620;599,620;598,620;597,620;596,620;595,620;594,620;593,620;591,620;590,620;588,620;586,621;586,622;585,622;584,623;584,624;583,624;582,625;581,626;580,627;579,627;578,627;577,627;576,627;574,627;573,627;572,627;571,627;570,627;569,627;567,627;566,627;565,627;564,627;563,627;562,627;561,627;560,627;559,627;557,627;556,627;555,626;554,626;553,625;552,625;551,625;549,623;548,622;547,622;544,621;544,620;542,620;541,619;541,618;540,617;538,615;537,614;536,614;536,611;532,608;531,605;529,601;528,598;528,595;528,593;528,591;528,588;528,586;528,585;528,582;528,580;528,579;528,576;528,575;529,573;529,572;530,570;533,568;533,567;536,562;537,560;538,560;540,557;541,556;543,555;544,555;546,554;548,553;551,553;554,553;559,552;563,552;566,551;569,550;571,549;574,549;577,549;580,549;583,548;586,547;590,546;591,544;593,544;595,544;598,543;602,543;603,543;605,543;608,543;611,543;612,543;614,542;616,540;617,540;619,540;622,539;624,538;625,538;627,538;630,538;631,538;635,538;640,538;643,538;644,538;645,538;647,538;648,538;649,538;650,538;651,538;652,538;653,538;654,538;655,538;656,538;657,538;658,538;659,538;662,539;
Vein; POLYGON; 63, 72, 204; 260,279;260,278;259,277;258,277;257,277;256,277;255,276;254,275;253,273;253,272;251,271;250,271;250,270;249,270;248,270;248,269;247,269;245,269;244,268;243,268;241,267;240,267;239,267;238,266;237,266;235,266;234,266;233,265;232,265;231,264;230,264;229,263;227,263;226,262;225,260;224,260;223,259;222,259;221,258;220,258;219,257;217,256;217,255;214,254;211,253;209,252;207,251;205,250;204,249;203,248;203,247;202,247;202,246;200,245;199,244;197,243;197,242;197,241;196,241;195,240;194,239;192,236;191,235;190,234;189,233;188,233;186,233;185,232;184,231;183,230;182,229;181,229;181,228;179,227;177,226;174,225;172,223;170,223;169,222;169,221;167,220;166,218;165,216;164,216;163,215;161,213;160,211;160,210;159,210;159,209;158,208;158,207;157,206;157,205;156,203;155,202;154,201;154,200;153,198;152,197;151,197;150,196;149,195;148,194;148,193;147,193;146,192;146,191;145,190;144,190;143,190;142,190;141,190;140,190;138,190;136,190;135,190;135,192;135,194;133,195;133,198;133,201;133,203;133,206;133,208;133,211;133,213;133,215;133,218;133,222;133,225;133,228;134,232;136,237;138,242;140,246;141,249;141,250;143,252;144,254;145,256;148,260;150,261;153,264;155,265;156,267;158,267;159,268;162,269;166,271;167,271;168,271;169,271;171,272;175,274;179,275;182,275;184,275;187,275;190,276;191,276;193,276;194,276;196,278;197,278;199,278;200,279;203,281;206,282;209,282;212,283;214,283;216,283;217,283;219,283;220,283;223,285;227,287;229,287;232,287;235,287;236,287;238,288;240,288;242,288;245,288;246,288;247,288;248,288;249,288;252,289;256,290;258,292;
Vein; POLYGON; 63, 72, 204; 287,364;288,365;289,366;290,366;290,367;292,368;293,369;293,368;295,368;296,368;297,368;298,367;299,366;300,365;301,365;303,365;304,365;305,365;306,365;307,363;308,363;309,363;310,362;311,362;313,361;314,361;315,361;316,361;317,361;318,361;318,360;319,360;321,360;322,360;324,360;325,360;326,360;327,359;328,358;329,358;330,358;331,357;332,357;333,357;334,357;335,357;336,356;337,355;338,355;339,354;340,352;340,351;341,351;342,350;343,350;345,349;347,349;348,349;349,349;351,349;352,349;353,348;354,348;355,348;357,348;359,348;360,348;361,348;362,348;363,346;364,346;365,346;366,346;367,346;368,346;369,346;370,346;370,345;372,345;373,345;374,345;375,345;376,345;377,345;378,345;378,344;380,344;382,343;384,343;385,343;386,342;388,341;388,340;389,340;390,340;392,340;393,340;393,339;394,339;395,339;395,338;396,338;397,338;398,337;399,337;399,336;400,336;401,335;401,334;401,333;401,332;400,331;400,330;399,330;398,330;397,330;396,330;395,330;394,330;393,330;392,330;390,330;389,329;388,329;386,328;385,327;384,327;384,326;382,326;380,325;380,324;378,323;378,322;377,321;376,320;375,319;373,317;371,315;369,313;368,312;366,311;365,310;364,309;363,309;363,308;362,307;360,306;359,306;358,306;356,305;354,303;353,303;352,303;351,303;350,303;349,303;347,303;345,303;343,303;342,303;340,304;338,304;337,304;333,305;331,305;328,306;325,307;324,307;321,307;320,307;317,307;315,307;312,307;309,308;308,308;307,310;305,311;304,312;303,312;301,314;300,316;296,318;295,320;294,321;292,323;291,325;290,327;288,330;288,331;286,333;285,333;285,334;284,334;
Vein; POLYGON; 63, 72, 204; 111,159;110,158;109,158;108,158;107,158;106,158;105,157;104,156;103,156;101,155;100,155;99,155;98,155;97,155;96,155;95,155;93,154;92,154;91,154;90,153;88,153;87,152;86,152;85,150;82,149;81,149;81,148;80,147;80,146;80,145;79,142;79,141;79,140;78,139;78,138;79,138;81,136;83,136;84,136;85,135;86,134;88,133;88,132;89,132;91,132;93,132;97,132;100,132;104,132;107,132;108,132;109,133;110,134;110,135;111,137;111,138;
