Specular reflection; POLYGON; 191, 91, 22; 284,19;283,19;282,19;281,19;280,19;279,19;277,20;276,20;275,21;274,21;273,21;271,21;270,21;270,22;268,23;268,24;267,25;267,26;267,27;267,28;267,29;267,30;267,31;267,33;267,34;267,35;268,36;268,37;268,38;269,39;270,40;270,41;271,42;272,42;273,42;273,45;275,47;276,47;277,48;278,49;280,51;281,51;282,51;283,53;284,54;285,54;286,54;286,55;287,56;288,57;289,57;289,58;290,59;291,60;292,60;292,62;292,63;293,64;293,65;294,66;294,67;294,68;294,69;294,70;295,70;295,71;295,72;295,73;295,74;295,75;296,76;297,76;297,77;297,78;298,80;299,80;299,81;299,82;300,82;300,83;300,84;301,84;301,86;301,87;302,87;303,88;303,89;304,90;304,91;305,92;306,94;307,95;307,96;309,98;310,99;310,100;310,102;311,102;312,104;312,105;313,105;313,107;314,108;315,110;316,110;316,111;317,111;317,112;319,114;320,117;320,118;321,118;321,119;322,120;323,121;323,123;324,123;324,125;325,126;326,127;327,128;327,129;328,130;329,131;330,132;332,133;333,134;334,135;334,136;335,137;336,138;337,138;338,139;339,140;339,141;340,142;342,143;344,144;345,146;346,146;347,146;347,147;348,149;349,149;350,150;351,151;352,151;353,152;354,152;356,153;356,154;357,155;358,156;359,156;359,157;360,157;360,158;361,158;361,159;362,159;363,159;363,161;364,161;366,161;366,162;367,162;368,162;369,162;370,163;370,164;371,164;372,164;373,164;374,164;376,164;377,164;378,164;379,164;380,165;382,166;383,166;384,166;386,166;387,167;388,167;388,168;389,168;390,168;391,168;392,168;393,168;395,168;397,168;398,168;399,167;400,166;401,165;403,164;405,163;405,162;406,161;406,160;407,158;407,157;408,156;409,156;410,156;410,155;410,153;410,152;410,151;410,150;410,149;410,148;410,147;410,146;410,145;410,144;408,141;407,141;406,140;405,139;405,138;404,138;403,138;402,138;402,136;401,135;400,134;400,133;399,133;398,132;397,131;397,130;397,129;396,128;396,127;395,127;395,126;395,125;395,124;395,123;395,122;394,121;394,120;395,119;396,119;398,119;399,119;400,119;401,119;402,119;403,117;404,117;405,116;407,115;408,115;410,114;411,114;412,113;413,113;414,111;415,111;417,111;418,111;418,110;419,110;419,109;421,109;421,108;421,107;421,106;421,104;421,102;421,101;421,99;421,98;421,97;421,95;421,94;421,93;421,92;421,91;421,90;422,87;422,86;423,86;423,85;424,85;425,84;426,83;427,83;428,83;429,83;430,83;431,83;432,82;433,81;434,80;435,80;437,78;438,78;440,77;440,76;441,75;442,74;443,73;444,73;445,73;446,71;447,71;448,71;449,71;451,71;452,71;453,71;454,71;455,71;456,71;457,70;457,69;457,68;458,68;458,67;458,66;459,65;459,64;460,63;460,62;461,61;461,60;461,59;461,58;462,58;462,56;463,56;463,55;464,54;465,53;466,53;467,52;467,51;468,50;468,49;468,48;468,47;467,46;466,44;465,43;465,42;464,41;464,40;464,38;463,37;463,36;462,35;462,34;462,32;462,31;462,30;461,30;461,29;460,28;459,28;458,28;457,28;456,28;455,28;454,28;453,28;452,28;451,28;449,28;447,28;446,30;445,30;443,32;442,32;441,33;440,33;439,33;438,33;436,34;435,35;434,35;433,35;431,36;429,36;428,36;427,36;425,36;423,36;421,36;419,36;418,36;416,36;415,36;414,36;413,36;412,36;411,36;409,36;405,36;403,36;400,36;399,36;396,38;395,38;392,39;391,40;390,40;389,40;388,41;387,41;386,41;385,41;383,41;382,41;380,41;378,42;377,42;375,42;374,42;373,42;372,42;371,42;370,42;369,42;368,42;367,42;366,42;365,42;362,42;361,42;359,42;357,42;356,42;354,42;353,42;352,42;351,42;350,42;348,42;347,42;346,42;345,42;344,43;343,43;342,45;342,46;341,46;340,46;339,46;338,46;337,46;336,46;335,46;333,46;331,46;330,46;328,46;327,46;326,46;324,46;322,46;321,46;319,46;318,46;317,46;316,45;315,44;314,44;313,44;312,43;311,43;310,42;309,41;308,41;306,39;306,38;305,38;305,37;304,37;303,36;303,35;302,35;302,34;301,33;299,32;299,31;299,30;299,29;298,29;297,28;297,27;297,26;296,26;295,26;295,25;294,25;293,25;292,24;291,23;290,22;289,20;288,20;288,19;287,19;286,18;285,18;284,18;282,18;281,18;280,18;278,18;277,19;277,20;277,21;277,24;277,26;
Specular reflection; POLYGON; 191, 91, 22; 525,16;524,16;523,16;522,16;520,16;519,17;518,17;517,18;516,18;515,18;514,18;513,19;512,19;511,21;510,21;509,22;508,22;506,23;505,23;504,23;503,24;501,25;500,26;499,27;498,27;498,28;497,30;497,31;497,32;495,32;495,33;495,34;495,35;495,36;495,37;495,38;495,39;495,40;495,41;495,42;495,43;495,44;495,45;495,46;495,47;496,48;497,48;498,48;499,48;500,48;501,48;503,48;505,48;506,48;507,48;508,48;509,48;510,48;511,48;512,48;513,48;514,48;516,48;517,48;518,48;519,48;521,48;522,48;523,48;524,48;527,48;528,48;529,48;530,48;532,48;533,48;533,47;534,47;535,47;536,47;538,46;539,45;540,45;541,45;542,45;543,45;544,45;545,45;546,45;547,44;548,43;549,43;551,42;552,42;553,42;553,41;555,41;556,40;556,39;557,39;558,39;559,39;560,39;561,38;562,38;563,38;564,38;565,38;566,38;567,38;568,38;569,38;570,38;572,38;572,37;573,37;575,37;576,37;577,37;578,37;579,37;580,37;581,36;582,36;583,36;584,36;585,36;586,36;587,36;588,35;589,33;590,33;590,32;591,31;591,30;591,29;591,27;591,26;591,25;591,24;591,23;591,22;591,21;591,20;591,19;591,18;591,17;590,17;589,17;588,16;587,15;587,14;585,14;584,13;583,13;582,13;582,12;581,12;580,12;579,12;578,12;577,12;575,12;574,12;573,12;572,12;571,12;570,12;569,12;567,12;566,12;565,12;564,12;562,12;561,12;559,12;558,12;556,12;555,12;553,12;551,12;550,12;549,11;548,11;547,11;546,11;545,11;543,11;541,11;539,11;538,11;537,11;535,11;534,11;533,11;532,11;531,11;530,11;529,11;527,11;525,11;524,11;523,11;522,11;521,11;520,11;519,11;518,11;516,12;516,13;515,15;515,16;516,16;516,17;517,19;518,20;518,21;518,22;518,23;518,25;519,28;
Specular reflection; POLYGON; 191, 91, 22; 707,675;707,673;708,673;710,673;711,673;712,673;713,673;715,672;716,671;717,671;718,671;719,671;720,671;721,671;721,670;723,670;723,669;724,669;725,669;726,669;727,668;727,667;728,667;729,667;730,667;731,667;732,667;733,667;734,667;734,666;735,666;736,666;737,666;738,666;739,666;740,666;741,666;742,666;743,666;744,666;745,666;746,666;747,666;748,666;749,666;750,666;751,666;752,666;753,666;754,666;755,666;756,666;756,665;757,665;758,665;759,665;760,665;761,665;763,665;764,665;765,665;765,664;766,664;767,664;768,664;769,664;770,664;771,664;772,664;773,663;776,663;777,663;778,663;779,663;780,663;781,663;782,663;783,663;784,663;786,663;787,662;787,661;788,661;789,661;790,661;791,661;792,661;793,659;794,658;795,658;795,657;795,655;795,654;795,653;795,652;795,651;795,650;795,649;795,648;795,647;794,647;793,646;792,644;790,643;789,643;788,642;787,642;786,642;786,641;785,641;784,641;783,641;782,640;781,639;781,638;780,638;779,638;778,638;777,638;776,637;775,637;773,637;772,637;772,636;771,636;770,636;769,636;768,636;767,635;766,635;764,635;763,635;762,635;761,635;760,635;758,635;757,635;756,635;755,635;754,635;753,635;752,635;751,635;749,635;748,635;747,635;746,635;745,635;744,635;743,635;742,635;741,635;739,635;738,635;737,635;736,635;735,635;734,635;733,635;732,635;731,635;730,635;728,635;727,636;727,637;726,639;726,640;726,641;726,642;726,643;725,643;724,643;723,643;723,644;722,645;721,646;720,646;718,646;717,646;716,646;715,647;714,647;712,647;711,648;710,648;710,649;709,649;707,649;706,650;705,650;704,650;704,651;702,652;701,652;700,652;700,653;699,653;698,654;698,655;698,656;697,656;696,656;695,656;695,657;694,657;693,658;693,659;692,659;691,660;690,660;690,661;690,662;690,663;690,664;690,665;691,666;692,667;693,669;694,669;696,670;697,671;698,671;699,671;700,671;700,672;701,672;702,672;703,672;704,672;705,672;706,672;707,674;708,674;708,675;709,675;
Specular reflection; POLYGON; 191, 91, 22; 567,386;565,386;565,387;564,388;563,388;562,388;561,388;560,388;560,389;559,389;558,389;557,390;557,391;555,392;554,392;553,392;552,392;551,392;551,393;550,393;549,393;548,393;547,393;546,393;545,393;544,393;543,393;542,393;541,393;540,393;539,393;538,393;537,393;536,393;533,393;532,393;531,393;530,393;529,393;528,393;527,393;526,393;525,393;524,393;522,393;521,393;520,393;519,393;518,394;517,395;516,395;515,395;515,397;513,397;512,398;511,398;511,399;510,400;509,401;509,402;509,403;509,404;508,404;508,405;508,406;508,408;508,409;508,410;508,411;509,411;511,412;512,412;514,413;514,414;515,414;515,415;516,416;518,417;519,417;520,418;520,419;520,420;521,420;521,421;522,422;523,422;523,423;524,423;525,423;525,424;526,425;528,427;529,428;532,430;534,432;536,432;537,433;538,433;538,434;539,434;540,435;541,435;542,436;543,436;544,437;544,438;545,439;546,440;547,440;547,441;548,442;549,442;550,442;550,443;551,444;552,445;552,446;553,447;553,448;554,449;554,450;554,451;556,452;557,453;560,453;560,454;561,454;563,456;564,456;565,456;566,457;567,458;568,459;569,460;570,460;571,460;572,460;573,460;573,461;574,461;575,462;577,463;578,463;579,463;580,463;582,463;583,463;584,463;585,463;586,461;587,460;588,459;589,458;589,457;590,456;590,455;590,454;590,453;590,452;590,451;590,450;590,448;590,447;590,446;590,445;590,444;590,442;591,441;592,440;593,439;594,439;595,439;596,439;597,439;598,439;599,439;601,439;602,439;602,438;603,437;603,436;604,436;605,436;606,435;607,435;607,434;608,433;608,432;608,431;608,430;608,429;608,428;608,426;608,425;608,424;608,423;609,422;609,421;610,419;610,418;610,417;610,416;610,414;610,413;610,412;610,411;610,410;610,409;610,408;610,407;610,406;610,405;610,404;610,403;609,403;608,403;607,403;605,403;604,403;603,403;601,402;600,402;599,402;598,401;598,400;598,399;597,399;597,398;597,397;597,396;596,396;596,395;596,393;596,392;594,391;593,390;591,390;590,390;589,390;588,390;587,390;586,390;585,390;584,390;583,390;581,390;580,391;579,391;578,392;577,392;576,394;575,395;574,396;573,397;572,397;571,397;570,397;569,397;568,397;568,396;567,396;567,394;567,393;566,393;566,392;566,391;566,389;566,388;566,387;566,386;566,385;565,384;
Specular reflection; POLYGON; 191, 91, 22; 337,545;337,544;336,544;335,544;332,544;331,544;330,544;329,544;328,544;327,544;326,544;325,544;324,544;323,544;321,544;320,544;319,544;318,544;317,544;316,544;315,544;314,544;313,544;312,544;309,544;308,544;307,544;306,545;305,546;304,547;303,548;302,548;301,549;300,549;299,550;299,551;297,551;296,552;296,553;296,554;294,556;293,557;292,560;292,561;292,562;291,562;291,564;291,565;291,567;291,568;291,570;291,571;291,573;291,574;291,575;291,576;291,579;291,580;291,581;291,582;292,583;292,584;292,586;292,587;293,588;293,589;293,590;293,591;294,591;294,592;294,593;296,594;298,595;299,596;299,597;300,597;300,598;302,599;303,599;304,600;305,600;306,600;308,600;310,600;311,600;312,600;313,600;314,600;315,600;316,600;317,600;318,599;319,599;321,599;322,599;323,599;323,601;323,603;323,604;323,605;323,606;323,607;323,608;323,609;323,610;323,611;323,612;323,614;323,615;323,617;323,618;323,620;324,621;325,621;326,621;328,621;329,621;330,621;331,621;332,621;333,621;334,621;335,621;337,621;338,621;339,621;340,621;341,621;341,620;342,620;344,620;345,620;345,619;346,619;347,618;348,617;349,617;350,616;350,615;351,615;352,614;353,613;353,611;353,610;355,609;356,609;356,608;357,607;357,606;358,604;359,603;360,602;361,602;363,602;364,602;365,602;366,601;367,601;368,600;369,599;369,598;370,598;370,597;371,597;372,597;373,596;373,595;374,595;374,594;375,593;376,592;377,592;379,591;380,591;381,590;382,590;382,589;383,588;383,587;384,586;384,585;385,584;386,583;388,582;388,581;389,580;390,579;390,578;391,577;391,576;391,574;391,573;391,572;389,570;388,570;387,569;387,568;385,566;384,565;383,565;382,565;381,563;380,563;379,563;378,563;377,563;375,563;374,563;373,563;372,563;371,563;369,563;368,563;367,563;366,563;365,563;363,563;361,563;360,561;359,561;358,560;357,558;356,557;355,556;355,555;354,554;353,553;353,552;352,552;352,551;350,549;349,548;349,547;348,547;347,546;346,545;346,544;345,544;343,543;342,543;341,543;340,543;339,543;338,543;337,543;336,543;335,543;334,543;333,543;331,543;330,543;329,543;328,544;327,546;327,547;
Specular reflection; POLYGON; 191, 91, 22; 521,751;520,751;519,751;516,752;515,753;514,753;513,753;512,753;511,753;510,754;509,755;508,755;506,757;505,757;503,757;503,758;502,759;501,760;500,760;499,760;499,761;498,763;497,764;496,765;495,766;494,766;493,766;493,767;490,770;489,772;488,772;488,773;488,774;488,775;486,776;485,777;483,778;482,778;481,778;480,779;479,779;478,779;478,781;477,781;475,782;474,782;472,782;472,783;471,783;470,784;469,784;468,784;467,785;466,785;465,786;465,787;464,787;463,787;462,788;460,789;459,790;459,791;457,792;455,793;454,793;453,793;451,793;450,793;449,793;447,793;445,793;444,793;442,793;441,793;440,793;439,792;436,791;435,791;433,790;432,789;431,789;429,789;428,789;427,789;425,789;424,789;423,789;422,789;421,789;420,789;419,789;418,789;417,789;417,790;416,790;416,791;414,792;414,793;413,793;412,793;411,793;411,794;410,795;409,796;408,796;407,799;406,800;405,801;405,802;403,802;402,802;401,803;400,803;400,805;400,806;400,807;400,808;400,809;399,810;399,811;399,812;399,813;399,814;399,815;399,817;399,818;400,818;401,819;403,820;403,821;404,822;404,823;406,823;407,824;409,825;410,826;411,826;413,826;415,829;416,829;417,829;418,830;419,830;420,830;421,830;422,830;422,831;423,831;425,831;426,832;427,832;428,832;429,832;430,834;432,835;433,835;433,836;434,836;436,836;437,837;438,837;440,839;441,840;443,841;444,841;446,841;447,841;448,841;449,841;450,841;451,841;452,841;453,841;455,841;456,839;458,839;459,838;459,837;460,837;460,836;461,836;462,835;462,834;463,833;465,832;467,830;467,829;469,829;470,827;471,827;472,826;473,826;474,825;475,825;476,825;477,824;478,823;479,822;481,822;482,822;483,821;484,820;485,820;486,820;487,820;488,820;489,820;490,820;493,820;494,819;496,819;497,818;498,818;499,818;500,817;501,817;502,817;503,817;505,816;506,816;507,815;508,815;509,815;510,815;511,814;513,814;514,814;515,813;516,813;518,813;520,812;522,810;524,808;525,808;525,807;526,807;529,807;530,807;530,806;531,806;532,806;533,806;534,805;535,804;537,804;541,803;542,802;543,802;544,801;545,801;546,801;547,801;549,801;549,800;550,800;552,800;553,800;554,800;554,799;555,799;556,798;557,797;559,796;561,796;563,796;564,795;565,795;566,795;567,795;567,794;568,793;569,793;571,792;573,791;574,791;575,790;576,790;577,790;578,789;580,788;581,788;582,787;584,785;585,785;586,784;587,784;589,783;590,783;591,782;591,781;593,779;595,778;596,778;597,778;598,777;599,777;599,776;600,776;601,776;602,774;602,773;603,773;604,772;605,772;606,771;606,770;607,770;608,769;609,768;610,768;610,767;611,767;611,766;611,765;611,764;611,762;611,761;611,760;611,758;611,757;611,756;611,755;611,754;609,753;608,750;607,750;605,748;604,748;603,748;603,747;602,747;601,747;600,747;599,747;598,747;597,747;596,747;595,747;593,747;592,747;591,747;589,747;587,748;586,748;585,749;584,749;583,750;583,751;582,751;581,751;580,751;579,751;577,752;576,752;574,752;573,752;572,752;571,753;570,753;569,753;568,753;567,753;565,753;563,753;561,753;560,752;559,751;558,750;556,749;555,749;555,748;554,748;552,748;551,748;549,748;548,748;546,748;545,748;542,748;540,748;538,748;537,748;536,748;535,748;534,748;533,748;532,748;530,748;528,748;526,748;525,748;524,748;523,748;522,748;521,748;519,748;517,748;516,748;515,748;515,749;514,749;513,751;512,751;512,752;511,752;510,753;510,754;510,756;510,757;510,759;510,761;511,764;
Specular reflection; POLYGON; 191, 91, 22; 960,240;959,241;958,241;957,241;955,241;955,242;954,242;953,244;952,246;951,246;949,247;948,247;947,247;946,248;945,248;943,249;942,249;940,250;940,251;938,252;937,253;936,253;935,253;934,254;932,254;931,254;931,255;930,255;928,255;927,255;925,255;923,256;922,256;920,256;918,256;917,256;916,256;914,257;913,258;911,258;909,259;908,259;906,260;905,260;904,260;903,260;902,260;900,261;899,261;898,261;897,261;896,261;895,261;893,262;891,262;889,263;888,263;887,264;886,264;884,265;883,265;881,265;880,265;879,265;878,266;877,266;876,267;875,267;873,267;873,268;872,269;871,270;870,270;870,271;869,272;867,272;867,273;865,275;864,276;862,277;861,277;860,277;860,278;859,278;858,278;856,280;855,280;853,282;852,283;852,284;852,285;852,286;852,288;852,290;852,291;852,292;852,295;852,296;852,297;852,298;852,299;852,301;852,303;854,305;854,307;856,309;856,310;857,311;857,313;859,317;860,317;861,320;862,321;862,322;862,323;862,324;862,326;863,328;864,330;864,332;865,333;865,334;865,335;865,338;865,339;865,341;866,342;866,343;866,345;869,347;869,349;870,351;872,353;872,355;873,356;873,357;873,359;874,359;874,360;875,362;877,364;877,366;877,367;879,368;880,369;882,371;883,373;885,374;885,376;886,376;887,377;888,378;889,380;890,380;892,381;893,382;895,384;898,385;899,386;900,386;900,387;901,387;902,389;904,390;905,391;907,392;909,393;909,394;911,394;912,394;912,395;914,396;916,398;917,398;918,399;918,400;919,400;920,400;920,401;922,403;923,403;924,404;925,405;927,406;927,407;927,408;928,408;928,409;930,410;930,411;931,411;932,413;933,414;933,415;934,416;935,417;936,418;938,419;939,421;940,421;940,423;942,424;942,425;944,427;945,428;946,429;947,430;948,430;950,431;951,432;954,434;956,434;957,435;958,436;959,436;960,436;962,436;964,437;965,438;965,439;966,438;967,437;969,437;971,436;973,435;974,435;974,434;975,433;976,432;976,430;978,429;979,426;981,424;983,423;983,422;984,422;985,422;986,421;986,420;986,419;986,418;987,416;988,415;988,414;988,413;988,412;988,411;988,410;988,408;988,407;988,406;988,405;988,404;986,402;985,401;984,400;983,400;983,399;982,398;981,396;980,395;979,394;978,394;978,393;978,392;978,391;978,390;978,389;978,388;978,387;978,386;978,383;978,382;979,382;980,381;981,379;982,378;983,377;984,377;985,377;988,374;989,373;989,372;990,372;992,371;993,371;994,370;995,370;996,369;997,369;998,368;1000,367;1001,366;1002,366;1003,366;1004,365;1005,364;1005,363;1006,362;1006,360;1006,359;1007,358;1007,357;1007,355;1007,354;1007,353;1007,352;1007,350;1007,348;1005,345;1005,344;1003,342;1001,341;1000,341;1000,340;1000,339;999,338;998,337;997,336;996,335;995,335;995,333;993,333;993,331;992,330;991,330;990,329;990,328;990,327;989,327;989,325;988,325;987,324;986,324;986,322;985,320;985,319;985,318;984,318;984,317;984,316;983,314;983,313;983,312;983,310;983,309;982,309;981,307;981,306;981,305;981,304;981,303;981,301;981,299;981,298;981,297;981,296;981,294;982,294;983,293;984,293;984,292;986,291;987,291;988,291;988,290;990,288;991,288;991,287;992,287;992,285;993,285;994,284;995,282;996,282;997,282;998,282;1000,281;1001,280;1002,280;1003,280;1003,279;1004,279;1004,277;1005,276;1006,275;1007,274;1007,273;1007,272;1007,269;1007,266;1006,265;1005,263;1004,261;1003,260;1003,259;1002,257;1001,255;1000,254;999,252;998,250;996,249;995,248;992,247;991,244;989,244;988,242;987,242;986,242;985,241;984,240;983,240;982,239;981,239;980,239;978,239;977,239;975,239;974,239;973,239;972,239;971,239;970,239;968,239;967,240;965,240;963,240;962,241;961,241;960,241;959,241;958,241;957,241;955,242;951,243;950,243;949,245;948,245;946,246;945,246;944,246;
Specular reflection; POLYGON; 191, 91, 22; 619,348;619,351;619,352;619,353;620,353;620,356;621,357;623,358;624,359;626,362;627,363;628,364;629,364;630,365;631,366;632,366;632,368;634,369;635,370;637,372;638,373;639,373;640,375;642,375;644,377;645,377;645,378;646,378;647,378;648,379;649,380;650,381;651,382;652,383;653,383;654,384;655,385;656,385;657,385;659,386;660,387;661,388;662,388;663,388;664,389;665,389;666,390;667,391;668,393;670,395;671,395;672,396;675,397;676,398;677,398;678,400;680,402;681,403;682,403;684,405;686,407;687,408;688,409;690,410;690,411;691,411;692,413;693,414;694,415;695,415;697,416;698,418;699,418;700,419;702,421;705,422;705,423;706,423;707,423;708,424;709,425;710,426;711,427;712,427;713,427;713,428;714,428;717,430;718,430;720,432;721,432;722,434;723,434;724,434;725,434;727,435;727,436;728,436;732,439;733,439;734,439;734,440;735,440;736,441;738,442;739,442;740,443;740,444;742,445;743,445;745,447;746,447;746,448;747,449;748,450;749,450;749,451;751,451;753,451;754,453;755,453;756,453;757,455;758,455;759,456;760,456;761,458;763,458;764,458;765,459;766,460;766,461;767,461;768,461;769,462;770,463;772,463;773,464;774,464;776,465;777,465;778,465;779,466;780,467;781,467;782,468;783,468;784,468;785,468;786,468;787,468;788,468;789,468;790,468;790,469;791,469;793,469;794,469;796,469;797,469;799,469;800,469;801,469;802,469;803,469;804,469;805,469;806,469;807,469;809,469;810,469;811,469;812,468;813,467;813,466;812,465;811,463;810,463;809,462;807,461;806,461;804,459;803,459;802,458;801,457;800,456;800,455;797,455;796,455;796,453;794,452;794,451;792,451;791,451;790,450;789,450;787,449;787,448;787,447;785,446;784,446;784,445;783,445;783,443;781,441;780,440;779,440;779,439;778,439;777,438;777,437;775,437;774,437;773,436;773,435;771,435;770,435;769,434;768,434;767,433;766,433;765,433;764,432;763,431;762,431;760,431;759,431;759,429;758,429;757,428;756,428;754,427;753,426;751,425;750,425;749,424;748,423;747,423;746,422;745,420;744,420;743,418;742,417;741,417;740,416;739,416;738,415;737,414;736,414;735,413;734,413;733,412;733,411;732,410;731,410;730,410;729,409;728,409;727,408;727,407;725,406;724,406;724,405;723,404;722,404;721,403;720,402;719,400;717,399;716,398;715,398;715,397;714,397;714,396;713,394;712,393;712,392;711,390;710,389;709,388;708,387;706,386;705,384;704,383;704,382;703,381;701,380;700,380;699,379;698,378;697,378;697,377;697,376;696,375;695,375;694,375;693,374;692,374;692,373;691,373;690,372;689,372;688,372;687,370;684,370;682,369;681,369;680,368;680,367;679,367;678,367;677,366;675,364;674,364;673,364;672,363;671,362;670,362;668,361;667,361;666,360;666,359;665,359;665,358;664,358;663,358;663,357;662,357;661,356;660,355;659,355;659,353;658,352;656,350;655,349;653,347;653,346;652,345;651,345;650,345;650,344;649,344;648,343;647,343;646,341;645,341;643,340;642,340;641,339;640,339;639,338;638,338;637,338;637,337;636,336;635,335;633,335;632,335;631,334;630,334;628,334;627,334;626,334;625,334;624,333;623,333;622,333;621,333;620,333;619,333;617,333;616,333;615,333;614,333;613,333;612,333;612,334;611,334;611,335;610,336;610,337;610,338;610,339;610,340;610,341;610,342;610,343;610,345;610,346;611,348;612,350;612,351;613,351;613,352;614,352;614,354;615,354;616,354;617,354;618,355;619,355;621,355;623,357;627,359;630,360;632,361;634,362;635,362;636,362;
Specular reflection; POLYGON; 191, 91, 22; 587,86;586,86;585,86;584,86;583,86;581,86;578,86;577,86;576,86;575,86;574,86;573,86;572,86;571,86;570,86;569,86;568,86;567,86;566,86;564,86;563,86;562,86;561,86;559,87;558,88;557,89;556,90;555,90;555,92;554,92;554,93;553,93;552,94;552,95;550,97;550,98;549,99;548,99;547,99;546,100;545,101;543,102;543,103;542,104;541,105;540,106;539,107;538,107;538,109;538,110;538,112;538,113;538,115;538,116;538,118;539,119;540,119;541,121;542,122;543,123;545,123;547,123;548,124;548,125;549,125;549,126;550,126;551,126;552,126;554,126;555,126;556,126;557,126;558,126;560,126;562,126;564,126;565,126;566,126;567,126;568,126;569,126;570,126;572,126;573,126;574,126;576,126;577,126;578,126;579,126;581,126;583,125;584,125;585,125;586,125;588,123;589,123;590,122;591,121;593,121;594,119;596,118;597,117;598,116;599,116;600,115;601,115;602,114;603,113;603,112;605,112;606,110;607,109;608,107;609,106;610,105;610,104;611,103;611,102;613,100;613,99;614,99;614,98;614,97;614,96;615,95;615,94;615,93;615,92;615,91;615,89;615,88;614,87;613,86;612,85;611,85;610,84;610,83;609,82;607,82;606,82;605,82;604,82;603,82;602,82;601,82;600,82;599,82;598,82;597,82;596,82;595,82;594,82;593,82;592,82;590,82;589,82;587,82;585,82;584,82;582,82;581,82;580,82;579,82;577,84;576,84;575,85;574,85;574,86;573,86;573,88;573,89;573,90;573,91;
Specular reflection; POLYGON; 191, 91, 22; 798,25;797,25;795,25;794,25;793,26;792,26;791,27;790,29;788,29;787,30;785,32;782,33;782,34;780,37;779,37;778,38;777,39;776,40;775,41;774,42;773,43;771,44;770,45;768,47;767,49;766,49;765,51;764,51;764,52;764,53;763,54;763,55;762,55;761,56;760,57;760,58;759,58;759,59;758,61;757,61;757,62;755,63;755,64;754,64;754,65;753,66;752,67;750,70;750,71;749,71;749,72;747,73;747,74;746,74;746,75;746,76;746,77;746,78;747,79;748,80;750,82;753,83;757,83;760,86;763,86;765,87;768,87;769,87;770,87;770,88;772,88;773,88;774,89;776,89;779,90;780,90;781,90;782,90;783,92;784,92;785,93;786,94;786,95;787,95;788,95;789,95;789,96;791,97;793,98;795,98;797,98;798,98;799,98;800,98;802,99;803,99;804,100;805,100;808,100;809,100;810,100;811,100;813,100;814,99;815,99;815,98;816,98;817,97;818,96;820,95;822,95;823,94;823,93;824,93;825,92;825,91;826,90;827,89;828,88;828,87;828,86;828,84;830,82;830,81;830,80;831,78;831,77;831,76;831,75;832,72;832,71;832,70;832,69;832,67;832,66;832,64;832,63;832,62;832,60;832,59;832,58;832,57;832,56;832,55;832,54;831,52;829,51;829,50;829,49;829,48;828,46;828,45;827,44;827,43;827,42;827,41;827,40;826,39;826,38;826,37;826,36;826,34;825,34;824,33;824,32;823,31;823,29;823,28;822,28;822,27;821,27;820,26;819,24;819,23;818,23;817,23;817,22;816,22;814,22;813,22;811,22;810,22;809,22;807,22;806,22;805,22;803,22;801,22;800,22;799,22;797,22;796,22;794,22;792,22;791,22;790,24;789,25;788,26;787,28;786,30;786,31;786,32;786,34;786,36;787,38;787,39;
Specular reflection; POLYGON; 191, 91, 22; 492,474;491,474;490,474;489,474;488,474;486,474;485,474;484,474;483,474;482,474;481,474;480,474;479,474;478,474;477,474;476,474;475,476;473,477;473,478;472,478;471,479;470,479;469,480;468,480;467,481;467,482;466,483;465,484;465,486;464,486;463,488;461,489;461,490;460,491;460,492;460,493;460,495;460,496;459,497;459,498;459,500;459,501;459,502;459,503;459,504;459,505;459,507;460,508;460,509;461,510;461,511;462,513;462,514;462,515;464,515;465,517;466,518;466,519;466,520;467,520;467,521;467,523;469,523;470,524;470,525;470,526;471,527;472,528;472,529;472,530;474,531;475,532;476,533;477,534;477,535;478,535;480,536;481,537;482,537;483,537;483,538;485,538;486,539;487,541;487,542;488,543;489,543;490,543;491,543;492,544;493,544;494,545;496,547;496,548;497,548;498,549;500,550;501,551;504,552;505,552;506,553;507,553;508,553;509,554;509,555;510,555;512,555;513,556;514,556;515,556;516,556;517,557;518,557;518,558;518,559;520,559;520,560;521,560;522,561;523,561;524,561;525,562;526,562;527,562;528,562;529,563;530,564;531,565;532,565;533,566;533,567;534,567;535,567;536,568;539,568;540,568;541,568;542,568;543,568;544,568;545,568;546,568;547,567;547,566;548,565;548,564;549,564;550,563;550,561;551,560;551,559;551,558;551,557;551,556;551,554;551,553;551,551;551,549;551,547;551,545;549,544;548,543;548,541;548,540;547,540;547,539;546,537;545,537;545,535;544,535;544,534;543,534;542,533;541,532;541,531;539,529;537,529;537,528;536,528;535,527;534,527;534,526;533,526;533,525;533,524;531,523;531,522;531,521;530,519;529,519;528,517;527,516;527,515;527,514;526,513;526,511;526,510;525,509;524,508;524,505;523,505;523,504;522,502;521,502;521,501;520,499;520,498;518,497;518,496;517,495;517,494;516,493;515,493;514,491;513,490;513,489;512,489;510,486;509,485;508,484;507,483;506,482;505,480;503,478;502,477;501,477;499,476;498,476;497,475;496,474;495,473;494,473;493,473;492,473;492,472;491,472;490,472;489,472;488,472;487,472;486,473;485,474;481,475;479,476;476,477;474,477;473,478;472,479;
Specular reflection; POLYGON; 191, 91, 22; 623,450;624,452;624,453;625,454;625,456;625,458;625,459;626,459;626,460;628,460;629,461;629,462;630,462;631,463;631,464;632,465;633,465;634,466;635,467;637,469;637,470;638,470;639,471;640,471;641,471;641,472;642,472;643,474;644,475;646,476;648,477;649,477;651,478;652,478;653,478;654,479;655,479;656,479;658,479;660,479;661,481;663,481;664,481;665,481;667,482;668,482;669,482;670,482;671,482;671,483;673,483;674,483;676,484;677,484;678,484;679,484;680,484;681,484;682,484;683,484;684,482;685,480;686,479;686,478;686,477;687,476;687,474;687,473;687,472;687,471;687,470;685,467;684,466;683,466;683,465;682,463;682,462;681,462;680,460;679,459;678,458;677,458;676,456;674,455;673,454;672,454;671,454;670,454;669,453;668,453;667,453;665,452;662,451;661,451;661,449;660,448;658,448;657,448;656,447;655,447;653,446;652,445;651,445;649,445;648,443;645,442;644,442;643,442;642,441;639,439;638,439;636,439;635,438;634,438;633,437;633,436;632,436;631,436;630,436;629,436;627,437;626,437;626,438;626,439;625,439;624,440;623,441;623,442;623,443;621,444;621,445;621,447;620,449;620,450;620,451;620,452;620,453;620,455;620,456;621,457;622,457;624,458;625,458;628,460;
Specular reflection; POLYGON; 191, 91, 22; 593,593;594,593;595,593;596,593;598,593;599,593;600,593;601,594;602,595;603,595;604,596;606,598;608,598;609,598;610,599;611,600;611,601;613,603;613,604;614,604;615,605;616,605;617,606;618,607;619,607;619,608;620,609;620,610;621,610;622,610;623,611;624,611;625,611;626,612;627,612;627,613;629,614;630,616;631,616;631,617;632,617;632,618;632,619;633,620;634,621;635,622;636,622;637,622;638,622;640,623;641,623;642,623;643,624;644,625;645,626;646,626;647,626;650,628;651,628;652,628;653,628;654,628;655,629;656,630;658,631;658,632;659,632;660,633;661,633;663,633;664,633;664,634;665,634;666,634;667,634;668,634;669,634;670,634;670,633;671,633;671,631;671,630;671,629;671,628;671,627;671,625;671,624;671,623;671,622;671,621;671,620;671,619;671,618;671,617;670,616;669,615;669,614;668,612;667,611;666,611;666,610;665,610;663,608;662,608;661,607;660,607;659,606;659,605;658,605;657,605;656,605;654,605;654,604;653,604;652,603;650,603;649,602;648,602;647,601;646,600;645,599;644,598;643,597;642,597;641,596;639,595;638,595;638,594;637,594;636,593;635,592;634,592;633,591;632,591;632,590;631,590;630,588;629,588;629,587;628,587;627,586;626,586;625,586;625,585;624,585;623,584;623,583;623,582;622,582;622,581;621,581;620,581;619,581;617,581;614,581;612,581;609,581;608,581;605,581;602,581;601,581;600,581;599,581;597,580;596,579;595,578;594,577;594,576;593,576;591,575;591,574;590,574;588,574;587,574;586,575;585,575;585,577;585,578;585,579;584,579;584,580;583,583;581,585;581,587;581,589;581,590;582,590;583,590;583,591;584,591;585,591;586,591;587,592;589,592;589,593;591,593;592,593;593,593;594,594;595,594;596,594;598,595;598,596;601,597;605,598;610,600;612,600;613,600;
Specular reflection; POLYGON; 191, 91, 22; 613,587;612,587;611,585;611,584;610,583;609,582;608,582;608,581;606,580;605,579;604,578;603,577;602,576;600,576;599,576;598,576;597,575;595,575;594,575;593,575;592,575;591,575;590,575;589,575;588,575;587,575;586,576;586,577;586,578;586,581;586,583;586,585;588,588;590,592;591,592;594,597;
Specular reflection; POLYGON; 191, 91, 22; 236,283;235,283;233,283;232,283;231,283;230,283;229,283;227,283;226,284;224,285;223,287;222,287;221,288;220,289;219,289;218,290;217,290;216,291;216,292;214,293;213,293;212,294;211,294;210,295;209,295;209,296;208,297;207,298;206,299;206,300;206,301;206,302;206,303;206,304;206,305;206,306;207,306;207,307;209,307;209,309;210,310;211,310;212,311;214,312;215,312;215,313;216,313;217,315;217,316;218,317;219,318;219,319;220,320;220,321;220,322;221,323;222,324;224,326;226,328;226,329;227,329;227,330;228,330;228,331;229,332;230,333;231,335;232,336;234,337;236,338;236,339;237,340;238,341;239,341;239,342;240,343;241,343;242,343;243,344;245,344;247,344;248,344;251,344;252,344;253,344;255,344;256,344;257,344;258,344;260,344;261,344;262,343;263,343;265,342;266,341;267,340;268,339;269,339;270,339;272,338;273,337;273,336;273,334;273,333;274,331;275,330;275,329;275,328;275,327;275,326;275,325;275,324;275,323;275,321;275,320;275,319;275,318;275,317;274,315;274,314;273,313;273,312;273,310;273,309;271,308;271,307;271,306;271,305;270,304;270,303;269,302;268,301;268,300;267,299;267,298;267,297;266,297;266,296;264,296;264,295;263,294;263,293;263,292;262,292;261,291;260,291;260,290;259,290;258,289;257,289;257,288;256,287;255,286;254,286;253,286;252,286;251,286;250,286;249,285;247,284;246,284;246,283;245,283;244,283;243,283;242,281;241,281;240,281;238,281;237,281;236,281;234,281;233,281;231,281;229,281;227,281;
Specular reflection; POLYGON; 191, 91, 22; 191,261;190,262;189,262;188,262;187,262;186,262;185,262;182,262;181,262;179,262;178,262;177,262;176,260;175,259;175,258;174,257;173,256;172,256;171,256;171,255;170,254;170,253;170,252;169,251;169,250;168,250;168,249;167,249;167,247;167,246;166,245;166,244;165,243;165,242;165,240;164,240;164,239;164,238;164,237;163,236;163,235;163,234;163,233;163,232;163,231;163,230;163,229;163,227;164,226;164,225;165,224;166,224;167,223;168,223;169,222;170,222;171,222;172,221;172,220;173,220;174,220;175,220;177,220;178,220;180,220;181,220;182,220;183,220;184,220;185,220;186,220;187,220;188,220;189,220;190,221;192,222;193,222;194,223;196,223;197,223;198,223;199,224;200,225;200,226;201,226;202,227;203,227;203,228;204,228;204,229;205,229;206,231;207,231;207,232;208,232;209,233;210,234;211,235;211,236;212,237;213,237;213,238;213,239;213,240;214,241;214,243;214,244;214,245;214,246;214,247;214,249;214,250;214,251;214,252;213,253;212,254;212,255;212,256;211,257;211,258;209,259;209,260;208,260;207,260;205,261;204,261;203,262;203,263;202,264;201,265;200,266;199,266;198,266;197,266;196,267;194,267;193,267;192,267;191,267;190,267;189,267;188,267;187,267;186,267;185,267;184,267;183,267;182,267;181,267;180,267;179,267;178,267;178,266;177,266;177,265;176,263;177,263;179,263;
Specular reflection; POLYGON; 191, 91, 22; 723,658;724,658;725,658;726,659;729,661;733,665;735,665;738,667;740,668;742,668;743,668;744,669;745,670;746,670;746,671;747,671;748,671;749,671;750,671;751,671;753,671;754,671;755,671;756,670;757,670;758,670;759,670;760,669;761,668;763,667;764,667;765,665;766,664;767,663;768,663;769,662;770,662;770,661;772,658;
Specular reflection; POLYGON; 191, 91, 22; 324,365;322,365;322,366;321,366;320,366;319,366;318,366;317,366;316,366;315,366;314,366;313,366;312,366;312,367;311,367;310,367;308,368;308,369;307,369;306,369;305,369;304,369;303,369;302,369;301,370;301,372;301,373;301,375;301,376;301,377;302,377;303,378;304,379;305,381;308,381;310,381;311,381;311,382;313,382;315,383;316,384;317,384;317,385;317,386;317,387;318,388;318,389;319,390;320,391;322,393;322,394;323,394;323,396;323,397;323,399;324,400;324,401;324,402;324,403;324,405;324,406;325,407;325,409;325,410;326,410;327,410;328,410;329,410;330,410;332,410;334,412;335,412;336,412;337,412;338,412;339,412;341,413;342,413;344,413;345,413;345,412;345,411;345,410;345,409;345,408;347,407;347,406;347,405;347,404;347,403;347,402;347,401;347,400;347,399;347,398;347,397;347,396;347,395;347,394;347,393;347,392;347,391;347,390;347,389;348,387;348,386;348,385;348,384;348,383;348,382;348,381;347,380;347,379;346,379;346,378;344,378;344,377;343,375;343,374;342,373;341,372;340,372;340,371;339,370;339,369;338,368;337,367;336,366;333,366;332,364;331,364;330,364;330,363;329,363;328,363;327,363;326,363;325,363;323,363;322,363;321,363;320,363;318,363;317,363;315,364;315,365;315,366;
Specular reflection; POLYGON; 191, 91, 22; 950,78;949,79;948,79;947,80;947,81;945,81;945,82;944,83;943,83;941,84;940,86;938,88;935,89;934,90;933,91;931,92;929,94;928,95;927,96;926,96;925,97;923,97;923,98;922,98;921,98;921,100;920,100;919,101;918,102;918,103;917,103;917,105;917,106;916,108;916,109;915,109;915,110;915,111;915,112;916,114;917,114;918,114;919,114;920,114;921,115;922,115;924,115;925,115;927,115;928,115;930,115;933,115;935,115;937,115;938,115;939,115;940,115;941,115;943,115;944,115;945,115;946,115;948,115;950,115;951,115;952,115;953,115;954,115;956,115;957,115;959,115;960,115;961,115;963,115;965,115;966,115;968,114;969,114;971,113;972,113;973,113;974,113;975,112;975,111;975,110;977,109;978,107;979,107;979,106;980,104;981,104;981,103;982,102;983,101;983,100;983,98;983,97;983,96;983,95;983,94;983,93;983,92;983,91;983,90;983,88;983,87;983,86;983,85;983,84;983,83;982,82;982,81;981,81;980,80;979,79;977,78;976,78;975,78;974,78;973,78;971,75;970,75;969,75;968,75;967,75;966,75;965,75;964,75;963,75;962,75;960,75;958,75;957,75;956,75;955,75;954,75;953,75;953,76;952,76;951,76;950,77;949,77;948,77;947,77;946,78;944,78;943,78;943,79;942,79;941,80;941,81;941,82;942,83;944,86;945,88;
Specular reflection; POLYGON; 191, 91, 22; 1009,717;1008,717;1007,717;1006,717;1005,717;1004,717;1002,717;1000,717;999,717;998,717;996,718;995,718;994,719;992,720;991,720;990,721;988,721;987,721;985,721;984,722;983,722;982,723;981,723;980,724;979,724;978,726;977,726;977,727;976,727;976,728;974,729;974,730;973,732;971,733;971,734;970,735;969,736;968,738;967,738;967,739;966,740;965,741;964,742;963,744;963,745;962,745;961,746;961,747;960,747;960,748;959,749;957,751;956,753;955,753;954,755;953,756;952,757;952,758;950,760;949,762;948,763;947,764;947,765;947,767;947,769;947,772;947,775;947,776;947,777;947,778;947,780;947,781;947,782;946,783;946,784;946,787;946,788;947,789;948,790;949,791;950,791;951,791;952,791;953,791;954,791;955,792;956,793;958,793;959,794;961,794;964,794;965,794;966,794;967,794;969,794;972,794;973,794;975,794;976,794;977,794;978,794;979,794;980,794;981,794;982,794;983,793;984,792;984,791;984,790;985,790;986,789;987,788;988,787;989,786;990,785;992,785;993,784;994,783;995,783;997,780;998,779;999,779;1000,779;1002,778;1003,777;1006,776;1008,775;1009,773;1010,773;1011,772;1012,772;1013,771;1014,771;1015,771;1016,770;1017,770;1017,769;1018,768;1018,767;1018,766;1018,765;1018,764;1018,763;1018,761;1018,760;1018,759;1018,758;1018,757;1019,755;1019,754;1019,753;1019,751;1019,750;1019,749;1019,748;1019,747;1019,746;1019,745;1019,744;1019,743;1019,742;1019,741;1019,740;1019,739;1019,737;1019,736;1019,735;1019,734;1019,733;1019,732;1019,731;1019,730;1019,729;1019,728;1019,727;1019,726;1019,725;1019,724;1019,723;1019,721;1019,720;1018,720;1017,718;1016,718;1014,716;1013,714;1013,713;1012,712;1011,712;1010,712;1008,712;1007,712;1006,712;1005,712;1004,713;
Specular reflection; POLYGON; 191, 91, 22; 655,903;654,903;653,903;652,903;651,903;649,904;648,905;647,906;646,906;645,908;643,910;642,911;641,912;639,915;639,916;638,917;636,918;636,919;635,920;634,921;633,921;632,923;631,924;628,927;627,928;626,929;624,931;623,932;622,933;622,934;621,934;621,935;621,936;621,937;621,938;621,939;621,940;621,941;622,942;623,942;624,942;625,942;626,942;626,943;628,943;629,943;631,943;634,943;635,946;637,946;639,947;640,947;641,947;642,947;643,947;644,947;646,947;647,947;648,947;650,947;651,947;652,947;653,947;654,947;655,947;658,947;659,947;660,947;661,947;662,946;663,945;665,945;666,945;667,945;668,943;669,942;669,940;671,938;672,938;672,936;672,935;672,934;672,933;672,932;672,931;671,930;671,929;670,929;670,928;669,927;668,927;667,926;666,925;666,924;666,923;666,921;666,920;666,919;666,918;666,917;666,915;666,914;667,913;667,912;667,911;667,910;667,908;667,907;668,906;668,905;668,903;668,902;667,901;666,901;665,900;663,899;659,899;658,899;657,899;656,899;654,899;653,899;651,899;650,899;649,899;648,899;647,899;647,900;647,902;647,904;649,908;652,909;
Specular reflection; POLYGON; 191, 91, 22; 800,554;798,554;797,554;796,554;795,553;794,553;792,553;791,552;790,552;789,552;788,552;787,552;786,552;785,552;784,552;782,552;781,552;780,552;779,552;777,552;776,552;775,553;774,553;773,553;772,553;771,553;771,554;770,555;770,556;769,556;769,557;769,558;769,559;769,560;769,562;769,563;769,564;769,565;769,567;769,568;769,569;769,570;769,571;770,571;771,572;772,572;773,572;774,572;775,574;776,574;778,574;780,575;782,576;783,576;784,576;785,576;786,576;787,576;788,577;789,578;791,578;792,578;793,579;794,581;795,581;796,583;797,583;798,583;799,584;800,585;802,585;803,585;804,585;804,586;805,586;805,587;807,587;807,588;808,588;809,589;810,589;811,589;814,589;815,589;817,589;818,589;820,589;821,589;822,589;824,589;825,589;826,589;827,589;828,589;829,587;829,586;830,586;831,585;832,584;834,582;836,581;836,580;837,578;837,577;837,576;837,575;837,574;835,572;835,571;833,570;833,569;832,569;831,569;831,568;830,567;829,566;826,565;825,564;823,564;823,563;822,563;820,561;819,561;818,560;816,559;815,559;814,558;812,558;811,557;810,557;809,557;808,557;806,557;805,557;803,557;802,557;801,556;801,555;800,554;799,554;797,554;796,554;794,553;793,553;
Specular reflection; POLYGON; 191, 91, 22; 302,561;301,561;300,561;299,561;298,561;296,561;293,561;292,561;291,561;290,561;289,561;288,561;288,562;286,563;285,563;284,563;284,564;283,565;283,566;282,566;282,567;281,567;281,568;281,569;281,570;281,571;281,572;281,573;281,574;281,575;281,577;281,579;281,580;281,582;282,584;282,585;284,586;285,587;286,587;287,587;288,588;289,588;290,588;291,589;292,589;292,590;293,591;294,592;295,593;296,593;298,593;301,593;304,593;305,593;307,593;309,593;310,593;311,593;313,593;315,593;316,593;319,593;320,593;
Artery; POLYGON; 237, 28, 36; 357,159;357,160;359,161;361,162;362,163;363,163;364,164;365,164;365,165;366,166;367,167;368,167;368,168;369,168;370,169;371,171;371,173;371,174;373,175;373,177;373,178;374,179;374,180;374,181;376,183;376,185;376,187;378,189;378,190;378,191;378,192;378,193;379,195;379,198;381,199;381,200;382,202;383,203;384,204;385,205;386,206;387,207;387,209;388,211;389,212;390,213;390,214;390,215;390,216;390,218;391,219;391,221;392,222;393,223;393,224;393,225;394,226;394,227;394,228;395,229;395,230;395,232;395,233;395,234;395,235;395,236;395,238;396,239;396,240;397,241;398,242;398,244;398,245;399,246;399,247;400,248;401,249;401,250;402,251;403,252;404,252;405,254;406,255;407,256;408,257;409,258;410,258;410,259;411,259;414,261;414,262;415,262;417,263;419,264;420,265;421,266;422,267;423,267;424,268;425,269;427,270;427,271;428,272;429,274;431,274;432,275;432,276;433,277;434,279;437,280;438,281;439,282;440,282;442,283;442,284;443,285;444,286;446,287;447,287;448,288;450,289;451,292;453,293;455,294;455,295;456,295;456,296;457,296;459,298;461,299;463,300;466,301;467,301;469,302;470,303;472,304;474,305;475,306;477,306;478,306;478,307;479,308;481,308;482,310;483,310;484,310;486,311;487,311;489,311;490,312;491,313;492,313;494,313;496,314;497,314;498,314;499,315;501,316;502,317;504,317;506,317;510,317;512,318;513,318;514,319;517,319;519,319;521,319;522,320;523,320;523,321;523,322;524,322;525,323;526,324;527,324;528,324;530,326;532,327;535,329;535,330;538,330;539,330;540,331;541,331;542,332;543,333;543,334;546,335;547,335;547,336;547,337;548,338;549,338;550,338;551,339;552,339;553,341;553,342;554,342;557,345;558,345;558,346;560,348;561,348;562,349;563,350;564,350;565,351;566,351;567,354;570,355;572,356;573,357;575,358;577,360;578,360;579,361;582,363;582,364;583,364;585,366;587,367;589,368;591,369;592,370;593,370;595,372;596,372;598,374;599,375;600,375;601,375;601,376;602,376;602,377;604,378;604,379;605,379;606,380;607,380;607,382;608,383;608,384;609,385;610,386;611,388;611,389;612,390;614,391;614,392;615,393;616,393;617,395;618,396;619,398;620,398;621,400;623,401;623,402;624,402;625,402;626,402;628,403;629,403;629,404;631,405;632,406;633,407;634,407;634,408;635,408;637,409;638,409;639,410;640,411;640,412;641,412;642,413;642,414;643,415;644,416;645,417;646,418;648,419;649,419;649,420;650,420;651,421;651,422;652,423;652,424;653,424;654,425;655,426;657,426;658,427;659,428;659,429;661,430;662,430;662,431;664,432;665,433;667,434;668,435;671,436;673,437;674,438;676,439;677,440;678,440;679,442;680,442;682,443;683,444;684,445;686,446;687,448;688,448;689,449;691,450;692,450;694,451;695,451;696,453;698,454;699,455;700,455;701,455;701,456;702,456;702,457;703,458;704,459;706,459;706,460;707,461;708,461;710,463;711,463;712,464;713,466;715,467;716,468;717,469;719,471;720,471;721,472;721,473;723,474;723,475;724,476;725,476;726,478;727,479;729,480;730,481;731,481;732,482;733,483;734,483;734,484;735,485;735,486;737,486;739,487;740,487;742,488;743,489;744,490;745,491;747,491;750,492;751,492;752,493;753,493;754,493;755,493;756,493;757,493;759,493;760,494;761,494;762,494;762,495;764,495;765,495;767,495;769,495;770,495;771,497;772,497;773,497;774,497;775,498;776,498;777,498;778,499;779,499;780,499;781,499;782,499;783,499;783,500;784,500;785,500;787,501;788,502;790,502;791,502;791,503;792,503;794,503;795,504;797,504;797,505;798,505;799,506;801,506;802,506;802,508;803,508;804,509;805,509;806,509;808,510;809,511;810,511;811,512;812,512;813,512;814,514;815,514;816,515;817,516;818,517;820,518;821,519;822,520;823,520;824,521;825,522;826,522;827,522;828,522;829,522;831,522;832,522;834,522;835,522;837,522;838,522;840,522;842,522;843,522;845,522;846,522;847,522;848,522;850,522;851,522;854,522;855,522;857,522;858,522;861,522;864,522;865,522;868,522;869,522;870,522;871,522;872,522;873,522;875,522;876,522;877,522;879,522;880,522;881,522;882,522;883,522;884,522;886,522;887,522;889,522;890,522;891,522;892,522;894,522;895,522;897,522;898,522;899,522;900,522;901,522;903,519;905,518;908,516;909,516;910,515;911,513;912,513;912,511;913,511;914,510;915,509;916,507;917,504;917,503;918,500;919,499;920,497;921,496;921,494;921,492;921,491;921,490;921,488;921,486;921,484;921,482;921,481;921,479;921,478;921,476;921,475;921,474;921,473;921,472;921,470;921,469;921,468;921,466;921,465;921,464;920,463;919,463;918,462;918,461;917,460;917,459;916,458;915,458;915,457;914,457;914,456;913,456;912,455;911,454;910,453;909,453;908,452;907,452;906,452;906,451;905,450;903,450;902,449;900,447;899,446;897,446;896,446;894,446;894,445;893,445;891,444;890,444;888,443;886,443;885,442;884,442;883,442;882,442;882,441;880,441;880,440;879,440;877,439;876,439;875,439;874,439;873,438;872,438;871,438;870,438;869,437;867,435;865,434;864,433;863,433;861,431;860,431;859,430;858,428;857,428;855,426;854,426;852,424;851,423;851,422;849,421;847,421;846,420;845,420;844,419;843,418;841,418;840,416;839,416;838,416;837,416;836,416;835,416;834,416;833,416;833,418;831,420;831,422;831,424;830,426;830,429;830,430;830,431;830,432;829,432;829,433;829,434;829,436;829,437;829,438;829,439;829,440;829,442;829,443;829,445;829,447;829,450;829,451;830,452;830,454;830,455;830,456;830,457;830,458;829,458;829,459;828,460;828,461;826,463;825,464;824,465;823,465;823,467;822,468;821,469;820,469;818,470;817,470;816,470;815,470;814,470;813,470;812,470;811,470;810,470;808,470;807,470;806,470;805,470;804,470;803,470;802,470;801,470;800,470;799,470;798,470;796,470;795,470;793,470;792,470;791,470;790,470;789,470;788,470;787,470;786,470;785,470;783,469;781,468;780,468;779,467;778,467;777,467;777,466;775,466;774,466;772,465;771,465;771,464;770,464;769,464;768,463;767,462;767,461;766,461;765,461;764,461;764,460;763,460;762,459;761,459;760,458;759,458;758,456;757,455;756,454;755,453;754,452;753,451;752,451;751,450;750,449;749,448;748,447;747,446;746,446;746,445;745,445;744,444;743,443;743,442;742,441;741,441;740,441;739,440;737,440;736,440;735,439;735,438;734,438;733,438;732,438;732,437;730,437;729,437;728,437;726,436;725,435;723,435;722,434;721,434;720,434;719,434;718,434;717,434;716,433;716,432;714,430;713,430;712,430;711,429;710,428;709,427;708,427;708,425;707,425;706,424;705,423;704,423;703,423;702,422;701,421;700,421;699,420;699,419;698,418;697,418;696,417;695,416;694,415;694,414;694,413;693,413;692,413;691,411;690,409;689,409;689,408;688,408;687,406;686,406;685,405;684,405;684,403;683,402;682,400;681,400;680,400;680,399;679,399;678,398;678,397;677,397;676,397;675,396;674,396;673,394;672,394;671,394;670,393;668,392;667,392;666,392;666,391;665,391;664,390;663,390;662,389;662,388;660,387;659,387;659,386;658,386;657,386;656,385;655,384;654,384;653,383;653,382;652,381;650,381;649,381;648,381;647,379;646,379;645,379;644,379;643,378;642,378;641,376;641,375;640,375;639,374;638,373;637,372;636,372;635,372;634,371;633,371;632,370;632,369;631,369;630,368;629,367;629,366;628,366;627,365;626,365;625,365;625,364;625,363;624,363;623,362;622,362;621,361;620,360;619,359;618,358;618,357;617,356;616,355;615,354;615,353;614,352;614,351;613,350;612,350;611,348;611,347;609,345;609,344;608,342;607,342;607,341;606,341;606,340;606,339;606,338;605,337;605,336;605,335;605,334;605,332;605,331;605,330;605,329;605,328;605,326;605,325;605,324;605,323;605,322;605,320;605,319;605,318;605,317;605,316;605,315;605,314;605,313;605,312;605,310;605,309;605,308;605,306;604,305;604,304;604,302;603,302;603,301;602,300;601,299;600,298;600,297;600,296;599,296;598,294;597,293;596,290;595,290;595,289;594,288;594,287;593,287;593,286;593,285;593,284;591,283;591,281;591,279;590,278;589,276;588,275;588,274;588,273;587,273;586,271;586,270;585,269;585,268;584,267;583,265;582,264;581,263;581,262;579,262;579,260;577,258;577,257;575,255;574,254;573,253;573,252;572,251;572,250;571,249;570,247;569,245;568,244;566,243;566,241;565,241;564,239;563,237;562,236;561,235;560,233;559,232;559,231;558,230;557,229;556,228;555,228;554,227;553,226;552,224;551,224;551,222;550,222;548,221;547,220;546,219;544,217;543,216;542,216;541,215;539,214;538,212;536,210;535,210;534,210;533,209;532,208;530,206;528,204;528,203;527,202;526,201;524,200;522,199;520,198;519,196;518,196;516,195;515,194;514,194;513,193;512,193;512,192;511,192;510,191;508,190;506,189;505,188;503,187;501,185;501,184;500,184;499,183;498,182;497,182;496,181;494,180;492,179;491,177;489,176;488,176;484,175;482,175;481,175;481,174;479,173;478,172;477,171;476,171;474,170;472,169;469,166;465,165;462,164;460,163;459,163;458,163;457,163;456,162;454,160;453,160;452,159;451,158;450,158;449,157;448,157;448,156;446,156;445,154;444,154;444,153;443,153;442,153;442,152;441,151;438,151;437,151;437,150;436,149;434,148;432,147;432,146;431,146;430,146;429,145;428,144;428,143;425,142;424,141;422,141;421,140;420,140;419,140;418,140;417,140;416,140;414,140;413,140;412,142;412,143;411,144;411,145;410,145;410,146;409,146;409,147;408,148;408,149;408,150;407,151;407,152;406,153;406,154;406,155;406,156;405,157;405,159;405,160;405,161;404,161;403,162;401,163;401,164;400,164;399,164;398,165;397,165;396,165;395,165;394,165;393,165;391,166;390,166;388,166;387,166;386,166;385,166;384,166;383,166;382,166;380,166;379,166;378,166;377,166;376,166;374,166;373,165;372,165;371,165;370,165;369,165;368,164;367,164;366,163;364,163;364,162;363,162;362,162;361,162;
Artery; POLYGON; 237, 28, 36; 634,371;633,370;632,370;632,369;631,368;630,368;629,368;628,366;626,365;625,363;623,363;622,362;620,360;620,359;619,359;619,358;618,357;617,357;617,356;616,356;616,354;615,353;615,352;613,351;612,350;611,350;611,349;611,348;611,347;611,346;610,344;610,343;610,341;609,341;609,340;609,339;609,338;610,336;610,335;611,335;612,335;613,335;614,335;615,335;616,335;617,335;618,335;619,335;620,335;622,335;623,335;625,335;626,335;627,335;628,335;629,335;630,335;631,335;632,335;633,335;634,335;635,335;636,335;637,335;639,336;640,337;641,338;642,338;642,339;643,340;644,340;645,342;646,343;646,344;648,345;649,346;650,347;650,348;650,349;651,350;652,350;652,351;653,351;654,352;655,353;655,354;656,355;656,356;657,357;658,357;659,358;659,359;659,360;660,360;661,361;662,361;663,362;664,362;665,363;666,363;666,364;668,365;670,365;671,365;672,366;673,366;674,366;674,367;675,367;677,368;678,368;678,369;680,369;681,371;682,371;683,371;683,372;684,372;685,373;686,374;687,374;688,375;689,375;690,375;691,377;692,377;693,378;694,379;695,380;696,380;697,380;697,381;698,381;699,381;700,383;701,384;703,385;704,385;704,386;705,386;706,387;707,388;708,389;709,390;710,390;710,391;711,391;711,392;712,393;712,394;714,394;714,395;715,396;716,396;717,397;718,398;718,399;718,400;719,400;720,401;721,401;721,402;722,403;722,404;723,406;725,406;725,407;726,408;727,409;728,411;729,411;730,412;731,412;732,413;733,414;734,415;735,415;735,416;736,417;737,418;738,418;739,418;739,419;740,420;741,420;741,421;742,421;744,423;745,423;745,424;746,424;748,424;750,424;750,425;751,425;752,426;753,426;754,426;755,427;756,427;757,427;757,429;759,429;760,429;760,430;761,430;762,430;763,430;763,431;764,432;766,433;766,434;767,434;768,435;769,435;770,435;771,435;771,436;773,436;774,437;775,438;776,438;777,438;779,440;781,441;782,441;783,441;784,441;784,442;785,442;785,443;786,443;788,445;790,446;790,447;791,448;792,449;794,450;794,451;795,452;795,453;796,453;797,454;797,455;798,455;798,456;799,456;800,458;801,458;801,459;802,459;803,459;804,460;806,461;806,462;807,463;809,465;809,466;810,467;810,468;811,468;811,469;812,470;813,471;814,473;816,473;817,474;818,476;819,477;820,477;821,478;822,479;824,480;825,483;826,483;829,484;831,485;832,485;833,487;835,487;836,489;838,491;841,492;844,492;845,493;846,493;848,494;849,494;850,494;851,494;853,495;853,496;854,496;855,496;856,496;857,496;858,496;859,496;860,496;861,496;863,495;864,495;864,494;865,493;866,493;867,492;867,490;868,489;869,488;870,487;872,486;873,485;874,484;874,483;875,483;875,482;876,480;877,478;878,476;879,476;879,475;879,474;880,472;881,470;882,468;882,467;882,465;884,464;884,463;884,462;884,461;885,460;885,459;885,458;885,457;885,456;885,454;885,453;885,452;885,451;885,450;885,449;885,447;885,446;885,445;883,442;881,440;878,437;876,435;875,434;873,433;872,432;871,432;870,431;869,430;868,429;866,428;865,427;864,426;863,426;862,425;860,424;859,423;859,422;857,421;857,420;855,419;854,419;853,419;851,418;850,418;849,418;848,418;847,416;846,416;845,416;844,415;843,415;842,415;841,414;840,413;838,413;837,412;835,410;834,410;833,410;832,408;830,408;828,407;827,406;826,406;824,406;824,404;822,403;821,402;819,400;817,399;815,398;813,397;812,397;811,397;810,395;809,394;808,393;806,391;805,391;804,390;803,389;802,389;801,388;800,388;799,388;797,386;796,386;795,384;792,383;791,383;790,382;789,381;788,381;787,380;786,379;785,378;784,378;782,377;781,377;781,376;779,374;779,373;778,373;776,372;775,371;774,371;774,370;773,370;772,369;771,369;769,368;769,367;768,366;766,365;765,365;764,364;763,363;762,362;762,361;760,361;758,360;756,358;755,358;754,357;754,356;752,354;751,354;750,354;749,354;749,353;747,353;746,352;745,350;744,350;742,348;741,347;740,346;739,345;737,344;736,343;734,341;733,340;731,340;730,339;729,339;728,338;727,338;724,335;724,334;723,334;722,333;721,333;720,332;719,331;718,331;716,330;715,330;715,329;714,329;713,328;713,327;712,327;711,326;710,326;709,324;708,323;707,322;705,322;704,321;703,320;702,318;701,318;698,318;695,317;694,315;693,315;691,313;689,311;687,311;686,310;685,309;684,309;683,308;682,307;681,307;679,305;678,304;676,303;675,303;675,302;673,301;672,300;671,298;670,298;668,297;667,296;665,295;662,294;661,294;660,293;660,292;659,292;658,291;657,291;657,290;656,290;654,289;653,288;652,287;650,286;650,285;648,285;647,285;646,283;645,283;644,283;644,282;642,282;641,280;640,280;639,279;637,278;636,277;635,277;634,277;634,276;633,275;633,274;632,273;631,273;630,273;630,272;628,271;627,271;626,270;624,268;623,266;621,265;618,264;617,264;616,262;615,261;614,261;613,261;612,260;609,259;607,259;606,258;604,256;604,255;602,255;602,254;600,253;599,252;597,251;595,251;592,248;590,247;589,245;587,245;585,244;585,243;584,242;583,241;582,241;579,240;577,239;576,237;573,235;569,233;568,233;566,232;565,231;564,230;563,230;561,229;560,229;557,227;556,227;554,226;553,226;550,226;548,225;546,225;544,224;544,223;542,223;541,223;540,223;539,223;538,223;537,223;535,223;534,223;532,223;530,225;529,226;528,228;526,231;525,232;525,236;524,239;522,239;522,240;522,241;522,243;522,245;522,247;522,249;522,251;525,255;526,256;526,257;526,258;527,259;527,260;528,261;529,265;531,267;532,269;533,272;534,274;534,275;534,277;534,278;536,279;536,280;537,281;537,282;539,286;540,288;542,290;543,291;545,294;550,299;551,299;553,301;553,302;554,303;555,304;557,306;558,307;561,310;562,311;563,311;564,312;564,313;564,315;563,315;562,316;561,316;561,318;561,321;559,323;558,325;558,327;558,330;558,331;558,333;558,334;558,335;558,336;559,336;559,337;561,337;562,339;562,340;564,340;565,341;566,341;567,341;568,341;570,342;571,342;572,342;573,343;574,343;575,343;576,343;577,345;578,345;579,347;581,347;583,348;586,349;587,349;588,349;589,351;589,352;590,352;590,353;592,354;593,354;593,355;594,355;595,357;597,358;597,359;598,360;600,361;601,363;603,364;603,365;604,365;604,366;605,366;606,367;607,367;609,368;610,368;612,370;613,370;614,372;615,372;616,372;617,373;619,374;620,374;621,374;623,376;624,376;625,378;627,378;629,380;632,382;635,383;637,384;640,384;642,386;644,387;646,387;646,389;649,390;651,391;652,392;653,392;654,393;656,393;656,395;660,398;662,400;665,404;
Artery; POLYGON; 237, 28, 36; 687,416;688,416;689,416;689,417;690,418;691,418;692,419;693,420;694,422;695,422;696,423;697,423;698,423;699,424;700,425;701,425;702,426;703,426;704,426;705,426;707,428;709,428;711,429;712,429;712,430;713,430;714,431;715,431;716,432;717,433;718,433;718,434;719,434;720,434;720,435;721,436;722,437;724,439;725,439;726,441;727,442;727,443;729,443;730,443;730,444;730,445;730,446;730,447;730,448;
Artery; POLYGON; 237, 28, 36; 691,423;692,423;694,423;695,423;696,423;697,423;698,423;699,423;700,423;701,423;703,423;705,423;706,423;707,423;708,423;708,425;709,425;710,425;711,426;713,427;714,428;715,429;716,429;718,431;719,432;719,433;720,434;721,435;722,436;724,438;724,439;725,440;726,441;727,442;727,443;727,444;727,445;728,447;729,449;730,451;731,454;
Artery; POLYGON; 237, 28, 36; 756,466;757,466;759,466;761,466;763,466;765,466;767,466;768,466;769,466;771,466;773,466;774,466;775,466;776,466;777,466;778,466;779,466;782,466;784,466;785,466;786,466;787,466;788,466;789,466;790,466;791,466;792,466;794,466;795,466;796,467;797,467;799,469;799,470;800,471;802,472;802,473;804,476;805,478;806,479;806,480;807,480;807,482;808,483;809,485;810,486;811,486;813,488;814,488;817,488;821,488;
Artery; POLYGON; 237, 28, 36; 851,519;853,519;855,520;856,520;859,521;860,522;862,522;865,524;866,524;869,525;871,526;876,526;878,527;880,528;882,529;884,530;885,531;886,531;887,531;888,531;890,532;891,532;892,532;893,533;893,534;894,534;895,535;896,536;898,536;899,537;900,537;901,537;902,537;904,539;906,539;908,539;910,540;913,540;916,541;920,541;923,541;924,541;925,541;926,542;926,543;927,543;928,543;929,544;930,544;933,544;933,545;934,545;938,547;939,548;940,549;942,549;944,549;947,550;948,551;950,551;953,551;956,552;958,553;959,554;961,554;963,556;965,556;966,556;969,557;970,557;971,558;972,558;973,558;975,559;976,560;977,561;979,562;980,563;982,564;983,564;984,564;985,564;985,565;987,565;987,566;988,567;989,568;991,568;992,569;993,569;995,570;997,570;998,571;999,571;1000,571;1002,573;1003,573;1004,573;1005,573;1006,573;1006,574;1007,574;1008,574;1009,574;1010,574;1011,574;1012,574;1014,574;1015,574;1016,574;1016,573;1017,573;1017,572;1017,571;1017,570;1017,568;1017,567;1016,565;1016,564;1016,563;1016,561;1014,560;1014,559;1014,558;1014,557;1014,556;1014,555;1014,554;1014,553;1014,552;1014,550;1014,549;1014,548;1014,547;1014,546;1014,544;1014,543;1014,542;1014,541;1014,540;1014,539;1014,538;1014,537;1014,535;1014,534;1014,533;1014,532;1014,531;1014,530;1014,528;1014,526;1014,525;1014,523;1014,522;1014,521;1014,519;1014,517;1014,516;1014,515;1014,513;1014,512;1014,511;1014,510;1014,509;1014,508;1015,507;1015,506;1015,505;1015,504;1015,503;1015,500;1015,498;1015,497;1015,495;1015,493;1015,492;1015,491;1015,490;1015,489;1015,487;1015,486;1015,485;1015,484;1015,483;1015,481;1014,480;1013,480;1012,480;1010,479;1009,479;1008,479;1007,479;1006,478;1005,478;1004,478;1002,478;1001,478;1000,477;999,477;997,477;996,476;994,475;993,475;991,475;990,475;988,474;986,474;983,473;981,473;980,473;979,472;978,471;977,471;975,471;973,470;972,469;970,469;969,469;967,469;966,469;965,469;964,469;964,468;962,468;960,467;958,467;957,467;956,467;954,466;951,466;950,466;949,466;947,464;946,464;945,464;944,464;943,464;942,463;942,462;940,462;939,461;938,461;937,461;935,460;934,458;932,458;931,458;929,457;928,457;927,457;925,456;924,456;922,455;921,455;920,455;918,454;917,454;916,454;914,454;913,454;912,454;911,453;910,453;910,452;909,452;908,451;907,451;906,451;905,451;902,450;901,449;899,449;898,448;897,448;897,447;895,447;894,446;892,445;892,444;890,444;889,444;888,444;887,444;885,444;883,444;882,443;881,443;879,442;878,442;875,442;873,442;871,442;870,442;867,442;866,442;865,442;864,442;863,442;862,442;861,442;860,442;858,442;856,443;855,443;854,444;853,445;852,445;851,447;851,448;849,450;848,451;847,453;845,453;843,454;842,455;841,456;840,457;838,457;836,459;835,461;834,461;834,463;833,463;833,464;831,465;831,466;831,467;831,468;831,469;831,470;
Artery; POLYGON; 237, 28, 36; 807,452;806,451;805,450;804,450;803,450;801,450;800,450;799,450;798,449;797,449;796,449;795,449;794,449;793,449;792,449;791,448;790,448;789,448;789,447;788,447;787,447;786,447;785,446;784,445;784,444;783,444;783,443;782,442;781,441;781,440;780,439;780,438;778,437;777,435;776,435;776,434;774,431;774,430;773,429;773,427;773,425;773,424;773,423;773,421;774,421;775,420;775,419;776,418;777,418;778,418;779,417;782,417;784,416;789,416;792,415;794,412;
Artery; POLYGON; 237, 28, 36; 748,456;749,456;750,456;751,456;752,456;753,456;754,456;755,456;757,457;758,457;759,457;760,457;761,458;763,459;764,459;765,460;766,460;767,460;767,461;769,463;771,464;772,465;774,466;776,468;777,469;779,470;780,471;781,471;782,471;782,472;783,472;784,472;787,474;789,475;792,477;793,478;794,478;797,481;799,481;803,485;804,486;805,488;807,490;808,491;809,491;811,491;811,492;
Artery; POLYGON; 237, 28, 36; 835,519;836,519;838,520;839,520;842,520;842,521;846,521;847,523;849,523;851,523;852,523;853,524;854,524;855,524;857,525;858,525;860,526;861,526;863,527;864,527;867,528;869,528;870,528;871,528;872,528;873,528;874,528;875,529;876,529;877,530;878,530;879,531;882,532;883,532;884,532;885,533;887,534;888,534;889,534;891,537;894,537;897,537;898,538;899,538;900,538;901,539;903,540;905,541;906,541;908,543;910,544;911,544;913,544;916,546;918,546;921,547;923,547;926,550;928,551;933,551;934,551;937,552;939,553;943,554;944,554;946,554;948,555;949,555;951,555;953,555;955,555;957,555;960,555;961,555;964,555;965,555;968,554;969,554;970,553;971,552;972,549;974,547;975,543;975,540;975,538;975,535;976,532;976,528;976,524;976,520;976,516;976,513;976,510;975,507;975,504;973,500;971,497;968,493;964,490;959,485;954,481;948,476;941,471;934,466;926,462;919,459;914,457;909,456;904,456;899,456;898,456;
Artery; POLYGON; 237, 28, 36; 941,548;944,549;947,550;948,550;950,550;951,550;952,550;953,550;953,551;955,552;956,553;959,554;961,555;963,556;964,556;965,556;967,556;969,557;970,557;971,557;973,558;973,559;975,560;976,560;977,560;978,561;980,561;981,561;984,562;986,563;987,564;989,564;990,564;991,565;992,565;993,565;994,565;995,566;996,567;996,568;998,568;999,569;1000,569;1001,569;1001,570;1003,571;1004,571;1005,572;1006,572;1007,572;1008,572;1010,572;1011,572;1012,572;1013,572;1013,570;1013,569;1013,568;1013,567;1013,566;1014,565;1014,564;1014,563;1014,562;1014,561;1014,560;1014,558;1014,557;1014,556;1014,555;1014,554;1014,553;1014,551;1014,549;1014,548;1014,547;1014,546;1014,544;1015,543;1015,542;1016,541;1016,540;1016,539;1018,536;1018,535;1018,534;1018,533;1018,532;1018,531;1018,529;1018,528;1018,526;1018,525;1018,524;1018,523;1018,520;1018,519;1016,518;1015,516;1014,516;1014,514;1012,512;1011,511;1010,510;1010,509;1009,507;1007,506;1005,506;1004,506;1003,506;1002,506;1000,506;999,506;998,506;997,506;996,506;995,506;993,506;991,506;988,506;985,506;983,506;979,506;976,506;972,506;969,509;966,510;961,511;961,512;
Artery; POLYGON; 237, 28, 36; 508,312;508,313;511,314;511,315;512,316;513,317;514,317;515,319;516,320;516,321;517,321;518,322;519,322;519,323;520,323;521,323;522,326;522,327;523,327;523,328;524,328;525,328;525,329;526,329;528,330;529,330;529,331;530,333;532,333;533,333;537,335;539,336;543,336;545,339;546,339;548,339;549,340;550,341;552,341;553,342;554,342;555,344;557,344;557,345;558,346;559,347;560,348;561,348;563,348;565,349;565,350;566,351;567,352;568,352;569,353;571,355;571,356;572,357;574,357;575,358;577,358;578,360;580,361;580,362;581,363;582,363;583,364;585,365;586,365;587,366;588,367;589,367;590,367;592,370;593,371;595,372;596,373;597,373;598,373;599,374;600,374;602,376;604,377;605,378;606,378;607,379;608,381;609,382;610,382;612,383;614,383;614,384;616,385;617,387;618,387;619,388;620,388;621,388;621,389;622,389;623,389;625,390;626,390;627,391;628,391;629,391;630,391;631,393;632,393;633,393;635,393;636,393;637,393;638,393;639,393;640,393;641,393;642,392;643,391;643,390;643,389;643,388;643,387;643,386;643,385;643,384;643,383;643,382;643,381;643,380;643,379;643,377;643,376;643,375;643,374;643,373;643,372;643,371;643,370;643,369;643,368;643,367;642,366;641,365;640,364;638,363;638,362;637,362;636,361;634,361;633,361;632,360;631,360;630,360;629,360;628,359;628,358;627,358;626,357;625,357;624,357;623,355;621,355;621,354;619,354;619,353;618,353;617,352;616,351;614,349;614,348;612,347;609,346;608,345;606,343;603,340;602,339;599,336;597,334;595,333;592,331;591,329;589,327;585,324;583,322;581,319;578,316;576,313;575,309;573,306;571,304;569,301;568,297;567,295;567,293;567,291;565,289;565,288;565,285;564,283;564,281;563,278;563,277;563,276;563,274;563,273;
Stroma; POLYGON; 128, 128, 128; 423,142;423,141;422,141;421,141;420,141;419,141;418,141;417,141;415,141;414,141;413,141;412,141;411,141;410,141;409,141;408,141;407,141;406,140;406,139;404,139;403,138;403,137;401,135;400,135;400,134;399,134;399,133;398,132;397,131;397,130;397,129;397,128;396,128;396,127;396,126;396,125;396,124;395,123;395,121;395,120;395,119;396,118;396,117;396,116;397,116;398,116;399,115;400,115;401,115;402,115;404,115;405,115;406,115;407,115;408,115;409,114;410,114;411,114;412,114;413,114;415,114;416,114;416,113;417,112;417,111;418,110;419,110;419,109;420,108;420,107;421,105;422,104;423,103;424,103;425,103;426,103;427,103;429,103;430,103;431,103;432,103;433,103;434,103;435,103;436,103;437,103;438,103;439,103;440,103;440,104;441,104;442,105;443,105;444,105;445,105;447,105;448,106;449,106;450,106;452,106;453,106;454,106;455,106;456,106;458,106;460,106;461,106;463,106;464,106;465,106;467,106;469,106;470,106;472,106;473,106;473,105;475,105;477,105;480,103;481,103;482,103;483,103;485,103;486,103;487,103;488,103;489,103;492,101;494,101;495,100;496,100;497,100;498,100;499,99;500,99;501,99;503,98;504,98;505,98;507,96;508,96;510,95;511,94;512,94;513,94;515,94;516,94;517,92;518,91;519,90;520,89;521,89;522,89;523,89;524,89;525,89;526,88;527,88;528,88;530,88;531,88;532,88;534,87;535,86;535,85;536,85;537,85;538,85;539,84;540,84;541,84;542,84;543,83;545,83;546,83;548,83;549,83;551,83;552,83;552,84;552,85;552,86;551,86;551,87;550,88;549,89;549,90;548,91;548,92;548,93;547,94;547,95;547,96;546,97;546,98;546,99;545,99;545,100;545,101;545,102;544,103;544,104;544,105;544,106;543,107;542,108;542,109;542,110;541,111;540,112;539,112;539,113;538,113;538,114;538,116;538,117;538,118;540,119;542,119;543,119;544,119;545,119;546,119;547,119;548,119;550,120;551,120;553,120;554,121;555,121;556,121;557,121;558,121;561,121;562,121;565,121;566,121;567,122;568,122;569,122;570,123;571,124;572,124;573,124;574,124;575,124;576,124;577,124;578,124;579,124;581,124;582,124;583,124;584,124;585,124;586,124;588,122;588,121;589,121;590,120;591,120;591,119;593,119;593,118;594,118;595,118;596,117;596,116;596,115;598,115;598,114;599,113;600,113;601,112;602,111;602,110;602,109;603,109;603,108;604,108;604,107;605,106;606,106;607,106;607,105;608,104;608,103;609,103;609,102;610,102;611,102;612,101;612,100;612,99;612,98;613,96;613,95;613,94;613,92;613,91;613,90;613,89;613,87;613,86;613,85;613,84;613,83;613,82;613,81;613,80;612,78;612,77;612,76;612,75;612,74;612,73;613,73;613,72;614,72;615,72;616,71;618,70;619,70;620,70;621,70;622,70;623,70;625,70;625,68;627,68;628,68;629,67;631,67;633,66;634,66;635,66;636,66;637,66;640,66;641,66;644,65;646,63;648,63;649,62;651,62;653,61;654,61;655,61;657,61;658,61;659,61;661,59;664,59;666,59;667,59;668,59;669,59;670,59;671,58;673,57;674,57;676,55;677,55;678,54;680,54;681,53;683,53;684,53;686,53;688,53;690,53;692,53;695,51;696,50;698,49;699,49;700,49;702,48;704,48;705,48;706,48;707,48;709,48;711,48;712,47;715,47;716,47;717,47;718,46;719,46;720,46;722,46;723,46;725,46;727,45;728,44;729,44;730,43;732,43;733,43;735,42;736,42;737,42;738,41;739,41;740,41;741,41;743,41;744,41;746,41;747,41;749,41;751,40;753,39;754,39;755,39;755,38;755,37;756,37;757,36;758,36;759,35;762,35;764,34;766,33;768,31;769,31;769,30;770,30;771,29;774,29;776,28;777,28;779,27;780,26;781,26;782,24;783,24;784,24;786,23;787,23;788,23;789,22;790,22;792,22;793,21;792,22;791,23;790,24;790,25;788,26;787,27;786,27;786,28;785,28;784,29;783,29;782,31;781,31;779,32;778,33;777,33;776,34;775,35;775,36;775,37;774,37;774,38;773,40;773,41;772,41;772,43;770,45;770,46;769,46;769,47;768,48;767,49;766,50;765,50;765,51;764,52;763,53;762,54;761,55;760,57;759,57;759,58;759,59;759,60;758,60;758,61;757,62;756,63;756,64;756,65;756,66;756,67;754,68;754,69;753,70;753,71;753,72;753,73;753,74;753,75;753,76;753,77;754,79;755,79;756,79;756,80;758,80;758,81;759,81;761,81;762,81;763,81;764,81;766,81;767,81;767,82;768,82;769,82;770,83;771,83;771,85;772,85;774,85;774,86;775,86;777,88;779,88;780,89;782,91;782,92;783,93;784,94;785,94;786,95;789,96;791,96;792,98;793,99;795,99;795,100;796,100;798,100;799,100;800,100;801,100;802,100;803,100;804,100;805,100;806,100;808,100;809,100;811,100;812,100;813,100;814,100;815,100;816,100;817,100;818,100;819,100;820,100;821,100;822,99;823,98;825,97;826,96;827,95;828,95;828,94;829,94;830,91;831,90;831,89;831,88;831,87;831,86;831,85;831,84;831,83;831,82;831,81;831,80;831,78;831,77;831,76;831,75;831,74;831,72;831,71;831,70;831,69;830,67;829,67;829,66;828,65;828,64;828,63;828,62;828,61;828,60;828,59;828,58;827,56;827,55;827,54;826,53;826,52;826,50;825,49;824,48;824,47;824,46;824,45;823,44;823,43;823,42;823,41;823,39;823,37;823,36;824,36;825,36;826,36;827,36;828,36;829,36;830,36;831,36;834,36;837,36;838,36;840,36;842,37;844,37;845,37;848,39;849,39;850,41;851,41;851,42;852,42;853,42;853,43;854,44;854,45;855,46;856,47;858,49;859,49;860,52;862,53;862,54;863,55;865,56;865,57;866,59;868,60;870,61;872,63;874,65;876,65;877,67;878,67;880,68;883,69;884,69;887,72;891,72;894,72;896,72;897,72;899,72;901,72;902,73;904,73;905,73;907,73;908,73;910,73;911,73;912,73;913,73;914,73;915,73;916,73;917,73;918,73;919,73;920,73;921,73;922,73;923,73;924,73;925,73;926,73;927,74;929,74;930,74;931,75;932,75;933,75;933,76;934,77;936,77;937,78;938,78;938,79;939,79;940,79;941,80;942,80;942,81;943,82;943,83;943,85;943,86;943,87;943,88;943,90;942,90;939,90;938,90;936,91;935,91;934,91;933,91;932,91;931,91;930,91;929,91;927,91;926,91;925,91;923,91;922,92;921,92;920,94;920,95;920,96;919,97;919,98;919,100;919,101;919,102;919,103;919,104;919,106;919,107;919,108;919,109;920,109;921,109;922,110;923,110;924,111;926,111;927,111;928,112;929,112;930,112;931,112;932,112;933,112;934,112;935,112;936,112;937,112;938,112;939,112;940,112;942,112;944,112;945,112;946,112;948,112;949,112;950,112;952,112;953,112;955,112;956,112;957,112;959,112;960,112;961,112;963,112;964,112;965,112;966,112;967,112;968,113;969,113;970,113;971,114;972,115;973,115;974,116;974,117;975,117;976,117;976,118;977,119;977,120;979,123;981,125;983,127;984,129;985,130;985,131;986,132;986,133;987,135;988,136;988,137;988,138;989,140;989,142;989,143;989,144;989,145;989,147;990,149;990,153;991,155;991,159;992,161;993,164;994,169;994,171;996,174;997,175;997,177;997,178;998,179;1000,181;1000,182;1000,183;1000,185;1002,187;1002,188;1003,189;1004,192;1005,193;1005,195;1006,197;1006,198;1007,199;1008,200;1008,201;1009,204;1009,205;1009,206;1009,207;1009,208;1009,209;1009,210;1009,212;1009,214;1010,215;1010,217;1010,218;1010,219;1010,220;1010,221;1010,222;1010,223;1010,224;1010,226;1010,228;1010,229;1009,230;1007,233;1006,234;1005,235;1004,236;1003,237;1001,240;999,241;998,242;997,242;995,243;994,243;993,243;992,243;991,243;990,242;989,242;987,242;985,240;983,240;982,240;981,240;980,240;979,240;978,240;977,240;976,240;975,239;974,239;972,239;971,239;969,239;968,239;967,239;966,239;965,240;963,240;962,241;961,241;959,241;957,242;956,242;954,242;953,242;951,242;950,242;949,242;948,243;947,243;946,243;945,244;944,245;943,245;943,246;943,247;942,247;941,248;939,249;938,250;937,250;936,250;935,251;934,251;932,251;930,251;929,251;928,251;927,251;925,251;924,251;923,251;921,251;920,251;919,253;917,253;916,253;915,253;914,253;913,253;911,253;910,253;909,254;908,254;907,254;904,255;903,255;902,255;901,255;899,255;898,256;897,256;896,256;895,256;894,256;893,256;892,256;891,256;891,257;889,257;889,258;887,259;886,260;885,260;884,260;883,261;882,261;881,261;880,261;879,262;878,262;877,263;876,263;876,264;875,265;873,265;873,266;872,266;872,267;870,268;870,269;869,270;868,271;867,271;866,272;865,272;864,273;863,273;862,274;862,275;861,276;860,276;860,277;859,278;858,278;857,278;857,279;857,280;856,281;856,282;856,283;856,284;856,285;856,286;856,288;856,289;856,290;856,291;856,292;856,293;856,294;856,295;856,296;856,297;856,298;856,300;856,301;856,302;856,303;856,304;856,305;856,306;856,308;856,309;856,310;856,311;856,312;856,313;858,314;858,315;859,315;860,317;861,317;861,319;861,320;861,321;861,322;861,323;861,324;862,327;862,328;863,329;863,331;864,331;864,332;864,333;865,334;865,335;866,335;866,336;867,336;867,338;867,339;868,340;869,341;869,342;869,343;870,344;870,345;871,347;872,347;872,348;873,349;873,351;874,352;875,353;875,354;876,354;876,355;876,357;876,358;877,358;877,359;878,360;879,360;879,361;879,363;880,363;880,364;881,364;882,364;882,365;883,365;883,366;884,367;885,368;886,369;886,370;887,370;887,371;889,371;889,372;890,374;891,375;892,376;893,376;893,377;894,377;894,378;895,379;896,380;899,382;900,382;901,383;902,383;903,385;904,386;905,387;906,387;907,388;908,388;909,389;910,390;911,390;911,391;912,391;913,391;913,392;914,392;915,393;916,393;917,393;917,394;918,395;919,396;920,396;921,396;921,397;922,398;923,398;924,399;925,399;925,401;926,401;927,402;928,403;929,404;929,405;931,406;933,408;934,410;934,411;935,411;935,412;936,414;937,415;937,416;937,417;938,418;938,419;938,420;938,421;939,421;940,422;940,423;942,424;943,424;943,426;944,427;945,428;945,429;946,430;947,431;948,432;949,433;949,434;950,435;952,436;955,436;956,436;957,438;959,438;961,438;962,438;963,438;964,437;965,437;966,436;967,435;968,435;968,434;968,433;969,433;970,433;970,432;971,432;972,431;973,431;974,430;975,429;976,429;978,428;978,427;979,427;980,426;981,424;981,423;981,422;981,421;981,420;981,419;981,418;982,417;982,415;982,414;982,413;982,412;982,410;982,408;982,406;982,405;981,405;981,403;981,402;980,401;980,399;980,398;980,397;980,396;980,394;980,393;980,392;980,390;980,389;980,388;980,387;980,386;978,384;978,383;978,382;978,381;978,380;978,378;978,377;978,376;978,375;978,374;978,373;978,371;979,370;980,369;982,368;982,367;984,367;986,365;987,364;988,364;990,364;991,364;993,364;994,364;995,364;996,364;997,364;999,364;1001,364;1003,364;1004,364;1006,364;1007,364;1008,364;1009,364;1009,365;1010,366;1011,367;1012,367;1013,368;1015,370;1015,371;1015,372;1015,373;1016,374;1016,375;1016,376;1016,377;1016,378;1016,379;1016,380;1016,382;1016,383;1016,384;1016,385;1016,386;1016,387;1016,388;1016,389;1016,390;1015,390;1014,390;1013,390;1013,391;1012,391;1011,391;1010,391;1009,390;1008,390;1008,392;1008,393;1008,394;1008,395;1008,397;1008,399;1008,401;1008,402;1008,404;1008,405;1008,407;1008,409;1008,410;1008,411;1008,413;1008,414;1008,417;1008,418;1008,419;1008,420;1008,421;1008,422;1008,423;1008,424;1008,425;1008,426;1008,427;1008,428;1008,429;1008,430;1008,431;1008,432;1008,434;1008,436;1008,437;1008,438;1008,439;1008,440;1008,441;1008,442;1007,443;1007,444;1007,445;1007,446;1006,447;1006,448;1006,450;1005,451;1005,453;1005,454;1004,456;1004,458;1004,459;1003,460;1002,461;1002,463;1002,464;1002,465;1001,465;1001,466;1001,467;1000,468;1000,469;1000,470;999,471;998,471;997,471;996,471;995,471;994,471;993,471;992,471;991,471;990,471;989,471;987,471;986,471;985,471;984,471;982,471;981,471;980,471;979,471;977,471;976,471;975,471;974,471;973,471;972,469;971,469;969,469;968,469;967,469;966,469;965,468;964,468;963,468;962,468;960,468;959,468;958,468;957,467;956,467;954,467;953,466;952,466;951,466;950,466;948,466;947,466;945,465;944,465;942,465;940,465;939,463;938,463;937,463;935,462;934,462;933,462;932,461;931,460;930,460;929,460;928,459;928,458;927,458;926,457;925,457;924,457;923,457;922,457;920,456;918,455;917,455;916,455;915,455;914,455;913,455;912,454;911,454;910,453;909,453;908,452;907,452;906,452;905,452;904,451;903,450;901,450;899,450;897,449;895,448;894,448;893,448;892,447;892,446;892,445;889,444;888,443;887,443;886,442;885,442;884,441;884,440;883,440;882,439;881,438;878,437;878,436;877,435;876,435;875,433;874,433;873,432;872,432;871,431;870,431;868,430;865,429;864,428;863,428;861,427;860,426;859,425;858,425;856,425;856,424;854,424;853,424;853,423;852,422;851,422;850,421;849,421;848,420;847,419;846,418;845,418;843,418;842,418;841,417;840,416;839,415;839,414;838,414;837,413;836,413;835,412;835,411;834,411;833,411;831,410;830,410;830,409;829,408;828,408;827,408;827,407;825,407;824,406;823,406;822,405;821,404;820,403;819,402;818,401;817,401;816,401;815,400;814,399;812,397;811,397;809,396;808,395;807,395;806,395;806,394;804,394;804,393;802,392;801,391;800,390;799,389;798,389;797,389;797,388;796,388;795,387;794,386;794,385;793,385;792,384;791,383;791,382;790,382;789,380;787,378;786,377;785,377;783,375;782,374;781,372;780,372;778,371;778,370;776,370;775,369;773,368;772,367;772,366;771,366;770,366;769,365;768,364;767,364;766,363;765,363;764,361;762,361;761,361;760,360;759,360;759,359;758,359;758,358;756,358;755,357;754,356;754,355;753,355;751,355;750,353;749,353;747,352;746,352;745,351;745,350;743,349;742,348;741,348;740,347;739,347;738,346;737,346;736,344;734,343;734,342;732,341;730,340;727,337;725,336;723,335;721,334;720,334;719,334;719,333;718,332;716,331;715,331;714,330;713,330;713,329;712,329;711,329;710,328;709,328;708,326;707,326;706,325;704,324;702,324;701,322;700,322;699,321;698,320;697,319;696,319;696,318;695,318;692,316;691,316;690,314;690,313;689,313;689,312;688,312;686,311;686,310;685,310;684,308;683,307;682,307;681,307;681,306;680,306;679,305;678,304;677,303;676,303;675,303;674,302;673,302;672,301;671,301;670,301;669,300;668,300;667,299;666,298;664,297;664,296;663,296;661,295;661,294;659,294;658,294;658,293;657,291;656,291;655,291;654,291;653,290;652,289;651,289;650,288;649,288;648,287;647,287;646,287;645,285;644,285;643,285;643,284;641,283;640,282;639,281;639,280;638,279;636,279;635,279;635,278;634,277;633,276;632,276;631,274;630,274;630,273;629,273;629,272;628,272;627,271;626,271;625,271;624,269;623,268;622,267;621,267;620,266;619,265;618,263;617,263;616,262;615,261;614,261;613,261;612,260;611,260;610,259;610,258;610,257;608,257;607,255;606,255;604,255;603,254;602,254;601,253;600,252;600,251;599,251;598,251;597,251;596,250;595,249;593,248;592,248;591,248;590,246;588,245;588,244;587,244;587,243;586,243;585,242;584,242;584,240;583,240;582,239;581,239;580,239;580,238;579,237;578,237;577,236;576,235;576,234;575,234;573,232;572,232;572,231;571,231;569,230;567,229;566,228;565,228;564,227;563,226;561,226;560,225;558,224;557,223;556,222;556,221;555,221;554,221;553,220;552,220;551,219;550,219;549,219;549,217;548,217;547,216;546,216;545,215;544,215;543,214;542,214;540,213;539,213;538,212;537,211;536,211;535,211;534,211;533,210;532,210;531,209;530,209;529,209;528,207;526,206;525,206;524,205;523,205;522,204;521,204;520,203;519,202;518,202;517,201;516,201;516,199;515,198;515,197;514,196;513,196;512,195;510,195;510,194;510,193;509,192;508,191;507,190;505,190;505,189;504,189;503,189;502,188;501,188;501,187;500,187;500,186;499,186;498,186;497,185;496,184;494,184;493,184;493,183;492,181;490,181;489,181;488,180;487,179;486,179;485,179;484,178;483,177;480,177;477,174;476,174;475,174;475,173;473,173;472,173;471,172;469,171;468,171;467,169;466,169;465,169;465,168;464,168;463,167;462,167;461,166;460,165;459,165;458,165;457,164;457,163;455,162;454,162;453,161;452,161;450,160;449,160;448,159;446,159;445,157;444,157;443,157;442,156;441,155;440,155;439,154;437,153;436,153;436,152;436,151;434,151;433,150;431,150;430,149;429,149;428,148;427,148;426,147;426,146;426,145;425,145;424,145;424,144;423,143;422,142;421,142;420,142;419,141;418,141;
Stroma; POLYGON; 128, 128, 128; 800,104;801,104;802,104;803,104;804,103;805,103;806,102;806,101;808,100;809,99;810,99;811,98;812,98;813,97;813,96;813,95;814,93;814,92;815,91;815,90;816,90;816,89;816,88;817,87;818,86;819,85;819,84;820,84;821,83;822,83;822,82;823,81;825,81;826,81;828,81;831,81;832,81;833,81;834,81;836,81;838,81;842,81;845,82;847,83;848,84;849,84;850,85;850,86;851,88;851,90;851,93;851,96;851,99;852,104;854,112;856,122;858,132;860,140;862,147;
Stroma; POLYGON; 128, 128, 128; 863,255;865,255;866,255;867,255;869,255;871,255;873,255;875,256;876,256;877,257;878,257;879,257;880,257;881,257;883,257;885,257;886,257;886,258;886,259;887,260;889,260;890,260;891,261;893,261;894,261;895,261;897,261;898,261;899,261;900,261;901,261;902,261;903,261;904,260;905,260;907,259;907,258;908,258;909,258;910,258;911,257;912,257;914,256;915,256;917,255;918,255;919,255;920,255;921,255;922,255;923,255;924,255;925,255;927,255;928,255;929,255;931,255;933,254;934,254;935,254;936,254;937,254;938,253;939,253;940,253;941,253;943,253;944,253;945,252;946,252;948,252;949,252;950,251;951,250;952,249;954,248;954,247;957,245;958,244;959,244;960,244;960,243;961,243;961,241;961,240;961,239;961,236;961,232;961,231;961,227;961,225;961,224;961,222;959,218;958,216;953,212;951,209;947,207;943,204;940,203;936,202;932,202;929,201;928,201;924,201;
Stroma; POLYGON; 128, 128, 128; 892,255;891,258;890,259;889,260;888,261;888,262;888,263;888,264;887,264;887,265;886,265;886,266;885,267;884,267;884,268;884,269;883,269;883,270;882,270;881,270;880,271;879,271;877,271;876,272;875,272;873,272;871,272;869,272;868,273;867,273;865,274;864,275;863,275;861,275;859,275;856,275;855,275;853,275;850,276;848,276;846,276;845,276;844,276;842,276;841,276;840,276;838,276;833,274;832,273;831,272;829,268;829,265;827,263;827,259;827,255;827,253;827,250;827,247;826,242;825,238;825,236;825,235;825,234;828,232;831,229;833,227;838,224;841,220;842,219;844,218;845,218;
Stroma; POLYGON; 128, 128, 128; 990,378;990,377;991,376;991,375;992,374;993,374;993,373;993,372;994,372;994,371;995,370;995,369;996,369;996,368;997,367;998,367;998,366;999,365;999,364;999,363;1000,362;1000,361;1000,360;1000,359;1001,359;1001,358;1001,357;1001,356;1002,355;1002,354;1002,353;1002,352;1002,351;1002,350;1002,348;1002,347;1002,346;1002,345;1002,344;1002,343;1002,342;1002,341;1001,340;1001,339;1000,338;1000,337;997,335;996,333;996,332;993,329;992,328;991,327;990,327;989,326;989,325;988,324;988,323;988,322;987,321;986,321;985,321;985,320;985,318;984,317;984,316;983,315;982,314;982,312;981,312;981,311;981,310;981,309;980,309;980,308;980,307;980,306;980,305;980,304;980,303;980,302;980,301;980,300;980,299;980,298;980,297;980,296;980,295;980,294;980,293;980,292;980,291;981,290;981,289;981,288;981,287;982,286;982,285;983,284;984,284;984,283;985,283;986,282;987,282;988,282;988,281;989,281;991,281;992,281;993,280;994,280;994,279;996,279;997,279;998,278;999,278;1000,278;1001,277;1002,276;1003,276;1004,276;1006,276;1007,276;1010,276;1011,276;1012,277;1013,278;1013,279;1013,280;1013,282;1014,284;1014,285;1015,286;1015,288;1015,289;1015,290;1015,291;1016,292;1016,293;1016,295;1016,296;1016,297;1016,298;1016,299;1016,300;1016,301;1016,302;1017,303;1017,304;1017,305;1017,307;1017,308;1018,308;1019,308;1019,309;1019,310;1019,311;1019,313;1020,315;1020,316;1020,318;1020,320;1020,321;1020,322;1020,323;1020,324;1020,327;1020,328;1020,329;1020,330;1020,331;1020,333;1020,334;1020,335;1020,336;1020,337;1020,339;1020,340;1020,341;1020,342;1020,343;1020,344;1019,345;1018,346;1018,347;1018,349;1018,350;1018,351;1017,351;1017,353;1017,354;1017,355;1017,356;1017,357;1017,358;1017,361;1016,363;1016,367;1016,368;1016,370;1015,370;1015,371;1015,372;1015,374;1015,375;1014,375;1014,377;1014,379;1014,380;1013,380;1013,381;1012,381;1012,383;1011,385;1010,386;1008,388;1007,390;1007,391;1006,392;1005,392;1004,392;1003,393;1002,393;1001,393;1000,393;997,393;995,393;994,393;992,393;991,393;990,393;
Stroma; POLYGON; 128, 128, 128; 18,400;18,398;18,397;18,396;18,395;18,393;19,390;19,389;20,388;23,386;25,385;28,383;31,382;33,381;36,377;37,377;39,375;40,374;41,373;42,371;44,370;44,369;45,366;46,365;47,364;48,364;50,362;51,360;51,359;52,358;53,357;55,357;58,355;59,355;60,354;61,353;62,353;62,352;63,352;63,351;65,349;66,349;67,349;69,348;71,348;74,348;75,346;76,346;77,345;79,344;80,344;81,344;83,344;86,344;88,343;90,342;93,341;96,341;97,341;99,340;99,339;100,339;102,339;103,339;104,339;105,339;106,339;107,338;108,338;109,338;110,337;111,337;113,337;116,337;118,337;120,337;121,337;123,337;124,337;125,337;126,337;127,337;128,337;129,337;130,337;133,337;135,337;137,337;140,337;141,337;142,337;143,337;144,337;145,337;146,337;148,337;150,337;153,338;154,338;155,338;157,339;158,339;159,339;160,339;162,339;164,340;166,341;167,341;168,343;169,343;169,344;170,344;170,345;171,345;174,347;174,348;175,349;176,349;176,350;176,351;176,352;177,354;177,355;177,357;177,358;177,360;177,361;177,362;178,362;178,363;178,364;179,364;179,366;181,368;181,369;182,369;184,370;184,371;185,373;186,374;187,375;188,376;189,376;189,378;189,380;190,380;190,381;190,382;190,384;191,384;192,385;192,386;192,387;193,389;194,390;194,391;194,393;195,394;196,397;196,398;197,399;198,401;198,403;198,404;198,405;199,406;199,407;200,407;200,408;202,410;203,412;204,413;206,414;206,415;207,416;207,417;209,419;211,422;211,423;212,425;213,427;214,428;215,429;216,430;216,431;218,433;220,434;220,435;221,435;222,436;223,436;224,436;224,437;225,438;227,438;229,440;231,441;234,442;235,442;237,442;238,443;240,443;241,444;241,445;243,446;244,447;245,447;247,447;248,448;249,448;251,448;252,448;254,450;255,450;258,451;259,451;263,452;264,452;265,452;267,452;268,453;269,453;270,453;271,453;272,453;273,453;274,454;275,454;277,454;279,454;280,454;282,454;283,454;285,454;286,454;287,454;288,454;289,454;290,454;291,454;293,454;295,454;299,454;301,454;303,454;305,454;306,454;308,454;309,454;312,454;315,454;316,454;317,454;318,454;320,455;321,455;322,455;323,455;324,455;325,455;326,456;327,456;328,457;329,458;330,458;333,458;334,458;335,459;336,460;337,461;338,462;339,464;340,464;341,466;342,466;343,467;345,468;346,469;347,470;347,471;349,472;349,473;350,473;350,474;350,475;352,477;352,478;353,478;353,479;354,480;355,480;356,481;357,481;358,482;359,483;361,484;362,484;363,485;364,485;365,486;367,487;369,488;370,489;372,490;372,491;373,491;373,492;374,492;375,494;376,495;377,495;379,496;380,497;381,497;382,497;383,498;383,499;384,500;386,501;388,502;388,503;389,504;390,505;391,506;391,507;393,508;394,508;396,509;397,509;397,510;398,510;398,511;399,511;400,512;401,512;402,513;403,514;405,515;406,515;407,517;408,518;408,519;409,519;410,520;412,520;412,521;413,522;414,523;415,523;415,524;416,525;417,525;418,527;420,528;420,529;422,530;423,531;424,531;424,532;425,534;425,535;425,536;426,536;426,537;426,538;426,539;426,540;426,541;426,542;426,543;426,544;426,545;426,546;426,547;426,548;426,549;426,550;426,552;425,553;424,554;423,555;421,556;421,557;419,559;417,559;416,559;416,560;415,560;414,561;413,561;412,561;409,562;408,562;407,562;406,562;405,562;403,562;401,562;399,562;398,562;397,562;396,562;395,562;394,562;392,562;391,562;390,562;389,562;388,562;387,562;386,562;385,562;384,562;383,562;382,562;381,562;380,562;379,562;378,562;377,561;376,561;375,561;374,561;373,560;371,558;371,557;369,556;368,554;368,553;366,552;366,551;364,550;364,549;364,548;362,547;362,546;361,545;360,544;359,542;358,541;357,541;356,541;355,541;355,540;354,539;354,538;352,537;351,537;350,537;349,537;348,537;347,537;346,537;345,537;344,537;343,537;342,537;339,538;338,538;337,538;336,538;335,539;334,539;333,539;332,539;331,539;330,539;328,540;326,540;325,540;324,540;324,541;323,541;322,541;321,541;320,542;319,542;317,542;316,542;314,542;313,544;311,545;310,545;309,545;308,545;306,546;305,547;304,548;303,548;302,548;302,550;301,550;300,551;299,551;298,552;297,553;295,554;294,555;294,556;293,557;292,557;292,558;291,558;290,559;290,560;289,560;289,561;289,562;288,563;287,564;287,565;286,566;285,566;283,568;282,570;281,570;280,571;279,572;276,574;272,576;271,577;270,577;268,578;267,578;265,581;263,583;260,585;257,589;255,591;252,593;248,595;246,597;244,599;241,603;240,604;238,606;236,610;232,614;229,618;226,623;221,626;217,630;214,634;211,636;210,639;207,642;205,644;203,646;201,648;199,649;197,651;195,652;194,654;191,656;189,657;187,658;185,660;185,661;183,662;180,662;177,663;175,663;172,664;169,664;167,665;166,665;163,667;162,667;159,668;158,669;157,669;156,669;154,669;152,670;151,670;148,671;147,671;144,671;142,671;140,671;137,671;133,671;129,671;125,671;122,671;119,671;117,671;115,671;113,671;110,671;109,671;105,671;103,671;101,671;97,671;94,671;92,671;91,671;88,671;86,671;84,671;83,671;82,671;80,671;79,671;76,671;75,671;74,671;72,671;71,671;70,671;69,671;68,671;67,671;66,671;65,671;64,671;63,671;62,671;61,671;60,671;59,671;58,671;58,670;57,670;56,670;55,668;54,666;53,666;49,663;47,660;44,657;44,656;43,654;42,652;42,650;41,647;39,645;39,644;39,641;39,639;39,637;39,635;39,632;39,629;39,627;39,624;39,622;39,621;39,619;39,615;39,612;39,609;39,606;39,603;39,600;41,596;41,594;42,594;42,592;43,589;43,587;45,585;45,583;45,580;46,577;46,576;47,574;48,572;48,570;50,568;51,566;51,563;52,560;53,559;53,556;55,554;55,552;56,548;56,547;56,544;57,543;58,541;59,539;59,536;59,535;59,534;59,530;59,529;59,526;59,523;59,522;59,520;59,517;59,516;59,515;59,512;59,510;59,508;59,505;59,504;59,501;59,499;59,498;59,495;59,493;59,491;59,489;59,488;60,486;60,485;61,482;62,480;62,479;63,477;64,476;64,475;64,474;65,474;66,472;67,471;67,470;68,470;69,468;70,468;70,467;72,466;74,466;75,465;76,465;77,463;78,463;79,461;80,460;81,460;82,459;83,458;84,458;86,457;88,456;89,456;90,456;91,455;92,454;93,453;94,453;95,453;97,452;97,451;98,450;99,450;100,450;101,450;103,448;104,448;105,447;107,447;108,445;109,445;111,444;112,443;113,442;114,441;114,440;115,439;115,438;115,437;116,436;116,435;116,433;117,431;118,430;118,429;118,428;118,427;118,426;118,425;118,424;118,422;117,422;116,421;115,420;114,419;114,418;113,417;112,417;111,417;110,416;109,416;108,415;107,415;106,415;105,415;104,415;103,415;102,415;101,415;100,415;99,415;98,415;97,415;96,415;95,414;94,414;93,414;92,414;91,414;89,414;88,414;86,414;85,414;84,414;82,414;81,414;80,414;79,414;78,415;78,417;77,418;76,418;76,419;75,420;74,421;73,423;73,424;73,426;73,427;73,428;73,429;73,430;73,431;73,432;73,433;73,435;73,436;73,437;73,438;72,439;72,440;72,442;72,444;71,446;71,447;71,448;71,449;71,450;71,451;71,452;71,453;70,454;70,456;69,456;68,457;67,458;67,459;65,459;64,460;62,460;61,460;60,460;59,460;58,460;57,460;55,460;54,460;53,460;51,460;49,460;48,460;47,460;46,460;45,460;44,460;43,460;42,460;41,460;39,460;38,460;37,460;36,460;35,460;34,460;33,459;31,459;30,459;30,458;29,458;28,458;26,457;25,455;25,454;24,454;23,453;22,452;20,450;20,449;19,448;18,448;17,447;16,446;15,445;15,443;15,441;15,440;15,439;15,438;14,437;14,436;14,434;14,433;14,430;14,429;14,428;14,427;14,426;14,424;14,423;14,422;14,421;15,420;15,419;15,417;15,416;16,415;16,413;16,412;16,411;16,410;16,408;16,407;18,406;18,405;18,404;18,402;18,400;18,399;18,397;19,395;19,393;19,392;19,391;20,390;20,389;22,387;25,387;
Stroma; POLYGON; 128, 128, 128; 417,532;418,532;420,532;422,532;423,532;425,532;427,533;428,535;429,535;430,536;431,537;432,539;432,540;433,541;434,542;435,544;436,544;437,545;438,546;438,547;439,548;440,549;441,550;443,552;444,553;444,554;446,556;449,557;451,559;452,559;453,561;454,561;454,562;456,564;456,565;457,566;458,567;459,567;461,568;462,570;463,571;464,572;465,573;465,574;466,574;467,575;467,576;468,577;469,578;469,579;470,579;471,580;471,581;473,583;475,585;476,586;477,586;478,588;480,590;481,591;483,592;484,593;485,593;486,594;486,595;487,596;488,596;489,597;490,597;491,598;493,599;494,601;495,601;498,602;499,603;501,603;501,604;503,605;504,606;507,607;509,607;511,608;514,608;517,609;519,609;520,610;521,610;522,610;523,611;524,612;525,613;526,613;527,613;528,614;529,614;530,614;531,614;531,615;532,615;533,616;534,616;535,616;536,617;537,618;540,618;543,620;544,620;545,620;546,621;547,621;549,622;550,623;551,623;553,624;555,624;556,625;558,625;559,626;560,627;561,627;562,627;563,627;564,627;566,627;567,629;568,630;569,630;570,630;570,631;571,631;572,631;573,632;575,633;576,633;577,633;580,635;581,635;582,635;582,636;583,637;584,637;585,638;587,639;588,639;589,640;590,640;591,642;592,642;593,644;594,644;594,645;595,645;595,647;596,647;597,649;598,650;599,650;599,651;600,652;601,652;601,653;603,655;603,656;604,657;604,658;605,659;605,660;605,661;605,662;606,663;606,664;607,664;607,666;607,667;608,668;608,669;608,670;609,671;609,673;609,674;611,677;611,678;611,679;611,680;612,681;613,683;613,685;613,686;614,687;614,688;614,691;615,692;615,693;615,694;615,697;616,697;616,698;616,699;616,700;616,701;616,702;616,704;616,705;616,706;617,708;617,709;618,710;618,711;618,712;619,713;619,714;619,715;619,716;619,717;619,718;619,719;619,721;620,722;620,723;621,725;621,726;622,727;622,728;623,729;623,730;623,732;623,733;623,734;623,735;623,737;623,738;621,738;620,740;619,741;618,742;617,743;617,744;616,745;615,745;615,746;615,747;614,747;613,749;612,749;612,750;611,750;610,750;609,750;608,751;608,752;608,753;607,753;606,753;605,753;604,753;603,752;602,752;601,751;599,751;598,751;597,750;596,750;595,750;594,750;593,750;592,750;591,750;590,750;589,750;587,750;586,750;585,750;583,750;582,750;581,750;580,750;579,750;578,750;576,750;575,750;574,750;573,750;572,750;571,750;569,750;568,750;566,750;565,750;563,750;562,750;560,750;559,750;558,750;557,750;556,750;555,750;554,750;553,750;551,750;550,750;550,749;549,749;548,749;547,749;546,749;545,749;544,749;542,749;540,749;539,749;538,749;537,749;536,749;535,749;533,749;532,749;531,749;530,749;529,749;528,749;526,749;525,749;524,749;523,749;521,749;520,749;519,749;518,749;517,749;515,749;514,749;513,749;512,749;511,749;510,749;509,750;509,751;509,752;509,753;509,754;509,755;509,756;509,757;509,758;509,759;509,760;509,761;509,762;508,763;508,764;507,765;507,766;506,766;505,766;504,766;503,766;501,766;501,767;500,767;498,767;498,768;496,768;495,768;493,768;492,768;491,768;490,768;489,769;488,769;488,770;487,771;487,772;486,773;485,774;483,776;483,777;482,777;481,777;480,779;480,780;479,780;479,781;478,782;476,783;476,784;475,784;473,784;473,785;472,786;470,787;468,787;467,787;466,787;465,788;464,788;463,788;462,789;461,789;460,789;459,789;458,790;456,790;455,791;454,791;453,791;452,791;450,791;449,791;447,791;446,791;445,791;444,792;443,792;442,792;440,792;439,792;438,792;437,792;436,792;435,792;434,792;433,791;432,790;431,790;430,790;429,790;428,790;427,790;426,790;425,790;424,790;423,790;422,790;421,790;420,790;419,790;417,790;415,790;412,790;411,790;410,790;409,790;408,790;407,790;406,790;405,790;404,790;402,789;400,788;398,786;397,784;396,784;396,783;394,782;392,779;392,777;391,777;390,775;390,774;389,772;389,771;389,769;388,767;388,764;387,761;386,759;385,756;385,755;384,753;384,750;383,749;383,747;382,745;382,742;382,740;382,738;380,735;380,732;380,731;379,729;379,728;378,726;377,722;376,720;376,718;376,715;376,713;374,712;374,710;374,708;374,706;373,703;373,701;373,700;372,696;372,695;372,694;371,693;370,689;370,687;370,684;369,682;369,681;368,677;368,675;367,673;367,670;365,668;365,667;364,663;364,661;364,660;364,658;363,656;363,654;361,650;361,649;361,648;361,647;361,645;361,644;361,643;361,641;360,641;360,640;360,638;360,637;359,636;359,634;359,633;359,632;359,631;359,630;357,628;357,627;357,626;357,625;356,625;356,624;356,623;356,622;356,621;355,620;355,619;354,618;354,617;353,616;353,614;352,612;351,611;351,608;350,608;350,607;349,606;349,605;350,603;351,603;352,603;352,602;353,602;354,602;355,602;356,602;358,602;359,602;360,602;361,601;362,601;362,600;363,600;365,598;366,597;367,597;367,596;368,596;368,595;369,595;369,594;370,594;370,593;371,592;371,591;371,590;373,589;374,589;375,588;376,587;377,586;377,585;378,585;378,584;379,583;380,583;380,582;381,582;382,582;383,580;384,580;385,580;386,579;386,578;386,577;386,576;386,575;386,574;386,573;385,571;385,570;385,569;385,568;384,567;384,566;382,564;381,563;379,563;378,561;378,560;376,560;375,560;374,560;373,560;372,560;371,560;370,560;369,560;368,560;366,560;365,560;364,560;363,560;362,560;361,560;360,560;359,559;358,559;358,558;357,557;356,557;356,555;355,554;355,553;354,552;353,552;353,551;352,551;352,549;351,549;350,548;349,547;349,546;348,546;348,545;347,545;346,545;345,545;344,545;343,545;342,545;341,545;340,545;339,545;338,545;337,545;336,545;335,545;334,545;333,545;331,545;330,545;328,545;327,545;326,545;324,545;322,545;320,545;318,545;317,545;317,543;316,543;315,543;314,543;313,542;312,542;311,541;309,540;309,539;307,538;306,537;304,535;304,532;303,532;303,531;303,530;302,528;302,527;302,525;302,523;302,522;302,521;302,520;302,519;302,518;304,517;305,517;308,517;310,515;313,514;314,514;315,514;316,514;318,512;319,512;320,511;322,511;323,511;324,511;325,510;327,510;329,510;332,510;334,509;335,509;336,509;337,509;338,509;339,509;341,509;344,509;347,508;349,507;350,507;354,506;357,505;359,505;362,505;364,505;367,505;370,504;371,504;
Stroma; POLYGON; 128, 128, 128; 388,556;388,555;387,554;385,554;384,554;382,554;381,554;381,556;379,556;378,556;378,557;377,557;376,558;375,558;374,558;373,559;372,559;371,559;370,559;369,560;368,561;367,562;366,562;365,562;363,562;362,562;360,562;359,562;359,561;359,560;359,558;359,557;359,555;359,553;359,552;359,549;359,547;359,546;359,545;359,543;359,542;359,541;359,540;359,539;359,536;359,534;359,530;359,529;
Stroma; POLYGON; 128, 128, 128; 352,610;352,611;351,612;351,613;351,614;351,616;350,617;350,618;350,619;350,620;348,621;347,622;346,623;345,623;344,623;343,624;342,624;341,624;340,624;339,624;337,624;336,624;334,624;333,624;332,624;331,624;330,624;329,624;328,624;327,623;327,622;326,622;325,621;324,620;323,619;323,618;323,617;323,616;323,615;322,615;322,614;322,613;322,612;322,611;322,610;322,609;322,608;322,607;322,606;322,605;321,604;320,603;320,602;320,601;319,599;319,597;318,596;317,596;316,596;315,596;314,595;313,595;312,595;311,595;310,595;309,595;308,595;307,595;305,595;304,596;302,597;301,597;300,597;299,597;298,597;297,597;296,597;295,597;293,596;291,594;291,593;289,591;288,590;287,589;286,588;286,587;285,585;285,584;284,583;283,582;282,581;281,580;281,579;280,578;280,577;280,576;279,575;279,574;279,573;279,572;278,571;277,570;277,568;276,568;275,568;275,567;274,567;273,567;272,567;270,566;269,566;268,566;267,566;266,566;264,566;263,566;260,566;256,566;254,567;252,567;250,569;247,571;244,573;243,573;242,574;242,575;241,576;241,577;240,578;240,579;239,579;239,581;237,583;237,584;236,585;236,586;236,587;234,588;233,589;233,590;232,591;231,592;230,593;229,594;229,595;229,596;228,596;228,597;227,598;226,598;225,599;222,602;221,602;219,604;218,604;217,606;214,608;214,609;212,610;210,612;210,613;208,616;205,618;204,619;203,620;200,623;199,623;197,625;196,626;195,628;194,628;192,630;190,632;190,634;189,636;188,638;186,640;185,643;185,644;185,646;185,648;185,651;186,655;187,658;189,661;189,663;189,664;190,664;191,667;192,669;194,671;195,673;198,676;199,680;200,681;202,683;204,687;205,688;207,689;208,693;210,694;211,695;213,697;216,700;218,702;220,702;223,706;224,707;226,709;229,710;231,712;233,713;235,715;238,716;240,718;241,719;245,721;247,722;247,723;249,725;251,726;252,728;257,732;259,734;263,739;264,740;267,741;270,742;273,744;274,744;276,746;278,747;279,748;280,748;283,749;285,750;285,751;287,753;290,753;293,755;295,757;297,759;301,760;305,762;305,763;307,763;309,765;312,766;314,768;317,769;318,770;319,771;320,772;321,773;322,773;324,774;325,776;327,778;331,781;333,782;335,783;336,783;337,785;339,785;342,787;344,788;347,789;348,790;352,792;353,792;354,794;355,794;356,795;358,796;359,796;360,797;362,797;365,800;366,800;368,801;371,802;372,802;373,802;375,803;376,803;377,804;378,804;379,804;380,804;382,804;383,804;384,804;385,804;386,804;387,804;388,804;389,803;390,803;391,802;392,801;393,801;394,800;395,800;396,799;397,799;398,799;400,799;401,799;403,799;404,799;405,799;406,798;407,798;409,798;410,798;411,798;412,798;413,797;414,797;414,796;415,796;416,796;417,795;417,794;419,793;420,793;421,793;423,793;424,793;425,793;426,793;427,793;429,793;430,793;432,793;433,793;434,793;435,794;437,794;438,794;439,795;441,795;442,795;443,795;444,795;445,795;447,795;448,795;449,795;450,795;451,795;452,795;453,793;455,793;455,792;456,792;457,791;458,790;458,789;459,788;460,786;463,784;464,783;465,780;468,776;469,773;470,770;471,768;471,765;471,760;471,757;471,754;471,750;471,744;471,737;471,729;471,722;471,716;471,709;471,703;470,697;469,691;468,690;467,685;467,684;467,683;466,681;466,680;466,679;466,678;466,676;465,675;465,673;464,670;464,666;462,664;461,661;460,659;458,656;457,655;456,653;455,651;454,649;452,644;451,642;449,640;447,636;443,632;441,628;440,624;437,621;433,616;429,611;427,607;425,605;
Stroma; POLYGON; 128, 128, 128; 91,646;89,649;89,651;89,653;89,656;89,657;91,660;91,665;93,667;94,669;95,672;97,675;99,679;101,682;103,686;105,690;106,695;108,698;111,703;114,707;117,713;119,718;122,722;125,727;127,730;128,733;130,736;131,739;133,742;135,746;136,749;136,752;138,756;139,761;141,765;143,770;144,774;147,780;149,785;151,789;152,794;154,798;155,801;157,806;159,811;162,815;164,819;166,822;167,823;169,825;170,828;173,830;174,832;177,837;178,838;179,842;180,844;182,845;184,847;185,847;186,847;188,849;189,849;191,850;192,850;193,851;197,852;199,852;201,852;202,852;203,852;205,852;206,852;207,852;209,852;210,852;211,852;213,851;214,849;217,848;219,846;222,846;222,845;224,845;225,845;227,845;229,842;232,841;234,840;236,839;237,839;239,837;242,837;243,836;246,835;247,835;249,835;252,835;255,834;258,833;262,833;265,833;268,833;271,832;272,832;273,832;277,831;279,831;280,831;283,831;287,831;288,831;292,829;294,829;295,829;297,829;298,829;299,829;301,829;304,829;308,829;312,829;316,829;319,829;321,829;323,829;323,828;324,828;325,828;327,827;328,827;330,827;332,824;334,824;335,823;337,821;338,821;338,820;339,820;340,818;340,817;341,817;342,816;343,816;344,815;345,814;346,814;346,812;347,812;348,811;349,811;350,811;352,810;353,810;354,810;355,809;356,809;358,808;360,807;363,806;364,804;366,804;367,804;368,802;370,802;374,798;375,797;376,797;377,797;379,795;380,795;382,795;383,795;383,794;385,792;386,792;386,790;386,788;386,784;386,782;386,779;386,777;386,774;384,770;381,765;379,762;377,757;373,751;369,745;363,739;358,733;353,728;348,722;342,716;335,709;327,703;320,696;314,690;307,685;301,680;295,676;291,673;287,671;284,667;280,663;277,661;273,657;269,655;266,652;262,648;258,644;253,642;249,639;246,636;242,634;239,630;235,628;232,625;230,623;226,619;222,615;217,611;213,607;208,603;203,599;198,595;194,592;190,590;189,590;188,589;186,588;184,587;180,587;176,585;173,585;170,585;164,584;156,583;147,583;139,583;131,583;125,583;121,583;
Stroma; POLYGON; 128, 128, 128; 76,636;75,636;73,636;73,637;71,637;71,638;70,640;69,641;68,642;67,644;67,645;65,648;65,650;65,653;65,655;64,659;64,661;64,665;65,667;66,671;69,677;72,684;75,691;77,697;80,703;82,708;85,712;87,717;88,721;90,725;92,728;93,731;94,733;95,736;96,739;96,742;97,745;98,748;99,751;99,752;99,754;99,756;99,757;101,759;101,761;101,764;102,766;102,768;103,770;103,773;103,774;103,776;105,778;105,780;105,782;105,783;105,786;106,788;106,789;107,790;107,794;107,796;108,798;108,802;109,804;110,808;111,811;111,813;111,816;111,818;112,822;113,825;114,827;115,831;117,835;118,838;119,841;120,846;121,850;123,855;124,858;125,862;126,863;127,865;128,867;129,868;129,869;130,870;130,871;131,872;132,873;133,874;135,875;135,876;136,876;137,876;138,876;139,877;140,878;142,879;143,879;146,881;149,882;151,883;153,884;154,885;155,885;156,885;158,885;159,885;161,886;164,887;166,889;168,889;172,891;173,893;176,893;178,893;180,894;181,895;184,895;186,896;190,899;192,899;195,901;198,901;202,902;202,903;204,903;206,903;208,904;211,904;214,905;217,906;221,907;226,908;227,908;228,908;230,908;231,908;233,909;236,910;237,910;240,910;242,910;243,910;244,910;245,910;247,911;249,912;250,912;252,912;253,912;254,912;255,912;257,912;259,912;261,912;262,912;264,912;265,912;267,912;271,912;273,913;274,913;276,913;277,913;279,913;281,914;283,914;287,914;290,914;294,915;294,916;296,916;297,916;299,916;300,916;302,916;306,916;309,917;311,917;313,918;315,918;318,918;322,918;323,919;326,919;329,919;331,919;334,919;336,919;338,919;341,919;344,919;345,920;348,920;350,920;352,920;354,920;357,921;360,921;362,921;365,921;368,921;371,921;375,921;377,921;379,921;382,921;385,921;387,920;388,920;391,918;393,918;395,917;398,916;401,915;404,915;408,914;410,913;411,913;412,911;413,910;415,909;416,908;416,906;418,904;419,902;420,901;421,897;422,896;422,894;423,891;423,890;423,888;424,885;426,882;426,881;428,878;428,877;429,875;430,872;430,870;430,869;430,866;430,865;431,865;431,864;432,863;432,861;432,860;432,859;432,858;432,857;432,856;432,854;432,853;432,852;432,851;432,850;432,848;432,847;432,846;432,845;432,843;432,842;431,842;431,841;431,840;431,839;430,838;429,836;427,836;426,835;425,835;424,834;424,833;423,833;422,833;421,832;420,832;419,832;418,832;417,832;416,832;415,831;415,830;414,830;413,829;412,829;412,828;411,827;410,827;409,827;408,827;407,826;406,825;405,824;404,824;404,823;404,822;404,821;404,820;404,819;404,818;404,817;404,816;404,814;404,813;404,812;404,810;404,809;404,807;404,806;406,805;406,804;407,803;408,801;408,800;408,799;408,796;408,794;408,791;408,788;408,784;408,780;408,777;408,773;407,768;404,760;401,753;397,746;392,739;387,731;382,725;375,719;369,712;362,705;352,697;342,691;332,684;323,678;316,672;308,668;304,665;299,662;295,659;292,657;289,655;285,652;281,649;273,645;265,640;255,634;244,628;234,622;224,618;216,614;208,611;201,606;193,602;185,598;177,594;169,591;
Stroma; POLYGON; 128, 128, 128; 319,616;320,616;321,616;322,616;324,616;325,616;326,616;328,616;329,616;330,616;331,616;333,616;334,616;336,616;337,616;338,616;339,616;340,616;341,617;342,617;343,617;344,617;346,617;347,617;348,617;349,617;350,617;351,617;353,617;355,617;356,617;358,617;359,617;360,617;361,619;362,621;362,623;362,627;362,629;362,632;362,636;362,640;362,645;362,650;362,651;362,652;360,654;355,657;352,658;349,660;347,661;344,662;339,665;335,668;329,671;324,674;320,675;318,675;315,675;314,675;313,675;
Stroma; POLYGON; 128, 128, 128; 109,741;109,742;108,744;108,745;108,746;107,747;106,747;105,747;104,747;103,747;101,747;100,747;95,743;93,741;92,741;89,739;88,739;86,737;85,736;84,735;83,734;83,730;80,728;76,724;75,723;73,721;71,719;70,717;69,717;69,716;68,716;67,715;66,714;63,713;61,710;59,709;58,707;55,703;54,702;53,700;53,698;50,697;50,694;48,691;47,690;46,688;45,687;45,685;44,684;44,682;43,678;43,677;42,675;41,673;39,670;39,669;38,667;38,666;38,664;38,662;38,661;38,659;38,657;38,654;38,652;38,649;38,646;38,644;38,641;38,638;38,635;38,632;38,630;38,629;38,627;38,626;38,625;38,624;38,622;38,620;38,619;38,618;38,617;38,616;38,614;38,613;38,611;38,610;38,609;38,608;38,607;38,606;38,604;38,603;38,602;38,601;38,599;38,598;38,597;38,595;38,593;38,592;38,591;38,590;38,589;38,587;38,585;38,584;38,581;38,579;38,578;38,576;38,575;38,573;38,572;38,570;38,568;38,567;37,565;37,563;37,562;37,561;37,559;37,558;36,556;36,555;36,553;36,550;36,549;35,547;35,545;34,543;33,541;33,539;32,538;32,537;32,536;31,534;30,532;29,531;28,529;27,528;26,526;25,526;25,525;24,524;24,523;24,522;23,520;23,519;23,518;23,517;22,517;22,516;22,514;22,513;22,512;22,510;22,509;22,507;22,506;22,505;23,505;23,504;24,504;25,503;26,503;27,503;29,503;31,501;32,500;32,499;33,499;34,498;35,498;36,496;37,495;38,495;39,494;40,493;41,493;42,492;42,491;42,490;42,489;42,488;42,487;42,486;42,484;42,483;43,482;44,482;44,481;44,480;44,478;44,477;44,476;44,475;44,474;44,471;43,470;43,469;41,468;40,467;39,466;38,465;37,464;36,463;36,462;36,461;36,460;36,458;36,457;36,456;36,455;36,453;36,452;36,451;36,450;36,449;37,448;37,447;38,445;39,445;40,443;42,442;43,441;43,440;43,439;44,439;45,438;45,437;46,437;47,437;48,436;49,436;51,435;52,434;54,433;55,432;56,432;57,431;58,430;58,429;59,428;60,427;61,426;62,425;64,425;65,424;66,423;66,422;67,422;67,421;68,421;70,420;70,419;71,419;72,417;73,417;75,415;76,414;77,413;78,413;79,413;80,413;80,414;81,414;81,415;82,415;82,417;82,418;82,420;82,421;82,422;82,423;82,424;82,425;82,426;82,427;82,428;82,430;82,431;82,432;82,433;83,434;83,436;83,437;84,438;85,438;86,440;87,441;88,442;88,443;89,443;90,443;91,443;92,443;93,443;95,442;97,442;99,442;100,442;101,442;101,441;102,441;103,441;104,441;105,441;106,440;107,440;108,440;110,440;110,439;111,438;111,437;112,437;113,436;113,435;113,434;113,433;113,432;113,431;113,430;113,429;113,428;113,427;113,426;113,424;113,423;113,422;113,421;113,419;113,418;113,417;113,416;113,415;113,414;113,413;113,412;113,411;114,411;117,410;119,410;123,410;126,410;128,410;130,410;131,410;132,410;134,410;135,412;137,414;138,415;138,417;139,422;141,424;142,428;144,430;147,435;149,437;149,439;151,442;151,444;152,448;154,453;154,455;154,459;154,462;154,467;154,474;154,482;154,489;154,495;154,502;153,508;152,515;151,520;150,526;148,533;146,540;145,547;143,555;141,563;139,572;137,577;135,583;134,589;133,593;131,599;130,604;129,610;128,617;128,624;128,630;128,636;128,641;128,645;128,650;128,654;128,659;130,665;132,671;135,676;139,684;143,690;146,696;149,700;153,705;154,706;155,708;156,710;158,711;158,712;160,713;161,715;162,716;163,717;166,720;168,721;169,724;170,725;171,726;171,727;171,728;171,729;
Stroma; POLYGON; 128, 128, 128; 89,412;88,412;88,411;87,411;86,411;86,413;86,414;86,415;86,417;86,418;86,419;86,420;86,421;86,422;86,423;86,424;86,425;86,426;85,427;85,428;84,429;83,429;82,430;82,431;81,432;79,432;78,433;77,433;76,433;74,433;72,433;71,431;70,430;70,429;69,427;68,425;67,423;67,422;67,418;67,416;67,413;67,410;67,408;67,405;67,404;67,402;67,401;70,398;71,396;75,393;78,388;80,386;81,384;81,383;82,382;83,380;85,378;86,376;87,375;87,374;
Stroma; POLYGON; 128, 128, 128; 34,452;33,452;32,452;31,452;29,452;28,452;27,452;26,452;25,452;24,452;23,452;23,453;23,454;23,455;22,455;21,455;20,455;20,456;19,456;19,457;18,457;17,457;16,457;14,457;13,457;12,457;11,457;10,457;8,457;7,457;6,455;5,454;5,453;5,452;4,451;4,450;4,449;4,448;4,447;4,446;4,444;4,442;2,441;2,440;2,439;2,438;2,437;1,436;1,435;1,434;0,432;0,430;0,429;0,427;0,425;0,424;0,422;0,421;0,420;0,419;0,418;0,416;0,414;0,413;0,411;0,410;0,408;0,407;0,405;0,404;0,401;2,400;2,399;2,398;3,394;3,393;3,392;3,389;4,388;4,387;4,386;4,385;4,382;4,381;5,379;5,378;5,377;5,376;6,374;6,373;6,371;6,370;6,369;7,369;8,368;8,367;8,365;8,364;9,363;9,362;9,361;10,361;11,359;11,358;11,357;12,357;13,356;14,355;14,354;15,354;16,353;17,352;18,351;19,351;20,350;21,349;23,348;24,347;25,346;26,346;27,344;28,343;29,342;30,342;31,342;32,342;34,341;35,341;37,341;38,340;40,340;41,340;42,339;44,339;46,338;47,338;48,338;49,338;51,338;54,337;57,337;60,337;60,336;61,336;62,336;63,336;64,336;66,336;67,336;68,336;69,336;72,336;73,335;74,334;77,333;78,333;80,332;81,331;82,331;83,330;85,329;86,329;88,328;89,328;89,327;90,327;91,327;92,327;94,327;95,325;96,325;99,325;100,325;101,325;102,324;103,324;104,324;105,324;106,324;109,323;110,323;111,323;112,323;113,322;114,322;116,322;117,322;118,322;120,321;121,321;122,321;123,321;124,321;126,321;127,321;128,321;129,321;130,321;132,321;133,321;135,321;136,321;138,321;139,321;140,321;141,321;143,321;144,321;146,321;147,321;149,321;149,322;150,323;151,323;152,323;153,325;155,326;156,326;157,327;157,328;158,328;159,329;160,329;160,331;161,332;162,333;163,334;164,335;166,337;168,338;169,338;170,338;171,339;172,339;172,340;173,340;174,341;175,342;176,343;176,344;177,344;178,344;179,345;180,346;182,348;183,349;184,351;184,352;185,352;185,353;186,355;187,356;187,357;187,358;188,358;189,360;190,360;190,362;190,363;193,363;195,364;196,364;196,365;197,366;198,366;198,368;198,369;200,370;201,371;202,371;203,371;204,371;205,373;206,373;206,375;207,376;208,376;208,377;209,379;209,380;209,381;209,382;210,383;211,385;211,386;211,387;211,388;212,389;212,390;212,391;212,392;213,394;214,396;214,397;215,398;215,399;216,401;217,402;217,403;218,403;218,404;219,404;219,405;220,406;220,407;221,407;221,408;222,410;223,411;224,413;226,414;227,415;228,416;229,418;230,418;232,420;234,422;235,422;236,423;238,423;239,423;239,425;240,425;240,426;242,426;243,426;244,426;245,426;246,426;247,426;248,427;249,427;251,427;252,428;253,428;254,428;255,428;256,428;257,428;258,428;259,428;260,428;262,428;263,428;264,428;265,428;266,428;268,428;268,429;269,429;272,429;273,431;275,431;276,431;278,431;279,431;280,431;281,431;282,431;283,431;285,431;285,432;286,432;287,432;288,432;289,432;290,432;291,432;292,432;293,432;295,432;296,432;297,432;298,432;299,432;301,432;302,431;303,430;304,430;305,430;307,430;308,430;309,429;310,429;311,428;312,427;313,427;314,427;315,427;316,427;317,427;318,427;320,427;321,427;322,427;323,427;324,427;325,427;325,428;326,428;327,428;327,429;328,430;328,431;329,431;330,432;331,432;331,433;331,434;332,435;334,437;335,438;336,439;337,440;337,441;338,441;338,442;339,443;340,443;341,444;342,444;343,445;343,446;343,447;344,448;345,449;345,450;346,450;347,451;347,452;348,453;349,453;350,453;350,454;351,455;352,456;355,459;356,461;358,463;360,465;361,466;362,467;365,469;365,470;366,470;367,472;368,472;368,473;370,473;371,475;372,476;373,478;375,479;377,480;378,480;379,480;379,481;380,482;382,484;383,485;384,485;385,485;387,487;390,488;390,489;392,491;393,493;394,494;395,495;396,497;396,498;397,499;397,501;398,503;399,503;399,505;402,507;402,510;402,512;402,514;402,517;402,518;402,520;402,523;402,524;402,526;402,528;402,529;402,531;402,532;401,535;400,535;398,537;396,538;395,539;394,540;393,541;392,541;391,541;389,541;387,542;385,542;384,542;381,542;379,542;377,542;376,542;374,542;371,539;368,537;364,535;360,530;357,528;353,523;348,520;346,518;343,517;340,514;339,513;334,510;333,508;330,507;327,506;325,504;322,503;320,503;317,501;316,501;314,501;313,499;310,499;309,499;307,498;306,498;304,498;302,497;299,497;297,497;293,496;290,496;286,496;282,496;278,496;275,496;273,496;269,496;264,496;260,496;255,496;249,496;245,496;242,496;238,496;233,496;229,496;223,495;219,495;214,494;214,493;212,492;211,491;207,489;206,487;204,485;203,484;201,481;200,481;199,479;197,476;194,473;193,472;192,470;191,467;188,464;187,460;185,459;183,457;181,454;179,452;179,451;176,449;176,447;172,444;171,443;167,440;165,439;164,437;162,437;160,435;158,433;155,433;154,432;153,432;152,432;151,431;150,431;149,431;145,430;144,430;142,428;141,428;139,428;138,427;137,427;136,427;135,427;133,426;132,426;131,425;130,425;129,425;128,425;127,425;126,424;123,424;121,423;119,422;118,422;117,421;116,421;116,420;115,420;114,419;113,419;113,418;112,418;112,417;112,416;110,416;109,416;108,416;107,416;106,416;105,416;104,416;103,416;102,416;101,416;101,417;100,417;99,417;98,417;97,417;96,417;95,417;95,418;94,418;93,418;92,418;92,419;90,420;89,420;88,421;88,422;87,423;86,423;85,424;85,425;85,426;84,426;83,427;83,428;82,429;81,430;80,430;80,431;79,431;79,432;78,433;78,434;76,434;76,435;75,436;75,437;75,438;74,440;73,440;73,441;73,442;72,442;72,443;71,443;70,445;69,445;67,445;66,445;65,445;64,445;63,445;61,445;60,445;59,445;58,445;57,445;56,445;55,445;54,446;53,446;52,446;51,446;50,447;50,448;50,449;
Stroma; POLYGON; 128, 128, 128; 154,328;154,327;154,325;154,324;154,323;153,322;153,321;153,320;151,319;150,319;149,319;148,318;146,318;145,318;143,318;142,318;141,318;140,318;139,318;137,317;136,317;135,317;134,317;133,317;131,317;130,316;129,316;128,316;126,316;125,316;123,316;122,316;121,316;120,316;119,316;117,316;116,316;114,316;113,315;112,314;111,314;109,313;108,313;106,312;104,311;103,310;102,308;101,307;100,306;99,305;98,304;97,303;97,302;97,301;95,300;95,299;94,297;93,295;93,294;93,292;93,291;93,290;93,288;93,286;93,284;93,283;93,282;93,281;93,280;93,278;93,277;94,277;95,275;96,274;96,273;96,271;98,270;99,269;100,266;101,266;102,265;102,264;103,263;103,262;104,261;104,260;106,258;107,257;108,255;109,253;110,253;111,251;112,251;112,250;114,249;114,248;115,248;115,247;116,246;117,245;118,244;120,243;120,242;121,241;123,241;124,240;126,240;128,238;129,238;131,237;133,235;134,235;135,234;136,233;138,232;139,231;140,230;141,230;143,228;145,227;146,227;147,226;148,226;148,225;149,225;149,224;150,224;151,222;152,222;153,221;154,221;156,219;157,218;157,217;158,216;158,215;159,214;160,213;162,211;162,210;164,209;165,208;165,207;167,206;167,205;168,205;169,204;170,203;171,202;172,200;173,199;173,198;174,197;174,196;175,194;176,193;178,191;179,190;179,189;180,188;181,187;181,185;181,184;182,183;183,182;184,180;185,179;186,178;186,177;187,177;188,176;189,176;189,175;190,174;190,173;191,172;192,170;193,169;194,168;194,167;194,166;196,166;197,165;197,164;199,164;200,163;201,162;202,162;204,161;204,160;205,159;207,159;209,158;212,157;212,156;213,156;215,154;216,153;216,152;218,152;219,152;220,151;221,151;222,150;223,149;224,148;225,147;226,147;227,146;228,144;229,144;230,144;230,142;231,142;231,141;234,139;235,138;236,137;237,135;237,134;238,134;238,133;239,132;240,130;241,129;241,128;243,126;245,123;246,122;246,121;247,120;247,119;248,117;248,116;248,115;249,114;249,113;251,111;252,110;253,110;254,108;256,108;258,107;260,106;261,104;262,103;263,103;264,103;264,102;265,102;265,101;266,100;266,99;268,97;269,97;270,96;271,95;271,94;272,94;273,93;273,92;274,92;274,91;275,90;276,89;277,89;277,87;278,86;278,85;280,84;280,83;281,81;281,80;281,79;282,78;283,77;283,76;283,75;283,74;284,73;284,71;284,70;286,68;287,67;287,66;287,65;287,64;287,63;287,61;287,60;287,59;287,58;287,57;286,55;286,54;285,54;284,53;283,53;282,52;280,51;279,50;278,49;278,48;277,48;277,47;276,47;276,46;275,45;274,45;273,44;272,44;271,43;271,42;270,42;269,42;268,41;267,41;267,40;266,40;266,39;265,38;264,38;263,37;263,36;262,35;261,35;261,34;260,34;260,33;258,33;257,34;256,35;256,36;254,37;254,38;253,38;252,39;251,40;251,41;249,44;247,45;245,47;244,48;244,49;243,50;243,51;242,52;242,53;241,53;241,54;241,55;241,56;240,57;240,59;240,60;240,61;240,62;240,63;239,64;239,65;238,65;238,66;238,68;237,69;237,70;237,71;236,72;235,72;235,73;235,74;234,76;233,77;233,78;232,79;231,81;231,82;230,84;230,85;229,86;228,88;228,89;228,90;227,91;227,92;226,92;226,93;226,94;224,95;224,96;223,97;223,98;223,99;223,101;223,102;222,102;222,103;221,104;220,105;220,107;219,108;218,108;218,109;217,110;217,111;216,111;216,113;216,114;215,114;214,115;213,116;213,117;212,117;211,118;211,119;211,120;210,120;209,121;208,121;207,121;206,122;205,123;204,123;204,124;203,125;201,126;199,127;199,128;197,130;197,131;196,131;194,132;194,133;193,134;192,134;191,135;189,135;188,135;187,137;186,137;186,138;185,139;184,139;183,140;182,140;181,142;180,142;179,143;179,144;178,145;177,145;176,145;175,147;174,148;173,150;172,151;171,151;171,152;170,153;169,154;168,156;167,156;166,158;165,158;163,159;162,161;161,162;161,163;160,164;160,165;159,166;159,167;157,169;157,170;156,171;156,172;155,172;155,173;154,174;154,175;153,176;152,177;151,177;150,178;150,179;150,180;149,181;148,181;147,183;146,184;146,185;146,186;145,187;144,187;143,189;142,190;142,191;141,191;140,192;139,192;138,192;137,192;135,193;134,195;133,195;132,196;131,196;131,197;130,197;129,197;128,198;126,199;125,199;123,199;122,199;121,200;120,201;118,202;117,203;115,203;114,203;113,205;112,205;111,205;110,206;108,207;105,209;105,210;104,210;103,210;102,210;101,210;100,211;99,211;98,211;97,212;96,213;94,213;93,213;92,213;91,214;90,215;89,215;88,215;87,215;87,216;85,216;84,216;83,216;82,217;81,217;80,217;78,217;76,218;75,218;74,218;72,219;71,219;69,221;68,221;67,222;66,222;64,222;63,223;62,223;61,223;60,224;60,225;59,225;57,225;56,227;55,227;55,228;54,228;53,228;52,229;51,230;50,230;49,231;48,231;47,231;46,233;45,233;44,234;43,234;42,235;41,236;40,236;40,237;39,237;38,237;38,239;37,239;36,240;35,241;33,241;31,242;31,243;30,244;30,245;29,245;29,246;28,247;27,247;26,248;25,250;24,250;23,251;21,253;20,254;18,256;18,257;17,257;16,259;16,262;16,263;15,264;14,264;13,265;12,266;11,267;10,269;10,270;9,271;9,272;8,272;8,273;8,274;8,275;7,276;7,277;7,278;7,280;7,281;7,282;6,283;6,284;6,286;5,287;5,288;5,290;5,291;5,292;5,293;5,295;5,297;5,298;5,299;5,301;5,302;5,303;5,304;5,305;5,306;5,307;5,308;5,309;5,310;5,311;5,312;5,313;5,315;5,316;5,317;5,318;5,320;5,321;4,323;4,324;4,325;4,326;4,328;4,329;4,331;4,332;4,334;3,335;3,336;3,337;2,338;2,341;2,342;1,344;1,345;1,346;1,348;1,350;1,351;1,352;1,354;1,355;1,356;1,357;1,358;1,359;1,361;1,362;1,364;1,366;1,367;1,368;2,370;2,373;2,374;3,375;4,377;4,380;5,381;5,382;5,384;5,386;7,387;7,389;8,392;9,393;9,394;10,396;11,397;11,398;11,399;12,400;13,401;14,404;15,406;15,407;17,409;18,411;19,412;20,413;21,414;23,416;23,417;24,418;25,418;25,419;26,420;28,421;30,423;31,423;32,424;33,424;35,425;36,425;38,425;39,425;40,425;41,425;42,425;43,425;45,425;46,425;47,425;48,425;50,425;51,425;55,424;56,424;58,422;59,422;61,421;63,421;64,420;65,420;66,419;67,418;68,418;68,416;69,415;70,414;71,413;73,413;76,412;77,412;79,412;80,412;81,412;83,411;85,411;86,411;87,411;88,411;90,411;91,411;93,411;96,411;97,411;98,411;99,411;100,411;101,411;102,411;102,412;102,414;103,416;103,417;104,418;104,419;105,419;106,420;107,420;107,421;107,422;108,423;108,424;109,425;110,426;110,427;110,428;110,430;110,431;110,432;110,433;110,435;110,436;110,437;110,438;111,439;111,441;112,441;112,442;113,442;114,443;115,443;118,444;121,444;123,445;125,445;128,445;130,445;131,445;132,445;134,445;136,445;138,445;141,445;145,445;148,444;151,443;155,441;158,439;160,437;163,435;165,432;165,431;166,429;167,427;168,423;168,422;169,420;169,418;171,415;171,414;171,413;171,411;171,409;171,408;171,407;171,406;171,405;170,402;170,401;170,399;168,396;168,395;168,394;167,392;166,390;166,389;166,388;165,385;165,384;165,383;165,382;164,380;164,378;164,377;164,376;164,375;163,375;163,374;163,372;163,371;163,370;163,369;163,366;163,365;163,363;163,362;163,361;163,360;163,359;163,358;163,357;163,356;163,355;
Stroma; POLYGON; 128, 128, 128; 107,452;106,452;105,451;104,450;103,450;102,450;101,449;100,448;100,447;98,447;98,446;98,445;98,444;98,443;98,442;98,441;99,440;100,439;102,439;103,438;103,437;103,436;105,436;106,434;107,434;108,433;110,432;111,432;112,432;113,432;114,432;115,432;116,432;117,432;119,432;123,432;125,432;127,432;131,432;134,432;136,433;138,433;139,433;141,434;142,434;142,435;144,437;145,437;147,440;149,442;150,445;152,447;154,451;
Stroma; POLYGON; 128, 128, 128; 259,95;260,97;261,97;261,99;263,101;264,103;266,106;267,107;269,109;269,110;270,112;271,114;272,115;273,116;273,118;274,118;275,120;276,120;276,121;277,123;277,124;277,125;277,126;278,127;279,128;280,129;280,131;281,131;281,132;282,133;282,134;282,135;283,136;284,138;284,139;284,140;284,141;285,143;285,145;285,146;285,148;285,150;285,151;285,152;285,153;285,154;285,155;285,157;285,158;285,159;285,161;285,162;285,163;285,164;285,165;285,167;285,168;286,169;286,170;286,172;286,173;286,174;287,176;287,177;287,178;288,179;288,180;288,181;289,182;289,183;290,185;290,186;290,187;290,188;290,190;290,191;290,192;290,193;291,194;292,197;292,198;292,199;292,200;293,202;293,203;293,204;293,207;293,209;294,210;294,211;294,212;294,215;294,216;295,218;295,219;295,220;296,221;296,222;296,224;296,226;296,227;297,228;297,229;298,231;298,232;298,235;299,236;299,238;300,240;301,241;301,244;301,245;301,246;301,247;301,248;302,248;302,249;302,250;302,251;302,252;302,253;302,254;302,255;302,256;302,257;302,258;302,259;302,260;302,261;302,263;302,264;303,264;303,265;303,266;303,267;304,268;304,269;305,270;305,271;305,272;305,273;306,274;308,276;308,278;309,278;310,280;311,283;313,284;313,285;314,285;314,286;315,287;317,290;318,291;320,292;321,295;323,296;324,297;325,297;326,298;327,298;328,299;329,299;330,300;332,302;333,303;335,304;336,305;337,305;338,306;338,308;339,308;340,309;341,310;341,311;342,312;342,313;342,314;342,315;342,317;342,319;342,320;342,321;342,322;342,323;342,325;342,326;342,327;342,329;342,331;342,332;342,333;342,334;342,335;342,337;342,338;343,339;344,341;344,342;344,344;344,345;344,346;344,348;345,349;345,350;346,351;347,352;348,354;349,355;349,356;349,357;350,357;350,358;351,359;352,360;353,361;353,362;354,363;355,364;356,365;357,365;358,366;359,367;360,368;361,368;361,369;363,370;363,371;364,371;365,373;366,374;367,374;369,374;370,374;371,375;372,375;373,375;374,375;377,375;378,375;380,375;381,375;383,375;385,375;388,375;389,375;390,375;392,375;393,375;394,375;395,373;395,372;397,371;399,370;400,370;401,370;402,370;404,370;405,370;406,370;407,370;408,370;409,370;410,370;411,370;413,370;415,370;417,370;418,370;419,370;420,371;421,371;422,372;422,373;424,374;425,374;426,375;427,375;428,376;429,376;430,376;431,376;432,376;433,377;434,378;435,380;436,381;439,383;440,383;441,384;441,385;443,386;444,387;446,389;448,391;448,392;449,393;450,394;451,394;452,395;453,397;454,399;455,399;456,400;458,401;459,401;459,402;460,402;461,404;462,404;462,405;464,405;464,406;465,407;466,408;468,410;469,411;470,412;472,414;475,414;477,417;478,418;479,418;480,418;481,420;482,420;483,422;485,423;486,424;487,425;488,425;489,425;490,425;491,426;492,426;493,426;494,428;495,429;496,430;496,431;498,431;500,432;501,432;502,433;503,433;504,435;505,436;506,437;507,437;507,438;508,438;509,438;511,439;512,439;513,441;514,443;515,443;516,444;517,445;519,446;519,447;521,448;523,450;524,450;525,452;526,452;526,453;527,454;527,455;528,455;529,456;530,456;531,457;533,458;536,460;537,460;538,461;539,461;540,462;541,463;543,464;545,465;546,466;546,467;547,467;548,467;551,469;553,469;555,470;557,470;558,470;559,470;561,471;561,472;562,472;562,471;563,471;564,470;564,469;564,468;564,467;564,466;564,464;564,463;564,461;564,460;564,459;564,458;563,457;562,456;562,455;560,453;560,452;559,452;559,451;559,450;559,449;558,449;558,448;557,448;557,447;556,446;555,444;555,443;554,443;554,442;553,442;553,440;552,440;551,439;551,438;550,438;548,437;548,436;547,436;547,435;546,435;545,435;544,434;543,434;542,434;541,433;541,432;541,431;540,431;539,430;538,430;537,429;536,429;535,428;533,428;533,426;532,426;532,425;531,425;530,425;529,424;528,424;527,423;526,423;525,422;523,422;522,421;521,420;520,419;519,418;518,418;517,416;517,415;516,415;515,414;514,413;513,412;511,411;511,410;510,409;509,408;508,408;507,408;506,407;505,407;505,406;504,405;504,404;505,403;506,402;507,401;508,400;510,399;511,398;513,397;513,396;514,396;515,395;516,395;517,395;517,394;518,394;520,394;521,394;523,394;524,394;527,394;529,394;530,394;531,394;533,394;534,394;535,394;536,394;537,394;538,394;539,393;540,393;541,393;542,393;543,393;544,393;546,393;547,393;548,393;549,393;550,392;551,391;551,390;552,390;553,390;554,390;556,390;557,390;558,390;559,390;560,390;561,391;562,391;563,392;564,392;566,393;567,393;568,393;569,394;569,395;569,396;569,397;570,397;571,397;572,397;573,397;574,397;575,397;575,396;575,395;577,395;578,395;579,395;580,395;581,395;582,394;584,394;585,394;586,394;587,393;588,393;590,392;591,391;592,391;593,391;594,390;594,389;595,388;595,387;596,386;597,385;598,384;600,383;600,382;601,380;601,379;601,378;601,377;601,376;601,375;601,374;601,373;599,371;598,370;596,369;595,369;594,369;593,368;592,368;592,367;591,366;590,366;590,365;589,365;587,365;586,363;585,363;584,362;582,362;581,361;580,360;579,360;579,359;578,359;576,359;576,358;575,357;574,357;573,356;572,354;571,354;570,353;570,352;568,351;567,351;566,350;565,350;565,349;564,349;562,349;561,347;561,346;560,346;559,345;558,345;557,344;556,343;555,342;553,342;553,341;552,340;550,339;550,338;548,337;547,336;546,336;545,335;544,334;543,333;541,332;540,332;539,330;538,330;538,329;537,328;537,327;536,326;535,326;535,325;534,325;533,324;531,323;530,323;529,322;528,321;527,320;526,320;525,320;524,319;523,319;522,319;521,319;520,318;518,317;517,317;517,316;515,316;514,316;513,316;512,316;512,315;511,315;510,315;509,315;508,314;507,314;505,314;504,313;503,313;501,311;499,311;498,311;496,310;494,309;492,308;491,308;487,306;486,306;483,305;482,305;480,304;479,304;478,303;476,303;475,302;471,302;470,301;469,301;468,301;466,300;465,300;464,300;463,300;462,300;462,299;462,298;459,298;458,298;458,297;457,296;456,296;456,295;454,295;454,294;454,293;453,292;452,291;448,290;447,289;446,287;445,287;444,286;443,285;440,283;438,281;437,281;436,280;435,280;434,279;433,278;433,277;431,275;429,274;428,273;427,273;426,273;425,272;425,271;424,270;424,269;423,269;422,269;421,268;419,267;418,266;416,265;415,264;414,263;413,262;412,262;411,260;410,260;409,259;409,258;408,257;407,257;406,256;404,255;404,254;403,254;402,253;401,251;401,250;400,249;399,248;399,247;399,246;399,245;397,243;396,242;396,241;396,240;395,239;394,237;393,236;392,235;392,234;392,233;391,231;391,230;390,229;390,227;390,226;390,225;390,224;390,223;389,222;388,222;388,221;388,220;388,219;388,218;388,217;387,216;387,215;387,214;387,213;386,213;386,212;386,211;385,211;384,210;384,208;383,207;382,207;382,206;381,205;381,204;381,203;381,202;380,201;379,199;378,197;378,196;378,195;377,195;377,194;376,193;376,192;375,191;374,190;374,189;374,188;372,186;372,185;372,184;372,183;371,183;371,182;370,180;369,179;369,178;368,177;368,176;368,174;367,173;366,172;366,171;365,171;365,170;365,168;364,167;363,166;362,165;361,163;361,162;360,162;360,161;360,160;359,160;359,159;359,158;358,157;357,156;357,155;356,155;355,153;354,153;354,150;351,149;350,147;349,146;348,145;347,144;347,143;346,143;346,142;345,142;345,141;345,140;345,139;344,139;343,138;343,137;342,136;340,135;340,134;339,133;339,132;337,130;337,129;336,128;336,127;335,127;335,126;334,125;333,125;333,124;333,123;332,122;331,121;330,120;329,119;328,117;326,116;326,115;325,115;325,114;325,113;324,113;323,112;323,111;323,110;322,109;321,109;320,108;320,107;319,107;318,106;317,106;317,104;316,103;315,102;315,101;314,101;313,100;313,99;312,98;312,97;311,96;310,94;310,93;309,92;309,91;307,91;307,90;307,88;306,87;306,86;306,85;305,85;305,84;305,83;304,82;304,81;303,80;303,79;302,79;302,78;302,77;301,76;300,75;300,74;299,74;299,73;297,72;297,71;296,69;296,68;295,68;295,67;294,66;294,65;294,64;294,63;294,62;293,62;293,61;291,61;290,60;289,60;288,60;287,60;286,60;285,60;284,60;283,60;282,60;281,60;280,60;279,60;278,60;277,60;275,61;274,62;273,63;272,64;270,64;269,65;268,66;267,66;265,67;262,68;261,68;260,69;260,70;258,71;256,73;256,74;255,76;253,79;253,80;252,83;
Stroma; POLYGON; 128, 128, 128; 140,327;141,327;142,326;143,324;144,323;145,321;145,320;146,318;147,318;147,316;148,315;148,314;148,312;148,311;148,310;148,309;148,308;148,306;148,305;148,304;148,301;148,300;148,299;148,298;147,295;147,294;147,293;146,291;146,290;146,289;146,288;146,287;146,285;147,284;148,281;148,280;148,279;150,278;151,274;152,274;154,273;155,272;156,271;156,269;156,268;157,266;158,265;159,263;160,262;160,261;161,260;162,260;163,259;163,257;165,255;166,254;166,253;166,252;166,250;166,249;166,248;167,247;167,246;167,245;167,244;167,243;167,242;167,241;167,240;167,239;167,238;167,237;167,236;167,235;167,233;167,232;167,231;167,230;167,229;168,227;168,226;169,226;170,226;171,226;172,226;173,226;174,226;175,226;176,226;177,226;178,226;180,225;180,224;181,224;183,223;184,223;185,222;187,221;187,220;189,219;189,218;190,218;190,217;192,216;192,215;193,215;194,214;195,214;195,213;196,212;197,212;198,212;198,211;200,210;201,209;201,208;202,208;202,207;204,206;205,205;206,204;207,203;210,202;211,201;212,201;212,200;213,200;213,199;214,199;214,198;215,198;216,198;217,198;217,197;218,196;218,195;219,195;221,194;222,194;223,193;224,191;226,190;227,189;228,188;229,188;229,187;230,187;230,185;232,185;234,183;235,182;237,179;237,178;237,177;238,176;238,175;239,175;239,174;240,173;240,172;241,172;241,171;242,171;243,170;244,170;244,169;245,167;246,167;246,166;247,165;247,164;248,162;248,161;249,160;249,159;249,158;250,156;251,154;251,153;251,152;252,150;252,148;252,147;252,145;253,142;253,141;253,140;253,139;255,138;255,136;255,135;256,134;256,133;257,131;258,131;258,130;259,130;259,129;260,129;262,128;264,128;267,128;268,127;269,126;269,125;270,125;271,124;272,123;273,122;274,122;275,121;277,119;278,117;279,117;280,116;280,115;281,114;282,111;282,110;283,107;284,106;284,105;284,103;284,101;284,100;284,99;284,98;284,97;283,95;282,93;282,92;281,92;281,91;279,90;279,89;277,88;276,88;274,86;272,86;270,84;268,83;265,82;263,82;261,81;259,80;257,80;256,80;255,80;254,80;253,80;252,81;250,83;248,85;246,86;244,87;243,89;242,90;241,91;240,92;240,94;239,95;239,96;238,96;238,97;238,98;237,99;237,100;236,102;235,102;235,103;235,104;235,105;234,106;233,108;233,109;233,110;233,111;232,112;232,114;232,115;230,116;229,119;229,120;228,121;227,122;227,123;226,123;225,124;224,126;223,127;222,129;221,129;219,130;218,132;217,133;216,134;216,135;214,136;213,137;212,138;210,139;208,141;207,141;205,143;204,144;203,146;202,146;200,147;199,150;196,150;195,151;194,152;192,154;191,155;190,157;189,158;188,158;188,159;187,160;185,160;184,162;183,163;182,165;181,165;181,166;180,166;179,167;178,169;177,169;177,170;176,171;174,172;172,174;171,175;171,176;170,176;170,177;169,178;167,181;167,182;165,183;164,184;163,186;161,188;160,190;158,192;157,194;155,196;154,198;152,199;150,201;149,202;146,204;146,205;144,206;143,208;140,211;140,212;139,214;135,216;133,218;130,218;129,219;127,221;125,223;123,224;121,226;119,227;118,228;116,230;114,231;113,234;109,235;107,238;106,239;102,243;100,246;96,249;94,252;93,253;88,257;86,260;84,261;82,264;81,264;79,266;78,270;76,273;74,275;73,279;71,282;70,285;68,289;66,293;65,296;65,299;65,302;65,305;65,308;65,312;65,315;65,318;66,321;68,325;70,330;73,335;77,342;83,351;90,359;96,368;103,375;109,383;114,389;119,394;120,395;123,398;124,399;125,401;127,402;128,402;129,402;131,402;132,401;133,399;134,397;135,396;136,395;137,394;138,394;141,393;144,393;147,393;148,393;151,394;
Stroma; POLYGON; 128, 128, 128; 51,483;50,483;49,483;48,483;47,483;45,483;44,484;43,484;42,484;41,484;39,484;38,484;36,484;35,484;33,484;31,485;30,485;30,486;29,487;28,487;27,487;26,487;26,488;25,488;24,488;24,490;24,491;23,491;23,492;23,494;23,496;23,497;23,498;23,499;23,500;23,502;23,503;23,505;23,507;23,508;23,509;23,510;23,511;23,512;21,513;21,514;21,515;21,516;21,518;21,519;21,520;21,521;21,522;21,524;21,525;21,526;21,527;21,529;21,530;21,531;21,532;22,533;22,534;22,535;22,536;22,537;23,537;24,538;25,539;26,539;27,540;28,540;30,540;33,540;35,540;38,540;40,540;43,540;46,540;48,540;49,539;50,537;51,537;52,537;53,536;53,534;57,532;58,530;60,527;61,523;63,518;65,515;65,514;66,512;66,510;67,510;68,508;68,506;70,504;70,500;70,498;70,494;70,493;70,492;70,491;71,491;
Stroma; POLYGON; 128, 128, 128; 44,484;43,484;42,484;40,484;40,485;39,485;38,485;36,485;35,485;34,485;33,486;32,486;31,486;30,486;29,486;29,485;29,484;29,483;29,482;29,481;29,480;29,479;28,479;28,478;26,476;25,475;24,474;23,474;22,473;21,473;20,473;20,472;19,472;19,470;19,469;20,468;21,467;22,466;23,466;25,465;27,464;28,463;28,462;29,462;30,462;31,462;32,462;33,461;34,461;35,459;35,457;36,456;37,455;38,453;38,451;38,450;38,449;38,448;38,447;37,446;36,446;35,445;34,445;33,445;32,444;30,444;29,444;27,444;24,444;22,444;21,444;20,444;19,444;18,444;17,444;15,444;14,444;13,444;12,444;11,444;10,444;9,444;8,444;8,445;8,446;8,447;7,447;7,448;7,449;7,450;7,451;7,452;7,453;7,454;6,455;6,456;6,457;6,459;6,460;6,461;6,462;6,463;6,464;7,465;8,466;9,467;10,467;11,468;11,469;11,470;12,470;12,471;13,472;14,474;15,474;16,476;17,476;17,477;18,477;19,478;19,479;19,480;19,481;19,482;19,483;19,484;20,485;20,486;20,487;20,489;20,490;20,491;20,492;21,492;21,493;22,495;23,496;24,497;25,498;26,499;27,499;29,500;29,501;31,502;33,503;34,503;36,504;38,504;41,504;43,504;46,504;49,504;53,504;56,504;58,504;61,503;62,502;64,501;67,499;68,498;71,496;74,493;76,492;80,491;83,490;85,489;86,489;87,489;88,488;88,487;88,486;89,486;
Stroma; POLYGON; 128, 128, 128; 426,103;425,103;424,102;426,102;428,102;430,102;432,102;435,102;437,102;439,102;440,102;442,102;445,102;447,101;449,101;450,101;450,100;451,100;452,100;453,99;456,98;456,97;457,97;457,96;458,96;459,96;459,95;460,95;462,94;463,94;463,93;465,92;467,92;468,92;469,92;471,91;472,91;473,90;474,89;475,89;476,89;478,88;479,88;480,88;481,87;482,87;483,86;484,86;486,86;488,86;490,86;491,86;492,86;493,86;494,86;495,85;496,85;498,85;499,85;500,85;502,85;503,84;504,84;505,84;506,84;507,84;509,84;510,83;512,82;514,82;516,79;519,79;520,79;521,78;523,78;524,78;526,77;527,77;528,77;529,77;531,76;532,76;533,76;534,75;535,74;536,73;537,73;539,73;540,73;541,73;543,72;544,72;545,72;549,72;549,71;551,71;552,71;555,70;557,69;558,69;559,69;561,67;562,67;563,67;564,67;566,67;567,67;568,67;569,67;570,67;572,67;573,67;575,67;576,67;577,67;579,67;580,67;581,67;582,67;583,66;584,66;585,66;586,66;588,66;589,66;591,66;592,66;594,66;595,66;596,65;597,65;599,64;600,64;602,64;603,63;605,63;606,62;607,61;607,60;608,60;610,59;611,59;613,58;614,57;615,57;617,57;617,55;618,55;619,54;620,54;621,54;623,53;624,53;627,52;627,51;629,51;630,50;632,49;634,48;635,48;635,47;637,47;638,47;639,46;641,46;642,44;643,44;646,42;647,42;647,41;649,41;651,40;652,40;656,40;659,40;662,40;664,40;665,40;667,39;670,37;671,36;673,35;674,35;675,34;676,34;677,33;678,33;679,33;682,31;683,30;684,30;685,30;686,29;687,28;688,28;690,28;691,27;692,27;695,25;697,25;697,24;700,23;702,23;703,22;705,21;706,21;708,20;709,20;711,20;714,20;718,20;720,20;723,20;725,20;727,19;728,19;729,19;732,19;735,19;738,19;740,19;742,18;744,18;747,18;750,18;753,18;754,18;757,18;759,18;762,18;764,18;766,18;767,18;768,18;769,18;771,18;772,18;773,18;776,18;777,18;778,18;779,18;780,19;781,20;781,21;781,22;781,24;781,25;781,26;781,28;780,29;779,31;778,31;777,32;777,33;776,34;773,37;771,38;768,39;766,40;765,41;760,44;759,45;756,46;754,46;753,48;749,50;746,51;744,52;743,52;741,54;739,55;738,56;735,58;733,58;730,60;729,61;727,63;725,65;722,66;721,66;719,67;717,68;715,69;715,70;714,71;711,71;708,72;707,73;706,74;704,74;703,74;702,76;701,76;699,76;697,76;696,77;694,77;693,77;690,77;687,77;686,78;685,78;684,78;683,78;682,78;681,78;680,78;677,78;675,78;674,78;673,78;671,78;669,78;668,78;665,78;662,78;661,78;659,78;658,78;657,78;656,78;655,78;653,78;652,78;651,78;649,78;647,78;646,78;644,78;642,78;641,78;640,79;639,79;638,79;637,80;636,80;635,80;634,80;633,80;631,82;630,82;629,82;628,82;627,82;627,83;626,83;625,83;624,83;623,83;622,83;620,84;618,84;617,84;616,84;615,85;614,85;613,85;612,85;611,85;610,85;609,85;608,85;607,85;606,85;605,85;604,85;603,85;602,85;601,85;600,85;599,85;598,85;597,85;596,85;595,85;594,85;593,85;592,84;591,84;589,84;589,83;588,83;587,83;585,83;584,83;583,83;582,83;581,83;580,83;579,83;577,83;576,83;575,83;573,83;572,83;571,83;570,83;569,83;567,83;566,83;566,84;564,85;563,85;562,86;561,87;561,88;559,89;558,90;558,91;557,91;556,92;556,93;556,94;555,95;555,96;554,97;553,98;552,99;550,101;550,102;548,102;547,103;546,104;545,105;544,107;543,108;542,109;540,110;538,112;537,112;535,114;534,114;533,116;532,116;531,117;530,117;528,119;528,120;526,121;523,121;520,123;519,124;516,126;515,126;514,126;513,128;512,128;510,128;509,129;507,129;506,129;503,130;502,130;500,130;498,131;496,131;494,131;493,131;492,131;491,131;490,131;488,131;486,131;484,131;483,132;482,132;481,132;480,132;479,132;478,132;476,132;474,132;473,132;471,132;470,132;469,132;467,132;466,132;465,132;464,132;463,132;462,132;462,131;460,131;459,130;458,130;455,128;452,128;451,128;449,127;446,126;445,126;444,125;441,124;436,121;434,121;432,120;428,118;425,117;422,116;420,115;419,114;418,114;417,114;
Stroma; POLYGON; 128, 128, 128; 521,76;520,76;519,76;518,76;517,76;515,76;513,76;512,76;510,76;509,76;508,76;507,76;506,76;504,76;502,76;501,76;499,76;498,76;497,76;496,76;495,75;494,75;492,74;491,74;489,73;488,73;486,72;485,72;484,72;483,72;482,72;481,72;479,72;477,72;475,71;474,71;473,71;472,71;471,71;469,71;468,71;466,71;464,71;463,71;461,71;459,71;457,71;456,71;454,71;452,71;451,71;450,72;448,73;448,74;447,74;445,74;444,74;443,74;442,75;441,75;440,75;440,76;439,76;438,76;438,77;437,77;436,77;434,77;433,78;432,79;432,80;431,80;431,81;430,82;429,83;428,83;428,84;427,85;427,86;426,86;425,87;425,88;424,88;424,89;423,89;422,91;422,93;422,94;421,94;421,95;421,96;421,97;421,98;421,99;421,100;421,101;422,102;424,103;425,105;426,105;428,106;429,107;431,108;433,110;434,110;435,110;436,110;437,110;438,110;440,110;443,110;447,112;451,112;454,113;458,113;461,113;462,113;464,113;465,113;466,113;467,113;470,113;479,113;481,113;484,113;487,114;489,114;492,114;493,114;495,114;496,114;497,114;
Stroma; POLYGON; 128, 128, 128; 305,243;304,241;303,241;302,239;301,238;300,237;299,236;298,234;297,234;297,233;296,230;295,230;295,229;294,228;293,226;292,225;291,223;291,222;291,221;290,219;290,218;289,217;289,215;288,213;287,212;286,211;285,210;285,209;283,206;282,204;281,203;281,202;280,201;279,201;279,200;278,199;277,198;276,197;275,197;274,196;274,195;273,194;271,193;270,193;269,192;269,191;267,190;267,189;263,187;261,186;259,185;258,185;258,184;257,183;256,182;255,181;253,179;252,179;250,176;249,176;248,175;247,174;247,173;246,172;245,172;245,170;245,169;244,168;243,166;243,164;243,163;243,162;242,161;241,158;240,156;239,154;238,151;238,150;238,149;238,148;238,147;238,145;238,144;238,143;238,142;238,141;240,139;241,138;242,137;242,135;243,133;243,132;243,131;243,130;244,130;244,129;245,128;245,127;246,126;247,125;248,124;250,123;250,122;252,122;253,121;254,120;255,120;256,119;258,118;259,117;260,117;260,116;261,116;261,115;262,115;263,113;265,113;266,113;267,113;270,113;273,113;274,113;276,113;277,113;278,113;279,113;280,113;281,113;282,113;283,114;284,114;285,115;287,116;289,117;289,119;290,119;291,121;292,121;293,122;293,123;294,126;294,127;294,129;296,133;297,137;297,141;298,144;301,148;301,151;301,155;302,157;303,160;305,164;306,169;306,172;308,176;309,178;310,181;310,184;314,187;315,190;316,194;318,197;319,200;319,202;320,204;321,208;322,211;322,214;323,217;325,220;326,223;326,225;328,227;328,229;329,230;329,233;330,237;330,238;331,239;331,242;333,245;334,247;335,249;336,253;337,256;339,261;339,262;340,264;340,265;
Stroma; POLYGON; 128, 128, 128; 317,252;317,251;315,251;315,250;314,249;313,249;312,249;311,247;310,247;309,247;308,247;308,246;307,246;306,246;305,246;304,245;302,243;300,241;299,240;297,238;296,238;295,236;294,235;293,235;292,235;290,234;290,233;289,233;288,232;287,231;286,230;285,229;284,229;282,228;280,227;280,226;279,226;278,225;278,224;277,223;276,223;275,222;274,222;273,221;273,220;271,220;270,219;269,218;269,217;268,216;266,215;264,213;262,211;261,210;260,209;259,208;257,207;257,206;255,204;254,203;253,202;252,201;251,201;250,200;249,200;249,198;248,198;247,196;245,195;245,194;243,192;242,191;241,190;239,188;239,187;238,186;237,184;236,184;235,183;233,179;232,178;231,176;230,175;230,173;229,171;228,169;228,168;228,166;228,165;228,164;228,163;228,161;228,160;230,160;231,160;234,160;236,160;238,160;239,160;240,160;241,160;243,160;245,160;249,160;252,161;257,165;260,166;263,167;267,168;270,169;273,171;274,171;276,174;276,175;279,178;279,181;283,183;283,184;284,186;285,188;287,190;289,193;292,196;296,201;297,203;300,207;301,209;303,210;307,215;308,216;310,218;312,221;313,223;314,224;314,225;315,228;315,230;315,232;315,234;315,235;315,236;315,237;
Stroma; POLYGON; 128, 128, 128; 446,374;445,374;444,374;443,374;442,374;442,376;440,376;439,376;438,377;437,377;436,377;436,378;435,378;434,378;433,378;432,379;431,379;428,379;427,379;426,379;425,379;424,379;423,379;422,379;421,379;420,379;419,379;417,379;415,379;414,379;412,379;411,379;410,379;409,379;408,379;407,379;405,379;404,379;402,379;400,377;399,376;395,375;393,373;392,373;390,372;388,372;387,371;386,371;385,370;385,368;383,367;383,365;382,362;381,359;380,357;379,355;379,353;379,352;379,351;379,349;379,347;379,346;379,345;380,343;380,340;382,339;382,338;383,338;384,338;385,338;386,338;
Stroma; POLYGON; 128, 128, 128; 357,338;356,338;354,338;353,338;352,338;351,338;350,338;349,338;347,338;346,337;345,336;344,335;344,333;342,333;342,332;340,331;339,330;339,329;339,328;337,327;337,326;337,325;336,323;335,321;335,320;335,319;335,317;335,316;335,315;335,314;335,313;334,312;334,310;334,309;334,308;334,306;334,304;334,303;334,301;334,300;334,299;334,298;334,297;334,296;334,295;334,293;335,292;337,290;338,289;340,289;342,289;343,289;345,289;348,289;352,289;354,289;358,289;363,293;367,296;369,296;
Stroma; POLYGON; 128, 128, 128; 565,457;566,457;567,457;569,457;571,457;571,459;574,459;576,460;577,460;579,460;580,460;582,460;583,460;584,460;585,460;586,460;587,460;588,459;588,458;588,457;588,456;588,455;588,454;588,453;588,452;588,451;589,450;589,449;589,447;589,446;590,445;591,444;592,444;594,443;595,443;597,441;597,440;598,439;599,438;600,437;601,436;603,434;604,434;604,433;605,432;605,431;605,430;605,429;605,428;605,427;605,426;605,425;605,424;605,422;605,421;605,420;605,419;605,418;605,417;605,415;605,414;605,413;605,412;605,411;605,409;603,408;603,407;602,407;602,406;601,405;601,404;601,403;600,402;600,401;599,401;598,400;597,400;596,399;595,399;595,398;593,397;591,396;590,395;590,393;589,391;588,390;588,388;588,387;588,386;588,384;588,383;588,382;588,381;589,380;590,379;591,379;591,378;592,378;593,377;594,377;596,377;597,377;598,377;599,377;600,376;601,376;602,376;603,375;604,375;605,375;606,375;606,376;607,377;607,379;608,380;608,382;608,383;609,383;609,384;609,386;609,387;611,388;611,389;613,390;615,392;615,393;616,394;617,395;618,395;618,396;619,398;620,398;621,398;621,399;622,400;624,401;625,401;625,402;626,403;626,404;627,405;628,405;629,405;629,406;630,406;632,407;633,408;634,408;635,409;635,410;636,411;637,412;638,413;639,413;640,414;642,415;643,415;645,417;646,417;647,417;648,418;648,419;649,419;650,420;651,420;651,421;652,421;653,422;654,423;655,423;656,423;657,423;657,424;658,424;659,426;660,426;661,427;663,429;665,431;666,432;667,432;668,432;669,433;670,433;671,433;673,436;674,436;674,437;676,438;677,438;677,439;678,439;679,440;679,441;681,442;682,442;683,442;684,443;685,443;686,444;687,444;688,445;689,446;690,446;691,447;691,448;692,448;693,448;694,449;695,449;696,450;696,451;697,451;699,452;701,454;702,454;702,455;704,456;705,457;707,459;708,459;709,460;710,460;711,461;711,462;712,462;713,463;714,463;716,465;718,467;719,468;720,469;721,470;722,471;722,472;723,472;723,473;724,474;725,474;726,474;726,475;727,475;727,476;728,477;728,478;729,478;729,479;730,479;730,480;731,481;732,481;732,482;732,483;732,484;733,484;733,485;735,486;735,487;736,487;736,488;737,488;738,490;739,490;739,491;741,491;742,491;742,492;744,493;745,493;746,493;747,493;747,494;748,494;749,494;750,494;752,494;752,496;753,496;754,496;755,496;756,496;757,496;758,496;759,496;760,496;761,496;763,496;764,496;766,496;768,496;769,496;770,496;771,496;772,496;773,496;774,496;775,496;776,496;778,496;779,496;780,496;781,496;782,496;783,496;785,496;787,496;788,496;789,496;791,497;793,498;795,498;795,499;797,500;798,500;799,500;801,502;802,502;803,503;805,504;807,504;808,505;809,505;810,506;812,506;813,508;814,508;814,509;815,509;816,510;817,510;819,511;820,511;821,511;821,512;822,514;823,515;824,515;825,515;826,515;827,516;828,516;829,516;831,517;832,518;833,518;834,519;836,519;836,521;838,521;839,522;840,522;841,522;843,523;845,523;846,524;847,524;848,524;849,524;850,524;852,524;853,524;855,525;856,525;858,525;859,525;860,525;861,526;863,526;865,527;868,527;869,527;870,527;870,528;871,528;872,528;873,528;874,528;874,529;875,529;876,529;877,529;878,529;878,530;879,530;880,530;881,530;882,531;883,531;884,532;884,533;886,534;887,534;889,534;891,535;893,536;894,536;895,536;896,536;897,536;897,537;899,537;901,537;902,537;903,539;904,539;905,539;907,540;909,540;910,540;911,540;911,541;913,541;916,541;917,541;918,541;919,541;922,542;924,544;926,544;927,544;929,545;930,546;931,546;932,546;934,547;935,548;936,548;937,548;938,548;939,548;940,549;941,549;942,549;943,549;944,549;945,549;946,549;948,551;950,552;951,552;952,553;952,554;953,554;954,554;955,554;956,554;956,555;958,556;958,557;959,557;961,558;961,559;963,560;964,560;964,561;965,561;965,563;965,564;967,566;968,568;968,569;968,570;969,571;970,572;971,573;972,574;972,575;973,577;974,578;974,581;975,583;976,583;976,585;977,585;978,586;978,587;978,588;978,589;980,590;980,592;982,593;982,594;983,595;983,596;984,597;985,598;985,599;985,601;986,602;986,603;986,604;987,605;987,607;987,608;987,609;987,610;986,611;986,612;985,613;984,613;983,613;982,613;979,613;978,613;975,613;972,611;969,611;968,610;965,610;963,610;961,609;960,609;959,609;958,609;956,608;955,607;954,607;953,607;952,606;951,606;950,606;949,606;947,606;946,605;945,605;944,605;943,605;942,605;941,605;939,605;938,605;936,605;933,605;932,605;931,605;929,605;927,605;926,605;924,605;922,605;921,605;920,605;919,606;918,606;916,608;915,608;913,608;911,609;910,610;909,610;907,610;905,611;904,611;902,612;899,612;898,612;897,612;896,612;893,612;892,612;891,612;887,612;886,612;883,612;882,612;881,612;880,612;877,611;875,610;872,609;870,609;869,607;868,607;867,606;864,606;863,605;861,605;860,605;859,605;858,604;856,603;853,603;852,601;850,601;849,600;848,599;845,599;844,599;841,599;840,599;839,599;839,598;838,598;837,598;836,598;836,597;835,596;835,595;834,595;834,594;832,593;831,593;830,593;830,592;829,592;829,591;829,590;829,589;829,588;829,587;829,586;830,584;830,583;832,582;833,581;833,580;833,578;833,577;833,576;833,574;833,573;833,572;833,571;833,570;833,569;833,568;830,567;830,566;828,565;827,564;826,563;825,562;824,562;823,561;822,561;821,561;818,560;818,559;817,559;816,559;815,559;814,559;813,559;811,558;811,557;810,557;808,556;806,556;805,556;804,556;803,556;802,556;800,554;799,554;798,554;797,553;796,553;795,553;793,552;793,551;792,551;791,551;790,551;789,551;788,551;787,551;786,551;785,551;784,551;782,551;781,550;780,550;779,550;778,550;777,550;776,550;775,550;774,550;773,550;772,550;771,550;771,551;771,552;771,553;770,554;770,555;770,556;770,557;770,558;770,559;770,560;770,561;770,562;770,564;770,565;770,566;770,567;769,568;768,569;767,570;765,570;765,571;764,571;763,572;762,572;761,572;760,572;759,572;757,572;756,572;754,572;751,572;748,571;746,571;744,570;743,569;742,569;741,569;740,568;739,567;738,567;737,566;736,565;736,564;735,564;734,564;732,564;731,564;730,564;730,563;729,563;728,563;727,563;726,562;725,562;724,562;724,561;723,561;722,561;721,561;720,561;719,561;718,560;717,560;716,560;716,559;716,558;714,558;713,558;712,558;711,558;710,558;709,558;707,558;706,558;705,557;704,557;703,557;701,557;700,557;699,557;698,557;696,559;694,559;692,561;691,561;690,563;689,563;688,564;687,565;686,566;685,566;684,567;682,568;681,569;680,569;679,569;678,570;678,571;677,572;676,572;675,572;674,574;673,574;671,574;669,574;668,574;667,574;665,575;664,575;663,575;661,575;660,576;657,576;655,576;652,576;650,576;647,576;646,576;643,576;641,576;640,576;638,576;634,577;633,577;631,577;629,577;628,577;627,577;626,577;625,578;624,578;623,578;621,579;620,579;620,580;619,580;618,582;617,582;617,583;617,584;617,585;616,584;615,583;614,583;613,583;612,583;611,582;610,581;610,580;609,579;609,578;608,577;608,575;607,574;606,570;606,569;606,568;606,567;606,566;606,565;606,564;606,563;606,562;606,561;606,560;607,559;607,558;607,557;607,556;608,554;609,551;609,550;609,549;609,548;610,546;610,544;610,541;610,540;611,539;611,538;613,537;613,536;613,535;614,535;614,533;615,532;616,532;617,532;618,532;619,532;620,532;621,532;624,532;625,532;627,532;630,532;631,532;632,533;633,533;634,533;636,533;637,533;638,533;639,534;640,534;642,535;642,536;643,536;644,536;646,536;648,537;649,537;650,537;651,537;652,537;653,537;654,537;657,538;659,538;660,538;661,538;662,538;663,538;664,538;665,538;666,538;667,538;668,538;669,538;670,538;671,538;672,538;673,538;675,536;676,535;677,535;678,534;679,534;679,533;680,533;681,532;682,531;682,530;682,529;683,528;683,527;684,526;684,525;684,523;684,521;684,520;684,519;684,517;684,516;684,515;684,514;684,513;684,511;684,510;684,509;684,508;684,507;684,506;684,505;684,504;683,503;683,502;683,501;683,500;682,499;681,498;680,498;679,497;678,495;677,494;676,493;675,492;674,491;673,490;672,490;671,489;669,487;668,487;668,486;667,486;666,485;665,485;664,485;663,485;662,484;661,484;658,483;657,483;656,483;656,481;656,480;655,480;655,479;655,478;655,477;656,477;657,476;658,476;659,476;660,476;661,476;662,476;663,476;664,476;666,476;667,476;669,476;670,476;671,476;672,476;673,476;674,476;675,477;676,477;677,477;678,477;679,477;680,477;681,477;682,477;683,477;683,476;683,475;683,474;683,473;683,472;683,471;682,470;682,469;681,469;680,469;679,469;678,468;678,467;677,467;676,466;675,466;674,466;674,465;673,464;673,463;671,461;670,460;669,459;668,459;668,458;667,457;667,456;666,456;665,455;664,454;663,454;663,453;662,452;662,451;661,451;660,451;659,451;658,450;657,450;656,449;655,448;654,448;654,447;652,446;652,445;651,445;650,444;649,444;647,443;645,443;644,443;644,442;643,442;642,441;641,440;640,439;639,439;638,438;637,438;636,438;636,437;635,437;633,437;632,437;631,437;630,438;629,438;629,439;628,440;628,441;627,441;627,442;626,442;625,443;624,444;623,444;623,446;623,447;623,448;622,449;622,450;622,451;622,452;621,453;621,454;621,455;621,456;621,457;621,458;621,460;621,461;621,462;621,463;622,465;622,466;623,466;624,467;625,468;625,469;625,470;626,470;627,472;628,472;628,473;629,473;630,473;631,473;632,474;634,475;635,475;635,476;636,477;636,478;637,478;638,479;639,479;639,480;639,481;640,482;640,483;640,484;640,485;639,486;639,487;638,487;637,487;634,486;632,484;631,483;629,483;628,482;627,482;627,481;626,480;625,479;624,478;622,477;622,475;621,475;620,473;619,473;619,471;618,470;617,470;617,469;616,469;616,468;615,468;614,468;612,468;611,467;610,467;609,467;608,467;607,467;606,467;603,467;602,467;599,467;598,467;597,467;595,467;594,467;593,467;593,468;593,469;593,470;593,472;593,473;593,475;593,476;593,477;593,478;593,479;593,480;593,482;592,483;592,484;592,485;592,487;592,488;592,489;592,490;592,491;592,492;592,493;592,494;592,495;592,496;592,497;592,498;592,499;592,501;592,502;592,504;592,505;592,507;592,508;591,508;590,508;589,508;588,507;587,506;586,506;586,505;585,505;585,504;584,503;584,502;583,502;583,501;582,500;582,498;582,497;581,497;581,496;580,496;579,495;579,493;578,492;577,491;577,490;576,489;575,488;574,488;574,487;574,486;573,486;573,485;572,485;571,484;570,483;569,482;568,481;568,479;567,478;566,478;565,478;565,477;564,476;563,475;562,475;561,475;560,473;559,472;558,472;557,471;556,471;555,470;554,469;554,468;553,467;553,466;552,465;552,463;552,462;552,460;552,459;552,458;552,457;552,456;553,455;554,455;555,454;556,454;557,454;558,455;558,456;
Stroma; POLYGON; 128, 128, 128; 620,456;621,456;622,456;623,456;624,456;625,456;625,457;626,457;627,458;628,459;628,462;628,463;629,463;630,464;631,465;631,466;633,467;633,468;634,469;636,469;637,470;638,471;639,472;642,473;644,474;645,475;645,476;646,476;647,476;648,476;649,476;649,477;650,477;651,477;652,477;652,478;653,478;654,478;655,480;656,480;657,480;658,481;659,482;660,482;661,482;663,484;663,485;664,485;665,486;666,487;667,488;668,489;670,489;670,490;671,490;672,490;671,490;670,490;668,491;667,491;666,491;665,491;664,492;663,492;661,492;660,492;658,492;657,492;657,493;656,493;655,493;654,493;653,493;652,493;651,493;650,493;649,493;646,493;645,493;644,493;642,493;641,493;640,493;638,492;635,491;634,491;633,490;632,490;632,489;631,489;631,488;630,487;629,485;628,485;627,483;627,482;627,480;626,479;626,477;625,476;624,475;623,473;623,472;622,471;622,470;621,469;621,468;621,467;620,467;619,466;618,465;618,464;617,464;
Stroma; POLYGON; 128, 128, 128; 689,498;688,498;685,498;683,498;680,498;676,498;674,498;672,498;671,498;670,498;669,498;668,498;667,498;666,498;665,498;664,498;663,498;662,498;661,498;660,498;659,497;658,495;656,494;655,493;655,492;655,491;655,490;656,489;657,488;658,488;659,487;659,486;659,485;659,484;660,483;660,482;661,482;662,482;663,482;664,482;665,482;666,482;667,482;668,482;670,481;671,481;673,481;677,481;680,481;
Stroma; POLYGON; 128, 128, 128; 727,484;728,484;729,484;730,484;731,484;732,484;733,484;735,484;736,484;737,484;738,484;739,484;740,484;742,484;743,485;744,486;745,487;746,487;747,488;749,489;750,490;751,491;752,492;752,493;755,493;756,494;757,494;759,495;761,496;762,496;763,498;764,499;765,499;765,500;767,500;767,501;769,501;770,504;771,504;771,505;772,506;773,507;773,508;773,510;773,512;773,513;773,514;773,515;772,516;770,517;769,517;768,518;765,520;762,521;759,524;758,525;757,525;753,526;751,527;750,529;749,530;748,530;747,530;745,532;743,533;743,534;
Stroma; POLYGON; 128, 128, 128; 787,551;786,551;785,551;784,551;783,552;780,554;780,555;779,556;778,556;777,556;776,556;774,556;773,557;772,557;771,557;770,557;769,557;768,558;767,558;766,558;764,558;762,558;761,558;760,558;759,558;757,558;754,558;752,558;751,558;750,558;748,557;748,556;747,555;746,553;745,552;744,549;743,546;742,545;740,542;740,541;740,539;740,538;740,537;740,536;740,535;740,534;740,532;740,531;
Artery; POLYGON; 237, 28, 36; 955,554;955,555;955,557;955,558;955,560;955,561;955,562;956,564;957,565;957,566;958,566;959,567;960,567;960,568;961,569;962,570;963,570;964,570;966,571;968,571;969,571;972,571;973,571;974,571;976,572;978,572;979,572;980,572;980,573;981,573;982,573;983,573;983,574;984,575;985,576;986,577;986,578;987,578;987,579;989,581;990,582;991,582;992,583;994,583;995,583;996,583;997,583;998,583;1000,583;1001,583;1002,583;1003,583;1004,583;1005,583;1006,583;1007,583;1008,583;1009,583;1010,583;1011,583;1012,583;1013,583;1014,583;1015,582;1015,580;1015,579;1015,577;1015,575;1014,572;1014,571;1012,567;1011,566;1011,565;1011,563;1011,562;1010,560;1009,558;1008,557;1005,554;1004,552;1002,550;1000,548;998,546;995,544;992,541;990,538;988,538;988,537;986,536;984,536;
Artery; POLYGON; 237, 28, 36; 966,572;967,572;968,572;971,573;971,574;973,575;974,576;976,577;977,578;978,579;980,579;981,581;985,581;986,581;987,581;987,582;988,582;989,582;991,582;993,582;994,582;995,583;996,583;998,584;999,585;1002,586;1004,587;1007,587;1008,587;1010,588;1011,589;1013,589;1013,591;1014,591;1015,592;1017,593;1017,592;1017,590;1017,589;1017,588;1017,585;1017,584;1017,583;1017,582;1015,581;1015,580;1014,578;1013,576;1012,575;1010,573;1008,569;1006,568;1006,565;1001,561;999,558;998,554;995,551;994,549;991,545;987,543;986,541;983,539;981,539;980,538;979,538;979,537;978,536;977,536;976,536;975,535;
Artery; POLYGON; 237, 28, 36; 958,568;957,568;955,567;954,567;952,566;951,565;950,564;949,563;948,563;947,563;946,562;945,561;944,560;943,560;943,559;942,559;941,558;941,557;940,557;940,556;940,555;939,553;937,551;937,550;936,549;935,548;933,546;933,545;932,543;932,542;932,540;932,538;932,537;932,536;932,534;930,531;929,530;929,528;928,526;928,525;927,525;927,523;927,521;927,520;928,519;930,519;931,519;933,519;933,518;934,518;935,518;939,518;942,518;945,518;946,518;947,518;949,518;952,518;954,518;955,518;957,518;961,518;963,518;965,518;
Artery; POLYGON; 237, 28, 36; 943,558;942,557;940,557;938,555;936,555;936,554;934,553;933,553;932,552;931,552;929,551;928,551;927,551;926,551;925,551;924,550;924,549;923,549;922,549;922,548;921,547;920,547;919,546;918,546;916,545;916,544;914,543;913,543;912,542;911,542;909,542;908,542;906,541;906,540;905,540;904,540;903,540;902,540;902,539;901,539;900,538;899,538;898,538;897,538;897,537;896,537;894,537;893,537;892,537;891,536;890,536;889,536;887,535;886,534;885,534;884,534;883,534;882,534;881,534;880,532;879,532;878,531;877,530;876,529;875,528;875,527;872,526;871,525;871,524;871,523;871,522;872,521;874,520;875,519;878,519;881,519;884,519;887,518;890,518;894,518;899,517;901,517;903,517;904,517;905,517;906,517;907,517;909,517;911,517;914,518;917,519;922,521;925,522;928,523;931,524;934,524;935,524;936,524;936,525;937,525;939,525;944,527;948,528;952,528;957,530;959,531;962,531;964,532;966,534;967,534;968,535;969,536;969,537;971,539;971,542;974,543;974,545;976,548;976,549;976,550;976,551;976,552;976,553;976,554;976,555;976,556;976,558;976,559;974,559;973,559;972,559;971,560;970,560;969,560;968,561;967,561;966,561;965,561;964,561;963,561;963,562;962,562;961,563;960,563;
Specular reflection; POLYGON; 191, 91, 22; 37,481;36,481;35,481;35,482;34,482;33,482;32,482;30,482;29,482;27,482;27,481;26,480;26,479;25,479;25,478;25,477;24,476;24,475;23,474;23,473;23,472;22,470;22,469;22,468;22,467;22,466;22,465;22,464;22,463;23,463;24,463;25,463;26,463;28,463;29,463;30,463;31,463;32,463;33,463;35,463;36,463;38,463;40,463;41,463;42,463;42,464;42,465;42,466;42,467;42,469;42,470;42,471;42,472;42,473;42,475;42,476;40,478;39,479;38,480;37,480;36,481;36,482;36,483;
Specular reflection; POLYGON; 191, 91, 22; 4,486;5,486;6,486;7,486;8,486;9,486;10,486;11,486;13,486;14,486;15,486;16,486;17,485;19,485;20,484;20,483;21,483;21,482;22,481;22,480;23,480;23,479;23,478;23,477;23,476;23,475;23,474;23,473;23,472;22,471;21,471;20,471;19,470;17,470;16,469;16,468;15,467;14,467;13,467;12,467;11,466;10,466;9,466;8,466;7,466;6,466;5,467;4,467;4,469;2,470;1,471;0,472;0,473;0,474;-1,474;-2,476;-2,477;-2,478;-2,479;-3,480;-3,482;-3,483;-3,484;-3,485;-3,486;-2,486;-1,486;0,486;1,486;2,486;3,486;4,486;5,486;7,486;8,486;9,486;10,486;
Specular reflection; POLYGON; 191, 91, 22; 101,418;100,418;99,418;98,418;97,419;96,420;96,421;95,421;94,421;93,421;92,422;91,422;90,423;89,423;88,423;87,424;86,424;86,425;85,425;84,427;83,428;82,429;82,430;82,431;82,432;82,434;82,435;82,436;82,437;82,438;82,439;82,440;82,441;84,442;84,443;85,443;86,444;87,444;88,444;90,444;91,444;92,444;93,444;94,444;95,444;97,444;98,444;99,443;100,442;101,442;102,442;103,442;104,440;105,440;105,439;106,439;107,439;108,438;110,438;111,437;111,436;111,435;111,434;111,433;111,432;111,431;111,430;110,429;110,428;110,427;110,426;110,425;109,425;108,424;108,423;107,422;107,421;107,420;106,420;105,419;104,419;103,419;102,419;101,419;100,419;99,419;99,418;97,418;96,418;95,418;93,418;
Specular reflection; POLYGON; 191, 91, 22; 942,604;941,604;939,604;938,604;937,604;936,604;935,604;934,604;933,604;932,604;931,604;930,604;929,604;928,604;927,604;927,605;927,607;927,608;927,609;927,610;927,611;927,612;927,613;927,614;927,615;927,616;927,617;927,618;928,618;929,619;930,619;930,620;930,621;931,621;932,621;933,622;934,622;935,623;936,623;937,624;938,624;939,624;940,624;941,624;942,624;943,624;944,624;945,624;946,624;947,624;948,624;949,624;949,623;950,623;951,622;952,622;952,621;952,620;953,618;953,617;953,616;953,615;953,614;953,613;953,612;953,611;953,610;953,608;953,607;952,606;951,606;950,605;949,605;948,605;948,604;947,604;946,604;945,604;944,604;943,604;942,604;941,604;
Specular reflection; POLYGON; 191, 91, 22; 790,815;789,815;789,816;788,817;787,818;786,818;785,819;784,820;783,821;781,823;781,824;779,824;778,825;778,826;777,826;777,827;775,829;774,830;773,831;773,832;773,833;772,834;772,835;772,836;771,837;770,838;769,838;769,840;768,841;767,842;766,843;765,844;764,844;764,845;763,846;763,847;762,847;762,848;761,848;760,848;759,849;759,850;758,850;758,851;757,852;757,853;756,853;756,854;755,855;754,857;753,858;753,859;753,860;753,862;753,863;753,864;753,865;753,866;753,868;753,869;753,872;753,873;754,874;754,875;754,876;754,877;754,878;754,879;755,881;755,882;756,882;756,883;757,884;758,885;759,885;760,887;761,887;762,889;762,890;763,890;764,890;766,892;768,894;768,895;769,895;769,896;771,897;771,898;772,900;772,901;773,901;774,902;775,903;776,903;777,904;777,905;777,906;778,907;779,908;780,909;782,909;783,909;784,909;786,909;787,909;788,909;789,909;791,909;791,908;792,908;793,906;795,904;796,903;797,902;797,901;798,899;798,898;799,896;799,895;799,894;799,893;799,892;799,891;800,890;800,888;800,887;800,885;800,884;800,883;800,882;800,881;800,880;800,879;800,878;800,877;800,875;800,874;800,873;800,872;800,870;800,869;800,868;800,867;800,866;800,865;800,864;800,863;800,862;799,862;799,861;798,860;797,858;796,857;795,856;794,856;793,856;792,856;792,855;791,855;791,854;790,853;790,852;790,850;790,849;790,848;790,846;790,845;790,844;790,843;791,842;792,841;793,839;794,839;794,838;796,837;796,836;797,835;797,834;798,833;799,832;799,831;799,830;799,829;800,829;800,828;800,827;801,827;801,826;803,824;803,823;803,822;803,821;804,820;804,818;804,817;804,816;804,815;802,812;800,811;799,810;797,809;795,809;794,809;792,809;790,809;789,809;788,809;787,810;787,811;787,812;787,813;787,814;787,817;787,821;787,824;787,828;787,830;787,834;
Stroma; POLYGON; 128, 128, 128; 339,451;339,450;342,450;343,450;344,450;345,450;346,450;347,450;348,450;349,450;349,451;351,451;353,452;354,452;355,452;357,453;358,453;359,453;361,453;362,455;363,455;364,456;365,457;366,457;367,458;368,458;369,458;369,459;370,460;370,461;371,462;372,462;372,463;373,464;376,465;378,467;378,468;379,468;380,469;381,469;382,470;383,470;384,471;385,472;386,474;387,474;388,475;389,476;390,476;391,477;391,478;392,479;393,480;394,480;395,481;396,482;397,483;398,484;398,485;398,486;399,488;400,488;401,490;402,493;404,495;404,497;406,499;407,501;408,503;408,505;408,506;408,507;409,508;410,509;411,511;411,512;412,513;412,515;412,516;413,518;413,519;414,519;414,520;414,521;414,522;414,524;414,525;414,526;414,527;414,530;414,531;414,533;414,536;414,537;414,538;414,539;414,540;414,542;413,543;413,544;413,545;412,545;412,546;412,547;412,548;411,549;410,550;409,551;409,552;408,555;408,556;
Stroma; POLYGON; 128, 128, 128; 488,605;488,603;488,602;489,601;490,601;491,601;493,600;496,600;497,600;498,600;500,600;501,600;502,600;503,600;504,600;507,600;509,600;511,600;512,600;513,600;514,600;515,600;516,600;517,600;518,600;519,600;520,600;521,601;524,601;526,602;527,603;529,603;530,603;530,604;531,604;533,604;534,605;535,606;536,606;537,606;539,607;540,607;541,609;542,609;543,610;544,611;544,612;546,613;546,614;547,615;548,615;550,616;551,616;552,616;552,617;553,617;554,617;555,617;556,617;557,617;558,618;560,619;561,619;562,620;563,620;564,620;565,620;566,621;568,622;570,622;570,624;571,624;572,625;574,626;574,628;575,628;576,630;577,630;577,632;578,634;578,636;579,637;579,638;579,639;579,641;579,643;579,645;579,646;579,647;579,649;579,652;579,654;578,655;578,656;578,657;578,658;578,659;578,660;577,661;577,664;576,666;576,667;
Stroma; POLYGON; 128, 128, 128; 590,661;590,660;591,658;591,657;591,656;591,655;591,654;591,653;591,651;591,650;592,650;592,649;593,647;593,645;593,644;593,643;593,641;593,640;593,639;592,639;592,638;592,637;591,636;590,635;590,633;590,632;589,632;589,631;587,629;585,628;585,627;584,626;583,625;582,625;581,624;579,623;577,623;576,622;573,620;569,618;568,617;565,616;562,615;558,614;558,613;557,613;556,612;555,612;554,612;554,611;552,611;551,611;550,610;548,610;545,609;544,609;543,609;542,609;540,609;539,609;537,609;535,609;533,609;532,609;531,609;530,609;529,609;529,610;527,612;527,613;525,613;523,615;522,616;521,617;520,618;519,619;519,621;519,622;519,624;519,627;519,628;519,629;519,631;519,632;519,633;519,634;519,636;
Stroma; POLYGON; 128, 128, 128; 1016,383;1016,385;1016,387;1016,388;1016,390;1016,391;1016,393;1016,394;1017,396;1018,398;1018,399;1018,400;1018,401;1019,402;1019,404;1020,405;1020,406;1020,407;1021,408;1021,410;1021,411;1021,412;1021,413;1021,414;1021,416;1021,417;1021,418;1021,419;1021,420;1021,422;1021,423;1021,425;1021,426;1021,428;1021,429;1021,431;1021,432;1021,434;1021,437;1021,438;1021,441;1021,442;1021,443;1021,444;1021,446;1020,447;1020,448;1020,449;1020,451;1019,452;1019,453;1019,454;1019,455;1019,456;1019,457;1019,458;1019,460;1019,461;1018,463;1017,465;1017,466;1017,467;1017,468;1017,469;1017,470;1017,471;1017,473;1016,474;1016,475;1015,476;1014,477;1014,478;1013,478;1012,478;1011,478;1011,479;1011,480;1010,480;1009,480;1008,480;1007,480;1006,480;1004,480;1004,479;1003,479;1001,479;1000,479;999,479;997,479;996,479;995,479;994,478;992,478;991,478;990,478;988,477;987,477;986,477;985,477;984,476;983,476;982,476;980,474;979,474;977,473;977,472;975,472;973,472;971,471;969,470;966,470;964,468;963,468;963,467;962,466;962,465;961,462;960,462;960,461;960,460;960,459;960,458;960,457;960,455;960,453;960,452;
Stroma; POLYGON; 128, 128, 128; 288,18;287,18;286,18;285,17;284,16;284,15;284,14;284,13;284,12;284,11;284,9;284,8;284,7;284,6;284,5;286,5;287,5;288,5;289,5;290,5;291,5;292,5;293,5;294,5;296,5;297,5;298,5;299,5;300,5;301,5;302,5;303,5;304,5;305,5;306,5;307,5;309,3;311,3;312,2;313,2;314,2;315,1;316,1;317,1;318,1;319,1;320,1;322,1;324,1;326,1;327,1;328,1;330,1;331,1;332,1;334,1;335,1;336,1;337,1;338,1;339,1;340,1;341,1;342,1;343,1;345,1;346,1;347,1;348,1;348,2;350,2;351,2;352,3;353,3;354,4;355,4;356,4;358,5;358,6;359,6;360,6;361,6;361,7;362,7;363,7;363,8;364,9;364,10;365,10;365,11;366,11;367,12;368,12;368,13;369,13;370,14;371,15;371,16;372,16;372,17;373,17;373,18;374,19;375,20;375,21;376,21;376,22;378,23;379,24;379,25;379,26;380,26;381,28;382,29;382,30;382,31;382,32;382,34;382,35;381,35;380,36;379,36;378,37;377,37;377,38;375,38;374,38;374,39;372,40;371,40;370,40;369,41;368,41;367,41;366,41;364,41;363,42;362,42;360,42;359,42;358,43;357,43;356,43;355,43;353,43;352,43;351,44;350,44;348,46;347,46;345,46;344,46;342,46;341,46;340,46;339,46;338,47;337,47;336,47;335,47;333,47;332,47;330,47;329,47;328,47;326,47;325,47;324,47;323,47;322,47;321,47;319,47;318,47;317,47;316,47;315,47;314,47;313,47;312,47;311,47;311,46;309,45;308,44;307,43;306,42;305,41;304,41;303,40;302,40;301,38;300,36;299,36;299,35;297,34;297,33;296,32;296,31;295,31;295,30;294,30;294,29;293,27;292,27;292,25;292,24;291,23;291,22;290,22;290,21;289,19;288,19;288,18;287,18;285,17;284,16;283,16;281,15;281,14;280,14;
Stroma; POLYGON; 128, 128, 128; 263,48;264,47;265,47;265,45;265,44;265,43;265,42;265,41;265,40;265,39;265,38;265,37;265,36;265,35;265,34;265,33;265,32;265,31;265,30;265,29;266,29;266,27;267,26;267,25;268,24;269,24;270,23;271,22;273,20;274,19;275,19;276,19;277,19;279,18;280,18;281,18;282,18;282,17;283,17;284,17;285,16;286,16;287,16;288,15;288,14;288,13;288,12;288,9;287,8;286,8;286,7;285,7;284,7;283,7;282,7;281,7;280,7;279,7;278,7;277,7;275,8;274,9;273,9;273,10;271,12;270,12;269,13;268,13;267,13;266,14;266,15;264,16;263,17;262,18;261,19;260,20;259,21;258,23;257,23;256,24;255,25;254,26;253,27;251,28;251,29;250,31;250,32;249,32;249,33;249,34;249,35;249,37;248,37;248,38;248,39;248,40;248,41;248,43;248,44;248,45;248,46;248,48;248,49;247,49;247,50;247,51;247,52;247,55;247,56;247,58;248,58;248,59;249,59;249,60;253,63;254,64;256,65;259,67;261,70;265,73;268,76;
Stroma; POLYGON; 128, 128, 128; 1008,286;1009,284;1010,284;1010,283;1010,282;1010,281;1010,280;1010,279;1010,277;1010,276;1010,275;1009,274;1008,274;1008,273;1008,272;1008,271;1007,271;1007,270;1007,269;1006,268;1004,267;1003,266;1002,265;1001,264;1001,263;1000,262;999,262;998,260;997,259;997,258;996,258;995,257;994,255;993,255;992,254;992,253;991,252;990,251;989,250;989,249;988,249;988,247;988,246;988,244;988,243;988,241;988,240;988,237;988,236;989,235;989,234;989,233;990,233;991,233;993,232;994,232;995,230;996,230;997,228;998,228;998,227;999,227;1001,227;1002,227;1004,227;1005,227;1006,227;1007,227;1009,227;1010,227;1010,228;1011,228;1011,230;1012,231;1012,232;1014,233;1015,234;1015,235;1015,236;1015,237;1016,237;1016,238;1016,239;1017,240;1017,241;1017,242;1017,243;1017,244;1017,246;1017,247;1017,249;1017,251;1017,252;1017,254;1017,255;1017,256;1017,257;1017,258;1017,259;1017,260;1018,262;1018,263;1018,264;1018,265;1018,266;1018,267;1018,268;1018,269;1018,270;1018,271;1018,272;1018,273;1018,275;1018,277;1018,278;1018,279;1018,281;1018,282;1018,283;1018,284;1018,286;1018,287;1018,288;1018,289;1018,290;1018,292;1018,293;1018,294;1018,295;1018,296;1018,297;1018,298;1018,299;1018,300;1018,301;1018,302;1018,303;1018,304;1018,305;1018,306;1018,307;1017,308;1017,309;1017,310;1016,312;1016,313;1015,313;1014,313;1013,313;1012,312;1011,312;1011,311;1010,309;1009,308;1008,308;1007,308;1007,307;1006,307;1005,307;1004,307;1002,307;
Stroma; POLYGON; 128, 128, 128; 603,674;604,675;605,675;606,676;607,676;608,678;609,679;610,679;611,680;612,680;613,680;614,681;615,682;615,683;616,683;617,684;618,684;619,684;619,685;620,685;621,686;621,688;621,689;622,690;622,691;623,693;623,694;623,695;623,696;623,697;624,697;624,698;624,700;624,701;625,701;625,702;625,703;625,704;626,706;626,707;627,709;629,710;629,711;630,713;630,714;630,715;631,715;631,716;631,717;631,718;632,719;632,720;632,721;632,722;632,723;632,724;632,725;632,726;632,727;632,728;632,729;632,730;632,731;632,732;632,734;632,735;632,736;632,737;632,738;632,739;632,740;632,741;632,742;632,743;632,744;632,745;632,746;632,747;632,748;632,750;631,752;631,753;631,754;631,755;630,757;630,758;628,759;628,760;628,761;627,763;627,764;626,766;626,767;626,769;626,770;626,771;626,772;626,773;626,775;626,776;626,777;626,779;625,780;625,781;625,782;625,783;625,784;625,785;625,786;625,787;625,788;625,789;625,790;624,792;623,793;623,794;623,795;623,796;622,796;622,797;622,800;622,801;621,802;621,803;621,804;620,804;619,806;618,807;617,807;616,808;615,808;614,808;613,808;612,808;610,807;606,807;605,806;604,805;603,805;602,805;600,805;598,804;597,804;595,803;594,803;593,803;593,802;592,802;591,802;590,802;589,802;588,802;588,800;587,800;586,800;585,800;584,800;583,800;582,799;581,799;580,799;579,799;578,799;577,799;575,799;574,798;573,798;572,798;571,798;570,798;569,798;568,798;566,798;565,798;564,798;563,798;562,798;561,798;560,798;559,797;559,796;559,794;560,794;562,794;564,793;566,791;567,791;568,791;570,790;571,790;572,790;572,788;574,788;575,788;577,788;578,788;580,788;580,787;581,787;582,786;583,786;584,786;585,786;586,785;588,784;590,782;591,781;592,780;593,780;593,779;594,779;595,779;596,778;597,777;597,776;597,775;598,775;598,774;599,774;601,773;601,772;602,771;602,770;603,770;604,769;604,768;604,767;605,767;605,765;605,764;605,762;605,760;605,759;605,758;605,757;605,756;604,754;603,753;602,752;601,751;599,750;597,747;594,746;592,744;589,743;588,741;586,741;585,740;584,739;581,736;578,734;578,733;576,730;575,728;573,725;572,722;571,721;570,720;569,718;568,715;567,712;567,710;566,707;566,705;565,704;565,703;
Stroma; POLYGON; 128, 128, 128; 612,806;612,807;612,809;612,810;612,811;610,813;609,815;609,817;607,819;606,821;606,822;605,823;605,824;604,824;604,825;603,827;603,829;603,830;603,831;602,832;602,833;602,834;602,835;602,836;602,837;601,839;601,840;601,841;601,842;600,842;600,844;600,845;600,846;600,847;600,848;600,849;600,851;600,852;600,853;600,855;599,856;599,857;599,858;598,859;597,861;597,862;597,864;596,865;595,866;595,868;593,870;592,870;591,874;591,875;591,876;590,877;589,881;588,882;588,884;587,884;587,886;587,887;586,888;585,890;584,893;583,894;583,895;581,895;581,897;580,898;580,899;580,900;579,900;579,901;578,902;578,903;578,904;576,906;575,908;575,909;575,910;575,911;575,913;575,914;574,915;573,916;573,917;573,918;572,919;572,920;570,922;569,923;568,924;568,925;568,926;567,927;565,928;564,929;563,930;562,931;562,932;560,933;558,934;557,934;556,935;555,935;554,935;553,935;552,935;550,936;549,936;546,936;544,936;542,936;541,936;540,937;539,937;537,937;536,937;535,937;534,937;533,937;532,937;531,937;530,937;529,937;528,937;527,937;524,937;522,937;521,937;520,937;518,937;517,938;515,939;512,939;511,939;508,939;506,939;505,939;504,939;500,939;499,940;497,940;494,941;492,942;490,943;487,944;484,945;481,946;478,946;477,946;476,948;474,948;472,948;471,949;470,950;468,951;465,951;464,951;464,952;462,953;461,954;459,956;456,958;453,958;451,959;450,959;450,960;449,960;448,960;446,960;443,960;441,960;440,960;439,960;438,960;437,960;436,960;436,961;435,961;434,962;433,962;433,963;432,963;430,963;428,964;428,965;427,966;426,966;425,966;425,968;424,968;423,968;422,968;420,969;419,969;418,970;416,971;415,972;412,974;411,974;408,975;407,975;405,976;403,976;401,976;397,976;394,976;392,976;390,976;389,976;388,976;387,976;384,976;383,976;380,976;377,976;375,976;373,976;370,975;368,974;367,974;364,974;362,974;361,974;357,973;355,973;353,973;351,973;349,972;348,972;346,970;345,970;344,970;343,969;341,968;340,968;337,966;336,966;335,966;332,965;331,964;329,964;327,962;325,961;324,961;322,960;320,960;318,958;316,958;315,956;314,956;313,956;311,955;310,955;308,954;308,953;305,953;303,952;301,951;301,950;299,949;298,949;296,948;293,947;291,947;289,946;287,945;285,943;283,943;280,942;278,941;276,941;274,939;273,939;271,939;269,938;267,936;266,936;265,936;264,935;262,934;262,933;261,933;260,933;258,931;255,928;253,927;251,924;249,923;248,922;247,921;246,920;245,918;245,917;245,915;245,912;245,910;245,907;247,904;250,901;250,898;252,895;252,894;255,891;256,889;261,884;263,882;265,880;268,876;269,875;272,873;275,872;277,868;282,866;285,864;289,861;292,859;294,858;299,857;302,854;304,854;307,853;309,852;313,851;316,850;319,849;322,848;327,847;330,846;333,846;336,846;338,846;341,846;344,846;348,846;352,845;357,844;361,843;365,842;369,841;372,841;374,840;376,839;378,839;380,838;383,837;384,837;386,835;388,834;389,834;391,833;392,832;393,831;393,830;394,829;395,829;395,828;396,827;397,827;398,827;400,827;401,827;402,826;404,825;405,825;406,825;407,825;408,825;409,826;411,827;412,827;413,827;414,828;417,830;418,831;419,831;420,832;422,832;425,832;426,833;427,833;429,834;430,834;431,835;433,835;433,836;434,836;437,836;438,836;439,836;440,836;440,837;441,837;442,837;443,837;444,837;445,837;446,837;447,837;448,837;449,837;450,837;451,837;452,837;453,837;454,837;454,836;455,836;456,836;458,836;458,835;459,835;459,834;460,834;461,833;462,833;463,832;464,831;464,830;465,830;466,829;467,828;469,828;470,827;471,827;472,827;472,826;473,826;474,825;475,824;476,824;477,823;477,822;478,822;479,822;480,822;481,822;482,822;483,820;485,819;486,819;487,818;488,818;489,818;491,817;492,817;493,817;494,817;495,816;496,816;498,816;499,816;500,815;502,814;504,814;505,814;505,813;507,812;509,812;510,811;511,811;514,810;515,810;516,809;518,809;520,807;521,807;522,806;523,806;524,806;526,805;527,804;528,804;529,804;530,804;531,803;533,803;534,803;534,801;536,801;538,801;538,800;540,800;541,799;542,798;543,798;544,797;545,796;546,796;548,795;549,795;550,795;551,795;552,795;552,794;553,794;555,793;556,793;557,793;559,793;561,792;563,792;564,791;565,791;566,790;568,790;571,790;572,790;574,790;575,790;576,790;577,790;578,790;579,790;580,789;582,789;585,790;588,792;591,795;594,796;597,799;
Stroma; POLYGON; 128, 128, 128; 373,964;373,965;372,966;371,968;370,970;370,971;369,972;368,972;367,972;366,972;365,972;362,972;358,972;356,972;352,972;347,971;344,971;340,971;337,970;334,970;331,970;328,970;327,970;325,969;323,969;322,969;321,969;319,969;316,969;315,968;314,968;311,968;309,968;307,968;305,968;303,968;302,968;300,968;298,968;294,968;291,968;288,967;287,967;285,966;280,964;279,963;277,962;275,961;273,959;270,957;267,955;266,954;264,953;262,952;258,951;255,949;252,947;249,946;245,943;242,941;238,938;235,935;231,933;228,930;224,928;221,925;217,922;214,920;211,918;207,916;204,913;199,910;194,907;189,903;186,901;182,898;179,896;176,893;172,891;169,889;165,886;162,884;158,881;154,878;150,876;147,874;146,873;144,873;142,869;138,867;136,863;133,862;133,861;131,860;129,858;126,855;125,854;123,853;122,851;120,849;119,848;117,846;115,843;114,841;112,839;111,837;106,833;105,830;102,827;101,824;100,822;99,819;98,816;94,814;94,812;91,808;90,807;89,804;86,800;86,799;85,795;84,792;83,789;80,786;79,781;77,779;76,777;75,775;74,773;72,771;72,770;69,766;68,764;66,761;65,760;64,757;63,754;61,751;60,749;58,746;54,741;53,739;48,734;46,731;43,727;40,726;37,721;36,719;35,716;32,714;31,712;29,709;28,706;26,704;26,703;24,700;24,698;23,695;23,694;22,691;21,690;21,687;21,685;21,684;20,683;20,682;20,681;20,677;20,676;20,673;20,670;20,668;20,664;20,662;20,658;20,655;20,652;20,651;20,647;21,644;21,642;21,640;21,638;21,635;21,632;21,629;21,626;22,624;22,622;23,621;23,619;23,616;23,613;23,612;24,611;24,607;25,605;26,601;27,598;27,594;29,591;29,588;29,585;30,583;30,578;31,576;31,573;32,572;32,570;32,567;32,566;32,565;32,562;32,561;32,559;33,557;33,556;33,554;33,552;34,549;35,547;35,546;37,544;38,544;40,544;42,544;43,544;46,544;49,545;51,547;54,549;58,551;61,552;64,554;68,556;72,558;77,562;83,567;89,573;97,579;104,586;112,594;118,601;125,609;130,616;135,624;139,631;143,639;149,649;154,660;160,671;164,681;169,691;173,699;177,707;181,714;185,721;191,728;196,736;200,742;204,748;208,754;212,760;216,766;220,773;227,782;234,793;244,805;255,817;267,828;277,837;287,846;297,854;307,861;317,868;328,875;339,880;349,886;359,890;367,893;373,896;374,897;377,898;381,899;383,900;386,903;389,904;391,905;391,906;393,907;393,908;395,910;397,910;401,913;406,918;409,921;414,924;419,926;420,927;421,927;
Stroma; POLYGON; 128, 128, 128; 293,604;295,604;296,604;297,604;299,604;300,604;302,604;303,604;304,603;304,602;305,602;305,601;306,601;306,600;307,600;308,599;309,599;309,598;310,598;312,598;314,597;315,597;316,597;317,597;318,597;319,597;320,597;321,597;323,597;324,598;325,598;325,599;326,599;326,600;326,601;326,602;326,603;326,604;326,605;326,606;327,607;327,608;328,611;329,611;331,613;332,613;335,613;338,614;339,614;341,615;343,615;344,615;346,615;347,615;348,615;349,615;350,615;351,615;352,615;353,615;354,616;356,617;357,618;359,621;359,624;359,626;360,628;360,631;360,634;360,635;360,637;360,638;360,639;360,640;360,641;359,643;357,644;355,644;354,646;352,646;348,647;345,649;343,649;340,649;336,649;329,649;320,649;309,649;299,649;289,650;282,651;281,652;280,652;278,652;277,652;276,652;273,652;270,652;266,652;264,651;261,650;260,648;257,648;255,647;254,647;252,646;249,645;249,644;
Stroma; POLYGON; 128, 128, 128; 384,554;383,554;382,555;381,556;380,556;379,556;378,558;377,558;377,559;376,559;375,560;373,561;373,562;371,563;371,564;370,564;369,564;368,564;367,564;365,564;364,564;363,564;363,562;362,561;361,561;360,560;359,560;357,559;355,558;355,556;354,556;354,555;353,554;352,553;351,550;351,549;351,548;350,548;350,547;350,546;350,545;348,543;348,542;348,541;347,539;347,537;347,536;347,535;347,534;347,532;347,530;347,529;348,526;349,524;350,524;351,523;352,522;352,521;353,521;
Stroma; POLYGON; 128, 128, 128; 26,489;26,488;25,488;24,488;23,488;22,488;20,488;19,488;18,488;17,488;16,488;14,487;13,487;12,487;11,487;10,487;9,487;8,488;7,488;7,489;6,490;5,491;4,492;4,493;4,494;3,495;3,496;3,497;3,498;3,500;3,501;3,502;3,503;3,504;3,505;3,507;3,508;3,509;3,510;3,512;3,513;3,514;3,515;3,516;3,517;3,518;3,519;3,520;4,522;4,523;4,525;4,526;4,527;4,528;4,531;5,531;5,532;5,533;5,534;5,535;5,537;5,538;5,540;5,541;5,543;5,544;5,545;5,547;5,549;5,552;5,554;5,555;5,556;5,557;5,558;5,559;5,560;5,562;5,563;4,564;4,565;4,566;4,568;4,569;4,571;4,574;4,576;4,578;4,579;4,580;4,581;4,583;4,584;4,585;4,587;4,588;4,589;4,590;4,591;4,592;4,593;4,595;4,597;5,599;5,600;5,601;5,602;5,603;5,604;5,606;6,607;6,608;6,609;6,610;6,611;6,613;6,614;6,616;8,621;8,622;8,623;8,624;9,625;9,626;9,627;10,628;10,630;10,632;10,634;11,635;11,638;12,640;12,641;12,642;13,644;13,645;13,646;13,648;13,651;13,653;13,654;13,656;13,657;13,659;13,660;13,662;13,664;13,665;13,666;13,668;13,670;13,671;13,672;13,674;13,675;13,676;13,677;13,678;13,679;13,680;13,682;13,683;13,685;13,686;13,687;13,688;13,689;13,690;13,692;13,693;13,694;13,697;13,699;13,701;15,705;15,708;16,711;17,713;17,716;17,719;17,722;18,725;19,726;19,729;19,731;20,734;20,735;21,738;21,740;23,742;23,745;23,746;23,747;25,750;25,752;25,753;26,754;27,757;27,760;28,761;28,763;29,764;30,766;30,767;30,768;30,769;31,770;31,772;32,772;33,774;34,774;34,775;35,775;36,776;36,777;36,778;36,779;37,780;37,781;37,782;38,783;39,784;39,786;40,786;40,787;40,788;41,788;41,789;43,791;44,792;45,793;45,794;47,796;48,796;50,797;50,798;51,798;52,798;53,798;56,798;59,799;62,799;66,800;70,800;72,800;75,800;77,800;80,800;84,800;87,800;88,800;92,797;95,796;98,794;102,792;106,788;109,788;112,787;115,786;119,784;124,783;129,780;133,777;138,773;142,768;147,763;152,758;158,753;163,748;169,742;173,737;175,734;177,729;178,723;179,713;179,702;178,689;175,676;170,662;165,648;161,634;156,623;152,613;148,603;143,595;139,586;135,578;132,569;129,561;125,552;122,545;119,539;118,535;116,530;114,526;112,521;110,517;109,513;106,509;103,505;101,501;100,496;98,492;98,491;98,488;97,486;96,483;95,481;95,479;93,477;92,476;90,473;89,472;88,470;88,469;85,468;84,467;82,467;78,466;74,466;72,466;70,466;67,466;65,466;64,466;63,466;62,466;61,466;60,466;59,466;58,467;56,467;55,467;53,469;53,470;52,470;52,471;51,471;50,472;50,473;49,473;49,475;48,475;48,476;47,476;46,477;45,477;43,478;42,478;41,478;40,478;39,478;37,479;36,479;35,479;34,479;33,479;32,479;31,479;30,480;29,480;28,480;28,481;26,481;26,482;25,482;25,483;24,483;23,484;23,487;23,489;23,493;23,495;23,497;23,500;23,501;23,503;24,506;26,508;26,509;26,510;
Stroma; POLYGON; 128, 128, 128; 722,881;722,880;722,879;722,878;722,877;722,876;723,876;723,875;723,873;723,872;723,870;723,869;723,868;723,867;723,866;724,865;724,864;724,863;724,862;724,861;724,860;725,858;725,857;725,856;725,855;726,854;727,853;727,851;727,850;727,848;727,847;727,846;727,844;727,843;728,842;728,840;728,838;728,837;728,836;728,834;728,833;728,832;728,831;728,830;728,829;728,827;726,826;725,825;725,824;724,823;723,822;723,820;723,818;722,817;722,816;722,815;722,814;722,812;721,811;721,810;721,808;721,807;720,805;720,804;720,803;720,801;720,800;720,799;720,797;720,796;720,795;720,794;720,792;720,791;720,790;720,788;720,787;720,785;720,784;720,783;720,782;719,780;718,779;718,777;717,777;717,775;717,774;717,773;715,772;714,772;714,771;714,769;714,768;713,766;713,765;713,763;713,762;713,761;713,760;713,759;713,757;712,755;712,754;712,752;712,751;712,750;712,749;712,748;712,747;712,746;712,744;712,743;712,742;712,741;712,740;712,738;712,737;712,736;712,735;711,732;711,731;711,730;711,729;711,727;710,724;709,722;709,720;709,719;708,718;708,717;708,715;708,713;708,712;707,712;707,711;707,710;707,709;708,709;708,708;708,707;709,706;709,705;711,705;712,705;714,704;715,704;716,704;717,704;718,704;719,704;720,704;721,705;722,706;723,706;724,707;725,707;727,707;728,707;729,708;730,708;731,708;732,709;733,709;734,710;735,711;737,712;740,712;741,713;742,713;743,713;744,714;745,714;747,715;748,716;748,717;750,717;751,718;752,718;753,718;753,719;755,719;757,720;757,721;759,721;761,723;762,723;763,724;765,724;766,725;767,725;768,726;769,727;770,728;771,729;773,730;774,730;776,731;777,732;778,732;779,732;780,732;781,733;783,734;784,735;786,735;787,736;788,737;790,737;791,737;792,738;793,738;795,739;795,740;796,741;797,742;798,743;799,744;800,744;801,745;802,747;803,747;803,748;804,749;805,749;806,750;807,751;808,751;808,753;809,753;809,754;810,754;811,755;812,756;814,758;814,759;815,759;816,760;817,761;818,762;819,763;820,765;821,765;821,767;822,768;823,769;823,770;825,772;826,773;828,775;829,776;829,777;830,778;831,778;831,780;831,781;833,782;833,784;834,785;834,786;835,788;835,790;836,791;837,793;839,794;839,796;839,797;840,799;841,800;841,801;842,802;842,803;844,805;844,806;844,807;844,809;845,810;846,811;846,812;846,814;847,816;847,817;847,818;847,819;847,820;848,820;848,821;849,823;850,824;851,824;851,825;851,826;851,828;852,829;852,830;852,831;853,832;853,833;854,836;855,836;855,837;856,838;856,839;856,840;857,842;857,844;858,844;859,846;860,847;860,848;860,849;860,850;861,851;861,852;862,853;862,854;862,855;863,856;864,858;864,860;864,861;864,863;864,864;864,866;864,867;864,868;864,870;864,872;864,873;864,874;864,876;862,877;862,878;861,879;860,880;859,881;858,882;858,883;856,884;856,886;855,886;854,888;852,889;851,889;850,891;849,891;848,892;846,892;846,893;845,893;843,894;842,895;841,895;839,895;837,895;836,895;833,895;831,896;827,896;825,896;823,896;822,896;821,896;820,896;819,896;818,896;816,896;814,896;813,896;811,896;810,895;809,895;807,895;806,894;805,893;804,893;803,893;803,892;802,892;802,891;801,890;801,889;801,887;801,886;801,885;801,883;801,882;801,881;801,880;801,878;801,877;801,876;800,875;799,874;799,873;799,872;798,872;797,870;796,869;795,868;794,867;794,866;793,866;793,865;792,864;792,863;791,863;791,861;791,860;791,859;791,858;791,857;791,856;791,855;791,854;791,853;791,852;791,851;791,850;791,849;791,848;791,847;791,846;791,844;791,843;791,842;791,841;791,840;792,839;792,838;792,837;794,835;795,835;796,834;796,833;797,833;797,831;798,830;798,829;798,828;798,826;799,825;799,824;799,823;799,822;800,820;800,819;800,818;800,817;800,816;800,815;800,814;800,813;799,812;798,812;797,812;797,811;796,810;795,809;794,809;793,809;790,808;790,807;789,807;788,807;787,807;787,808;786,809;786,810;786,811;786,813;785,814;783,816;782,817;782,818;781,820;781,822;781,823;780,823;780,824;779,825;779,826;778,826;777,827;777,828;776,829;775,829;773,830;773,831;772,832;771,832;770,832;769,834;768,835;767,836;766,836;766,837;765,838;764,838;764,839;762,840;762,841;761,842;760,842;759,844;758,844;758,845;757,847;756,848;756,849;755,849;755,850;755,851;755,853;754,854;753,855;753,856;753,857;753,858;752,860;751,861;750,861;750,862;750,863;750,864;751,864;751,866;751,867;751,868;753,870;754,871;754,872;757,874;759,876;760,877;762,877;764,879;764,880;765,880;765,881;766,882;766,883;767,884;768,885;769,886;769,887;770,889;771,891;771,892;771,893;773,894;774,895;775,896;775,897;775,898;776,898;776,899;777,900;777,901;778,903;778,904;779,904;779,906;780,907;780,909;780,910;780,911;780,912;780,914;780,915;779,917;778,918;777,919;776,919;775,919;773,919;770,920;768,921;768,922;767,922;766,922;764,923;763,923;761,923;759,923;756,925;754,926;753,926;752,926;751,926;749,928;748,928;747,928;744,929;742,929;741,929;740,930;736,932;735,932;733,933;732,933;731,934;731,935;730,935;729,935;728,936;725,937;724,937;723,938;722,938;720,939;719,939;718,939;716,939;714,940;713,940;711,941;710,941;708,942;707,942;704,942;703,942;700,942;699,942;698,942;697,943;696,943;695,943;693,943;690,944;688,944;686,944;685,944;683,944;681,943;680,943;679,943;678,943;678,942;677,941;676,940;675,940;674,940;673,939;672,938;670,937;669,936;668,934;667,934;667,933;667,931;667,930;667,929;667,927;666,925;666,924;666,923;666,922;666,921;666,919;666,918;666,917;666,916;666,915;666,914;666,913;666,912;666,911;666,909;666,908;666,907;666,906;666,905;666,904;666,903;666,902;666,901;665,901;664,900;663,899;663,898;662,898;661,898;660,898;659,898;658,898;657,898;656,898;655,898;654,898;653,898;652,898;651,898;650,898;649,898;648,899;647,899;646,899;646,900;646,901;645,903;645,904;645,905;645,906;645,907;644,908;643,909;643,910;642,910;642,911;641,911;640,911;640,912;639,912;638,912;638,914;635,914;634,915;633,915;632,916;631,917;629,918;628,919;628,920;628,921;628,922;627,923;627,924;626,924;626,925;626,926;626,927;625,928;625,929;623,929;623,930;622,931;622,932;621,933;620,934;620,935;619,936;617,938;616,939;615,940;614,941;613,941;612,942;610,943;609,943;608,943;607,943;606,943;605,943;604,943;603,943;602,943;600,944;599,944;597,944;596,944;595,944;594,944;591,943;589,943;588,943;586,942;585,942;584,942;583,941;582,941;581,941;579,941;578,941;577,941;577,940;575,940;573,940;571,940;570,940;569,938;568,938;566,938;565,938;565,937;564,937;564,936;563,935;562,934;562,933;562,932;562,931;562,930;562,929;562,928;562,926;562,925;562,924;562,923;562,922;562,921;562,919;562,918;562,917;563,916;564,916;564,915;565,915;565,914;566,913;567,913;568,913;571,913;573,913;574,913;575,913;576,913;577,912;578,912;579,912;580,912;581,912;582,912;583,911;584,911;586,910;587,910;588,910;588,909;589,909;590,909;591,909;592,908;594,907;595,907;596,906;597,905;599,905;599,904;600,904;602,904;603,904;603,902;604,902;605,902;606,902;607,902;608,901;609,900;610,900;611,900;612,899;613,899;615,899;616,898;617,898;618,898;619,898;620,897;621,897;622,897;623,897;624,897;624,896;625,896;626,896;628,896;629,896;631,896;632,896;633,896;635,896;636,896;637,896;638,896;639,896;639,895;640,895;641,895;642,895;643,895;644,895;646,895;646,894;647,894;648,894;649,893;650,893;651,893;652,893;653,893;654,891;655,891;656,891;657,890;658,890;659,890;660,890;661,890;661,889;662,889;663,888;664,888;665,888;667,887;668,887;669,887;670,887;671,886;672,886;673,886;674,886;675,885;676,885;677,885;679,884;680,884;682,884;684,883;686,883;687,883;688,883;689,883;690,883;690,882;691,882;692,881;693,881;694,881;695,881;696,881;697,880;698,879;698,878;699,877;700,876;701,875;702,874;702,873;702,872;702,871;702,870;703,869;705,868;705,866;705,865;706,865;706,864;706,863;706,862;706,861;706,860;706,859;706,858;706,857;706,856;706,855;706,854;706,853;706,851;706,849;706,848;706,847;706,846;706,845;706,844;706,842;706,841;706,840;706,839;706,838;706,837;706,836;706,835;706,834;706,833;706,831;706,830;706,829;706,828;706,827;706,826;706,824;706,823;706,822;706,821;706,820;706,819;706,817;706,816;706,815;706,814;706,813;707,811;707,810;707,809;707,808;708,808;708,807;708,805;708,804;709,804;709,803;709,802;709,801;709,799;709,798;709,797;709,796;709,795;710,795;710,794;710,793;710,792;710,791;710,790;710,789;710,788;710,787;710,786;710,785;710,784;710,783;710,781;710,780;710,779;710,778;711,777;711,776;711,775;712,774;712,773;713,772;714,771;715,769;715,768;716,768;717,768;717,767;718,766;719,766;720,766;721,766;722,767;723,769;725,770;725,771;726,771;726,772;726,773;726,776;728,777;728,778;728,779;729,780;729,781;729,782;729,783;729,785;730,788;730,789;731,791;731,792;731,793;731,794;731,795;731,796;731,797;732,800;733,802;733,803;733,805;733,807;734,808;734,809;734,810;735,812;736,814;736,816;737,817;738,819;738,821;738,822;739,823;739,826;739,827;740,827;740,829;740,831;740,833;740,834;740,835;740,836;740,838;740,839;740,841;740,842;740,843;740,844;740,845;740,846;740,847;740,848;740,850;740,851;740,852;740,855;738,856;738,857;738,858;737,861;737,862;737,864;736,865;736,866;736,867;735,869;735,870;735,871;734,874;733,875;733,876;733,877;732,878;732,879;732,880;731,881;731,882;730,883;729,885;729,886;729,887;729,888;727,889;727,890;727,891;726,892;726,893;725,893;724,892;723,892;723,891;722,891;722,890;722,889;722,887;722,885;722,884;722,882;722,881;722,880;722,879;722,878;722,877;722,876;722,875;
Stroma; POLYGON; 128, 128, 128; 746,883;746,881;746,880;746,878;747,876;747,875;747,874;748,873;748,872;748,870;748,869;748,868;749,867;749,866;749,865;749,863;750,862;751,860;753,858;753,857;754,857;755,856;756,855;756,854;758,853;759,851;759,850;760,850;760,849;761,848;762,848;762,847;762,845;762,844;764,843;765,842;765,841;765,840;765,839;766,838;766,837;767,836;767,835;768,835;768,834;769,833;769,832;770,831;771,830;772,830;773,829;775,829;776,828;777,828;778,827;778,826;779,826;780,826;781,826;781,825;782,825;782,824;784,823;786,823;787,822;788,821;789,819;790,819;791,818;791,817;791,816;792,816;793,815;793,813;793,812;794,811;795,810;796,810;796,809;796,807;796,806;797,805;798,805;799,805;799,804;799,803;799,802;799,801;798,799;796,799;794,795;793,795;790,794;786,792;782,791;779,791;774,788;772,788;769,787;768,787;766,787;765,787;763,787;762,787;759,787;756,787;754,787;752,787;750,787;749,788;746,789;745,790;744,791;744,793;743,794;743,797;743,799;742,801;742,803;740,804;740,805;739,810;739,811;738,812;738,814;737,816;737,817;737,818;737,821;737,823;736,824;736,826;735,828;734,829;734,830;734,831;734,832;734,833;734,834;734,837;
Stroma; POLYGON; 128, 128, 128; 853,833;854,833;855,831;856,831;858,831;861,828;863,827;865,827;867,827;871,825;875,824;877,824;882,820;885,819;887,818;888,818;891,817;894,816;895,815;897,813;898,813;899,812;901,811;903,810;904,809;906,808;906,807;907,807;908,807;909,805;910,805;912,803;913,802;914,802;915,802;917,800;918,800;919,799;921,798;922,798;922,797;923,797;924,796;925,795;926,795;927,795;929,794;931,793;932,793;933,793;935,793;936,793;937,793;938,792;939,792;940,792;941,791;942,791;944,790;946,790;947,790;948,790;949,790;950,790;952,790;953,790;954,790;954,791;955,791;956,791;957,791;959,792;960,793;960,794;960,795;960,796;960,798;960,799;960,801;960,802;960,803;960,804;960,805;960,806;960,807;960,808;959,809;958,810;957,811;956,812;955,814;954,814;953,814;952,815;951,816;949,817;947,818;944,820;943,821;943,822;942,822;940,823;939,824;938,825;935,827;934,827;933,828;931,829;930,829;929,830;927,832;926,833;923,834;922,835;921,835;920,835;919,836;917,837;916,838;915,839;914,839;913,840;912,840;911,842;910,842;908,844;908,845;906,846;905,846;904,846;903,846;902,847;900,847;899,849;898,849;897,849;896,851;895,851;894,852;893,853;892,854;891,854;890,855;888,856;887,858;886,859;885,859;885,860;884,861;883,861;881,862;880,862;879,862;876,865;874,866;872,866;869,868;868,868;866,870;862,870;861,871;859,871;858,871;857,871;856,871;854,871;853,871;852,871;850,871;848,871;846,871;845,870;843,869;843,868;842,868;841,867;840,866;839,865;839,863;838,863;837,862;837,861;837,858;837,857;837,855;837,854;837,853;837,852;837,851;837,850;837,849;839,847;839,846;839,845;839,844;
Stroma; POLYGON; 128, 128, 128; 936,794;936,793;936,792;936,790;937,789;937,788;937,787;938,785;938,784;938,783;939,781;940,779;941,779;943,777;944,777;944,776;944,775;945,774;946,772;946,770;946,769;946,768;946,767;946,766;946,764;946,763;946,761;946,759;946,757;946,756;946,753;946,751;943,746;941,745;940,743;939,742;938,740;937,740;937,739;936,738;936,737;935,736;935,735;934,734;934,733;934,732;933,731;933,730;933,729;933,728;933,727;933,726;933,725;933,723;933,721;933,720;933,719;933,718;933,717;933,715;934,715;935,713;936,713;936,711;936,710;937,708;937,707;938,707;939,706;940,705;943,703;944,703;944,701;946,700;946,699;947,698;947,697;948,697;948,696;950,694;951,693;952,692;953,691;953,690;953,689;954,687;954,686;955,686;956,682;957,681;957,680;958,678;958,677;958,675;959,674;959,673;959,672;959,670;959,668;959,667;959,666;959,664;959,663;959,661;959,659;958,658;958,657;957,656;956,655;955,655;954,655;954,653;954,652;954,651;954,650;954,649;953,648;953,647;953,646;953,645;952,644;951,643;951,642;951,640;951,639;951,638;951,637;951,636;951,634;951,633;951,632;951,631;951,630;951,629;951,627;951,626;951,625;951,624;951,623;951,622;951,621;951,620;951,619;951,618;951,617;951,616;951,615;951,614;951,613;951,612;951,611;951,610;951,609;952,609;953,609;956,609;958,609;958,608;959,608;960,608;961,607;962,607;963,607;964,607;965,607;966,607;967,607;969,607;970,607;971,606;972,606;974,606;975,606;976,606;977,606;978,606;979,606;980,606;982,607;983,608;984,609;986,611;987,612;988,613;988,615;989,615;989,617;991,618;992,619;992,620;993,620;993,622;994,624;995,625;995,626;996,629;996,631;996,633;996,636;996,639;996,642;996,646;996,650;997,654;997,658;997,660;998,662;998,664;998,665;998,667;998,668;998,669;998,670;998,672;998,673;998,675;998,676;998,678;998,679;998,681;998,683;998,684;998,686;998,687;998,688;998,690;998,691;998,693;998,694;998,695;998,696;999,698;999,699;999,700;999,702;999,703;999,704;999,705;999,706;999,707;999,708;999,709;999,710;998,711;998,712;997,712;997,713;996,715;995,715;995,716;994,717;994,718;993,719;993,720;991,721;990,721;989,721;988,722;987,722;987,723;986,723;985,724;984,724;983,725;982,726;981,726;981,727;981,728;980,729;979,729;978,730;977,731;976,732;975,733;975,734;974,734;974,735;973,736;971,737;971,738;970,739;970,740;969,740;968,741;968,742;966,742;965,743;964,744;963,746;963,747;962,748;962,749;961,749;961,750;961,751;961,752;960,752;960,753;959,753;959,754;959,755;959,756;959,757;958,758;957,759;956,760;956,761;956,762;956,763;955,765;954,765;954,766;954,767;954,768;954,769;954,771;953,772;953,773;953,774;952,775;952,777;952,778;952,779;952,780;952,781;951,782;951,784;950,786;950,787;950,788;950,789;950,790;950,791;949,792;949,793;948,794;948,795;948,796;946,797;946,798;944,800;943,800;943,801;942,802;942,803;941,803;940,803;939,803;938,803;937,804;936,804;
Stroma; POLYGON; 128, 128, 128; 971,577;972,577;973,577;974,577;976,577;977,577;978,577;979,577;980,577;982,578;983,578;985,580;987,581;988,581;989,581;990,582;991,582;992,583;993,583;994,583;994,584;996,585;997,585;997,586;998,586;999,586;999,587;1000,588;1001,589;1002,589;1003,589;1004,590;1005,590;1006,591;1007,591;1009,592;1011,594;1013,596;1014,596;1016,597;1017,598;1017,599;1017,600;1017,601;1017,603;1017,604;1017,606;1017,607;1017,610;1017,611;1017,614;1015,618;1015,620;1014,622;1014,623;1013,625;1013,626;1013,627;1013,629;1013,630;1013,633;1012,635;1012,636;1012,637;1012,639;1012,640;1012,641;1012,644;1012,646;1012,647;1012,648;1012,650;1012,651;1012,653;1012,654;1012,655;1012,656;1012,657;1012,659;1012,660;1012,661;1012,662;1011,664;1010,666;1010,667;1010,669;1010,670;1010,672;1009,673;1009,675;1008,676;1008,677;1008,678;1008,681;1008,682;1008,683;1007,684;1007,685;1006,688;1006,689;1006,690;1006,692;1006,693;1006,694;1005,695;1005,696;1005,697;1005,698;1005,699;1005,700;1005,701;1005,702;1005,703;1005,705;1005,706;1005,707;1005,708;1005,709;1004,710;1003,711;1003,712;1003,713;1002,714;1002,715;1001,716;1000,716;999,716;997,716;996,716;995,716;993,717;992,718;991,718;991,719;990,719;989,719;986,719;985,719;983,719;981,719;980,718;979,718;976,716;973,715;972,714;971,713;969,712;967,712;965,710;964,709;962,708;962,707;962,705;962,704;962,703;962,702;962,701;963,700;964,699;964,697;965,696;966,694;967,692;968,689;969,687;970,683;973,678;976,674;976,672;977,672;977,669;977,668;977,666;977,664;977,662;978,661;979,660;979,659;979,658;979,657;979,655;979,654;979,653;979,651;979,650;979,649;979,647;979,645;978,643;978,642;978,640;977,638;976,637;975,636;974,634;974,633;974,631;973,629;972,625;971,623;971,622;971,619;971,617;971,615;970,613;969,610;969,609;969,608;968,604;968,603;968,600;968,598;968,595;968,592;968,591;966,588;966,587;966,586;965,586;
Stroma; POLYGON; 128, 128, 128; 947,620;947,621;946,621;945,622;944,622;943,622;941,622;940,622;939,622;938,622;937,622;936,622;935,622;934,622;933,622;932,622;931,622;930,622;929,622;928,622;927,621;927,620;926,619;925,617;925,616;925,614;924,613;924,612;923,611;923,610;922,609;922,608;922,607;921,607;921,606;921,605;921,604;921,603;920,603;919,602;919,601;918,600;917,600;916,600;915,600;914,600;913,600;913,599;913,598;912,597;912,596;912,595;912,594;912,593;912,592;912,591;912,590;911,589;910,589;909,589;908,589;907,589;906,589;905,589;904,589;902,589;900,589;899,589;898,589;897,591;896,591;896,592;895,592;895,593;894,594;893,594;893,595;892,595;892,597;891,597;891,598;891,599;891,600;891,602;891,603;891,604;891,605;891,606;892,608;893,609;894,609;895,609;896,610;897,611;899,611;900,611;901,613;902,613;903,613;904,613;905,614;906,614;907,614;907,615;908,615;910,616;911,617;912,618;913,619;914,619;914,620;916,620;916,621;917,621;918,621;919,622;920,622;921,623;922,623;924,624;925,624;927,625;928,626;929,626;930,626;932,627;933,628;934,630;935,631;936,631;938,632;939,632;941,634;942,634;943,635;944,635;945,636;946,637;947,637;947,638;948,638;949,639;949,640;950,640;951,642;952,643;953,644;954,644;956,645;957,645;959,646;960,646;961,646;962,646;963,646;965,646;966,646;968,645;969,645;970,644;971,643;972,641;974,641;975,639;976,639;977,639;978,638;978,637;978,636;978,634;978,633;978,631;978,630;978,628;978,627;978,625;977,624;977,623;977,622;977,621;976,620;975,619;974,618;973,616;972,616;971,614;970,613;968,614;967,614;965,616;964,617;
Stroma; POLYGON; 128, 128, 128; 940,621;939,621;938,621;937,621;937,622;936,622;935,622;934,622;933,621;932,621;932,620;932,619;931,618;930,617;930,616;930,615;929,613;929,611;929,610;929,609;929,607;929,605;928,604;928,602;927,601;927,600;926,599;924,599;923,599;922,599;921,599;920,599;919,599;918,599;917,599;916,600;916,601;915,601;915,602;914,602;913,603;913,604;913,605;913,606;912,607;912,608;913,609;914,610;914,611;915,613;915,614;916,615;917,616;918,616;918,617;919,618;921,620;922,620;923,621;924,621;925,621;925,622;926,622;928,623;929,624;929,625;931,625;933,626;935,628;936,628;937,628;937,629;938,629;939,631;940,632;941,632;942,632;944,633;945,634;946,634;947,634;948,634;949,634;951,634;953,634;956,634;958,634;959,634;960,634;961,634;962,634;964,634;966,632;967,631;967,630;968,630;969,628;970,627;970,626;971,625;971,624;971,623;972,622;972,621;
Stroma; POLYGON; 128, 128, 128; 747,569;748,569;749,569;750,569;752,569;753,571;755,571;756,571;758,571;759,571;761,571;762,571;762,572;763,573;764,573;765,574;766,574;767,574;768,574;769,575;770,576;772,578;773,578;774,579;775,579;776,579;776,580;777,580;778,582;779,582;780,583;781,584;782,584;784,584;785,585;786,585;787,586;788,587;788,588;790,588;792,589;793,589;795,589;796,591;797,591;799,591;800,591;801,592;802,592;804,594;804,595;806,596;807,596;808,596;808,597;810,597;811,597;812,598;814,599;816,601;818,601;819,601;820,601;822,602;823,602;823,603;824,603;825,604;827,604;830,606;832,607;833,607;836,607;837,607;839,607;840,607;842,608;844,609;846,609;847,609;848,609;849,609;851,609;852,609;853,609;854,609;855,610;856,611;859,611;860,612;863,612;865,612;866,613;867,613;868,613;869,613;869,614;871,614;872,614;874,614;875,614;875,615;876,615;877,615;878,615;879,615;880,615;881,615;882,616;884,616;885,616;887,617;888,617;889,617;890,617;892,617;893,617;895,618;896,619;897,619;898,619;899,620;900,620;902,621;903,621;904,621;905,621;906,621;907,621;908,621;909,621;910,621;911,621;912,621;913,621;914,621;915,620;915,619;915,618;916,617;917,616;917,613;917,612;917,611;917,610;917,609;917,608;917,607;917,606;917,605;917,604;917,603;917,602;914,599;913,597;909,595;906,595;902,591;901,591;900,591;899,591;897,589;894,589;891,589;889,588;887,587;885,587;884,587;883,587;882,587;881,587;880,587;879,587;878,587;877,587;876,587;875,587;874,587;872,587;870,587;869,587;867,587;866,587;864,587;863,587;862,587;860,587;857,587;856,587;855,587;854,587;853,587;851,587;850,587;847,587;846,587;845,587;843,587;842,587;841,587;840,587;839,587;838,587;837,588;836,588;835,588;834,588;833,588;831,588;830,588;829,588;828,588;827,588;825,588;824,588;823,588;821,588;820,588;819,588;818,588;817,588;816,588;815,588;814,587;812,587;810,587;809,585;808,585;807,585;805,583;804,583;803,583;803,582;802,582;800,582;799,582;798,582;797,582;796,581;795,581;795,580;795,579;794,579;793,579;792,578;791,577;790,577;789,577;787,577;786,577;785,577;784,576;783,576;782,576;781,576;780,575;778,574;777,574;777,573;776,573;775,573;774,573;773,572;771,571;770,571;769,571;768,570;767,570;766,569;764,568;763,568;761,566;
Vein; POLYGON; 63, 72, 204; 349,1;350,1;352,2;354,3;355,3;356,3;356,4;357,4;358,5;359,6;360,7;360,8;360,9;361,10;361,11;362,12;362,13;363,14;364,15;365,15;366,15;366,16;367,16;367,17;368,18;369,19;370,20;372,21;373,22;374,23;375,24;375,25;375,26;375,28;375,29;375,30;375,31;375,33;375,34;375,35;375,36;375,37;375,38;375,39;375,40;376,40;377,40;378,40;379,40;382,40;383,40;384,40;385,40;386,40;387,40;388,40;390,40;393,40;394,40;395,40;397,40;398,40;399,40;400,40;401,40;402,40;404,40;405,40;406,40;407,40;408,40;408,39;409,39;410,39;411,39;412,39;413,39;415,39;415,38;416,38;417,38;418,38;418,37;419,37;420,37;422,37;423,37;426,37;427,37;428,36;429,36;430,36;431,35;432,35;433,34;434,34;436,34;437,34;439,32;441,32;443,32;444,32;445,32;446,32;447,32;448,32;449,32;450,32;451,32;452,32;453,32;454,32;455,32;456,31;457,31;458,31;459,31;460,31;461,31;461,32;461,33;462,35;462,36;462,38;462,39;462,40;462,41;462,42;462,43;462,44;462,45;462,46;462,47;462,49;462,50;462,51;462,52;462,53;461,54;460,54;460,55;459,56;459,57;459,58;459,59;458,60;458,62;457,63;457,64;457,65;457,66;457,67;457,68;457,69;457,70;458,70;459,70;461,70;462,71;463,71;464,71;465,71;466,71;467,71;468,71;469,71;470,71;472,71;473,71;474,71;476,71;477,71;478,71;480,71;481,71;483,71;484,71;485,72;486,73;489,74;490,74;492,74;493,74;495,74;496,74;498,75;500,76;501,76;502,76;503,77;505,78;506,78;508,79;511,80;512,80;513,80;514,80;515,80;517,80;518,80;519,80;520,80;521,80;522,80;523,80;525,80;526,80;527,80;528,80;529,80;530,80;531,80;533,80;533,78;534,78;535,78;536,78;537,78;539,78;541,78;541,77;542,77;543,77;544,77;545,77;546,77;547,77;548,75;549,75;552,75;553,75;554,75;556,74;557,74;559,72;560,72;561,72;562,72;564,71;565,71;567,71;568,71;569,71;570,71;571,70;573,70;574,69;575,69;576,69;577,69;578,69;579,69;580,68;581,68;582,67;584,67;585,67;586,66;587,66;588,66;589,66;590,66;592,66;594,66;595,66;598,66;599,66;600,66;601,66;602,66;603,66;604,65;605,65;606,65;607,65;608,65;609,65;610,65;610,64;611,64;612,63;613,63;614,63;615,63;616,63;617,62;618,62;618,61;619,61;620,60;621,60;622,60;623,60;625,59;626,59;627,59;629,58;630,57;631,57;632,57;632,56;633,56;634,55;634,54;636,54;637,54;639,53;640,53;641,53;642,52;644,52;646,50;647,50;648,50;649,48;651,48;653,47;654,47;655,47;656,45;657,45;659,43;659,42;660,42;661,42;662,42;662,41;663,40;666,39;666,38;667,38;668,37;669,36;670,35;671,35;672,34;673,33;674,33;675,33;677,33;678,33;679,33;680,32;680,31;681,31;682,30;684,29;685,29;686,29;688,29;689,29;690,28;691,28;692,28;693,27;694,25;697,24;698,24;699,24;700,23;701,23;702,22;704,22;706,22;708,22;709,22;710,21;711,21;713,20;714,20;715,19;716,19;718,18;719,18;722,18;723,18;724,17;725,17;725,16;726,16;727,16;728,16;729,16;730,16;731,16;733,16;734,16;735,16;736,16;737,15;738,15;739,15;740,13;741,12;742,12;742,11;742,10;742,9;741,7;740,7;739,7;738,6;737,6;735,6;733,6;730,6;729,6;727,5;726,5;724,5;722,5;719,5;716,5;713,5;712,5;710,5;709,5;706,5;704,5;702,5;700,5;697,5;696,5;694,5;692,5;689,5;685,5;680,5;676,5;673,5;670,5;669,5;667,5;664,5;662,5;661,5;659,5;657,5;656,5;655,5;654,5;652,7;651,7;650,7;648,7;647,7;645,7;644,7;642,7;641,7;640,7;639,7;638,7;637,7;636,8;634,8;633,8;632,8;630,8;629,8;628,9;627,9;625,9;624,9;622,10;620,10;619,10;618,10;616,10;614,11;613,11;611,11;609,11;608,11;607,11;606,11;605,11;603,11;602,11;601,11;600,11;600,12;599,12;598,12;596,13;595,14;594,14;593,15;592,15;591,15;590,15;590,16;590,17;590,18;590,19;590,20;590,21;590,22;590,23;590,24;590,25;590,26;590,27;590,28;590,29;589,29;589,30;588,30;588,32;587,33;586,33;585,34;584,34;583,34;582,34;582,35;581,35;579,36;577,36;576,36;575,36;573,38;572,38;571,38;570,38;569,38;568,38;566,38;565,39;564,39;563,39;562,39;561,39;560,39;559,39;558,39;556,39;555,39;554,39;553,40;552,40;551,41;551,42;550,43;549,43;548,43;548,44;547,44;546,45;545,45;544,45;543,45;542,45;541,45;540,46;538,46;537,46;536,46;535,46;534,46;533,46;531,46;531,47;530,47;529,47;528,48;527,49;526,49;524,49;523,49;522,49;521,49;520,49;519,49;518,49;518,50;517,50;516,50;515,50;514,50;512,50;511,50;510,50;509,50;508,50;506,50;505,50;504,50;503,50;502,50;502,49;500,48;499,47;498,47;498,46;498,45;498,44;497,44;497,43;497,42;496,41;496,40;495,40;495,39;495,38;495,36;495,34;495,33;495,32;496,31;497,30;497,29;498,28;499,28;501,28;502,28;502,27;503,27;503,25;504,25;505,24;506,24;506,23;508,22;509,22;511,22;513,22;514,22;514,21;515,21;516,21;517,21;517,20;518,20;519,19;520,18;520,17;521,16;521,15;521,13;523,13;523,11;523,10;523,9;523,8;522,7;521,6;520,6;518,6;516,4;514,4;510,4;509,4;507,4;505,4;504,4;502,4;499,4;498,4;496,4;495,4;494,4;492,4;490,4;488,4;487,6;485,7;484,7;483,7;482,7;481,7;480,7;477,8;476,8;475,9;474,9;473,9;472,9;471,9;470,9;469,9;468,9;467,9;464,9;462,10;460,10;458,10;457,10;456,10;455,10;453,10;451,10;450,10;447,10;445,10;442,10;440,10;438,10;436,9;435,9;434,9;432,9;431,9;429,9;427,9;426,9;423,8;419,8;414,7;411,7;409,5;408,5;407,5;405,5;404,5;403,4;402,4;401,4;399,4;398,3;397,3;395,3;394,3;393,2;392,2;391,2;389,2;389,1;387,1;384,-1;383,-1;382,-1;380,-1;380,-2;378,-2;377,-2;376,-2;375,-2;374,-2;373,-2;372,-2;371,-2;370,-2;369,-2;368,-2;366,-2;365,-1;364,-1;363,-1;362,-1;360,-1;359,-1;358,-1;357,-1;356,0;355,0;354,0;353,0;352,1;351,1;
Vein; POLYGON; 63, 72, 204; 509,6;510,6;512,6;513,6;514,7;515,7;516,8;519,8;522,8;524,9;525,9;526,10;527,10;528,10;530,10;531,10;534,13;536,13;538,13;540,13;542,13;543,13;544,13;545,13;546,13;547,14;548,14;550,14;551,14;552,14;553,14;554,14;555,14;556,14;557,14;559,14;560,14;563,14;566,14;567,14;569,14;571,14;574,14;576,14;579,15;583,15;585,15;586,15;589,16;590,16;591,16;592,16;593,16;595,16;598,16;600,18;603,18;607,19;609,19;610,19;611,19;612,19;614,19;615,19;617,19;619,19;621,19;622,19;623,19;624,19;625,19;626,19;629,19;630,19;631,19;632,19;633,18;634,18;635,18;637,17;639,16;641,16;642,15;642,14;642,13;644,12;644,11;645,11;645,10;646,10;646,9;646,7;646,6;646,5;646,4;646,3;645,3;644,3;643,3;642,3;639,3;638,3;636,3;634,1;632,1;631,1;630,1;628,1;627,1;626,1;625,1;624,1;623,1;623,2;621,2;620,2;619,2;617,2;616,2;615,2;614,2;613,2;612,2;611,2;609,2;606,2;605,2;604,2;603,2;601,2;600,2;599,2;598,2;597,2;594,3;593,3;590,3;588,3;585,3;584,3;580,3;579,3;578,3;577,3;576,3;575,3;574,3;573,3;572,3;570,3;568,3;567,4;565,4;563,4;562,4;561,4;560,4;559,4;558,4;557,4;556,4;555,4;554,4;553,4;551,4;550,4;547,4;546,4;544,4;542,4;540,4;539,4;538,4;536,4;534,4;533,4;532,4;531,4;530,4;529,4;527,4;524,4;522,4;521,4;520,4;517,4;516,4;515,4;513,4;512,4;510,4;509,4;508,4;507,4;506,4;504,4;503,4;501,4;500,4;498,4;497,4;496,4;495,4;494,3;493,3;492,3;491,3;488,2;486,2;485,2;484,2;482,1;481,1;480,1;479,1;478,1;477,1;476,1;475,1;473,1;472,1;469,1;468,1;466,1;465,1;464,1;462,1;461,1;459,1;458,1;457,1;456,1;454,1;453,1;452,1;450,1;449,1;447,1;446,1;444,1;441,1;440,1;439,1;437,1;436,1;435,1;434,1;433,1;432,1;431,1;430,1;429,1;427,1;426,1;424,1;423,1;421,1;420,1;419,1;418,2;418,3;417,3;416,4;415,4;414,5;414,6;414,7;412,7;411,7;411,8;410,8;410,9;410,10;412,12;413,12;414,12;416,13;417,14;419,14;422,15;425,15;428,15;430,15;430,16;431,16;433,16;435,16;437,16;438,16;440,16;441,16;442,16;443,16;445,16;448,16;450,16;451,16;452,16;453,16;455,17;458,17;459,17;460,17;462,17;463,17;464,17;465,17;466,17;467,18;469,18;471,19;473,19;475,20;476,20;477,20;479,20;481,20;483,20;484,20;485,20;486,20;487,20;489,20;490,20;491,20;492,20;493,20;494,20;495,20;496,20;497,20;499,20;500,20;501,20;503,18;504,18;505,17;506,17;507,17;509,17;510,17;510,16;512,16;513,15;515,15;516,15;517,15;519,15;520,15;522,15;524,15;525,15;528,14;529,14;530,14;531,14;531,13;532,13;533,12;534,12;535,13;
Vein; POLYGON; 63, 72, 204; 164,247;165,248;166,248;167,248;168,249;169,249;169,250;170,250;170,252;170,253;170,254;170,255;172,256;173,256;173,257;173,258;174,259;175,260;176,260;178,261;179,261;180,261;180,262;182,262;183,262;184,262;185,262;186,264;187,264;188,265;189,265;190,265;191,265;192,265;194,265;194,266;195,266;196,267;197,267;198,267;199,267;200,267;201,267;202,267;203,267;204,267;205,267;205,266;207,266;207,265;208,264;209,264;210,264;211,264;212,263;213,263;213,262;214,262;214,261;214,260;214,258;215,257;215,256;215,255;215,254;215,253;215,251;215,250;215,249;214,248;214,246;214,245;214,244;212,242;212,240;212,239;211,238;211,237;211,236;210,236;210,235;210,234;210,233;209,232;209,231;208,231;208,230;207,229;206,228;204,227;203,226;202,226;201,226;200,225;199,225;199,224;198,224;197,224;196,224;196,223;196,222;195,221;194,221;193,221;192,220;192,218;192,216;192,215;193,215;194,214;195,213;197,212;198,212;199,210;200,209;201,209;202,209;203,209;204,208;205,207;206,206;207,206;208,205;208,204;209,204;210,204;211,203;212,202;213,201;214,200;215,200;216,199;217,198;217,197;217,196;218,196;219,195;220,194;220,193;222,193;223,192;224,191;225,190;225,189;226,189;227,189;228,189;230,188;231,188;232,188;233,188;235,188;236,188;237,188;238,188;239,188;239,189;240,190;240,191;241,192;242,193;243,194;243,195;245,197;246,198;249,199;250,200;251,201;252,201;253,202;254,202;254,204;255,204;256,205;257,205;259,206;259,207;260,207;261,208;262,209;263,210;264,210;264,211;266,211;267,211;267,212;269,213;271,213;272,214;273,214;275,215;275,216;277,216;277,217;278,217;279,218;280,218;281,218;283,219;284,219;284,221;285,221;285,222;286,222;287,223;287,224;287,225;288,225;288,226;288,227;288,228;289,228;290,229;290,230;291,230;292,231;293,231;293,232;293,233;294,234;294,235;295,235;296,235;297,236;298,237;298,238;299,239;299,240;300,242;301,243;301,244;301,245;301,246;301,247;301,248;301,249;301,250;301,251;301,252;301,254;301,256;301,257;301,258;300,259;300,260;300,262;300,263;300,264;300,265;300,266;300,267;300,269;300,270;300,271;300,272;301,272;301,273;301,274;301,275;302,275;303,276;304,276;306,278;306,279;307,280;307,281;308,283;309,284;310,285;310,286;310,287;311,287;312,288;313,289;314,290;315,290;316,290;317,291;318,292;318,293;319,293;320,293;320,294;321,294;322,295;323,295;324,297;325,297;326,299;328,300;330,301;330,302;331,302;332,302;332,303;333,303;334,304;334,305;334,306;335,307;336,308;336,309;337,311;337,313;337,314;339,315;339,316;340,317;340,318;340,319;340,320;340,321;340,323;340,324;341,324;341,326;341,327;342,327;342,328;342,329;342,330;342,331;342,332;342,333;342,334;343,334;343,335;343,336;343,337;343,338;343,339;343,340;343,341;344,341;344,342;344,344;344,345;344,346;345,347;345,348;346,349;346,350;346,351;347,352;347,353;348,353;348,354;349,355;350,356;350,357;352,359;352,360;353,362;354,363;355,363;355,364;355,365;356,365;356,366;356,367;357,367;357,368;358,369;359,369;359,370;360,370;361,370;362,371;363,372;364,373;365,373;366,373;366,374;367,375;368,375;369,375;370,375;372,375;373,375;374,375;375,375;376,375;377,375;378,375;379,375;380,375;382,376;383,376;384,376;385,376;386,376;387,376;388,376;389,376;390,376;392,376;393,376;395,376;396,376;397,376;398,376;399,376;400,376;401,376;402,376;403,378;404,378;405,378;407,379;408,379;410,380;411,380;412,380;413,381;415,382;417,382;418,382;419,382;420,382;421,382;422,382;423,383;424,383;425,383;426,383;427,383;428,383;429,383;430,383;431,383;432,383;433,383;433,384;434,384;435,385;436,385;437,385;438,385;440,386;442,387;443,388;444,388;445,389;445,390;446,390;446,391;447,391;448,392;450,392;451,393;451,394;452,395;452,396;453,396;454,397;456,399;458,400;462,402;463,403;464,403;465,404;466,404;467,404;468,406;469,406;471,407;471,408;474,409;475,410;476,411;477,412;478,413;479,414;480,415;481,415;481,416;482,416;483,418;484,418;486,420;487,420;487,421;489,422;489,423;491,424;492,425;493,426;493,427;494,427;494,428;496,428;497,429;498,430;499,430;500,432;501,433;502,433;503,433;503,434;504,434;506,435;507,435;508,436;510,439;512,439;514,441;515,442;516,442;517,443;519,444;519,445;521,446;522,446;523,447;524,448;525,448;526,450;527,451;529,451;529,452;531,453;532,453;532,454;533,455;533,456;534,456;535,457;536,457;537,457;538,459;539,459;541,460;542,462;543,462;544,462;546,463;546,464;548,464;549,465;551,466;552,467;553,468;554,468;555,469;555,470;557,470;557,471;558,471;560,474;562,474;562,475;564,476;565,477;567,477;568,478;568,479;568,480;569,480;570,481;572,482;572,483;573,484;573,485;575,486;575,487;577,488;578,488;579,489;580,490;581,491;582,493;583,493;584,494;584,495;585,496;586,496;587,497;588,498;588,499;589,500;590,501;591,503;592,503;592,504;592,505;592,506;592,505;592,503;592,502;592,500;592,499;592,498;592,497;592,496;592,494;592,492;592,491;592,490;592,489;592,488;592,487;592,486;592,485;592,484;592,483;592,481;592,480;592,479;592,478;592,477;592,475;592,474;592,473;592,472;593,472;593,471;594,471;595,471;596,470;596,469;597,469;598,468;599,467;601,467;602,467;603,467;604,467;605,467;606,467;607,467;609,467;610,467;611,468;613,469;614,469;614,470;615,470;616,471;617,471;617,472;618,473;619,473;620,474;620,475;621,476;623,477;625,477;626,478;627,479;627,480;627,481;628,481;629,482;630,483;630,484;630,485;630,486;630,487;631,488;631,490;631,491;632,491;633,492;635,493;635,494;636,494;637,495;638,495;639,495;640,495;641,495;643,495;644,495;645,495;646,495;647,495;648,495;649,495;650,495;652,495;653,495;654,495;655,495;656,495;657,495;658,495;659,495;660,496;660,497;661,497;662,497;663,497;664,497;665,498;665,499;666,499;667,499;669,499;670,499;672,499;673,499;674,500;675,500;677,500;678,501;680,502;681,502;682,502;683,502;684,502;686,504;686,505;687,506;687,507;687,508;687,509;687,512;687,513;687,514;687,515;687,516;687,517;687,518;687,519;687,520;687,521;686,523;686,524;686,525;686,526;685,526;685,527;684,529;684,530;684,531;684,532;683,532;682,532;681,533;680,535;679,535;678,535;677,536;676,537;674,537;673,537;672,537;671,537;670,537;669,537;668,537;667,537;666,537;665,537;664,537;663,538;662,538;661,538;660,538;658,538;657,538;656,538;655,538;654,538;652,538;651,538;650,538;649,538;647,538;646,538;645,538;645,537;644,536;643,536;642,536;640,536;639,534;636,534;635,533;634,533;633,533;632,533;631,533;630,533;629,533;628,533;627,533;626,533;624,533;623,533;622,533;621,533;620,533;619,533;618,533;617,533;616,533;615,534;615,535;613,536;612,536;612,537;611,538;610,538;610,539;610,540;610,541;610,542;609,542;609,543;609,544;609,545;609,546;609,547;609,548;609,549;609,550;609,551;609,552;609,553;609,555;609,556;609,557;609,558;608,559;608,560;608,561;607,562;607,563;606,564;606,565;606,566;606,567;606,568;606,569;606,570;606,571;606,572;606,573;606,574;606,575;606,576;606,577;606,578;605,579;604,579;603,579;602,579;601,579;600,579;599,579;598,579;597,579;596,579;596,578;595,578;594,578;593,577;591,577;590,576;589,576;588,576;587,576;586,576;585,576;584,577;583,577;582,577;579,577;578,577;576,577;574,577;574,576;572,574;571,573;569,572;569,571;567,569;565,568;564,567;562,567;561,566;560,565;559,565;558,565;557,563;555,562;554,561;553,561;552,560;551,559;551,558;550,557;549,556;548,556;548,555;547,554;547,553;547,552;547,551;547,550;546,550;545,549;545,548;544,547;544,545;543,545;543,544;542,544;542,543;542,542;541,540;539,539;538,537;536,537;535,536;534,535;533,534;532,533;532,531;531,531;530,530;529,529;529,528;529,527;527,526;526,525;526,524;524,523;524,522;524,521;524,520;523,519;523,518;523,517;523,516;523,514;522,513;522,512;521,511;521,510;521,509;520,507;520,506;520,505;520,504;519,503;518,502;518,501;517,499;517,497;516,495;514,493;513,493;513,492;513,491;511,489;511,488;510,488;510,487;509,486;509,485;508,485;508,484;507,483;506,482;505,482;505,481;504,480;503,479;502,479;501,479;501,478;500,477;499,477;498,476;497,476;496,476;495,476;494,476;494,475;493,475;492,475;491,473;490,473;489,473;488,473;486,473;484,473;483,472;480,471;478,471;477,471;476,471;474,471;473,470;472,470;471,470;470,470;469,470;468,470;467,470;466,471;465,472;465,473;465,474;465,475;464,476;464,477;464,478;464,480;464,481;464,483;464,484;464,485;464,486;464,488;464,489;464,490;464,491;464,492;464,493;464,494;464,495;463,498;463,499;462,499;461,499;460,500;459,500;457,500;455,500;454,500;453,500;452,501;450,501;448,501;445,501;442,501;440,501;437,501;435,501;432,501;430,501;428,500;427,497;424,496;421,493;418,492;418,490;417,490;414,488;413,487;412,484;410,483;409,482;408,480;407,480;406,478;406,477;405,477;404,475;403,474;400,471;399,470;398,469;394,465;393,464;392,463;391,463;390,461;387,458;384,455;383,455;380,451;379,449;377,448;375,447;372,444;370,442;368,440;365,436;363,434;359,430;355,426;352,425;351,424;350,423;350,422;348,421;348,420;347,420;347,418;346,418;344,416;344,415;344,414;344,413;344,412;344,410;344,409;344,408;345,406;345,405;345,403;346,402;347,401;347,400;347,399;347,397;347,396;347,395;347,394;347,393;347,392;347,391;347,390;347,389;347,388;347,387;347,386;347,385;346,383;345,383;343,382;342,381;341,380;340,380;339,379;339,378;339,377;338,377;337,375;336,375;335,374;333,372;332,371;331,370;330,369;329,368;328,368;328,367;327,366;326,365;325,365;324,364;322,364;321,364;320,362;319,362;318,361;317,360;316,359;315,359;314,359;313,359;313,360;312,361;311,361;310,362;309,363;308,364;308,365;308,366;308,367;307,367;307,368;306,368;305,368;304,368;304,369;303,369;302,370;301,371;300,372;299,373;298,374;297,374;296,374;294,374;292,374;291,374;289,374;287,374;285,374;283,373;282,373;281,372;279,371;278,370;276,370;275,370;274,369;272,368;272,367;270,365;269,364;268,363;267,363;267,362;266,361;265,361;264,361;264,360;264,359;263,358;262,357;261,357;261,356;260,355;260,354;260,353;261,352;262,352;263,351;264,350;264,349;266,347;266,346;266,345;267,345;267,344;267,342;267,341;267,340;268,339;268,338;268,336;268,335;269,334;269,333;269,332;269,331;269,330;270,328;270,327;270,326;270,325;270,324;271,323;271,321;271,320;271,319;271,317;271,316;271,315;271,314;271,313;271,312;271,310;271,308;271,307;270,305;270,304;269,304;269,302;268,301;267,301;267,300;266,298;265,297;265,296;264,296;263,295;262,294;261,293;261,292;260,292;259,291;258,291;257,291;256,290;255,290;254,290;254,289;253,289;252,289;251,288;250,288;249,287;249,286;249,285;248,285;247,284;246,284;246,283;246,282;245,282;244,282;243,282;243,281;242,280;240,280;239,280;238,280;237,280;237,279;236,279;235,279;234,279;233,279;232,279;231,279;229,280;227,280;226,280;226,281;225,281;224,281;223,282;222,283;222,284;221,285;220,286;219,287;218,287;217,288;216,288;216,289;215,290;215,291;214,292;214,293;213,294;213,295;213,297;213,298;212,299;211,300;210,301;209,301;209,303;207,303;206,304;205,304;205,305;204,305;204,306;203,307;202,308;201,308;201,309;200,309;199,309;198,310;196,311;195,311;194,311;192,313;191,313;190,314;189,315;187,316;186,317;185,317;184,317;183,318;182,318;181,318;180,319;179,319;178,319;177,320;176,320;175,320;174,320;173,320;172,321;171,321;170,321;169,321;168,321;167,321;166,321;165,321;165,322;164,322;162,322;161,322;160,322;159,322;158,321;157,320;156,320;155,320;154,319;153,319;152,319;152,318;150,318;149,317;148,317;147,316;146,316;145,315;145,314;145,313;145,312;145,310;145,309;145,308;145,307;145,306;145,304;145,303;145,302;145,301;145,300;145,299;145,298;145,297;145,296;144,295;144,294;144,293;144,292;144,291;143,290;143,289;143,288;143,287;143,286;143,285;144,284;144,283;145,282;146,282;146,281;147,279;148,279;149,278;150,277;152,277;152,276;153,276;153,275;154,273;155,273;155,272;155,271;157,270;157,269;158,267;158,266;158,265;158,264;159,264;159,263;159,262;160,261;160,260;160,259;160,258;160,257;160,255;160,254;160,253;160,252;160,251;161,250;161,249;162,248;164,247;165,246;166,246;
Vein; POLYGON; 63, 72, 204; 392,383;394,383;395,383;396,383;398,383;399,383;400,382;401,382;401,381;403,381;404,381;404,380;406,380;407,378;408,378;409,378;410,378;411,378;412,378;413,378;414,378;416,378;418,378;419,378;421,378;422,378;423,378;424,378;425,378;426,378;428,379;429,379;430,381;432,382;433,383;433,385;433,386;433,387;434,388;435,389;435,391;435,392;436,393;436,394;438,395;440,398;441,398;441,399;442,399;442,401;442,402;442,405;442,408;443,410;444,411;444,412;444,413;
Vein; POLYGON; 63, 72, 204; 148,316;149,316;150,317;151,317;152,319;153,320;153,321;154,322;155,322;156,322;157,322;158,322;159,323;159,325;159,326;160,326;160,327;161,327;161,328;161,330;161,331;161,332;163,333;164,334;165,335;166,336;166,337;166,338;167,338;167,339;168,339;169,340;170,340;171,340;172,341;173,342;174,343;175,343;176,343;177,343;178,343;178,344;180,344;180,345;181,345;182,346;183,346;185,346;187,347;188,348;189,349;189,350;190,350;190,351;191,351;191,352;191,353;192,354;192,356;193,357;193,358;193,359;193,360;193,361;193,362;193,363;193,364;193,365;193,366;194,368;195,369;197,370;198,370;198,371;199,372;200,372;201,372;202,373;203,374;204,374;205,375;206,376;207,377;208,378;209,380;210,381;211,382;211,383;211,384;211,385;211,387;211,388;212,388;212,389;212,391;212,392;213,392;213,394;214,395;214,396;215,397;215,398;215,400;216,400;216,401;216,402;217,402;218,403;219,404;220,406;221,407;221,408;222,409;222,410;223,411;224,413;225,413;226,415;226,416;227,416;229,417;230,418;230,419;231,421;232,422;233,423;234,424;235,425;236,425;237,425;238,425;240,427;241,427;242,427;243,428;244,428;245,428;246,428;248,428;249,428;251,428;253,428;254,429;256,430;258,430;260,430;261,430;262,430;264,430;265,430;266,431;267,431;268,431;272,432;273,432;274,432;276,432;277,432;278,432;279,432;280,432;281,432;282,432;283,432;285,432;287,432;288,432;289,432;290,432;291,432;292,432;293,432;294,432;295,432;296,432;297,432;298,432;299,432;301,432;303,432;305,432;306,432;307,432;309,432;311,431;312,431;314,431;315,431;316,430;317,430;318,430;319,430;321,429;322,429;323,429;324,429;326,429;327,429;328,429;329,429;330,429;331,429;332,429;333,430;334,430;334,431;335,432;335,434;336,435;337,436;337,437;338,440;339,440;340,440;340,441;341,441;341,442;343,442;343,443;344,443;344,444;344,445;345,446;347,446;347,447;348,447;350,448;351,449;353,450;354,451;355,452;356,453;358,453;358,454;359,454;360,456;361,457;362,457;363,458;364,459;366,460;366,461;366,462;367,462;368,464;369,464;369,465;370,465;371,466;372,468;373,469;374,469;375,469;375,470;376,470;376,472;377,473;378,474;379,475;380,476;381,476;382,476;383,477;384,479;385,479;386,479;387,480;388,481;389,481;389,482;390,482;390,483;391,484;392,485;393,485;394,486;395,486;396,487;398,488;398,489;399,490;399,491;400,492;401,492;401,494;402,495;404,497;404,498;405,498;405,499;406,500;406,502;407,503;408,504;409,504;409,505;409,506;410,506;410,507;410,508;410,509;410,510;411,511;411,512;411,513;411,514;411,515;411,517;412,517;412,518;412,519;412,520;412,521;413,522;414,522;414,523;414,525;414,526;414,527;414,528;415,530;416,531;416,532;417,533;417,534;419,535;420,536;420,537;421,538;422,539;422,540;422,541;423,541;424,543;425,544;426,545;428,546;428,547;429,547;429,548;431,549;431,550;432,551;433,553;434,553;434,554;436,556;437,558;438,558;439,559;440,560;441,561;442,561;443,561;444,562;445,563;446,564;448,564;448,566;449,566;450,567;451,568;453,570;455,570;456,570;456,571;458,572;460,573;460,574;462,576;463,576;464,576;464,577;465,578;468,580;468,581;470,582;472,583;473,584;475,585;476,586;477,587;478,588;479,589;481,590;482,591;483,592;484,592;484,593;486,594;487,594;488,595;489,595;490,596;491,596;492,596;493,596;494,596;495,597;496,598;498,600;500,600;500,601;501,601;502,601;505,602;506,602;509,602;509,603;510,603;510,604;511,604;512,604;513,604;514,604;515,604;516,604;517,604;518,604;519,604;521,604;522,604;524,604;525,604;526,604;528,604;529,604;530,604;531,604;533,604;535,604;537,606;539,606;541,607;542,607;543,607;544,608;546,608;547,608;549,609;551,609;553,609;555,610;556,610;557,610;558,610;560,610;563,610;564,610;565,610;566,610;567,610;568,609;568,607;569,606;570,605;571,605;572,604;573,604;574,604;576,602;578,602;579,601;580,599;581,599;581,598;581,597;582,596;582,595;582,594;582,593;582,592;582,591;582,590;582,589;582,588;582,587;582,586;582,585;583,584;583,583;583,582;583,581;584,580;584,579;584,578;584,576;584,575;584,573;584,572;584,571;584,569;584,568;583,567;582,566;581,565;581,563;580,563;579,562;578,561;577,561;576,560;575,559;573,558;572,558;571,558;570,558;569,556;568,556;567,556;567,555;566,555;563,555;562,555;561,555;560,555;559,557;558,558;558,559;558,560;557,561;555,563;555,564;553,564;552,565;551,565;550,566;549,566;548,566;547,566;546,567;545,567;544,567;543,567;542,567;541,567;540,567;539,567;538,567;537,567;535,567;533,567;532,567;531,567;530,567;529,567;527,567;525,567;524,566;523,566;521,565;520,565;519,564;518,563;517,563;516,562;515,562;514,561;513,560;512,560;511,559;509,557;508,556;507,556;506,555;504,554;503,554;502,554;501,552;499,551;498,550;497,550;497,549;496,549;494,548;493,547;492,547;491,547;491,546;491,545;490,545;489,544;488,544;487,543;486,543;485,542;485,541;484,541;482,540;481,538;480,538;479,537;478,536;478,535;476,534;476,533;474,531;473,530;472,530;471,529;470,529;468,528;467,528;467,527;466,525;465,524;464,523;464,522;464,521;463,521;462,520;462,519;462,518;461,518;461,517;460,516;460,515;459,513;458,512;457,512;456,511;455,510;455,509;455,507;455,506;455,505;455,504;455,503;455,502;455,500;455,499;456,499;457,498;458,498;458,497;459,497;460,496;461,496;461,494;461,493;462,493;462,492;463,491;463,490;463,489;464,488;464,487;465,486;466,485;468,484;469,483;469,482;470,481;471,480;472,479;472,478;472,476;473,475;473,474;473,473;473,472;473,471;473,470;473,469;473,468;473,467;473,466;472,462;469,459;465,456;462,453;459,452;457,452;452,451;449,449;447,449;444,449;443,449;441,449;440,449;439,449;437,449;436,449;435,449;433,450;431,451;429,452;428,452;427,452;426,452;418,451;414,447;412,447;409,446;402,444;398,442;394,440;392,439;391,437;391,436;390,435;389,434;388,433;387,433;387,432;386,431;385,430;384,429;383,429;382,428;380,424;379,423;379,422;379,421;378,420;377,418;376,417;375,416;374,414;373,412;372,412;371,411;370,410;369,410;368,409;367,409;367,407;366,407;365,407;364,406;363,406;362,406;361,406;360,406;359,406;358,406;357,406;355,406;352,406;350,407;349,407;349,408;348,408;347,408;346,408;345,408;344,408;343,408;342,408;341,408;339,408;338,408;337,408;336,408;335,408;334,408;333,408;332,408;331,408;330,407;329,406;329,405;328,405;328,404;327,404;326,404;326,403;325,403;324,403;323,401;322,400;322,399;321,399;321,398;319,397;318,396;318,395;318,394;318,393;318,392;318,391;318,390;318,388;318,387;317,387;317,386;317,385;317,384;316,384;316,383;316,382;315,381;315,380;314,380;314,379;313,379;312,377;311,377;311,376;310,376;308,376;306,376;305,376;304,376;303,375;302,375;301,375;301,374;300,374;299,373;298,373;297,371;296,370;296,369;295,368;294,367;293,365;292,364;291,363;290,362;290,361;289,359;289,358;287,358;286,357;285,355;284,354;283,352;281,351;281,350;280,349;279,349;279,348;278,347;277,346;276,346;275,345;274,345;274,344;273,343;272,343;271,343;271,341;270,341;269,341;268,341;267,341;266,341;265,341;264,341;263,341;262,341;261,341;260,341;259,341;257,341;256,341;255,341;254,341;253,341;252,341;251,341;250,342;249,342;248,341;247,341;246,340;246,339;245,339;244,338;243,338;241,336;241,335;240,334;239,334;238,334;238,333;237,333;237,332;236,332;235,330;234,330;234,329;233,329;232,329;231,328;230,328;230,327;229,327;228,326;227,326;227,325;226,324;226,323;225,323;224,322;224,321;223,321;223,319;222,318;222,317;220,316;220,315;220,314;219,313;218,312;217,311;216,310;216,308;215,306;213,305;213,304;212,303;212,302;211,302;210,301;208,299;207,298;206,298;206,297;205,297;204,296;202,296;199,293;198,293;193,292;191,292;189,291;188,291;187,291;186,291;184,291;183,290;182,290;181,290;179,289;178,289;177,289;176,289;174,289;173,289;172,289;171,289;170,289;168,289;167,289;166,289;164,289;163,289;162,289;160,289;159,290;158,290;156,291;156,292;155,293;155,294;
Vein; POLYGON; 63, 72, 204; 322,300;321,300;319,300;317,299;316,298;315,298;314,297;314,296;314,295;314,294;314,293;313,292;313,291;313,290;313,289;313,288;313,286;313,285;313,284;313,283;312,283;312,282;312,281;310,279;310,277;309,276;308,275;308,274;307,272;307,271;306,271;305,270;305,268;304,268;303,267;302,265;301,264;300,263;299,263;298,261;297,260;297,259;296,258;295,257;294,256;293,255;290,254;289,253;287,252;285,251;284,253;283,253;282,254;281,256;280,258;279,260;277,262;277,265;277,267;277,270;277,272;277,274;277,277;277,280;277,283;278,285;281,288;286,293;
Vein; POLYGON; 63, 72, 204; 156,314;155,314;154,314;152,314;152,315;151,316;151,317;151,318;151,319;151,320;151,321;151,323;151,324;151,325;152,326;152,327;152,328;152,329;153,330;154,331;155,332;156,333;158,334;158,335;159,335;159,336;160,337;161,339;161,340;162,340;162,341;163,341;164,344;165,345;166,345;166,346;167,347;168,348;169,348;170,350;171,350;172,351;173,352;175,353;176,354;177,354;179,356;180,357;182,359;183,359;185,361;186,361;188,363;189,364;191,365;192,365;192,366;193,366;194,366;196,368;197,369;198,369;201,370;202,370;203,370;204,370;206,370;209,370;212,370;214,370;217,368;217,367;218,366;219,364;219,362;220,358;221,357;221,355;221,353;221,350;221,348;221,345;221,343;221,342;223,341;226,341;
Vein; POLYGON; 63, 72, 204; 363,448;362,448;360,448;359,448;358,448;356,449;355,449;354,449;353,449;352,449;350,449;349,449;348,449;347,449;346,448;345,447;344,447;343,446;341,445;340,443;337,442;336,442;335,441;334,441;333,441;332,440;331,440;330,439;329,438;329,437;328,437;327,436;326,436;325,435;324,434;323,432;322,431;321,430;321,429;320,429;320,428;320,427;320,426;320,425;320,424;320,423;320,422;321,421;321,420;322,419;323,419;324,418;325,418;326,418;328,417;
Vein; POLYGON; 63, 72, 204; 492,551;494,550;495,550;496,550;497,550;499,550;501,550;503,550;504,550;506,550;507,550;509,550;510,550;511,550;513,550;514,550;515,550;516,550;518,550;520,550;522,550;525,550;528,550;531,550;532,550;534,551;535,551;537,553;538,553;540,554;541,554;542,554;543,554;544,556;545,556;545,557;546,557;546,559;547,559;548,560;549,561;551,562;551,563;552,563;553,565;553,566;554,567;554,568;554,569;554,570;555,570;555,571;555,572;555,573;555,574;555,576;555,577;555,579;554,580;553,581;552,582;552,583;552,584;551,584;550,584;550,585;550,586;550,587;550,588;550,590;550,591;550,593;550,594;550,595;550,597;550,598;550,599;
Vein; POLYGON; 63, 72, 204; 577,915;578,914;578,913;579,912;580,912;581,911;581,910;581,909;582,909;583,908;585,907;587,907;588,906;589,906;589,904;590,903;591,903;592,903;593,903;594,903;595,903;597,903;598,903;598,902;599,902;600,902;600,901;601,901;602,901;603,901;604,901;605,901;607,900;608,900;609,900;610,900;611,900;612,900;613,898;614,898;615,897;617,897;618,897;619,897;620,896;621,896;622,896;623,896;624,896;625,895;626,895;628,895;630,895;631,895;632,895;634,895;635,895;636,895;637,895;638,894;640,894;642,894;643,892;645,891;646,891;647,891;648,891;649,890;652,890;654,890;655,890;657,890;658,889;659,889;662,889;663,889;664,889;665,889;666,889;667,889;668,889;668,888;669,888;670,888;673,888;674,888;677,888;678,888;679,887;681,886;682,886;684,885;685,885;686,885;687,884;688,884;689,884;690,884;691,884;692,884;693,884;694,884;695,883;696,883;698,881;699,879;700,878;702,878;703,877;703,876;704,875;705,873;706,872;706,871;706,870;706,869;706,868;706,867;706,866;706,865;706,864;706,862;706,861;706,860;706,859;706,858;706,857;706,856;706,855;706,854;706,853;706,852;706,851;706,850;706,849;706,848;706,847;706,846;706,845;706,843;706,842;706,841;706,839;707,838;707,837;707,835;707,834;707,833;707,832;707,831;707,830;707,829;707,828;707,827;709,825;709,824;709,823;709,822;709,820;709,819;709,818;709,817;710,816;710,815;710,814;710,813;710,812;710,811;711,811;711,810;712,810;712,809;712,807;712,806;712,805;712,804;712,803;712,802;712,801;712,800;712,799;713,798;713,797;713,796;713,794;713,793;713,792;713,790;713,788;713,787;713,786;713,785;713,784;713,783;713,782;713,781;713,780;713,779;713,777;713,776;713,775;713,774;713,773;713,771;713,770;713,769;713,768;713,767;713,766;713,764;713,763;713,762;714,760;714,759;714,758;714,757;714,756;714,755;714,754;715,752;715,751;715,750;715,749;715,748;715,747;715,745;715,744;715,743;715,742;715,741;715,740;715,739;715,738;715,737;715,736;715,735;715,733;715,732;715,730;715,729;715,728;715,727;715,726;715,725;715,724;715,723;714,721;714,720;714,719;714,717;714,716;714,714;714,713;714,712;714,711;714,710;714,709;714,708;713,707;713,706;713,705;712,705;712,704;712,703;712,702;713,701;714,701;715,701;716,701;717,701;718,701;719,701;720,701;721,701;722,701;724,702;724,703;725,704;726,704;727,704;728,704;728,705;729,705;729,706;731,706;733,708;734,708;734,709;735,709;737,710;737,711;738,711;739,712;741,713;741,714;742,714;743,714;744,715;745,715;746,715;747,716;748,717;749,717;750,717;750,718;751,718;752,719;753,719;753,720;756,721;757,722;758,722;760,723;761,723;762,723;762,724;763,724;765,725;766,725;767,725;769,726;769,727;770,727;771,727;772,727;773,727;774,728;776,728;777,728;778,729;779,729;780,729;781,730;782,730;783,731;784,732;786,732;788,734;789,734;790,735;791,735;792,737;793,737;794,738;795,739;796,740;797,741;798,742;799,743;801,745;802,746;803,747;804,748;804,749;805,750;806,750;807,751;808,751;809,752;810,752;811,752;812,753;813,754;813,755;814,756;815,757;816,758;817,759;817,760;817,761;819,761;819,762;820,762;820,763;823,765;824,765;824,766;824,767;825,768;826,769;827,770;827,771;828,772;828,773;828,774;829,775;830,776;831,777;831,779;832,779;833,780;833,781;834,782;834,784;835,785;836,787;836,788;837,788;837,789;837,790;837,791;838,792;839,793;840,794;840,795;840,796;841,797;841,798;842,798;843,798;843,800;843,801;844,803;844,804;845,805;845,806;846,807;846,808;846,809;847,810;847,811;847,812;847,813;848,816;848,817;849,818;849,819;849,820;849,821;849,822;849,823;849,824;850,825;850,826;851,828;851,829;851,830;852,830;853,830;855,830;857,830;858,830;860,830;861,830;862,829;863,829;864,829;865,829;867,827;867,826;869,826;870,825;871,825;872,825;873,825;873,824;874,824;876,823;877,822;878,822;879,822;879,821;881,821;882,820;883,820;884,819;885,818;886,818;887,818;888,817;889,817;891,816;892,815;893,815;894,814;895,813;896,813;897,813;899,812;900,812;902,812;903,811;904,811;905,810;907,810;908,810;909,810;910,808;911,808;912,807;914,807;914,806;915,805;916,805;917,805;918,805;920,805;921,804;922,804;922,803;922,802;923,802;926,800;927,800;928,799;929,798;930,797;930,796;931,796;932,795;933,794;934,793;936,792;937,791;937,790;937,789;938,789;938,788;938,787;938,786;939,784;939,783;939,782;940,781;940,780;941,779;942,778;942,777;942,776;943,775;943,774;943,773;943,772;944,771;944,770;944,769;944,768;944,766;945,765;945,764;945,763;945,762;945,761;945,759;945,757;945,756;945,755;945,754;944,753;944,752;944,751;944,750;944,749;944,748;944,747;943,747;943,746;943,744;943,743;943,742;943,741;942,740;942,739;942,738;942,737;941,736;940,735;939,734;938,733;937,731;936,731;936,730;936,729;936,728;936,727;935,726;935,724;935,722;935,721;935,720;935,718;935,717;935,716;935,715;937,714;938,712;938,711;939,710;940,709;941,709;941,708;942,708;942,707;943,706;943,705;944,704;945,704;947,703;947,702;948,700;948,699;949,698;950,697;951,696;951,695;951,694;951,693;952,692;952,691;953,691;953,690;953,689;954,689;955,687;955,686;955,685;956,684;957,682;958,680;958,679;959,679;959,678;959,677;960,676;960,675;960,673;960,672;960,671;960,670;960,669;960,667;960,666;960,664;960,663;960,662;960,660;960,658;960,657;960,655;960,653;960,652;960,651;958,650;958,649;958,648;958,646;957,645;957,644;957,643;956,642;955,641;955,640;954,639;954,638;953,638;953,637;952,637;951,636;950,636;950,635;950,634;948,634;947,634;945,633;944,633;943,633;942,632;941,632;941,631;940,631;939,631;938,630;937,630;936,630;936,629;936,628;935,628;934,627;933,627;931,626;931,625;930,625;928,624;927,624;927,623;925,623;925,622;924,622;923,622;921,622;920,620;919,620;917,620;916,620;914,620;914,619;913,619;912,619;910,619;909,619;908,619;907,619;907,617;905,617;903,617;901,617;900,617;899,617;898,617;897,617;896,617;896,616;895,616;894,616;893,616;892,616;891,616;890,616;889,616;888,616;887,616;886,616;885,616;884,616;883,616;882,616;881,616;880,616;879,616;877,615;875,614;874,614;873,614;872,614;871,614;870,614;868,613;867,613;866,613;865,613;865,612;865,611;864,611;863,611;862,611;860,610;859,610;858,609;857,609;856,609;855,609;854,609;853,608;852,608;851,608;850,608;848,607;845,607;844,607;843,607;842,607;841,607;840,606;839,605;839,604;837,604;836,604;834,603;833,603;831,603;829,602;828,602;827,602;826,602;825,602;824,602;822,602;820,601;819,601;818,601;817,601;816,601;815,601;814,601;813,599;811,598;810,598;809,598;808,598;807,598;807,597;805,597;804,596;803,596;802,596;801,596;800,595;799,595;798,595;796,593;795,592;793,592;793,591;792,590;791,590;790,590;789,590;789,589;788,589;787,589;787,587;786,586;785,586;784,586;784,585;783,585;782,585;781,584;780,583;779,583;778,583;777,582;776,581;775,581;774,580;773,580;772,580;772,579;771,579;769,579;768,579;767,578;766,578;765,578;764,576;763,576;763,575;762,575;761,575;760,575;759,574;758,573;757,573;756,573;755,573;754,573;753,573;752,573;752,572;751,572;750,572;749,572;747,572;745,570;744,570;743,570;742,570;741,569;739,569;738,569;736,569;735,568;734,568;733,568;732,568;731,567;730,567;729,567;728,566;727,566;726,566;725,566;723,566;722,565;722,564;721,564;720,564;719,564;718,563;716,562;715,562;714,562;713,562;713,561;711,560;710,560;709,560;708,560;707,560;706,560;705,559;705,558;704,557;703,557;702,557;701,558;699,559;698,559;697,559;696,559;695,559;694,559;693,560;692,560;691,560;690,560;689,560;689,561;688,562;687,562;686,562;686,563;686,564;685,565;684,565;684,566;683,566;682,567;681,567;681,568;680,568;679,569;679,570;678,571;677,571;676,571;675,571;675,572;674,572;672,573;671,573;670,573;669,574;668,574;667,575;666,575;665,575;664,575;663,575;663,576;662,576;661,576;660,576;659,576;658,577;657,577;656,577;655,577;654,577;653,577;651,577;650,577;648,577;647,577;646,577;645,577;644,577;642,577;641,577;639,578;638,578;637,578;636,578;634,579;633,579;632,579;631,580;630,580;629,580;628,580;627,581;626,581;625,582;624,582;623,582;622,582;622,583;623,584;623,585;624,585;626,587;628,587;629,587;630,588;631,588;633,588;634,588;635,589;637,589;638,589;638,590;640,590;641,590;642,590;642,591;643,591;644,592;644,593;645,594;646,595;648,595;649,596;649,597;650,598;651,598;651,599;652,600;653,601;653,602;654,602;655,604;657,605;658,606;659,607;660,607;661,608;661,609;662,610;664,610;665,611;666,611;667,611;669,612;670,613;671,613;672,613;672,615;673,616;673,617;674,618;674,619;674,620;674,622;674,623;674,624;674,625;674,626;674,627;674,628;674,629;673,629;673,630;672,630;671,630;669,630;667,630;666,630;665,630;664,630;663,630;661,630;660,630;659,630;658,630;656,630;654,630;653,630;652,629;651,629;650,629;649,628;648,628;647,627;646,627;645,627;645,626;644,626;644,625;643,625;642,625;641,624;640,623;640,621;639,621;638,620;638,619;637,619;636,618;635,616;635,615;633,614;633,613;632,613;632,612;631,611;631,610;630,609;629,608;628,607;627,607;627,606;625,606;624,606;624,604;622,604;620,603;619,602;618,602;617,602;616,601;615,601;613,601;611,600;610,599;610,598;609,598;608,598;606,597;606,596;605,596;604,595;603,595;602,595;601,595;601,594;600,594;599,594;597,593;596,593;595,593;593,592;592,592;591,592;590,592;589,592;587,592;585,591;584,591;583,591;582,591;581,591;580,591;579,591;577,591;576,591;575,591;574,591;573,593;572,593;570,595;568,596;567,596;566,597;565,597;564,597;564,598;564,599;563,599;562,600;561,600;560,600;560,601;559,602;558,602;556,603;555,603;554,604;553,604;553,605;553,606;553,607;555,608;557,608;558,610;559,610;560,610;561,611;562,611;562,612;563,612;564,613;565,613;566,613;568,614;570,614;572,617;573,617;574,617;575,617;576,618;577,619;578,619;579,620;580,620;582,621;582,622;583,623;585,624;585,625;586,626;587,627;588,628;588,629;589,630;590,630;591,630;591,631;592,631;592,632;593,633;594,633;595,634;595,635;596,636;596,637;596,638;597,638;598,640;598,641;599,642;599,643;599,644;599,645;599,646;599,647;600,648;600,650;600,651;601,653;601,654;602,654;603,654;604,655;605,656;605,657;606,657;606,658;606,659;607,660;607,661;607,662;607,663;608,663;608,664;608,665;608,666;609,666;609,667;609,668;610,669;610,670;610,672;611,673;612,673;612,674;612,675;613,676;614,677;614,679;616,680;617,681;617,682;618,682;619,683;620,684;620,685;621,686;622,686;623,687;624,688;625,689;626,689;626,691;628,691;629,692;630,693;631,694;631,695;632,695;632,697;632,698;633,698;633,700;633,701;634,701;634,702;634,704;634,705;634,706;634,707;634,708;634,709;634,710;634,711;634,712;634,713;634,714;635,714;635,716;635,717;636,718;636,719;637,719;639,719;640,719;641,719;643,719;644,719;646,719;648,719;650,719;651,718;654,717;656,715;657,714;658,714;662,712;664,712;666,711;668,710;669,709;670,707;672,706;673,704;674,702;675,702;676,700;676,699;676,698;676,696;676,695;676,694;676,693;676,692;676,690;676,689;676,688;676,687;676,686;676,684;676,683;676,682;676,681;676,680;677,678;678,677;679,676;680,676;681,675;682,675;683,674;685,672;687,671;688,671;688,670;689,670;689,669;690,668;691,666;691,665;692,664;692,663;692,662;692,661;692,660;692,659;692,658;692,657;693,656;693,655;694,653;694,652;695,652;695,651;697,651;698,651;698,650;699,650;700,649;701,649;702,649;703,649;704,649;705,649;706,648;706,647;707,647;708,647;709,647;709,646;710,646;711,645;712,645;713,644;714,644;715,643;716,643;717,642;717,641;718,641;720,641;722,640;723,640;724,639;725,638;727,637;728,636;729,635;730,635;731,635;732,635;733,635;734,635;736,635;737,635;738,635;739,635;742,635;743,635;744,635;745,635;746,635;747,635;748,635;750,636;751,636;752,636;753,636;755,636;756,636;757,636;758,636;759,636;760,636;762,636;763,636;765,636;768,636;770,636;771,636;773,636;775,637;776,637;778,637;779,638;780,639;781,639;782,640;782,641;783,642;784,643;785,644;786,644;787,645;787,646;789,646;790,648;792,648;793,649;794,649;795,649;795,650;796,651;797,651;798,652;799,653;799,654;801,654;800,655;799,655;798,655;797,656;796,656;795,657;794,657;794,658;794,659;793,660;792,661;791,662;790,662;789,662;788,662;786,663;785,663;785,664;782,665;781,665;779,665;777,665;775,665;774,665;773,665;772,665;771,665;770,665;769,665;767,665;766,665;765,665;764,665;763,665;763,666;762,666;761,666;760,666;759,667;758,667;757,667;755,668;754,668;753,668;752,668;751,668;750,668;749,668;748,668;747,668;744,668;743,668;742,668;741,668;740,668;739,668;738,668;737,668;736,668;734,667;733,667;732,667;731,667;730,667;729,667;728,667;727,667;726,667;725,667;724,667;722,667;721,667;720,668;720,669;719,670;718,671;717,672;717,673;716,673;716,674;715,674;714,676;713,676;713,677;711,677;711,678;711,679;710,679;709,680;708,680;708,681;708,682;707,683;707,684;706,685;705,686;705,688;705,689;705,690;705,691;704,692;704,693;704,695;703,697;700,699;699,700;699,702;698,704;698,705;698,707;698,708;697,710;696,711;696,713;696,714;695,715;695,716;695,717;695,718;694,719;693,721;691,722;689,722;688,722;688,723;687,723;686,723;685,724;684,724;682,724;679,724;677,724;675,724;674,724;673,724;671,724;670,724;669,724;668,724;667,724;666,724;665,724;664,726;663,726;662,726;661,726;660,726;660,727;659,727;658,727;657,728;656,728;655,728;653,728;652,729;651,729;650,730;649,732;648,732;647,732;646,733;646,734;645,734;645,735;644,735;642,737;641,738;640,739;640,740;639,740;639,741;638,741;637,743;636,744;636,745;635,746;634,747;634,749;634,750;633,752;633,753;631,754;631,755;630,756;630,757;630,758;629,759;629,760;629,761;629,763;628,764;628,765;628,766;627,766;627,768;626,769;625,770;625,771;625,772;624,773;624,774;624,776;624,777;624,778;623,779;623,780;623,781;622,783;622,784;622,785;620,786;620,788;619,788;619,789;618,790;618,791;617,791;617,792;616,793;616,794;616,795;616,796;615,796;615,797;614,798;614,799;613,800;613,801;613,802;613,803;613,804;612,804;612,805;610,807;610,808;609,809;609,810;608,811;608,812;607,813;606,816;606,817;605,817;605,818;604,820;604,821;604,822;603,822;602,823;602,824;602,825;602,826;601,827;601,828;601,829;601,830;601,831;599,832;598,834;598,835;598,836;598,837;598,838;598,839;598,840;598,841;598,843;598,844;598,845;598,846;598,847;598,848;598,849;598,850;598,851;598,852;598,853;598,854;597,854;597,855;596,857;596,858;596,859;595,860;595,861;595,862;595,863;594,864;594,865;593,866;593,867;593,868;592,869;591,870;591,871;591,872;590,873;590,874;589,875;588,875;588,876;587,877;587,878;586,878;586,879;585,880;584,882;584,883;583,883;583,884;583,885;582,886;582,888;582,889;581,890;581,891;580,892;580,894;580,895;580,896;580,897;579,898;579,899;578,900;578,902;578,903;578,904;578,905;578,906;577,907;577,908;577,909;577,910;577,911;577,912;577,913;577,914;577,915;
Vein; POLYGON; 63, 72, 204; 636,762;636,761;636,759;636,758;636,757;636,755;636,752;636,751;635,749;635,747;635,746;635,745;635,744;634,743;634,742;634,741;634,740;634,739;634,738;634,737;633,736;633,734;633,733;633,732;633,731;633,730;631,729;631,728;631,727;631,726;631,725;630,723;630,722;630,721;629,719;629,718;629,716;629,715;629,714;628,712;628,711;628,710;627,709;626,708;626,707;626,706;626,705;625,704;625,703;624,702;624,701;624,700;624,699;623,698;623,697;623,696;622,695;622,694;622,693;621,693;620,692;619,690;618,689;618,687;617,687;617,686;616,684;615,683;615,682;615,681;614,680;613,679;612,678;612,677;611,675;611,674;609,674;609,673;608,673;608,671;607,670;606,670;606,668;605,668;605,667;604,667;603,667;603,665;603,664;603,663;603,662;602,662;602,661;601,660;600,659;600,658;600,656;599,655;598,655;597,654;597,653;597,652;597,651;596,651;596,650;595,649;595,648;594,648;594,647;593,646;593,645;592,645;592,644;590,644;589,643;588,642;587,642;587,641;587,640;587,639;586,639;586,638;585,638;584,637;584,636;583,635;583,634;582,633;582,632;581,632;581,631;580,630;580,629;580,628;579,628;578,627;578,626;577,626;577,625;575,624;575,623;575,622;574,621;573,620;572,620;572,619;571,617;570,617;569,616;569,615;569,614;568,614;566,613;565,613;564,612;563,611;562,611;561,609;559,609;558,608;557,608;555,607;554,607;553,606;555,606;556,605;559,605;560,605;562,605;563,605;564,605;565,605;567,605;570,605;572,605;573,605;574,605;576,605;578,605;580,605;581,605;582,605;583,605;584,605;585,605;587,605;589,605;590,605;592,606;594,607;595,608;596,608;597,610;597,611;599,612;599,613;601,614;602,614;602,615;603,616;603,617;604,618;605,619;606,619;607,621;608,623;609,625;610,627;613,629;613,630;613,631;614,632;615,633;616,634;617,634;618,637;619,638;621,640;623,642;625,644;627,645;629,646;630,647;631,648;633,650;634,650;636,651;636,652;637,653;639,655;640,656;642,656;643,657;644,657;645,657;647,657;648,657;650,657;651,657;652,657;653,657;654,657;655,657;656,657;658,657;659,657;662,657;664,657;666,657;667,657;668,657;671,657;672,657;673,658;674,658;676,658;677,659;679,659;679,660;681,660;682,661;683,661;683,662;684,662;685,663;686,663;687,664;687,665;687,666;688,666;689,667;690,667;691,667;693,667;694,668;695,668;696,668;697,668;698,668;701,668;703,669;705,669;706,670;708,670;709,670;710,670;711,670;712,670;713,670;714,670;715,670;717,670;718,670;719,670;720,670;721,670;722,672;724,672;725,672;727,673;728,673;728,674;730,675;732,676;732,677;734,678;735,679;735,680;737,681;739,683;739,684;741,685;743,686;744,688;746,689;746,690;747,691;747,692;749,692;749,693;750,693;750,695;751,695;752,696;752,698;752,699;752,700;752,701;752,702;751,703;750,704;747,706;746,708;745,708;745,709;744,710;743,710;741,710;740,710;739,710;738,710;737,710;736,710;735,710;734,710;733,710;732,710;731,710;730,710;729,710;728,710;727,710;726,710;725,710;724,709;724,708;723,708;722,708;721,708;720,708;720,707;719,706;718,706;717,706;715,705;714,705;713,705;712,705;711,705;709,705;709,707;709,708;708,708;708,709;708,710;708,711;708,713;707,714;707,715;707,716;707,718;707,719;707,720;707,722;707,723;706,725;705,726;705,727;704,727;704,728;703,731;703,732;702,734;701,735;700,737;699,738;696,741;694,743;694,744;692,745;691,746;689,747;686,750;684,751;680,752;679,754;677,756;674,757;671,757;667,759;666,760;664,761;662,763;660,765;659,766;658,767;657,769;656,769;655,770;654,770;653,771;652,772;651,773;650,774;
Vein; POLYGON; 63, 72, 204; 679,561;680,561;681,561;682,561;683,561;684,561;685,561;686,561;687,561;689,561;691,561;692,561;694,561;695,561;696,561;697,561;699,561;700,561;702,561;703,561;704,561;706,561;707,561;710,561;711,561;714,563;715,563;717,563;719,563;720,564;721,564;722,565;724,565;728,566;731,567;734,568;736,569;737,569;739,569;740,569;740,570;741,570;741,571;742,571;743,572;744,572;746,572;747,572;749,573;752,573;753,574;754,575;755,575;757,576;758,576;759,577;760,577;761,577;763,578;765,579;767,580;768,581;769,582;770,583;773,583;776,584;777,586;780,586;781,586;782,587;784,589;787,589;788,589;789,590;791,591;792,591;793,592;795,594;796,594;797,595;798,595;799,596;800,597;803,599;805,600;808,602;810,602;811,602;812,603;813,604;815,606;819,608;820,609;824,610;825,613;826,613;826,614;826,615;826,616;826,617;826,618;824,619;823,620;822,620;820,620;817,621;815,621;813,621;810,621;806,621;802,621;798,621;794,621;789,621;785,621;782,621;779,621;776,621;772,621;768,621;764,621;761,621;758,621;754,620;750,620;745,618;741,616;736,615;732,614;728,613;727,612;724,611;722,610;720,610;717,610;712,609;
Vein; POLYGON; 63, 72, 204; 716,563;717,563;718,563;719,563;721,563;722,563;723,563;724,563;725,563;725,564;725,565;726,565;727,565;728,565;729,565;731,566;734,567;735,567;737,568;738,568;739,568;741,569;745,571;746,571;748,572;749,573;750,573;751,574;753,574;755,576;757,576;758,577;758,578;760,579;761,580;762,580;763,580;763,581;765,581;768,581;769,582;770,584;771,584;771,585;772,585;773,585;776,587;778,587;781,588;783,589;784,590;787,591;788,592;790,593;794,595;795,596;796,596;797,598;798,599;799,599;801,600;801,601;803,602;805,603;806,604;807,605;810,605;811,606;813,607;814,608;815,609;816,610;817,611;818,613;818,614;818,615;818,617;818,618;818,619;818,620;817,621;815,622;814,623;814,624;813,624;811,625;810,625;808,625;805,626;804,626;803,626;
Vein; POLYGON; 63, 72, 204; 744,575;745,575;746,575;747,575;748,575;750,575;751,575;752,575;754,575;756,575;757,575;758,575;759,575;761,575;762,575;763,575;764,575;765,575;767,575;768,575;768,576;770,577;770,578;771,578;771,579;774,580;775,580;775,581;776,581;777,581;777,582;779,583;779,584;780,584;780,585;782,586;782,587;784,587;786,588;788,590;790,590;791,590;792,591;794,592;796,593;797,593;798,594;799,594;801,595;803,596;804,597;807,597;809,597;810,597;810,598;811,599;812,599;813,599;815,601;817,601;820,603;821,604;822,604;823,604;824,604;825,604;826,604;826,605;827,606;828,606;829,607;829,608;830,609;831,609;832,610;834,612;834,613;835,614;836,615;837,616;838,616;838,617;839,620;839,621;839,622;839,624;839,626;839,627;839,628;839,630;839,631;839,632;838,633;837,633;836,633;835,633;834,634;832,634;831,634;829,634;828,634;827,634;825,634;822,634;821,634;820,634;817,634;816,634;813,633;809,631;808,629;805,628;802,626;798,624;795,624;791,622;787,620;782,618;778,617;776,615;773,614;772,612;769,611;768,610;767,610;767,609;766,609;765,609;764,609;763,609;761,608;760,608;759,608;757,608;756,607;756,606;756,605;
Vein; POLYGON; 63, 72, 204; 624,581;626,581;629,581;632,581;635,581;636,581;638,581;639,581;640,581;641,581;642,581;643,581;644,581;645,581;646,581;647,581;648,581;649,580;650,579;650,578;651,578;653,577;654,577;655,577;656,577;657,576;658,575;659,575;660,575;661,574;662,573;662,572;663,572;664,572;665,571;666,571;667,571;667,570;668,570;669,570;670,570;670,569;671,569;672,569;673,568;674,567;675,566;676,566;677,566;678,566;679,566;680,566;681,566;682,566;684,566;685,566;687,568;689,568;690,568;690,569;691,569;692,570;693,571;694,572;695,573;695,574;696,575;697,576;699,578;699,579;700,581;701,582;701,583;701,584;703,586;705,587;708,591;710,591;711,591;
Vein; POLYGON; 63, 72, 204; 663,603;662,603;661,603;660,603;659,603;658,603;657,603;656,603;654,603;653,603;652,603;651,603;650,603;648,603;647,603;646,603;645,603;645,602;644,601;644,600;643,600;642,599;642,598;641,597;641,596;640,595;639,594;638,593;637,593;636,592;635,592;634,591;633,589;632,589;632,588;631,588;630,588;630,587;629,587;627,585;626,585;625,584;624,584;624,583;624,582;623,582;622,580;621,580;621,579;620,579;619,578;619,576;620,576;621,576;623,576;624,576;627,576;628,576;630,576;631,575;632,575;633,575;634,575;635,575;637,575;639,575;640,575;641,574;642,574;642,573;643,573;644,573;645,573;646,573;647,573;648,573;649,572;650,572;652,572;654,571;655,570;656,570;657,570;658,569;660,569;663,569;665,569;666,568;667,568;668,568;670,567;671,567;672,566;674,565;675,565;675,564;676,564;677,564;678,564;678,563;679,563;680,562;681,562;682,562;684,562;685,561;687,561;688,561;689,561;690,561;690,560;691,560;692,559;693,559;694,559;695,559;696,559;697,559;699,558;701,558;702,558;704,558;705,558;706,558;708,558;710,558;711,558;715,558;717,559;719,560;720,560;721,560;722,561;723,561;723,562;724,562;724,563;724,564;725,565;725,566;725,567;726,569;726,571;726,573;727,574;727,575;727,577;728,578;728,580;729,583;729,585;729,586;730,586;730,589;730,590;730,591;730,592;730,595;730,596;730,598;731,601;731,603;731,605;731,608;731,610;731,612;731,615;731,616;731,617;730,619;729,620;729,621;728,621;727,621;727,622;726,623;726,624;726,625;725,625;
Vein; POLYGON; 63, 72, 204; 585,617;584,618;582,618;581,620;579,620;578,620;576,620;572,620;571,620;570,620;568,620;567,620;566,620;565,620;564,620;562,620;561,620;558,620;557,620;556,620;555,619;554,619;553,619;551,619;551,618;550,618;549,618;548,617;547,616;547,615;545,613;544,613;543,613;543,612;541,611;541,610;540,609;539,608;538,607;537,606;537,605;536,603;535,602;535,601;535,600;535,599;535,598;535,597;535,595;535,594;535,592;535,591;535,588;535,587;535,586;535,585;535,584;535,583;536,583;
Vein; POLYGON; 63, 72, 204; 67,204;68,203;69,202;70,202;73,199;74,199;75,197;78,196;80,195;82,192;84,190;87,189;89,187;91,184;93,182;94,181;96,179;96,177;97,177;98,176;99,175;99,174;100,172;101,171;102,167;102,166;103,165;104,164;105,163;106,162;106,161;106,160;107,160;109,156;110,155;110,152;113,150;115,148;115,147;116,146;118,144;119,142;120,141;123,139;123,137;126,135;127,132;130,129;131,127;132,124;133,122;134,120;136,118;137,118;138,117;139,117;140,116;141,115;142,113;143,113;143,112;145,111;147,110;149,109;150,108;152,107;152,106;153,105;154,104;155,103;156,101;156,100;158,98;160,97;160,96;161,94;162,92;163,91;163,90;164,89;166,87;166,86;167,85;168,83;169,82;170,82;172,80;173,79;174,76;175,75;176,74;177,73;177,72;178,71;178,70;178,69;179,67;180,67;182,65;182,64;183,63;184,62;186,60;186,59;187,58;187,57;187,56;187,55;188,55;189,53;189,52;191,51;191,50;192,49;192,48;192,46;193,45;194,43;194,41;194,40;194,39;195,38;196,37;196,36;197,35;197,34;197,33;198,32;199,30;199,29;199,28;200,28;200,27;201,27;203,27;204,26;206,25;208,25;210,23;212,23;213,22;214,22;215,22;215,21;216,20;217,20;218,18;220,17;221,16;222,16;222,15;223,15;226,14;227,13;228,12;229,10;231,10;232,9;233,9;234,8;235,8;236,8;237,7;238,7;239,7;239,6;240,6;242,6;243,6;244,5;245,5;245,6;245,7;245,8;245,9;245,10;245,11;245,12;245,13;245,14;245,15;245,17;244,18;244,19;244,20;244,21;243,22;243,23;243,24;243,25;242,25;241,27;240,27;240,29;240,30;240,31;239,31;239,32;238,33;237,33;236,33;236,34;236,35;235,36;235,37;234,38;234,39;233,40;233,41;233,43;232,45;232,47;231,48;230,50;230,51;230,52;229,54;228,54;228,56;228,58;227,58;227,59;226,60;226,61;225,63;224,65;224,66;224,67;223,69;222,71;222,73;222,74;221,74;221,76;221,77;219,79;218,80;218,81;218,82;218,83;217,84;216,84;216,85;216,86;216,88;216,89;216,90;215,90;214,90;214,92;213,93;213,94;213,95;212,95;212,96;212,97;211,98;211,99;210,99;210,101;209,102;208,103;207,104;206,104;205,105;204,106;203,107;202,108;202,109;200,109;199,110;197,110;196,112;195,114;194,114;193,114;192,115;191,115;190,115;190,116;188,117;187,117;186,117;185,118;184,119;183,119;182,120;181,120;180,120;179,121;178,122;177,122;176,123;175,124;174,125;172,126;172,127;171,127;170,128;169,129;168,131;166,131;165,132;164,133;163,134;162,135;162,136;161,136;160,137;159,138;158,139;157,140;156,140;155,142;154,142;154,143;153,144;152,145;151,147;150,148;149,148;149,149;148,150;147,150;147,151;146,151;143,154;142,155;141,155;141,156;140,156;140,157;139,160;139,161;138,162;138,163;137,164;136,167;135,168;134,170;133,170;133,173;133,174;132,174;131,175;131,176;130,177;130,178;130,179;129,180;129,181;128,182;128,183;127,183;124,185;124,187;123,187;123,188;122,188;121,189;120,190;119,191;118,191;117,191;116,193;114,193;112,194;111,194;109,195;108,197;107,197;106,197;104,200;99,202;97,202;97,203;96,203;95,203;94,204;93,204;93,205;92,205;91,206;90,206;89,206;88,206;87,207;86,207;85,208;84,208;83,208;82,208;81,208;80,208;79,208;78,208;77,208;76,208;74,208;73,208;72,208;71,208;70,206;70,205;69,205;69,204;
Stroma; POLYGON; 128, 128, 128; 80,224;79,223;79,222;78,221;78,220;77,219;77,218;76,216;76,215;76,214;78,214;79,213;80,213;81,212;82,212;83,212;84,212;85,212;85,211;86,211;86,210;88,209;89,208;89,207;90,207;91,205;91,203;92,202;93,202;94,201;95,200;96,199;97,198;97,197;98,196;99,196;99,195;100,194;100,193;101,191;102,190;102,189;102,188;103,188;103,187;105,186;105,185;106,184;107,183;108,183;108,182;109,182;110,180;111,179;112,178;112,177;114,176;114,175;115,174;116,172;116,171;117,171;118,171;118,170;120,169;120,168;121,168;123,167;124,166;125,165;126,165;127,164;129,164;131,163;132,163;133,161;134,161;135,161;136,160;136,159;137,159;138,157;139,157;141,155;142,154;143,153;143,152;143,151;144,150;144,149;144,148;145,147;145,145;146,144;148,142;148,141;149,141;150,140;150,139;151,139;152,139;153,138;154,137;154,136;155,135;156,134;157,134;157,133;159,132;160,130;161,130;162,130;163,129;164,128;164,127;165,127;167,126;168,125;169,124;170,123;171,122;172,121;173,120;174,120;175,120;176,119;178,118;179,118;179,117;180,117;180,116;181,115;182,115;182,114;183,113;184,113;185,113;186,113;187,112;188,112;189,112;190,112;191,110;191,109;193,108;193,107;195,106;196,105;197,105;198,104;199,103;199,102;200,101;201,101;202,101;203,101;204,100;205,100;205,99;206,98;207,97;208,97;209,96;210,95;211,95;211,94;212,94;213,94;214,93;215,91;215,90;216,89;216,88;216,87;216,86;217,85;217,84;217,83;218,82;218,81;218,80;218,79;218,77;218,76;218,75;218,74;218,72;218,71;218,70;218,69;218,68;218,67;219,67;220,66;220,65;220,64;220,63;221,62;221,60;221,59;222,57;223,56;224,55;225,54;225,53;225,52;225,51;226,50;226,49;226,48;227,46;228,45;228,44;229,43;229,42;230,40;230,39;230,38;230,37;231,35;231,34;231,33;231,32;231,31;231,30;231,29;232,28;232,27;233,26;233,25;233,23;235,21;236,20;237,19;238,18;240,17;242,16;243,15;243,14;243,13;244,13;244,12;245,12;247,11;248,10;248,9;248,8;249,8;250,7;251,6;251,5;252,5;253,4;253,3;254,2;255,2;256,2;257,2;259,2;261,3;263,3;264,4;266,4;268,5;270,6;271,6;272,8;273,9;273,10;274,11;275,11;275,12;275,13;275,14;275,15;275,16;275,17;274,18;273,19;272,19;271,20;270,20;270,21;269,22;268,23;267,23;266,24;265,25;264,25;264,27;263,27;263,28;261,28;258,30;257,30;257,32;257,34;257,35;257,37;257,38;257,41;257,42;257,43;257,44;257,47;257,49;257,51;257,54;257,56;257,60;257,63;257,65;255,69;254,72;253,77;253,80;252,82;251,84;250,87;248,89;246,92;244,94;243,97;241,100;240,101;239,104;237,106;237,107;235,108;232,110;231,112;229,114;226,116;224,119;222,121;219,124;217,128;214,131;212,133;209,137;205,139;202,140;200,143;197,145;196,146;194,150;191,153;190,154;188,158;188,159;187,160;186,163;185,164;184,165;184,166;183,167;182,170;180,171;178,172;177,174;175,176;174,177;172,180;170,182;167,185;166,186;165,187;163,190;161,191;160,193;157,195;155,196;152,198;150,199;149,199;147,202;145,203;145,204;142,205;139,206;137,207;134,209;132,210;129,212;127,213;123,216;121,218;119,218;117,220;115,221;112,223;111,224;110,224;107,224;106,225;103,226;99,227;96,230;95,231;93,231;90,233;89,233;87,234;86,234;85,234;84,234;82,235;81,236;79,236;78,236;77,236;76,236;75,236;73,236;72,236;71,235;70,235;70,234;70,233;69,232;68,232;68,231;67,231;67,230;67,229;67,228;67,227;66,226;66,225;66,224;66,223;66,222;66,221;66,219;66,218;66,217;66,216;66,214;66,213;66,212;67,211;69,210;69,208;69,207;70,206;71,205;72,204;73,203;74,202;75,202;77,202;78,200;79,200;81,200;82,200;83,200;84,200;85,201;86,201;87,201;88,202;
