Artery; POLYGON; 237, 28, 36; 619,335;618,335;617,335;616,335;615,335;612,335;610,335;609,335;607,335;606,335;604,336;603,336;600,336;598,336;596,337;593,337;591,339;588,339;588,340;586,340;585,340;584,340;583,340;583,341;582,341;581,341;580,342;578,343;577,343;576,344;575,344;574,344;573,344;570,344;569,344;565,345;563,346;561,346;560,346;559,346;557,347;555,347;553,348;552,348;550,349;548,350;547,350;546,350;545,351;544,351;542,351;541,352;539,352;538,352;536,352;535,353;534,353;532,354;530,354;529,354;528,354;526,354;523,354;521,354;519,355;518,356;517,356;516,356;515,356;514,356;513,356;511,356;510,356;507,356;505,356;503,357;501,358;499,359;497,359;495,359;493,359;491,359;489,359;487,359;484,361;483,361;482,361;481,361;480,362;479,362;478,362;477,362;476,362;474,362;471,362;469,363;468,363;467,363;466,363;465,363;464,363;461,363;460,363;458,363;456,363;455,363;453,363;452,363;449,363;448,363;447,363;445,364;443,364;440,364;438,364;437,364;436,364;434,364;432,364;430,364;429,365;427,365;425,365;424,365;423,365;422,365;420,365;419,365;417,365;413,366;412,368;411,368;410,368;409,368;408,368;407,368;406,368;405,368;402,368;401,368;400,368;399,368;398,368;397,368;396,368;394,368;392,368;391,368;390,368;388,368;387,368;386,368;385,368;384,368;383,368;382,368;380,368;378,368;377,368;376,368;375,368;374,368;373,368;372,368;371,368;369,368;367,368;365,368;363,368;362,368;360,368;359,368;358,368;357,368;356,368;355,368;354,368;353,368;352,368;351,368;350,368;348,368;347,368;346,368;345,368;343,368;342,368;341,368;339,368;337,368;334,368;332,368;331,368;330,368;329,368;328,368;326,368;324,368;322,368;321,368;319,368;318,368;317,368;316,368;315,368;313,368;312,368;310,368;308,368;307,368;306,368;305,368;304,368;303,368;302,368;301,368;299,368;298,368;297,368;296,368;295,368;293,368;289,368;288,368;287,368;286,368;285,368;284,368;283,368;282,368;281,368;280,368;279,368;277,368;276,368;275,368;274,368;273,368;272,368;271,370;270,370;269,370;267,371;266,371;264,372;263,372;262,372;262,374;260,374;259,374;257,374;256,374;255,375;255,376;253,376;252,376;250,376;249,376;248,377;247,377;246,377;245,377;242,377;241,377;239,377;238,377;237,377;236,378;234,378;231,378;230,378;228,378;227,378;224,378;222,378;220,379;219,380;218,381;216,381;214,381;213,381;211,381;209,381;208,381;207,381;206,381;205,381;203,381;201,381;199,381;197,381;196,381;195,382;194,382;193,382;191,382;190,382;189,382;188,382;186,382;185,382;184,382;183,382;182,382;181,383;180,383;179,383;178,383;176,383;175,383;174,384;173,384;172,384;171,384;169,384;167,384;165,384;162,384;160,384;159,384;158,384;156,384;155,384;154,384;153,384;152,384;150,384;149,384;148,384;147,384;147,386;146,386;145,386;145,387;144,387;143,387;142,387;141,387;140,387;139,388;138,388;137,388;136,388;135,389;134,389;133,389;132,389;131,389;130,389;129,389;128,389;127,389;126,389;125,389;123,389;121,389;120,389;118,390;117,390;116,390;114,390;113,390;112,390;111,390;109,390;108,390;106,391;105,391;104,391;103,391;102,391;101,391;99,391;98,391;96,391;94,391;92,391;91,391;90,391;89,392;88,392;87,392;86,393;85,393;84,393;83,393;82,393;81,393;80,394;79,394;78,394;77,394;76,394;75,394;74,394;73,394;71,394;70,394;69,394;67,394;66,394;65,395;64,395;63,395;62,395;60,395;59,395;58,395;57,395;56,395;55,395;54,395;53,395;51,396;50,396;49,396;48,397;47,397;46,397;45,397;44,397;43,397;42,397;41,398;40,398;39,398;38,398;37,398;36,398;35,398;34,398;33,398;32,398;31,398;30,398;29,398;28,398;28,397;27,397;26,396;25,396;25,395;25,394;24,394;24,393;24,392;24,391;24,390;24,389;24,388;24,387;24,385;24,384;24,383;24,382;24,381;24,380;24,379;24,378;24,377;25,377;26,377;26,376;26,375;27,373;28,372;28,371;28,370;28,369;28,368;28,367;28,366;28,365;29,364;30,363;30,362;30,361;31,360;31,359;31,358;31,355;32,354;32,353;33,351;33,348;33,347;33,346;33,344;33,342;33,341;33,339;33,337;33,336;33,335;33,334;33,333;33,331;33,330;33,329;33,328;33,327;33,326;33,325;33,324;33,323;33,322;33,320;32,319;32,317;32,316;31,314;30,312;30,311;30,310;29,309;29,308;29,307;29,306;29,305;29,304;29,302;29,301;29,300;29,299;30,298;31,298;32,296;33,296;33,295;34,295;35,295;36,295;37,295;38,295;39,295;39,294;40,294;41,294;43,294;45,294;47,294;49,293;50,293;51,293;52,293;53,293;55,293;57,293;60,293;62,293;63,293;64,293;65,293;66,293;67,293;68,293;69,293;71,293;72,293;74,293;75,293;76,293;77,293;79,293;81,293;83,293;86,293;87,293;88,293;89,293;90,293;91,293;93,293;94,293;96,293;98,293;99,293;101,293;104,293;106,293;107,293;108,293;109,293;110,293;112,293;115,293;117,293;120,293;121,293;122,293;123,293;124,293;125,293;127,293;130,293;131,293;132,293;133,293;135,293;136,293;137,293;139,293;140,293;144,293;145,293;147,293;150,293;151,293;152,293;154,293;155,293;156,293;158,293;159,293;161,293;162,293;163,293;164,293;165,293;167,293;168,293;170,293;171,293;172,292;174,292;176,292;177,292;179,291;180,291;181,291;182,291;184,291;186,291;187,291;188,291;189,291;190,291;191,291;193,291;195,291;196,291;197,291;198,291;199,291;200,291;201,291;202,291;203,291;204,291;206,291;207,291;208,291;209,291;210,291;212,291;214,291;215,291;218,291;219,291;220,291;221,291;222,291;223,291;225,291;226,291;227,291;228,291;230,291;232,291;233,291;235,291;236,291;237,291;238,291;240,291;242,291;243,291;244,291;245,291;246,291;248,291;249,291;252,291;254,291;257,291;258,291;260,290;262,289;264,289;265,289;267,289;268,289;269,289;270,289;271,289;272,289;273,289;276,289;277,289;278,289;280,289;282,289;283,289;284,289;286,289;288,289;290,289;292,289;293,289;294,289;295,289;297,289;299,289;301,289;303,288;304,288;305,287;306,287;307,287;308,287;309,287;311,287;314,287;315,287;316,287;318,287;319,286;321,286;322,286;324,286;325,286;327,286;329,284;331,284;332,284;332,283;333,283;334,283;336,283;338,283;339,283;340,283;342,283;343,283;345,283;346,283;347,283;348,283;350,282;352,282;353,282;356,282;358,282;359,282;361,281;362,280;363,280;364,280;367,280;369,280;371,280;373,280;374,280;375,280;376,280;377,280;379,280;380,280;381,280;382,278;384,278;386,278;388,278;389,278;391,278;392,278;393,278;394,278;396,278;397,278;398,278;399,278;400,278;402,277;404,277;405,277;406,277;408,277;410,277;411,277;414,277;415,277;416,277;417,277;418,277;420,277;421,277;422,277;423,277;424,277;425,277;426,277;427,277;429,277;430,277;431,277;432,277;433,277;435,277;436,277;438,277;439,277;440,277;442,277;444,276;445,276;446,276;448,276;450,276;451,276;453,276;454,275;455,275;457,275;459,275;461,274;462,274;464,273;465,273;466,272;467,272;469,272;472,272;474,272;476,271;477,271;480,271;482,271;483,271;484,271;487,271;488,271;489,271;490,270;491,270;492,270;493,270;494,270;496,270;497,270;498,270;499,270;500,270;502,270;503,270;504,270;505,270;506,270;507,270;508,270;509,270;510,270;511,270;512,270;513,270;514,270;515,270;516,270;517,269;518,269;519,269;520,268;522,268;523,268;526,268;528,268;529,268;530,268;531,266;532,266;533,266;535,266;536,266;537,266;538,265;539,265;540,265;541,265;542,265;544,264;545,264;546,264;548,264;549,264;551,264;552,264;553,264;554,264;555,263;556,263;557,263;560,263;560,262;561,262;562,262;563,262;564,261;566,261;567,261;568,261;570,261;571,260;572,260;573,260;574,260;575,259;576,259;577,259;578,259;579,258;580,258;582,258;583,258;585,257;586,257;587,257;588,257;589,257;590,257;591,257;592,255;594,255;595,255;596,254;597,254;598,254;600,254;602,254;603,253;604,253;605,253;607,253;609,253;610,253;611,252;612,252;613,252;614,252;615,252;616,252;617,252;618,252;620,252;621,252;622,252;623,252;624,252;
Artery; POLYGON; 237, 28, 36; 128,889;129,889;130,889;131,889;133,889;134,888;135,887;136,886;138,886;140,885;142,884;143,884;144,884;145,884;146,884;147,883;150,883;151,883;155,883;158,883;162,882;165,882;166,882;166,881;168,880;168,879;170,879;171,879;174,878;175,877;176,877;178,877;180,877;180,876;181,875;182,875;183,875;184,874;185,873;186,873;188,872;190,871;190,870;192,869;194,867;195,865;196,865;197,864;199,863;199,861;200,861;202,860;204,859;205,858;206,858;206,857;207,857;207,855;209,854;211,852;212,851;213,851;215,851;216,851;216,850;217,849;217,848;218,848;220,847;223,847;223,846;224,846;225,846;226,846;227,846;227,845;229,844;232,844;235,844;237,844;239,842;240,842;241,841;241,840;243,840;245,840;245,839;247,839;248,839;249,838;250,837;252,836;253,835;255,835;256,835;257,835;258,834;259,834;260,834;261,834;262,833;263,833;263,832;264,831;265,830;265,829;267,829;270,828;271,828;272,826;273,825;273,824;274,824;275,823;276,823;276,822;279,821;281,819;283,818;285,816;287,816;289,815;289,814;290,814;291,813;293,812;294,812;295,812;297,811;298,811;298,810;299,810;300,809;302,807;304,807;305,806;306,805;307,805;308,805;310,804;310,803;311,801;312,801;313,800;315,799;315,798;316,798;318,797;319,797;320,796;321,796;323,795;324,795;325,794;326,794;326,793;327,793;328,793;329,793;330,792;331,792;332,791;333,791;333,790;334,789;335,788;336,787;338,786;339,786;340,785;341,784;342,783;343,782;343,781;344,780;346,779;348,778;349,778;350,778;351,778;352,777;353,776;354,775;355,774;356,774;357,773;359,772;360,771;360,770;361,770;363,769;364,769;365,768;367,768;368,768;369,768;371,768;372,768;373,767;374,767;375,767;376,767;377,767;378,767;380,766;381,765;381,764;382,764;383,764;384,763;386,763;388,763;389,763;391,763;392,763;393,763;394,762;395,762;396,762;397,762;399,761;400,761;401,761;402,761;405,761;408,760;409,760;411,760;412,760;413,758;414,758;416,758;417,758;418,758;420,758;421,757;423,757;425,756;426,756;428,756;429,756;431,756;433,756;434,756;435,755;438,754;439,754;441,754;442,752;443,752;444,752;446,752;447,752;450,752;451,751;453,750;454,750;456,750;458,750;461,750;464,750;466,750;468,750;469,750;470,750;471,750;472,750;474,749;477,749;479,749;481,749;483,749;486,749;489,749;491,749;492,749;493,749;495,749;497,749;501,749;503,749;504,748;505,748;506,748;507,748;510,748;512,748;514,748;516,748;516,747;517,746;518,745;519,745;520,745;523,745;524,745;525,745;527,745;527,744;528,744;529,744;530,744;531,744;532,744;533,744;535,743;537,743;538,742;540,742;542,742;543,742;544,742;545,742;546,742;547,742;548,742;549,741;551,741;552,741;554,740;558,740;560,740;561,740;562,739;563,739;564,739;565,739;566,739;568,739;571,738;572,738;574,737;575,737;576,737;577,737;578,737;581,737;584,737;586,737;589,737;590,737;591,737;592,737;595,737;596,737;597,737;598,737;599,737;599,736;600,736;602,736;604,735;605,734;606,734;607,734;608,733;609,732;610,732;611,732;612,732;613,731;614,731;614,730;615,730;616,730;617,730;618,728;619,728;621,728;621,727;622,726;622,725;623,725;623,724;624,724;625,723;626,722;626,721;626,720;627,720;628,719;629,718;631,718;631,717;632,716;632,714;632,713;633,712;633,711;633,708;633,706;633,704;633,703;633,701;633,700;633,699;633,698;633,697;633,695;633,694;633,693;633,692;633,691;633,690;631,688;631,687;631,685;630,684;630,683;629,682;629,681;628,678;627,677;626,676;626,674;626,673;625,672;624,670;624,669;622,667;622,665;621,665;620,664;619,663;619,661;619,660;618,659;618,658;618,657;618,655;617,653;617,651;616,649;616,648;616,647;616,645;616,643;616,642;616,640;616,639;616,637;616,635;615,634;615,632;615,629;615,628;615,627;615,626;615,623;615,621;614,619;614,617;614,616;614,615;614,614;614,613;614,612;614,611;613,610;612,609;611,609;611,608;610,608;608,607;606,607;605,607;604,607;603,607;602,607;601,607;600,607;598,607;597,607;596,607;595,607;592,607;590,607;588,607;587,607;585,607;584,607;583,607;582,607;581,607;578,607;577,607;576,607;575,607;572,607;571,608;570,608;569,608;568,608;566,609;563,609;561,610;559,611;558,612;556,613;555,613;553,614;552,614;551,614;549,614;549,615;548,615;547,615;546,615;545,615;543,617;540,618;539,618;538,618;536,618;535,619;534,619;533,619;532,619;529,620;526,620;525,620;523,621;521,621;519,621;517,621;515,623;514,623;513,623;512,623;509,624;508,624;507,624;505,625;504,625;503,625;502,625;501,625;500,625;499,626;498,626;497,626;496,626;494,626;493,626;492,626;490,626;489,626;486,627;485,627;484,627;482,627;480,627;479,627;477,629;475,629;473,629;472,629;470,629;469,629;467,629;465,629;462,629;460,629;457,629;456,629;454,629;452,629;451,629;450,629;449,629;448,629;446,629;445,629;444,629;443,629;441,629;440,629;439,629;438,629;436,629;434,629;433,629;432,629;431,629;430,630;429,630;427,630;426,631;425,631;423,631;421,631;420,631;419,631;417,632;416,632;415,632;413,633;412,633;412,634;411,634;410,635;409,635;407,635;406,636;404,636;403,636;401,637;400,637;399,638;398,638;396,639;395,639;393,641;392,642;391,642;389,642;388,642;387,642;386,643;385,643;385,644;384,644;382,645;380,645;380,647;379,647;378,647;377,648;376,648;375,648;374,649;372,650;371,650;370,650;369,650;368,651;367,651;366,652;366,653;365,653;364,653;362,654;360,654;359,655;357,655;355,657;354,657;352,660;351,660;350,661;348,661;347,661;346,662;345,662;343,663;342,664;341,664;340,664;340,666;339,666;338,666;337,666;336,666;335,666;334,666;332,666;332,667;331,667;330,667;329,667;328,667;326,668;325,668;325,669;324,669;322,669;321,669;320,669;319,669;318,669;317,669;316,669;314,669;313,669;312,669;311,669;310,669;309,669;308,669;307,669;305,669;303,669;302,669;301,669;300,669;299,669;298,669;297,669;296,669;294,669;293,669;292,669;291,669;290,669;289,669;288,669;287,669;285,669;284,669;283,669;281,669;279,669;278,669;276,669;275,669;274,669;273,669;272,669;271,669;270,669;268,669;267,669;265,669;262,669;261,669;260,669;259,669;257,669;255,669;254,669;253,669;251,669;250,669;249,669;248,669;247,669;246,669;245,669;244,669;242,669;239,669;238,669;237,669;236,669;234,669;233,669;232,669;231,669;229,670;227,670;225,671;223,671;223,672;222,672;221,672;220,672;218,672;217,672;216,673;215,673;215,674;214,674;212,674;211,674;210,674;209,674;208,675;207,675;206,675;205,675;204,675;203,677;203,678;202,678;201,678;200,678;199,678;198,679;197,679;196,680;195,680;194,681;193,681;192,682;190,682;189,683;188,684;187,684;185,684;184,684;182,684;181,684;180,685;179,685;177,685;175,685;173,685;172,685;171,685;169,686;168,686;167,686;165,686;164,686;163,686;161,686;159,686;158,686;157,686;156,686;154,686;151,686;150,686;149,686;148,686;147,686;146,686;145,686;143,686;142,686;141,686;140,686;139,686;138,686;137,686;136,686;135,686;134,686;133,686;132,686;132,687;131,687;130,687;129,687;128,687;127,687;127,688;126,688;125,688;124,688;124,689;123,689;122,689;121,689;120,689;119,689;118,689;117,689;115,688;115,687;114,686;114,685;113,685;113,684;112,683;112,682;112,681;112,680;112,679;110,678;109,678;109,676;109,675;109,674;108,674;108,673;108,672;108,671;108,670;108,669;108,668;107,667;107,666;106,665;106,664;106,663;106,662;106,661;106,660;105,658;105,657;105,656;105,655;105,654;105,653;105,651;105,650;105,649;105,647;105,646;105,645;105,644;105,643;105,642;105,641;105,640;105,639;105,638;105,637;105,636;105,635;104,634;104,633;104,632;103,631;102,631;102,630;102,629;101,629;100,628;99,628;98,628;97,628;97,630;97,631;97,632;97,633;97,634;97,635;97,636;97,637;97,638;97,639;97,640;97,641;96,642;96,643;95,644;95,645;95,646;95,647;95,648;95,649;95,652;95,653;95,655;95,656;95,657;95,658;95,659;95,660;95,661;95,662;95,663;95,664;95,665;95,666;95,667;95,668;96,668;97,669;97,670;97,671;97,672;97,673;97,674;97,675;97,676;98,676;98,677;98,678;98,680;98,681;98,682;98,683;98,684;98,686;98,687;98,688;98,689;97,690;97,691;95,692;95,693;94,693;94,694;93,694;93,695;92,696;92,697;91,698;89,698;88,699;87,700;86,700;85,700;84,700;83,700;82,700;81,701;79,701;77,702;76,702;75,702;74,703;74,704;73,704;72,705;71,705;70,706;69,706;68,707;67,708;66,708;65,708;64,708;63,709;61,710;60,711;59,711;58,711;57,711;55,711;53,712;52,712;51,712;50,712;49,712;49,713;48,714;47,714;46,714;45,714;44,714;42,716;41,716;40,716;39,716;38,717;37,717;36,717;34,718;32,719;31,720;30,722;30,723;29,724;29,725;29,726;29,728;29,729;29,730;29,731;29,732;29,734;29,735;29,736;29,737;29,738;29,739;29,740;29,742;30,743;31,743;32,743;33,743;33,744;34,744;35,744;35,745;35,746;37,746;38,747;41,747;43,749;45,749;46,749;46,750;47,750;48,750;49,750;50,750;51,750;52,750;54,750;55,750;56,750;57,750;59,750;60,750;61,750;63,750;64,750;66,750;68,750;69,750;70,750;71,750;72,750;73,749;74,749;75,749;76,749;78,748;79,747;80,747;81,747;81,746;82,746;84,745;86,744;86,743;87,743;88,743;89,742;90,742;91,742;92,741;93,740;94,739;95,739;97,737;98,737;99,737;101,735;102,735;104,735;105,735;107,735;108,735;109,735;111,735;114,735;115,735;116,735;117,735;118,733;119,733;120,733;121,733;125,733;126,733;128,733;129,733;130,733;131,733;132,733;133,733;135,733;136,733;137,733;138,733;139,733;140,733;141,731;142,729;143,729;144,728;146,728;147,727;148,726;149,726;151,725;153,725;154,725;156,724;158,724;159,723;160,723;161,723;162,723;163,723;164,722;165,722;167,722;168,722;170,722;171,722;172,720;173,720;174,720;175,720;176,720;177,720;178,720;179,719;180,719;182,719;183,719;183,718;184,718;185,718;186,717;187,717;188,716;189,716;190,715;191,714;192,714;193,714;194,714;196,714;197,714;198,713;199,713;201,712;202,712;203,712;204,712;205,711;206,711;208,711;209,711;211,711;212,711;213,711;216,711;217,711;219,711;220,710;221,710;222,710;223,709;224,708;225,708;226,708;227,708;228,708;229,708;229,709;228,711;228,712;228,713;227,714;227,715;227,717;225,717;224,718;223,719;222,720;222,721;222,722;222,723;221,723;221,724;220,724;219,725;218,725;217,726;216,728;213,729;212,729;210,730;209,730;208,731;207,731;207,733;206,733;204,734;203,735;202,735;200,735;200,736;199,737;198,738;197,738;196,738;196,740;194,741;193,741;192,741;191,741;190,743;189,743;187,744;186,744;185,745;184,746;182,746;181,746;180,747;179,748;178,748;177,749;176,749;175,749;174,750;173,751;173,752;172,752;171,753;170,753;169,754;168,754;167,755;166,755;166,756;164,757;163,758;161,759;160,759;159,760;158,760;157,761;155,761;155,762;154,763;152,765;151,765;150,765;149,765;148,765;146,766;146,767;145,767;144,767;144,769;143,770;142,770;141,770;140,770;138,772;137,772;136,772;135,772;134,773;133,773;132,773;131,773;130,774;128,776;127,776;126,777;125,777;123,778;122,779;121,779;120,779;119,779;119,780;118,780;117,780;116,782;116,783;115,783;113,784;112,785;111,785;109,786;108,788;107,789;106,789;105,789;104,791;103,791;103,793;102,795;102,796;101,796;100,797;99,797;98,798;97,799;97,801;96,801;95,802;94,802;93,803;92,803;91,804;91,805;90,806;89,806;88,807;87,807;86,807;85,808;84,808;84,809;83,809;82,811;81,811;80,813;79,814;78,815;78,816;77,817;
Artery; POLYGON; 237, 28, 36; 234,680;235,680;235,679;236,678;236,677;237,677;238,676;238,675;239,675;242,675;243,675;244,673;245,673;246,673;248,673;249,673;250,672;251,672;252,671;252,670;254,670;255,670;255,669;256,669;257,669;259,668;260,668;260,667;261,667;262,667;263,667;264,667;265,667;266,667;267,666;268,666;269,666;271,666;272,666;273,665;275,665;276,665;277,665;278,665;279,665;282,665;284,665;285,665;286,665;287,665;288,665;289,665;291,665;292,665;294,665;295,665;296,665;297,665;298,665;300,666;301,666;302,666;303,666;304,666;305,666;306,666;307,666;309,667;310,667;311,667;312,667;314,667;315,668;316,668;317,668;318,668;319,668;321,668;322,668;323,668;324,668;326,668;327,668;329,668;330,668;331,668;332,668;333,668;334,668;336,669;339,671;342,671;344,671;345,671;346,672;347,672;348,673;350,674;351,674;352,674;353,674;354,675;
Artery; POLYGON; 237, 28, 36; 615,716;617,716;618,716;619,716;621,716;622,716;623,716;624,716;625,716;628,716;630,716;631,716;633,716;633,715;634,713;635,713;636,713;637,713;638,712;640,711;641,711;642,710;643,709;644,707;644,706;645,705;645,704;646,702;646,701;646,700;647,700;648,699;648,698;649,698;649,697;651,697;652,697;653,696;654,694;655,693;655,692;656,692;656,691;658,691;659,689;661,688;662,688;663,687;664,687;665,686;665,685;666,684;667,684;668,683;670,682;671,682;674,682;675,682;676,682;677,682;678,682;678,684;678,685;678,686;678,687;678,688;678,689;679,692;679,693;680,694;680,695;680,696;680,697;681,698;681,699;681,700;682,700;683,702;685,704;686,705;687,706;688,706;689,706;691,707;692,707;693,707;694,709;696,711;697,712;698,713;699,714;699,716;699,717;700,718;701,719;701,721;701,722;702,723;702,724;702,725;703,727;704,727;704,728;705,729;705,730;707,731;707,732;707,733;708,733;709,734;710,735;711,736;711,738;711,739;712,739;713,740;714,741;715,742;715,743;715,744;716,745;717,746;718,746;719,746;719,747;719,748;720,748;720,749;720,750;721,752;722,753;722,755;723,756;724,757;724,758;725,758;726,759;727,760;727,761;727,762;729,762;730,763;731,764;732,764;733,765;735,766;736,767;736,768;737,768;738,768;738,769;739,769;739,770;741,770;742,772;743,772;744,773;744,774;745,775;747,776;748,777;749,777;750,778;751,778;752,779;754,781;755,782;757,782;758,783;759,783;760,783;761,784;761,785;763,785;764,785;765,786;767,787;768,788;769,788;770,788;771,789;773,790;775,792;776,793;777,793;779,793;780,794;781,794;782,794;784,794;786,794;787,794;787,795;788,796;789,797;790,797;790,798;791,799;792,799;793,800;794,800;796,802;797,803;798,804;798,805;799,806;800,807;800,808;801,810;802,811;803,813;804,813;804,816;804,817;805,818;806,819;807,821;808,823;808,825;808,826;809,827;809,828;810,829;810,830;811,831;811,833;811,834;811,835;811,836;811,837;811,838;812,839;812,840;812,842;812,843;812,844;812,845;812,847;812,848;813,850;813,853;813,854;813,855;813,856;813,857;813,858;813,859;813,860;813,861;813,862;812,862;812,864;812,865;812,866;812,867;812,868;811,869;811,870;811,871;810,872;810,873;809,875;809,876;808,877;808,878;807,878;806,880;805,880;805,882;805,883;803,885;802,886;801,887;800,888;800,889;800,890;800,891;799,892;799,893;797,894;795,896;794,897;793,899;793,900;792,901;792,902;790,905;790,906;789,906;789,907;788,910;787,912;787,913;787,914;786,915;786,916;786,917;786,918;786,919;785,921;785,922;785,923;786,923;787,923;788,923;789,923;790,923;791,922;793,922;794,922;795,922;797,922;799,922;800,922;802,922;804,922;805,922;806,922;807,922;808,922;809,922;810,922;811,922;812,921;815,919;816,918;816,917;818,916;818,915;820,913;822,911;824,911;825,910;826,909;826,908;828,906;829,905;831,904;832,904;833,903;834,903;835,901;836,900;838,900;840,899;842,897;843,896;845,895;846,893;848,892;850,891;852,890;853,889;854,888;855,887;856,886;857,885;858,884;859,882;861,881;863,881;864,879;865,879;865,878;865,876;866,876;866,875;866,874;866,873;867,872;868,871;868,870;868,869;868,868;868,867;868,865;868,864;868,863;868,862;868,861;868,860;868,859;868,858;868,856;868,855;868,854;868,853;868,852;868,850;868,849;868,847;868,846;868,844;868,843;868,842;868,841;868,840;868,839;868,838;868,837;868,836;868,834;868,833;867,833;866,831;866,830;865,828;864,828;864,827;863,827;862,825;862,824;861,824;860,823;860,822;859,821;858,820;857,820;856,819;856,818;854,818;854,817;852,816;850,816;848,813;846,813;845,813;845,812;844,812;844,811;843,811;841,810;840,810;839,808;839,807;837,807;836,807;835,807;834,805;833,805;833,804;832,804;831,802;830,801;828,801;828,800;827,799;826,799;825,799;825,798;824,798;823,797;822,796;821,795;820,794;819,794;819,793;817,793;817,792;815,790;814,789;812,788;811,787;810,786;810,784;809,784;809,783;809,782;808,781;808,780;807,778;806,777;806,776;806,775;806,774;805,772;805,771;805,769;805,768;805,767;805,765;805,764;805,763;805,762;805,761;805,760;805,759;805,758;805,757;805,756;805,755;805,754;805,753;805,752;805,751;805,750;805,749;805,748;806,747;807,746;807,745;808,745;809,745;810,745;811,745;812,745;813,745;814,745;815,745;817,745;818,745;820,745;821,745;823,745;824,745;825,745;826,745;827,745;828,745;829,745;830,745;831,745;832,745;833,745;834,745;835,745;836,745;836,746;837,747;841,748;842,749;843,750;843,751;844,751;845,753;845,754;846,754;846,755;846,756;847,758;848,760;849,760;850,761;850,762;851,763;852,763;853,764;853,765;854,766;855,767;856,768;857,769;858,769;859,770;861,772;863,772;864,773;864,774;865,774;866,775;867,776;868,777;869,777;869,778;870,779;871,780;873,780;874,781;875,782;875,783;876,783;876,784;876,785;876,786;878,786;878,788;878,789;879,790;879,791;880,792;880,794;881,795;881,796;881,797;882,798;882,799;883,801;885,802;885,803;886,803;886,806;886,807;887,808;888,808;888,809;889,810;890,812;891,813;892,814;892,815;895,817;896,819;897,819;898,820;898,821;899,821;900,821;900,822;901,824;903,826;906,826;906,827;907,827;908,829;911,830;913,831;914,831;916,831;917,831;920,831;922,831;923,831;925,831;926,831;929,831;930,831;933,831;934,831;935,831;936,830;937,830;939,829;940,829;941,827;942,827;943,826;943,825;945,823;945,821;946,819;946,817;946,816;947,814;949,812;949,811;949,810;949,809;949,808;949,807;949,806;949,805;949,804;949,803;950,803;950,801;950,800;950,798;950,797;950,796;950,795;950,794;950,792;949,791;947,789;947,788;946,787;946,786;946,785;945,785;945,784;944,783;944,781;943,781;942,780;941,780;941,778;940,777;939,776;938,776;937,776;936,775;936,774;935,774;935,773;934,771;932,770;932,769;931,768;930,767;930,766;930,765;929,765;928,763;926,763;926,762;925,762;925,761;924,760;923,758;922,757;921,756;920,755;919,754;919,753;918,752;917,751;916,751;915,750;915,749;914,747;913,747;913,746;912,746;912,745;911,744;911,743;910,743;909,742;908,740;907,739;904,737;903,737;902,736;902,735;901,735;901,734;900,734;899,733;898,732;897,731;896,731;896,730;895,730;894,729;893,729;893,727;891,726;891,725;890,724;888,723;887,722;886,721;886,720;884,718;883,718;882,718;881,716;880,716;880,715;878,713;877,711;875,711;874,709;873,709;872,708;872,707;871,706;870,706;870,705;869,705;869,704;868,703;867,702;866,701;865,700;864,700;863,699;862,698;862,696;862,695;862,694;860,693;859,693;859,692;859,691;858,690;857,689;857,688;857,687;856,686;855,684;855,683;854,682;853,681;853,680;853,679;852,679;852,677;852,676;852,675;852,674;852,673;852,671;852,670;852,669;852,668;852,667;852,666;852,664;852,663;852,662;852,661;852,660;852,659;852,657;852,655;852,654;852,653;852,652;852,651;852,650;852,649;852,648;852,647;852,646;852,645;852,644;852,643;852,641;852,640;852,639;852,638;853,638;853,637;855,635;857,634;857,633;858,632;858,631;859,631;859,630;860,629;861,629;862,629;862,628;864,626;865,626;866,625;867,625;867,623;868,623;868,622;869,621;869,620;870,619;871,617;872,617;874,615;875,613;875,612;876,612;877,611;877,610;878,610;878,609;879,609;879,608;880,606;880,605;880,604;882,603;882,602;883,602;884,602;885,602;885,601;885,600;886,599;887,598;888,598;889,596;890,595;891,595;891,593;893,593;894,592;895,591;897,591;898,591;899,590;900,590;902,590;903,590;905,588;907,587;908,587;909,586;910,586;911,586;913,586;914,586;915,586;916,586;918,586;919,586;920,586;920,585;921,585;922,585;923,585;924,585;925,585;926,585;927,585;928,585;930,584;930,583;931,583;931,582;932,582;934,582;935,582;936,582;937,581;938,580;940,580;940,579;941,579;943,579;945,579;945,578;946,578;947,577;948,577;949,576;950,576;951,576;951,575;952,575;952,574;952,573;953,573;954,573;955,571;957,571;957,570;957,569;957,568;958,567;959,565;959,564;959,563;959,562;959,560;959,559;959,558;959,557;959,556;959,554;959,552;959,551;959,550;959,548;959,547;959,546;958,545;957,545;957,544;956,543;956,542;955,542;955,541;953,541;952,541;950,540;949,540;948,540;947,539;946,539;945,539;944,539;942,538;940,538;938,538;935,538;932,538;931,538;928,538;927,538;926,538;925,538;924,537;923,537;922,537;921,537;919,537;918,537;917,537;916,536;915,536;914,536;913,535;912,535;911,534;910,534;909,534;908,534;906,533;905,533;904,533;903,533;901,532;900,532;898,531;897,530;896,530;895,530;894,530;893,530;892,530;891,529;890,529;889,529;888,529;887,529;885,529;882,529;880,529;880,528;879,528;878,527;877,527;876,527;876,526;875,526;874,526;873,525;872,524;872,523;872,521;872,520;872,518;872,517;872,516;872,515;872,514;873,512;874,511;875,510;876,509;877,509;877,508;878,507;880,506;881,506;882,506;885,505;886,504;887,503;888,501;889,500;890,499;891,499;891,498;892,497;893,496;894,495;896,493;898,492;898,491;899,491;900,490;900,489;900,488;900,487;901,487;901,486;902,485;903,484;904,483;906,481;907,481;909,480;909,479;910,478;910,477;911,477;911,476;912,475;913,475;915,474;915,473;917,473;917,472;918,471;918,470;920,468;921,467;921,466;922,466;923,464;924,463;925,462;925,461;924,461;922,461;921,460;920,460;918,460;916,460;914,460;913,460;911,460;910,460;908,460;907,460;904,460;902,460;898,460;894,460;892,460;889,460;885,460;881,460;878,460;874,460;869,460;865,460;860,460;856,460;852,460;847,460;842,460;837,460;831,460;826,460;822,460;818,460;812,460;808,460;807,460;805,460;803,460;799,459;798,459;794,459;792,459;789,459;785,459;782,459;778,459;775,459;773,459;770,459;769,459;766,459;763,459;762,459;760,459;758,459;755,459;754,459;752,459;751,459;749,459;748,459;747,459;746,459;743,459;739,459;738,459;737,458;736,458;735,458;734,458;732,458;729,457;725,457;722,456;719,456;716,456;715,456;714,456;713,456;711,456;709,456;708,456;707,455;706,455;704,455;703,455;702,454;701,454;700,454;699,454;698,454;697,454;696,455;695,455;695,456;694,457;694,458;693,460;692,460;692,461;691,461;691,462;690,463;689,464;689,465;689,466;689,467;688,468;688,469;687,470;686,471;686,472;686,473;686,474;686,475;686,476;685,477;684,478;683,479;683,480;681,482;680,482;680,483;679,484;678,486;677,486;677,487;676,488;675,489;674,489;674,490;674,492;674,493;674,494;674,495;673,496;673,497;673,498;673,499;673,500;673,501;672,503;672,504;671,505;670,507;670,508;669,509;669,510;669,511;668,512;668,513;668,514;667,516;667,517;667,518;666,519;665,520;665,521;665,523;664,524;663,525;663,526;662,528;662,529;661,530;660,531;660,532;658,534;658,535;658,536;658,537;657,538;657,539;657,540;657,541;657,542;656,542;656,544;656,545;655,547;655,548;654,549;654,550;653,551;653,553;653,554;652,555;651,555;651,557;651,558;650,559;650,560;648,561;647,561;647,562;646,563;646,564;645,566;644,567;643,569;643,570;642,572;642,573;641,574;640,575;639,576;639,577;639,578;638,579;637,580;636,580;636,581;635,583;634,584;634,586;633,587;633,589;632,590;632,591;631,591;631,593;631,594;630,596;630,597;630,598;630,599;629,601;629,602;629,603;629,605;629,606;629,607;629,608;629,609;629,610;629,611;629,612;629,613;629,614;629,615;629,616;629,617;630,618;630,619;631,619;632,620;632,621;633,621;634,623;635,624;637,624;637,625;638,625;639,626;640,627;641,627;642,627;644,627;645,627;650,628;651,628;652,628;654,628;655,628;656,628;657,628;659,628;660,628;661,628;662,628;663,628;664,628;665,628;665,627;667,626;667,625;668,625;669,624;671,622;672,621;672,620;673,620;674,619;674,616;675,615;675,614;676,613;677,613;677,612;678,612;679,612;680,612;681,612;682,612;683,612;684,612;685,612;686,612;687,612;688,612;689,611;690,611;692,611;693,611;695,611;696,611;697,611;698,611;700,611;701,611;702,611;703,611;704,611;706,611;707,612;708,612;709,612;710,612;711,613;712,613;713,613;714,613;715,613;716,613;718,613;719,613;721,614;723,614;724,614;725,615;727,616;728,617;730,618;732,619;733,619;734,619;735,620;736,620;737,620;737,621;738,621;738,623;739,624;743,627;744,629;745,631;745,632;745,633;745,634;745,636;745,637;745,638;745,639;745,640;745,642;745,643;745,644;744,645;742,646;742,647;740,648;739,648;737,648;736,649;735,649;734,649;733,650;731,650;728,650;727,650;726,651;725,651;723,651;721,651;720,651;719,651;717,651;716,651;715,651;714,651;714,650;713,650;712,650;710,649;709,649;708,647;708,646;707,645;706,645;706,644;705,643;704,643;703,643;702,643;699,645;698,645;696,646;695,646;694,647;692,648;691,648;690,649;689,649;688,649;687,650;686,650;685,650;684,651;682,652;681,653;680,654;678,654;677,654;677,655;676,655;673,656;672,656;671,657;670,658;670,659;670,660;669,660;668,660;667,660;667,661;666,662;665,662;664,662;663,662;662,662;661,662;660,662;659,662;658,662;657,662;656,662;655,662;653,661;651,660;650,659;649,658;648,658;647,657;647,656;646,656;645,656;644,655;644,654;644,653;643,653;643,651;643,650;642,649;642,647;642,646;642,645;642,644;642,643;642,641;641,640;641,639;641,637;640,636;639,635;639,634;638,634;638,633;637,633;636,632;635,631;632,630;630,629;630,628;629,628;628,628;626,627;625,626;622,626;620,625;620,624;619,624;618,623;618,622;617,621;615,620;615,619;614,619;613,617;612,616;611,616;611,615;610,615;609,614;609,613;608,613;606,613;604,613;602,615;601,616;600,618;598,620;597,621;594,623;594,625;593,627;592,628;592,631;592,632;590,633;590,634;590,635;589,638;589,639;589,641;588,642;588,643;588,644;587,644;587,645;586,645;
Artery; POLYGON; 237, 28, 36; 633,652;634,652;635,652;636,652;637,652;639,652;640,652;641,652;641,651;641,650;642,649;642,648;643,647;644,647;644,646;644,645;644,644;644,643;645,642;646,641;647,640;648,639;649,637;650,637;652,636;653,636;653,635;654,634;655,634;656,633;657,633;658,632;659,632;659,631;661,630;661,629;662,629;662,628;662,627;662,624;662,623;662,622;662,621;662,618;662,617;662,616;661,614;659,613;658,611;655,610;655,609;654,609;653,609;652,609;651,609;651,608;650,608;649,607;648,607;647,606;645,606;644,605;643,604;640,604;639,604;639,603;638,602;637,602;636,602;636,601;635,601;634,601;633,601;632,601;631,601;630,601;629,601;628,601;627,601;626,601;624,601;622,601;620,602;618,602;617,603;615,603;614,604;612,606;612,607;611,608;610,609;608,610;608,611;606,611;605,612;604,613;603,614;601,615;600,615;598,617;597,617;594,620;594,621;592,622;592,623;591,624;590,626;589,627;588,628;588,629;
Artery; POLYGON; 237, 28, 36; 594,612;595,612;596,612;597,612;598,612;600,612;601,611;602,610;603,609;604,608;605,608;606,608;607,608;608,606;609,606;610,605;611,604;611,603;612,602;613,602;614,602;614,601;616,601;617,601;618,601;619,600;619,599;620,599;621,597;622,597;624,596;624,595;625,595;625,594;627,594;627,593;628,592;629,591;630,591;631,591;632,590;633,589;635,589;637,589;639,589;640,589;642,589;643,589;644,589;645,589;646,589;647,589;648,589;648,590;650,592;650,593;650,594;651,594;
Artery; POLYGON; 237, 28, 36; 669,658;669,657;669,656;670,655;670,654;671,653;672,653;673,653;674,652;674,651;675,650;676,650;677,649;678,649;679,649;679,648;680,647;681,647;682,647;683,647;684,647;685,646;685,645;686,644;688,643;689,643;689,642;690,640;690,639;691,638;692,638;693,637;695,637;695,636;696,636;697,636;698,636;699,635;700,635;701,635;702,635;703,635;705,635;706,636;708,636;708,637;709,637;710,638;711,638;711,640;712,641;712,642;714,643;716,644;716,647;717,647;717,648;718,649;718,650;718,652;719,653;719,654;720,655;720,656;722,659;722,660;722,661;723,662;724,663;724,664;725,665;726,665;726,666;727,667;728,667;729,671;731,672;733,675;735,678;
Specular reflection; POLYGON; 191, 91, 22; 664,657;664,658;663,659;662,659;661,660;660,660;659,660;658,660;657,660;656,660;655,660;654,660;653,660;652,660;651,660;650,660;649,660;648,660;646,660;645,660;644,660;643,658;642,657;642,656;642,655;642,654;642,653;642,652;642,651;642,650;642,649;642,648;642,647;642,645;642,644;642,643;642,642;642,641;643,640;643,639;643,638;644,638;645,638;646,638;647,638;648,638;649,638;649,637;650,637;652,636;653,636;654,636;655,635;656,635;656,634;658,632;659,631;660,631;660,630;661,629;662,629;663,629;663,628;665,626;666,626;667,625;668,625;669,625;670,625;671,624;672,623;673,622;673,621;673,620;674,619;675,619;675,618;675,617;675,616;676,616;676,615;676,614;677,613;678,613;678,612;679,612;680,611;681,611;682,611;683,611;685,610;686,610;688,610;690,610;691,610;693,610;694,610;695,610;696,610;698,610;699,610;700,610;701,610;702,610;703,610;704,610;705,610;706,610;709,610;710,610;711,610;712,610;713,610;714,611;715,611;716,611;717,611;718,611;719,611;720,611;721,611;722,611;723,611;724,612;726,612;727,612;728,612;728,613;729,613;730,614;731,615;732,615;733,616;733,617;734,617;734,618;735,618;735,619;737,620;738,621;738,622;739,622;740,623;741,624;742,625;743,625;743,627;743,628;743,629;743,631;744,632;744,633;744,634;744,635;744,636;744,637;744,638;743,638;742,638;741,639;741,640;741,641;740,642;740,643;739,644;738,644;738,645;737,645;736,647;735,648;734,648;733,648;731,648;730,648;729,648;728,648;727,648;726,649;725,650;724,650;723,650;722,650;721,650;719,650;718,650;717,650;716,650;715,650;714,649;713,647;712,646;712,645;711,645;710,644;709,644;708,644;708,643;707,642;707,641;706,640;705,640;705,639;705,638;704,638;704,637;703,637;703,635;702,635;701,635;700,635;699,635;698,635;696,636;695,637;694,638;693,639;692,640;692,641;691,642;691,643;690,643;690,644;689,644;689,645;688,647;688,648;687,648;686,649;684,650;683,650;682,651;681,651;680,652;679,652;678,653;677,653;675,654;673,654;672,654;672,655;670,655;669,655;668,655;668,656;667,656;666,656;664,656;664,657;663,657;662,657;661,657;660,657;659,658;659,659;
Specular reflection; POLYGON; 191, 91, 22; 459,849;458,849;456,848;455,848;454,848;453,847;452,846;450,846;449,846;448,846;447,845;446,845;445,845;444,845;442,845;441,845;440,845;439,845;438,845;436,845;435,845;433,845;432,845;430,845;427,845;425,845;424,845;421,845;420,845;419,845;418,845;417,845;416,846;415,846;414,846;413,846;412,846;411,846;410,846;410,844;410,843;410,842;410,841;410,840;410,839;410,838;411,837;411,836;412,835;413,835;414,834;414,833;414,832;414,831;414,830;415,829;415,828;416,828;416,826;418,826;419,826;420,825;421,825;423,825;426,824;427,824;428,823;430,823;432,823;433,823;434,822;435,822;436,821;437,820;438,820;439,819;440,818;441,818;442,818;443,818;444,817;445,817;446,816;447,816;448,816;449,816;450,816;451,816;453,816;454,816;455,816;456,816;457,816;458,816;459,816;460,815;460,814;462,814;463,814;463,813;464,812;465,811;466,811;467,810;467,809;467,808;469,808;470,808;472,807;474,806;475,806;477,806;478,806;480,806;481,806;483,806;484,806;485,806;486,806;487,806;488,806;489,806;490,806;491,806;491,807;491,809;491,810;490,811;490,812;488,814;487,816;486,818;486,819;486,821;486,822;485,822;485,823;484,824;483,824;482,824;481,825;481,827;481,828;481,829;480,830;480,831;479,831;479,832;479,833;479,834;479,835;478,835;478,836;477,837;476,838;475,840;474,841;473,843;473,844;473,845;470,846;469,847;468,848;467,848;466,849;465,851;464,852;463,852;462,852;462,853;461,853;460,853;459,853;459,852;459,851;459,850;459,849;
Specular reflection; POLYGON; 191, 91, 22; 679,826;680,826;681,826;683,825;684,824;685,824;686,824;689,824;691,824;694,824;696,824;699,824;700,824;701,824;702,824;703,824;704,824;705,824;707,824;708,824;709,824;710,824;711,824;712,824;712,825;713,826;714,828;715,828;715,829;716,829;719,830;720,830;721,830;722,831;723,832;724,832;725,833;726,833;727,833;728,833;729,833;730,834;731,834;732,834;733,834;735,834;736,834;736,835;738,835;742,836;743,836;744,836;745,836;746,836;747,836;748,836;749,836;750,836;751,836;752,836;754,836;755,836;756,836;757,836;758,836;759,836;760,836;761,836;762,836;763,836;764,836;765,835;766,835;768,834;769,833;770,832;771,831;772,830;773,829;774,829;774,828;774,826;774,825;774,823;774,822;774,821;774,820;773,819;772,819;771,817;770,817;769,816;768,816;768,814;767,813;766,813;766,812;765,812;765,811;764,811;764,810;762,808;761,808;759,806;759,805;758,804;757,803;756,802;756,801;755,801;755,800;753,799;753,798;752,797;751,797;750,795;749,795;748,794;747,794;746,794;745,794;744,794;743,794;743,795;742,795;741,796;740,797;740,798;739,799;739,801;739,802;738,802;737,802;737,803;736,804;736,805;736,806;736,807;735,808;734,808;733,809;732,809;731,809;730,809;729,809;727,809;726,809;725,809;724,809;722,809;720,809;719,808;717,808;715,808;714,808;713,808;712,807;712,806;711,806;710,806;709,806;708,806;706,805;705,805;703,805;702,805;701,805;699,805;698,805;697,805;696,805;695,805;694,805;692,805;690,805;689,805;687,807;686,807;685,807;685,808;684,808;683,808;680,809;679,809;678,810;677,811;676,812;676,813;676,814;676,815;676,816;676,817;676,818;676,819;676,820;676,821;676,822;677,823;678,823;679,823;679,824;681,824;681,825;682,825;683,826;684,826;686,827;688,827;689,827;691,827;694,827;
Specular reflection; POLYGON; 191, 91, 22; 818,760;817,760;817,761;817,762;817,763;817,764;817,765;817,768;818,769;818,770;819,770;819,772;819,773;819,774;820,775;821,775;821,776;822,778;822,779;823,779;823,780;824,781;825,781;826,782;827,782;828,783;828,784;829,785;830,786;831,787;832,789;832,790;834,791;835,792;837,793;838,794;839,796;840,797;841,798;843,799;844,800;845,800;846,801;846,802;846,803;847,803;848,803;849,804;850,804;851,804;851,805;852,806;854,806;855,806;856,807;857,807;860,808;861,809;862,809;863,809;863,810;864,810;864,811;865,811;865,813;866,815;867,815;867,816;868,817;868,818;869,819;870,820;872,821;872,822;872,823;873,825;873,826;874,826;874,828;874,829;875,831;876,832;876,833;876,834;876,835;876,837;876,838;876,839;876,842;877,843;877,844;877,846;877,847;877,848;877,849;877,851;877,852;877,853;877,855;877,857;877,858;877,859;877,860;877,861;877,862;876,864;876,865;876,866;876,868;876,869;876,870;876,871;875,873;875,874;875,875;875,876;875,877;875,878;875,879;875,880;874,881;874,882;874,883;874,884;874,886;873,887;873,888;872,888;872,889;872,890;872,891;872,892;872,894;872,895;872,897;872,898;872,899;872,900;872,901;872,902;872,903;872,904;873,903;874,903;875,902;876,902;877,901;878,901;879,901;881,900;882,899;884,896;884,895;884,893;884,892;886,891;886,890;886,888;887,887;888,887;888,885;888,884;889,883;889,882;889,881;889,880;890,878;891,878;891,877;893,876;894,876;895,875;897,875;898,875;900,875;902,875;903,875;904,875;906,875;907,875;908,875;909,874;910,874;910,873;912,871;913,870;914,869;914,868;914,866;914,865;914,863;914,861;914,860;914,859;914,858;914,857;914,856;914,854;914,853;913,851;911,850;911,848;911,847;910,846;909,845;908,845;907,844;906,843;905,842;904,840;904,839;902,837;902,835;901,835;900,834;900,833;900,832;900,831;900,830;899,829;899,828;898,828;898,826;898,825;898,824;897,824;897,823;897,822;897,821;896,820;895,820;895,819;894,818;893,817;892,817;891,816;890,815;889,814;887,814;882,812;881,811;880,811;879,810;878,809;877,809;876,808;875,807;874,807;874,806;874,805;873,804;871,803;870,803;869,802;868,801;868,799;868,798;867,798;867,797;866,796;866,795;865,795;864,793;863,792;863,791;863,790;862,789;861,787;861,786;860,785;859,785;859,784;858,784;858,783;858,782;857,780;856,779;856,778;855,778;854,776;853,776;853,774;852,773;851,772;850,771;849,770;848,770;848,769;848,768;847,767;846,767;846,766;845,765;844,763;843,762;843,761;842,760;842,759;841,759;841,758;841,757;840,756;840,755;839,755;837,753;836,753;835,753;834,753;833,751;832,751;832,750;831,750;831,749;830,749;829,749;828,749;827,749;825,749;824,749;823,750;822,750;821,752;820,752;820,753;819,753;819,754;818,755;818,756;818,758;818,759;818,761;818,762;818,763;818,765;820,767;
Specular reflection; POLYGON; 191, 91, 22; 842,791;843,792;844,794;845,795;846,795;846,796;846,797;847,798;847,799;848,799;849,800;850,801;851,801;852,802;852,803;853,804;853,805;854,805;854,806;855,806;855,807;856,808;857,809;858,809;859,809;860,810;861,811;862,812;864,814;865,815;866,817;866,818;867,819;868,819;868,820;870,822;871,823;871,824;871,825;873,825;875,827;876,828;877,829;877,830;877,831;878,831;879,832;880,832;880,833;881,833;882,834;883,834;884,834;885,834;886,834;887,834;888,834;889,834;889,833;889,832;890,832;891,830;891,829;891,828;
Specular reflection; POLYGON; 191, 91, 22; 959,597;958,597;957,597;956,597;955,597;954,597;953,597;952,597;951,597;951,598;949,598;948,599;947,599;946,599;945,600;945,601;945,602;945,603;945,604;943,606;942,607;942,608;942,609;942,610;942,611;942,612;942,613;942,615;942,617;942,618;942,619;942,620;943,621;944,621;945,621;946,621;947,621;948,621;949,621;950,621;951,621;952,621;953,621;955,621;956,621;957,621;958,621;959,621;961,621;962,621;963,621;965,621;966,621;967,620;968,620;969,619;970,619;971,618;971,617;973,617;974,617;975,616;976,615;977,615;979,614;979,613;980,613;981,613;982,611;983,611;984,610;985,610;986,609;988,608;989,606;989,604;989,603;989,602;989,601;989,600;989,599;989,597;989,596;989,595;988,595;988,594;987,593;987,592;986,592;985,592;984,592;984,591;983,591;982,591;981,591;980,591;979,591;978,591;977,591;976,591;975,591;973,591;972,591;971,591;970,591;969,591;967,591;966,591;965,591;964,591;963,591;962,591;961,591;958,593;957,593;956,594;955,594;954,595;953,596;952,596;951,596;950,596;949,596;947,597;945,599;944,600;944,601;944,602;944,603;
Specular reflection; POLYGON; 191, 91, 22; 952,605;951,605;950,605;949,605;948,605;947,605;946,605;944,605;943,606;943,607;942,608;941,609;940,610;940,611;939,611;939,612;938,613;938,614;937,615;937,617;937,618;937,619;937,620;937,621;937,622;937,623;938,623;939,623;940,623;941,623;942,623;943,623;944,623;945,623;947,623;948,623;949,623;950,623;951,622;952,622;953,621;954,620;954,619;955,619;955,618;956,618;957,617;958,616;959,615;
Artery; POLYGON; 237, 28, 36; 646,663;648,662;649,662;650,661;651,660;652,660;653,660;653,659;655,658;655,657;656,657;656,656;657,656;658,656;659,656;661,656;662,656;663,656;664,656;665,656;666,655;667,655;668,655;669,655;670,655;671,655;673,654;674,654;675,654;677,654;678,654;680,654;681,654;682,654;683,654;684,654;685,654;686,654;687,654;688,654;689,655;689,656;690,656;692,657;693,658;693,659;694,660;
Artery; POLYGON; 237, 28, 36; 725,649;726,649;728,648;729,648;729,647;730,647;732,646;733,645;734,644;735,643;736,642;736,641;736,640;737,640;737,639;738,637;738,636;739,633;741,631;742,631;744,630;745,629;745,628;745,627;746,627;747,627;748,627;749,627;751,627;752,627;753,627;755,627;756,627;759,628;762,630;763,631;764,634;765,637;765,641;768,644;769,648;769,649;769,650;772,652;772,655;773,655;774,656;
Artery; POLYGON; 237, 28, 36; 84,813;83,813;82,813;81,813;80,813;79,813;78,813;77,814;75,814;74,814;73,814;71,816;70,818;70,819;68,819;67,819;66,819;65,820;65,821;64,821;64,822;63,824;63,825;63,826;63,827;62,828;62,830;62,831;62,832;62,833;62,834;62,835;62,836;63,837;64,837;65,838;67,838;69,839;71,840;72,840;74,841;75,842;76,843;77,843;78,844;80,845;81,845;83,845;84,846;86,846;87,846;88,847;89,847;90,848;91,849;91,850;92,850;94,851;94,852;95,853;96,853;97,853;98,854;98,855;100,856;101,857;102,858;104,859;107,859;109,859;110,859;112,859;114,859;115,859;117,859;118,859;120,859;123,859;126,857;128,855;131,854;133,851;135,849;139,845;141,843;145,840;146,838;148,837;151,833;154,831;156,830;157,828;158,827;159,825;159,824;160,822;161,820;162,820;
Artery; POLYGON; 237, 28, 36; 56,747;55,747;54,748;53,748;52,749;52,750;51,750;49,750;48,750;47,751;46,751;45,752;44,753;43,753;42,753;41,753;40,753;38,753;38,754;37,754;36,754;35,754;34,755;33,755;32,755;31,755;30,755;29,756;27,756;26,756;25,757;24,757;22,757;21,757;19,757;17,757;16,757;14,758;13,758;11,758;9,758;8,758;7,758;5,758;4,758;3,758;2,758;1,758;1,757;1,755;1,754;1,753;1,752;1,751;1,750;1,749;1,748;0,747;0,746;0,745;0,743;0,742;0,741;0,740;0,739;0,738;0,737;0,736;0,735;0,734;1,733;2,731;2,730;3,730;5,730;5,729;7,729;8,729;9,729;10,728;11,727;12,727;13,727;15,725;16,725;17,725;18,725;20,725;21,725;22,725;24,725;26,724;27,724;28,724;29,723;31,723;32,722;34,721;35,721;36,720;37,719;38,719;38,718;40,718;41,717;42,716;43,715;44,714;45,714;46,713;46,712;47,712;48,712;50,711;52,711;54,711;56,710;58,708;59,708;60,708;61,707;63,707;64,707;65,707;66,707;68,706;70,705;72,705;74,704;76,703;77,702;78,702;79,701;80,701;81,703;82,704;
Artery; POLYGON; 237, 28, 36; 10,728;10,727;11,726;12,726;13,725;15,725;16,724;17,724;18,723;19,722;20,721;21,721;22,721;23,721;23,720;24,720;25,720;25,719;26,719;26,718;27,717;29,716;30,716;31,715;33,715;34,715;35,714;36,714;38,713;39,713;40,713;42,713;43,713;45,712;45,711;47,710;48,710;48,709;49,709;50,709;51,709;52,708;53,707;54,707;55,707;56,707;57,707;58,706;59,705;60,705;62,705;62,704;63,704;64,704;66,703;67,703;69,702;70,702;71,701;72,701;73,701;74,701;76,699;77,699;78,699;79,698;81,697;82,697;83,697;83,696;84,696;85,696;86,696;87,696;88,695;89,695;89,694;89,693;90,693;93,691;94,690;96,689;97,688;98,687;99,686;100,686;101,685;102,685;103,685;104,685;105,685;107,685;108,685;110,686;110,687;110,689;111,690;111,691;111,692;111,694;111,695;111,696;111,697;111,699;111,700;111,701;111,702;
Artery; POLYGON; 237, 28, 36; 698,461;698,459;698,458;698,457;698,456;698,455;698,454;698,452;698,450;698,449;698,448;698,447;698,446;698,444;699,443;700,443;700,442;701,442;701,441;702,439;702,438;703,437;704,437;704,436;705,436;705,435;706,434;706,433;707,433;707,432;708,431;709,431;710,430;711,428;711,427;713,425;713,424;714,424;714,422;715,420;716,419;717,418;717,417;718,416;719,415;721,412;722,412;722,411;722,410;723,410;723,409;724,408;724,406;725,405;725,404;726,404;726,403;726,402;727,401;728,401;729,399;730,398;731,398;732,396;732,395;732,394;733,394;733,393;734,391;735,389;736,388;737,387;738,386;738,384;739,383;739,381;739,380;740,380;740,379;741,378;742,377;742,376;742,375;744,374;745,373;746,372;747,371;748,371;748,369;750,368;751,367;752,366;752,365;753,364;754,363;754,362;757,360;758,359;758,358;759,358;760,357;760,356;761,356;761,355;762,354;763,354;764,354;765,354;767,352;769,350;770,350;770,349;771,349;772,349;773,348;774,348;775,347;777,346;778,345;780,344;781,343;782,343;783,342;784,342;785,341;786,341;787,340;788,338;789,337;790,337;790,336;792,336;793,335;795,333;796,332;797,332;798,331;800,331;800,330;803,329;804,327;805,326;805,325;806,325;807,325;808,325;809,324;810,324;811,324;811,323;813,322;815,322;816,322;817,322;817,321;819,320;821,319;823,319;825,317;826,317;827,317;829,316;830,316;831,315;832,315;832,314;833,313;834,312;835,311;836,310;837,310;839,306;841,305;842,304;843,304;843,303;845,303;845,302;846,301;846,300;847,299;848,299;848,298;850,297;851,297;852,297;853,295;854,295;856,293;857,292;858,292;859,291;860,290;862,290;863,289;863,288;863,287;864,287;866,286;867,285;868,284;869,284;870,284;872,282;873,281;874,281;875,281;876,279;877,279;879,278;879,277;881,277;882,277;882,276;883,276;885,276;886,275;886,274;887,274;889,274;889,273;890,273;890,272;892,272;893,272;895,271;896,271;898,271;899,271;902,269;904,269;905,269;906,268;907,268;908,268;910,268;911,268;912,268;913,268;915,268;918,268;920,268;921,268;923,268;925,268;926,268;927,268;930,268;931,268;932,268;934,268;936,268;937,268;938,268;939,268;941,268;942,268;943,268;945,268;946,268;948,268;949,268;951,269;953,270;954,270;956,270;958,270;960,271;962,272;965,273;968,273;969,274;971,276;974,276;976,277;977,277;978,277;979,278;980,279;981,279;982,279;983,280;985,281;986,282;987,284;988,284;989,285;991,285;992,285;993,286;994,287;995,288;996,289;997,290;998,291;998,292;999,292;999,293;999,295;999,296;999,298;999,299;999,300;999,302;999,304;998,304;998,305;997,306;997,307;996,308;995,308;995,309;995,310;994,311;994,313;993,313;992,315;991,315;991,316;990,316;989,317;988,318;987,319;987,320;986,321;985,321;985,322;984,322;983,322;982,322;982,324;981,324;980,325;979,325;978,325;977,326;976,326;975,326;974,327;973,328;972,328;971,328;970,330;969,330;968,331;966,333;965,333;964,333;964,334;963,334;963,335;962,336;962,337;961,338;960,338;959,338;958,339;957,339;956,339;955,340;954,340;953,340;952,341;951,342;950,342;949,343;948,344;947,344;946,344;944,344;943,344;942,345;942,346;940,346;939,347;939,348;937,349;935,350;933,350;932,350;931,352;930,352;929,352;928,352;928,354;927,355;926,355;926,356;926,357;926,358;926,359;926,361;926,362;926,363;926,364;927,364;928,364;930,364;931,364;932,364;934,364;935,364;936,364;937,364;938,364;940,364;941,364;942,364;943,364;945,364;946,364;947,364;948,364;950,364;951,364;953,364;954,364;955,364;956,364;957,364;957,363;958,363;959,363;961,363;962,363;964,363;966,363;967,363;968,363;969,363;970,361;971,361;972,361;974,360;975,360;977,359;979,358;980,356;981,356;983,355;984,354;985,354;986,353;987,353;987,352;988,351;988,350;990,350;991,350;992,350;993,350;994,350;995,350;996,350;997,350;999,350;1002,350;1004,351;1007,352;1009,352;1010,352;1011,352;1013,353;1014,354;1014,355;1014,356;1015,357;1015,358;1015,359;1015,361;1015,362;1016,363;1016,365;1016,366;1016,369;1016,370;1016,371;1016,374;1016,375;1016,377;1016,378;1016,379;1016,380;1016,382;1016,383;1016,384;1016,385;1016,386;1016,387;1016,388;1016,389;1016,390;1016,391;1016,393;1016,394;1016,395;1016,397;1016,399;1016,400;1016,401;1015,402;1015,403;1015,406;1015,407;1015,408;1015,409;1015,411;1013,412;1012,413;1012,414;1012,415;1012,417;1011,418;1010,418;1009,420;1009,421;1008,421;1007,423;1007,424;1006,425;1005,426;1004,426;1004,427;1003,428;1002,428;1001,428;999,429;998,429;998,430;997,431;996,431;995,432;994,432;992,432;991,432;990,434;989,434;987,435;986,435;985,435;983,435;982,435;981,435;981,436;980,436;979,436;978,437;976,437;975,438;974,438;973,440;972,440;971,441;970,442;969,443;967,444;966,445;966,446;966,447;965,448;964,449;963,449;963,450;962,452;962,453;961,454;960,454;959,454;958,454;957,455;956,456;955,456;954,456;954,457;953,457;953,458;952,459;951,459;951,460;950,460;949,460;948,461;947,461;946,462;944,463;943,464;942,465;941,465;940,466;939,466;938,467;936,469;936,470;934,470;933,471;931,473;930,474;929,476;928,477;927,478;926,478;926,479;925,479;924,480;923,480;922,481;921,482;921,483;920,483;919,483;917,484;916,484;914,485;913,487;912,487;911,487;909,488;908,488;907,489;906,490;903,491;902,492;901,492;899,492;899,493;898,493;897,493;896,493;895,493;894,493;893,493;892,493;891,493;889,493;888,494;887,494;886,494;885,494;884,494;883,494;882,494;881,494;880,494;878,494;876,494;875,494;874,494;873,494;872,494;871,494;870,494;868,494;865,494;862,494;861,494;859,494;857,494;856,494;855,494;852,494;851,494;849,494;848,493;847,493;846,493;
Specular reflection; POLYGON; 191, 91, 22; 934,350;932,350;931,350;930,350;929,350;928,351;928,353;928,354;928,355;929,356;929,357;929,359;929,360;929,361;930,362;930,363;931,363;931,364;931,365;932,365;933,365;934,366;935,366;936,366;937,366;938,366;939,366;940,366;941,366;943,366;944,366;945,366;946,366;947,366;949,366;951,366;952,366;953,366;955,366;956,366;957,366;958,366;959,366;960,366;961,366;962,366;963,366;964,366;965,366;966,366;967,366;968,366;969,366;970,366;971,365;971,364;972,364;973,364;973,363;974,363;975,362;976,361;977,360;978,360;979,359;980,358;981,357;982,357;983,356;984,356;985,355;986,355;986,354;987,354;989,353;990,352;990,351;991,351;991,350;992,349;992,348;992,347;992,346;992,345;992,344;992,343;992,342;992,341;992,340;992,339;992,338;992,336;991,335;988,333;987,333;986,333;986,332;985,332;984,330;983,329;982,329;981,329;980,329;979,329;978,329;977,329;976,329;975,329;974,330;973,330;972,330;971,331;970,331;970,332;969,332;968,334;967,334;967,335;966,336;965,337;964,337;963,338;962,338;961,339;960,341;959,342;958,342;957,342;956,342;956,343;955,343;953,343;952,343;951,344;950,344;949,344;948,344;947,345;946,345;945,346;944,347;943,348;942,348;941,348;940,348;939,348;938,349;937,349;936,349;934,349;934,350;933,350;932,350;932,351;930,352;929,352;929,353;928,353;927,353;926,353;
Specular reflection; POLYGON; 191, 91, 22; 809,326;809,325;808,325;807,324;806,323;805,323;803,321;803,320;802,320;801,318;801,316;801,315;801,314;801,313;801,312;801,311;801,310;801,309;801,308;803,306;804,304;805,304;806,303;807,302;807,301;808,301;809,301;809,300;810,300;810,299;810,298;811,298;812,297;813,297;815,296;816,296;817,296;818,296;819,295;819,294;820,294;821,293;822,293;824,292;826,292;828,292;829,292;830,292;831,293;832,294;833,295;833,296;833,297;833,298;833,299;833,300;833,301;833,302;833,303;833,304;832,305;832,306;831,307;830,308;829,309;828,310;827,311;826,312;824,313;822,314;821,315;820,316;820,317;820,318;819,318;818,318;817,318;817,319;816,320;814,321;813,322;812,322;812,323;811,324;811,325;810,325;
Specular reflection; POLYGON; 191, 91, 22; 828,304;828,305;828,306;828,307;828,308;828,310;828,311;828,312;828,313;828,314;826,315;825,316;825,317;825,318;824,319;824,320;823,320;822,320;820,320;820,321;819,321;817,321;814,322;813,322;813,323;812,323;810,324;809,324;808,324;
Specular reflection; POLYGON; 191, 91, 22; 661,474;660,475;660,477;659,479;659,480;658,480;658,481;658,482;658,483;657,484;657,485;656,485;655,486;654,487;653,489;653,490;653,491;652,491;652,492;651,492;651,493;650,493;650,495;649,496;648,497;647,497;647,498;647,499;647,500;647,501;647,502;647,503;647,504;647,505;647,506;647,507;648,506;649,506;650,506;652,506;652,505;653,505;655,505;655,504;657,503;658,503;658,502;659,501;659,500;660,500;660,499;661,499;661,498;662,498;663,496;664,495;665,494;667,492;668,492;668,491;669,490;669,489;670,489;670,488;672,486;673,486;673,485;673,483;674,481;674,480;674,479;674,478;674,477;674,476;674,475;674,474;674,473;674,472;673,472;672,471;671,471;670,471;669,471;668,471;667,471;666,471;665,471;664,472;663,474;663,475;663,477;663,478;663,479;662,480;662,482;
Specular reflection; POLYGON; 191, 91, 22; 662,479;661,479;660,479;658,479;656,479;655,479;654,479;653,479;652,479;651,480;650,481;650,482;650,483;650,484;649,485;649,486;648,487;648,488;648,489;648,490;648,491;647,492;646,492;646,493;646,494;646,495;647,497;647,498;647,499;648,501;649,502;650,503;651,504;652,505;653,506;654,506;654,507;654,508;655,508;656,508;657,508;658,508;
Artery; POLYGON; 237, 28, 36; 608,334;609,334;610,334;611,334;612,334;613,334;616,334;620,334;623,334;626,334;628,334;631,334;633,333;635,333;636,333;638,333;640,333;642,333;644,333;646,333;647,333;648,333;649,333;650,333;651,333;653,332;654,332;655,331;655,330;656,330;657,330;658,330;659,330;660,330;662,330;665,330;667,329;668,328;669,328;670,328;671,328;672,328;673,327;674,327;676,327;678,327;679,327;680,327;681,327;682,327;682,326;683,326;686,326;688,326;692,326;694,326;695,326;696,326;697,326;697,325;698,325;700,325;701,325;702,325;703,325;704,325;705,325;706,325;707,325;708,324;709,324;710,324;712,323;713,323;714,323;716,323;717,323;718,323;722,323;724,322;725,321;726,321;727,321;728,321;729,321;732,321;736,321;737,321;741,321;743,321;744,320;746,320;746,319;747,319;748,319;749,319;752,319;754,319;756,319;757,318;758,318;759,318;760,318;762,317;763,317;764,317;766,317;767,317;768,317;769,316;770,316;771,316;771,315;772,315;773,315;774,315;774,313;775,313;776,312;777,312;778,312;779,311;780,311;781,310;782,310;783,309;784,309;785,307;786,307;787,306;788,306;790,305;791,305;792,305;793,304;794,304;795,303;795,302;796,302;797,301;798,300;799,300;800,299;801,298;802,298;804,297;805,296;806,295;806,294;807,294;807,293;808,293;809,292;810,291;811,291;813,289;814,289;815,288;815,287;816,287;817,287;818,287;819,287;820,287;821,287;821,286;822,286;824,286;825,285;826,285;827,285;827,284;828,284;829,284;830,284;831,284;832,284;833,283;834,283;835,282;835,281;836,281;837,281;838,280;839,280;840,279;841,279;842,279;843,279;845,279;847,278;849,278;850,277;851,276;852,275;853,274;854,274;855,273;856,272;857,272;859,271;860,270;862,269;863,267;864,267;865,267;866,267;866,266;867,266;867,265;868,265;870,263;872,262;874,260;875,260;876,260;878,258;879,258;882,257;882,256;884,254;885,253;886,252;887,251;888,251;889,251;891,251;892,250;893,250;894,249;895,248;896,247;898,246;899,244;900,244;901,243;902,242;903,242;905,242;906,242;908,240;909,240;911,239;913,238;914,237;916,237;918,236;919,236;920,235;921,235;921,234;922,234;924,234;925,234;926,233;927,233;928,231;929,231;930,231;931,231;931,230;932,230;933,230;933,229;934,229;934,228;935,228;936,228;936,227;937,226;939,225;940,225;941,224;942,224;943,223;943,222;944,222;945,222;946,220;947,220;948,220;950,219;951,217;952,217;953,215;954,213;956,211;957,210;959,209;959,208;960,208;961,206;963,205;963,204;965,203;966,201;967,200;968,199;969,198;971,196;972,195;972,194;973,194;974,194;975,192;976,191;976,190;976,189;976,188;976,187;976,186;976,185;976,184;976,183;976,182;976,181;976,180;976,179;976,177;976,176;976,175;976,173;974,171;974,170;974,169;974,168;973,168;973,167;972,165;971,165;971,164;971,162;970,162;970,161;969,160;969,159;968,159;968,158;967,158;967,157;966,157;965,156;964,155;963,155;962,154;962,153;962,152;961,152;960,151;959,151;958,150;957,149;954,149;952,149;951,148;950,148;949,148;948,147;946,146;945,145;944,144;944,143;943,143;943,142;942,142;941,141;940,140;939,139;938,139;937,137;936,136;934,136;933,136;932,136;930,136;929,136;928,136;927,136;926,136;925,136;924,136;922,136;920,136;917,136;915,136;914,136;911,138;908,139;906,139;905,139;904,139;902,140;901,140;900,140;899,140;899,141;898,141;897,141;895,142;894,142;893,142;892,142;891,142;889,144;887,144;886,144;885,144;884,144;882,145;881,145;880,145;879,145;878,146;876,146;874,147;873,147;871,147;871,148;869,148;868,148;868,149;868,150;867,150;866,151;866,152;865,152;866,152;867,152;868,152;869,153;870,155;871,156;872,156;873,157;874,158;875,159;875,160;875,161;876,162;876,163;876,164;877,164;877,166;878,167;878,168;878,169;878,170;878,171;878,173;878,174;878,176;878,177;878,179;878,180;878,181;878,182;877,182;877,183;876,185;875,185;875,186;874,187;872,188;871,188;871,189;871,190;870,191;870,192;868,193;867,193;865,193;863,193;861,194;860,195;859,195;858,195;856,196;855,196;854,196;851,197;848,198;846,199;844,199;842,199;841,200;837,200;834,201;831,201;829,201;825,202;822,203;820,203;820,204;819,204;818,204;817,204;816,204;814,205;813,205;812,205;811,205;810,205;809,205;808,205;808,206;807,206;806,206;805,207;804,207;803,207;802,207;801,208;800,208;798,208;796,210;795,210;793,210;792,210;790,210;789,210;787,211;786,211;785,212;783,212;782,212;780,214;778,214;777,214;775,215;773,215;772,216;770,216;769,217;768,217;767,217;765,217;764,217;761,218;760,219;759,219;758,219;757,219;757,220;756,220;754,220;753,220;751,220;750,222;749,222;748,222;747,222;744,222;743,222;741,223;740,223;739,223;738,224;736,224;735,224;733,224;732,224;731,224;730,225;729,225;728,225;727,225;726,225;725,225;724,225;723,225;721,225;720,225;718,226;717,226;716,227;716,228;715,228;714,228;713,228;712,228;711,228;710,229;709,229;707,229;706,229;705,229;704,230;703,230;702,230;700,230;699,230;697,231;696,231;694,231;693,232;692,232;690,233;688,234;687,234;684,234;683,234;681,234;680,234;678,235;676,236;675,236;673,236;671,237;670,237;669,237;667,238;666,238;665,238;663,238;662,238;660,239;658,239;657,240;657,241;656,241;655,241;653,241;652,241;651,241;650,241;648,242;647,242;646,242;645,242;644,243;643,243;641,243;640,243;639,244;638,244;637,245;636,245;635,245;634,245;633,245;632,247;631,247;630,247;629,247;628,247;627,248;626,248;624,248;623,248;622,249;621,249;620,249;618,250;617,250;617,251;616,252;614,253;613,253;613,254;612,254;
Artery; POLYGON; 237, 28, 36; 886,175;885,174;885,173;884,173;883,172;882,172;880,172;879,171;878,169;877,169;877,168;875,168;874,167;873,167;872,167;871,167;870,167;869,167;868,167;867,166;866,166;865,165;864,165;862,165;861,165;860,164;858,164;857,164;856,164;855,163;854,163;854,162;853,162;852,161;850,161;849,160;849,159;847,158;847,157;845,156;844,156;843,156;843,155;842,155;842,153;841,152;839,152;839,151;838,150;838,149;838,147;839,146;840,144;841,143;842,142;842,141;843,140;844,140;845,140;846,139;847,138;848,138;850,137;851,135;852,135;853,134;854,133;855,133;855,132;856,132;857,132;858,132;859,132;860,130;861,129;862,128;863,128;863,127;864,127;865,125;866,125;866,123;866,122;867,121;867,120;868,118;869,117;869,116;869,115;871,115;872,115;872,114;873,114;874,114;875,113;877,113;878,113;879,113;880,112;881,112;882,112;883,112;884,112;885,112;887,112;889,112;891,112;893,112;894,112;895,112;897,112;898,112;899,112;901,113;903,115;907,115;908,117;909,117;911,118;912,118;913,118;915,119;916,119;917,119;918,120;922,121;924,122;927,123;929,125;931,125;934,126;938,127;939,128;940,128;941,129;941,130;941,131;942,132;943,134;943,136;945,138;945,140;945,141;945,143;946,143;946,145;947,146;947,148;947,151;947,155;947,156;947,157;947,158;947,159;947,161;947,162;947,163;947,164;947,165;947,167;947,168;
Specular reflection; POLYGON; 191, 91, 22; 845,135;844,135;843,135;842,135;841,135;840,135;838,135;837,135;835,135;834,135;833,135;832,135;830,135;829,135;827,135;827,133;827,132;826,132;826,131;825,131;824,131;822,130;821,130;821,129;820,127;820,126;819,125;819,123;819,122;819,121;819,120;819,119;819,118;820,118;821,117;821,116;822,116;823,116;824,116;825,116;826,116;826,115;827,114;828,113;829,113;830,113;831,113;832,113;834,113;835,113;836,113;837,113;837,112;838,112;839,112;840,112;841,112;842,112;843,112;845,112;846,112;847,112;848,112;849,113;850,113;851,114;852,114;853,114;854,114;855,114;856,115;858,115;859,116;860,117;861,117;861,118;861,119;862,121;862,122;862,124;862,125;862,126;861,128;860,128;859,128;859,129;857,130;856,130;855,130;854,131;853,131;852,132;851,132;851,133;849,135;849,136;847,138;
Specular reflection; POLYGON; 191, 91, 22; 737,159;736,159;735,159;733,160;733,161;732,161;731,161;731,162;730,162;729,162;728,162;727,162;725,162;724,162;723,162;722,162;721,162;720,162;719,162;718,162;717,162;715,162;714,162;713,162;712,164;711,165;709,165;708,166;708,167;706,167;705,168;704,170;703,171;703,172;703,173;703,174;704,174;705,174;706,174;708,176;710,176;711,176;712,176;714,176;716,177;717,177;718,177;719,177;720,177;721,177;722,177;723,178;724,178;726,179;727,179;728,180;729,181;729,182;730,182;731,182;732,182;733,182;734,182;736,182;738,182;739,182;740,182;741,182;742,181;743,181;744,180;745,179;746,178;748,178;749,178;750,177;751,175;751,174;752,174;752,173;754,172;755,172;756,172;757,171;758,171;759,171;760,171;761,171;762,171;763,171;764,171;765,171;766,171;767,169;768,168;769,167;770,166;771,165;772,165;773,163;773,162;774,162;775,161;776,161;777,160;777,159;777,158;776,157;775,157;774,157;773,157;772,157;770,157;768,157;766,157;765,158;764,158;763,158;762,158;761,158;760,158;757,159;756,159;755,159;754,159;754,160;753,160;752,160;751,160;750,160;749,160;747,160;746,160;744,160;743,160;742,160;741,160;739,160;738,160;736,160;734,159;733,159;732,157;731,157;
Specular reflection; POLYGON; 191, 91, 22; 762,163;763,165;763,167;763,168;763,169;763,170;763,171;763,172;763,174;763,175;763,176;763,177;762,177;761,178;759,178;758,178;757,178;756,178;754,180;753,181;752,181;750,181;748,181;747,181;746,181;744,181;742,181;741,181;740,181;739,181;738,181;737,181;736,180;734,180;732,179;729,179;728,177;726,177;
Specular reflection; POLYGON; 191, 91, 22; 145,115;147,116;148,117;152,118;154,119;156,120;157,120;159,122;161,123;161,124;162,125;162,126;164,127;165,128;165,129;166,131;166,132;166,134;167,135;168,135;169,135;170,135;171,135;172,135;174,135;175,135;176,135;177,135;179,133;180,133;181,132;182,131;183,131;184,130;185,130;186,130;187,130;188,130;188,129;189,128;189,127;190,127;191,126;192,125;193,125;195,124;196,124;197,124;199,124;200,124;201,124;202,124;202,125;203,125;204,126;204,127;204,128;205,128;206,128;207,128;210,128;212,128;213,128;215,128;216,128;217,128;218,128;219,128;221,128;222,128;223,128;224,127;225,127;226,125;228,124;230,123;232,122;233,122;234,122;235,122;236,121;236,120;237,120;237,119;237,118;237,117;237,116;237,114;238,114;238,113;238,111;238,110;238,109;238,107;238,106;238,104;238,103;239,101;239,100;240,100;240,98;240,97;240,96;240,95;240,94;241,93;241,91;241,90;241,89;241,88;241,87;239,84;239,83;237,83;236,83;236,82;235,81;234,80;233,79;232,79;231,78;230,78;229,77;228,77;227,76;226,75;224,75;222,75;219,73;218,73;216,73;215,72;214,72;213,72;212,72;211,72;210,71;207,71;206,71;203,71;200,70;199,70;195,70;194,70;193,70;192,70;191,70;190,70;189,70;188,71;187,71;186,73;184,74;183,74;182,74;181,74;180,74;179,74;178,74;177,74;175,74;174,74;171,74;171,75;170,75;169,75;168,75;167,75;166,75;165,75;164,75;163,75;162,75;161,75;160,75;159,75;158,75;157,75;155,76;155,77;154,79;153,79;152,80;152,81;151,81;150,81;149,82;148,82;147,82;146,82;145,82;144,82;143,82;142,82;141,82;141,83;140,84;138,86;137,86;137,87;136,87;136,88;135,88;135,89;135,90;135,91;134,91;134,92;134,93;134,94;134,96;134,97;134,98;134,99;134,100;134,102;134,103;134,104;134,105;134,106;135,107;136,108;136,109;138,110;138,111;139,112;140,113;141,113;142,113;142,114;143,115;144,115;146,116;147,116;148,117;149,117;151,117;154,118;156,118;157,118;159,118;161,118;162,118;163,118;164,118;
Specular reflection; POLYGON; 191, 91, 22; 56,154;57,154;58,153;61,152;64,150;66,150;68,150;71,150;73,150;75,150;78,150;79,149;79,148;79,146;81,144;82,143;83,142;84,141;84,139;84,138;84,137;84,136;84,135;86,132;86,131;87,130;87,129;87,128;87,127;87,126;87,125;87,124;87,123;87,122;87,121;87,120;87,119;87,118;87,117;86,115;86,114;86,113;85,113;84,113;82,113;81,113;80,113;77,113;74,113;71,113;69,113;68,113;66,113;64,113;62,113;61,113;59,113;58,115;57,116;56,117;56,118;55,118;54,120;52,122;51,123;50,124;49,125;48,127;47,129;47,130;46,132;46,133;46,134;45,135;44,137;44,138;43,139;43,140;42,141;41,141;40,144;39,145;39,147;39,148;39,149;39,150;39,151;39,152;39,153;39,154;40,154;42,155;44,155;45,156;46,156;47,156;48,156;50,156;51,156;51,157;52,157;54,157;55,157;56,157;58,157;59,156;61,156;62,155;63,155;64,155;65,155;67,155;68,155;69,155;70,155;71,155;
Specular reflection; POLYGON; 191, 91, 22; 120,757;119,757;118,757;117,757;116,757;115,758;114,758;113,758;112,758;112,759;111,759;109,759;108,761;107,761;106,762;105,763;105,764;104,765;103,765;103,766;102,766;101,767;100,769;99,770;98,770;97,771;95,772;95,773;94,774;93,774;93,775;93,776;93,777;93,778;94,778;95,778;96,778;97,778;98,778;99,778;100,778;101,778;102,778;103,778;104,778;105,778;106,778;107,778;108,778;109,778;110,778;111,778;112,778;113,778;114,778;115,778;116,778;117,778;118,778;119,778;121,778;123,778;124,778;126,778;127,778;128,778;129,778;130,778;131,778;132,777;133,776;134,775;135,774;135,773;136,773;137,772;137,771;137,770;137,769;137,767;138,766;138,765;138,763;138,762;138,761;138,760;137,760;137,759;136,759;136,758;136,757;135,756;134,756;133,756;132,756;131,756;130,756;129,756;128,756;127,756;126,756;124,756;122,756;121,756;120,756;119,756;118,756;117,756;116,756;115,756;114,756;113,756;
Specular reflection; POLYGON; 191, 91, 22; 681,852;680,852;679,852;677,852;676,853;675,853;675,854;673,854;672,855;672,856;670,857;669,857;667,857;665,857;662,857;660,857;658,857;657,857;656,857;653,857;652,857;651,857;650,857;648,855;647,855;646,855;644,855;643,855;643,856;641,857;641,858;640,858;639,859;638,860;637,861;637,862;637,863;637,864;637,865;637,867;637,868;637,869;637,870;637,871;637,873;637,874;637,876;638,876;639,877;641,878;642,878;643,878;644,878;646,879;646,880;647,880;649,880;650,881;651,881;653,881;654,881;655,881;656,881;658,882;659,882;661,882;662,882;663,882;664,882;665,882;666,882;667,882;668,882;669,882;670,882;671,882;672,882;674,882;675,882;676,882;677,882;678,882;679,882;680,882;681,882;682,881;683,880;685,880;686,880;688,879;689,879;690,879;691,879;692,879;693,879;695,879;695,878;696,877;697,877;698,877;699,877;700,876;701,876;701,875;701,874;702,873;703,872;704,871;704,870;705,870;705,868;705,867;705,866;705,865;706,864;706,863;706,862;706,861;706,860;706,859;706,858;706,857;706,856;706,855;706,854;706,853;706,852;706,851;706,850;705,850;704,850;703,849;702,849;701,849;699,849;698,849;697,849;696,849;695,849;694,849;693,849;692,849;691,849;690,849;689,849;688,849;687,850;686,850;685,851;684,851;683,852;682,852;681,852;680,852;678,852;676,852;675,853;674,853;673,854;673,855;672,856;672,857;
Vein; POLYGON; 63, 72, 204; 564,181;565,181;568,181;570,181;573,181;575,181;577,181;579,181;581,181;583,181;584,181;586,181;586,180;588,180;589,180;592,180;595,180;597,180;598,180;600,180;601,180;602,180;603,180;604,180;605,180;607,180;608,179;609,179;610,179;611,179;612,179;614,179;615,179;616,179;617,179;619,179;619,178;621,178;623,178;623,176;625,175;626,175;627,175;629,175;631,174;632,174;633,174;635,173;635,172;637,172;638,172;640,172;641,171;643,169;644,169;645,169;646,169;646,168;647,168;648,167;649,166;650,166;651,166;653,165;655,165;656,165;656,164;656,163;657,163;657,162;659,162;660,161;660,160;661,160;662,159;662,158;664,157;665,157;666,157;667,156;668,156;668,155;669,154;669,153;670,151;671,151;671,150;672,149;674,147;675,147;675,145;677,144;677,143;677,142;679,142;680,139;682,138;682,137;683,136;684,135;685,135;685,134;685,133;686,133;686,132;687,131;687,129;687,128;688,126;688,124;688,123;688,121;688,120;688,119;688,118;688,117;688,116;688,115;688,114;688,113;688,112;688,110;688,108;688,107;688,105;688,103;688,102;688,101;688,100;688,99;688,97;688,96;688,95;688,94;688,93;689,92;690,90;690,89;691,88;691,87;691,86;693,84;693,82;693,80;693,79;693,78;694,76;695,74;695,73;695,71;696,71;696,70;697,69;698,68;698,67;698,66;699,66;699,65;699,63;699,62;699,61;699,60;700,60;700,59;701,59;702,57;702,56;702,55;702,54;702,52;702,51;702,50;703,48;704,48;704,47;704,45;704,44;704,43;704,42;705,40;706,37;706,35;707,32;707,31;707,30;708,29;708,28;708,27;709,26;710,25;710,24;710,23;710,22;710,20;711,19;711,18;712,14;713,14;713,13;713,12;713,11;713,10;713,8;713,7;713,6;713,5;712,5;711,5;711,4;710,4;708,4;704,4;700,4;698,4;694,4;691,4;688,3;688,2;686,2;685,2;684,2;682,2;681,2;680,2;679,2;678,2;675,2;674,2;672,2;671,2;670,2;669,2;668,1;667,1;666,1;664,1;663,1;662,1;661,1;659,1;659,0;658,0;656,0;654,0;652,0;651,0;649,0;648,0;646,0;645,0;644,0;643,0;642,0;641,0;640,0;639,0;636,-1;635,-1;633,-1;632,-1;630,-1;629,-1;627,-1;626,-1;624,-1;623,-1;622,-1;620,0;619,1;618,3;617,3;616,5;615,5;614,6;613,6;613,8;613,9;613,10;613,11;613,12;613,14;613,16;612,17;612,18;612,19;611,20;611,22;611,24;611,25;611,26;611,28;611,29;611,30;611,31;611,33;611,34;610,36;609,39;608,40;608,41;607,42;607,43;606,45;606,46;606,47;606,48;605,49;605,50;604,50;604,51;603,52;602,53;602,54;601,55;600,56;600,58;600,59;598,60;597,61;596,61;596,62;596,64;596,65;595,66;595,67;593,69;592,70;592,71;592,73;591,75;591,76;590,77;589,78;588,80;588,81;588,84;588,85;588,86;588,87;588,88;588,89;588,90;588,91;588,92;588,93;587,94;587,95;587,96;587,97;586,98;586,100;585,101;585,102;584,103;584,104;584,105;584,107;583,108;583,109;583,110;583,111;583,113;582,113;582,114;582,115;582,116;581,118;581,119;581,120;580,122;580,124;579,125;579,126;579,127;578,129;577,129;577,130;576,131;575,132;574,132;574,133;574,134;573,135;572,137;572,138;571,138;571,140;571,141;570,143;569,143;569,144;569,145;569,146;569,147;568,148;568,149;567,149;566,150;565,150;563,150;561,150;560,150;559,151;558,152;557,153;556,153;555,153;555,154;554,154;552,154;551,155;549,155;548,156;547,157;546,159;546,160;545,161;544,162;542,163;541,165;540,166;539,167;538,168;537,168;537,169;535,171;534,171;534,172;532,172;531,173;530,174;529,175;528,177;527,178;527,179;527,180;527,181;527,183;528,184;529,184;531,185;533,185;534,185;535,185;537,185;538,185;539,186;540,186;541,186;542,186;544,187;545,187;547,187;548,187;549,187;550,187;552,188;552,189;553,189;555,189;556,189;557,189;558,189;559,189;560,189;562,189;563,189;564,189;565,189;565,188;566,188;567,188;568,188;568,187;569,187;570,187;571,186;572,186;572,185;573,185;575,183;575,182;576,182;577,182;578,182;578,181;580,181;581,181;582,180;583,180;584,180;586,179;587,179;588,179;588,178;589,178;590,177;592,177;594,178;596,178;598,178;600,178;
Vein; POLYGON; 63, 72, 204; 273,611;274,611;275,611;278,611;281,611;283,611;284,611;285,611;286,611;288,611;290,610;292,610;295,609;298,608;301,608;304,606;307,605;310,604;311,604;313,603;315,602;317,602;318,600;319,600;320,599;322,597;323,597;323,596;325,596;326,594;328,594;328,593;329,593;330,592;331,592;331,591;332,591;333,590;335,588;337,587;338,587;339,587;340,587;340,586;341,586;342,585;343,585;344,584;345,584;346,583;348,583;348,582;349,582;351,581;351,580;353,580;355,580;356,580;358,579;359,579;361,579;364,579;366,579;367,578;370,577;371,577;372,575;373,575;374,575;377,575;378,575;380,575;381,574;382,574;383,573;384,573;385,572;386,572;387,572;388,572;390,572;391,571;392,570;393,569;394,569;394,568;396,567;397,567;398,567;401,566;402,566;402,565;403,564;404,563;406,563;407,562;409,561;410,561;412,561;413,560;414,560;415,558;416,558;417,557;418,556;419,556;421,554;423,554;424,554;426,554;427,552;428,552;429,551;430,551;431,549;432,549;433,549;434,549;435,548;436,548;437,546;438,546;440,545;442,544;446,544;447,544;448,543;450,543;452,542;454,542;455,542;456,542;459,540;460,539;461,539;462,539;464,539;467,538;470,538;472,538;473,538;474,538;475,538;476,537;479,537;482,537;484,537;485,537;486,537;487,537;487,536;488,536;489,536;490,535;490,534;492,534;493,534;495,532;497,531;498,531;499,531;500,530;501,530;503,529;504,529;506,529;508,529;509,529;511,527;514,527;516,526;518,526;519,526;520,525;522,524;523,524;525,524;527,524;528,524;528,523;530,523;532,523;533,521;534,521;535,521;537,520;538,520;540,520;543,518;544,518;546,518;548,517;549,517;550,517;551,516;553,516;553,515;555,515;556,514;558,514;561,514;563,514;565,514;566,514;567,514;568,514;570,514;573,513;574,513;575,512;578,511;579,511;580,511;582,511;585,511;586,511;589,510;591,510;593,509;595,508;597,508;598,508;599,507;600,507;602,507;603,507;604,507;607,506;608,506;609,506;610,506;611,506;614,506;615,506;616,506;617,506;618,506;619,506;620,506;621,506;622,506;623,506;624,506;625,506;626,506;627,506;628,506;628,505;630,505;631,505;633,505;635,504;636,504;637,504;639,503;639,502;640,502;641,502;642,502;643,502;643,501;643,500;643,499;643,498;643,497;643,496;643,495;643,494;643,493;643,492;643,491;643,490;643,489;643,488;643,487;643,486;643,485;643,484;644,483;645,482;647,482;648,481;648,480;649,480;650,478;651,477;652,477;653,477;654,476;655,476;657,475;658,475;658,474;659,474;660,474;661,472;662,471;663,471;664,471;665,471;666,471;667,471;668,471;669,471;670,471;671,471;672,471;673,471;674,471;675,472;676,472;676,473;676,474;676,475;676,476;676,477;675,478;674,478;674,479;673,479;673,480;671,481;670,482;669,483;668,484;666,486;665,486;665,487;664,487;663,490;663,491;663,492;663,493;663,494;663,496;663,497;663,498;663,499;664,499;665,499;666,499;667,499;668,499;669,499;670,499;671,499;672,499;673,498;673,497;673,495;673,494;675,492;676,491;676,489;676,488;676,487;677,486;677,485;678,485;678,484;679,483;679,482;679,481;679,480;679,479;680,477;680,476;681,474;682,474;682,473;683,473;684,472;684,470;685,469;686,468;687,467;687,466;688,465;688,464;688,463;689,463;689,462;690,462;691,461;693,460;693,459;693,458;693,457;694,456;694,455;694,454;694,453;695,452;695,450;695,449;696,447;696,446;697,445;697,444;698,443;698,441;699,440;699,439;700,439;700,438;701,437;702,436;703,435;704,434;704,433;704,432;705,431;706,430;707,429;707,428;707,427;707,426;708,426;709,424;710,424;710,423;711,423;711,422;711,421;712,420;713,419;713,418;714,417;715,417;715,416;715,414;716,414;716,413;717,412;718,411;719,411;719,410;720,409;721,407;722,407;722,406;723,406;723,405;724,405;725,405;726,404;726,403;727,402;728,400;728,399;728,398;728,396;728,395;728,394;727,394;726,394;725,394;724,394;723,394;721,395;720,395;719,395;718,395;717,395;716,396;715,396;713,396;711,396;710,397;709,397;708,398;707,398;705,398;704,398;703,398;702,398;701,398;700,398;699,398;698,398;696,399;695,400;694,400;693,400;691,401;690,401;689,401;687,402;687,403;685,403;684,403;682,404;681,404;679,405;677,406;675,406;674,406;673,406;672,406;671,406;670,407;667,407;666,407;664,408;662,408;659,409;657,409;655,409;653,409;652,409;651,409;650,409;649,409;648,409;647,409;646,409;644,409;643,409;642,409;640,409;639,409;637,409;635,409;633,409;632,409;631,409;630,409;629,409;627,409;625,409;623,409;622,409;621,409;620,409;619,409;618,409;617,409;616,409;614,409;613,409;612,409;610,409;609,409;607,409;606,409;605,409;604,409;601,409;599,409;597,409;596,409;594,410;593,410;592,410;590,410;587,410;585,410;582,410;580,410;579,410;578,410;577,410;575,410;574,410;573,410;571,410;570,410;568,410;566,410;563,410;561,410;560,410;558,410;557,410;556,410;555,410;553,410;551,410;550,410;549,410;546,411;545,411;543,411;541,411;540,411;539,412;538,412;536,412;535,412;534,412;532,413;531,413;529,413;528,414;526,414;525,415;523,415;521,415;521,416;520,416;518,416;516,417;515,417;514,417;513,417;512,417;511,417;510,418;509,418;508,419;505,420;503,420;500,421;498,422;497,422;496,422;495,422;493,423;492,423;490,424;489,424;487,424;486,425;484,425;483,426;480,427;480,428;479,428;478,428;477,429;477,430;476,430;475,430;473,431;472,431;471,432;470,432;468,433;467,433;466,433;465,434;465,435;463,435;462,436;461,436;460,436;459,437;456,437;455,438;454,438;453,438;452,440;451,440;450,441;449,441;449,442;447,443;446,443;445,444;445,445;444,446;443,446;443,447;442,447;441,448;440,448;439,449;438,450;437,450;436,450;436,451;436,452;434,452;433,452;432,452;430,452;428,453;427,453;426,453;423,454;422,454;422,455;420,455;419,455;417,455;415,456;414,456;413,456;412,456;410,456;410,458;407,458;404,458;403,458;401,458;399,458;397,458;394,458;391,458;388,458;386,458;383,458;380,458;379,458;375,458;373,458;372,458;371,458;370,459;369,459;368,459;367,459;366,459;364,459;363,459;360,459;359,459;358,460;357,460;356,460;355,460;353,460;352,460;351,460;350,461;349,461;347,461;346,461;344,462;343,462;341,462;339,463;338,464;337,464;335,465;334,465;332,465;329,465;328,466;326,466;325,467;324,467;323,467;322,467;320,467;319,468;317,468;316,468;315,468;313,470;312,470;310,471;308,471;307,471;306,471;304,471;302,471;301,472;300,472;299,472;298,472;296,473;295,473;293,473;291,474;290,474;289,474;288,474;287,475;285,475;284,475;282,476;280,477;279,477;277,478;276,478;274,478;272,478;271,479;270,479;268,480;267,480;266,480;265,480;263,480;262,480;262,481;259,482;258,482;257,483;
Vein; POLYGON; 63, 72, 204; 280,597;280,598;280,599;280,600;280,601;280,602;280,603;279,604;279,605;278,606;278,607;277,607;276,607;275,607;274,608;272,609;271,609;270,609;269,611;268,611;267,611;266,611;265,611;264,611;262,610;261,610;261,609;259,609;258,608;255,608;253,608;252,607;249,606;248,606;247,606;246,606;246,605;246,604;245,604;245,603;243,603;242,602;240,601;237,601;235,601;234,601;232,601;230,601;228,601;225,601;223,601;222,601;220,601;219,601;217,601;214,601;213,601;211,601;210,601;209,601;207,601;206,601;205,601;203,601;202,601;200,601;198,601;196,601;194,601;191,601;189,601;188,601;187,602;186,602;184,603;183,603;181,603;179,603;177,606;175,606;174,606;173,606;172,607;171,607;169,608;168,609;167,609;165,609;164,611;163,612;162,612;161,612;160,613;157,613;156,613;155,614;154,615;153,615;151,615;151,617;150,617;148,617;145,617;144,617;143,618;141,618;139,618;138,618;137,618;136,618;133,618;132,618;131,619;129,620;128,620;127,620;126,621;125,621;124,621;122,621;121,621;120,621;118,621;117,621;116,621;115,622;115,623;114,624;113,624;111,624;110,625;108,625;107,625;105,625;104,625;103,626;102,626;101,626;100,626;99,626;98,627;97,627;95,628;94,629;93,629;92,630;91,630;89,630;88,630;86,631;84,631;83,631;81,632;78,632;77,632;76,633;75,634;74,634;72,635;70,635;69,636;68,636;65,637;64,637;62,639;60,639;59,639;57,639;55,639;54,639;53,639;52,640;51,641;50,641;49,641;48,641;46,642;44,642;43,643;42,643;42,644;41,644;39,644;37,645;35,645;33,647;32,647;31,647;31,648;30,648;29,648;27,650;26,650;25,652;24,652;23,652;21,654;20,654;18,655;17,655;16,655;16,656;15,656;14,657;13,657;12,657;11,656;10,656;9,656;9,655;8,653;6,651;6,650;5,650;4,649;4,647;3,647;3,645;3,644;3,643;3,642;3,641;3,640;3,639;3,638;3,636;3,635;3,634;3,633;3,630;3,629;3,628;3,626;3,624;3,623;3,622;3,621;3,619;3,618;3,616;3,615;3,613;3,612;3,611;3,609;3,607;3,606;3,605;3,601;3,599;3,597;3,594;3,593;3,592;3,591;3,590;3,588;3,587;3,586;3,585;3,584;3,582;3,581;3,580;3,579;3,578;3,577;3,576;3,575;3,574;5,573;5,572;6,570;7,569;7,568;7,567;7,566;8,565;9,563;9,562;10,561;11,561;12,560;12,559;13,559;13,558;15,556;16,555;17,554;18,554;18,553;19,553;20,552;20,551;20,550;21,550;22,549;23,549;23,548;24,548;25,547;27,546;27,544;27,543;29,542;29,541;30,541;31,541;32,540;33,539;34,538;35,537;36,537;37,536;38,536;39,535;40,535;41,535;42,535;43,535;46,534;47,534;48,534;49,534;50,532;51,532;52,532;53,532;54,531;55,531;57,531;59,530;60,529;61,529;62,529;63,529;64,529;65,529;66,528;67,528;69,527;70,527;71,527;72,527;73,526;74,525;75,525;77,525;78,525;79,525;81,523;83,523;84,523;85,523;86,522;88,521;90,521;91,521;93,521;94,521;95,521;96,519;98,519;99,519;101,518;102,518;104,517;105,517;106,517;107,517;108,517;109,517;111,517;112,516;113,516;116,516;117,516;118,516;119,516;120,516;121,516;122,516;123,516;124,516;125,516;126,516;127,516;128,516;130,516;131,515;132,515;133,515;134,515;136,515;137,515;137,514;139,514;141,514;143,513;145,513;147,512;148,512;149,512;150,512;151,512;152,512;153,512;153,511;154,511;155,511;156,511;157,511;159,511;160,510;161,510;162,510;164,509;165,508;167,508;168,508;170,507;172,507;173,507;175,506;176,506;177,506;178,506;179,506;180,504;183,504;184,504;186,504;187,504;188,504;188,503;189,503;190,503;191,503;192,503;194,502;196,502;197,501;198,501;199,500;200,500;202,500;206,500;207,499;208,499;209,499;210,499;211,498;213,498;215,498;217,497;218,497;218,496;218,495;219,495;220,495;221,495;223,494;224,494;225,493;226,493;227,493;228,493;230,492;231,492;232,492;233,491;234,490;235,490;236,490;237,489;239,489;241,488;242,488;242,487;243,487;244,486;245,486;246,486;247,486;248,486;248,485;249,485;251,485;252,485;253,485;254,484;254,483;255,483;256,483;257,483;258,482;259,482;261,482;262,482;264,482;265,482;267,482;268,482;269,482;270,482;271,482;273,482;274,482;276,482;277,482;279,482;280,482;282,482;284,482;
Vein; POLYGON; 63, 72, 204; 140,617;141,617;143,617;144,617;146,617;147,617;150,617;151,617;152,617;153,617;154,617;155,617;157,617;158,617;160,617;161,617;163,617;164,617;165,617;166,617;167,617;168,617;169,616;170,616;171,616;172,616;173,616;175,616;177,616;178,616;180,616;181,616;183,616;185,616;187,616;189,616;191,616;193,616;195,616;196,616;197,616;198,615;199,615;200,615;201,615;203,615;205,615;207,615;208,615;210,613;212,613;213,613;217,613;219,613;222,613;225,613;229,613;232,612;236,612;240,611;242,611;243,610;245,610;246,610;247,609;248,609;249,607;251,606;252,605;253,604;258,603;261,599;262,599;264,598;265,596;267,595;268,594;268,592;268,590;270,587;270,584;271,580;273,577;275,575;278,570;278,569;280,566;281,564;284,562;284,561;
Vein; POLYGON; 63, 72, 204; 482,832;482,831;484,831;485,831;486,830;489,830;492,830;494,830;496,828;498,827;500,827;501,826;502,826;504,825;505,825;506,824;507,824;509,824;510,824;512,822;513,822;514,822;516,821;517,820;518,820;519,819;520,819;521,818;522,818;523,817;523,816;524,816;525,815;525,814;527,812;528,811;528,810;529,809;530,808;532,806;533,805;534,804;534,803;536,803;537,803;539,803;540,803;540,802;542,802;544,801;545,801;546,801;547,801;549,801;550,801;551,801;552,801;555,800;556,800;557,800;558,800;559,800;560,800;561,800;562,800;563,800;565,800;566,800;567,800;568,800;569,800;570,800;571,800;572,800;573,800;574,800;575,800;576,800;577,800;578,800;579,800;580,800;582,800;584,800;585,800;586,800;587,800;589,800;590,801;591,801;594,801;595,801;599,801;601,801;603,801;604,801;606,801;607,801;608,802;611,802;612,802;613,802;614,802;615,802;616,802;616,803;618,804;622,805;623,805;624,805;625,805;626,805;627,805;628,805;630,805;631,805;632,805;635,806;636,806;638,806;640,806;642,806;644,806;646,806;647,806;649,807;651,807;655,807;657,807;659,807;662,807;663,807;664,807;666,807;667,807;668,807;669,807;670,807;671,807;672,807;673,807;674,807;675,807;676,807;677,807;678,807;679,807;680,807;682,807;684,807;685,807;686,807;687,807;689,807;690,807;691,807;692,807;693,807;694,807;695,807;696,806;698,806;699,806;700,805;701,805;702,805;703,805;704,805;706,805;707,805;708,805;709,805;710,805;711,805;712,805;713,805;714,805;715,805;716,805;717,805;718,805;719,805;720,805;722,805;723,805;724,805;725,805;726,805;727,805;728,805;729,805;730,805;731,805;732,805;733,805;734,805;734,804;735,803;736,803;736,802;736,801;736,800;736,798;736,797;736,796;736,795;736,794;736,793;736,792;736,791;735,789;734,788;733,788;733,787;732,786;731,785;730,784;728,784;726,784;724,783;724,782;722,782;721,780;720,779;719,779;717,778;716,778;714,777;712,777;710,777;708,776;707,776;705,776;703,775;701,775;700,775;699,775;698,774;698,773;697,773;696,773;694,773;693,773;692,773;691,772;689,772;688,772;687,771;686,771;685,770;683,770;682,770;682,769;681,769;681,768;680,767;679,767;678,767;677,766;676,766;675,766;674,765;672,764;671,764;671,763;671,762;670,762;669,762;669,761;667,761;666,761;664,761;661,761;660,761;659,760;658,760;657,760;657,759;656,759;655,759;654,758;653,758;651,757;651,756;649,756;648,756;647,756;645,756;645,755;644,755;643,755;642,755;640,755;638,755;637,755;636,756;635,757;634,757;633,758;632,758;632,759;630,760;630,761;628,763;627,764;626,765;625,765;624,765;623,765;622,766;621,766;620,767;619,767;618,769;617,769;615,769;613,769;611,769;610,769;607,769;605,769;603,769;600,769;597,769;596,769;595,769;594,769;593,769;592,769;591,769;589,769;587,769;585,769;583,769;582,769;581,769;579,769;577,769;575,769;573,769;572,769;571,769;570,769;569,769;568,769;567,769;565,769;564,769;563,769;562,768;561,768;560,768;559,768;558,768;557,768;555,768;553,767;552,767;550,767;547,766;545,766;542,765;541,765;540,765;539,765;538,765;537,765;535,765;533,764;529,763;528,763;527,762;526,762;525,762;524,761;522,761;520,760;519,760;517,760;516,759;513,759;512,758;511,758;510,757;509,756;508,756;507,756;505,755;504,755;502,754;501,754;500,753;499,753;498,753;497,752;496,752;496,751;496,750;495,750;494,750;492,749;491,748;490,748;489,748;488,748;487,748;486,748;485,748;484,748;482,748;481,748;480,748;479,748;478,748;477,748;476,748;475,748;474,748;473,748;471,748;470,748;469,748;468,748;467,748;466,748;465,748;464,748;462,748;461,748;460,748;459,748;458,748;457,748;456,748;455,748;454,748;453,748;452,748;451,748;450,748;448,748;447,748;446,748;445,748;444,748;442,748;441,749;441,750;441,751;441,752;442,752;443,753;443,754;443,755;444,756;445,756;445,757;446,757;446,758;447,758;449,758;451,758;452,758;453,758;454,758;455,758;456,758;457,758;458,758;461,758;463,758;465,758;466,758;467,758;468,758;469,758;472,758;473,758;475,758;476,758;477,758;478,758;479,758;480,758;481,758;481,759;482,759;485,759;485,760;486,760;487,760;487,761;488,761;490,761;491,761;491,762;492,762;493,763;495,764;497,764;498,765;500,765;501,765;503,767;504,768;505,768;506,769;507,770;507,771;507,772;507,774;507,775;507,776;507,777;507,778;506,779;506,780;506,781;506,782;506,783;505,783;505,784;505,785;505,786;504,787;503,788;503,789;503,790;502,791;501,791;501,793;500,794;500,795;499,795;499,796;499,797;498,798;497,799;496,800;495,800;493,801;493,802;492,803;492,804;491,805;490,806;489,807;488,808;487,809;487,810;487,811;487,812;487,813;487,814;487,816;487,817;486,818;486,819;486,820;486,822;486,823;486,825;485,826;485,827;484,827;483,827;483,828;
Vein; POLYGON; 63, 72, 204; 527,771;528,770;529,770;531,770;532,769;533,769;534,769;535,769;536,769;539,769;540,769;541,769;542,769;543,769;544,768;545,768;547,768;548,768;550,768;551,768;552,768;553,768;554,768;555,768;556,768;558,767;559,767;560,767;562,767;563,767;565,766;566,766;567,766;568,766;569,766;570,766;573,766;575,766;576,766;579,766;581,766;582,766;584,766;585,766;586,766;588,766;591,766;594,766;595,766;599,766;603,766;605,766;606,766;607,766;608,766;610,766;611,766;613,766;615,766;617,766;618,766;621,766;623,766;624,767;625,767;626,767;627,768;628,768;629,769;630,769;632,770;634,772;635,773;636,773;
Vein; POLYGON; 63, 72, 204; 527,766;528,766;529,766;531,765;532,765;533,765;534,765;535,765;536,765;537,765;538,765;539,765;543,764;544,764;547,764;549,764;550,764;552,764;553,764;554,764;555,764;556,764;558,764;560,764;561,764;563,764;565,764;566,765;567,765;568,766;568,767;569,768;570,769;570,770;570,771;571,771;572,772;573,773;
Specular reflection; POLYGON; 191, 91, 22; 664,712;663,712;662,712;661,712;660,712;659,712;657,712;657,713;656,714;656,715;655,716;655,717;655,718;655,720;655,721;655,722;655,723;655,724;655,725;655,726;655,727;655,728;655,729;655,730;656,730;658,730;659,730;660,730;661,730;662,730;664,730;665,730;666,730;667,730;668,730;668,731;669,731;670,730;671,730;671,728;671,727;671,726;671,725;671,724;671,723;671,722;671,721;671,720;671,719;671,718;671,717;671,716;671,715;671,714;670,713;669,713;667,713;666,713;665,713;664,713;663,713;662,713;660,713;659,713;659,715;
Stroma; POLYGON; 128, 128, 128; 490,747;490,748;491,748;492,749;493,751;494,751;495,752;496,752;496,753;498,754;499,755;500,755;502,756;503,756;504,756;505,756;506,756;508,756;508,757;510,757;511,757;511,758;512,758;513,759;514,759;515,759;515,760;517,760;518,760;519,760;520,760;521,760;522,760;523,760;524,760;525,760;526,760;527,760;528,760;529,760;530,760;531,760;532,760;533,760;534,760;535,760;536,761;537,761;538,763;538,764;539,764;540,764;542,764;543,765;544,765;545,765;545,766;546,766;547,766;548,766;549,766;550,766;552,766;554,766;556,766;557,766;558,766;559,766;560,766;561,766;562,766;563,766;564,766;566,766;567,766;568,766;569,766;570,766;571,766;572,766;573,766;574,766;575,766;577,766;578,766;579,766;580,766;582,766;584,766;585,766;586,766;587,766;588,766;589,766;590,766;591,766;593,766;594,766;595,766;596,766;597,766;598,766;599,766;600,766;601,766;603,766;604,766;606,766;607,766;608,766;610,766;611,766;612,766;613,766;615,766;616,766;618,766;619,766;620,766;621,766;622,766;623,766;624,766;626,766;627,766;628,766;629,766;630,766;631,766;632,765;632,764;633,763;634,762;636,761;637,760;638,759;639,759;640,757;641,757;642,757;643,757;644,756;645,756;646,756;647,756;648,756;649,756;650,756;651,756;652,756;653,756;654,756;655,756;656,756;657,756;658,756;659,756;660,756;661,756;662,756;663,756;664,756;665,757;666,757;666,758;667,759;668,759;668,760;669,762;670,762;671,763;671,764;672,765;674,765;675,766;676,766;677,767;678,768;679,768;680,768;681,769;683,770;683,771;684,771;685,771;686,771;687,771;688,771;689,771;690,771;691,771;693,771;694,771;695,771;696,771;697,771;698,771;700,771;701,772;702,772;703,772;704,772;705,772;707,773;708,773;709,773;711,774;712,774;714,774;715,774;716,775;717,776;718,777;719,777;720,777;721,777;721,778;722,778;724,779;724,780;725,780;725,781;726,782;726,783;727,783;728,784;730,785;731,785;732,786;733,786;734,788;735,789;736,789;736,790;736,791;736,792;737,792;737,793;737,794;737,795;737,796;737,797;737,798;737,799;737,800;737,801;737,802;738,803;739,802;740,801;741,801;742,800;742,799;743,799;743,798;743,796;743,794;743,793;744,793;745,793;746,793;747,793;747,794;748,795;748,796;749,796;749,797;750,797;751,798;752,798;753,799;754,800;755,801;755,802;755,803;756,804;756,805;756,806;757,806;757,807;757,808;758,809;759,810;760,810;762,812;763,812;764,813;765,813;766,814;767,815;768,816;769,817;769,818;769,819;770,820;770,821;771,822;772,823;774,824;776,824;777,824;778,824;779,824;780,823;781,823;781,822;782,822;783,821;783,820;785,819;786,819;787,817;788,817;789,816;789,815;789,814;790,813;790,811;791,810;791,808;791,807;791,806;791,805;791,804;791,803;791,801;791,800;791,799;790,798;789,797;788,796;787,796;784,794;783,794;782,794;781,794;780,794;780,793;779,793;778,793;777,793;776,792;775,792;773,792;771,792;770,792;769,791;768,791;768,790;767,790;766,789;764,789;763,788;762,788;761,788;759,787;758,787;756,786;754,786;753,786;753,784;751,784;750,783;750,782;748,782;747,782;747,781;746,781;745,780;744,780;743,778;742,777;741,777;740,777;739,776;738,776;737,775;736,775;735,775;735,774;734,774;734,772;733,771;732,771;731,771;731,770;730,769;729,769;727,768;727,767;726,766;726,765;726,764;726,763;725,763;724,762;724,761;724,760;723,758;722,758;722,757;721,755;720,755;720,754;719,754;719,753;718,752;718,751;718,749;717,749;716,748;715,748;714,747;714,746;714,745;713,745;712,744;712,743;712,742;711,741;710,741;709,739;708,738;708,737;708,736;707,736;707,735;706,735;706,734;705,733;704,732;703,732;703,731;703,730;702,730;702,729;702,728;701,727;701,726;701,724;700,723;700,722;700,721;700,720;699,719;699,717;699,716;698,715;698,714;697,713;697,712;696,711;694,711;693,710;692,710;692,709;691,709;691,708;690,707;689,706;688,706;687,706;686,706;685,706;685,705;684,705;684,703;683,703;682,702;682,701;681,700;680,700;678,699;678,698;677,697;677,695;677,694;676,694;676,693;675,693;675,692;674,691;674,689;674,688;674,687;674,686;674,684;674,683;674,682;674,681;674,680;673,680;672,680;671,680;669,680;668,680;667,680;666,680;665,680;664,680;663,681;662,682;662,683;661,684;660,684;660,685;659,685;658,686;657,686;657,687;657,688;656,689;655,689;655,690;654,691;653,692;652,692;651,693;651,694;650,695;648,697;647,697;646,698;645,698;645,699;645,700;645,701;644,702;644,703;643,704;642,705;642,707;642,708;642,709;642,710;642,711;643,713;644,713;645,713;645,714;647,714;648,714;649,714;650,714;651,714;652,714;654,714;656,714;657,714;659,714;660,713;660,712;661,712;662,712;663,712;664,712;665,712;666,712;667,712;668,712;669,712;671,712;672,712;673,712;674,712;675,713;676,713;676,714;676,715;676,716;676,718;676,719;676,720;675,721;674,721;673,722;672,723;671,723;670,723;669,725;669,726;668,727;668,728;668,729;668,730;668,731;667,732;666,733;664,733;663,733;663,734;662,734;661,734;660,734;658,734;657,733;656,732;656,730;655,729;655,728;655,727;655,726;655,724;655,723;655,722;655,721;655,720;655,719;654,719;653,719;652,719;651,719;650,719;649,719;648,719;647,719;646,719;645,719;644,719;643,720;641,720;641,721;640,722;640,723;639,723;638,724;637,724;635,725;635,726;634,726;633,726;632,726;631,726;630,726;630,727;629,727;628,727;627,727;626,727;624,727;623,727;622,727;621,729;620,729;619,729;618,729;617,730;616,731;615,731;614,731;612,731;611,732;610,732;609,732;607,733;605,733;604,734;602,735;601,736;600,736;599,736;598,736;597,736;596,736;595,736;594,737;593,737;592,737;591,737;589,737;588,737;587,737;586,737;585,737;584,737;583,737;582,737;581,737;579,737;578,737;577,737;576,737;575,737;574,738;573,738;572,738;571,738;570,738;569,739;568,739;567,739;565,739;565,740;564,740;563,740;562,740;561,740;560,740;559,740;558,740;557,740;556,740;555,741;554,741;553,741;552,741;550,741;549,742;547,742;546,743;545,743;544,743;542,744;541,744;540,744;539,744;538,744;537,744;535,744;534,744;533,744;531,744;530,744;528,744;527,744;526,744;525,744;524,744;523,744;522,744;521,744;520,744;518,744;518,745;517,746;516,746;515,746;513,746;512,747;511,747;510,747;509,748;508,748;507,748;506,748;505,748;504,748;503,748;502,748;501,748;500,748;497,748;496,748;495,748;494,748;493,748;492,748;
Stroma; POLYGON; 128, 128, 128; 650,728;651,727;652,727;652,726;653,726;654,725;655,724;655,722;655,721;655,720;655,719;655,718;655,717;655,716;655,714;655,713;655,712;655,711;655,710;655,709;655,708;653,707;652,707;651,707;650,707;649,707;647,707;646,707;645,707;644,707;643,707;642,707;641,707;640,707;639,707;638,709;637,710;637,711;637,712;636,712;635,714;634,714;634,715;632,717;631,719;630,719;629,720;628,720;628,721;627,721;624,722;623,723;621,724;620,724;619,725;617,725;617,726;617,727;617,728;617,729;617,730;617,731;617,732;619,733;620,733;621,735;622,735;623,735;624,735;625,735;627,735;628,735;629,735;630,735;632,735;634,736;
Stroma; POLYGON; 128, 128, 128; 674,732;674,731;674,730;674,729;673,728;671,727;671,726;671,725;670,725;669,723;669,722;668,721;667,719;667,718;667,716;667,715;667,714;668,714;668,713;669,713;670,713;671,713;672,713;673,713;674,713;675,713;677,713;678,713;679,713;680,714;681,715;681,716;682,717;682,718;682,719;682,720;682,722;682,724;
Stroma; POLYGON; 128, 128, 128; 646,751;647,752;647,753;648,753;648,754;649,754;650,755;650,756;650,757;651,757;652,757;654,757;655,757;656,759;657,759;658,760;660,761;661,761;662,761;663,761;664,761;666,761;667,761;667,762;668,762;669,762;670,762;672,762;674,762;676,762;678,762;679,762;680,762;681,762;682,762;683,762;683,761;683,760;683,758;683,757;683,756;683,754;683,753;
Stroma; POLYGON; 128, 128, 128; 707,735;708,735;709,735;710,735;710,736;711,736;711,737;712,739;713,740;713,741;714,742;715,742;716,743;716,745;716,747;717,748;717,749;719,750;719,752;720,752;721,753;721,755;722,756;723,757;723,758;723,759;724,759;725,760;726,760;726,761;727,761;727,762;727,763;727,764;729,764;729,765;730,766;731,766;732,767;733,768;734,769;734,770;735,770;736,770;737,770;738,771;739,771;740,771;741,772;742,773;743,773;743,774;744,774;746,775;746,776;747,776;748,777;749,777;750,778;752,778;753,779;754,780;755,780;756,781;757,782;758,783;759,783;761,783;762,783;763,784;764,784;765,784;765,785;766,786;766,787;767,788;768,788;768,789;769,790;770,791;771,793;771,794;771,795;771,796;770,796;769,796;767,796;766,796;764,796;763,796;761,796;758,796;757,796;756,796;755,796;754,796;753,796;752,796;751,796;750,796;749,795;748,795;748,794;747,793;745,793;744,793;744,792;743,792;742,791;741,791;
Stroma; POLYGON; 128, 128, 128; 859,880;860,880;861,880;862,880;863,880;863,879;863,878;865,877;866,876;866,875;867,874;868,873;868,871;868,870;868,869;868,868;868,867;868,866;868,865;868,864;868,863;868,862;869,861;869,860;869,858;869,857;869,856;869,854;869,853;869,852;869,851;869,850;869,849;869,848;869,847;869,846;869,845;869,844;869,842;868,841;867,841;867,840;866,840;866,839;865,838;865,836;864,835;863,835;863,834;862,833;861,832;860,830;858,829;856,828;855,828;854,827;853,827;853,825;853,824;852,823;851,822;851,821;850,821;850,820;849,819;849,818;848,818;848,817;848,816;847,815;846,815;845,815;844,813;843,813;842,813;842,812;842,811;841,810;840,809;839,809;838,807;837,806;836,806;835,806;833,805;832,804;831,804;830,803;829,803;829,801;828,800;827,800;826,799;825,798;823,797;822,796;820,796;819,794;818,793;817,793;816,793;816,792;815,791;814,791;814,790;813,789;811,789;810,788;809,787;808,787;808,786;807,785;807,784;807,782;806,781;806,780;806,779;806,778;806,777;806,776;806,775;805,774;805,773;805,772;805,771;805,770;805,769;805,768;804,766;804,765;804,763;804,762;804,761;804,760;804,758;804,757;803,757;803,756;803,755;803,754;803,753;803,751;803,750;803,749;803,748;803,747;804,747;805,747;806,747;807,747;808,747;809,747;810,747;812,747;813,747;814,747;815,747;816,746;816,745;817,745;819,745;820,745;821,745;823,745;824,745;825,745;827,745;828,745;829,745;830,745;831,745;831,746;832,746;834,746;834,747;835,747;836,747;836,748;838,748;839,748;840,749;841,749;842,750;842,751;842,752;844,752;845,752;845,753;846,753;847,753;848,755;848,756;849,757;849,758;850,758;850,759;851,759;851,760;852,760;852,762;854,764;854,765;855,765;856,765;857,765;857,766;858,767;859,768;860,768;860,770;861,771;862,772;863,772;864,772;865,772;866,773;867,774;868,774;869,775;869,776;870,776;870,777;871,778;872,779;873,779;873,780;874,781;874,782;875,783;876,784;877,785;878,786;879,786;880,786;881,788;881,789;882,790;883,791;883,792;884,792;884,793;885,795;885,796;886,797;887,798;887,799;887,800;888,801;889,801;890,803;890,804;890,805;890,806;891,806;891,807;891,808;892,808;892,809;892,810;893,812;893,813;894,815;895,815;895,816;896,818;896,819;897,820;898,821;899,822;900,823;901,825;902,826;903,826;904,827;905,827;907,827;908,827;909,827;910,827;911,827;912,827;913,828;914,829;916,830;917,831;918,831;919,831;920,832;920,834;920,835;920,837;920,839;920,840;920,841;920,842;920,843;920,845;919,846;918,846;916,846;915,846;914,846;912,846;911,846;910,846;909,846;908,846;907,846;906,846;905,846;904,844;902,843;901,842;900,842;900,841;899,841;899,840;898,840;898,839;898,837;897,835;897,834;897,833;897,832;897,831;897,830;897,829;897,828;897,827;896,827;896,826;896,825;896,824;895,823;895,822;895,821;894,821;893,819;892,819;892,818;892,817;892,816;890,815;890,814;888,812;888,811;887,810;887,809;886,808;886,807;885,807;884,806;883,806;883,805;882,804;882,803;881,803;880,802;879,802;878,802;877,802;876,800;875,800;874,799;873,799;872,797;871,797;870,796;869,796;867,795;866,795;865,795;864,794;863,793;862,793;861,792;861,791;861,790;860,790;859,790;859,789;858,789;857,788;856,787;856,786;855,785;854,785;854,784;854,783;853,783;853,782;853,780;852,780;851,778;850,778;850,777;848,775;848,774;847,773;847,772;845,772;844,771;844,770;843,769;843,768;842,768;841,767;840,767;839,765;838,764;837,762;836,762;836,761;835,760;835,759;834,759;833,758;832,757;832,756;832,755;832,754;831,754;831,753;830,753;829,752;828,750;827,750;826,750;825,750;824,750;822,750;821,750;820,750;819,750;819,752;819,753;818,753;818,754;818,756;818,757;818,758;818,759;818,760;818,762;818,763;818,764;818,765;818,766;819,766;819,768;819,769;820,769;820,770;822,770;823,771;823,772;823,773;824,774;825,775;825,776;825,777;826,779;826,780;826,781;828,782;828,783;829,784;829,786;830,787;831,787;831,788;833,789;834,789;835,790;836,790;837,790;837,792;838,793;839,794;840,794;841,794;841,795;842,795;842,796;844,796;845,796;846,798;846,799;847,800;848,801;849,802;850,802;851,803;851,804;851,805;853,805;854,805;855,806;856,807;857,807;858,807;858,808;859,808;859,809;859,810;861,811;862,811;863,812;864,812;865,814;866,815;866,816;866,817;866,818;868,818;869,819;869,820;870,821;871,822;872,822;873,823;873,824;874,824;874,825;875,827;875,828;875,829;875,831;876,831;876,832;876,833;876,834;876,835;877,835;877,836;877,837;877,838;877,839;878,840;878,841;879,842;879,843;879,844;879,845;879,846;880,846;880,848;880,849;880,851;880,852;880,853;880,854;880,855;880,856;880,857;880,858;880,859;879,859;879,860;878,861;878,863;878,864;878,865;878,866;877,868;876,869;876,870;876,871;876,872;876,874;876,875;876,876;876,877;876,878;876,879;876,880;875,880;875,881;875,882;875,883;874,884;873,885;873,886;872,888;872,889;871,890;871,891;870,892;869,892;867,893;865,895;865,896;863,896;862,897;861,897;859,899;858,900;857,900;855,900;854,900;854,901;854,902;853,902;852,902;851,902;850,902;849,902;848,902;847,902;846,902;846,901;846,900;846,899;847,898;847,897;848,896;849,895;850,894;850,893;850,892;851,892;852,891;852,890;852,889;853,889;854,888;854,887;855,885;856,884;856,883;857,883;857,882;859,881;860,880;861,878;862,878;862,877;
Stroma; POLYGON; 128, 128, 128; 539,765;538,765;537,765;536,765;535,765;534,765;533,765;532,765;531,765;530,765;529,765;528,765;527,765;526,765;525,765;524,765;523,765;522,765;521,765;520,764;519,764;517,763;516,763;515,763;514,762;514,761;513,760;513,759;513,758;512,758;512,757;512,756;512,755;513,754;514,754;516,754;
Stroma; POLYGON; 128, 128, 128; 544,764;543,765;542,765;541,765;540,765;539,765;538,765;537,765;536,765;535,765;534,765;532,765;531,765;530,765;528,765;526,765;525,764;524,764;523,764;522,764;522,763;521,763;520,761;520,760;520,759;520,758;520,757;520,756;520,755;520,754;520,753;520,752;521,751;522,751;523,751;524,751;525,751;
Stroma; POLYGON; 128, 128, 128; 161,882;163,882;164,882;166,882;168,882;171,883;175,885;179,886;182,886;184,887;188,888;191,889;195,890;200,891;206,891;212,892;216,893;217,894;218,894;220,895;222,898;224,899;227,900;230,901;232,903;233,904;234,904;236,904;238,904;240,904;242,904;245,904;248,904;252,904;256,904;260,904;264,904;267,904;271,904;275,904;280,904;285,904;292,905;299,906;304,907;310,908;314,908;318,908;322,908;327,909;331,910;337,911;341,912;345,913;349,913;354,913;358,913;363,913;368,914;374,914;379,915;385,916;390,916;396,916;401,916;405,916;410,916;414,916;418,916;421,916;425,915;429,914;431,914;434,909;437,908;440,904;442,903;445,901;449,900;451,900;454,900;458,899;462,898;466,896;468,893;468,891;468,888;468,886;468,884;468,882;467,879;464,874;463,873;461,872;460,871;458,869;457,869;455,868;453,866;451,864;450,863;449,862;446,862;444,861;442,861;441,861;440,861;439,860;438,860;435,860;434,858;432,857;430,857;428,855;427,855;426,855;425,854;422,851;421,851;420,851;419,851;418,850;416,850;415,849;414,848;414,847;410,846;409,845;408,845;406,844;405,843;405,842;404,841;404,840;404,839;404,837;404,836;404,835;405,835;406,833;407,833;409,832;410,832;411,832;412,832;413,832;415,831;416,831;416,830;417,830;417,829;418,828;418,827;419,827;420,826;422,825;423,825;424,825;425,824;425,823;426,823;426,822;427,822;429,820;430,820;431,820;433,820;434,820;434,819;435,819;436,819;438,819;439,818;440,818;441,818;442,818;443,818;444,818;445,818;446,818;447,818;448,818;449,818;450,817;451,817;453,816;454,816;455,816;456,815;457,815;458,815;459,815;460,815;462,815;462,814;463,814;464,813;465,813;467,813;468,812;469,811;469,810;470,810;471,810;472,810;473,810;474,810;475,809;476,809;478,809;479,809;480,809;481,809;482,809;482,808;483,808;484,808;485,807;486,807;487,807;488,807;489,807;490,806;491,805;491,804;492,804;493,803;494,803;495,802;496,802;496,801;497,800;497,799;497,798;498,797;498,796;499,794;499,793;499,792;499,791;500,791;501,790;501,789;502,787;503,787;504,785;505,784;505,783;507,781;507,780;507,779;507,778;507,777;507,776;507,775;507,774;507,773;507,772;507,771;507,770;507,769;507,768;507,767;506,766;504,765;504,764;503,764;503,763;502,763;500,763;499,762;498,762;497,762;496,762;495,762;494,761;493,760;492,759;491,759;490,759;489,759;488,759;487,759;486,759;485,759;484,759;483,759;483,758;482,758;480,758;479,757;477,757;476,757;475,757;474,757;473,757;471,757;468,756;466,756;464,755;463,755;461,755;460,755;459,755;458,755;457,755;456,755;454,755;453,755;452,755;451,755;450,755;448,755;447,755;446,755;445,755;443,755;442,755;440,755;439,755;438,755;437,755;436,755;434,754;432,754;429,754;428,754;427,754;426,754;425,754;424,754;423,754;422,754;421,754;420,754;419,754;418,754;417,754;415,754;414,754;412,754;411,754;410,754;408,754;406,755;405,755;404,755;401,755;400,756;398,756;397,756;396,756;395,756;394,756;393,757;392,757;391,757;390,758;389,758;388,759;387,760;386,760;386,761;385,761;383,761;382,761;381,761;380,762;379,762;378,762;377,762;376,762;374,762;373,762;373,763;371,763;369,764;368,764;367,764;366,764;365,766;364,766;363,766;362,766;361,766;360,767;358,767;357,768;355,769;354,769;353,770;352,771;352,772;351,772;351,773;349,773;349,774;348,774;348,775;347,776;347,777;346,778;345,779;344,779;343,779;343,780;342,780;341,781;340,782;339,782;338,782;337,783;336,783;335,784;334,785;333,785;332,785;332,786;331,786;330,786;330,788;329,788;328,788;327,788;326,789;325,790;324,791;323,792;323,793;323,794;322,794;321,795;320,795;319,795;319,796;318,796;317,796;316,797;315,797;315,798;314,798;313,799;312,800;312,801;310,801;309,802;308,802;308,803;307,803;306,804;306,805;305,805;303,806;303,807;302,807;300,808;299,809;299,810;298,811;297,811;296,811;296,812;294,812;293,812;293,813;292,813;292,814;291,814;290,815;290,816;289,817;288,817;287,818;286,818;286,819;285,819;283,819;282,820;282,821;281,822;280,822;279,823;278,823;277,824;276,825;275,826;275,827;275,828;274,828;273,828;272,828;272,829;271,829;270,829;269,829;269,830;268,830;268,831;267,831;265,832;265,833;264,833;263,833;261,834;260,834;260,835;259,835;258,835;257,836;256,836;256,837;255,838;255,839;254,839;253,839;252,839;249,839;247,839;245,839;243,840;241,840;240,841;239,841;238,841;237,841;236,841;233,841;231,841;230,841;229,842;228,842;227,844;226,844;226,845;225,845;224,845;223,845;222,846;222,847;221,847;221,848;220,848;219,850;219,851;218,851;218,852;217,852;215,852;214,852;214,853;212,853;211,854;210,855;210,856;209,857;208,857;207,857;206,858;205,858;203,858;202,859;201,859;201,860;200,861;200,862;199,863;198,864;197,865;196,866;195,866;194,866;193,866;191,867;190,868;190,869;189,869;188,870;187,870;185,872;183,874;183,875;182,875;181,875;181,876;180,876;179,876;178,876;178,877;177,877;176,878;175,879;175,880;174,880;174,881;173,881;172,881;171,881;170,881;169,882;168,882;167,882;166,882;165,882;164,882;163,882;162,882;161,882;
Stroma; POLYGON; 128, 128, 128; 299,816;298,816;297,816;296,816;295,816;294,816;292,816;291,816;290,816;289,817;288,817;288,818;287,818;287,820;286,820;285,821;284,821;282,821;280,821;279,822;278,822;277,823;276,824;275,825;274,825;273,825;272,825;270,826;269,826;268,827;267,827;265,827;264,827;263,828;262,828;259,828;258,828;256,828;255,828;253,829;252,830;251,830;250,830;250,831;248,832;248,833;247,834;247,835;246,836;245,837;245,839;244,840;244,841;244,842;244,843;242,845;242,846;241,847;241,848;241,849;241,851;240,852;239,853;239,854;239,855;240,856;242,857;244,858;247,859;
Stroma; POLYGON; 128, 128, 128; 414,826;413,826;413,827;413,829;413,830;413,831;413,832;412,832;412,833;412,835;412,836;412,837;411,838;411,839;411,840;411,841;411,843;411,844;411,845;411,846;411,847;411,849;410,850;409,851;408,852;408,854;408,855;406,855;404,855;402,855;399,855;397,855;396,855;395,855;394,855;392,855;391,855;390,855;389,854;389,853;388,852;
Stroma; POLYGON; 128, 128, 128; 411,847;411,846;412,846;413,845;414,845;415,845;416,845;417,845;418,845;419,845;420,845;421,845;422,845;423,845;424,845;425,845;426,845;427,845;428,845;429,845;430,845;431,844;432,844;433,844;434,844;435,843;435,842;436,842;437,842;439,842;440,842;441,842;442,842;443,843;445,843;446,844;446,845;447,845;448,845;448,846;449,846;450,846;451,846;453,846;455,848;456,848;457,848;457,849;458,849;459,849;460,849;462,849;463,849;464,849;467,849;468,849;469,847;470,847;471,847;472,846;474,844;475,843;477,841;477,840;478,839;479,838;480,837;481,836;482,835;483,833;483,832;484,832;484,831;486,831;487,831;487,830;488,830;489,830;490,830;490,829;492,829;493,829;494,829;495,829;496,829;497,829;498,828;498,827;499,827;500,827;501,827;502,827;503,827;505,827;507,826;509,826;510,826;511,825;512,825;513,824;513,823;514,823;514,822;516,821;517,821;518,820;519,820;520,819;521,818;522,818;523,816;524,815;525,815;526,814;527,814;527,813;528,813;529,813;529,812;530,812;530,810;531,810;532,809;533,809;533,808;534,808;535,807;536,806;537,806;538,806;539,804;540,804;541,803;542,803;543,803;543,802;544,802;545,802;546,802;547,802;547,801;548,801;549,801;550,801;551,801;552,801;553,801;555,801;556,801;557,801;558,801;559,801;560,801;563,801;564,801;566,801;567,801;568,801;569,801;570,801;571,801;572,801;573,801;574,801;575,801;576,801;577,801;578,801;579,801;579,800;580,800;581,800;582,800;583,800;585,800;586,800;587,800;588,800;589,800;590,800;591,800;592,800;594,800;596,800;597,800;598,800;599,800;600,800;601,800;602,800;603,800;605,800;606,800;608,800;609,800;610,800;611,800;612,800;613,800;615,800;617,800;619,800;620,800;621,800;622,800;623,800;624,801;625,801;626,801;628,801;630,801;631,801;632,802;634,802;635,802;636,802;637,802;638,802;639,802;639,803;640,803;642,804;643,804;644,805;646,805;647,805;648,806;649,806;650,807;651,808;652,808;653,808;655,808;656,808;658,809;659,809;660,810;661,810;662,810;664,810;665,810;666,810;668,810;669,810;670,810;671,810;672,810;673,810;674,810;675,810;676,810;677,810;678,810;679,810;680,810;681,810;681,811;680,812;680,813;679,815;679,816;677,817;677,818;677,819;677,820;677,821;678,821;678,822;679,822;680,822;681,823;682,824;683,824;684,824;684,825;685,825;686,825;687,825;688,825;689,825;690,825;691,825;692,825;693,825;694,825;695,825;696,825;696,824;697,823;698,823;699,823;700,823;701,823;702,823;703,823;704,823;705,823;707,823;708,823;709,823;710,823;711,823;713,823;714,824;714,825;716,825;716,826;717,826;718,826;719,827;719,828;720,828;720,829;721,830;721,831;722,831;723,832;724,832;726,832;726,833;727,833;729,834;730,835;731,836;733,836;734,836;735,836;736,836;737,836;738,836;739,837;740,837;742,837;743,837;745,837;746,837;747,837;748,837;749,837;750,837;751,837;752,837;753,837;754,837;755,837;757,837;758,837;759,837;760,837;761,837;762,837;763,837;764,837;765,837;767,837;768,837;769,837;771,836;771,835;772,835;772,834;773,833;774,832;774,831;774,830;774,829;774,828;774,827;774,826;774,825;775,822;776,822;776,821;777,821;777,820;778,819;778,818;778,817;780,815;781,814;782,813;782,811;783,811;783,810;784,809;784,807;784,806;785,805;785,804;786,804;787,804;788,804;789,804;791,804;792,804;793,804;794,804;795,804;796,804;797,804;798,804;799,804;800,805;801,805;803,806;803,808;803,809;803,810;804,811;804,812;804,813;805,815;805,816;805,817;805,819;805,820;805,822;805,823;805,824;805,825;805,826;806,827;806,828;806,829;807,830;807,831;808,832;808,833;809,834;809,836;809,837;810,837;810,838;811,839;811,840;813,840;813,841;813,842;813,843;813,844;814,845;815,845;816,845;816,846;817,847;817,848;817,849;817,850;817,851;817,852;817,853;817,855;817,856;817,857;817,858;817,859;817,860;817,861;816,862;815,863;814,863;813,864;812,865;811,866;811,867;811,868;810,869;809,870;809,871;808,872;808,873;808,874;807,874;807,876;807,877;807,879;806,880;806,882;804,883;803,884;803,886;803,887;802,887;802,888;801,889;800,890;800,891;799,892;798,893;798,894;796,895;795,896;795,897;794,897;794,899;794,900;792,900;791,901;790,902;789,903;789,904;789,905;788,906;788,907;787,908;787,909;786,911;785,912;785,913;785,914;784,914;784,915;783,916;783,918;782,919;781,920;781,921;780,921;780,923;780,924;780,925;778,926;777,927;777,928;776,928;775,930;773,931;770,932;767,932;765,933;762,934;760,935;756,935;754,936;753,936;752,936;751,936;749,936;748,936;744,936;743,936;741,936;739,936;737,936;736,936;733,936;731,935;729,934;727,932;726,932;725,930;724,928;724,926;722,923;720,922;720,920;719,919;719,917;718,915;717,914;715,910;713,908;713,907;712,903;711,902;710,900;710,897;708,896;708,895;707,894;707,892;707,891;707,890;707,889;707,888;707,886;706,885;706,883;706,882;706,880;706,879;706,878;706,877;706,876;706,875;706,874;706,873;706,872;706,871;706,869;706,868;706,867;706,866;706,865;706,864;706,863;706,862;706,861;706,860;706,859;706,858;706,857;706,856;706,855;705,854;704,854;703,854;702,854;701,854;700,854;698,854;696,854;695,854;695,853;694,853;693,853;692,853;691,853;690,853;688,853;687,853;685,852;684,852;683,852;682,852;681,852;680,852;679,852;678,852;677,852;676,852;675,853;675,854;674,854;673,854;672,854;671,854;670,854;669,854;668,854;666,854;665,854;664,854;663,854;662,854;661,854;660,854;659,854;657,854;656,854;655,854;654,854;653,854;652,854;651,854;650,854;649,854;648,854;647,854;645,854;644,854;643,854;642,854;641,854;640,854;639,855;638,855;637,856;636,857;635,858;634,858;634,859;634,860;634,861;634,862;634,863;634,864;634,865;634,866;634,867;634,868;634,869;634,871;634,872;634,873;635,874;636,874;637,874;637,875;638,875;639,877;640,877;641,879;642,879;643,880;645,880;647,881;648,882;649,882;651,884;652,884;653,885;654,886;655,887;656,888;656,889;656,891;656,893;659,897;659,898;659,900;659,903;659,905;659,909;659,912;659,914;659,917;659,921;659,924;659,927;658,929;657,932;656,934;653,937;651,939;648,943;646,944;644,947;642,949;639,951;636,954;632,956;630,957;628,959;626,959;624,960;620,962;618,962;614,964;610,965;605,966;601,968;598,968;595,969;592,970;588,971;585,971;583,971;581,972;578,973;576,973;573,973;570,974;566,974;563,974;560,974;557,974;554,974;551,974;548,974;546,974;545,974;544,974;542,974;540,974;539,974;537,974;534,974;532,974;529,974;528,974;527,974;524,974;523,974;522,974;521,974;520,974;517,974;514,974;511,974;509,974;506,974;503,974;500,974;498,973;496,972;493,971;489,971;485,970;481,969;476,968;472,965;466,963;463,962;460,961;457,961;455,961;453,961;451,959;450,959;449,957;448,955;447,955;445,954;445,953;444,951;442,949;442,947;439,944;438,944;436,942;436,941;435,940;435,939;434,937;432,935;431,933;430,932;428,930;426,929;425,928;423,925;422,924;420,922;419,920;417,918;416,917;415,916;413,914;413,913;412,911;411,909;410,907;409,905;409,904;408,903;408,901;407,900;406,899;406,898;404,897;
Stroma; POLYGON; 128, 128, 128; 644,888;645,887;646,887;646,886;647,886;648,886;649,885;650,884;651,884;652,883;653,882;654,882;656,882;657,882;658,881;660,881;662,881;664,881;665,881;666,881;667,881;668,881;669,881;670,881;671,881;672,881;673,880;674,880;675,880;678,879;679,879;680,879;681,879;682,879;684,878;685,878;686,877;686,876;688,876;689,876;690,876;691,876;691,875;692,875;693,874;694,874;696,874;698,873;700,873;701,871;702,871;703,871;704,871;706,871;707,871;708,871;709,871;711,871;712,872;713,873;713,874;714,875;714,876;714,878;715,880;717,882;717,885;718,887;719,889;719,891;719,892;719,893;719,895;721,896;721,898;722,900;723,902;723,903;723,904;723,906;723,908;723,909;723,910;723,912;723,913;723,915;723,916;723,917;723,919;722,920;721,921;721,922;720,923;719,924;718,925;718,926;717,926;715,927;713,928;711,928;709,930;708,930;706,931;702,932;699,933;696,934;694,934;691,934;689,934;686,934;682,934;679,934;676,935;672,935;669,937;666,937;664,938;661,938;659,939;657,939;655,940;653,940;651,941;648,941;645,942;642,942;639,943;636,944;635,944;632,945;630,945;629,945;626,945;625,945;624,945;623,944;623,943;623,941;
Stroma; POLYGON; 128, 128, 128; 675,887;674,886;673,885;672,884;671,884;670,883;669,882;667,882;663,882;662,882;661,882;660,881;659,880;658,880;657,880;656,880;655,878;653,876;652,876;651,875;650,875;649,875;647,874;646,873;643,871;640,871;639,871;636,871;635,871;634,871;633,871;631,871;629,871;627,871;624,871;624,872;623,874;622,874;621,876;621,878;617,880;617,883;617,884;617,885;617,886;617,887;617,890;617,891;617,892;617,893;617,894;618,894;620,894;
Stroma; POLYGON; 128, 128, 128; 643,882;643,881;642,879;641,879;641,878;641,877;640,876;640,875;640,874;640,873;640,872;640,870;640,868;640,867;640,866;640,865;640,864;640,863;640,862;640,861;640,859;640,857;640,855;640,854;640,853;639,852;638,851;638,850;638,849;637,848;636,848;634,848;633,848;631,848;629,848;628,848;626,848;624,848;622,848;619,852;616,852;613,856;611,859;609,861;608,862;607,866;605,871;605,873;605,874;604,877;604,880;604,881;604,882;604,883;604,886;
Stroma; POLYGON; 128, 128, 128; 10,825;10,824;12,824;14,823;15,823;16,823;18,823;20,822;24,821;25,820;29,820;31,818;33,818;35,817;38,816;39,816;41,815;44,814;46,814;47,814;49,813;50,812;52,812;54,812;55,812;56,812;57,811;58,811;59,811;61,811;62,811;63,810;64,810;65,810;66,810;67,810;68,810;70,810;71,810;72,810;74,810;75,810;76,810;76,809;77,809;78,809;79,809;80,809;81,808;82,808;82,807;83,807;84,807;86,806;87,806;88,805;88,804;88,803;89,803;90,802;91,801;92,800;93,799;93,798;94,797;95,796;96,796;98,794;99,793;101,791;102,790;103,790;104,789;105,789;107,788;109,787;110,786;111,786;112,786;113,785;113,784;114,783;115,783;115,782;115,781;114,781;113,781;113,779;112,779;110,779;109,779;108,779;107,779;106,778;104,778;103,777;102,776;101,776;100,776;99,776;98,776;98,775;98,774;99,773;100,772;101,771;102,770;103,768;104,768;105,768;106,768;107,767;108,767;110,765;111,764;112,763;112,762;112,761;113,761;113,760;113,759;114,758;115,756;115,755;116,754;117,754;118,754;119,754;120,754;121,754;122,754;123,754;124,754;124,755;124,756;125,756;126,756;126,757;127,757;128,757;130,757;132,757;133,757;133,758;134,759;135,759;136,760;137,760;138,761;138,762;138,763;138,765;138,766;139,768;140,768;141,768;143,768;144,768;145,768;146,768;147,768;148,768;149,768;150,767;151,766;152,765;153,765;153,764;155,763;156,762;157,761;158,760;158,759;159,759;160,758;161,757;162,755;163,755;163,754;164,754;165,754;165,753;167,753;168,753;169,753;170,753;170,752;171,751;172,751;173,751;174,751;175,751;176,749;177,748;178,748;179,747;180,747;180,746;181,746;183,745;184,745;186,743;187,743;188,743;189,743;191,741;192,741;193,741;194,741;195,740;196,740;197,740;198,740;198,739;199,739;200,739;201,739;203,737;204,737;204,736;205,736;206,736;206,735;207,735;208,734;209,733;210,733;211,733;212,731;213,731;213,730;214,729;215,728;216,728;216,727;217,727;218,725;220,724;221,724;222,723;223,722;224,722;225,721;226,721;226,719;227,718;228,717;229,716;230,715;229,714;228,713;228,712;227,712;225,712;224,711;223,710;222,710;221,710;220,710;219,710;218,710;217,710;216,710;215,710;214,710;213,710;212,710;211,710;209,710;208,710;207,710;206,710;205,710;204,710;203,710;202,710;201,710;200,710;199,710;197,710;195,710;194,710;193,710;191,710;189,710;189,711;188,712;188,713;187,713;187,714;186,714;186,715;184,716;183,716;183,717;182,717;182,718;182,719;181,719;180,719;179,719;177,720;176,720;176,721;175,721;174,721;173,721;171,721;170,721;168,722;167,722;166,723;165,723;164,723;163,723;162,723;161,723;160,723;159,723;158,723;157,723;156,723;155,723;154,723;153,723;152,724;152,725;151,725;150,726;149,726;147,726;146,727;144,727;143,727;141,727;141,728;140,728;140,729;139,729;138,729;137,730;136,731;135,732;134,732;133,732;132,732;131,732;130,733;129,733;128,733;127,733;125,733;124,733;123,733;122,733;120,733;119,733;118,733;116,733;115,733;114,733;113,733;112,733;111,733;110,733;109,733;107,733;106,733;105,733;104,733;103,734;102,735;101,735;100,735;98,735;97,735;96,735;94,736;94,737;92,737;91,737;90,738;88,739;87,739;86,739;85,739;85,740;84,741;83,741;82,742;81,742;81,743;80,743;79,744;79,745;79,746;78,746;78,747;77,747;77,748;77,749;75,749;74,749;72,749;71,749;70,749;69,749;68,749;66,749;65,749;64,749;62,749;61,749;60,749;59,749;57,749;56,749;55,749;54,749;53,749;53,750;51,750;50,750;49,750;48,750;48,751;47,751;45,751;44,751;43,752;41,752;39,753;37,753;35,755;34,755;33,755;32,755;31,755;30,755;29,755;28,755;27,755;26,755;25,755;24,755;22,755;21,755;20,755;19,756;18,756;16,756;15,756;14,756;13,756;12,756;11,756;9,757;8,757;7,757;6,757;5,758;4,758;2,758;0,759;-1,759;
Stroma; POLYGON; 128, 128, 128; 6,658;5,658;4,658;4,659;4,660;4,661;3,662;3,664;3,665;3,666;3,667;3,668;3,669;3,670;3,671;3,672;3,673;3,674;3,675;3,676;3,677;3,678;3,679;3,680;3,683;3,685;3,686;3,687;3,688;3,689;3,690;3,691;3,692;3,694;3,695;3,696;4,697;4,700;4,701;4,702;4,704;4,706;4,707;4,708;5,708;5,709;5,710;5,711;5,712;5,714;5,715;5,716;5,717;5,718;5,719;5,720;5,721;5,722;6,723;6,724;7,725;7,726;7,727;8,727;9,727;10,727;11,727;12,727;13,727;14,727;15,727;15,725;16,724;17,724;18,724;18,723;19,722;20,721;21,719;22,719;22,718;24,718;25,717;26,717;26,716;27,715;28,715;30,715;31,715;31,714;31,713;32,712;33,712;35,712;36,712;37,712;38,711;39,711;40,711;41,711;42,710;43,710;44,710;45,710;46,710;47,710;48,710;49,710;50,710;51,710;52,709;53,709;55,707;55,706;56,706;57,706;58,705;59,704;60,704;61,704;61,703;62,703;64,703;65,701;66,701;67,701;69,701;70,701;71,701;72,700;73,699;74,699;75,699;76,699;77,697;78,697;79,696;80,696;81,696;83,696;84,696;85,694;86,693;87,693;88,693;89,693;90,693;92,692;92,691;93,691;94,691;94,690;94,689;94,688;94,687;96,686;96,685;96,684;96,683;96,682;96,681;96,680;96,679;96,678;96,677;96,676;96,675;96,674;96,673;96,672;96,671;96,670;96,669;96,668;96,667;97,667;97,666;97,665;97,664;97,663;97,662;97,661;97,660;97,659;97,658;97,657;97,656;97,655;97,653;97,652;97,651;97,650;97,649;97,648;97,647;97,645;97,644;97,643;97,642;97,641;97,639;97,638;97,637;97,636;97,635;97,634;97,632;97,631;97,630;97,629;96,628;96,627;94,627;93,627;92,627;91,627;90,627;89,627;87,627;86,627;85,627;83,627;81,628;80,628;80,629;79,629;78,629;77,630;76,630;75,631;74,631;73,631;71,632;70,633;69,634;68,634;67,635;66,636;65,636;64,637;63,637;62,637;61,639;60,639;59,639;58,639;57,639;56,639;54,640;53,640;52,640;51,640;49,640;48,640;47,640;47,641;45,642;44,642;43,642;42,642;41,642;40,642;38,642;37,642;36,643;35,643;34,643;33,644;32,644;31,645;30,645;29,645;27,645;27,646;26,646;25,646;25,647;23,648;22,648;20,649;19,650;17,651;16,651;15,651;14,651;13,652;12,652;10,653;9,653;8,653;7,654;5,654;4,654;3,654;2,656;1,656;1,657;0,658;-1,658;-2,659;-3,659;-4,660;-4,661;-4,662;
Stroma; POLYGON; 128, 128, 128; 103,628;104,629;104,630;104,631;105,631;106,631;106,633;106,634;107,635;108,635;108,636;108,638;108,639;108,640;108,641;108,642;108,643;108,644;108,645;108,646;108,647;108,648;108,649;108,651;108,653;108,654;108,655;108,656;108,657;108,658;108,659;109,660;109,661;109,662;109,663;109,664;109,665;109,666;109,667;109,668;109,669;109,670;109,671;109,672;109,673;109,674;109,675;109,676;109,677;109,678;109,679;110,679;110,680;110,681;110,682;110,683;111,683;112,684;113,684;114,684;114,685;116,686;117,686;118,686;119,686;119,687;119,688;121,688;122,688;124,688;125,688;126,688;127,688;128,687;129,687;130,687;131,687;132,687;132,686;133,686;135,686;136,685;137,685;138,684;139,684;140,684;141,684;142,684;143,684;144,684;145,684;146,684;147,683;147,682;148,682;149,682;151,682;152,682;153,682;154,682;155,682;156,682;157,682;157,681;158,681;159,681;160,681;162,681;163,681;164,681;165,681;166,681;167,681;168,681;169,681;171,681;172,681;173,681;174,681;175,681;176,681;179,681;180,681;181,681;182,681;183,681;184,681;185,681;186,681;187,681;188,681;189,681;190,681;191,681;192,681;193,681;195,681;196,680;197,680;198,679;199,679;200,678;201,678;202,677;203,676;205,676;206,676;207,676;208,676;209,675;210,675;211,675;212,675;213,675;215,675;216,675;217,674;218,674;219,674;219,673;220,673;222,673;223,673;224,673;225,673;226,673;227,673;229,673;229,671;230,671;231,671;232,670;234,670;236,670;237,670;238,669;239,669;240,669;241,669;242,668;243,668;244,668;245,668;246,668;247,668;248,668;250,668;251,668;252,668;253,668;254,668;255,668;257,668;258,668;260,668;262,667;263,667;264,667;265,667;266,667;267,667;268,667;269,666;271,665;272,665;273,665;274,664;275,664;276,664;277,664;278,663;280,663;282,663;283,663;284,663;286,663;288,662;289,662;290,662;291,662;292,662;293,662;294,662;296,662;298,662;299,662;301,662;304,662;306,662;307,662;308,662;309,662;310,662;311,662;312,662;313,662;314,662;316,662;317,662;319,662;320,662;322,662;323,662;324,662;325,662;326,662;327,662;329,662;330,662;332,662;334,662;335,662;336,662;337,662;338,662;339,662;340,662;341,662;342,662;344,661;344,660;345,660;348,660;349,660;350,659;351,658;352,657;353,657;354,657;355,657;355,656;356,655;357,655;358,655;359,655;361,655;362,654;362,653;362,652;363,652;365,651;365,650;366,650;367,650;368,649;369,648;370,648;371,647;372,647;374,645;376,644;377,644;378,644;379,644;380,643;382,642;383,642;384,641;385,641;385,640;386,640;387,640;388,639;389,639;390,639;392,638;393,637;394,637;395,637;397,637;398,637;399,636;400,636;401,636;402,636;403,634;404,634;405,634;406,633;407,633;409,632;410,632;410,631;411,631;412,631;413,631;414,631;414,630;416,630;418,630;419,630;420,630;422,628;422,627;423,627;424,627;425,627;426,627;426,626;427,626;428,626;429,626;431,625;433,625;434,625;435,625;436,625;437,625;438,625;439,625;440,625;441,625;442,625;444,625;445,625;446,625;447,625;448,625;449,625;450,625;452,625;453,625;454,625;455,625;456,625;457,625;458,625;459,625;460,625;461,625;462,625;463,625;465,625;466,625;467,625;468,625;469,625;470,625;472,625;473,625;474,625;477,625;478,625;479,625;480,625;481,625;482,625;484,625;487,625;488,625;490,625;491,625;491,624;493,624;494,624;495,624;496,624;498,622;499,621;500,621;501,621;502,621;504,621;505,621;508,619;509,619;510,619;511,619;512,619;513,619;514,619;515,619;516,619;518,619;519,619;520,619;522,619;523,619;524,619;525,619;526,619;527,619;528,619;530,619;531,619;532,619;534,619;535,619;536,618;537,618;538,618;540,618;541,618;542,618;543,617;543,616;544,616;545,615;546,615;547,615;548,615;549,615;550,615;551,615;552,615;553,615;554,615;555,615;555,614;557,614;559,614;560,614;561,614;562,614;563,614;564,614;565,613;566,613;566,612;567,612;568,612;569,612;570,612;571,612;572,611;572,610;572,609;573,609;575,609;577,609;578,609;579,609;580,609;580,608;581,608;582,608;584,608;585,608;587,608;588,608;590,608;591,608;592,607;593,607;594,607;596,607;598,607;599,607;600,607;601,607;602,607;604,607;605,607;607,607;608,607;610,607;611,606;611,605;611,604;611,603;611,602;611,601;611,600;611,598;611,597;611,595;611,592;611,591;611,590;611,589;611,588;611,585;611,583;611,582;611,580;611,579;611,577;611,576;611,572;611,571;611,569;611,566;611,563;611,562;611,560;611,559;611,556;611,555;610,553;610,552;610,551;610,550;610,549;610,548;610,547;610,545;610,544;610,543;610,542;610,541;610,539;610,537;610,535;610,534;610,532;609,530;608,529;608,528;608,526;606,524;605,523;604,523;604,522;603,522;602,522;602,521;601,520;601,519;600,519;599,519;598,519;597,519;596,519;596,518;595,517;594,517;593,517;592,516;590,516;588,515;587,514;585,514;584,513;583,513;582,512;580,512;578,511;577,511;575,511;574,511;573,511;572,511;569,511;568,511;566,510;563,510;561,510;560,510;559,510;558,510;557,510;556,510;555,510;554,510;553,510;551,510;549,510;548,511;547,513;547,514;545,514;544,514;544,515;542,515;541,515;540,516;539,516;539,517;538,517;537,517;536,517;535,517;534,517;532,519;531,519;530,519;529,519;528,519;528,520;526,520;525,520;524,520;523,520;521,521;520,521;518,521;517,521;516,521;515,522;514,523;513,524;511,525;510,525;507,525;506,525;505,525;505,526;504,526;503,526;502,526;500,527;499,527;498,527;497,527;497,528;496,528;495,528;494,528;492,529;491,530;490,531;489,531;488,531;487,531;485,532;484,532;483,532;482,532;481,533;479,534;478,534;477,534;476,534;475,534;474,534;473,536;472,536;470,537;469,537;468,537;467,537;466,537;465,537;464,537;463,537;462,537;461,537;460,537;458,537;456,537;455,538;454,538;453,538;452,539;451,539;450,539;449,539;448,539;446,540;445,540;444,541;443,541;443,542;442,542;441,543;441,544;440,544;439,545;438,545;437,545;437,547;435,547;434,547;433,547;433,548;432,548;431,549;430,550;428,550;427,550;426,550;424,551;423,553;422,553;421,553;421,554;420,554;419,555;418,555;417,555;416,555;415,556;413,557;412,558;412,559;410,559;409,561;408,561;407,561;406,561;406,562;405,562;404,563;403,564;402,564;401,564;400,565;399,566;398,566;397,567;396,568;395,568;394,569;393,569;392,571;391,572;389,572;388,572;387,572;386,573;385,573;384,573;383,573;382,574;381,574;380,574;378,575;377,575;376,575;375,575;374,576;373,576;372,576;371,577;371,578;369,578;368,578;367,578;366,578;365,578;364,578;363,578;362,578;361,579;360,579;359,579;358,579;357,579;356,579;355,579;353,579;352,579;350,580;349,580;348,580;347,580;346,580;346,581;345,581;344,581;343,581;342,581;340,582;339,582;338,583;337,584;336,585;335,586;334,586;334,587;333,587;332,587;331,588;331,589;330,589;330,590;328,590;327,591;326,591;325,592;323,592;323,593;322,593;322,594;322,595;320,596;319,597;318,597;317,597;315,598;314,598;314,599;313,599;313,600;312,601;312,602;311,602;310,603;309,603;309,604;308,605;307,605;306,605;305,606;305,607;304,607;303,607;303,608;302,608;301,609;300,609;299,609;298,609;297,610;296,610;295,610;293,610;292,610;291,610;290,610;289,611;288,611;286,611;285,611;284,611;283,611;282,611;281,611;280,611;279,611;278,611;277,611;276,611;275,611;274,611;273,611;272,611;270,611;269,611;267,611;266,611;265,611;264,611;263,611;262,611;259,611;258,611;257,611;256,611;255,611;254,611;253,611;252,611;251,612;251,613;249,613;247,613;246,613;244,613;243,613;242,613;241,613;240,613;239,613;237,613;236,613;234,614;233,614;231,614;231,615;230,615;228,615;227,615;226,615;225,615;224,615;223,615;222,615;221,615;218,615;217,615;216,615;215,615;214,615;213,615;212,615;211,615;210,615;209,615;208,615;207,615;206,615;205,615;204,615;203,615;201,615;200,615;198,615;197,615;196,615;195,615;194,615;193,615;192,615;191,615;190,615;189,615;188,615;186,615;185,615;184,615;183,615;182,615;179,615;178,615;177,615;176,615;175,615;174,615;173,615;171,615;170,615;169,615;168,615;166,615;165,615;164,615;163,616;162,616;161,616;160,616;159,616;158,616;156,616;154,616;152,616;150,616;149,616;148,616;147,616;146,616;145,616;144,616;143,616;142,616;141,616;139,617;138,617;136,617;135,617;133,617;132,617;131,617;130,617;128,619;128,620;127,620;126,620;125,620;124,620;123,620;122,620;121,620;120,620;119,621;118,621;117,621;116,621;115,621;114,621;112,622;110,622;109,622;108,622;107,622;106,622;105,622;103,622;103,623;
Stroma; POLYGON; 128, 128, 128; 26,396;25,396;23,398;23,399;22,400;21,402;20,404;20,405;20,407;20,409;20,412;20,413;20,415;20,416;20,419;20,421;20,424;20,428;20,433;20,436;20,439;20,444;20,448;20,452;20,456;20,457;20,458;20,460;20,462;20,464;20,468;20,469;20,472;20,473;20,475;20,476;20,478;19,478;19,480;19,481;19,482;17,485;16,486;15,487;15,488;15,489;15,491;15,492;13,494;13,495;12,497;12,498;10,499;10,500;9,502;9,503;9,505;9,507;8,509;8,511;7,513;7,514;7,515;6,516;6,518;6,519;6,520;6,521;6,523;6,524;6,525;6,526;6,527;6,528;6,530;6,531;6,532;6,533;6,534;6,535;6,536;6,537;6,538;6,540;6,542;6,543;7,545;7,547;9,548;9,549;11,550;12,550;13,550;14,550;15,550;16,550;17,550;18,550;19,550;20,550;21,550;22,550;23,550;24,550;25,550;26,550;26,549;28,548;28,547;29,547;29,546;30,545;31,545;32,544;33,544;34,544;35,544;36,543;37,542;38,540;39,540;40,540;40,539;41,538;42,537;43,536;43,535;44,535;44,534;46,533;47,533;48,533;48,532;49,532;50,532;51,532;52,532;54,532;57,531;58,531;59,531;60,530;61,530;62,530;63,530;64,530;65,530;66,529;68,529;69,529;70,529;72,529;73,528;75,528;76,528;77,528;77,527;78,527;79,526;80,526;81,526;82,526;83,525;84,525;85,524;86,523;87,523;89,523;92,523;94,523;94,522;95,522;96,522;97,522;98,521;100,521;101,521;103,521;104,521;105,521;106,521;107,521;107,520;108,520;110,520;111,520;112,520;113,520;114,520;115,520;116,520;117,520;118,520;119,520;120,520;121,520;122,520;123,520;125,520;126,520;128,520;129,520;129,519;130,519;131,519;133,519;135,518;138,518;140,518;141,518;142,518;143,517;144,517;145,517;147,517;149,516;150,516;151,516;152,516;153,516;154,515;156,515;159,514;161,514;162,513;163,513;164,513;165,512;167,512;168,512;169,512;171,511;173,511;175,509;176,508;178,508;179,508;180,508;182,507;184,506;185,505;186,505;187,505;189,505;189,504;190,504;191,504;192,504;194,504;195,503;196,503;198,502;199,502;200,502;201,502;202,501;203,501;204,501;205,501;206,499;208,499;209,499;210,499;211,499;212,499;213,499;214,499;216,499;217,499;218,499;219,499;220,499;221,499;221,498;222,498;223,498;225,497;226,497;227,496;229,496;230,496;231,496;232,495;233,495;234,494;235,493;236,493;237,493;238,492;239,491;240,491;242,491;243,491;243,490;244,490;245,490;246,488;247,488;248,487;249,487;250,486;251,486;252,486;253,486;254,485;255,485;256,485;257,485;258,484;259,484;260,483;262,482;263,481;264,481;266,481;267,481;268,481;269,480;270,480;271,480;273,479;275,479;275,478;276,478;278,476;279,476;280,476;282,476;284,476;285,474;286,474;287,474;289,474;290,474;291,473;292,473;293,473;294,473;295,472;297,472;298,472;300,472;301,472;303,472;304,472;305,472;306,472;307,472;309,470;310,470;311,470;313,470;315,470;316,470;317,470;319,469;321,469;322,469;323,468;324,468;325,468;327,467;328,467;329,467;330,467;332,466;333,466;334,466;335,466;337,465;338,465;339,465;340,465;341,465;342,463;343,463;344,463;345,463;347,462;350,462;352,461;353,461;354,461;355,461;356,461;357,460;358,460;359,459;360,459;361,459;362,459;364,459;365,458;365,457;367,457;368,457;369,457;370,457;371,457;373,457;374,457;375,457;376,457;377,457;378,457;379,457;380,457;381,457;382,457;384,457;385,457;386,457;387,457;388,457;389,457;391,457;392,457;393,457;394,457;395,457;396,457;397,457;398,457;399,457;401,457;402,457;404,457;405,457;406,457;407,457;408,457;409,457;409,456;410,456;411,456;412,456;413,456;414,456;415,456;416,456;419,456;420,455;421,455;422,455;424,455;426,455;427,455;428,454;429,454;430,454;432,453;433,453;434,453;435,451;436,451;438,451;439,451;440,451;441,450;443,450;444,450;444,449;445,449;446,449;446,448;447,447;448,447;449,447;450,447;450,446;450,445;451,445;452,444;454,443;455,443;456,443;457,443;458,442;459,441;460,441;461,441;462,440;463,440;465,439;465,438;466,438;467,437;468,437;469,437;470,436;472,436;474,435;475,435;476,434;477,433;479,432;480,432;481,432;482,432;483,431;484,430;485,430;486,429;488,429;489,429;492,427;493,427;494,427;494,426;495,426;496,426;497,426;498,426;502,426;503,426;503,425;504,424;505,424;506,424;507,424;509,424;510,424;511,424;512,423;513,423;514,422;514,421;516,421;518,421;519,421;521,420;521,419;522,419;524,419;525,418;526,418;527,417;529,417;530,417;531,415;532,415;533,415;536,414;537,414;538,413;539,413;540,412;541,412;543,412;545,412;546,412;549,411;550,411;552,411;553,411;555,411;556,411;557,411;558,411;559,411;561,411;562,411;564,411;565,411;566,411;567,411;568,411;569,411;570,411;572,411;573,411;575,411;576,411;577,411;578,411;579,411;580,411;582,411;584,411;584,409;586,408;587,408;588,408;590,408;591,408;592,408;593,408;595,407;597,407;598,406;598,405;598,403;598,402;598,400;598,398;598,397;598,396;598,395;600,393;600,391;600,389;600,387;600,386;600,384;600,382;600,380;600,377;600,376;600,375;600,374;600,372;600,371;600,370;600,369;600,368;600,366;600,365;600,364;600,363;600,361;600,359;600,358;600,357;600,356;600,354;600,353;600,352;600,351;600,350;600,349;600,347;600,345;600,344;600,343;600,342;599,342;599,341;599,340;598,340;596,340;594,339;593,339;592,339;591,339;590,339;588,339;587,339;586,339;585,339;584,339;583,339;582,339;581,339;579,340;578,341;577,342;576,343;575,343;573,343;571,343;570,343;569,343;568,343;568,344;567,344;565,344;564,345;563,345;562,345;561,345;560,345;559,345;558,345;557,345;556,347;555,347;553,347;552,347;551,347;550,347;549,347;546,347;544,347;543,347;542,348;540,348;539,348;537,348;536,348;535,348;534,348;533,348;532,348;531,348;530,348;528,348;527,348;526,348;524,349;523,349;522,349;521,349;520,349;517,349;516,349;513,349;513,350;511,350;510,350;509,351;508,351;506,352;505,352;503,353;502,353;501,353;499,353;498,353;497,354;496,354;495,354;494,354;493,354;491,354;490,354;489,354;488,354;487,354;486,355;485,355;484,355;483,355;482,355;480,355;479,355;478,355;475,355;473,355;472,355;470,355;469,355;468,355;466,355;465,355;463,355;462,355;461,355;460,355;458,355;456,356;455,356;453,356;452,356;451,357;449,358;448,358;447,358;446,358;445,359;444,359;443,359;442,359;441,359;439,359;438,359;437,359;436,360;435,360;433,360;432,360;430,361;429,361;428,361;427,361;426,361;425,361;423,361;421,361;420,361;419,361;418,361;417,361;415,361;414,361;413,361;412,361;411,361;410,361;409,361;408,361;407,361;405,361;403,361;401,361;398,361;396,361;395,361;394,361;393,361;393,362;392,362;391,362;390,362;388,362;387,362;386,362;384,362;383,362;382,362;381,362;380,362;379,362;377,362;376,362;375,362;374,362;373,362;371,362;368,362;365,362;364,362;362,362;361,362;359,362;357,362;355,362;354,362;353,362;352,362;351,362;350,362;349,362;348,362;346,362;344,362;341,362;339,362;338,362;337,362;336,364;335,364;333,364;331,364;330,364;329,364;328,364;327,364;326,364;324,364;323,364;322,364;320,364;319,364;318,364;316,364;314,364;312,364;310,364;309,364;309,365;308,365;307,365;306,365;304,365;303,365;302,365;301,365;300,365;298,365;296,365;295,365;294,365;293,365;291,365;290,365;288,367;287,367;286,367;285,367;284,367;283,367;282,367;281,367;280,367;279,367;278,367;277,367;276,368;275,368;273,368;273,369;272,370;271,370;270,370;270,371;269,371;268,371;267,371;266,372;264,372;262,372;261,372;260,373;259,373;257,373;256,373;255,373;254,373;253,373;251,373;250,373;249,373;249,375;248,375;247,375;246,375;245,376;244,376;243,376;242,376;241,376;239,376;237,377;236,377;235,378;234,378;232,378;230,378;228,378;227,379;226,379;225,379;224,379;223,379;222,379;221,380;220,380;219,380;218,380;217,380;215,380;214,380;212,381;211,381;210,381;209,381;208,381;206,381;205,381;204,381;202,381;201,381;200,381;199,381;198,382;196,382;194,382;193,382;192,382;191,382;190,382;189,382;188,382;187,382;186,382;185,382;183,382;182,382;181,382;179,382;177,382;176,382;174,382;173,382;172,382;171,382;170,382;169,382;168,382;167,382;166,382;165,382;164,382;163,382;162,382;161,382;160,382;158,382;157,382;156,382;155,382;152,382;151,382;150,382;149,382;148,382;147,383;146,383;145,383;144,383;143,383;142,383;141,383;139,384;138,384;137,384;136,385;135,385;134,385;133,387;132,387;131,387;130,387;128,387;126,387;125,387;124,387;122,388;121,388;120,388;119,388;118,388;117,388;116,388;115,388;114,388;113,388;112,388;111,388;109,388;107,388;106,388;104,388;102,388;101,388;100,388;99,388;97,388;94,388;92,388;89,388;87,388;86,389;85,389;84,389;83,389;81,389;78,389;76,389;75,389;74,389;73,389;72,389;71,389;70,389;68,389;67,389;66,389;65,389;64,389;63,389;62,389;60,389;59,390;57,390;56,390;54,390;53,390;52,390;51,391;49,392;49,393;48,393;47,393;45,393;43,393;41,394;40,394;38,394;37,394;36,394;34,394;33,394;32,394;31,394;30,394;29,394;28,394;27,394;26,394;25,394;24,395;23,395;
Stroma; POLYGON; 128, 128, 128; 31,295;31,293;31,290;31,287;31,285;31,281;31,278;30,274;30,272;30,269;30,266;30,263;30,259;30,258;30,255;30,252;30,249;30,248;30,246;30,244;30,242;30,241;30,238;30,237;30,234;30,233;30,231;30,227;31,224;31,222;32,220;32,218;33,216;33,215;33,212;33,211;33,208;33,207;34,206;34,204;35,203;35,201;35,200;35,199;35,197;37,195;37,194;37,191;38,189;39,187;40,185;40,183;41,183;41,182;41,181;42,178;42,177;42,176;43,176;43,175;43,173;44,172;44,171;44,170;44,168;44,167;44,166;44,164;45,162;46,161;46,159;46,158;46,157;46,156;47,155;47,153;47,152;48,151;48,150;48,149;48,148;49,147;49,146;50,146;51,146;52,147;53,148;53,149;54,149;55,150;56,150;58,150;59,150;60,150;62,150;63,150;64,150;65,150;66,150;67,150;68,150;69,150;69,149;70,149;70,148;71,147;72,147;73,147;73,146;73,145;73,144;74,144;75,143;75,142;76,142;76,140;76,139;77,139;77,138;79,137;80,136;81,136;82,134;83,133;84,132;85,132;85,131;86,130;87,130;87,129;89,128;90,127;91,127;93,126;94,126;95,126;96,125;97,124;98,124;99,122;100,122;101,122;102,122;102,121;103,121;104,121;106,121;107,120;108,120;110,118;112,118;113,118;113,117;113,116;115,116;117,115;118,115;119,115;120,114;121,114;123,114;124,114;126,114;127,114;128,114;130,114;131,114;132,114;133,114;134,114;135,114;136,115;137,115;138,116;139,117;140,117;141,117;143,118;144,118;145,118;146,118;148,118;149,118;149,119;150,119;151,120;152,120;153,120;154,120;155,120;156,120;157,120;158,121;159,121;160,121;160,122;160,123;161,123;161,124;162,125;162,126;162,127;163,128;163,129;163,130;163,131;164,132;164,133;165,133;166,133;167,133;169,133;170,133;171,133;172,133;173,133;174,133;176,133;177,133;178,133;179,133;180,133;181,133;181,132;182,132;183,131;184,130;185,130;186,129;187,129;188,128;189,128;190,128;190,127;191,127;192,126;193,126;194,126;195,125;197,125;198,125;199,125;200,125;201,126;202,126;203,126;204,126;204,127;205,127;206,127;207,127;209,127;210,127;211,127;212,127;214,127;216,127;217,127;219,127;220,127;221,127;224,127;226,127;229,127;232,127;235,127;236,127;237,127;238,127;239,125;240,125;241,123;242,122;243,121;245,120;247,120;248,117;249,117;250,116;251,115;251,114;252,113;252,111;254,110;254,109;256,108;256,107;257,106;257,104;258,103;258,102;258,100;258,99;258,98;259,97;259,96;259,95;259,94;260,92;261,90;263,89;263,87;264,86;265,84;265,83;266,83;268,81;268,80;270,78;271,78;273,78;273,77;276,75;277,75;280,75;282,74;284,73;288,73;291,71;295,70;298,69;302,68;307,66;310,65;313,64;316,64;317,64;319,62;322,62;325,61;326,61;327,60;328,60;329,60;330,60;332,60;333,59;336,59;338,59;340,59;343,59;344,60;345,60;346,61;348,63;350,64;352,65;354,67;357,69;358,71;360,71;360,72;362,73;363,74;364,75;365,75;365,76;366,76;367,77;368,78;369,78;370,80;371,81;372,82;373,82;374,83;376,86;377,87;380,88;382,90;384,90;386,92;386,93;387,94;390,96;391,97;394,97;396,99;398,100;398,101;400,101;400,102;402,102;406,103;409,105;412,105;416,107;418,107;422,107;426,107;430,107;434,107;438,107;442,107;444,107;445,107;446,107;448,107;450,107;454,107;457,107;461,107;465,107;469,107;473,107;477,107;478,107;480,108;480,109;482,109;485,113;487,114;490,115;494,116;497,118;500,119;502,120;503,120;505,120;507,121;508,122;511,122;514,123;515,125;516,125;517,125;518,125;520,125;522,125;523,126;524,126;526,127;527,127;528,127;529,127;530,128;531,128;532,129;533,129;535,131;536,132;537,132;538,133;539,134;540,135;540,136;540,137;540,138;540,139;540,141;540,143;540,144;540,145;541,146;541,147;541,148;541,149;541,151;541,152;541,153;540,154;540,155;538,157;537,158;536,159;535,159;533,159;532,160;532,161;532,162;531,162;531,163;530,163;529,164;528,164;526,164;525,165;525,166;525,167;524,167;524,168;524,169;524,170;524,171;524,172;524,173;524,174;524,175;525,176;526,176;527,176;528,176;529,177;533,177;535,177;537,177;538,177;539,179;541,179;542,179;544,180;545,180;546,180;547,180;548,180;548,181;549,181;551,182;553,182;554,182;556,182;558,183;559,183;560,183;561,183;562,185;562,186;563,186;565,186;566,186;568,186;569,186;570,186;571,186;572,186;573,186;575,186;576,186;577,186;579,186;580,186;581,186;582,186;583,186;584,186;585,186;586,185;588,185;589,185;590,185;591,185;592,185;594,185;595,185;596,185;597,185;598,187;599,187;599,188;600,189;600,191;600,193;600,194;600,195;600,196;600,197;600,199;600,200;600,201;600,202;600,204;600,205;600,206;600,207;600,208;600,210;600,211;600,212;600,213;600,214;600,215;601,217;601,218;601,219;601,220;601,221;601,223;601,224;601,226;601,227;601,229;601,230;601,232;601,233;601,234;601,236;601,237;601,238;601,239;601,240;601,241;600,242;599,244;597,245;597,246;596,246;595,246;594,247;593,249;591,249;589,250;588,250;586,251;585,251;584,251;583,252;581,253;579,253;578,253;577,253;576,253;575,253;575,255;574,255;574,256;573,256;572,256;571,256;569,257;568,257;567,257;566,258;565,258;565,259;564,259;562,259;561,261;560,261;559,261;558,261;558,262;556,262;555,262;553,262;552,262;551,262;550,262;549,262;548,263;547,263;546,263;544,263;543,263;542,263;541,263;540,263;538,263;537,263;536,263;534,264;533,264;532,264;530,264;529,264;528,264;527,264;525,264;524,264;522,264;521,264;520,264;519,264;516,264;515,264;514,265;513,265;512,265;510,265;508,267;507,267;505,267;504,268;502,268;501,268;499,268;498,268;497,268;496,269;495,269;494,269;493,269;492,269;490,269;488,269;487,269;486,269;485,269;483,269;483,270;482,270;481,270;479,270;477,270;476,271;475,271;474,271;473,271;472,271;471,273;470,273;469,273;468,273;467,273;466,273;465,273;464,273;463,273;462,273;461,273;460,274;458,274;457,274;456,274;454,275;452,275;451,275;449,275;448,275;447,275;446,275;445,275;444,275;443,275;441,275;439,275;437,275;436,275;434,275;433,275;432,275;431,275;430,275;428,275;427,275;425,275;424,275;422,275;420,275;419,275;418,275;417,275;416,275;415,275;415,276;413,276;410,276;408,276;407,276;406,276;405,276;403,276;402,276;401,276;398,276;396,276;395,277;394,277;393,277;392,277;391,277;390,277;389,277;387,277;386,277;385,278;384,278;383,278;382,278;381,278;380,278;378,278;376,280;375,281;374,281;371,281;370,281;367,281;364,282;362,282;361,282;360,283;359,283;358,283;357,283;356,283;355,284;354,284;353,284;352,284;351,284;349,285;348,285;346,285;345,285;344,285;342,285;341,285;339,285;338,285;336,285;335,285;334,285;333,285;330,285;329,285;328,285;327,285;326,285;325,285;324,286;323,286;321,286;320,287;319,287;318,287;316,287;314,287;312,287;309,287;308,287;306,287;305,287;304,287;301,287;299,287;297,287;296,287;294,287;293,287;291,287;288,287;286,287;284,288;283,288;282,288;280,288;279,288;276,288;275,288;273,288;272,288;270,288;269,288;266,288;263,288;262,288;260,288;258,288;257,288;256,288;255,288;253,288;252,288;251,288;249,288;248,288;247,288;246,288;245,288;244,288;243,288;242,288;241,288;240,288;239,288;238,288;237,288;236,288;235,288;234,288;233,288;231,288;230,288;229,290;228,290;227,290;226,290;224,290;222,291;221,292;220,292;219,292;218,292;215,292;214,292;213,292;211,293;210,293;208,293;207,293;206,293;205,293;203,293;202,293;201,293;200,293;197,293;196,293;194,293;193,293;191,293;190,293;189,293;188,293;186,293;185,293;183,293;182,293;181,293;180,293;179,293;178,293;177,293;176,293;174,293;173,293;171,293;170,293;168,293;166,293;165,293;162,293;161,293;160,293;159,293;158,293;157,293;155,293;153,293;151,293;150,293;149,293;148,293;147,293;146,293;145,293;144,293;143,293;142,293;139,293;138,293;137,293;136,293;135,293;133,293;130,293;128,293;125,293;124,293;122,293;121,293;120,293;119,293;118,293;117,293;116,293;115,293;114,293;113,293;112,293;111,293;110,293;109,293;108,293;106,293;104,293;103,293;102,293;101,293;100,293;99,293;98,293;97,293;93,293;91,293;88,293;87,293;86,293;85,293;84,293;83,293;81,293;79,293;78,293;77,293;76,293;75,293;74,293;73,293;72,293;70,293;69,293;67,293;66,293;65,293;64,293;63,293;62,293;61,293;60,293;59,293;57,293;55,293;54,293;52,293;51,293;50,293;49,293;47,293;45,293;44,293;43,293;42,293;40,293;38,293;37,293;36,293;35,293;34,293;33,293;32,293;31,293;30,293;
Stroma; POLYGON; 128, 128, 128; 215,133;215,132;216,130;217,129;218,129;219,127;219,126;221,125;221,124;222,123;223,123;224,123;224,122;225,122;225,121;226,120;227,118;228,118;228,117;229,115;230,114;230,113;231,112;231,111;232,110;233,109;233,108;233,107;233,106;233,105;235,105;235,104;235,103;235,102;235,100;235,99;235,98;235,97;236,96;236,94;236,93;236,92;236,91;236,90;236,89;236,88;236,87;236,86;236,85;236,84;236,82;236,81;236,80;236,79;236,78;236,76;234,75;233,73;232,73;231,72;230,71;230,70;230,69;230,68;230,67;230,66;230,65;230,63;230,62;230,60;230,58;231,57;232,57;232,55;235,52;236,51;237,50;238,49;239,49;241,47;242,45;244,44;245,43;246,42;248,41;248,40;249,39;251,37;252,36;253,35;254,33;257,31;258,30;260,29;261,27;262,26;264,25;265,24;267,23;267,22;269,22;271,21;272,20;275,19;278,18;282,16;285,16;287,15;289,14;290,14;291,14;292,13;293,13;296,13;299,13;302,13;306,12;308,12;310,12;312,12;313,12;314,12;318,12;320,12;323,12;325,12;326,12;327,12;328,12;328,13;330,15;331,15;332,17;335,17;338,18;341,21;343,21;346,22;349,23;350,23;351,24;353,24;354,25;356,26;357,27;359,27;360,28;361,28;363,29;365,30;366,31;367,32;368,34;370,35;371,35;372,35;374,36;375,36;377,37;380,37;380,39;383,40;384,41;386,42;388,42;390,43;391,44;392,45;393,46;394,46;395,46;396,46;397,46;397,47;398,48;398,49;398,50;398,51;398,52;398,53;398,54;398,55;398,57;398,59;398,60;398,61;398,62;398,63;398,66;398,67;398,68;398,69;398,70;397,70;397,72;397,73;397,75;396,76;395,78;394,80;393,81;392,82;390,85;390,86;390,87;388,88;388,90;388,92;387,93;386,95;385,98;383,100;383,101;383,102;383,104;382,105;381,107;381,108;380,110;379,113;378,117;376,119;375,122;374,124;372,126;372,129;372,132;371,134;370,136;370,137;370,138;370,139;369,142;368,142;368,143;368,145;367,147;365,149;
Stroma; POLYGON; 128, 128, 128; 405,109;405,108;405,107;405,106;405,104;406,102;407,102;409,99;409,98;410,98;410,97;412,95;412,93;412,91;415,89;418,86;420,86;423,84;425,83;426,82;428,81;430,80;432,80;434,79;437,79;441,78;446,76;449,74;453,73;456,71;456,70;457,70;458,70;460,69;461,69;463,68;464,68;466,67;468,67;469,66;470,66;472,66;474,66;477,66;481,66;484,66;488,66;490,67;494,67;498,68;502,69;504,69;505,70;508,71;512,75;516,75;519,76;523,78;525,78;526,78;527,79;529,80;532,82;534,83;537,84;539,85;543,86;544,86;547,87;548,88;548,89;550,90;551,90;551,91;553,92;554,94;555,95;555,96;555,97;555,98;556,100;557,101;557,103;557,105;557,106;557,107;557,109;557,112;556,113;554,115;554,117;552,119;551,120;551,121;551,122;550,123;550,125;549,125;548,126;547,127;547,128;546,128;546,129;545,130;544,130;543,131;543,132;542,132;542,133;541,133;541,134;541,135;541,136;541,137;541,139;540,140;540,141;540,142;540,144;538,147;538,148;536,150;533,154;530,154;526,155;521,157;519,157;515,158;510,160;506,162;501,165;496,168;493,170;489,173;486,176;481,178;477,181;471,185;464,189;460,193;455,198;450,202;444,207;439,211;434,215;428,219;426,220;426,221;
Stroma; POLYGON; 128, 128, 128; 537,180;537,178;537,177;537,176;537,174;537,173;537,172;537,171;537,169;538,168;539,168;539,167;540,167;541,166;542,166;543,164;544,163;545,162;546,161;547,160;548,159;549,158;549,157;549,156;550,156;550,155;551,155;552,154;553,154;554,153;555,152;556,150;557,150;558,150;559,148;560,148;560,147;561,147;563,145;563,144;564,144;566,144;567,143;568,142;569,141;570,140;570,139;570,138;570,137;570,136;571,135;571,134;571,132;571,131;571,130;571,129;572,128;572,127;572,126;572,125;573,124;573,123;573,122;573,121;574,118;575,118;575,117;575,116;575,115;577,114;577,113;577,112;577,111;577,110;578,108;578,107;578,106;578,105;578,104;578,103;578,102;578,101;578,100;578,99;578,98;578,97;578,95;579,93;579,92;579,91;579,90;580,89;580,88;580,87;580,86;581,85;581,84;581,83;582,81;582,80;582,79;583,78;583,77;584,75;585,74;585,73;586,71;587,70;588,70;588,69;588,68;589,68;590,67;591,67;591,66;592,65;593,63;593,62;593,61;594,60;594,59;594,57;594,56;594,55;594,54;594,52;594,50;594,49;594,48;594,47;594,46;594,44;592,42;591,42;590,40;589,39;586,38;583,38;579,37;576,37;573,37;570,37;567,37;564,37;563,37;561,37;560,37;557,37;556,37;555,37;553,37;551,37;549,38;547,38;546,38;545,38;544,38;543,38;542,39;540,40;539,41;538,41;537,42;535,42;533,42;531,42;528,42;526,44;525,44;523,45;521,48;519,49;519,50;516,52;513,56;513,57;511,60;509,63;506,66;502,70;498,74;494,77;490,82;488,86;485,89;483,91;482,94;480,96;480,99;479,102;478,106;477,108;477,111;477,113;477,115;477,117;
Stroma; POLYGON; 128, 128, 128; 530,188;530,187;531,187;531,186;531,185;532,184;533,183;533,182;533,181;533,180;534,179;535,176;536,175;536,174;536,173;536,172;536,171;536,170;536,169;536,168;536,167;536,166;536,165;535,164;534,163;533,160;531,158;529,157;527,154;524,153;522,153;521,153;520,153;518,153;517,153;516,153;515,153;514,153;512,153;512,154;510,155;509,158;509,159;506,162;505,164;505,167;504,169;504,170;504,171;504,174;504,176;
Stroma; POLYGON; 128, 128, 128; 549,152;550,152;551,152;552,152;553,152;554,152;556,152;557,151;559,151;560,151;561,150;562,150;563,150;563,149;564,148;565,147;566,146;567,145;568,144;568,143;570,141;570,140;572,139;572,138;573,137;573,135;574,134;574,133;575,132;576,129;576,128;577,127;577,126;578,125;579,123;579,122;579,121;580,120;580,119;581,117;582,116;582,115;583,115;583,114;583,112;584,111;585,110;585,109;585,108;585,107;585,106;585,105;585,104;585,103;586,102;586,101;586,99;586,98;586,97;586,96;586,95;586,94;586,93;586,92;586,91;586,90;586,89;586,88;586,86;587,85;587,84;587,83;587,82;587,81;588,79;588,77;588,76;588,75;588,74;589,72;589,71;590,70;590,69;590,68;590,66;590,65;590,64;590,63;590,62;590,61;590,60;590,59;590,58;589,57;588,57;587,57;586,56;584,56;581,56;579,56;578,56;577,56;575,58;573,59;572,62;569,64;569,65;568,65;568,67;567,67;566,68;565,68;565,69;564,70;564,71;564,73;563,75;563,76;563,78;563,79;
Specular reflection; POLYGON; 191, 91, 22; 400,69;399,69;398,69;397,69;396,70;396,71;395,72;395,73;395,74;395,75;395,76;395,77;395,78;395,79;396,80;396,81;396,83;396,84;396,85;396,86;396,87;396,88;396,89;396,90;397,90;398,91;399,91;400,91;401,92;403,92;404,92;405,92;406,92;407,92;408,92;409,92;410,92;412,91;413,91;413,90;415,88;415,87;416,87;416,86;416,85;416,84;416,82;416,81;416,80;416,79;416,78;416,77;416,76;416,75;416,74;416,73;416,72;416,71;416,70;415,69;414,68;414,67;413,67;412,67;411,67;410,67;409,67;408,67;407,67;406,67;405,67;404,67;403,67;402,67;401,67;399,67;398,67;397,67;
Stroma; POLYGON; 128, 128, 128; 412,103;412,102;412,101;412,100;412,99;412,98;412,97;412,96;410,93;410,92;409,92;408,92;408,91;407,91;406,91;404,91;403,91;402,91;401,91;400,90;399,89;399,87;399,86;398,84;397,84;397,83;397,82;397,81;396,80;394,80;393,80;392,80;391,80;389,80;387,80;386,80;385,80;383,80;382,81;381,83;381,84;381,85;381,87;381,89;381,91;381,92;383,93;385,95;386,96;388,97;390,99;391,100;394,102;398,105;400,105;401,105;402,106;404,107;405,109;406,109;408,109;410,111;413,113;418,114;422,115;427,116;431,116;433,116;434,116;435,116;436,116;437,116;437,115;437,114;437,111;437,108;437,106;437,103;435,101;434,100;433,100;432,100;
Stroma; POLYGON; 128, 128, 128; 417,89;416,88;416,87;416,86;416,85;416,84;416,83;416,82;416,81;416,80;416,79;416,78;416,77;416,76;416,75;415,75;414,73;414,72;413,71;412,70;411,70;411,69;410,69;409,69;407,69;406,69;405,67;404,67;403,67;402,67;401,67;400,67;399,67;398,67;397,67;396,67;394,67;393,67;392,67;391,67;390,67;389,67;388,65;387,64;386,63;385,62;384,58;384,56;383,54;382,53;381,51;381,50;380,49;380,48;380,47;379,46;379,45;377,41;376,41;374,40;373,39;373,38;372,36;372,35;370,34;370,33;369,32;368,31;367,31;366,30;366,29;365,28;363,28;361,27;359,27;358,27;354,27;352,27;351,26;350,25;350,24;349,24;348,23;347,22;347,21;347,19;347,18;347,17;347,16;347,15;347,14;349,13;351,13;353,13;354,13;357,13;359,13;361,13;366,11;369,10;371,9;375,9;377,9;379,9;383,8;386,8;390,8;394,8;398,8;400,8;402,8;403,8;406,8;407,8;409,8;411,8;414,8;417,8;421,8;426,9;429,9;431,9;434,9;436,9;439,10;441,11;443,11;447,13;449,13;450,13;453,14;455,14;458,15;460,15;462,16;463,16;465,18;469,19;473,20;477,20;479,21;482,22;486,23;489,24;490,24;491,25;492,25;494,25;498,27;501,27;503,29;507,29;510,31;511,31;512,31;513,31;514,31;516,31;517,31;518,31;519,31;520,31;521,31;522,31;524,31;525,31;527,31;528,31;530,31;532,31;533,31;534,31;535,31;537,31;539,31;540,31;541,31;542,31;544,32;546,33;548,33;549,34;552,34;553,34;554,34;555,34;557,35;559,37;559,39;560,39;561,41;562,41;562,42;563,43;563,44;563,45;563,48;563,50;563,53;563,55;562,57;562,60;561,63;559,67;557,72;556,74;555,77;554,79;553,81;553,84;551,85;550,88;549,89;548,91;545,94;543,96;541,97;538,100;535,101;534,104;532,106;529,107;528,110;526,110;524,111;522,111;520,112;519,112;518,112;517,112;516,112;515,112;513,112;510,112;509,112;507,114;507,115;506,116;506,117;504,117;
Stroma; POLYGON; 128, 128, 128; 393,43;392,43;391,43;390,43;388,43;387,43;386,43;385,44;384,45;381,45;378,47;377,48;374,49;371,49;367,49;366,49;364,50;363,50;362,50;361,50;359,50;356,50;354,50;350,50;348,50;345,50;342,50;339,50;337,50;335,50;333,49;330,48;327,47;324,46;323,46;322,46;322,45;322,44;321,41;320,40;319,39;319,37;319,36;319,35;319,34;319,33;319,31;319,30;319,28;319,27;320,25;320,24;321,24;321,23;321,22;321,21;321,20;321,19;322,18;323,18;324,17;326,16;327,16;329,15;331,15;332,14;332,13;333,13;335,13;337,13;339,13;342,13;345,13;348,13;350,13;351,13;353,13;356,13;358,13;360,13;363,13;366,13;370,13;373,13;375,13;377,13;379,14;382,16;384,17;387,19;389,21;390,22;390,23;390,24;390,25;390,26;391,27;392,27;
Stroma; POLYGON; 128, 128, 128; 242,81;242,80;241,79;240,78;239,76;237,75;236,75;234,74;233,74;232,74;231,73;230,73;229,73;227,73;225,73;224,73;223,73;222,73;221,73;220,73;219,73;218,73;216,73;215,73;212,72;209,72;208,72;206,72;206,71;205,71;203,70;202,70;201,70;200,70;198,70;197,69;197,68;196,68;195,67;194,67;194,66;194,64;194,63;194,62;194,61;194,60;194,58;194,57;194,56;194,55;196,52;197,51;198,51;198,50;199,50;201,49;202,49;203,49;204,49;206,47;207,47;209,47;210,47;213,46;214,45;215,45;216,45;216,44;217,44;218,44;219,44;220,41;221,41;222,41;225,39;225,38;226,38;227,36;228,36;229,34;230,33;231,32;232,32;233,32;234,32;234,31;234,30;235,29;237,27;238,26;239,25;240,25;242,23;243,22;244,22;245,22;246,22;248,22;251,21;253,20;254,20;255,19;256,19;257,19;259,19;262,19;264,19;268,18;271,18;273,18;275,16;276,16;280,16;282,16;286,16;290,16;294,16;296,15;300,13;302,13;303,13;306,13;308,12;309,12;310,12;313,12;317,12;320,12;323,12;326,12;327,12;328,12;329,13;330,14;330,17;330,19;330,21;330,25;330,29;330,33;330,37;330,41;330,44;329,47;328,49;327,53;325,57;321,62;320,65;318,69;315,73;
Stroma; POLYGON; 128, 128, 128; 562,183;563,183;565,183;567,182;570,182;572,182;573,182;575,182;576,182;577,182;578,181;580,180;583,180;585,178;587,177;588,177;589,177;590,177;591,177;592,177;595,177;596,177;597,177;598,177;600,177;601,177;602,177;603,177;604,177;606,177;607,177;608,177;610,177;611,177;612,177;613,177;614,177;616,177;618,177;619,177;620,177;621,176;622,176;623,176;624,176;625,176;626,176;628,175;630,175;630,174;631,174;632,173;633,173;634,173;635,172;636,172;637,171;638,171;638,170;639,170;641,170;642,169;642,168;643,167;644,167;645,166;646,166;647,166;647,165;648,165;650,165;651,164;653,162;654,161;656,159;657,158;659,158;660,157;660,156;660,155;662,155;663,155;663,154;665,153;666,153;666,152;668,152;670,152;671,149;672,148;673,147;674,147;675,146;676,146;677,145;678,144;679,142;680,142;680,141;681,141;682,140;683,139;684,138;686,136;686,135;688,134;688,133;689,132;689,131;690,131;691,131;691,130;691,129;691,128;691,127;691,126;691,125;691,123;691,122;691,121;690,120;690,119;690,118;690,116;690,115;690,114;690,113;690,112;690,111;690,110;690,109;689,108;689,107;689,106;689,105;689,104;689,103;689,102;689,101;689,99;689,98;689,97;689,96;689,95;689,94;689,92;689,91;689,90;689,89;689,88;689,87;689,85;689,84;689,83;689,82;689,81;689,80;689,79;689,78;689,77;689,76;689,75;689,73;689,72;689,71;689,70;689,69;689,68;689,66;689,65;690,64;691,63;692,61;692,60;693,59;693,58;694,57;694,55;694,54;695,54;695,53;695,52;695,51;695,50;695,49;697,48;697,47;697,46;698,45;698,43;699,42;700,41;700,39;702,39;702,36;703,34;703,33;704,30;705,29;705,27;705,24;706,23;707,21;708,19;709,16;710,14;710,13;711,11;711,10;712,9;714,7;714,6;716,4;717,3;718,2;719,0;720,-1;722,-3;723,-3;725,-3;727,-3;729,-4;732,-5;735,-5;736,-5;740,-5;744,-5;747,-5;749,-5;753,-4;760,-2;770,1;780,5;791,8;800,12;809,15;816,19;817,20;818,21;819,21;821,22;823,24;825,27;829,29;832,33;836,34;839,36;842,38;846,39;848,41;849,42;849,44;849,45;849,46;849,47;849,48;849,50;849,51;849,52;849,53;849,54;849,55;849,56;849,58;849,60;849,62;849,63;850,64;850,66;851,69;851,70;851,71;851,73;851,74;851,75;851,76;851,77;851,80;850,81;847,83;846,83;845,84;844,87;844,88;843,90;843,92;843,93;842,95;841,95;840,96;839,98;838,99;836,100;836,101;834,102;833,103;832,104;831,105;831,106;830,107;829,108;828,109;828,110;827,110;826,111;825,111;823,113;822,114;820,115;820,116;818,117;818,118;818,120;818,121;818,122;817,123;817,124;817,125;817,126;817,127;817,128;818,129;819,130;820,130;820,131;821,131;822,131;823,133;824,133;825,133;826,133;827,133;828,133;829,133;830,133;831,133;832,133;833,133;834,133;835,133;836,133;837,133;839,133;840,133;841,133;842,133;843,133;845,134;845,135;845,136;845,137;845,139;844,139;843,140;842,141;842,142;841,142;840,142;839,142;838,142;837,143;836,145;836,146;836,147;836,148;836,149;836,150;836,151;837,151;837,152;838,153;839,153;839,154;840,154;840,155;842,156;842,157;843,157;844,157;845,158;846,158;847,158;849,159;850,159;850,160;852,160;853,160;855,160;857,160;858,160;859,160;860,160;861,162;863,162;864,163;866,163;866,164;868,164;869,164;870,164;871,165;872,166;873,167;874,168;875,168;875,169;876,170;877,170;878,171;878,172;878,173;878,174;878,175;878,176;878,177;878,178;878,179;878,180;877,181;876,182;876,183;876,184;876,185;875,186;875,187;873,188;873,189;871,189;870,189;869,189;868,190;867,190;866,191;865,191;864,191;863,191;863,192;861,193;860,194;858,194;857,194;856,194;856,195;855,195;854,197;853,197;852,198;851,198;850,198;849,198;848,200;847,200;846,200;844,200;843,200;842,200;840,200;839,200;838,200;837,200;836,200;833,201;832,201;831,201;830,201;829,201;828,201;827,201;826,201;825,201;823,201;822,201;821,201;820,201;819,202;818,202;817,202;816,202;815,203;814,203;813,203;811,203;810,203;808,204;808,205;806,205;805,205;804,206;803,206;802,207;801,207;800,207;799,207;798,207;797,207;797,208;796,208;795,208;794,209;793,209;792,209;791,209;790,209;787,211;786,211;784,212;782,212;781,212;780,212;778,212;776,212;775,212;775,213;773,213;772,213;771,213;770,213;769,213;767,214;765,214;763,215;762,215;760,215;759,215;758,215;756,215;755,215;754,215;753,215;752,215;751,215;750,215;749,214;749,213;748,211;747,209;747,208;745,207;745,206;745,205;745,204;745,203;745,202;745,201;745,200;745,199;745,198;745,197;745,196;745,195;745,194;745,193;745,192;745,191;745,190;745,189;745,188;746,186;747,184;748,184;748,183;749,182;749,181;750,181;750,180;751,179;752,177;753,177;754,176;755,176;756,175;757,174;758,173;759,173;759,172;759,171;760,171;762,171;763,170;764,170;766,168;767,168;769,167;770,167;770,166;771,165;772,165;772,164;773,164;774,163;775,163;775,162;776,162;777,161;778,160;779,159;780,158;780,157;780,156;780,155;778,153;777,153;776,153;775,153;774,153;773,153;772,153;771,153;770,153;769,153;768,153;767,153;766,154;765,154;765,155;764,155;762,155;760,155;760,156;759,156;757,157;756,157;755,157;754,157;754,158;753,158;752,159;751,159;750,159;749,160;748,160;747,161;746,161;744,161;743,161;742,161;741,161;740,161;739,161;738,161;736,161;735,161;733,161;731,161;728,161;727,161;726,160;725,159;725,158;724,158;723,158;722,158;721,158;720,158;719,158;718,158;717,158;716,158;715,158;714,158;713,158;711,158;710,158;710,159;709,159;708,160;707,161;706,162;706,163;704,165;704,166;704,167;704,168;705,169;706,170;706,171;707,171;708,171;709,171;712,173;713,173;714,173;715,173;716,173;717,173;718,173;720,174;723,175;724,175;725,175;726,175;726,176;726,177;727,177;729,178;730,178;730,179;730,180;731,182;731,183;731,184;731,186;731,188;731,190;731,191;731,192;731,193;731,194;731,195;731,196;731,197;731,198;731,200;731,201;731,202;731,203;731,206;729,207;729,208;728,209;727,209;727,211;727,212;727,213;727,214;726,215;725,216;724,217;724,218;724,219;724,220;722,221;721,222;721,223;720,224;719,226;719,227;718,228;717,229;715,229;714,229;713,229;712,229;710,229;709,229;708,229;706,229;705,229;704,229;703,229;702,229;701,229;700,229;698,229;697,229;696,230;695,231;695,232;694,232;693,233;692,233;691,233;690,233;688,233;687,234;686,234;685,234;684,234;682,234;681,234;680,234;679,234;677,234;676,234;675,234;673,235;672,235;671,235;670,235;669,236;668,236;667,236;664,237;663,237;663,238;663,239;662,239;661,239;659,240;658,240;656,241;655,241;654,242;653,242;652,242;651,242;650,242;650,243;649,243;648,243;647,243;646,243;645,245;644,246;640,246;638,247;637,247;637,248;636,248;635,248;634,248;633,248;632,249;631,249;630,249;629,249;628,251;627,252;626,252;625,252;625,253;624,253;623,253;622,253;621,253;620,253;619,253;618,253;616,254;615,254;613,254;612,254;610,254;610,255;609,255;607,255;605,255;604,255;603,256;602,256;601,256;600,256;599,257;597,257;597,258;596,258;594,258;593,258;591,259;589,259;587,259;585,259;584,259;582,259;580,260;578,260;576,261;575,261;574,261;572,261;570,261;568,261;567,262;565,262;564,262;563,263;562,264;561,264;559,264;558,264;557,264;556,264;554,264;553,264;552,264;551,264;550,264;549,264;547,264;546,264;545,264;544,264;543,264;542,264;540,264;539,264;538,265;537,265;535,265;534,266;533,266;532,266;531,266;529,266;528,266;527,266;526,266;525,266;524,266;523,266;522,266;521,266;519,268;518,268;517,268;516,268;515,268;513,269;512,269;511,269;510,270;510,271;509,271;508,271;507,271;506,271;505,271;503,271;502,269;502,268;502,267;502,265;502,264;502,262;502,260;502,257;502,255;502,254;502,251;502,248;502,247;504,243;504,242;505,240;505,238;505,236;506,235;507,234;507,233;507,232;507,230;509,229;509,227;510,225;511,224;513,223;513,222;514,219;514,218;514,217;515,216;516,215;517,213;517,212;517,211;518,210;518,209;519,208;520,207;520,206;521,206;523,204;525,202;525,201;527,200;528,199;530,198;531,197;532,197;533,195;534,194;536,193;537,193;538,192;539,191;540,191;541,191;542,191;543,191;547,189;548,189;552,189;
Stroma; POLYGON; 128, 128, 128; 719,182;719,181;720,181;721,181;722,181;723,181;724,181;725,181;726,181;727,180;728,180;728,179;729,179;731,179;732,179;735,179;736,178;738,178;739,178;740,178;741,178;742,178;743,178;744,178;745,178;747,178;749,178;752,178;754,178;755,178;756,178;757,178;758,179;759,179;759,180;761,182;762,182;762,184;762,185;762,187;762,190;763,192;763,193;764,197;764,198;764,199;764,200;764,201;764,202;764,203;764,204;764,205;764,206;764,207;764,208;764,209;764,210;764,211;764,212;764,213;764,214;764,215;762,216;761,217;760,219;759,220;759,221;758,222;757,223;756,223;755,224;754,224;752,224;749,225;748,225;747,225;746,225;745,225;744,225;743,225;742,225;741,225;740,225;739,225;738,225;737,225;736,225;735,227;734,227;733,227;732,228;730,228;730,229;729,229;727,230;726,230;725,230;724,231;723,231;720,231;719,231;718,232;716,232;715,232;714,232;713,232;710,232;709,232;708,232;707,232;706,232;704,232;702,232;701,232;699,232;696,232;695,231;695,230;695,229;695,228;695,226;695,225;694,223;694,222;
Stroma; POLYGON; 128, 128, 128; 823,113;824,113;825,113;825,112;826,112;827,112;828,112;829,112;830,112;831,112;833,112;834,112;835,112;836,112;837,112;838,112;839,112;840,112;841,112;842,112;843,112;844,112;845,112;846,112;847,112;848,112;849,112;850,112;851,112;852,112;854,113;855,113;856,115;857,116;858,117;859,117;859,118;859,119;859,120;859,121;859,122;859,123;859,124;859,125;860,125;860,127;862,127;863,127;865,126;866,126;867,125;868,124;868,123;868,122;868,121;868,120;868,119;868,117;868,116;868,115;868,114;868,113;869,113;870,112;871,112;872,112;873,112;875,112;876,112;877,112;878,112;879,112;880,112;880,111;881,110;881,109;882,108;882,107;882,106;882,105;882,103;882,102;882,101;882,100;882,99;882,97;882,95;882,94;881,93;881,92;881,91;880,91;880,89;880,86;880,85;880,84;880,83;878,82;878,81;878,80;877,78;876,78;876,77;876,76;876,75;876,74;875,73;875,72;875,71;874,69;873,68;872,67;872,66;871,66;871,65;871,64;870,63;870,62;869,62;869,60;867,60;867,59;866,59;866,58;865,57;865,56;864,56;863,55;863,54;862,53;861,52;860,50;859,49;857,48;856,47;855,46;854,45;854,44;853,44;853,43;851,43;850,43;849,43;848,43;846,43;845,43;843,43;842,43;840,43;838,43;836,43;835,43;834,43;833,43;832,43;831,43;830,43;829,43;828,43;826,43;825,43;824,43;820,43;818,43;817,44;816,45;815,47;814,47;
Specular reflection; POLYGON; 191, 91, 22; 564,3;563,3;562,3;561,5;560,5;560,6;559,7;559,8;557,9;557,11;557,12;556,12;556,13;555,13;553,15;552,15;552,16;552,18;552,19;552,20;552,21;552,22;553,23;553,24;554,24;555,24;556,24;557,24;558,24;560,24;561,24;562,24;563,24;564,24;565,24;566,24;568,24;569,24;570,24;571,24;572,24;573,24;574,24;575,24;577,24;578,24;579,24;580,24;582,24;583,24;584,24;585,24;586,24;587,24;587,23;588,23;588,22;589,21;589,20;589,18;589,17;589,16;589,15;589,14;589,13;589,12;589,11;589,10;589,9;588,8;587,7;586,7;586,6;585,6;584,6;583,6;582,6;581,6;580,6;578,6;577,5;576,4;575,4;574,3;574,2;573,1;572,0;571,-1;569,-2;568,-2;567,-2;566,-2;566,-1;566,0;
Stroma; POLYGON; 128, 128, 128; 421,10;422,10;423,10;424,10;426,10;428,10;429,10;430,10;432,10;435,10;439,10;442,10;445,10;446,10;447,10;448,10;449,10;450,10;451,10;454,10;456,10;458,10;459,10;460,10;462,10;464,10;465,10;467,9;468,9;469,9;472,9;473,9;475,9;477,9;478,9;479,9;480,9;482,9;485,8;486,8;488,8;490,8;491,8;494,8;496,8;498,8;499,8;501,7;503,7;506,6;507,6;508,6;509,6;510,6;511,6;512,6;514,6;515,6;517,6;518,6;520,6;521,6;522,6;523,6;524,6;525,6;527,6;529,6;530,6;532,7;534,8;535,8;538,8;540,8;541,8;543,9;544,9;545,9;545,10;545,11;545,12;545,13;545,14;545,15;545,16;545,17;545,18;545,19;546,20;548,21;549,22;550,22;551,22;552,22;553,22;554,23;555,24;556,24;557,24;558,24;559,24;561,24;563,24;564,24;565,24;567,24;568,24;569,24;570,24;572,24;573,24;574,24;575,24;576,24;577,24;579,23;579,22;579,21;579,20;580,19;580,18;581,17;581,16;582,16;583,16;583,15;584,14;585,13;586,13;586,12;587,12;588,12;589,12;590,12;591,12;594,10;595,10;595,9;596,9;597,9;598,9;599,9;600,9;601,9;602,9;604,9;604,7;605,7;606,7;607,7;608,7;608,8;609,8;610,9;611,9;611,10;612,10;612,11;612,13;612,14;612,15;612,16;612,17;612,18;612,19;612,20;612,21;612,22;612,23;612,24;612,25;612,26;612,27;612,28;612,29;612,32;612,33;611,34;611,35;610,36;609,36;609,37;609,38;608,39;608,40;607,41;607,42;607,43;607,44;607,45;607,46;607,47;607,48;607,49;606,49;606,51;606,52;606,53;605,54;604,55;603,55;602,55;602,56;600,56;599,58;599,59;598,59;598,60;597,60;596,60;596,61;595,62;595,63;595,64;595,65;595,66;595,67;595,68;595,69;594,69;594,70;594,71;593,72;592,72;592,73;590,75;589,76;589,78;588,80;587,81;587,82;586,85;585,86;585,87;584,89;582,92;580,94;580,95;579,97;579,98;578,100;577,100;577,101;576,102;575,102;571,102;567,99;564,99;562,98;559,97;555,97;549,96;544,95;538,93;532,91;526,89;522,87;517,85;513,84;509,82;506,80;503,79;500,77;497,76;495,76;494,75;492,75;491,75;490,75;487,75;486,75;482,75;479,73;477,73;475,72;474,72;473,71;470,69;465,65;462,64;460,62;455,61;454,61;453,61;
Stroma; POLYGON; 128, 128, 128; 576,340;576,339;577,339;579,339;581,338;583,338;584,338;585,338;586,338;587,338;589,338;590,338;591,338;593,338;594,338;595,338;596,338;597,338;598,338;599,338;600,338;602,338;605,337;607,336;608,336;610,336;611,334;612,334;613,334;614,334;615,334;616,334;618,334;619,333;621,333;622,333;623,333;624,333;625,333;626,332;627,332;628,332;629,332;630,332;631,332;632,332;633,332;634,332;635,332;636,332;638,331;639,331;640,331;641,331;642,331;643,331;643,330;644,330;645,330;646,330;647,330;648,330;649,330;650,330;651,330;652,330;653,330;654,330;655,330;656,330;657,330;658,330;659,330;660,330;661,330;662,330;663,330;664,330;665,330;668,330;669,330;670,330;671,330;672,330;674,330;675,330;676,330;677,330;678,330;679,330;680,330;681,330;683,330;684,330;685,330;686,330;688,330;689,330;690,330;691,330;692,330;693,330;695,330;696,330;697,330;698,330;699,330;700,330;701,330;702,330;703,330;705,330;706,330;707,330;708,330;709,330;710,330;711,330;712,330;713,330;713,329;714,329;716,328;717,328;719,327;721,326;721,325;722,325;723,325;723,324;724,324;725,324;726,324;726,323;726,322;728,322;729,322;731,321;733,320;734,320;735,320;736,320;737,320;738,320;739,319;740,318;742,318;743,318;744,318;745,318;746,318;748,317;748,316;749,316;750,316;752,315;753,315;754,315;755,315;756,315;756,314;757,314;758,314;759,314;760,314;761,314;762,314;763,314;765,314;766,314;768,313;769,313;770,312;771,312;772,312;773,312;774,312;775,312;776,312;777,312;778,311;779,311;780,311;780,310;782,309;783,309;785,309;786,308;787,307;788,307;789,307;790,305;792,305;793,304;794,304;794,303;796,303;797,303;797,302;798,302;799,301;800,300;800,299;802,298;802,297;803,297;804,296;805,296;806,296;807,296;808,296;810,295;810,294;810,293;811,292;812,292;812,293;812,295;812,296;812,297;812,298;812,299;812,300;812,301;812,302;812,303;812,304;812,305;811,306;809,307;808,307;807,307;806,307;806,308;805,309;804,309;803,311;802,312;801,312;800,312;800,314;800,315;801,315;802,317;803,318;804,319;805,320;806,321;807,321;807,322;806,324;806,325;805,325;804,326;803,327;802,328;801,329;801,330;800,330;799,330;798,331;797,332;796,332;795,332;794,332;793,332;793,333;792,334;791,335;789,336;788,336;788,337;787,338;787,339;786,339;784,340;783,340;781,340;780,340;779,341;779,342;778,342;777,343;776,343;775,344;773,345;771,345;770,345;769,347;768,348;767,348;766,348;766,349;766,350;765,350;764,351;763,351;763,352;762,352;760,353;760,354;759,355;759,356;759,357;758,357;757,358;756,359;756,360;755,360;754,361;753,363;752,364;751,364;751,365;750,366;748,367;746,369;746,370;745,371;744,372;743,373;742,374;741,375;740,377;739,377;739,378;738,379;737,379;737,380;737,381;735,383;735,384;734,385;734,386;734,387;734,388;733,389;732,390;731,391;731,392;730,392;729,393;728,393;727,393;726,393;724,393;722,393;721,393;719,393;718,393;718,394;717,394;716,394;715,395;713,395;712,396;711,396;710,396;708,396;707,396;707,397;706,397;705,398;704,398;703,398;702,398;701,398;700,398;699,399;698,399;697,399;696,401;695,401;694,402;693,403;691,403;690,403;688,403;687,403;687,404;686,404;684,404;684,405;683,406;682,406;682,407;681,407;680,407;679,407;678,407;677,407;676,408;675,408;674,409;673,409;672,409;669,409;668,409;667,409;667,410;666,410;665,410;664,410;663,410;662,410;660,410;659,410;657,410;656,410;655,410;654,410;653,410;652,410;651,410;650,410;649,410;647,410;646,410;645,410;644,410;643,410;642,410;641,410;640,410;639,410;637,410;636,410;634,410;633,410;632,410;631,410;630,410;629,410;628,410;626,410;624,410;623,410;622,410;621,410;620,410;619,410;617,410;616,410;614,410;613,410;612,410;611,410;610,410;609,410;607,410;606,410;603,410;602,410;601,410;600,410;598,410;597,410;596,410;595,410;594,410;593,410;592,410;591,410;590,410;588,410;587,410;586,410;585,410;581,411;579,411;577,413;575,413;574,413;572,413;571,413;571,412;572,411;
Stroma; POLYGON; 128, 128, 128; 656,329;657,329;658,329;659,329;660,329;662,329;664,329;665,329;666,329;667,329;669,329;670,329;671,329;672,329;674,329;675,329;675,327;677,327;679,327;680,327;682,327;685,327;686,326;687,326;688,326;690,325;691,324;692,324;693,324;694,324;696,324;697,324;698,324;699,324;699,323;700,323;702,323;705,323;708,322;710,322;713,322;714,321;716,320;717,320;718,320;720,319;722,319;723,319;724,319;725,319;726,319;727,319;728,319;729,319;731,319;733,319;735,319;737,319;741,319;743,319;744,319;745,319;746,319;747,321;747,322;747,323;747,324;747,325;747,327;747,330;745,331;745,332;742,335;740,336;738,339;737,340;736,341;
Artery; POLYGON; 237, 28, 36; 828,316;828,315;828,314;828,313;828,312;828,311;829,309;830,309;830,308;831,308;832,307;833,307;834,307;835,306;836,306;837,305;837,304;837,303;837,302;837,301;837,300;837,298;837,297;836,296;835,296;833,296;832,295;831,294;830,294;829,294;828,294;827,294;826,294;825,294;824,294;822,294;821,294;820,294;819,294;818,294;817,294;816,294;815,294;814,294;813,294;812,294;812,293;812,292;811,291;811,290;811,289;811,286;812,284;813,281;815,279;815,278;815,277;817,274;818,273;819,272;820,272;822,272;827,269;829,267;832,265;834,264;837,262;840,260;842,258;844,257;846,256;847,255;849,253;849,252;851,251;853,250;854,249;857,248;860,246;861,246;865,245;868,243;870,241;872,239;877,237;878,236;880,234;884,231;886,229;888,229;891,228;894,226;896,225;898,224;898,223;901,221;902,219;903,218;904,217;905,216;907,215;908,212;910,211;911,210;913,209;914,208;916,206;917,204;918,204;919,203;919,202;920,201;920,200;921,200;925,198;926,198;927,197;929,196;930,196;931,196;934,196;935,196;937,196;938,196;940,196;941,196;942,196;944,195;946,195;947,195;949,195;950,195;952,195;954,195;956,194;956,193;957,193;958,192;959,192;960,192;961,192;963,192;964,191;965,191;966,191;967,191;967,190;968,189;969,189;969,188;969,187;970,187;971,185;972,185;973,185;974,185;975,184;976,184;977,184;978,184;979,184;980,183;981,183;982,183;984,183;985,183;986,183;987,183;988,183;989,183;990,185;991,185;993,187;993,188;995,189;997,190;997,191;998,191;998,192;999,194;999,195;999,196;999,197;1000,198;1000,199;1000,200;1000,201;1000,202;1000,203;1000,205;1000,206;1000,207;1000,208;1000,209;1000,211;1000,212;999,214;999,215;998,217;997,217;996,217;995,219;995,220;995,221;995,222;994,222;994,224;994,225;994,226;994,227;994,228;994,229;994,230;995,231;996,232;997,233;998,234;998,235;999,236;999,238;1000,238;1001,239;1002,240;1002,241;1002,243;1004,244;1004,245;1005,247;1006,248;1006,250;1007,251;1008,252;1008,253;1008,254;1008,255;1008,257;1008,259;1008,260;1008,261;1008,262;1008,263;1008,264;1008,265;1008,266;1008,267;1008,268;1008,269;1008,270;1008,271;1008,273;1008,275;1008,276;1008,277;1008,278;1008,279;1007,279;1007,281;1005,282;1005,283;1004,284;1004,285;1004,286;1003,287;1002,287;1002,288;1001,288;1000,289;999,290;999,291;996,293;995,293;994,294;994,295;993,295;992,295;991,296;990,297;990,298;989,298;989,299;987,299;985,300;984,300;983,301;982,301;981,302;981,303;981,304;980,304;980,305;979,305;978,306;977,307;977,308;976,309;
Artery; POLYGON; 237, 28, 36; 996,361;996,360;996,359;996,358;996,357;995,356;995,355;995,354;995,352;995,350;995,349;995,348;994,347;994,346;994,345;994,344;992,343;992,342;991,341;989,339;988,339;987,338;987,337;986,336;986,335;984,334;983,334;982,333;981,333;980,332;978,331;977,331;976,331;976,330;976,328;976,327;976,326;976,325;976,323;976,322;977,320;977,318;977,317;978,317;978,316;979,316;980,314;982,312;982,311;983,311;983,310;984,309;985,309;986,307;986,306;987,305;988,305;988,304;989,303;990,302;991,302;993,300;993,299;994,298;996,297;996,295;997,295;997,293;998,293;999,292;1000,290;1001,289;1002,287;1003,287;1004,287;1004,286;1005,285;1006,284;1007,284;1008,285;1010,286;1011,288;1012,289;1012,291;1012,292;1013,294;1014,295;1014,296;1014,297;1014,298;1014,299;1016,300;1016,302;1016,303;1016,304;1016,306;1016,307;1016,308;1016,309;1016,310;1016,313;1016,315;1016,316;1017,316;1017,317;1017,318;1017,320;1017,321;1017,322;1017,323;1017,324;1017,325;1017,326;1017,327;1018,329;1018,330;1018,331;1018,332;1018,333;1019,335;1019,336;1019,337;1019,338;1019,339;1019,341;1019,342;1019,343;1019,344;1019,346;1019,348;1019,349;1019,350;1019,351;1019,352;1019,354;1019,355;1019,356;1019,358;1019,361;1019,362;1019,364;1019,365;1019,366;1019,367;1018,367;1018,369;1018,370;1017,370;1017,371;1017,372;1015,374;1014,375;1014,376;1014,377;1014,378;1013,379;1013,380;1012,382;1011,384;1011,385;1010,386;1009,387;1009,389;1008,389;1008,390;1008,391;1007,391;1006,393;1006,395;1004,397;1003,397;1003,398;1001,398;1001,399;999,399;998,400;998,401;998,402;
Stroma; POLYGON; 128, 128, 128; 876,526;876,527;875,526;875,525;874,523;873,522;873,520;873,518;873,517;873,516;873,515;874,514;874,513;875,512;876,511;877,510;878,510;879,510;880,510;882,510;883,510;884,510;885,510;885,509;886,509;887,509;888,509;890,508;891,506;892,506;893,505;894,504;894,503;896,502;896,501;896,499;896,498;897,498;897,497;898,496;899,495;899,494;899,492;900,491;900,490;901,489;902,489;903,488;903,487;903,486;904,486;905,486;905,485;906,485;907,485;908,485;910,484;911,484;912,484;913,484;913,483;914,483;915,483;916,482;917,482;918,482;920,481;920,480;921,480;922,480;923,480;924,479;925,479;925,478;926,477;926,476;927,476;928,475;930,474;930,473;931,473;932,473;933,472;934,471;934,470;935,470;936,468;937,467;938,467;939,467;940,466;940,465;942,464;943,463;944,463;945,463;946,461;947,461;948,460;949,459;950,458;951,458;952,458;952,457;953,457;953,456;954,456;954,455;954,454;956,454;957,454;959,453;960,452;961,452;962,451;963,451;964,450;965,449;966,449;968,449;968,448;970,447;971,447;972,447;973,447;974,447;975,446;976,445;977,444;978,444;980,442;982,441;984,440;985,439;986,439;986,438;987,438;988,438;989,436;990,436;992,434;993,433;994,432;996,432;996,431;997,431;998,430;999,430;1000,429;1001,429;1003,429;1004,429;1005,428;1006,428;1007,428;1008,428;1009,427;1010,427;1011,427;1012,427;1014,427;1016,427;1017,427;1018,428;1019,430;1019,431;1020,433;1021,434;1021,437;1022,438;1022,440;1023,443;1023,445;1023,448;1023,450;1023,451;1023,453;1023,456;1023,457;1023,458;1023,461;1023,463;1023,464;1023,466;1023,467;1023,469;1023,471;1023,472;1023,474;1023,475;1023,476;1023,477;1023,478;1023,480;1022,481;1022,482;1021,484;1021,486;1021,487;1021,490;1020,492;1020,494;1020,495;1019,498;1018,500;1018,501;1017,505;1016,506;1016,507;1013,511;1013,512;1012,515;1012,516;1011,518;1010,520;1010,521;1010,523;1010,525;1010,526;1008,530;1008,531;1008,532;1008,534;1007,537;1007,538;1007,540;1007,542;1006,544;1006,545;1006,547;1006,548;1006,550;1006,551;1006,552;1006,555;1006,556;1006,557;1005,558;1005,559;1005,562;1005,564;1005,565;1005,567;1005,568;1005,569;1005,570;1005,572;1005,574;1005,575;1005,577;1005,579;1005,580;1005,582;1005,583;1005,585;1005,586;1003,587;1002,588;1001,589;1001,590;1000,590;999,590;998,590;997,590;996,590;995,590;994,590;993,590;992,590;991,590;990,590;989,590;987,590;986,590;985,590;984,590;984,591;983,591;982,591;980,591;979,591;978,592;977,592;976,592;975,592;973,592;971,592;969,593;968,593;966,594;965,595;964,595;963,595;962,595;961,595;960,595;959,595;958,595;957,597;956,597;955,598;954,598;954,599;953,599;952,600;951,601;950,602;949,604;948,604;948,605;947,605;946,606;945,607;945,609;945,611;944,612;943,612;943,613;943,614;943,615;943,616;943,618;943,620;943,621;943,623;943,624;943,625;943,626;943,627;943,629;943,630;943,631;943,632;943,633;943,635;943,636;943,637;943,638;943,641;943,642;946,646;946,647;947,649;947,650;948,651;948,653;950,655;952,658;953,662;956,664;959,668;962,672;965,676;967,679;970,682;971,684;973,685;974,689;977,691;977,692;978,694;978,695;978,696;979,698;979,701;982,703;983,706;983,709;983,711;983,712;983,714;983,716;983,718;983,721;983,724;982,727;980,729;980,730;979,733;977,735;977,736;977,738;976,740;976,741;974,743;973,745;973,746;972,747;972,749;970,750;969,753;968,754;967,754;967,755;965,755;964,755;962,756;961,756;959,756;958,756;955,756;954,756;952,756;951,756;949,756;946,757;944,757;941,758;940,758;939,758;937,758;936,758;934,758;933,758;932,758;931,758;930,758;930,757;929,756;928,756;927,755;926,755;924,754;923,754;922,754;921,754;920,753;919,753;919,752;918,752;918,751;917,750;916,750;915,749;913,748;912,747;912,746;911,745;910,744;910,743;909,743;909,741;909,740;908,740;908,739;907,739;907,738;906,737;906,736;906,735;905,734;905,733;904,732;904,731;903,730;902,730;902,729;902,728;901,728;900,727;899,726;898,726;898,725;896,723;894,722;892,721;891,720;890,720;889,719;888,719;887,717;886,717;886,716;885,716;885,715;884,715;883,714;882,714;882,713;880,713;878,711;877,711;875,710;874,710;872,710;872,709;871,708;869,707;868,707;867,707;866,705;864,704;863,704;863,703;862,702;862,701;861,701;861,699;860,698;860,697;860,696;860,695;859,695;859,694;859,693;858,692;858,691;858,690;858,689;856,687;856,686;856,685;856,684;856,683;855,681;855,680;855,679;855,678;854,677;854,676;854,675;854,674;854,673;853,672;853,670;853,669;853,668;853,667;853,666;853,664;852,663;852,662;852,661;852,660;852,658;852,657;852,656;852,655;852,654;851,654;851,653;851,652;851,651;851,650;851,649;851,648;851,647;851,646;851,645;851,644;851,642;851,641;851,640;851,639;851,638;851,637;851,636;852,635;852,634;852,633;853,632;854,631;854,630;855,629;855,628;857,628;858,628;859,627;859,626;860,625;861,624;863,624;863,623;864,623;865,622;866,621;866,620;866,619;868,619;869,618;869,617;870,616;871,615;872,614;872,613;872,612;872,611;874,610;874,609;875,609;875,608;876,608;877,606;878,604;880,603;881,602;881,601;882,601;883,600;883,599;884,598;885,597;886,597;886,596;887,596;887,595;889,594;889,593;890,593;891,593;893,593;893,592;894,592;895,592;896,592;897,592;897,591;898,591;899,591;900,590;901,590;903,590;904,590;904,588;905,588;906,587;907,587;909,586;910,586;910,585;912,585;913,585;913,584;915,584;916,584;918,584;919,584;920,583;920,582;921,582;922,582;923,582;924,582;925,582;926,582;927,581;928,581;929,581;930,580;931,579;932,579;933,579;934,579;934,578;935,577;935,576;936,576;937,576;938,576;940,576;941,575;942,575;944,573;945,573;946,572;947,572;948,572;949,572;950,572;951,572;953,570;954,569;955,569;956,568;957,568;958,567;960,565;960,564;960,563;960,562;960,561;960,560;960,559;960,558;960,557;960,556;960,555;960,554;960,553;960,552;960,551;960,550;960,549;960,548;960,547;959,547;959,546;958,545;957,545;957,544;956,544;955,543;954,543;953,543;953,542;953,541;952,541;951,541;950,541;948,541;947,541;946,541;945,540;944,540;943,540;942,540;941,540;940,540;938,540;937,540;936,540;935,540;934,540;933,540;932,540;931,540;930,540;929,540;927,540;925,539;924,539;923,539;922,539;921,539;921,538;920,538;919,537;918,536;917,535;916,534;915,533;914,532;913,532;912,532;911,531;910,530;910,529;908,529;907,529;906,529;905,529;903,528;902,528;900,528;897,528;895,528;894,528;893,527;892,527;891,527;890,527;889,527;888,527;887,527;886,526;885,526;883,526;882,526;881,526;879,525;878,525;876,524;875,524;874,524;873,523;872,523;872,522;872,521;872,520;872,519;872,518;
Artery; POLYGON; 237, 28, 36; 901,486;901,487;901,489;901,491;901,492;901,493;901,494;901,495;901,496;901,497;900,498;899,500;898,501;897,501;896,501;894,501;893,503;892,504;891,504;890,504;888,505;887,506;886,506;885,506;884,506;883,506;881,506;880,506;879,506;878,506;876,507;875,509;874,510;873,510;872,511;872,512;872,513;871,515;871,516;871,517;872,517;874,519;876,520;876,521;877,521;878,521;878,522;879,522;880,522;881,524;883,524;884,524;885,524;886,525;887,526;887,527;889,527;890,527;891,527;892,527;893,527;894,527;896,527;897,527;898,527;899,527;900,527;901,527;903,527;904,527;905,527;906,528;907,528;908,528;909,528;909,529;910,529;910,530;911,530;912,530;912,531;912,532;913,533;914,533;915,533;916,534;917,534;918,535;919,536;920,536;921,536;922,537;922,538;923,539;924,539;925,539;926,539;927,539;928,539;929,539;930,540;931,540;932,540;933,540;934,540;935,540;936,540;937,541;938,541;940,541;941,541;942,541;943,541;944,541;945,541;946,541;947,541;947,542;948,542;950,542;951,543;951,544;951,545;952,545;953,545;953,546;954,547;954,548;954,550;954,551;954,552;954,553;954,554;954,555;953,556;952,557;951,557;950,557;950,558;949,558;948,559;947,559;943,561;941,562;939,563;938,564;937,564;936,565;934,567;933,567;931,568;929,569;928,570;927,570;926,570;924,570;922,570;920,570;917,571;914,571;911,571;910,571;908,571;905,571;902,571;899,571;895,571;889,571;884,570;878,569;872,567;868,565;867,565;864,563;863,562;861,560;859,559;858,557;857,556;857,555;856,553;854,552;854,551;854,550;854,548;853,546;853,545;853,542;851,539;851,536;851,534;851,531;851,529;851,527;850,525;850,521;849,518;849,516;849,514;849,512;849,510;849,507;849,504;849,502;849,499;850,496;851,492;851,491;852,489;853,486;854,485;854,483;856,481;858,479;860,478;863,477;866,477;868,477;871,475;872,475;874,474;877,472;878,471;881,470;883,470;886,469;890,469;893,469;895,469;896,469;897,469;898,469;898,468;899,468;900,468;901,468;902,468;903,467;903,466;905,465;
Artery; POLYGON; 237, 28, 36; 994,421;994,422;994,423;994,424;994,425;994,427;994,428;994,429;994,430;993,432;993,433;993,434;993,435;992,435;992,436;991,436;991,438;991,439;990,439;990,440;989,441;988,441;987,441;987,442;986,442;985,444;984,444;984,445;982,445;981,446;979,447;978,447;977,447;976,447;976,448;975,448;974,448;973,448;972,448;971,448;970,448;968,448;966,450;964,450;963,450;961,451;961,452;958,452;956,452;953,453;952,453;951,454;950,454;949,454;948,454;947,454;945,454;944,454;941,454;939,454;938,454;935,454;935,453;934,453;933,452;932,452;931,451;930,449;930,448;930,447;929,445;929,443;929,441;929,440;929,438;929,437;929,436;929,435;930,435;932,435;
Artery; POLYGON; 237, 28, 36; 898,483;898,484;898,485;898,486;898,487;898,489;898,491;897,491;897,492;897,493;897,494;897,495;897,496;897,497;896,497;896,498;895,498;895,500;895,501;894,501;893,501;893,502;892,502;891,503;890,504;890,505;889,506;889,507;888,507;887,508;886,509;885,510;884,510;884,511;883,511;882,514;880,516;880,517;878,518;877,520;875,522;873,523;872,524;871,524;870,524;869,524;868,524;867,526;866,526;865,526;864,526;863,526;861,526;858,526;857,526;855,526;854,526;853,526;851,524;850,521;848,519;846,517;846,515;846,512;845,511;845,510;844,510;844,509;844,507;844,506;844,505;844,503;844,500;846,499;849,496;850,495;852,493;856,492;
Stroma; POLYGON; 128, 128, 128; 937,613;937,614;937,615;936,616;935,617;935,618;935,619;935,620;935,621;935,622;936,622;937,622;938,623;940,623;941,623;942,623;943,623;944,623;945,623;946,623;947,623;948,623;949,623;950,623;951,623;953,623;954,623;955,623;956,623;957,623;958,621;959,621;960,620;961,620;962,620;963,620;964,619;966,618;967,618;968,618;969,617;970,616;970,615;971,614;972,614;973,614;974,614;975,614;976,614;977,614;978,613;979,613;980,612;981,612;982,612;984,612;986,612;987,612;987,611;987,610;987,609;988,608;988,607;988,606;988,604;988,603;988,602;988,601;988,600;988,599;988,597;988,596;988,595;988,594;988,593;988,592;988,591;988,590;988,589;988,588;988,587;988,586;988,585;988,584;989,584;990,583;991,583;992,583;993,582;994,582;995,582;997,582;999,582;1000,580;1002,580;1003,580;1004,580;1005,580;1006,580;1007,580;1008,580;1009,580;1010,582;1011,582;1011,583;1011,584;1011,585;1012,586;1012,588;1012,590;1012,591;1013,595;1013,597;1013,599;1013,601;1013,603;1013,604;1013,607;1013,609;1013,611;1013,614;1013,616;1013,618;1013,621;1013,624;1013,625;1013,627;1013,629;1013,631;1013,632;1013,634;1013,636;1013,638;1013,639;1013,641;1013,643;1013,645;1013,647;1013,649;1013,651;1013,653;1013,656;1013,660;1013,662;1013,664;1013,667;1013,668;1013,671;1013,674;1013,677;1013,680;1013,682;1013,684;1013,688;1013,691;1012,694;1012,696;1011,698;1011,701;1010,704;1010,705;1009,708;1007,711;1006,714;1005,716;1004,719;1004,720;1002,724;1001,724;1001,725;1001,727;1000,727;1000,729;1000,730;1000,731;1000,733;1000,734;1000,735;999,736;999,737;998,737;998,738;998,739;998,740;998,741;997,742;997,743;996,743;995,746;995,747;995,748;995,749;993,751;993,752;993,753;991,754;991,755;990,755;990,756;989,756;988,758;987,758;987,759;986,760;984,761;983,761;982,763;981,763;979,765;978,765;977,765;976,765;974,765;972,765;970,765;968,765;966,765;962,765;959,765;956,765;954,765;953,765;951,765;950,765;948,765;945,762;944,762;943,761;941,759;940,759;939,759;938,759;937,758;936,758;935,758;934,757;933,757;933,756;932,755;931,755;930,754;929,753;928,752;927,750;926,748;925,747;925,746;924,744;924,741;923,740;923,739;923,738;923,736;923,735;922,734;922,733;922,732;922,731;922,730;
Stroma; POLYGON; 128, 128, 128; 851,660;851,661;851,662;851,663;851,664;851,665;851,666;851,667;851,668;851,669;851,670;851,671;851,672;851,673;851,674;851,675;852,675;853,676;853,677;854,678;854,679;855,680;856,681;857,682;858,683;858,684;858,685;859,685;859,686;859,687;860,688;860,690;860,691;860,692;861,693;861,694;861,695;862,696;862,697;862,698;862,699;863,700;863,701;863,702;864,703;865,704;866,704;866,705;867,705;867,706;868,706;869,706;870,706;870,708;871,708;873,709;874,709;875,710;876,711;878,712;879,714;879,715;880,715;880,716;881,717;882,717;882,718;883,718;884,718;885,718;885,720;886,721;887,722;888,722;889,723;889,724;890,724;890,725;891,726;892,726;893,727;894,727;895,728;896,728;896,729;897,729;898,731;899,731;899,732;900,732;900,733;901,733;901,734;902,735;903,735;903,736;903,737;903,738;904,738;904,739;905,739;905,740;906,740;907,741;909,743;909,744;910,744;911,744;913,745;913,746;914,747;915,748;915,749;916,749;916,750;917,751;918,752;918,753;919,754;919,755;920,755;921,756;921,757;922,757;922,758;923,759;924,761;925,761;925,762;926,763;927,764;927,765;928,766;928,767;929,767;929,768;931,769;932,770;933,771;934,772;934,773;935,774;936,775;936,776;937,776;938,777;939,778;940,779;942,779;943,780;943,781;944,781;944,782;945,782;946,783;946,784;947,785;949,786;949,787;950,787;952,787;952,788;953,788;954,788;955,788;956,788;957,788;958,788;960,787;961,786;962,786;964,785;965,785;967,784;968,783;969,782;970,782;971,782;971,781;972,781;974,779;974,776;975,775;976,774;977,773;977,772;979,769;979,768;980,768;981,766;981,765;981,761;982,761;983,760;983,757;984,756;984,754;985,752;986,749;987,747;988,744;990,742;990,741;990,737;991,737;992,736;992,735;993,734;993,731;993,730;994,728;994,727;994,726;994,725;994,724;994,723;
Stroma; POLYGON; 128, 128, 128; 263,896;262,896;260,896;259,897;258,897;258,899;258,901;259,902;261,906;264,907;266,908;270,910;273,911;276,913;281,915;285,917;290,918;296,920;300,922;306,923;310,925;315,927;319,928;324,929;329,930;335,931;339,932;344,933;345,933;346,934;349,934;350,934;352,934;353,934;355,934;358,934;362,935;363,935;365,936;366,936;367,936;368,936;370,936;373,936;374,936;377,936;379,937;382,937;384,938;386,939;389,939;393,940;398,941;399,941;400,942;402,942;406,943;410,945;413,946;417,947;419,948;421,949;423,949;426,949;426,950;427,950;427,951;428,951;429,951;430,951;431,952;434,954;436,955;440,956;443,957;445,957;446,957;447,957;448,957;448,958;449,959;452,959;453,959;456,959;459,961;462,961;466,961;468,961;470,961;471,961;475,961;478,961;482,961;486,961;490,961;492,961;495,961;498,961;499,961;503,959;505,958;509,956;513,954;518,951;521,950;524,949;526,948;529,947;532,943;536,940;536,937;537,934;538,931;539,927;539,925;539,923;539,920;539,917;539,914;538,911;536,908;535,904;531,901;526,896;523,892;518,889;513,887;509,885;504,883;500,882;494,881;490,880;484,880;479,880;474,880;468,880;461,880;456,880;451,880;445,880;441,880;437,880;431,879;425,878;420,877;414,876;409,875;404,874;400,873;394,872;389,872;383,871;376,870;370,869;363,868;356,867;349,866;342,865;336,864;331,863;326,863;325,863;325,862;324,862;324,863;324,865;
Stroma; POLYGON; 128, 128, 128; 563,512;564,512;565,512;566,512;567,512;569,512;570,512;570,510;571,510;572,510;573,510;574,510;575,510;576,510;577,510;578,510;579,510;581,510;582,510;583,510;584,510;585,510;586,510;587,510;588,510;589,510;590,510;591,510;593,509;594,509;595,509;596,509;596,508;597,508;598,508;599,508;600,508;601,507;602,507;603,507;604,507;605,507;606,507;607,507;608,507;609,507;610,507;611,507;613,507;614,507;616,506;618,506;619,506;620,506;621,506;622,506;624,504;625,504;626,504;627,504;628,504;629,503;630,503;631,503;632,503;634,503;635,503;636,503;637,503;638,503;639,503;640,503;641,503;642,503;644,503;645,503;646,503;647,503;648,503;649,503;650,503;651,503;652,503;654,503;655,503;656,503;657,502;658,502;659,502;660,502;661,501;662,501;664,501;666,500;667,500;668,500;670,500;670,499;671,498;672,498;673,498;673,499;672,499;671,500;671,501;671,502;671,503;670,504;670,505;670,506;670,507;670,508;670,509;670,511;669,511;669,512;668,512;668,514;668,515;668,516;667,517;667,518;665,519;665,520;663,523;663,524;662,525;661,525;661,526;661,527;660,529;658,530;658,531;658,532;658,533;658,534;658,535;658,536;658,537;658,538;657,540;657,541;657,543;657,544;657,545;656,545;656,546;656,547;656,549;656,550;655,551;654,551;652,553;651,554;651,555;651,556;650,556;650,557;649,559;648,560;648,562;647,563;647,565;647,566;646,567;646,568;646,569;645,569;645,570;644,571;642,572;640,574;640,575;640,576;639,577;638,578;637,580;636,580;636,581;635,581;635,583;634,584;633,586;633,587;632,587;631,588;630,589;629,590;628,591;628,592;627,593;626,594;625,595;624,597;624,598;623,598;622,599;622,600;620,601;619,601;619,603;618,604;617,604;616,604;615,604;613,605;612,605;610,606;609,606;608,606;606,606;605,606;604,606;603,606;602,606;601,606;599,606;598,606;596,606;595,606;592,606;591,606;589,606;586,606;582,606;579,606;576,605;574,603;572,603;569,602;566,601;561,600;558,599;555,599;551,598;546,597;543,595;540,594;537,593;533,591;532,590;531,589;530,588;529,588;528,587;526,584;525,583;524,583;524,582;523,582;523,581;
Stroma; POLYGON; 128, 128, 128; 522,616;521,616;520,616;519,616;519,617;518,617;517,618;516,618;516,619;515,619;514,620;513,620;512,621;512,622;511,622;510,622;509,623;508,623;507,623;506,624;505,625;505,626;504,626;503,626;502,626;501,626;500,626;499,626;498,626;497,626;496,626;495,626;494,626;493,626;491,626;490,626;488,626;486,626;485,626;484,626;482,626;481,626;481,627;480,627;479,627;478,627;476,628;475,628;474,629;472,629;469,629;468,629;467,630;466,630;464,630;463,630;462,630;460,631;460,632;458,632;457,632;456,632;455,632;454,632;453,632;452,632;451,632;450,632;449,632;448,632;447,632;446,632;444,632;443,632;442,632;441,632;440,632;439,632;438,632;437,632;436,632;435,632;434,632;433,632;430,632;429,632;428,632;427,632;426,632;424,632;422,632;422,631;420,631;418,630;417,630;416,630;415,630;414,630;414,629;413,629;412,629;411,629;410,629;407,627;405,627;402,626;399,625;397,624;395,623;394,623;394,622;394,621;394,619;394,617;394,616;394,613;396,611;397,610;398,607;399,606;402,605;403,604;405,604;406,604;408,604;411,604;415,604;417,604;420,604;424,604;427,603;429,602;432,601;434,600;437,600;437,599;439,599;441,599;445,599;447,599;449,599;452,599;455,597;458,596;460,594;462,592;
Stroma; POLYGON; 128, 128, 128; 129,680;129,681;129,682;131,684;132,684;133,684;134,684;134,685;136,686;137,686;137,687;138,688;140,688;141,688;142,688;143,689;144,689;145,689;146,689;147,689;148,689;149,689;150,689;151,688;152,687;153,687;154,687;155,687;156,687;157,687;158,687;159,686;160,686;161,686;162,686;163,686;164,686;166,686;167,686;168,686;169,686;170,686;172,686;173,686;175,686;176,686;177,686;178,686;179,686;180,686;181,686;182,685;183,685;184,685;185,685;186,684;188,684;189,684;190,684;191,684;192,683;193,683;193,682;194,682;195,681;196,681;196,680;197,679;198,679;199,679;199,678;200,676;202,673;202,672;202,670;204,667;205,665;205,662;205,660;205,658;205,655;205,653;205,652;206,651;206,650;206,651;208,652;
Stroma; POLYGON; 128, 128, 128; 277,665;278,664;279,664;280,662;282,662;283,662;286,662;287,662;289,662;290,662;291,662;292,662;293,662;294,662;296,662;297,662;299,663;300,664;301,664;302,664;303,665;304,665;305,665;306,665;307,665;308,665;310,665;311,665;312,665;313,666;314,666;315,666;316,666;317,666;318,666;319,666;320,666;321,666;323,666;324,666;326,667;327,667;328,668;330,668;331,668;332,668;333,668;335,668;337,667;338,667;339,666;339,665;339,664;340,664;341,663;341,662;341,661;341,659;342,658;342,656;343,654;343,653;343,652;344,650;344,649;346,649;346,648;347,648;348,647;350,646;352,644;352,643;352,642;353,640;354,638;355,637;356,636;
Artery; POLYGON; 237, 28, 36; 271,666;272,666;274,666;275,666;276,666;277,666;280,666;282,666;283,666;284,666;285,666;286,666;287,665;288,665;289,665;290,665;291,665;292,665;293,665;293,663;294,662;295,662;296,662;298,662;299,662;300,661;301,661;302,661;303,661;304,661;305,660;306,660;308,660;309,660;311,660;312,660;313,660;314,660;315,660;316,660;317,660;318,660;319,660;320,660;321,660;322,660;323,660;324,660;325,660;327,660;328,660;330,660;331,660;332,660;333,660;334,660;335,660;336,660;338,659;340,658;341,658;342,658;343,657;343,656;344,656;345,656;346,656;348,655;348,654;349,654;350,654;350,653;352,653;353,652;354,651;355,650;356,649;359,648;360,648;361,647;362,647;363,647;364,647;365,645;366,645;367,645;368,644;369,644;370,644;371,644;372,643;373,643;375,642;377,641;378,641;378,640;378,639;380,639;381,639;382,639;383,639;384,638;387,638;388,637;389,637;390,637;391,637;393,636;394,636;395,636;397,634;398,634;400,634;400,633;401,633;403,633;404,633;405,632;406,632;408,632;409,632;410,631;412,631;414,631;416,630;417,630;418,630;419,630;420,630;421,629;422,629;424,629;426,631;427,631;427,632;429,634;429,636;429,637;429,638;429,639;429,641;429,643;429,646;429,648;429,650;429,651;429,653;429,654;429,655;427,656;425,660;424,661;420,664;417,667;413,670;409,670;405,675;403,677;401,679;400,680;395,684;393,685;390,688;388,689;385,690;382,691;378,693;372,695;368,696;362,698;356,700;350,702;345,704;338,706;332,707;326,708;322,709;318,710;317,710;316,711;314,711;313,711;312,711;311,711;310,711;308,711;307,711;306,711;305,711;304,711;303,711;302,711;301,711;300,711;299,712;300,714;300,715;302,719;
Artery; POLYGON; 237, 28, 36; 84,812;83,812;83,813;83,814;81,814;81,815;80,816;79,816;78,816;77,817;76,818;75,819;74,820;73,820;72,820;71,821;69,822;68,822;66,823;65,823;64,823;61,823;60,823;60,824;58,826;58,827;57,827;57,828;56,828;56,829;54,831;54,832;52,833;50,834;49,834;49,835;49,837;49,838;49,839;49,840;49,841;49,843;49,844;49,846;51,847;52,848;53,849;53,850;54,850;55,851;55,852;57,853;60,854;62,856;65,856;66,857;66,858;66,859;67,859;68,859;69,859;69,860;70,860;71,860;72,862;73,865;75,866;76,866;76,867;77,867;78,868;79,870;80,870;80,871;81,871;81,872;82,872;83,873;84,873;85,874;86,874;88,876;90,877;92,878;93,878;93,879;94,879;95,879;97,879;98,880;99,880;100,881;101,882;102,882;102,883;103,884;104,884;105,884;107,885;108,885;108,887;109,888;110,889;111,890;112,890;113,890;113,891;114,891;115,892;116,892;117,893;118,893;121,894;122,894;123,895;124,895;125,895;126,895;127,895;128,895;129,896;131,896;132,896;133,896;134,896;135,896;137,896;139,896;142,896;144,896;145,896;146,896;147,895;148,895;148,893;149,893;149,892;150,892;151,892;152,892;154,891;155,891;156,891;157,890;158,890;159,890;160,890;161,890;163,889;164,889;165,889;166,889;167,889;168,889;170,888;170,887;171,887;172,887;173,887;174,887;175,886;176,886;178,886;179,886;179,885;180,884;180,883;180,882;180,881;180,880;179,879;178,879;177,879;175,879;174,879;171,878;169,877;166,876;165,875;164,874;164,873;164,872;164,871;164,869;164,868;166,867;167,866;168,865;169,864;170,863;171,863;173,860;176,859;178,857;183,853;184,851;187,849;189,848;190,847;194,842;195,842;197,839;197,836;200,833;203,829;206,827;209,824;214,821;218,818;221,816;
Artery; POLYGON; 237, 28, 36; 119,690;119,689;118,689;117,689;116,689;115,689;115,688;113,686;112,685;112,684;112,683;112,682;112,681;112,680;112,679;112,678;112,677;112,676;111,676;111,675;111,674;111,673;111,672;111,671;111,670;111,669;111,668;111,666;111,665;111,664;111,662;111,661;109,661;108,660;108,659;108,658;108,657;108,656;108,655;108,654;108,653;107,652;107,651;107,650;107,649;107,648;107,647;107,646;107,645;107,644;107,643;106,643;106,641;106,640;106,639;106,638;106,637;105,636;105,635;105,633;104,632;103,632;102,632;102,633;102,634;102,635;102,636;102,637;102,638;102,639;102,640;102,641;102,642;102,643;102,644;102,645;102,646;102,647;102,648;102,649;102,650;102,651;102,652;102,653;102,654;102,655;102,656;102,657;102,659;102,660;102,661;102,662;102,663;102,664;102,666;102,667;102,668;102,669;102,670;102,672;102,673;102,674;102,675;102,677;102,679;103,679;103,680;103,682;103,683;103,685;103,686;103,688;104,689;104,690;106,695;106,696;111,700;
Artery; POLYGON; 237, 28, 36; 676,678;676,679;676,680;676,681;676,682;676,683;676,685;678,687;678,688;679,688;679,689;679,690;679,691;679,692;679,694;680,695;681,697;682,698;683,698;683,700;684,700;684,701;685,701;687,703;688,703;688,704;689,704;691,705;692,705;692,706;693,707;695,707;695,709;696,709;696,710;696,711;698,711;698,712;698,713;698,714;698,715;698,716;698,717;698,718;699,719;699,720;699,721;699,722;699,723;700,723;700,724;701,724;701,725;701,726;701,727;702,728;702,729;703,730;704,731;705,731;705,733;706,734;706,735;707,735;707,736;708,737;709,737;710,738;710,739;711,740;712,741;713,741;714,741;715,742;716,743;716,745;716,746;717,746;718,747;718,748;719,749;719,750;720,751;720,752;721,753;721,754;722,756;722,757;723,758;724,759;724,760;725,761;725,762;725,763;725,764;726,764;726,765;728,765;729,766;730,767;731,768;732,769;732,770;733,770;734,770;735,770;736,771;737,771;738,771;739,771;739,773;741,774;742,774;743,774;744,774;745,774;745,775;746,775;747,775;748,775;750,775;751,775;753,775;756,772;760,770;760,769;761,768;763,765;765,762;766,760;766,756;767,754;767,750;767,746;767,742;767,740;767,737;767,734;767,732;767,729;767,726;766,723;764,720;764,718;762,716;761,713;761,710;761,708;761,705;761,703;760,700;760,698;760,696;759,693;759,691;758,690;758,689;758,688;757,688;757,687;755,686;755,685;753,684;752,683;
Artery; POLYGON; 237, 28, 36; 294,663;293,663;292,663;291,663;290,663;289,663;287,663;286,663;285,663;283,663;282,663;281,663;280,663;279,663;277,663;276,663;275,663;273,663;272,663;271,663;270,663;268,663;267,663;266,663;265,663;264,663;261,663;259,663;258,663;257,663;255,664;253,664;252,664;250,665;248,665;247,665;246,665;246,666;245,667;244,668;243,669;242,669;242,671;241,671;240,673;240,674;240,675;240,676;240,677;240,678;240,679;240,680;240,681;240,682;240,685;242,686;244,688;247,688;249,688;251,689;254,689;257,689;261,689;265,689;270,689;275,689;276,689;277,689;278,689;279,689;280,689;281,689;282,689;283,689;285,690;
Artery; POLYGON; 237, 28, 36; 243,714;241,714;240,714;239,714;237,714;235,714;233,714;232,713;231,713;230,713;228,713;227,713;225,713;223,711;222,711;221,711;220,711;220,710;219,710;219,708;218,707;218,705;218,704;218,702;218,700;218,698;218,697;218,696;219,695;221,694;222,693;225,692;227,692;229,692;231,691;232,691;234,691;235,690;237,690;238,690;241,690;
Artery; POLYGON; 237, 28, 36; 791,336;790,336;788,337;787,337;787,338;786,338;785,338;784,339;782,339;782,340;780,341;779,341;778,343;777,343;777,344;776,344;776,345;775,345;775,346;773,346;773,347;771,348;770,348;770,349;768,350;768,351;768,352;768,353;767,354;767,355;767,356;766,357;766,358;766,359;766,360;766,361;766,362;766,363;766,364;766,365;766,366;766,367;766,368;767,368;770,369;772,369;773,370;774,370;775,370;777,370;
Artery; POLYGON; 237, 28, 36; 924,368;924,366;924,365;924,364;925,364;925,363;927,361;927,360;927,359;927,358;927,357;927,356;927,353;927,352;927,350;927,349;927,348;927,347;927,345;927,343;926,340;924,339;924,337;921,336;919,336;918,336;917,336;914,336;911,336;908,336;904,336;901,336;899,336;897,337;897,338;895,340;895,341;894,344;894,346;
Artery; POLYGON; 237, 28, 36; 1261,125;1261,126;1261,128;1261,129;1261,131;1261,133;1264,136;1264,138;1264,139;1264,140;1264,141;1264,142;1264,144;1264,145;1264,146;1264,147;1264,148;1264,149;1264,151;1264,152;1264,153;1264,154;1264,155;1264,156;1264,157;1264,158;1264,159;1264,160;1264,161;
Artery; POLYGON; 237, 28, 36; 221,292;222,292;224,291;225,291;226,290;227,290;229,290;230,290;230,288;232,287;233,287;234,287;236,287;237,287;239,287;240,287;242,287;243,287;244,287;245,287;246,287;247,287;248,287;249,287;250,287;251,287;253,287;255,287;257,287;260,287;263,287;264,287;265,287;267,287;268,287;269,287;270,287;271,287;272,287;273,287;274,287;275,287;277,287;278,287;279,287;280,287;281,287;282,287;283,287;284,287;285,287;286,287;287,287;290,287;291,287;292,287;293,287;294,287;295,287;296,287;297,287;298,287;299,287;301,287;302,287;303,287;304,287;305,287;306,288;307,288;308,289;309,289;309,290;311,290;312,291;312,292;313,292;313,293;313,295;313,296;313,297;314,298;315,299;316,300;317,301;317,302;317,303;317,305;317,306;317,307;317,308;317,309;317,311;317,312;317,314;
Artery; POLYGON; 237, 28, 36; 674,675;674,676;673,676;673,677;673,678;673,679;673,680;673,681;673,682;673,683;673,684;674,684;674,685;674,686;674,687;674,688;675,689;676,689;676,690;677,690;677,691;678,691;679,693;679,694;680,694;681,694;681,695;681,696;682,696;683,697;683,699;684,700;685,701;686,701;687,701;687,702;688,702;688,704;688,705;688,706;688,707;688,708;689,709;689,710;689,711;691,713;692,714;693,714;694,715;695,715;697,715;699,715;701,716;704,717;706,717;707,717;708,717;710,718;713,718;717,718;720,718;721,718;723,718;725,718;727,718;730,718;733,716;735,714;736,713;736,711;738,708;740,705;740,703;742,700;744,697;746,693;747,693;748,691;749,690;750,689;751,688;751,687;752,687;
Artery; POLYGON; 237, 28, 36; 120,780;120,781;119,781;118,782;118,783;117,783;115,783;114,784;113,784;112,784;111,784;111,785;111,786;110,786;108,786;107,786;106,788;105,788;104,788;103,788;102,789;101,790;99,792;98,794;97,794;96,795;95,796;95,797;94,797;92,798;91,799;91,800;91,801;90,801;90,802;89,802;88,804;87,804;87,805;86,805;86,807;85,807;84,807;83,809;83,810;82,812;82,813;82,814;82,815;82,816;82,817;82,820;83,822;84,822;86,823;88,823;91,823;93,823;95,824;99,824;102,824;106,826;110,826;114,826;117,826;121,826;125,826;127,825;129,824;131,822;133,821;
Artery; POLYGON; 237, 28, 36; 145,767;142,767;141,767;139,767;137,767;136,767;135,767;134,767;133,768;133,769;133,770;132,770;131,770;130,771;130,773;130,774;130,775;130,776;130,777;130,778;131,779;131,780;132,782;133,783;135,784;136,785;138,788;139,788;140,788;141,789;142,790;143,790;144,791;145,792;147,792;149,794;151,794;152,794;154,793;155,793;155,792;156,792;157,791;
Vein; POLYGON; 63, 72, 204; 687,101;687,102;687,103;687,104;687,105;688,106;689,106;690,106;690,108;690,109;691,109;691,110;692,111;692,112;692,114;692,115;692,116;692,117;692,118;691,119;691,120;691,121;690,122;689,123;688,124;687,125;687,126;687,127;687,128;687,129;685,131;685,132;684,133;684,134;684,135;683,135;682,136;682,137;682,138;681,139;681,140;681,141;680,141;679,141;678,142;677,143;677,144;676,144;675,144;674,145;673,145;672,145;671,145;670,145;669,145;667,145;665,145;663,145;661,145;660,146;659,146;657,146;656,146;
Vein; POLYGON; 63, 72, 204; 684,91;684,92;684,93;684,94;684,96;684,97;685,97;685,99;685,100;685,101;686,101;686,102;686,103;686,104;686,105;686,106;686,107;686,108;686,110;686,111;687,112;687,113;687,114;688,116;688,117;688,118;688,119;688,120;689,121;689,123;689,124;689,125;689,126;689,127;689,128;689,129;689,130;689,131;688,132;687,134;686,135;686,136;686,137;685,138;684,139;683,139;682,140;679,140;678,141;677,142;676,143;675,143;674,143;674,144;673,144;672,144;671,144;670,144;668,144;667,144;666,144;665,145;664,145;662,145;660,146;658,146;655,146;654,146;653,146;652,146;652,147;651,148;
