Specular reflection; POLYGON; 191, 91, 22; 47,239;47,240;48,240;49,239;50,238;51,238;52,238;53,238;54,237;55,237;56,237;57,235;58,235;59,235;60,235;61,234;62,233;63,233;64,232;65,232;66,232;66,231;67,231;68,230;68,229;68,228;68,227;69,226;70,225;72,225;75,225;76,225;77,225;78,225;79,224;80,224;81,224;82,224;84,223;86,223;87,223;87,222;89,221;90,221;91,221;93,221;94,221;95,221;96,220;98,219;98,218;100,218;101,217;102,215;102,214;103,214;104,214;105,213;106,213;107,212;107,211;108,211;108,210;110,210;110,209;111,209;111,208;112,208;113,208;114,208;115,208;115,207;117,207;118,207;118,206;119,206;121,205;123,205;123,204;124,204;125,204;126,204;128,203;129,203;130,203;132,203;133,203;134,203;135,202;136,202;137,202;138,202;139,202;140,202;140,201;142,200;144,200;145,200;147,200;149,198;150,198;151,198;153,198;154,198;156,198;157,198;159,198;160,197;161,197;162,196;163,196;165,195;166,195;167,195;168,195;169,195;170,194;171,194;172,192;174,192;175,192;177,190;178,190;179,190;180,190;181,190;182,190;184,190;185,189;186,189;187,189;189,188;190,188;191,188;192,188;193,188;194,187;195,187;196,186;197,186;199,186;201,186;202,186;203,185;205,185;206,185;208,185;210,185;211,185;212,185;214,185;215,184;217,184;218,184;220,184;221,184;224,183;225,183;226,183;228,183;229,183;231,183;234,183;236,183;237,183;238,183;239,183;240,183;241,182;242,181;243,180;244,180;245,180;247,180;248,180;248,179;250,178;251,178;252,177;253,177;254,176;255,174;256,173;258,172;258,171;258,170;258,169;258,168;257,167;256,166;255,166;254,166;253,166;252,166;251,166;250,166;249,166;246,166;243,166;240,166;239,166;238,166;236,166;234,166;232,166;230,166;229,166;228,166;227,166;226,166;224,166;222,166;221,166;220,166;219,166;217,166;216,166;215,166;214,166;213,166;211,166;210,166;209,166;208,166;207,166;206,166;205,166;204,166;202,166;200,167;199,167;197,167;196,168;194,169;193,170;192,170;191,170;190,170;189,170;188,170;186,170;185,171;184,171;182,171;180,171;178,172;177,173;175,173;174,173;173,173;172,173;171,173;169,173;167,173;166,173;165,173;164,174;162,174;160,174;160,175;159,175;158,175;157,175;156,175;154,175;152,175;151,175;151,176;150,176;149,176;148,176;147,176;146,176;145,176;144,176;143,176;142,176;141,176;139,176;138,176;136,176;135,176;134,176;132,176;131,176;130,176;129,176;128,176;128,175;127,175;126,175;125,175;123,175;121,173;120,173;119,173;118,172;117,171;117,170;117,169;116,169;115,168;115,167;114,167;112,166;112,165;111,165;110,165;109,164;109,163;108,163;107,163;105,163;104,163;103,163;102,163;100,163;99,163;98,163;97,163;96,163;96,164;95,164;94,164;92,164;91,165;90,166;89,167;88,167;87,168;86,170;86,171;86,172;86,173;86,174;86,175;86,176;86,177;86,178;86,179;86,180;85,181;85,182;84,183;83,184;82,184;81,185;80,185;80,186;79,186;78,188;77,189;75,190;75,191;75,192;74,193;73,193;72,195;71,196;70,196;69,196;67,197;67,198;66,198;64,199;63,201;63,202;61,202;60,203;59,204;59,205;58,205;58,207;57,208;57,209;56,210;55,210;55,211;54,211;53,211;51,212;51,213;49,213;47,213;45,213;42,213;40,213;39,213;38,213;37,213;36,213;35,214;34,215;34,216;34,217;34,218;34,219;34,220;34,221;34,222;34,223;34,224;34,225;34,226;34,227;34,228;34,229;34,233;34,234;34,235;34,236;34,237;34,238;36,239;36,240;37,240;38,241;39,241;40,241;41,242;43,242;44,242;45,242;47,242;48,242;49,242;50,241;51,240;54,240;55,240;57,240;58,240;59,240;
Specular reflection; POLYGON; 191, 91, 22; 171,153;172,153;172,152;174,152;175,152;176,152;177,151;179,151;180,151;181,151;182,151;183,151;184,151;185,151;189,151;190,151;191,151;192,151;193,151;194,151;196,150;198,150;199,150;201,149;203,149;205,149;206,149;207,149;208,149;209,149;210,149;211,149;212,149;213,149;215,149;217,149;218,149;220,149;221,149;222,149;223,149;224,149;225,149;226,149;227,148;228,148;230,148;231,148;232,148;233,148;234,148;236,148;237,148;238,148;239,148;241,148;243,149;244,149;245,150;246,150;247,150;248,150;250,150;253,151;254,152;255,152;256,153;257,153;258,153;259,154;260,154;261,155;262,155;264,157;265,158;266,159;267,159;268,159;269,160;272,160;273,160;274,161;276,161;277,162;279,163;280,163;281,163;282,164;283,165;284,165;284,166;284,167;284,168;285,170;286,170;287,170;288,171;289,171;290,171;292,171;295,171;296,171;297,171;299,171;300,171;301,171;302,171;303,171;305,171;306,172;307,173;308,173;309,174;310,174;310,175;310,176;311,176;312,176;313,176;314,176;315,177;317,177;318,177;319,177;320,177;320,178;321,178;322,179;323,179;324,179;325,179;327,179;329,179;330,179;331,179;332,179;333,178;336,177;337,177;338,177;339,177;340,177;341,175;342,175;343,174;343,173;344,173;345,172;346,172;347,172;348,171;348,170;348,169;350,168;351,168;352,168;353,167;354,167;355,167;355,166;356,166;357,166;358,166;359,166;360,166;362,165;363,164;364,163;365,163;365,162;366,162;367,162;368,162;369,161;370,161;371,160;372,160;374,158;375,157;376,157;377,157;378,156;378,155;380,155;381,154;382,154;383,153;383,152;383,151;384,150;385,149;386,148;387,146;387,145;388,144;389,143;390,143;391,143;392,143;393,143;395,143;397,143;398,143;399,143;401,143;402,143;404,143;405,143;407,143;409,144;410,145;411,146;412,146;413,147;414,147;415,147;416,148;417,148;419,148;420,148;420,149;422,149;423,149;425,149;426,149;427,149;429,149;431,149;432,149;433,149;434,149;435,149;436,149;437,149;438,149;440,149;441,149;442,149;443,149;444,148;445,148;445,147;445,145;445,144;445,143;445,142;445,141;445,139;445,138;445,137;444,137;444,136;444,135;443,135;443,134;441,134;438,133;437,133;436,132;435,132;434,132;432,132;429,131;426,131;424,130;423,130;422,130;421,130;420,130;419,130;418,130;417,130;416,129;416,128;416,127;416,126;416,125;416,124;416,123;415,121;415,120;415,119;414,118;414,117;413,115;412,115;411,115;409,114;406,114;405,114;404,114;403,114;402,114;400,114;398,113;394,113;393,113;390,112;389,112;387,112;386,112;385,112;382,111;381,111;380,111;379,111;378,111;377,111;376,111;375,111;374,111;373,111;372,111;370,111;369,111;368,111;366,111;365,111;364,111;363,111;362,111;360,111;358,111;357,111;356,111;355,111;353,111;352,111;349,111;348,111;347,111;346,111;345,111;344,111;342,111;341,111;339,111;338,111;336,111;335,111;334,111;332,111;331,111;330,111;329,111;328,111;327,111;326,111;325,111;323,111;322,111;321,111;320,112;319,112;319,113;318,113;317,115;316,115;314,115;312,115;309,115;307,114;305,113;302,111;300,111;298,110;298,109;297,109;296,108;295,107;294,106;292,106;290,106;289,106;288,106;288,105;287,105;286,105;284,104;283,103;282,102;280,102;279,102;277,101;276,101;274,100;271,99;270,99;268,99;267,99;266,99;265,99;264,99;263,99;262,99;261,99;259,99;257,99;256,99;254,99;253,99;252,99;250,99;247,98;245,98;243,98;241,97;240,97;238,97;237,96;236,96;235,96;233,95;232,94;230,94;229,94;228,93;227,93;226,93;225,93;223,93;221,91;219,91;218,91;217,91;216,91;215,91;214,91;213,91;211,91;211,92;210,93;209,93;208,93;208,94;207,95;206,96;206,97;206,98;205,98;205,99;204,99;204,100;203,100;202,101;201,101;200,101;199,102;199,103;198,104;197,104;196,104;195,104;194,104;192,105;190,106;188,107;188,108;187,109;186,109;185,110;184,110;183,111;182,112;181,112;181,113;180,114;180,115;179,115;178,116;177,117;176,120;175,120;175,121;174,121;173,123;173,124;173,125;172,126;171,128;170,128;170,130;170,131;169,131;168,132;167,132;167,133;167,134;166,134;165,135;164,135;163,136;162,137;162,138;162,139;162,140;162,141;162,142;162,143;162,144;162,145;162,146;162,147;162,148;162,149;164,150;165,150;166,150;168,153;169,153;170,153;170,154;171,155;171,156;172,158;173,158;174,158;175,158;176,158;177,158;178,158;179,158;180,158;181,158;182,158;183,158;184,158;186,158;187,158;189,158;190,158;191,158;192,158;192,157;193,157;194,156;194,155;195,154;195,153;195,152;195,151;195,149;195,148;195,147;196,146;
Specular reflection; POLYGON; 191, 91, 22; 404,289;403,289;400,289;399,289;397,289;396,289;394,288;393,288;392,288;390,288;388,288;386,288;384,287;381,287;379,286;378,286;377,286;375,286;374,286;373,285;372,285;371,285;368,283;367,283;366,283;365,283;363,282;362,282;361,282;360,282;359,280;357,280;356,280;354,280;353,280;352,280;351,280;350,279;349,279;348,279;347,279;344,279;343,279;342,279;340,279;339,279;337,279;336,279;335,279;333,279;331,279;330,279;329,279;328,279;326,279;325,279;323,279;322,279;321,279;320,280;320,281;319,281;318,281;317,282;317,283;316,283;315,284;314,285;314,286;314,288;314,289;314,290;314,291;314,292;314,294;314,295;314,296;314,297;315,298;316,301;318,303;320,304;321,304;324,306;325,306;326,307;327,307;328,308;330,308;331,309;332,309;333,310;335,310;335,312;337,312;338,312;339,312;340,312;341,313;342,313;343,313;343,314;345,315;346,315;347,316;348,316;349,316;349,317;349,318;350,318;351,319;351,320;351,321;352,322;354,324;356,324;357,325;358,325;358,326;359,326;360,326;361,327;365,328;366,329;370,330;373,330;374,330;377,330;379,331;381,331;382,331;383,331;384,331;385,331;386,331;388,331;388,332;389,332;393,333;394,333;395,333;396,334;397,334;398,334;399,334;399,335;401,336;401,337;402,337;403,337;404,338;405,338;406,338;406,339;407,340;409,340;412,342;413,343;416,344;417,344;419,344;420,344;421,345;422,345;424,346;425,346;426,347;430,347;431,347;432,347;434,347;435,348;437,349;438,349;440,349;441,349;442,349;443,349;444,349;446,349;447,349;448,349;450,349;451,349;452,349;453,349;454,349;456,349;457,349;458,349;460,349;461,349;463,349;464,349;465,349;466,349;467,349;468,349;469,349;470,349;471,348;472,348;473,347;474,347;475,347;476,347;477,347;478,347;479,347;480,347;481,347;482,347;483,348;485,348;487,348;488,348;489,348;491,348;492,348;494,348;495,348;496,348;498,348;500,348;502,347;503,347;504,347;505,347;506,347;507,347;508,347;509,347;510,347;511,347;513,347;514,347;516,347;518,347;519,347;520,347;521,347;523,347;524,347;526,346;527,345;528,345;529,345;530,344;532,344;534,342;535,342;536,342;538,341;539,341;540,341;541,341;541,340;542,340;544,339;546,339;547,339;548,339;549,339;551,339;552,339;553,339;554,339;555,339;557,339;558,339;559,339;560,339;561,340;562,340;564,341;565,342;565,343;566,343;567,343;568,344;569,344;570,345;571,346;572,346;573,348;574,348;575,349;576,349;577,350;578,350;579,350;580,350;582,351;583,351;584,351;585,351;586,351;587,351;589,351;590,351;591,351;592,351;593,351;594,351;595,350;596,350;597,350;598,350;599,348;600,348;602,348;603,346;604,346;605,346;606,346;606,345;607,344;607,342;607,341;607,340;607,338;607,337;607,336;606,336;603,335;601,334;597,333;594,331;591,331;589,331;586,331;583,331;580,331;579,331;577,330;576,329;576,328;574,328;573,327;572,327;571,327;570,327;568,327;566,327;565,327;562,327;561,327;560,326;559,326;557,325;555,325;554,325;552,324;551,324;550,324;550,323;550,322;549,322;549,321;548,320;547,319;546,319;544,319;543,318;542,318;541,317;540,316;539,315;538,314;537,314;536,312;534,312;533,311;532,311;531,310;530,310;529,309;528,309;527,309;525,308;524,308;523,308;522,308;521,308;520,308;518,308;516,308;513,308;511,308;509,310;506,311;505,311;504,311;503,311;500,311;499,311;497,311;495,311;494,311;492,311;492,312;491,312;490,312;488,312;487,312;486,312;484,312;482,312;481,312;480,312;479,312;477,312;475,312;473,312;471,312;470,312;469,312;467,312;466,312;464,312;461,312;460,312;459,312;457,312;456,312;455,312;453,311;452,311;452,310;452,309;451,309;450,309;449,308;448,307;447,306;447,305;446,304;445,303;445,302;445,301;445,300;444,298;444,297;444,296;443,295;442,294;440,293;439,292;438,292;437,292;436,292;435,292;433,292;432,291;430,291;427,291;425,291;424,291;422,291;421,291;419,291;418,291;415,290;414,290;412,290;411,290;409,289;407,289;406,289;404,288;401,288;399,286;398,285;395,285;391,285;390,285;389,285;
Specular reflection; POLYGON; 191, 91, 22; 926,98;925,99;925,100;925,101;925,102;925,104;925,106;925,107;925,109;925,111;925,113;926,114;926,116;927,116;927,117;927,118;928,119;928,120;928,121;929,122;929,123;930,124;930,125;930,126;931,127;931,128;931,129;932,130;933,131;933,133;933,134;933,135;933,136;934,136;934,137;934,139;934,140;934,141;934,143;935,145;935,147;935,148;935,149;935,151;935,153;934,153;932,154;930,154;929,154;928,155;927,156;925,158;924,159;923,161;922,162;921,163;920,164;917,164;915,164;913,164;912,165;911,165;911,166;910,166;909,166;908,166;907,167;906,167;906,168;906,169;906,170;906,171;905,171;905,172;905,173;905,175;905,176;905,177;905,178;905,179;905,180;905,181;905,182;905,183;905,184;906,186;906,189;907,190;909,190;909,192;910,193;911,194;911,195;912,196;913,197;914,197;915,197;915,198;915,199;916,200;917,200;918,201;921,202;922,202;923,202;923,203;925,203;926,203;927,203;928,205;929,205;931,206;932,207;934,208;935,209;936,210;937,211;937,212;938,213;939,213;941,214;943,214;944,214;945,215;946,215;947,216;947,217;948,217;949,218;950,218;951,219;952,219;954,219;955,219;956,220;957,221;958,221;959,221;959,222;960,222;961,222;962,223;964,223;965,223;966,223;968,222;968,221;969,220;970,219;971,219;972,216;973,215;973,213;974,213;976,211;977,211;977,210;978,208;978,207;979,206;979,205;980,204;981,204;981,202;981,201;981,200;981,199;981,198;982,198;983,198;984,197;984,196;985,196;986,196;987,196;988,196;990,196;991,196;992,196;993,196;994,196;995,196;996,195;996,194;997,193;997,192;997,191;997,190;997,189;997,187;997,186;997,185;997,183;997,180;997,178;997,174;996,174;995,173;995,171;995,170;994,170;993,168;992,167;992,166;990,165;988,164;987,164;986,162;986,161;985,160;984,159;982,158;981,157;980,157;978,155;978,154;977,154;976,153;975,152;975,151;974,150;973,149;972,147;972,146;971,145;971,144;970,144;970,143;970,141;970,140;970,139;969,139;969,138;969,136;969,135;969,134;968,133;968,131;967,130;966,129;966,128;965,128;965,126;964,125;964,124;964,123;963,123;960,123;959,122;958,121;957,120;956,119;954,117;953,116;952,115;952,114;952,113;951,111;951,110;951,109;951,108;951,106;950,105;950,103;950,102;950,101;949,100;948,99;948,98;948,97;947,96;946,94;945,94;945,93;944,93;943,92;942,92;942,91;941,90;940,89;940,88;940,87;939,87;938,89;937,89;937,90;936,90;935,91;935,92;934,92;934,93;932,94;932,95;932,96;931,98;930,98;929,99;928,100;928,101;926,102;
Specular reflection; POLYGON; 191, 91, 22; 718,595;718,596;718,598;718,600;718,601;718,602;718,603;718,604;718,605;718,606;718,607;717,607;717,608;717,609;716,610;714,611;712,612;712,613;711,613;710,614;709,614;708,614;708,615;707,616;706,617;705,617;704,617;702,617;701,617;700,617;699,617;698,617;697,617;696,617;694,617;693,617;691,617;689,619;687,619;686,620;685,620;684,622;683,622;682,622;681,623;680,624;678,625;678,626;677,627;677,628;677,629;676,629;675,630;674,631;674,633;674,634;673,635;672,636;672,637;671,640;670,640;670,641;670,642;669,643;669,644;667,646;667,647;667,648;667,649;667,650;666,650;666,651;666,653;666,654;666,655;666,656;666,657;666,658;666,659;666,660;666,661;666,662;667,664;668,664;669,666;669,667;669,668;670,669;671,670;672,671;672,672;673,672;673,673;674,674;674,675;676,675;676,676;679,677;680,677;683,679;685,680;687,681;688,681;690,682;691,683;692,683;693,683;694,683;695,684;696,684;696,686;698,688;700,689;701,689;702,691;703,691;707,693;708,693;709,695;711,695;713,696;714,696;715,697;716,698;717,700;719,700;720,701;721,702;723,703;724,703;725,703;726,704;727,705;728,705;729,705;730,706;731,706;733,706;733,707;734,707;736,708;738,708;741,709;743,710;747,710;748,711;750,712;751,712;752,714;753,714;754,714;755,715;755,716;756,716;757,716;759,718;761,718;762,718;763,719;764,720;765,720;767,721;768,721;769,721;771,721;772,721;774,721;775,722;777,724;779,724;781,724;783,724;784,724;785,724;787,725;789,726;791,726;792,727;794,727;795,727;797,727;798,727;799,727;801,727;802,727;802,726;803,724;804,722;804,721;804,720;804,718;804,717;804,716;804,714;804,713;804,711;804,710;804,709;804,708;803,707;803,706;803,705;801,703;800,702;798,698;797,697;797,696;797,695;797,694;796,693;795,692;794,691;793,691;793,690;793,689;792,688;792,687;792,686;792,685;792,684;792,683;792,682;792,681;792,680;792,679;792,678;792,677;792,676;792,675;792,674;792,673;794,672;795,671;796,670;797,670;798,670;799,669;799,668;800,668;801,668;802,667;802,666;803,666;804,665;805,665;806,665;807,664;807,663;807,662;808,662;809,661;810,661;811,660;812,660;813,659;814,658;814,657;816,655;817,655;818,655;818,654;818,653;818,651;818,650;819,649;819,648;819,646;819,645;819,643;819,642;819,641;819,640;819,639;819,637;819,636;819,635;817,634;817,633;816,632;816,631;816,630;815,630;814,630;813,630;811,630;810,630;810,629;808,629;806,629;805,629;803,628;802,628;801,628;800,627;799,627;798,627;798,626;797,625;797,624;796,624;795,623;794,622;793,621;792,620;792,618;791,617;790,617;790,616;789,615;789,614;789,613;789,611;788,610;787,609;786,608;784,606;783,605;782,604;781,604;780,604;779,604;777,603;776,602;774,602;773,602;772,602;771,602;770,602;769,602;768,602;767,602;766,603;765,603;764,603;763,603;762,603;761,603;760,603;759,603;758,603;757,603;755,602;754,602;753,601;752,600;752,599;750,598;750,597;749,597;749,596;747,596;746,594;746,593;744,593;743,593;742,593;742,592;741,592;739,592;738,592;737,591;736,591;734,591;733,591;732,591;730,591;729,591;728,591;727,591;726,591;725,591;724,591;722,591;721,591;721,592;720,592;719,592;718,592;717,594;
Specular reflection; POLYGON; 191, 91, 22; 670,567;669,567;668,567;667,567;665,567;664,567;663,567;661,567;660,567;659,567;658,567;657,567;656,568;655,568;654,568;653,568;652,568;651,568;650,568;649,570;648,570;647,571;646,571;646,572;644,574;641,576;639,577;638,577;638,578;636,578;635,578;634,580;633,580;632,580;632,581;630,581;629,582;628,582;627,583;627,584;627,586;627,587;627,588;627,589;627,590;628,590;629,590;630,590;631,591;632,591;633,591;633,592;634,592;635,593;636,594;637,594;638,594;639,594;640,594;642,595;643,595;644,595;645,595;646,595;647,595;649,595;650,595;651,595;653,595;654,595;655,595;656,595;657,595;658,595;659,595;660,595;662,594;663,594;664,593;665,593;666,593;667,592;668,592;669,592;669,591;670,591;672,590;673,590;674,590;677,590;678,589;679,589;680,589;681,589;681,588;682,587;682,586;683,586;684,585;685,584;686,584;686,583;686,582;687,582;689,580;690,579;690,578;691,577;692,576;693,574;694,573;694,572;694,571;694,570;694,569;694,568;694,566;694,565;695,565;696,564;697,562;697,560;697,559;696,559;695,559;694,559;693,559;692,559;691,559;690,559;688,559;687,559;686,559;685,559;684,559;683,559;682,559;681,559;680,560;679,560;678,560;677,560;676,560;675,561;674,562;673,562;673,563;672,563;671,564;671,565;671,566;670,566;668,566;665,566;664,566;663,566;663,567;662,567;662,568;
Specular reflection; POLYGON; 191, 91, 22; 844,629;843,629;842,629;841,630;840,631;839,632;838,632;836,634;836,636;835,637;835,639;835,640;835,641;835,642;835,643;835,645;835,646;835,647;835,648;835,649;835,650;835,651;835,652;835,653;835,654;835,656;835,657;835,658;835,659;835,660;833,662;833,663;832,663;832,665;832,666;831,668;830,669;830,670;830,671;830,672;829,673;829,674;829,675;828,676;827,676;827,678;827,679;826,680;826,681;826,682;826,683;826,684;824,686;824,687;823,687;823,689;822,690;821,692;821,693;820,694;819,695;819,696;819,698;819,699;819,700;819,701;819,702;819,703;819,705;819,706;819,707;819,708;821,709;822,710;823,710;824,710;825,712;825,713;826,713;827,713;828,714;829,714;829,715;830,715;831,715;832,715;832,716;834,716;836,718;837,719;838,719;838,720;839,720;840,721;842,721;844,721;847,722;848,722;849,722;850,722;851,722;852,723;853,723;854,723;855,723;856,725;857,725;859,725;860,725;861,725;862,725;863,726;864,726;865,726;866,726;867,727;868,727;871,728;872,728;873,728;874,728;875,728;876,728;877,727;878,727;879,727;882,726;883,725;883,724;883,723;883,722;883,721;883,719;883,718;883,717;883,716;883,715;883,714;883,713;883,712;883,711;883,710;881,708;880,708;880,707;879,705;878,704;877,703;876,703;875,702;874,700;872,699;871,699;871,698;871,697;871,696;871,695;871,694;871,693;871,692;871,691;871,690;871,689;871,688;871,687;870,686;869,686;869,685;869,684;869,682;868,680;868,679;868,678;868,677;868,676;869,675;870,675;870,674;870,673;870,672;870,670;870,669;870,668;870,667;870,666;870,665;869,665;869,664;869,663;869,662;868,662;868,661;867,660;867,659;866,659;865,658;865,657;864,656;863,655;862,653;861,653;861,651;861,649;861,648;861,647;861,645;861,644;861,643;861,642;861,641;861,640;861,638;861,637;861,636;861,635;861,634;861,632;861,631;861,630;861,629;861,628;861,627;861,626;861,625;861,624;861,623;860,621;860,620;859,620;858,620;857,620;856,620;855,620;854,620;853,621;852,622;852,623;851,623;851,624;850,625;850,626;
Specular reflection; POLYGON; 191, 91, 22; 942,720;941,718;941,717;941,716;940,714;939,713;938,712;937,712;936,712;935,712;933,711;932,711;928,711;927,710;926,710;925,710;924,710;924,712;923,713;923,714;922,715;921,716;921,717;920,719;920,720;920,721;919,723;919,724;919,725;918,727;918,728;918,729;918,730;918,732;918,733;918,734;918,735;918,736;918,737;918,738;918,739;918,740;918,741;918,742;918,743;918,744;918,745;918,746;918,747;918,749;919,751;919,752;921,753;922,754;923,754;925,755;925,756;927,757;928,757;929,757;930,757;932,759;933,760;934,761;934,762;935,763;936,763;937,764;938,764;939,764;940,765;940,766;941,766;942,766;943,767;943,768;943,769;943,770;943,771;944,772;945,774;946,775;947,776;948,776;948,777;948,778;949,779;949,780;950,780;950,781;951,782;951,783;951,784;951,785;951,786;952,786;952,788;953,788;954,790;955,792;955,793;955,794;955,795;955,796;955,798;955,799;955,800;955,801;955,802;955,804;955,805;955,806;955,807;955,808;956,810;956,811;956,812;957,813;958,814;958,815;959,817;960,817;961,817;962,818;963,819;966,819;967,819;969,819;970,819;971,819;973,819;974,819;974,818;976,818;976,817;977,817;978,816;979,816;980,815;981,814;982,813;983,813;985,813;987,813;990,813;992,813;993,813;994,813;995,813;996,813;997,812;997,811;998,811;999,811;999,810;1000,810;1001,810;1002,809;1003,808;1004,807;1005,805;1005,804;1007,802;1008,802;1008,801;1008,799;1008,798;1009,796;1010,794;1010,793;1010,791;1010,790;1010,788;1010,787;1010,785;1010,784;1010,783;1010,781;1010,779;1010,778;1010,777;1010,776;1010,774;1010,773;1010,772;1009,772;1009,771;1009,770;1009,769;1009,768;1009,767;1009,766;1009,765;1009,764;1009,763;1009,762;1009,761;1009,760;1010,759;1011,758;1012,758;1013,756;1014,756;1014,755;1015,755;1015,754;1016,754;1016,753;1017,752;1018,751;1018,750;1018,749;1018,748;1018,747;1018,746;1018,744;1018,743;1018,742;1018,741;1018,740;1018,739;1018,738;1018,737;1018,736;1018,735;1018,734;1019,731;1019,730;1020,730;1020,729;1021,728;1021,727;1021,726;1022,724;1022,723;1023,722;1023,721;1023,720;1023,719;1023,717;1023,716;1023,715;1023,714;1023,712;1023,711;1023,710;1023,709;1023,708;1023,707;1023,706;1022,705;1022,704;1021,703;1021,702;1020,702;1019,702;1018,700;1017,698;1016,697;1015,696;1015,695;1014,694;1013,694;1012,694;1010,691;1009,691;1008,691;1007,691;1007,690;1006,690;1005,690;1004,690;1003,690;1002,690;1001,690;999,690;998,690;997,690;996,690;995,690;994,692;993,692;991,692;990,692;989,692;988,692;987,692;985,692;984,692;982,692;981,692;979,693;979,694;978,695;978,696;978,697;978,698;978,699;978,700;978,701;978,702;978,703;978,704;978,705;978,706;978,707;978,708;978,710;978,711;978,712;978,713;978,714;978,716;978,717;978,718;978,719;978,720;978,721;978,723;978,724;978,725;977,727;976,727;976,728;976,729;976,730;976,731;975,731;975,732;975,733;974,733;974,734;974,735;973,735;973,736;972,737;972,738;971,739;969,739;968,739;967,739;966,739;964,739;961,739;959,739;958,739;956,739;955,739;954,739;953,739;952,738;951,738;950,738;950,737;949,736;949,735;949,734;949,733;947,732;945,731;945,730;944,729;944,728;944,727;944,726;943,726;943,725;943,724;942,722;942,721;941,720;941,719;940,719;940,718;939,716;939,715;939,714;939,713;939,712;939,710;939,709;
Specular reflection; POLYGON; 191, 91, 22; 748,328;749,328;750,328;751,328;752,328;753,328;754,328;756,328;757,328;758,328;759,328;760,328;761,327;762,327;764,327;765,327;766,327;767,327;768,327;769,326;770,326;771,326;772,326;774,326;775,326;776,326;777,326;778,326;780,326;781,326;782,326;783,325;784,325;787,325;788,325;789,324;789,323;789,322;790,321;790,320;790,319;790,318;790,317;790,316;791,315;791,314;791,313;791,311;792,310;792,309;792,308;790,307;789,307;787,307;783,307;782,307;781,307;780,307;779,307;778,307;777,307;776,307;775,307;774,307;773,307;772,307;771,307;770,307;769,307;768,307;766,307;765,307;763,307;762,307;761,307;760,308;759,308;758,308;757,308;756,308;755,308;753,308;752,309;751,309;750,310;749,310;748,310;748,311;747,311;746,311;745,311;745,312;744,312;743,312;742,312;741,312;740,313;739,314;738,316;738,317;738,318;738,320;738,321;738,322;738,323;739,324;740,325;742,326;743,326;744,326;745,327;746,327;747,327;748,327;750,327;751,327;754,327;
Specular reflection; POLYGON; 191, 91, 22; 762,316;762,315;761,315;760,314;759,314;758,314;757,314;756,314;755,313;754,313;753,313;752,313;751,313;750,311;749,311;748,311;747,311;746,311;743,311;742,311;742,312;741,312;741,314;741,315;740,315;740,317;740,319;739,320;739,321;738,321;738,322;738,324;738,325;738,326;738,327;738,329;739,330;740,331;741,331;742,331;743,331;
Specular reflection; POLYGON; 191, 91, 22; 756,319;754,319;753,319;752,319;750,318;748,318;747,318;746,318;745,318;744,319;743,319;742,320;741,321;741,322;740,323;740,325;740,326;740,327;740,328;740,329;741,330;741,331;742,332;742,333;742,334;743,335;744,335;745,335;746,335;747,335;748,335;749,334;749,333;750,332;750,331;751,330;752,330;754,329;755,328;755,327;756,326;756,325;756,324;757,324;758,323;758,322;758,321;758,320;758,319;
Specular reflection; POLYGON; 191, 91, 22; 182,36;184,36;187,36;189,36;192,36;195,36;198,37;201,38;204,39;207,39;210,40;215,41;220,43;225,45;229,46;230,46;230,47;231,47;232,49;233,50;233,51;234,51;235,51;236,52;237,53;238,54;239,55;241,55;242,57;244,58;245,58;246,58;247,59;248,59;249,60;250,60;251,60;252,60;253,60;254,61;255,61;256,61;260,63;262,64;263,64;264,64;265,64;267,64;268,65;269,65;273,65;278,66;282,66;285,67;287,68;288,68;290,68;292,69;293,69;295,69;298,69;299,69;302,70;303,70;305,70;307,71;309,71;310,71;313,71;315,71;317,72;319,72;320,73;321,73;322,73;325,74;327,75;330,75;332,76;334,76;334,77;335,77;335,78;337,78;342,78;346,80;348,81;350,82;353,82;354,83;356,83;357,83;358,83;360,84;361,84;363,84;364,84;366,85;367,85;371,85;372,85;375,85;376,86;379,86;380,86;382,87;383,87;385,88;387,88;387,89;388,89;389,89;390,90;391,90;393,91;394,91;396,91;397,91;398,92;399,92;400,93;401,93;402,94;403,95;404,95;406,95;408,95;409,95;410,95;411,96;413,96;415,97;417,97;418,98;421,98;421,99;422,99;423,100;425,100;427,101;429,101;431,101;432,101;434,101;435,101;437,102;438,102;439,102;440,102;443,103;445,103;446,103;447,103;450,103;450,104;451,104;453,104;454,105;455,105;456,105;457,105;458,106;461,107;462,107;463,107;464,107;465,107;466,107;468,107;470,107;472,107;473,107;474,107;475,107;476,107;478,108;480,108;481,108;483,108;484,108;484,107;485,107;486,106;487,106;488,106;488,105;490,105;491,105;492,105;492,104;494,103;496,102;497,102;497,101;498,100;499,99;500,98;501,98;502,98;502,97;503,97;503,96;505,96;507,96;508,96;509,94;510,94;511,93;512,93;514,93;517,92;518,92;519,92;521,91;523,91;525,91;527,90;529,90;530,90;531,89;532,88;533,88;535,87;537,87;538,87;539,86;541,85;541,84;541,83;541,82;541,81;543,80;543,77;543,76;543,75;542,73;541,72;541,71;539,70;538,68;537,67;535,67;534,66;533,66;531,66;530,65;529,64;527,63;526,63;525,63;524,63;522,62;520,62;519,61;518,61;516,61;515,61;514,61;513,61;512,61;511,61;508,61;507,61;506,61;504,61;503,61;501,61;499,61;497,62;495,62;494,62;492,63;491,63;489,63;488,63;486,63;484,63;483,63;481,63;477,63;474,62;473,62;472,61;471,61;470,61;468,59;466,59;465,59;462,56;460,56;458,55;457,54;456,53;455,53;455,52;454,52;452,50;450,50;449,49;447,49;446,49;445,49;444,49;444,48;443,48;442,48;441,48;440,48;439,48;437,48;436,48;435,48;434,48;433,48;432,48;431,48;430,48;429,48;428,49;426,49;425,50;423,51;422,51;420,51;417,52;415,52;413,52;412,52;411,52;409,53;408,53;407,53;406,53;406,54;405,54;403,54;402,54;401,54;399,54;397,54;396,54;395,54;394,54;391,54;390,54;389,54;386,54;386,53;385,52;384,51;383,50;383,49;382,49;380,49;379,49;377,48;375,48;374,47;373,47;372,46;371,46;370,46;369,46;368,45;366,44;365,43;364,43;364,42;363,41;363,40;362,40;362,39;359,38;358,37;357,36;356,35;355,35;354,35;354,34;353,34;352,33;351,33;349,32;348,32;347,32;346,32;345,32;344,32;343,33;343,34;343,35;342,35;342,36;340,39;339,40;339,41;337,41;336,41;335,41;334,41;333,42;330,42;328,42;326,42;324,42;322,42;321,42;319,42;316,42;315,42;313,42;312,42;311,41;310,41;309,40;307,39;306,38;304,38;302,37;299,36;298,36;297,36;296,36;295,35;293,34;291,33;289,33;286,32;285,32;284,32;282,32;282,31;280,30;278,30;276,30;275,30;273,29;272,29;271,29;270,29;269,29;268,28;267,28;266,27;264,26;263,26;260,26;257,25;256,25;255,24;254,24;253,24;252,24;251,23;250,23;249,23;248,23;246,21;245,20;244,20;243,20;243,19;241,18;239,18;236,16;235,16;231,14;230,14;230,13;229,13;228,13;227,13;226,12;225,11;224,11;223,11;221,11;221,10;220,10;218,10;217,10;216,10;215,8;214,8;213,8;209,8;207,8;205,8;203,8;201,8;201,7;200,7;198,7;196,7;194,7;192,7;191,7;189,7;188,7;187,7;186,8;185,9;184,10;183,10;182,11;181,12;180,13;180,14;180,16;179,16;179,17;179,18;179,19;179,20;179,21;179,22;179,23;179,24;179,25;180,26;181,28;181,29;182,29;183,31;184,31;185,32;185,33;186,34;187,34;190,36;
Specular reflection; POLYGON; 191, 91, 22; 603,100;602,100;601,100;600,100;598,100;597,100;596,100;595,100;594,100;593,100;593,101;593,104;594,104;594,105;596,106;596,107;595,107;593,108;592,108;591,108;589,109;587,109;586,109;585,109;584,109;583,110;582,111;580,112;579,112;578,114;577,114;576,115;576,116;576,117;575,117;575,118;575,119;575,120;575,121;575,122;575,123;575,124;575,125;576,127;577,127;578,128;579,129;580,130;581,131;583,133;583,134;584,135;585,135;585,136;587,136;588,136;589,136;590,137;591,137;592,138;593,138;594,138;595,138;596,138;597,138;598,138;599,138;601,138;603,138;604,138;605,138;606,138;607,138;608,138;609,138;610,138;610,137;611,137;613,137;614,136;615,136;615,135;616,134;617,134;618,133;618,132;618,131;618,129;618,128;618,127;618,126;618,125;617,125;616,123;615,123;613,121;611,121;609,121;607,121;606,120;606,118;606,117;607,117;609,116;609,115;610,115;611,114;612,114;613,114;614,112;614,110;614,109;615,109;615,108;615,107;615,106;615,105;615,103;614,102;613,102;612,102;610,100;608,99;607,99;606,99;606,98;606,97;604,97;603,97;602,96;601,96;600,96;599,96;598,96;597,96;595,96;594,96;
Specular reflection; POLYGON; 191, 91, 22; 653,76;652,76;651,76;650,76;649,76;648,76;647,76;646,76;646,77;645,77;644,78;643,79;643,80;643,81;642,81;641,82;641,84;642,86;642,87;642,88;642,89;642,90;643,91;643,92;644,94;645,95;645,96;647,97;648,98;649,98;650,98;651,98;651,99;652,100;652,101;653,102;654,103;654,104;654,105;654,107;654,108;653,110;653,111;653,112;653,113;653,114;653,115;653,116;653,117;653,118;654,118;654,120;655,121;656,122;658,122;659,122;660,122;661,122;662,122;663,122;665,122;666,122;668,122;669,122;670,122;671,122;672,122;672,121;673,120;673,119;674,119;674,118;675,117;675,116;675,115;675,113;676,112;676,111;676,110;676,109;676,108;676,107;676,106;675,105;675,104;675,103;674,102;674,101;674,100;673,99;672,99;672,97;671,95;671,94;670,93;669,93;668,92;668,91;668,90;668,88;668,87;667,86;667,85;667,84;667,83;667,81;666,80;665,79;664,78;663,78;663,77;662,77;661,77;660,77;659,77;658,77;657,77;656,77;655,76;654,76;653,76;652,76;652,75;
Specular reflection; POLYGON; 191, 91, 22; 652,85;652,84;651,84;650,84;649,84;647,83;646,83;645,83;644,82;643,82;643,81;642,81;641,81;640,81;639,80;638,80;637,80;636,80;635,80;634,81;634,82;634,83;634,84;634,85;634,86;635,87;635,88;636,88;637,88;640,88;641,88;643,88;644,88;646,91;648,91;652,91;655,91;658,91;659,91;
Specular reflection; POLYGON; 191, 91, 22; 715,100;712,100;712,99;711,99;710,99;709,98;708,98;706,97;706,96;705,95;704,94;703,94;702,92;700,91;699,90;698,89;697,88;697,87;696,86;695,86;694,86;694,84;694,83;693,83;693,82;693,81;693,80;693,78;693,77;693,76;694,75;695,75;696,75;697,75;698,75;699,75;700,75;701,75;702,75;703,75;704,75;707,75;708,75;709,75;710,75;711,75;712,75;713,74;714,74;715,74;716,74;717,74;718,74;719,74;720,74;721,74;722,74;723,74;724,74;725,74;725,75;725,76;726,77;726,78;726,79;726,80;728,81;729,81;729,83;730,84;731,85;732,85;733,85;734,85;735,85;736,85;737,85;738,86;739,87;740,87;740,89;740,90;740,92;740,93;740,94;740,95;740,96;740,97;740,98;740,99;740,100;739,100;738,101;738,102;737,102;736,103;734,103;733,103;732,103;731,104;730,104;728,104;726,105;725,105;723,105;722,105;721,105;720,105;719,105;718,105;717,105;716,106;715,106;714,105;713,105;712,104;711,103;710,102;709,102;709,101;708,101;708,100;707,100;707,99;705,99;705,98;705,97;705,96;704,96;704,95;703,95;702,93;702,92;702,90;702,89;702,88;702,87;703,87;704,87;705,87;
Specular reflection; POLYGON; 191, 91, 22; 723,79;723,78;723,77;723,76;722,75;722,74;721,74;721,73;721,72;720,71;719,70;718,70;717,69;715,69;714,69;712,69;711,69;710,69;709,69;708,69;707,69;705,69;704,69;704,70;703,70;702,71;702,72;702,73;702,74;702,75;702,76;702,77;702,78;702,79;702,80;702,81;702,82;703,82;705,83;
Specular reflection; POLYGON; 191, 91, 22; 563,3;563,6;564,7;564,8;565,9;566,9;566,10;567,12;568,13;568,14;569,15;570,16;570,17;570,18;572,19;573,20;576,21;578,22;581,24;582,24;583,25;584,26;585,27;586,28;587,28;588,28;589,29;592,30;593,30;595,31;597,31;598,31;598,32;598,33;599,33;599,34;601,35;602,36;603,37;604,37;605,38;606,40;607,40;608,40;608,41;610,42;610,43;612,45;613,45;613,46;614,47;615,47;616,47;616,48;617,48;619,48;620,48;621,48;623,48;625,49;627,49;628,49;630,50;631,50;633,50;635,51;639,51;641,52;643,52;644,52;645,52;646,52;648,52;650,53;652,53;653,53;655,53;656,53;657,53;658,53;659,53;660,53;662,51;663,50;665,50;666,49;666,47;667,46;667,45;668,44;668,43;669,42;669,41;670,40;670,39;670,38;671,37;672,36;673,36;673,35;674,34;674,33;675,32;676,31;676,30;677,30;678,30;679,30;680,30;682,30;683,29;685,29;686,29;687,29;688,29;689,29;690,29;692,29;693,29;696,29;698,29;699,29;700,29;701,29;703,30;704,30;705,31;706,31;708,31;709,31;711,32;712,32;713,32;714,33;716,33;717,33;719,34;720,34;724,36;726,36;727,36;728,36;730,37;731,37;732,37;733,37;734,37;735,37;737,37;738,37;739,37;741,37;742,37;743,37;744,37;745,37;747,37;749,37;751,36;754,36;757,35;759,33;761,33;763,33;764,33;765,33;766,33;768,33;770,33;772,33;773,33;777,33;779,33;781,33;782,33;784,33;786,33;787,33;788,33;790,34;791,34;792,35;793,36;794,36;795,36;796,36;796,37;797,37;798,37;800,39;801,39;804,39;806,39;807,39;810,40;812,40;814,40;816,40;817,40;820,40;822,41;824,41;826,41;827,41;828,41;829,41;832,41;835,41;836,41;840,41;841,41;843,41;845,41;846,41;848,41;848,40;849,40;851,40;852,40;854,39;857,39;858,39;859,38;859,37;861,36;862,36;862,34;863,33;863,31;864,30;864,29;864,28;864,27;864,25;865,24;865,23;866,23;867,22;868,22;868,21;868,20;868,19;868,17;868,16;869,13;869,12;870,10;871,9;871,8;871,7;871,5;871,4;871,3;871,0;869,-1;868,-1;866,-1;864,-1;862,-2;859,-2;856,-3;852,-4;849,-4;845,-4;842,-4;841,-4;840,-4;837,-4;836,-4;833,-4;831,-4;829,-4;828,-4;827,-4;826,-4;825,-4;824,-4;822,-4;821,-4;819,-4;818,-4;817,-4;816,-4;815,-4;814,-4;813,-4;811,-4;808,-4;806,-4;803,-3;802,-3;798,-3;797,-3;795,-3;794,-3;792,-3;791,-3;790,-3;789,-3;787,-3;784,-3;781,-3;779,-3;776,-3;774,-3;773,-2;772,-2;771,-2;770,-2;769,-2;768,-2;767,-2;765,-2;762,-2;760,-2;759,-2;758,-2;757,-2;755,-2;755,-1;754,-1;753,-1;751,-1;749,0;748,0;745,2;744,2;740,3;739,5;737,5;735,5;734,5;733,5;732,5;730,5;729,5;727,5;725,5;724,5;722,5;721,5;720,5;719,5;716,5;714,5;712,5;711,5;710,5;709,5;707,5;704,5;703,5;701,5;699,5;697,5;696,5;694,5;691,5;689,5;688,5;686,5;684,5;680,4;677,3;675,3;673,3;672,3;671,3;670,3;669,3;668,2;666,2;665,2;664,2;663,2;662,2;660,2;656,-1;654,-1;653,-1;652,-1;651,-1;650,-1;649,-2;648,-2;645,-2;643,-2;641,-2;638,-3;637,-3;635,-3;632,-3;629,-3;627,-3;625,-3;624,-3;623,-3;620,-4;619,-4;618,-4;615,-4;614,-4;613,-4;612,-4;610,-4;609,-4;608,-4;607,-4;606,-4;605,-4;602,-4;600,-4;598,-4;596,-4;595,-4;594,-4;592,-4;589,-4;586,-4;585,-4;584,-4;583,-4;582,-4;581,-4;580,-4;578,-4;576,-4;573,-4;571,-4;570,-4;568,-4;567,-4;566,-4;565,-4;563,-4;562,-4;561,-4;560,-4;559,-4;558,-4;557,-4;556,-4;
Specular reflection; POLYGON; 191, 91, 22; 518,473;520,473;522,473;524,473;528,473;532,473;535,474;537,474;538,474;539,474;540,474;541,474;542,474;543,474;544,474;545,474;546,474;548,473;550,473;552,473;553,473;554,473;555,473;557,473;558,472;559,472;561,472;563,471;564,471;565,471;566,471;567,469;569,468;570,468;572,467;573,467;573,466;574,466;575,465;577,465;578,463;579,463;580,463;581,463;582,463;583,462;584,462;585,462;586,462;587,462;588,461;590,460;591,460;592,460;594,459;595,457;596,457;598,456;599,455;600,455;600,454;601,454;602,453;603,453;603,452;604,451;605,451;605,450;606,450;606,449;607,449;608,448;609,448;610,446;611,445;612,444;612,443;612,442;612,441;612,440;612,439;612,438;611,436;608,435;607,435;606,435;605,433;603,433;602,433;601,433;599,433;598,433;597,433;596,433;595,433;594,433;593,433;591,433;589,433;587,434;586,435;585,436;584,436;583,437;581,438;579,438;578,438;577,440;576,440;574,440;572,440;570,440;568,440;567,440;566,440;565,441;564,441;563,441;561,441;561,439;561,438;561,436;561,435;561,433;561,432;561,431;561,430;561,429;561,427;561,426;561,425;562,424;563,424;564,424;566,423;567,422;568,421;570,421;572,420;574,420;576,419;577,419;578,418;579,418;580,417;581,417;582,415;583,415;584,415;584,414;585,414;586,412;587,412;588,411;589,411;590,409;591,409;593,409;594,409;595,409;596,409;597,409;598,409;599,409;600,409;601,409;602,409;603,409;605,409;606,409;607,409;608,409;609,409;610,409;611,409;612,409;613,409;614,409;615,409;616,409;617,409;618,409;618,410;619,411;620,411;621,411;622,412;623,412;623,413;625,413;626,415;627,415;628,416;628,417;628,418;629,418;630,419;631,420;633,420;634,420;634,421;637,421;638,421;640,421;641,421;642,421;643,422;644,422;644,423;646,423;647,423;648,424;649,424;649,425;649,426;649,427;650,427;650,428;652,428;653,428;655,428;656,429;657,429;658,429;660,430;661,431;661,432;662,433;662,434;662,435;662,436;662,437;662,439;662,440;662,441;662,442;662,444;662,445;662,446;662,447;662,448;663,449;663,450;663,451;663,452;663,454;663,455;663,456;663,457;663,458;663,460;663,461;663,462;663,463;663,464;662,465;660,467;659,468;658,468;657,470;656,470;656,471;655,471;654,472;653,473;653,474;652,475;649,476;648,476;648,477;647,477;646,479;644,479;643,480;643,481;642,482;641,483;640,483;640,484;638,485;638,486;637,486;636,486;635,488;635,489;634,489;633,489;632,490;631,490;630,490;629,490;628,491;626,491;625,491;624,491;623,491;622,491;621,491;620,491;619,491;617,491;616,491;615,491;614,491;612,491;611,491;610,491;608,491;606,491;605,491;604,491;603,491;602,491;601,491;600,491;599,491;598,491;597,491;596,491;595,491;594,491;593,491;592,491;591,491;590,491;589,491;588,491;587,490;586,490;584,490;583,490;580,489;579,489;578,489;577,489;577,488;576,488;575,487;574,487;573,487;572,487;571,487;569,487;568,487;567,487;566,487;565,487;563,487;561,487;560,487;556,486;554,486;552,486;551,485;550,485;549,485;548,485;545,484;544,484;543,483;542,482;541,482;540,481;539,480;538,479;537,479;536,478;535,478;534,478;534,476;533,476;532,476;531,476;531,475;529,475;528,475;528,474;527,474;525,474;523,473;519,470;518,470;516,470;512,469;509,469;
Specular reflection; POLYGON; 191, 91, 22; 481,313;481,312;480,312;479,312;479,311;478,310;477,309;476,309;476,308;475,306;474,305;473,304;472,303;470,302;469,300;469,299;468,298;467,297;466,297;466,296;465,296;465,294;463,294;461,294;459,292;456,292;454,291;452,291;451,290;450,290;449,290;449,288;448,287;446,287;444,286;443,286;440,285;439,285;438,285;437,285;435,285;434,284;433,284;432,284;431,284;429,284;429,283;427,283;426,283;424,283;423,283;422,283;421,283;419,282;418,282;416,282;415,282;413,282;410,282;409,281;408,281;407,281;405,281;404,281;403,281;402,281;401,281;400,281;398,281;397,281;395,281;394,281;393,281;392,281;391,281;390,281;389,281;388,281;386,281;385,281;383,281;381,281;379,281;378,281;375,283;373,283;371,283;370,283;369,284;367,284;366,285;365,286;365,287;365,288;365,289;365,291;365,292;365,293;365,294;365,295;365,296;365,297;366,298;367,298;367,299;369,301;370,302;371,302;372,302;373,302;374,302;375,302;
Specular reflection; POLYGON; 191, 91, 22; 494,320;494,319;493,318;493,317;492,317;492,316;491,315;490,314;489,313;488,312;488,311;487,311;487,310;486,309;485,308;485,307;485,306;485,305;484,305;484,304;482,303;481,302;479,301;478,300;477,299;476,298;475,298;474,298;473,298;471,297;470,297;469,296;468,296;466,296;465,296;463,296;462,296;461,296;460,296;459,296;458,296;456,297;455,298;454,299;453,301;452,303;451,303;450,304;449,305;449,306;448,306;447,306;446,306;445,308;444,309;443,311;443,312;443,313;443,315;443,316;443,317;443,318;443,319;444,321;447,323;449,323;450,323;452,323;454,323;456,324;
Specular reflection; POLYGON; 191, 91, 22; 544,280;543,280;542,280;541,280;540,280;539,280;538,280;536,280;535,280;534,281;533,281;533,282;531,282;530,282;529,283;528,284;528,285;527,285;526,285;526,286;525,286;524,286;523,286;522,287;521,287;520,287;519,289;518,290;517,290;517,291;516,291;516,292;516,293;516,295;518,295;520,295;521,296;525,296;526,296;527,296;528,296;529,296;530,296;531,296;532,296;533,296;534,296;535,296;536,296;537,296;538,296;539,296;540,296;541,296;542,296;543,296;544,296;545,296;546,296;547,296;548,296;549,296;549,295;549,294;550,294;550,292;552,291;552,290;552,289;552,288;552,287;552,286;552,285;552,284;551,284;551,283;549,282;549,281;548,281;547,280;546,280;545,280;544,279;543,279;541,279;540,279;538,278;537,278;536,278;536,279;536,281;
Specular reflection; POLYGON; 191, 91, 22; 534,289;533,289;532,289;531,289;530,289;529,289;528,289;528,290;527,290;526,291;525,291;525,292;525,293;524,294;524,295;524,296;524,297;525,299;528,300;529,300;530,300;531,300;532,300;533,300;534,300;535,300;536,300;537,300;538,300;539,300;539,299;539,298;540,298;541,298;542,298;543,297;544,297;545,296;546,295;547,295;548,294;548,293;548,292;
Specular reflection; POLYGON; 191, 91, 22; 757,565;758,565;759,565;760,564;761,564;763,564;766,564;769,563;771,563;774,563;776,563;779,562;780,562;780,561;781,561;782,561;783,561;784,561;785,561;786,561;789,561;790,561;791,561;792,561;793,561;794,561;795,561;796,561;798,561;800,561;801,561;803,561;805,561;808,561;809,561;811,561;812,561;813,561;814,561;815,561;818,561;820,562;822,562;826,563;828,563;829,563;831,564;832,565;833,565;834,565;835,565;836,565;837,565;837,566;838,567;839,567;841,568;842,568;843,569;844,570;845,570;847,570;848,570;848,572;849,572;850,572;851,572;852,572;853,572;854,572;855,572;856,572;858,572;860,572;861,572;862,572;863,572;864,572;866,572;867,572;869,572;870,573;871,573;872,573;873,571;874,570;874,569;875,568;876,567;876,566;876,564;876,563;876,562;876,561;876,560;875,559;874,558;873,557;873,556;872,556;871,556;870,556;869,556;868,556;866,556;865,556;864,556;863,555;862,555;861,555;859,555;857,555;856,555;856,554;854,553;854,552;853,552;852,552;851,551;850,550;848,550;848,549;847,549;846,549;845,549;843,547;842,547;841,547;840,545;839,545;837,544;835,544;834,544;832,543;831,543;829,543;828,543;827,542;826,542;825,542;824,542;823,542;821,542;820,542;819,542;818,542;817,542;816,540;815,540;812,540;811,540;810,540;809,540;806,540;805,540;804,540;802,540;799,540;798,540;797,540;796,540;795,540;795,539;794,539;793,539;792,539;791,539;790,539;787,538;786,538;785,538;784,537;783,537;782,537;781,537;780,537;779,537;778,536;776,536;775,536;772,536;771,536;770,536;769,536;768,537;768,538;767,538;766,539;764,541;764,542;762,543;762,544;760,546;759,546;758,548;757,549;756,550;756,551;754,552;753,553;751,554;751,555;750,556;750,557;750,558;750,559;750,560;750,561;750,562;750,563;750,564;753,565;754,565;756,566;757,567;757,568;758,568;759,568;761,569;762,569;764,569;765,569;767,569;768,569;769,569;770,569;771,569;773,569;774,569;775,569;776,569;778,569;780,569;
Specular reflection; POLYGON; 191, 91, 22; 765,557;764,557;763,557;761,557;760,557;758,559;756,559;755,560;755,561;756,561;757,561;759,562;760,562;761,563;762,564;763,565;764,565;765,565;766,565;767,565;769,565;770,565;771,565;772,564;773,564;774,564;775,562;776,561;777,559;778,559;778,558;779,558;780,557;781,557;782,557;784,556;786,556;787,556;788,555;789,555;
Specular reflection; POLYGON; 191, 91, 22; 777,563;777,564;777,565;777,566;776,566;775,567;774,567;774,568;773,568;772,568;771,568;770,568;769,568;768,567;767,567;766,566;765,565;765,564;763,563;762,563;761,562;760,562;760,561;760,560;760,559;760,558;759,558;759,557;759,556;760,554;
Specular reflection; POLYGON; 191, 91, 22; 366,325;366,326;366,327;366,328;367,329;369,331;371,333;372,334;373,335;373,336;374,337;375,337;376,337;378,337;379,338;382,338;383,338;384,338;385,338;387,338;388,338;389,338;390,338;391,338;392,338;393,339;394,339;395,340;396,340;397,341;397,342;399,342;400,343;401,343;402,343;403,343;403,345;405,345;406,345;406,346;408,346;409,346;410,347;411,347;412,348;413,348;414,348;416,349;418,350;418,351;420,352;421,352;422,352;423,352;423,353;424,353;425,353;426,353;427,353;429,353;430,353;431,354;432,354;433,354;434,354;435,354;436,354;437,354;438,354;439,354;441,354;442,354;443,354;444,354;445,353;447,353;448,353;449,353;453,353;454,350;456,350;458,350;459,350;460,349;461,349;462,348;463,348;463,347;464,347;465,347;466,346;468,345;468,344;469,344;469,343;470,341;471,339;472,338;472,337;473,336;473,335;474,335;475,335;475,334;476,333;478,332;479,332;480,332;
Specular reflection; POLYGON; 191, 91, 22; 603,326;605,326;606,326;607,326;608,326;609,326;610,326;611,326;613,326;614,326;615,326;616,328;617,328;618,328;619,328;619,330;620,330;621,331;623,331;624,331;625,331;626,333;627,333;629,333;630,333;632,333;634,334;635,334;637,334;638,334;640,334;641,334;642,334;643,334;645,334;647,334;649,334;650,334;651,334;652,334;653,334;654,334;655,334;656,334;657,334;658,334;659,334;660,336;662,336;663,336;664,336;665,336;666,336;668,336;669,336;670,336;672,336;673,336;674,336;675,336;676,336;678,336;679,336;680,336;681,336;682,336;684,336;685,336;686,336;687,336;688,336;689,336;690,336;691,336;692,336;693,336;694,336;695,336;696,336;696,337;695,338;694,338;693,338;691,339;690,339;689,339;688,339;687,339;686,339;685,340;684,341;683,342;682,342;681,342;680,342;679,343;678,343;677,344;676,344;676,345;675,345;674,345;673,345;672,345;671,345;671,346;671,347;670,347;669,347;668,347;667,348;666,348;665,348;663,348;661,348;660,348;659,348;658,348;657,349;656,349;655,349;654,349;653,349;652,350;652,351;652,352;652,353;652,354;654,354;655,354;657,354;658,354;659,354;660,354;661,354;662,354;663,354;664,354;665,354;666,354;667,354;668,354;669,354;670,354;671,354;672,354;673,354;674,354;675,354;676,354;677,354;678,354;679,354;680,354;681,354;682,354;684,354;685,354;686,354;688,354;689,354;691,354;692,354;694,354;696,353;697,352;698,352;699,352;700,352;701,352;702,351;703,351;704,351;705,351;706,350;707,349;708,349;710,349;710,348;712,347;712,346;713,346;713,345;714,345;715,345;716,344;717,344;717,343;717,342;719,340;720,339;721,338;722,338;723,338;724,337;726,337;727,336;728,336;729,336;729,334;730,333;731,333;732,333;734,333;735,332;737,332;738,331;740,330;740,329;741,329;742,328;742,327;742,326;743,326;743,325;744,323;745,322;745,321;746,321;746,320;747,319;747,318;748,317;749,315;750,314;750,313;750,312;750,311;750,310;750,309;750,308;749,308;748,308;747,308;746,308;745,308;744,308;742,308;740,308;739,308;738,309;737,309;737,310;736,310;736,311;736,312;735,312;735,313;734,313;733,313;733,314;733,315;732,316;730,316;729,317;728,317;728,318;727,318;726,318;725,318;724,318;724,319;723,319;722,319;721,320;721,321;719,321;718,321;717,321;716,322;715,323;714,323;713,323;712,323;711,324;710,324;709,324;708,324;707,324;706,324;705,324;704,324;703,324;702,324;701,324;700,324;699,324;698,324;697,324;695,324;694,324;693,324;692,324;691,324;690,325;689,325;688,325;687,325;686,325;685,325;684,325;683,325;682,325;681,325;680,325;679,325;678,325;677,325;676,325;675,325;673,325;672,325;670,325;670,324;669,324;668,324;667,324;666,324;664,324;664,323;663,323;662,323;661,323;660,322;659,322;658,322;657,321;656,321;655,321;653,321;652,321;650,320;649,320;647,320;646,319;645,319;644,318;643,318;642,318;641,318;640,318;639,318;638,318;637,318;635,318;634,318;633,318;632,318;631,318;630,318;628,318;626,317;625,317;624,317;623,316;621,315;620,315;619,315;619,314;618,314;615,313;614,313;613,313;612,313;611,312;610,312;609,312;608,312;607,312;606,312;605,312;604,313;603,313;602,315;602,316;602,317;602,318;602,319;602,320;602,321;602,322;602,323;603,324;604,324;605,325;605,326;607,326;607,327;608,327;
Specular reflection; POLYGON; 191, 91, 22; 534,322;535,322;536,321;536,320;537,319;537,318;538,317;538,316;538,315;538,314;538,313;538,312;538,311;538,310;538,309;538,307;538,306;537,306;537,305;536,305;535,305;533,304;531,304;529,304;528,304;527,304;526,304;525,304;524,304;523,304;522,305;522,307;522,308;522,309;522,310;522,311;522,312;522,313;522,314;522,315;522,317;522,319;523,320;524,320;
Specular reflection; POLYGON; 191, 91, 22; 535,311;536,311;537,311;538,311;539,311;540,311;542,311;543,312;543,313;543,314;543,315;543,317;543,318;543,319;543,320;543,321;543,322;
Specular reflection; POLYGON; 191, 91, 22; 806,54;805,54;804,54;803,54;802,54;800,54;799,54;799,55;798,55;796,56;795,56;794,56;793,57;792,57;791,57;790,58;789,60;787,60;786,60;785,62;785,63;784,63;783,64;783,66;783,67;783,68;783,69;783,70;783,72;783,73;784,73;784,74;784,75;785,75;786,77;787,78;788,79;790,79;791,79;792,79;793,79;795,79;796,79;797,79;798,80;798,81;799,81;799,82;799,83;800,84;800,85;801,86;802,88;802,89;803,89;803,90;803,91;803,92;804,94;806,95;806,96;807,97;808,98;808,99;808,100;808,101;809,102;809,103;810,103;811,103;813,103;814,103;815,103;816,103;817,102;818,100;819,100;820,100;820,99;821,99;821,98;821,97;821,95;821,94;821,92;821,91;821,90;820,88;820,87;819,86;818,85;818,84;817,84;817,83;817,82;816,81;815,81;814,79;814,78;814,77;814,76;814,75;814,74;814,73;814,72;814,71;814,70;814,69;814,68;814,67;815,67;816,67;817,67;818,67;820,67;821,67;822,67;824,67;825,67;826,66;826,65;826,64;826,62;826,61;826,60;826,59;826,58;824,58;823,56;822,56;821,55;820,55;819,55;818,55;817,55;815,55;814,55;813,55;812,55;811,54;810,54;809,54;808,54;807,54;805,54;804,54;802,54;
Stroma; POLYGON; 128, 128, 128; 33,237;32,237;30,238;30,239;28,241;27,242;27,243;27,247;26,250;26,251;25,253;25,256;25,257;25,260;25,263;25,265;25,269;25,274;25,278;25,281;25,282;25,284;25,285;25,287;26,289;26,292;27,293;28,295;28,298;28,300;28,302;29,304;29,305;29,308;29,310;29,312;29,315;29,317;29,320;29,323;29,326;29,328;29,330;29,334;29,337;29,341;27,348;25,355;22,364;18,372;14,381;10,389;8,397;7,404;6,410;6,411;6,412;6,413;6,415;6,416;7,418;8,420;9,422;9,424;10,425;11,428;12,429;13,430;14,431;15,431;16,432;17,433;19,435;20,436;22,438;24,442;26,443;27,444;32,447;34,449;35,450;37,451;40,452;43,454;44,454;46,454;48,456;50,457;51,457;52,458;54,460;55,460;56,460;57,462;58,463;59,464;60,465;62,467;63,469;64,469;66,470;66,471;67,473;68,474;69,476;71,479;72,480;73,482;74,484;75,486;75,487;78,489;80,490;83,492;85,493;86,495;88,495;92,496;94,499;96,499;99,501;102,502;104,502;107,502;110,503;114,503;117,503;120,503;124,504;128,505;134,507;139,508;142,508;146,508;150,508;154,508;157,508;160,508;161,508;162,508;164,508;165,508;166,508;167,508;169,508;171,508;174,508;176,508;179,508;182,508;186,508;191,508;195,507;197,507;200,507;204,507;209,507;215,507;220,507;226,507;231,507;235,506;241,505;247,504;252,502;259,500;268,498;276,496;284,494;291,492;298,490;305,488;312,486;317,484;322,481;324,479;326,477;326,476;327,476;328,475;329,474;331,473;332,471;335,469;336,467;338,464;340,463;340,462;341,461;341,460;342,458;344,457;345,456;347,455;350,455;352,454;353,453;355,452;359,451;363,449;366,449;369,448;371,448;375,448;378,448;382,447;389,445;396,444;404,443;412,441;422,439;431,437;441,435;450,434;458,432;467,430;475,428;483,426;490,424;499,421;506,419;513,416;520,414;524,412;529,410;532,408;535,407;539,405;542,404;547,402;550,400;551,399;553,398;553,395;555,393;556,391;556,390;558,388;559,386;561,385;562,383;563,382;563,381;563,380;563,379;563,378;564,376;565,376;565,375;566,375;566,374;567,374;567,372;568,371;569,371;569,369;570,368;572,366;573,365;573,364;574,364;574,363;574,362;574,361;574,360;574,359;574,358;574,357;574,356;573,354;572,353;571,353;570,352;569,351;568,351;567,350;566,349;565,349;564,349;564,348;563,348;561,346;560,346;560,345;559,345;558,343;557,342;556,341;555,341;555,340;554,340;553,340;552,340;551,340;549,340;548,340;546,340;545,340;544,341;543,341;542,341;541,343;540,343;538,344;536,345;535,345;533,345;532,345;531,345;530,345;528,345;527,345;526,345;525,345;524,345;523,344;522,344;521,344;520,344;519,344;518,344;517,344;516,344;514,344;512,343;512,342;511,342;510,342;509,342;508,342;507,342;506,341;505,341;504,341;502,341;501,341;500,341;499,341;498,341;497,341;495,341;494,341;493,341;491,342;490,342;489,342;488,343;487,343;485,343;484,343;483,343;482,343;481,343;480,344;478,344;477,344;476,344;475,345;474,345;473,345;472,345;471,345;471,346;470,346;468,346;467,346;465,346;463,346;463,347;462,347;461,348;460,349;459,349;458,349;457,349;456,350;455,350;454,350;453,351;453,352;452,353;451,354;450,355;449,355;448,355;447,355;445,355;444,355;443,355;442,355;441,355;440,355;439,355;438,355;437,355;436,355;435,353;434,353;433,353;432,352;431,352;431,351;430,351;429,351;428,351;427,351;426,350;425,350;424,350;424,349;423,349;422,349;421,349;420,349;419,349;418,349;417,349;416,349;414,349;413,349;412,349;410,347;409,347;407,346;405,346;404,346;403,346;402,345;401,345;399,343;398,343;397,343;397,342;396,341;396,340;395,339;393,338;393,337;391,337;390,336;389,336;388,336;387,336;386,336;385,336;384,336;383,336;382,336;381,336;380,334;379,334;378,333;376,332;375,332;375,331;373,331;372,331;371,331;370,330;369,330;368,330;367,328;366,328;365,328;365,327;364,327;362,327;361,326;360,326;359,325;358,325;358,324;357,324;356,324;355,323;355,322;354,321;353,321;351,320;351,319;350,319;349,318;348,318;347,318;346,318;345,316;344,315;343,315;342,314;341,314;339,313;338,313;337,312;336,312;335,312;334,312;334,310;333,310;332,309;331,309;330,308;330,307;328,307;327,307;327,306;326,306;325,305;325,304;324,304;324,303;322,302;322,301;321,301;321,300;319,298;318,297;317,297;316,297;315,296;315,295;314,295;314,294;314,292;314,291;314,290;314,289;314,288;314,286;314,285;315,285;316,285;317,285;317,284;318,284;319,283;320,282;321,282;322,282;323,282;324,282;325,282;326,282;327,282;328,282;329,281;330,281;332,280;333,280;334,280;336,280;337,280;338,281;339,281;341,281;343,281;344,281;345,281;346,281;347,281;349,281;350,281;351,281;352,281;353,281;354,281;354,282;356,282;357,282;359,282;360,282;361,282;362,282;363,282;364,282;365,282;367,282;368,282;369,282;370,282;372,282;373,282;375,281;377,281;377,280;378,280;380,280;381,280;382,280;383,280;384,280;385,280;386,280;387,280;388,280;389,280;391,280;392,280;393,280;395,280;396,280;398,280;399,280;400,280;401,280;402,280;403,280;404,280;405,280;407,280;408,280;409,280;411,280;412,280;414,280;415,280;416,280;417,280;418,280;419,280;421,280;422,280;423,280;424,280;426,280;427,280;428,280;430,280;431,280;432,280;433,280;434,280;437,280;438,281;440,281;441,281;442,281;444,281;445,281;447,282;448,282;449,282;450,282;451,283;452,283;453,283;454,283;455,283;456,283;456,284;457,284;457,285;458,286;458,287;459,288;460,289;461,290;462,291;462,292;462,293;462,294;463,294;464,295;465,295;466,295;467,296;468,296;469,296;470,296;471,296;472,297;473,297;474,298;475,299;475,300;476,300;477,300;477,301;478,301;478,302;479,302;479,303;480,303;481,304;482,304;484,305;484,306;485,306;486,306;487,306;489,308;490,308;490,309;491,309;492,309;493,309;494,309;496,309;497,309;498,309;499,309;500,309;501,309;502,309;503,309;504,309;505,309;506,309;508,309;509,309;510,309;511,309;512,309;513,309;514,309;515,309;516,309;517,308;519,308;520,308;521,306;522,306;523,306;524,305;525,305;525,304;525,303;525,302;525,301;525,300;525,299;525,298;524,297;523,296;522,296;521,296;520,295;520,293;520,292;520,291;520,290;521,289;522,289;524,289;525,289;526,289;527,289;528,288;528,287;529,287;530,287;531,287;532,287;533,287;534,287;535,287;536,286;537,286;538,286;540,285;541,284;542,283;544,283;546,282;548,282;551,280;553,280;555,278;559,276;561,276;565,272;568,271;571,269;574,268;577,266;579,264;581,263;584,262;589,258;592,256;596,255;599,254;603,252;606,250;607,248;609,247;612,245;615,244;618,242;620,241;623,238;626,237;629,235;632,233;635,232;638,229;643,228;645,227;646,225;649,224;651,222;655,219;657,218;658,218;659,217;662,215;663,214;664,213;664,212;665,212;665,211;666,209;668,208;669,207;670,206;671,205;672,204;673,202;674,201;674,200;675,199;675,197;675,195;676,194;676,192;676,189;676,186;676,184;676,181;676,178;676,177;676,175;676,173;676,169;675,168;675,167;674,164;673,164;673,163;672,161;672,159;672,158;670,157;668,155;667,155;665,153;665,152;663,151;662,151;660,151;658,149;655,148;653,146;651,146;649,144;647,144;644,143;641,143;638,142;635,141;634,141;633,141;632,141;630,141;629,141;628,141;626,141;625,142;624,142;623,142;622,142;621,142;618,142;616,142;615,142;614,142;613,142;612,142;611,142;610,142;608,142;606,142;605,142;604,141;603,140;602,139;601,139;601,138;600,138;599,137;598,137;597,137;597,136;595,136;594,136;593,136;593,135;592,135;591,135;590,135;589,134;587,133;586,133;584,132;583,132;582,131;581,131;580,131;579,130;578,130;577,128;576,127;576,126;575,125;575,124;575,123;574,122;574,121;574,120;575,119;576,118;577,118;578,118;578,117;579,117;580,117;580,116;580,115;580,114;581,114;581,113;581,112;582,111;582,110;582,109;582,108;583,108;584,108;585,107;586,107;587,107;588,107;589,107;590,107;590,106;591,106;593,105;594,105;594,104;595,103;595,102;595,101;596,100;596,98;596,97;595,96;594,96;593,96;593,95;592,94;591,92;590,92;588,91;588,90;587,90;586,89;585,88;585,87;585,86;583,85;582,84;581,84;580,84;579,83;577,83;575,82;574,82;571,82;569,82;568,82;566,82;565,82;563,82;562,83;561,83;560,84;559,84;557,84;556,85;554,85;552,85;550,85;549,85;547,86;545,87;544,87;543,87;542,87;541,87;540,87;538,87;538,88;537,88;536,89;535,89;534,89;533,90;532,90;531,90;530,90;529,90;528,90;527,90;526,90;525,90;524,90;523,90;522,92;521,92;519,92;518,92;518,93;517,93;517,94;515,94;514,94;513,94;512,95;511,95;510,95;509,95;508,96;507,96;506,96;505,96;504,96;503,97;502,97;501,97;500,98;499,98;498,98;498,99;497,99;496,99;495,100;494,100;493,101;492,102;492,103;491,103;490,105;489,105;488,105;487,105;486,106;484,107;483,107;482,108;481,108;480,108;480,109;479,109;479,110;478,110;477,111;476,111;475,112;473,114;470,115;470,116;469,116;469,117;467,118;467,119;466,121;466,122;464,123;464,124;463,125;463,127;463,128;463,129;462,129;462,130;461,131;461,132;461,133;460,133;459,135;458,135;458,136;457,137;457,138;457,139;456,139;455,140;455,141;454,141;452,142;451,144;449,145;448,145;447,146;446,146;446,147;445,148;444,148;442,149;441,149;440,149;439,149;439,150;439,151;438,151;436,151;435,151;434,151;433,151;432,151;429,151;426,151;422,151;420,151;418,151;417,151;416,151;416,150;415,150;414,150;414,149;413,149;412,149;411,148;410,148;410,147;409,147;409,145;408,145;406,144;405,144;404,144;403,144;401,144;400,144;399,144;397,144;396,144;395,144;394,144;394,145;393,145;393,146;392,147;391,148;390,148;389,148;388,148;387,148;386,148;385,148;384,149;383,149;383,151;382,151;382,152;381,152;379,153;378,154;377,154;377,155;375,156;374,157;374,158;373,158;372,158;371,158;370,158;369,159;368,159;367,159;366,159;365,159;364,159;363,160;362,160;362,161;361,161;360,162;359,162;358,162;358,163;356,164;354,165;353,165;352,165;352,166;351,167;350,167;349,169;348,170;347,170;346,170;344,170;344,171;343,171;341,172;339,173;338,173;337,173;336,173;335,175;334,175;332,176;331,176;330,176;329,176;327,176;326,176;325,175;324,175;323,175;322,175;321,175;320,175;318,175;317,175;316,175;315,175;314,175;313,175;312,174;311,174;310,174;308,173;307,173;305,173;305,172;304,172;303,172;302,172;301,172;301,171;300,171;299,171;297,171;295,170;295,169;294,169;293,169;292,169;291,168;290,168;289,168;288,168;287,168;285,168;284,168;282,168;281,168;278,168;277,168;276,169;276,170;275,170;274,170;272,170;271,170;269,171;268,172;266,172;264,172;263,172;261,173;260,173;260,174;259,174;259,175;259,176;258,176;257,177;256,178;255,178;253,178;252,179;251,179;250,179;249,179;248,179;247,179;246,179;245,180;244,181;243,181;241,182;240,182;239,182;238,182;237,182;236,182;235,182;235,183;234,183;233,184;232,184;231,184;230,184;229,184;228,184;227,185;225,185;224,185;223,185;222,185;221,185;220,185;218,185;217,185;216,185;215,185;214,185;213,185;212,185;211,185;210,185;209,185;208,185;207,185;206,185;204,185;203,185;202,185;201,185;200,185;199,185;198,185;197,187;196,187;195,187;194,187;192,187;191,188;190,188;189,189;188,189;187,189;186,189;185,189;184,189;184,190;183,190;181,190;180,190;179,190;178,190;177,190;176,190;174,190;173,190;171,190;170,190;170,191;168,191;167,191;166,191;165,192;164,193;163,193;162,193;161,193;160,194;159,194;158,194;157,194;156,195;155,195;154,195;153,195;151,195;151,196;150,196;149,197;149,198;148,198;147,198;146,198;145,198;144,198;143,199;141,199;140,200;139,200;138,200;137,200;136,201;135,201;134,201;133,201;131,201;129,201;128,201;127,201;126,201;125,201;123,201;122,201;121,202;119,202;118,203;117,203;117,204;116,204;115,204;115,205;114,205;113,205;112,206;111,206;109,207;108,207;107,209;106,209;106,210;105,210;104,210;103,211;102,211;102,212;101,212;100,212;99,212;98,212;98,213;97,213;96,213;95,213;94,215;93,215;92,216;91,216;90,216;89,217;88,217;86,218;85,218;84,218;83,218;83,219;82,219;81,219;80,221;79,221;78,221;76,222;75,222;74,222;73,222;73,223;72,223;71,223;70,224;69,224;68,224;67,225;66,225;65,226;64,227;63,228;62,228;62,229;61,230;60,232;59,232;59,233;58,234;57,235;56,236;55,236;54,236;53,237;52,237;52,238;51,238;49,238;49,239;48,239;47,239;46,239;45,239;44,239;42,239;41,239;40,239;39,239;38,239;37,239;36,239;35,239;34,239;32,239;29,239;28,239;27,239;26,239;26,237;28,237;29,237;
Stroma; POLYGON; 128, 128, 128; 157,144;157,143;157,142;157,141;157,140;157,139;158,139;160,138;161,138;161,137;162,136;162,135;162,134;163,134;163,133;164,132;165,132;166,131;166,130;166,129;167,129;168,128;169,127;169,126;171,126;172,125;174,123;174,122;175,121;176,120;177,120;177,119;178,118;178,117;178,116;179,115;180,114;180,113;180,112;181,110;181,109;183,108;184,108;185,108;186,107;187,107;188,107;188,106;189,106;190,106;191,106;194,104;195,104;196,103;197,103;197,102;198,102;199,102;200,101;201,101;202,100;203,100;204,98;205,98;206,97;207,97;207,96;208,95;209,95;210,95;211,95;212,95;213,95;214,95;214,94;215,94;216,94;217,94;218,94;219,94;220,94;221,94;223,94;224,94;226,94;227,94;229,95;231,95;232,95;233,95;234,95;235,95;236,95;237,95;238,95;239,95;240,95;241,95;242,95;243,96;244,97;245,97;246,98;247,98;248,99;249,99;250,100;251,100;252,100;253,100;253,101;255,101;256,101;257,101;258,101;259,101;260,102;261,102;263,102;263,103;265,103;266,103;267,103;268,103;269,103;270,103;271,103;272,103;273,103;274,103;275,104;276,104;277,104;278,104;279,104;280,104;281,105;282,105;283,105;284,105;286,105;287,105;288,105;289,105;291,106;292,106;293,106;294,106;295,107;295,108;297,108;299,110;300,111;301,111;302,112;303,112;304,112;305,113;306,113;307,113;309,113;310,113;311,113;312,113;313,113;314,113;315,113;316,113;317,113;318,113;319,113;320,113;321,112;322,112;323,112;323,111;324,111;325,111;326,111;327,111;328,111;329,109;330,109;332,109;333,109;334,109;335,109;336,109;337,109;338,109;339,109;341,108;344,108;346,108;347,108;348,108;349,108;350,108;352,108;354,108;355,108;356,108;357,108;358,108;359,108;360,108;361,108;362,108;367,110;368,110;369,110;370,110;371,110;372,110;373,110;374,110;375,111;376,111;377,111;378,111;379,112;380,112;381,112;382,112;383,112;384,112;386,113;386,114;387,114;388,114;389,114;390,114;391,114;392,115;393,115;394,115;395,115;396,115;397,115;398,115;400,115;401,115;403,115;404,115;405,115;406,115;407,115;408,115;409,115;410,115;411,115;412,115;413,115;414,115;415,115;415,116;416,117;416,118;416,119;416,120;416,121;416,122;416,123;416,124;416,125;415,126;415,127;415,128;415,129;416,129;417,129;418,129;419,129;420,129;421,129;422,129;423,129;425,130;426,130;427,130;428,130;428,131;429,131;430,131;431,132;432,133;433,133;435,134;435,135;436,136;437,136;438,137;439,137;440,137;441,137;442,137;442,138;443,138;444,138;444,139;444,140;444,141;444,143;444,144;444,145;444,148;444,149;444,151;443,154;442,156;442,157;442,159;441,161;441,162;441,163;441,164;441,165;441,166;442,166;444,168;447,168;449,168;451,169;453,169;456,169;460,169;464,169;470,169;475,169;482,169;488,169;495,169;502,169;510,169;517,169;522,169;526,169;529,168;530,167;531,165;531,164;531,161;531,158;531,156;531,153;531,152;531,149;531,146;531,145;531,144;529,141;526,138;524,138;523,137;522,136;522,135;521,135;521,133;520,132;519,131;519,130;518,128;517,128;516,127;515,126;515,125;514,124;512,122;511,121;508,119;507,117;505,117;504,117;504,116;503,116;503,115;501,114;500,114;498,113;497,113;496,112;495,111;494,111;493,111;492,111;492,110;490,110;489,110;488,110;487,110;486,109;485,109;484,109;483,109;482,109;481,109;480,109;479,109;478,108;477,108;476,108;475,108;474,108;474,106;472,106;471,106;470,106;469,105;468,105;467,105;466,105;465,104;464,103;463,103;462,103;459,102;458,102;456,101;454,100;453,100;452,100;451,100;450,100;448,99;447,99;446,99;445,99;443,99;442,99;441,99;440,99;437,98;436,98;435,98;433,98;432,98;431,98;430,98;430,97;429,96;428,96;427,96;426,96;424,96;423,95;422,95;421,94;420,94;418,94;417,94;416,94;415,94;414,94;412,93;411,93;410,93;409,93;408,93;406,92;405,92;403,92;402,92;401,92;399,92;398,91;397,91;396,90;394,90;392,90;391,90;391,89;389,89;389,88;388,87;387,87;386,87;385,87;384,86;383,86;381,86;379,86;378,86;377,85;375,85;374,85;373,85;371,84;368,83;367,82;366,82;365,82;363,81;362,81;361,81;360,81;358,81;357,79;356,79;355,79;353,79;352,79;349,79;347,79;344,79;343,78;342,78;341,78;340,78;339,78;338,78;337,78;337,77;335,76;333,76;332,76;331,76;330,75;329,75;328,75;326,74;324,74;322,74;321,73;320,73;319,73;318,73;317,73;316,73;316,72;315,72;313,71;312,71;312,70;312,69;311,69;309,69;308,69;307,69;306,69;305,68;304,68;303,68;302,68;300,67;298,67;297,67;296,66;295,66;294,66;293,66;292,66;291,66;291,65;290,65;289,64;288,63;287,63;286,63;285,63;284,63;283,63;282,63;281,63;281,62;280,62;279,62;277,62;275,62;274,62;273,62;272,62;271,62;270,62;269,62;268,62;267,62;265,62;263,62;262,62;261,62;260,62;259,62;258,62;257,62;256,61;254,60;253,60;251,60;250,60;248,60;247,60;246,60;244,60;244,59;242,58;242,57;240,57;240,56;239,55;237,55;236,55;235,53;232,53;231,51;230,51;229,51;228,51;227,50;227,49;226,49;226,48;225,47;225,46;224,45;223,45;223,44;221,44;220,44;219,43;219,42;217,42;216,42;216,41;216,40;215,39;214,39;213,39;211,39;210,38;209,38;208,38;206,38;205,38;205,37;202,36;201,36;200,36;199,34;196,34;195,34;193,34;192,34;191,35;190,36;188,36;185,36;183,38;180,39;178,42;177,42;175,44;173,45;170,48;170,50;169,50;169,52;167,54;166,56;166,57;166,59;166,60;166,61;166,62;165,63;165,64;165,65;164,66;164,68;163,69;162,71;162,72;161,74;160,75;159,76;158,77;156,79;156,80;155,82;154,83;153,85;152,86;151,88;147,90;146,91;146,92;144,93;144,94;143,94;141,97;141,98;139,99;137,100;135,101;133,102;133,103;130,105;129,105;126,106;125,107;124,107;123,107;122,108;121,109;121,110;119,111;117,113;116,113;113,114;111,116;110,117;109,118;108,119;107,122;105,123;103,124;102,125;100,127;99,129;97,130;97,131;95,132;95,133;94,135;93,135;92,135;91,136;90,137;89,138;88,138;86,140;84,142;81,143;79,145;78,145;77,146;74,148;73,148;72,149;70,150;68,150;67,151;66,152;66,153;65,154;64,154;63,154;63,155;62,155;61,155;61,156;59,158;57,159;56,159;55,160;54,161;53,162;53,164;52,165;51,166;50,167;50,168;50,169;50,170;50,171;49,171;49,172;48,174;48,175;48,176;48,177;48,178;47,180;46,181;46,182;46,183;46,184;46,185;45,186;44,187;44,188;44,189;44,190;43,190;43,191;43,192;42,193;42,194;41,195;41,197;40,198;40,200;40,201;40,202;40,203;40,205;39,208;39,209;39,210;39,211;40,212;41,211;42,211;43,211;44,210;45,210;47,209;48,209;49,209;49,208;50,208;51,207;52,207;53,206;54,206;55,206;56,205;57,205;58,205;58,204;59,204;60,204;61,203;62,202;63,202;64,202;65,202;66,200;67,200;67,199;69,198;70,197;71,195;72,194;73,194;74,194;75,193;76,193;77,193;78,193;79,192;79,191;80,191;82,189;83,188;84,188;84,187;85,187;85,186;86,185;86,184;86,183;87,182;87,181;87,180;87,179;87,177;87,176;87,175;88,173;88,172;88,171;88,169;88,167;89,166;89,165;90,164;91,163;92,163;94,163;95,163;96,163;97,163;98,162;99,162;100,162;101,162;103,163;103,164;104,165;105,165;106,165;107,166;108,166;109,166;109,167;110,167;111,167;111,169;112,170;114,170;115,170;116,170;118,171;120,172;121,172;122,172;124,173;125,173;126,173;127,173;128,173;129,175;132,176;137,177;140,177;143,178;145,178;146,178;149,178;150,178;152,178;153,178;154,178;155,178;156,178;157,178;158,178;159,178;160,178;162,177;163,177;164,177;165,177;166,177;167,177;168,177;169,177;170,177;172,177;173,177;174,177;176,177;176,175;177,175;178,175;179,175;179,174;180,174;181,174;182,174;183,174;184,174;186,173;187,173;188,173;189,173;190,173;191,172;192,172;193,172;194,172;195,172;197,172;198,172;199,172;200,172;201,172;203,172;205,172;206,172;206,171;207,171;208,170;209,169;210,169;211,169;212,169;213,169;214,169;215,169;216,168;217,168;218,168;220,168;221,168;222,168;223,168;225,168;227,166;228,166;229,166;230,165;231,165;232,165;233,165;235,165;236,165;237,165;238,165;239,165;241,165;242,165;243,165;244,165;246,166;247,166;250,167;252,168;255,170;257,171;258,171;258,172;259,173;259,174;260,174;260,175;261,177;262,178;265,179;266,179;267,180;268,181;270,182;274,182;275,183;278,183;279,183;280,183;282,183;283,183;284,183;285,183;286,183;287,183;289,181;290,180;291,179;292,179;292,178;292,177;292,175;292,174;292,173;292,172;292,171;292,170;292,169;292,168;292,167;292,166;292,165;292,164;291,164;290,163;289,162;287,161;286,161;284,161;282,160;280,159;279,159;278,159;277,158;276,158;275,158;275,157;275,156;273,156;272,156;271,155;270,155;268,154;267,154;266,154;264,154;262,154;261,154;260,153;259,153;258,153;257,153;256,153;254,153;252,152;251,152;250,151;250,150;249,150;248,150;247,150;247,149;245,149;244,148;243,148;242,148;241,147;239,147;238,147;237,147;236,147;235,147;234,147;233,146;231,146;230,146;228,146;227,146;226,146;225,146;224,146;223,146;222,146;221,146;220,146;219,146;218,146;217,146;216,146;215,146;214,146;213,146;212,146;211,146;210,146;209,146;208,146;207,146;207,147;205,147;204,147;202,147;201,147;199,149;198,150;198,151;197,152;197,153;196,153;195,154;193,156;192,156;191,158;190,159;189,159;188,159;187,159;186,160;185,160;183,160;182,160;181,160;180,160;179,160;178,160;177,160;176,160;175,160;174,159;173,158;173,157;172,156;172,155;171,154;170,153;169,153;168,151;167,150;166,150;166,149;165,149;164,148;163,147;163,146;163,145;163,144;163,143;162,142;161,141;161,140;161,138;160,137;160,136;160,135;
Stroma; POLYGON; 128, 128, 128; 21,429;20,429;19,429;19,431;18,431;17,432;17,434;17,435;17,439;17,440;17,441;17,444;17,445;17,446;17,447;17,449;17,452;18,454;19,456;20,457;20,459;21,462;22,464;23,465;25,468;27,472;28,473;30,477;32,478;33,479;37,483;38,484;43,489;45,492;49,495;51,496;53,499;55,502;57,505;60,508;62,511;65,513;65,514;67,517;68,519;69,520;70,523;71,526;72,527;73,530;74,533;74,535;74,536;74,537;75,539;76,540;76,542;77,542;78,545;78,546;79,547;81,551;81,552;82,553;84,554;85,556;86,557;87,558;89,559;91,561;93,562;95,564;97,564;101,566;105,567;107,567;111,569;116,570;121,571;128,572;135,572;143,572;151,572;158,572;164,572;166,572;168,572;169,572;171,572;172,572;174,573;176,573;177,573;177,574;180,574;181,574;182,574;183,575;184,575;186,578;187,578;192,581;194,582;195,583;196,584;197,585;200,587;203,589;205,591;207,592;208,593;209,595;210,597;213,599;217,601;220,604;223,606;226,608;231,613;234,613;237,613;238,615;241,616;245,619;246,620;248,621;249,621;251,622;252,623;257,626;259,626;262,628;263,628;266,629;268,633;271,633;273,634;275,634;278,636;281,637;285,638;290,640;294,641;298,641;303,642;308,642;311,642;314,642;318,642;322,642;326,642;328,642;330,643;332,643;334,643;335,643;336,643;337,643;338,643;339,643;341,643;342,643;342,644;344,644;345,644;347,646;349,646;351,646;352,646;353,647;355,647;356,647;357,647;358,647;359,648;361,649;361,650;362,650;363,650;364,650;364,651;365,651;367,651;368,653;370,653;373,654;374,654;376,656;378,657;380,657;382,659;385,659;387,660;391,660;393,660;396,662;398,663;400,663;403,665;408,667;411,667;414,668;417,668;421,669;424,670;428,670;432,670;438,671;443,671;449,671;453,671;454,672;457,672;459,672;462,673;466,674;470,674;475,675;479,676;480,676;483,676;484,676;485,676;487,676;488,676;489,676;492,676;493,676;495,676;496,676;498,677;499,677;500,678;501,679;504,679;506,680;508,680;510,680;513,681;515,682;517,682;520,682;521,682;523,683;525,683;527,683;530,684;532,685;535,686;539,687;545,687;550,688;556,689;561,689;567,689;574,689;581,690;586,690;591,690;597,690;602,690;603,690;606,690;609,690;612,690;613,690;614,690;615,690;617,690;618,690;619,690;620,690;620,689;620,688;622,686;622,685;623,685;623,684;624,683;624,682;626,681;628,680;628,679;629,679;630,679;631,679;631,678;633,677;635,677;637,677;639,677;641,676;642,676;643,676;647,675;649,675;650,675;650,673;651,672;651,671;651,670;652,669;653,667;653,665;654,664;654,663;654,662;654,661;655,659;656,659;656,658;658,657;658,656;659,656;659,655;660,654;661,654;662,653;662,652;662,651;663,651;663,650;663,649;663,648;663,647;663,646;663,645;663,644;663,642;663,641;663,640;663,639;663,636;663,635;663,634;663,633;663,631;662,628;662,627;662,626;661,625;660,624;660,622;660,621;659,620;659,619;657,618;657,617;656,615;656,614;656,613;654,610;653,610;653,609;652,608;652,607;651,606;651,604;649,602;647,600;647,599;646,599;646,597;644,596;643,596;642,596;641,595;641,594;640,594;640,593;639,593;637,591;637,590;635,590;634,590;634,589;632,589;631,589;630,589;629,589;628,588;627,588;627,587;628,585;628,584;629,584;630,583;631,582;632,582;633,582;634,581;635,580;635,579;637,578;638,578;638,577;638,576;639,576;640,575;641,575;641,574;642,574;643,574;644,573;644,572;644,571;645,571;645,570;646,570;647,570;648,569;649,568;650,568;651,568;651,567;653,567;654,567;655,567;655,566;656,566;657,566;658,566;660,566;662,566;663,566;664,566;665,566;665,565;667,565;668,565;669,565;670,564;671,564;672,564;673,564;674,563;675,563;676,563;677,563;678,563;679,563;680,563;681,563;681,561;682,561;683,560;684,560;685,560;687,560;688,560;690,560;691,560;692,560;693,560;694,560;696,560;698,560;700,559;704,559;706,559;708,558;710,557;711,557;711,556;711,554;711,553;711,552;711,548;711,545;711,542;711,539;710,535;707,530;703,525;703,523;703,521;702,519;701,517;700,515;699,512;698,511;697,510;697,509;696,507;695,506;695,505;695,504;694,503;693,501;692,499;691,498;691,497;690,496;689,494;688,494;688,493;687,492;686,491;686,490;685,490;684,490;684,489;683,489;682,488;681,487;680,487;677,487;676,487;674,487;673,487;672,487;671,487;670,487;669,487;667,487;666,487;665,487;664,487;662,487;661,487;659,487;658,487;655,487;654,487;652,487;651,487;650,487;649,487;647,487;644,489;643,490;642,490;641,490;639,490;638,490;637,490;636,490;633,491;632,491;631,491;630,492;628,492;627,492;626,493;625,493;624,493;623,494;622,494;621,494;620,494;619,495;618,495;617,496;616,497;614,497;613,497;612,497;611,497;610,497;609,497;607,497;606,497;605,497;604,497;603,497;602,497;601,497;599,497;598,497;597,497;596,495;595,495;595,494;593,493;593,492;592,492;591,492;590,491;589,491;588,491;587,491;586,491;584,490;583,490;582,490;581,489;580,489;579,489;578,489;577,489;575,488;574,488;573,488;572,488;571,488;570,488;568,487;567,487;566,487;563,487;560,487;559,487;558,487;556,487;555,487;554,487;552,486;551,486;549,485;548,485;547,485;545,485;544,485;543,485;542,485;540,484;539,484;538,483;537,482;536,482;534,481;532,481;531,480;530,480;529,480;527,479;526,477;525,477;524,477;523,476;522,476;521,476;521,475;520,475;519,475;518,475;517,474;516,474;515,474;515,473;514,472;514,471;513,470;512,470;510,469;510,468;509,468;511,468;512,468;513,468;514,468;515,468;516,468;518,468;520,469;520,470;521,470;521,471;521,472;522,472;523,473;524,473;525,473;526,473;527,473;528,473;529,473;530,473;531,473;532,473;533,473;534,473;535,473;536,473;537,473;538,473;539,473;540,473;541,473;542,473;543,473;544,473;545,473;546,473;547,473;548,473;549,472;549,471;550,471;551,471;552,471;553,471;554,470;555,470;556,470;557,470;558,470;559,470;560,470;561,470;561,469;562,469;563,469;564,469;565,469;566,469;567,469;568,468;568,467;568,466;569,466;570,466;571,466;572,466;573,465;574,465;575,465;576,465;577,465;577,464;578,464;579,464;580,464;581,463;582,463;583,463;584,463;585,463;586,463;587,463;588,463;589,463;590,462;591,462;592,462;593,461;593,460;594,460;595,460;596,459;597,459;598,459;598,458;599,458;600,457;601,457;601,456;602,454;603,454;604,453;605,453;606,452;607,451;607,450;607,449;608,447;608,446;608,445;608,444;608,443;608,442;609,441;609,440;609,439;609,438;609,436;609,435;609,434;609,433;608,433;607,432;606,432;605,432;604,432;603,432;602,432;601,432;600,432;599,432;598,432;596,432;595,432;594,432;592,432;591,432;589,432;588,432;587,432;586,432;585,432;584,432;583,432;582,432;581,432;580,432;579,432;578,432;577,432;576,433;575,433;574,433;574,434;573,435;572,435;571,436;570,436;569,436;568,436;568,437;567,437;566,438;566,439;565,439;564,439;564,438;564,437;563,436;563,435;563,434;563,433;563,431;563,430;563,429;563,428;563,427;563,426;563,424;563,423;563,422;563,421;563,420;563,419;564,419;566,419;567,419;568,419;569,419;570,419;572,419;573,419;574,419;575,417;576,417;577,417;578,417;581,417;582,417;583,417;584,416;585,415;586,415;587,415;588,414;589,414;590,413;591,413;592,413;593,413;594,412;595,412;598,412;600,412;602,412;603,412;604,412;605,411;606,411;606,410;607,410;607,407;608,406;609,406;610,405;611,402;612,402;612,401;612,400;612,399;612,397;612,396;612,394;612,393;612,392;612,391;612,390;612,389;612,387;612,384;612,383;612,382;612,381;612,380;612,378;612,377;612,376;612,375;612,373;612,371;612,370;611,370;611,368;610,366;609,365;609,364;608,364;608,363;607,361;607,360;606,359;606,358;606,357;605,357;605,356;603,356;602,354;602,353;601,353;600,353;599,352;598,352;597,352;596,351;595,350;594,350;593,349;592,348;591,347;590,347;589,347;588,347;587,347;586,347;585,347;584,347;583,347;582,347;580,347;579,347;579,346;577,346;576,346;575,346;574,345;573,344;573,343;571,343;570,342;569,342;568,341;567,341;566,341;564,341;562,341;561,341;560,341;559,341;558,340;557,340;554,340;553,340;552,340;551,340;550,340;549,340;547,340;546,340;544,340;543,340;542,340;539,341;537,342;535,342;532,344;530,345;528,347;526,349;525,349;523,349;520,350;519,350;518,350;515,351;512,352;511,352;508,353;505,355;503,356;501,357;500,357;498,357;495,358;493,359;492,360;491,362;489,362;486,363;485,364;481,366;478,368;475,370;472,372;469,372;466,373;462,376;460,377;458,377;455,378;452,379;451,380;450,381;448,382;448,383;446,383;444,383;439,386;436,388;432,390;429,391;426,393;424,394;420,396;
Stroma; POLYGON; 128, 128, 128; 540,486;540,485;540,484;540,483;539,482;538,481;538,480;537,477;536,476;535,473;535,472;534,470;533,468;533,466;530,462;528,460;528,457;525,454;525,451;524,451;524,449;522,447;521,446;520,445;519,445;518,443;515,443;514,443;510,443;507,443;505,443;502,443;497,446;493,450;488,454;483,458;478,463;473,468;468,474;463,479;457,486;455,487;453,490;452,491;452,493;452,494;452,498;452,499;452,503;452,506;453,508;457,512;458,513;462,518;465,520;466,522;
Stroma; POLYGON; 128, 128, 128; 548,285;549,285;550,285;551,285;552,284;553,284;555,284;556,285;556,286;556,287;556,288;556,289;556,291;555,292;554,292;553,294;552,294;551,294;550,295;549,295;547,295;546,295;545,295;544,295;543,295;542,295;541,295;540,295;539,296;537,296;536,296;535,296;534,297;534,298;534,299;534,300;535,301;536,302;537,303;537,304;538,304;539,306;539,307;540,307;541,308;542,308;542,310;542,311;543,313;544,315;545,315;545,316;546,318;547,319;547,320;548,321;549,321;551,321;551,322;552,322;553,322;554,322;555,322;555,323;557,324;559,325;560,326;561,326;562,326;563,327;564,327;565,327;566,327;567,327;568,328;569,328;570,329;571,329;573,329;575,329;577,329;578,329;579,329;580,329;581,330;582,330;583,330;584,330;585,331;586,331;587,331;588,331;588,332;589,332;590,332;591,332;592,332;593,332;593,333;594,333;595,333;596,333;598,333;599,333;601,333;602,334;603,335;604,335;605,335;606,335;607,337;608,337;608,338;609,338;610,339;610,340;610,341;610,342;610,343;610,344;610,345;610,346;610,348;610,349;610,352;610,353;609,354;609,355;608,356;607,358;606,359;606,360;605,360;603,360;602,360;601,361;601,362;600,363;600,364;600,365;600,366;600,367;600,368;600,369;600,370;600,371;600,372;600,373;600,374;600,375;600,376;600,377;600,378;600,379;600,381;600,382;600,383;600,385;600,386;600,387;600,388;600,389;600,391;600,392;600,393;600,395;600,397;601,398;602,399;602,401;603,401;603,402;603,403;603,405;603,406;604,406;605,407;605,408;606,409;608,410;609,410;610,410;611,411;612,411;613,411;614,411;615,411;616,411;617,411;618,411;620,411;621,411;623,411;624,411;625,411;626,411;627,411;628,411;628,412;629,412;631,413;632,413;633,413;635,416;636,417;637,417;637,418;638,418;639,418;640,419;640,420;642,421;643,421;645,422;646,422;647,423;648,423;649,423;650,423;651,424;653,424;654,425;655,426;657,428;658,429;660,431;661,432;661,433;661,434;661,435;662,435;662,436;663,436;663,437;663,438;663,439;664,441;665,441;665,442;666,443;666,444;666,445;666,446;666,447;666,448;666,449;666,450;666,451;666,452;666,453;666,454;666,455;665,456;664,456;663,457;663,458;662,458;661,458;661,459;660,460;659,460;657,461;656,462;656,463;655,464;654,464;653,464;653,465;653,466;652,467;651,467;651,468;651,470;651,471;651,472;650,473;650,474;650,475;650,476;650,477;649,478;648,478;647,478;646,479;644,479;642,479;642,480;640,480;639,480;639,481;638,482;636,483;636,484;634,484;633,485;633,486;631,487;630,488;629,488;628,489;627,490;626,491;625,492;625,493;623,494;619,496;618,498;617,498;616,499;616,500;616,501;616,503;616,504;616,505;616,506;617,507;620,507;621,507;623,507;627,507;629,508;632,508;634,508;635,508;637,508;638,508;639,508;643,510;646,510;649,510;652,511;655,513;658,513;659,513;661,513;662,513;665,513;668,513;671,513;675,514;679,514;682,515;685,515;686,515;687,515;689,515;690,514;691,514;695,512;696,512;699,511;701,510;703,510;704,510;707,507;710,504;712,501;714,498;715,497;717,495;718,493;721,490;721,489;722,488;724,485;725,483;727,480;729,476;730,473;733,470;734,468;736,466;738,461;740,458;743,453;744,452;748,449;750,446;752,444;755,442;757,440;758,437;763,433;765,431;768,428;771,426;774,423;778,421;780,417;782,414;784,410;787,408;789,405;793,401;796,397;799,395;801,393;804,390;805,388;807,387;808,383;810,381;811,380;814,376;815,375;815,373;815,371;815,370;815,368;816,366;816,365;816,363;816,361;816,358;816,356;816,355;816,353;816,350;815,349;814,349;814,348;813,347;813,346;812,345;812,344;812,343;811,342;811,341;810,340;810,339;809,339;809,338;807,336;807,335;806,334;806,333;804,331;802,331;800,329;800,328;799,328;799,327;797,326;796,326;795,325;794,323;793,323;792,322;791,322;790,322;789,322;788,322;786,322;785,322;784,322;783,322;782,322;781,322;780,322;779,322;778,323;777,324;776,324;775,324;773,324;772,324;771,324;770,324;769,324;768,324;766,324;765,324;764,324;763,324;762,324;762,325;761,325;760,325;759,325;759,326;758,327;757,327;756,327;755,327;754,328;753,328;752,329;752,330;751,330;750,330;749,330;748,331;747,331;745,331;744,331;744,332;743,332;742,332;741,332;741,334;740,334;739,334;738,334;737,334;736,334;735,335;734,335;733,335;732,335;731,335;730,335;729,335;728,335;727,335;726,335;724,335;722,336;721,337;720,338;718,341;718,342;717,343;717,344;717,345;716,346;716,347;715,348;714,349;713,349;712,349;711,350;710,351;708,351;707,351;705,351;704,351;703,351;702,351;701,351;700,351;699,351;697,351;696,351;695,351;694,351;693,351;692,351;691,351;690,351;688,351;687,351;686,351;685,352;684,352;683,352;683,353;682,353;681,353;680,353;678,354;677,354;676,354;675,354;674,354;672,354;671,354;669,354;667,354;664,354;662,354;661,354;659,354;658,354;657,354;655,354;654,355;653,355;652,355;651,355;649,355;648,355;647,355;646,355;646,354;645,352;644,351;644,350;644,349;645,349;646,349;647,349;649,349;651,349;653,349;656,349;657,349;658,349;659,349;660,348;661,348;662,348;663,348;664,348;665,348;666,348;667,348;668,347;669,346;670,345;671,345;672,345;673,345;673,344;674,344;675,343;676,343;676,342;677,342;678,342;679,341;680,341;680,340;680,339;681,339;683,339;684,339;685,339;686,339;687,339;688,339;690,339;691,339;690,339;689,339;688,339;687,339;686,339;684,339;683,339;682,339;681,339;680,339;678,339;677,339;676,339;675,339;674,339;673,339;671,339;670,339;669,339;668,339;667,339;665,339;664,339;663,339;662,339;661,339;660,339;659,339;658,339;657,339;655,339;654,339;653,339;651,338;650,337;649,337;648,337;647,337;646,337;644,336;644,335;643,335;642,335;641,334;641,333;640,333;639,333;639,332;637,331;636,331;635,331;634,331;633,331;632,331;631,331;630,331;629,330;628,330;627,330;626,330;625,330;624,330;623,330;622,330;621,330;620,330;619,330;618,330;617,330;616,330;615,330;614,330;613,330;612,329;611,328;609,328;607,327;606,327;605,326;604,325;604,324;604,323;604,322;604,320;604,319;604,318;605,318;606,318;607,318;608,318;610,317;611,317;612,317;613,316;614,316;615,316;616,316;617,316;618,316;620,316;621,316;622,316;623,316;624,316;626,316;627,316;628,316;629,316;630,317;631,317;632,317;633,317;634,317;636,318;638,318;639,318;640,318;641,318;642,319;643,319;645,319;645,320;646,320;647,320;648,320;649,320;650,320;651,321;652,321;653,321;654,321;655,321;656,322;657,323;658,323;660,323;661,323;662,323;663,323;664,323;666,323;667,323;668,323;669,323;670,323;671,323;672,323;673,323;674,324;675,324;678,324;679,324;680,324;681,324;682,324;683,324;685,324;687,324;689,324;690,324;691,324;693,324;694,324;695,324;696,324;697,323;699,323;700,323;701,322;702,322;703,322;703,321;703,320;704,320;705,320;706,320;707,319;709,319;710,318;711,318;713,318;714,318;716,318;718,318;719,318;720,318;721,318;722,318;723,318;724,318;725,318;726,318;728,318;730,318;731,317;732,317;734,316;735,316;736,315;737,314;738,313;740,313;742,313;743,313;744,313;744,312;745,312;746,312;747,312;747,311;749,311;750,311;751,311;752,309;753,309;755,309;757,309;758,309;759,309;760,308;762,308;763,308;765,308;766,308;768,308;769,308;770,308;772,308;773,308;774,308;775,308;776,308;777,308;779,308;780,308;782,307;783,306;785,306;786,306;787,306;789,306;792,306;794,305;796,305;799,305;801,305;804,305;807,305;809,305;812,305;814,305;816,304;817,304;818,304;820,304;822,304;823,303;825,303;828,303;830,303;833,303;835,302;838,301;841,301;843,301;846,301;848,301;851,301;854,301;858,301;860,301;864,301;868,301;872,301;876,301;881,301;885,301;889,301;893,301;896,301;899,301;902,301;906,301;910,301;914,301;917,301;920,301;923,301;926,301;927,301;929,301;930,301;931,300;932,300;933,299;934,298;936,296;938,295;940,295;942,293;943,291;944,290;945,289;946,288;948,287;950,287;952,285;953,284;954,284;955,284;956,284;958,283;959,282;960,282;961,282;962,281;962,279;963,278;964,277;965,275;966,273;967,272;968,271;970,269;972,267;974,266;974,265;976,264;976,263;977,263;977,262;977,261;977,260;978,259;978,258;978,255;978,254;978,253;978,251;979,251;979,249;979,248;979,246;979,244;979,242;979,241;979,239;979,238;979,237;980,236;981,235;981,233;981,232;981,229;983,228;983,227;984,225;984,223;985,222;985,221;985,220;986,219;986,218;986,217;986,216;986,215;986,214;985,214;984,214;982,214;981,214;980,214;979,214;978,215;977,216;976,216;976,217;975,217;973,218;970,218;970,219;969,219;968,220;968,221;967,221;966,221;964,221;963,221;962,221;961,221;960,220;957,219;957,218;956,218;955,218;953,217;951,217;948,216;945,215;944,215;943,214;943,213;942,213;941,212;940,211;939,211;938,211;937,209;936,209;934,208;933,208;933,207;932,207;931,206;930,206;929,206;927,206;926,205;924,204;924,203;921,203;919,203;917,203;917,202;916,202;915,202;914,202;913,202;913,201;913,200;912,200;912,199;910,199;910,198;909,197;908,196;908,195;908,194;906,193;906,192;905,191;905,190;905,189;904,188;904,187;903,186;903,185;903,184;902,184;902,182;902,181;902,180;902,179;902,178;902,177;902,175;902,174;902,173;902,172;902,171;902,169;902,168;902,167;902,166;902,165;902,164;902,163;903,163;904,163;905,163;906,162;907,162;908,162;910,162;911,162;912,162;913,162;913,161;914,161;915,161;916,161;917,161;918,160;919,159;919,158;919,157;921,157;922,156;923,155;923,154;924,154;924,153;924,152;924,151;924,150;925,150;925,149;926,148;926,147;926,146;927,146;928,145;929,144;929,143;931,142;932,142;932,140;932,139;932,138;932,137;932,136;933,136;934,135;934,134;934,133;934,132;934,131;934,130;934,129;934,128;934,127;934,126;934,125;934,124;934,123;931,121;931,120;930,119;930,117;930,116;930,115;929,114;928,113;928,110;927,109;926,108;925,108;925,107;924,107;922,107;918,107;917,107;915,107;913,107;910,107;909,107;908,107;907,108;906,108;904,108;902,109;900,109;899,110;897,111;895,111;894,112;892,113;890,114;888,114;885,115;884,117;883,118;882,119;881,119;880,121;879,121;878,123;876,124;874,125;872,126;870,128;866,131;863,134;860,135;856,138;854,140;851,140;849,141;845,142;842,143;840,143;837,143;834,143;832,144;829,145;827,145;824,145;821,146;820,146;818,146;817,146;813,146;809,146;807,146;805,145;802,144;799,144;795,143;791,142;785,142;780,140;774,139;770,138;767,138;764,138;761,138;758,138;755,138;752,138;749,138;748,138;747,138;746,138;744,138;743,138;742,138;740,136;738,136;736,136;734,136;732,136;730,136;729,136;728,136;723,135;721,135;718,135;717,135;714,134;712,134;710,133;708,133;706,133;705,133;704,133;703,133;701,133;699,133;698,133;697,133;695,133;693,133;690,133;687,133;685,133;682,133;680,133;677,133;674,133;672,130;670,130;669,130;668,129;665,129;663,128;662,127;661,126;660,125;659,124;658,124;657,124;655,124;654,124;653,122;651,122;649,122;646,121;645,121;644,121;642,121;641,120;640,120;639,120;638,120;638,119;637,119;637,118;636,118;634,117;633,117;633,116;632,113;631,112;631,111;630,111;630,110;629,108;629,107;629,106;628,104;627,104;626,103;625,103;623,103;622,103;620,103;619,103;618,103;617,103;616,103;615,103;615,104;615,106;615,108;615,109;615,110;616,111;616,112;617,112;617,113;616,113;615,113;614,113;613,113;612,113;611,115;610,115;608,116;607,116;607,117;607,118;607,119;608,119;609,121;609,122;611,122;611,123;613,124;614,124;615,125;615,127;615,128;614,128;614,129;613,129;612,130;611,131;610,131;609,131;608,131;607,131;607,132;606,133;605,134;604,135;603,136;602,138;602,139;601,139;601,140;600,141;600,142;599,142;598,144;597,144;597,145;596,145;596,146;596,147;596,148;595,149;594,149;594,150;594,151;593,152;593,153;591,155;591,156;591,157;590,157;588,159;587,161;586,161;585,163;585,164;584,167;583,168;581,170;580,172;578,174;574,177;573,179;570,180;569,182;567,183;564,185;563,185;560,189;558,190;556,191;554,192;552,192;548,195;545,196;544,196;541,196;540,197;537,199;534,199;532,201;530,202;527,204;523,207;522,208;518,211;516,212;514,213;510,216;507,219;505,219;502,223;499,225;496,227;496,228;494,230;492,231;492,232;492,233;491,233;491,234;491,235;
Stroma; POLYGON; 128, 128, 128; 226,12;227,12;229,12;230,12;232,13;234,15;236,15;237,15;239,15;240,16;241,16;242,16;243,16;244,17;245,18;246,18;247,18;248,18;249,19;250,19;251,20;251,21;252,21;252,22;253,22;254,23;255,23;256,23;257,24;258,24;258,25;258,26;259,27;260,27;262,27;264,27;265,27;266,27;267,28;269,28;270,28;271,28;272,28;273,28;274,28;275,28;276,28;278,28;280,28;281,28;282,28;283,29;284,29;285,29;286,29;287,29;288,30;290,31;290,32;292,32;293,32;294,33;295,33;296,33;297,34;298,34;301,36;302,36;304,37;305,37;306,38;307,38;309,38;309,39;310,39;310,40;311,40;312,40;313,40;315,40;315,41;316,41;317,41;318,41;319,41;321,41;322,41;323,41;325,41;326,42;327,42;328,42;329,42;330,42;331,42;332,42;333,42;335,42;336,42;338,42;339,41;340,40;341,40;342,39;343,39;344,39;344,38;345,36;345,35;346,35;347,35;348,35;349,35;350,35;351,35;353,35;354,35;355,35;356,37;359,37;360,37;360,38;361,38;362,39;363,40;365,40;365,41;366,41;367,42;368,43;369,44;371,45;372,45;373,45;373,46;374,46;375,47;376,48;377,49;378,49;378,50;379,51;380,51;383,51;384,51;385,51;386,51;387,51;389,52;391,53;392,53;394,53;395,53;396,53;397,53;398,53;399,53;400,53;401,53;402,53;403,53;404,53;405,53;407,53;408,53;409,53;410,53;411,53;412,53;413,53;414,53;416,53;417,53;418,53;420,53;421,53;422,53;423,53;424,53;425,53;426,53;427,53;428,53;429,52;430,52;431,52;432,51;433,51;434,51;435,51;436,51;437,51;439,51;440,51;442,51;443,51;444,50;446,50;447,50;448,50;449,50;450,50;452,50;453,50;454,50;455,50;456,50;457,51;458,51;459,51;459,52;460,52;461,52;462,54;463,54;464,54;464,55;465,56;466,56;466,57;467,57;468,57;469,58;470,59;470,60;471,60;472,60;473,60;474,60;475,60;476,60;477,60;479,60;480,60;481,60;482,60;483,60;484,61;485,61;486,61;487,61;489,62;490,62;492,62;494,63;495,63;496,63;497,63;498,63;499,63;500,63;501,63;502,63;503,63;505,63;506,63;507,63;508,63;509,63;510,63;511,63;512,63;514,63;515,63;516,63;517,63;518,63;519,63;521,63;522,63;523,63;523,64;525,65;527,65;528,65;529,65;530,66;532,66;533,66;533,67;534,68;537,70;538,72;539,73;540,73;540,74;541,74;542,76;543,76;544,78;545,79;546,80;546,81;546,82;547,82;548,84;548,85;549,85;551,85;552,85;554,86;555,86;557,86;557,87;558,87;560,87;561,87;562,87;563,88;564,88;565,88;566,88;566,89;567,89;568,89;569,89;572,90;573,90;573,91;574,91;575,92;576,92;577,92;579,93;580,94;581,95;582,96;582,97;584,97;585,98;587,99;588,99;589,99;590,99;591,99;592,99;593,99;594,99;594,98;597,98;598,98;600,98;601,98;602,98;603,99;604,99;606,99;608,100;609,100;610,101;611,101;612,102;612,103;613,104;614,104;615,104;617,105;618,105;619,105;620,106;621,106;622,106;623,106;624,106;625,106;625,107;626,107;628,107;629,109;631,109;632,110;633,110;633,111;635,111;636,111;636,112;637,113;639,115;639,116;640,116;640,117;641,117;643,118;644,118;645,119;646,119;648,121;650,120;650,119;651,119;651,118;651,116;651,115;651,114;651,113;651,112;652,112;652,110;652,109;652,108;652,107;652,106;652,105;652,103;652,102;652,100;651,100;650,99;649,98;649,97;648,97;648,96;646,95;645,94;645,93;645,92;643,90;642,90;642,88;640,87;640,86;639,85;639,84;639,83;640,81;640,80;641,80;642,80;643,80;644,80;645,80;647,79;648,79;649,78;650,78;651,78;651,77;652,77;655,77;656,77;657,77;658,78;659,78;659,79;660,79;661,81;661,82;662,82;662,83;663,83;663,84;665,84;666,85;667,87;668,87;669,89;670,89;670,90;671,90;672,91;673,91;673,92;673,93;673,94;673,95;673,96;673,97;674,97;674,98;674,100;674,101;674,102;674,103;675,103;677,104;678,105;679,105;680,105;681,105;682,106;683,106;684,106;685,106;686,106;687,106;688,106;689,106;690,106;691,106;692,106;693,106;694,106;696,106;697,106;698,106;699,106;700,106;701,106;702,106;703,106;704,106;705,106;706,106;707,106;708,106;709,106;709,105;709,104;709,103;709,102;709,101;709,100;709,99;709,98;708,98;708,97;707,96;706,96;705,96;705,95;704,95;703,93;702,93;701,92;700,91;699,91;698,90;698,89;698,88;698,87;698,86;698,85;698,84;697,84;697,83;697,82;696,81;696,80;695,80;695,78;695,77;695,76;697,75;697,74;698,74;699,74;700,74;701,74;702,74;703,74;703,73;704,72;705,72;706,72;707,72;709,72;710,71;711,71;712,71;713,71;714,71;715,71;716,71;717,71;718,71;719,71;720,71;721,71;722,72;723,72;724,72;725,73;725,74;725,75;727,76;727,77;728,78;728,79;729,81;730,82;731,83;731,84;732,84;733,85;734,85;735,85;737,85;738,86;738,87;738,88;739,89;739,90;739,91;739,92;739,93;739,94;739,95;738,96;738,97;737,97;737,98;737,99;737,100;739,102;740,102;741,102;743,102;744,102;745,102;747,102;748,102;750,103;751,103;753,103;754,103;755,103;756,103;757,103;758,103;759,103;759,102;760,102;761,102;762,101;762,100;764,100;765,100;766,100;768,100;769,100;769,99;771,99;772,99;775,99;776,99;780,99;781,99;782,99;783,100;784,100;785,100;786,100;788,101;790,102;791,102;792,102;793,102;794,102;795,102;796,103;797,103;798,103;799,104;800,104;801,104;802,105;804,105;805,105;806,105;807,105;808,105;808,104;808,103;808,102;808,100;808,99;808,98;808,97;808,96;808,95;808,94;807,94;807,92;806,90;805,90;804,89;803,89;803,88;803,87;802,87;800,86;799,85;798,85;798,84;797,84;796,83;795,83;794,82;794,81;793,81;792,81;790,80;789,80;788,80;788,79;787,78;786,77;786,76;786,75;786,74;785,74;784,73;784,72;784,71;784,70;784,69;784,68;784,67;784,66;784,65;784,64;785,62;786,61;788,60;789,60;790,59;791,59;792,59;794,58;795,58;796,58;797,58;798,56;799,55;800,55;801,55;802,55;804,55;806,55;807,55;810,55;811,55;812,55;813,55;814,56;815,56;816,56;817,57;818,57;819,57;820,57;821,57;822,57;823,57;823,58;824,58;824,59;824,60;824,61;824,62;824,64;823,65;822,65;821,65;820,66;819,68;818,68;817,69;817,70;817,71;816,71;815,72;815,74;815,75;815,76;815,77;815,78;815,79;815,81;816,82;817,84;818,84;818,85;818,86;818,87;819,87;819,88;819,89;820,90;821,92;821,93;821,94;821,95;822,96;822,97;822,98;823,99;823,100;823,101;823,102;823,103;823,104;823,105;823,106;823,107;823,108;822,109;822,110;821,111;820,111;819,111;819,112;818,113;817,113;816,113;815,113;814,113;813,114;812,114;811,114;809,115;808,115;805,115;804,115;801,115;800,115;798,115;796,115;793,115;790,115;787,115;785,115;783,115;779,115;777,115;775,115;773,115;770,115;768,114;767,114;766,114;765,114;764,114;763,114;761,114;760,114;759,114;757,114;755,114;754,114;753,114;750,114;749,114;747,114;746,114;745,115;744,115;742,115;741,116;739,117;739,118;738,118;738,119;738,120;738,121;738,123;738,124;738,125;738,127;738,129;739,131;741,133;741,135;743,137;744,137;746,140;749,143;751,145;754,149;757,151;761,153;763,157;767,159;769,161;772,163;777,167;783,170;788,173;792,175;797,176;801,178;806,179;811,180;815,181;820,182;823,182;826,182;829,182;830,182;832,182;834,182;835,182;836,180;837,179;839,178;840,177;841,176;842,176;843,176;843,174;844,173;846,171;847,171;848,170;849,170;850,170;850,169;852,168;853,167;854,166;857,166;858,165;862,165;863,165;865,164;866,164;868,163;870,163;873,163;875,162;878,160;880,159;882,158;884,157;887,157;889,157;890,157;891,156;892,156;894,155;896,154;898,153;899,153;900,153;900,152;901,152;902,152;903,151;904,151;906,150;909,150;911,150;914,150;915,149;916,148;917,148;917,147;918,146;920,145;920,144;921,143;921,142;922,142;922,141;923,140;923,139;923,137;923,136;924,136;924,135;925,134;925,133;925,132;925,131;925,129;925,128;925,127;925,126;925,124;925,123;925,122;925,121;925,120;925,118;925,117;925,116;925,115;925,114;925,113;925,112;925,111;925,110;925,108;925,107;925,106;925,104;925,103;926,103;926,102;927,102;929,102;931,101;932,101;933,100;933,98;933,97;934,95;934,94;934,92;934,91;934,90;935,88;935,87;936,85;936,84;936,83;936,81;936,79;936,77;936,75;936,73;936,72;936,70;935,69;933,66;932,65;930,65;929,65;928,64;927,63;926,61;926,60;925,60;924,59;923,58;922,57;922,56;921,55;918,54;918,53;916,52;915,50;913,48;912,48;912,47;911,46;909,43;909,42;908,42;907,40;905,39;905,38;903,36;901,34;899,34;898,33;897,32;896,30;895,30;893,28;893,27;892,27;891,26;890,25;890,24;889,23;888,22;887,21;887,20;886,18;885,17;884,16;884,15;882,15;882,14;882,13;881,12;881,11;881,10;880,10;880,9;879,9;878,9;877,9;876,9;875,9;874,9;873,9;872,9;871,10;870,10;869,11;869,12;868,13;868,14;868,15;868,16;868,17;868,18;868,19;868,20;868,21;868,22;868,23;867,24;867,25;866,25;866,26;865,26;865,27;863,28;863,29;862,30;861,31;860,32;859,32;858,34;858,36;857,37;856,38;856,39;855,39;854,40;854,41;854,42;853,42;851,42;850,42;848,42;846,42;845,42;843,42;842,42;841,42;839,42;838,42;837,42;836,42;835,42;834,42;833,42;831,42;829,42;828,42;826,42;825,42;825,41;824,41;822,41;821,40;819,40;818,40;816,39;815,38;814,38;813,38;812,37;811,36;811,35;810,35;809,35;808,35;807,35;806,35;805,35;803,35;803,34;802,34;801,34;800,34;799,34;797,34;795,34;794,34;793,34;791,34;790,34;788,34;787,34;785,34;784,34;782,33;781,33;780,33;779,33;778,33;777,33;775,33;774,33;773,33;772,33;771,33;770,33;768,33;767,33;766,33;765,33;764,33;762,33;761,33;759,33;758,33;757,33;756,33;755,33;754,33;752,33;751,33;750,33;749,33;748,33;747,33;746,33;744,33;743,33;742,33;741,33;740,33;739,33;738,33;737,33;736,33;735,33;734,33;733,33;732,33;731,33;730,33;729,33;728,33;726,33;725,33;724,33;723,33;722,33;720,33;719,33;718,33;716,33;715,33;713,33;712,33;711,33;710,33;709,33;708,33;706,33;704,33;703,33;701,32;700,32;699,32;698,32;696,31;695,31;692,29;691,29;690,29;689,29;688,29;687,29;686,29;685,29;684,29;683,29;682,29;682,30;681,30;680,31;680,32;679,32;678,33;678,34;678,35;677,35;677,36;676,36;676,37;675,37;675,38;675,39;674,40;674,41;674,42;673,42;673,43;672,44;671,44;670,44;670,46;669,47;668,47;668,48;667,49;666,49;666,50;665,50;664,50;663,50;662,50;660,50;659,50;658,50;657,50;656,50;655,50;654,50;653,50;651,50;650,50;648,50;647,50;646,50;645,50;644,50;643,50;642,50;641,50;640,50;639,50;638,50;637,50;637,49;636,49;635,49;634,49;633,49;631,48;630,47;629,47;628,47;628,46;626,46;625,45;624,45;623,45;622,45;621,45;620,45;619,45;618,45;617,44;614,43;612,43;611,43;609,43;608,43;607,42;606,42;604,40;603,40;602,40;600,38;599,37;598,37;597,36;596,35;594,34;594,33;593,33;591,32;590,32;589,31;587,31;586,31;585,30;584,29;582,29;581,29;580,28;580,27;579,26;579,25;578,25;577,23;577,22;577,21;576,20;576,19;575,18;574,17;573,16;572,15;571,14;571,13;570,13;569,13;568,12;567,11;566,11;565,11;564,10;563,10;562,9;561,8;561,7;560,7;560,6;558,6;557,6;557,5;556,5;555,5;554,5;554,4;553,4;552,4;551,4;550,4;549,4;548,4;547,4;545,4;544,4;543,4;542,4;541,4;540,4;539,4;538,4;537,4;536,4;535,4;533,4;532,4;531,4;530,4;528,4;527,4;526,4;525,3;524,3;523,3;522,3;521,3;520,3;519,3;518,3;517,3;516,3;515,3;514,3;513,3;512,3;510,3;508,3;507,3;505,3;504,3;503,3;501,3;500,3;499,3;498,3;497,3;496,3;495,3;494,3;493,3;492,3;491,3;489,3;488,3;487,3;486,3;485,3;484,3;483,3;482,3;481,3;478,3;477,3;474,3;473,3;472,3;471,3;470,3;469,3;468,3;467,3;466,3;465,3;464,3;463,3;462,3;460,3;459,3;458,3;456,3;454,3;453,3;452,3;451,3;449,3;448,3;447,3;446,3;445,3;444,3;442,3;441,3;440,3;439,3;438,3;437,3;436,3;435,3;434,3;432,3;431,3;430,3;428,3;426,3;425,2;425,1;424,1;423,1;422,1;421,1;420,1;419,1;417,1;416,1;415,1;413,1;412,1;411,1;409,1;407,1;406,1;404,1;403,1;401,1;400,1;399,1;398,1;397,2;396,2;395,2;394,2;393,2;392,2;391,2;390,2;388,2;387,2;386,2;385,2;383,2;382,2;381,2;380,2;378,2;377,2;375,2;373,2;371,2;370,2;369,2;367,3;366,3;365,3;364,3;362,3;361,3;359,3;358,3;357,3;355,3;354,3;353,3;352,3;351,3;350,3;349,3;348,3;347,3;345,3;343,3;342,3;340,3;338,3;337,3;336,3;334,3;333,3;331,3;330,3;329,3;328,3;326,3;325,3;322,3;321,3;320,3;319,3;318,3;317,3;316,3;315,3;314,3;313,3;311,3;309,3;308,3;306,3;304,3;302,3;300,3;299,3;296,3;295,3;293,3;292,3;289,3;287,3;286,3;284,3;283,3;282,3;281,3;280,3;277,3;276,3;274,3;272,3;271,3;270,3;268,3;266,3;265,3;264,3;263,3;262,3;261,3;259,5;258,5;257,5;255,5;253,5;252,5;251,5;250,5;249,5;247,5;246,5;244,5;243,5;242,5;241,5;240,5;239,5;237,5;236,5;235,5;234,5;233,5;232,5;231,5;230,5;229,5;228,5;227,5;225,7;225,8;225,9;224,9;224,10;224,11;224,13;225,14;226,14;227,14;228,14;229,14;231,14;232,14;
Stroma; POLYGON; 128, 128, 128; 644,101;644,103;644,104;645,104;645,105;645,106;645,107;645,108;645,110;645,111;645,112;645,113;646,114;646,116;646,117;647,118;647,119;648,119;648,120;648,122;648,123;648,124;648,125;648,126;648,127;648,128;648,129;648,130;647,131;646,131;644,131;643,131;642,130;641,130;639,128;639,127;638,127;637,127;636,127;635,127;635,126;634,126;634,125;633,124;632,124;632,123;631,121;631,119;630,118;629,116;628,116;627,115;626,115;625,115;624,115;623,114;623,113;622,113;621,113;620,113;
Stroma; POLYGON; 128, 128, 128; 651,115;651,116;651,117;651,118;651,119;652,120;653,121;654,121;655,121;656,121;657,121;658,121;660,121;661,121;662,121;664,121;665,121;666,121;667,121;668,121;669,121;670,121;671,121;672,121;673,121;674,121;674,119;674,118;674,117;674,116;674,115;674,114;673,113;673,112;673,111;672,110;672,109;672,108;672,106;672,105;672,104;672,103;672,102;672,101;673,100;673,99;674,99;676,99;678,99;679,99;681,99;685,99;687,99;690,99;692,99;694,99;696,99;699,100;702,100;703,100;704,101;705,101;706,101;707,101;708,101;709,101;710,102;711,103;713,104;714,104;715,104;716,106;717,106;718,107;719,107;720,107;721,107;722,107;723,107;724,107;725,106;725,105;726,105;727,104;728,103;729,102;730,101;731,101;732,100;734,99;735,99;735,98;736,98;737,98;738,98;739,98;741,98;743,98;745,98;748,98;751,98;754,98;756,98;759,98;760,98;761,98;762,98;762,97;763,97;764,97;765,97;766,97;768,97;769,97;771,97;772,97;774,97;776,96;777,96;778,96;780,95;783,95;784,94;785,93;786,93;787,93;789,93;790,93;793,93;794,93;795,93;796,93;797,93;797,94;798,94;799,94;800,95;801,95;802,95;803,96;805,96;806,97;807,98;808,98;809,98;811,99;811,100;813,101;814,101;816,101;817,101;819,102;820,102;821,102;822,101;822,100;823,100;824,100;825,100;826,100;828,100;828,99;829,99;830,99;831,98;832,98;833,98;834,98;835,99;836,100;837,101;839,102;839,103;840,106;840,107;841,109;841,111;843,114;844,117;844,118;844,119;845,121;845,123;845,126;845,127;846,130;846,133;847,134;847,136;847,139;847,140;847,141;847,142;847,143;847,144;847,146;846,150;844,151;842,153;839,156;835,157;833,159;828,162;826,163;824,163;821,165;816,167;812,169;806,171;800,173;794,175;787,177;779,178;771,179;763,180;755,180;748,181;740,182;733,182;726,182;718,182;712,182;706,182;702,182;699,182;698,182;697,182;694,182;693,183;692,183;692,184;692,185;
Stroma; POLYGON; 128, 128, 128; 789,326;787,324;787,323;787,322;787,321;787,320;787,319;787,318;787,317;787,316;787,315;787,314;787,313;788,312;788,310;788,309;788,308;788,307;788,306;788,304;788,303;788,301;788,300;788,299;789,297;791,295;792,293;795,291;796,290;799,290;800,289;803,288;805,288;807,287;811,286;814,286;816,285;819,285;822,285;826,284;831,284;838,283;844,282;849,281;855,279;860,277;864,275;869,273;873,271;879,269;885,267;889,265;895,263;900,261;904,258;909,256;912,254;916,252;917,252;918,251;919,249;921,249;924,248;927,248;928,247;929,245;932,242;933,241;934,240;935,240;935,239;936,239;937,239;937,237;938,237;938,236;940,236;943,235;944,235;945,235;947,235;949,235;951,234;952,234;953,234;954,234;955,234;957,233;958,233;959,233;960,233;961,233;962,233;964,233;966,233;969,233;972,234;974,234;975,234;975,235;977,235;978,237;978,238;979,238;979,239;979,240;979,241;979,243;979,246;979,250;979,253;979,257;979,260;979,264;979,267;979,271;976,275;975,280;974,284;974,286;973,290;973,294;972,299;971,304;970,309;969,313;968,316;967,319;966,322;966,324;966,326;966,329;966,330;966,332;966,334;966,338;966,339;966,341;966,343;966,344;966,348;966,353;966,356;966,358;966,360;966,364;966,368;966,371;966,375;966,377;966,381;966,385;965,390;965,392;964,396;962,400;961,406;959,412;957,417;955,424;953,432;951,439;948,444;945,450;942,456;939,462;937,467;934,471;931,476;928,481;928,482;923,487;918,489;915,491;910,494;906,496;902,499;899,503;896,504;893,507;890,509;886,511;883,513;879,514;876,514;871,514;867,514;864,514;861,515;857,515;856,515;853,515;851,515;848,514;846,513;844,512;843,512;841,512;840,511;839,511;837,510;836,510;832,508;831,508;829,508;827,508;826,508;825,508;823,508;821,508;820,508;817,510;815,510;814,510;810,510;808,511;806,511;804,512;801,512;800,512;799,513;797,514;796,514;795,515;794,515;792,516;791,517;790,517;788,518;785,520;783,521;781,522;779,523;778,524;775,526;775,528;773,529;771,530;770,531;769,532;768,534;767,534;767,535;766,535;765,535;764,536;763,536;762,536;760,536;758,537;755,537;753,537;750,537;748,538;747,538;745,538;743,538;742,538;740,538;737,538;734,538;733,538;732,538;729,538;728,538;725,538;724,538;722,538;720,538;719,538;717,539;715,540;714,540;713,540;710,541;709,541;706,542;705,542;702,542;701,542;699,542;698,542;697,542;696,542;695,542;693,538;689,535;686,530;683,525;680,521;678,518;678,515;676,514;675,512;675,508;675,505;675,501;674,496;674,494;674,491;674,487;674,482;674,476;675,472;675,469;676,466;677,463;679,459;680,455;683,451;686,448;688,444;689,444;691,441;694,437;695,434;699,429;700,426;701,423;703,422;704,418;706,417;706,416;707,413;708,411;709,407;712,404;713,399;715,396;716,393;717,392;720,390;725,386;728,384;730,383;734,382;737,381;739,380;742,378;744,376;748,373;751,369;
Stroma; POLYGON; 128, 128, 128; 637,592;638,592;639,592;640,592;642,592;643,592;644,592;645,592;646,592;647,592;648,592;649,592;650,592;651,592;652,592;653,592;654,592;655,592;656,592;657,592;659,592;660,592;661,592;663,592;664,592;666,592;667,592;668,592;669,592;672,592;673,592;674,592;675,592;676,591;677,591;679,589;680,589;680,587;682,586;683,585;683,584;683,583;684,581;685,580;686,580;686,579;687,579;687,578;689,577;689,576;690,575;690,574;691,573;692,573;693,572;693,571;694,571;694,570;695,569;696,568;696,567;697,567;697,566;697,565;698,564;698,563;699,562;699,561;700,560;700,559;701,558;702,557;703,556;704,556;705,556;705,555;706,554;707,553;707,552;708,551;709,551;709,550;710,550;711,548;712,548;712,547;712,546;712,544;712,543;712,542;712,541;712,540;712,538;712,536;712,535;712,533;712,532;712,531;712,529;712,526;712,524;712,523;712,521;712,520;712,519;712,518;712,515;714,514;716,513;718,512;719,511;722,509;723,508;725,506;729,504;733,501;736,501;740,500;744,499;747,498;749,498;752,498;754,498;758,498;764,498;769,497;776,496;783,495;789,494;794,493;800,492;806,491;811,491;815,491;819,491;825,490;829,489;834,489;838,488;842,487;847,486;851,485;855,484;858,484;861,483;865,482;868,481;871,479;874,477;877,476;879,474;882,473;884,472;885,471;886,470;887,470;889,468;890,468;892,468;894,468;896,468;899,468;900,468;901,468;902,468;903,468;904,468;905,468;906,468;906,469;908,470;909,471;910,471;911,472;911,473;912,475;914,476;915,477;916,478;917,478;917,479;918,480;919,482;919,483;921,484;921,485;922,486;923,489;923,490;924,493;924,496;926,497;926,499;928,503;931,506;931,507;931,509;932,512;932,515;932,516;932,518;932,522;932,524;932,525;932,528;932,531;932,533;932,536;932,538;932,541;930,543;929,544;926,547;925,548;924,549;923,551;922,552;921,553;920,554;919,555;918,556;916,556;915,556;914,557;914,558;912,559;911,560;910,560;908,561;905,561;903,562;901,563;900,563;900,564;899,564;898,564;897,564;895,564;894,564;892,564;890,564;888,564;887,564;886,564;885,564;884,564;882,564;881,564;880,564;880,563;878,563;877,562;876,562;875,560;874,560;873,560;871,560;870,558;869,557;868,557;867,556;866,556;865,556;864,555;863,555;862,554;861,553;860,553;858,553;857,553;856,553;855,553;854,553;853,553;852,553;851,553;850,553;850,552;849,552;848,552;847,551;846,551;845,551;845,550;844,550;842,550;841,550;840,550;839,550;837,550;836,550;835,550;834,549;833,549;832,548;831,547;830,547;830,546;829,545;829,544;828,544;827,544;826,543;825,543;824,543;823,542;822,542;821,542;820,542;819,542;818,542;818,540;816,540;815,540;814,540;813,540;812,540;811,540;810,539;809,539;807,539;806,539;805,539;804,539;803,539;801,538;799,538;798,537;797,537;796,537;795,537;794,536;793,536;792,536;791,536;790,536;789,536;788,536;786,536;785,536;784,537;783,537;782,537;781,537;780,537;779,538;778,538;777,538;776,538;775,539;775,540;774,540;773,540;772,541;770,541;769,541;768,542;767,543;766,543;765,543;764,544;763,545;763,546;763,547;762,547;761,548;760,549;758,550;758,551;757,552;757,553;757,554;757,555;757,556;756,556;756,557;755,557;754,558;754,559;754,560;753,561;753,562;753,563;752,563;752,564;752,566;752,567;752,568;752,569;751,569;751,570;751,571;750,573;750,574;750,576;750,578;750,580;748,581;748,583;748,585;748,587;748,588;748,589;748,590;748,591;748,592;748,593;747,594;747,596;747,597;746,597;745,596;745,595;745,594;744,594;744,593;744,592;742,591;742,590;741,590;740,590;739,590;738,590;737,590;736,590;735,590;734,590;733,590;732,590;731,590;730,590;729,590;727,590;726,590;725,591;725,592;724,592;724,593;723,593;722,593;721,594;721,596;721,597;720,598;720,599;720,600;719,601;719,602;719,603;718,603;717,604;717,605;717,606;717,607;717,608;717,610;717,611;716,611;715,612;714,613;713,613;713,614;712,614;711,614;710,614;709,614;708,615;707,615;706,615;704,616;703,616;702,617;701,617;700,617;700,618;698,618;697,618;696,619;695,619;694,619;693,619;692,619;691,621;690,621;690,622;689,622;687,623;686,623;685,623;684,623;684,624;682,624;681,624;681,625;680,625;679,627;678,627;677,627;677,628;675,628;674,629;674,630;673,630;673,631;673,632;672,633;672,634;671,636;670,637;670,638;670,639;670,640;670,641;670,642;670,643;670,644;670,646;670,648;670,649;670,650;670,651;670,652;670,654;669,655;669,656;669,657;669,658;669,659;669,660;669,661;669,662;669,663;669,664;669,665;669,666;669,667;669,668;669,670;669,671;669,672;669,674;669,675;669,677;668,678;668,679;667,679;667,680;667,681;666,682;666,683;665,684;664,685;664,686;663,686;662,687;662,688;661,689;660,691;658,693;657,695;656,695;654,696;653,697;651,698;650,699;649,700;648,701;647,701;645,702;644,702;642,702;640,702;638,702;636,702;635,702;633,702;631,702;629,702;628,702;627,702;625,702;623,702;620,702;615,701;613,700;610,699;606,697;603,697;600,695;597,694;596,693;593,691;592,691;591,690;589,687;589,686;588,685;587,685;587,684;586,682;585,682;585,680;584,679;582,676;582,675;580,673;578,668;577,666;574,662;574,660;573,657;572,654;572,653;571,651;571,650;571,648;571,647;570,644;570,641;570,639;570,636;570,634;570,633;570,631;570,630;570,628;570,627;570,626;569,625;569,624;
Stroma; POLYGON; 128, 128, 128; 445,650;447,654;448,654;449,656;449,658;451,660;451,661;452,663;453,666;457,669;461,674;463,675;465,679;469,682;471,684;474,687;477,690;481,694;484,698;488,701;491,704;495,707;499,710;502,713;506,715;509,718;512,720;517,723;522,725;526,727;532,729;536,731;541,731;545,733;548,734;552,736;555,737;556,737;558,738;559,740;562,742;564,743;567,745;570,747;575,749;576,749;578,751;580,751;582,752;583,754;585,756;590,757;592,759;595,762;597,763;601,766;603,767;605,769;608,770;611,771;614,773;618,773;622,775;626,777;631,779;634,779;637,780;640,782;645,784;649,785;654,788;658,790;664,792;670,794;674,795;680,796;686,798;691,800;697,802;703,802;709,804;714,806;720,808;726,810;733,813;740,815;746,817;752,819;757,820;762,822;766,824;769,825;772,827;773,827;775,829;776,830;779,833;780,833;781,833;782,834;783,835;785,836;787,837;788,838;790,838;792,840;794,840;796,841;797,841;798,841;801,843;802,844;805,844;806,844;809,845;811,845;813,845;815,846;816,846;817,846;819,847;823,848;824,848;827,848;830,849;831,849;833,850;835,850;837,850;841,851;843,851;847,851;849,852;851,852;853,852;855,852;858,852;861,852;864,853;867,854;869,854;872,854;874,854;875,854;877,854;880,854;882,855;883,855;884,855;886,855;887,855;888,855;889,855;891,854;893,853;894,853;894,852;895,852;895,850;897,850;898,848;899,848;901,848;902,847;903,846;904,846;905,846;906,846;908,846;909,846;910,844;911,844;912,844;912,843;913,843;914,843;916,842;917,842;917,841;918,841;919,840;921,839;921,838;922,837;924,837;925,836;926,835;927,835;928,835;928,834;929,832;930,831;930,830;930,829;930,828;930,827;931,825;932,824;933,823;934,822;934,821;935,819;936,819;936,818;937,818;938,817;939,817;939,816;940,816;941,816;942,816;942,815;943,815;943,814;944,814;945,813;946,812;948,810;948,809;948,808;948,807;949,807;950,807;950,806;949,804;949,803;949,801;949,800;949,799;949,798;949,797;949,795;949,794;949,793;949,792;949,791;949,790;949,789;949,788;949,787;949,785;949,784;949,783;949,782;949,781;949,780;949,778;949,777;948,777;948,776;947,775;947,774;946,772;946,771;946,770;946,769;945,768;944,767;944,766;944,765;944,764;943,764;943,763;942,762;941,759;940,759;939,758;938,758;936,757;936,756;935,756;933,756;932,756;930,756;929,756;927,756;927,755;926,755;925,755;924,755;922,754;921,754;920,753;918,753;917,752;916,752;915,752;914,751;913,751;912,751;910,751;909,750;907,750;906,750;905,750;904,750;903,750;901,750;900,749;899,749;898,749;897,749;896,749;895,749;892,749;891,749;890,749;887,748;884,748;883,748;882,748;880,747;879,747;876,746;875,745;874,745;872,744;871,743;868,742;867,742;865,741;863,739;861,739;860,738;859,737;858,737;855,736;853,735;852,734;850,733;849,732;847,732;845,732;844,731;843,731;841,731;839,731;837,730;834,730;832,730;831,730;829,730;828,730;827,730;826,730;824,730;823,730;821,728;819,728;818,728;817,728;816,728;815,728;814,728;811,727;810,727;809,727;808,727;807,727;806,727;806,726;804,726;803,726;801,726;800,726;799,726;798,726;797,725;796,725;795,725;794,725;791,725;789,724;788,724;786,724;786,722;785,722;784,722;783,722;782,722;782,721;780,721;779,721;778,721;777,721;776,721;775,720;773,720;772,720;770,720;769,720;766,718;765,718;764,718;763,718;763,717;763,716;762,716;761,716;760,716;758,715;757,714;755,714;754,714;752,714;751,714;750,713;748,713;747,712;746,712;745,711;743,710;743,709;742,709;741,709;740,708;739,708;737,708;737,707;736,706;735,706;734,705;733,704;732,704;731,703;730,703;729,703;728,703;727,703;726,703;725,703;724,703;723,702;722,702;720,701;719,701;717,701;716,700;715,700;714,700;714,699;712,698;711,698;710,698;709,698;708,697;707,697;705,696;705,695;704,695;703,695;702,695;700,693;699,693;698,693;697,693;695,691;694,690;692,689;691,689;690,687;689,686;688,686;687,685;686,685;684,683;683,683;680,682;680,681;679,681;678,680;677,679;675,678;674,678;671,677;670,676;669,676;668,675;667,674;666,674;665,674;662,672;659,671;657,670;655,668;652,667;648,665;645,663;642,661;639,659;636,658;635,656;632,655;630,653;628,652;625,649;622,648;619,646;618,646;616,644;613,643;612,642;611,642;610,641;609,641;607,640;604,638;601,636;598,634;595,633;592,631;591,631;590,631;
Stroma; POLYGON; 128, 128, 128; 699,700;698,698;697,698;696,696;695,695;693,694;692,693;691,692;690,691;689,691;688,689;686,687;684,685;683,683;680,682;679,682;678,681;677,681;676,680;676,679;674,679;672,677;671,677;669,677;668,676;666,676;666,675;663,674;662,673;661,673;659,672;656,672;654,671;653,670;652,670;650,669;648,669;646,668;644,667;641,667;638,665;635,663;632,662;629,661;626,659;622,658;619,657;618,656;616,655;615,655;613,654;611,654;608,653;606,652;604,652;601,652;
Stroma; POLYGON; 128, 128, 128; 945,782;946,783;947,784;948,785;949,786;950,786;950,788;951,788;952,789;953,790;953,791;953,792;953,794;954,795;954,797;954,798;956,799;956,801;956,802;956,803;956,804;956,805;956,806;956,807;956,808;956,809;956,810;956,811;956,813;956,814;956,815;956,816;954,818;952,820;951,820;948,822;947,823;945,825;944,826;943,827;942,827;942,828;941,828;940,828;939,829;939,831;937,834;936,835;935,836;934,837;933,837;931,838;931,839;930,839;929,841;928,841;928,842;927,843;926,843;925,845;923,846;921,846;920,847;918,848;917,848;916,849;913,851;909,853;908,853;906,853;905,853;904,855;903,855;902,855;901,855;900,855;899,855;897,855;895,855;894,855;890,855;888,855;884,855;880,854;876,852;871,850;870,849;868,848;867,847;864,844;863,841;863,840;862,837;860,834;860,831;860,828;860,827;860,824;859,822;859,821;859,820;859,819;859,817;859,816;861,815;862,812;864,811;866,809;867,807;869,806;870,805;871,805;872,804;875,804;877,804;879,803;880,802;881,802;882,801;882,800;884,798;885,797;886,796;887,796;889,796;891,794;893,794;896,794;897,793;898,793;899,792;899,791;900,791;901,790;902,789;905,788;907,787;908,786;910,784;913,784;915,782;917,781;920,781;923,781;
Stroma; POLYGON; 128, 128, 128; 945,806;945,805;945,804;945,803;945,802;945,800;946,799;947,798;947,797;947,796;948,794;948,793;949,792;949,791;949,789;948,788;947,786;944,785;943,785;941,785;939,784;938,782;936,782;932,780;928,779;924,777;921,777;917,777;913,776;909,775;908,775;905,775;904,775;903,775;901,775;
Stroma; POLYGON; 128, 128, 128; 797,733;797,731;797,730;797,729;797,728;797,727;797,726;797,724;797,723;799,723;801,723;802,723;803,723;804,722;804,721;804,720;804,719;803,718;803,717;803,716;802,714;802,713;801,712;800,711;799,710;798,710;797,709;796,708;795,707;795,706;794,705;793,705;793,704;791,703;791,702;790,702;789,701;788,700;788,699;788,698;788,697;788,696;788,695;788,694;788,693;788,692;788,691;788,690;788,689;788,688;788,687;788,686;788,685;788,684;788,683;788,682;788,681;788,679;788,678;788,677;788,676;788,675;788,674;788,673;789,672;789,671;790,671;791,670;792,668;793,668;794,668;795,668;796,668;797,668;797,667;799,667;800,667;801,667;802,667;803,666;804,666;805,666;806,665;806,664;807,664;808,663;808,662;809,661;810,661;810,660;811,659;811,658;812,658;812,657;812,656;812,654;813,653;813,651;813,650;814,649;814,648;814,647;814,645;814,644;814,643;814,642;814,641;814,640;814,639;814,638;814,637;814,636;814,634;814,633;814,632;814,631;813,629;813,628;812,628;811,627;810,627;809,627;808,626;807,626;806,626;805,625;804,625;804,624;803,622;802,622;801,621;800,620;799,619;798,619;797,619;797,618;795,617;794,616;793,615;792,615;792,614;791,613;791,612;790,612;790,611;788,610;787,609;786,608;785,607;784,607;783,607;782,605;782,604;780,604;779,604;778,604;777,604;775,604;774,604;773,604;772,604;771,604;769,604;768,604;767,604;766,604;765,604;764,604;762,604;761,604;760,604;759,604;758,604;757,604;756,603;756,602;755,602;754,602;753,600;751,598;750,598;748,597;748,596;747,595;745,593;745,592;743,591;742,590;741,590;740,589;739,589;738,589;737,588;737,587;737,586;737,584;737,583;737,582;737,580;738,579;738,578;739,577;739,575;739,574;740,573;740,572;740,571;740,570;741,570;741,569;742,568;743,567;744,567;746,567;747,567;749,567;750,567;751,567;752,567;753,567;754,567;755,567;756,567;757,568;758,568;759,568;760,568;762,568;763,568;765,568;766,569;767,569;768,569;769,569;770,569;772,569;773,569;775,569;776,569;776,568;776,567;777,567;778,567;779,566;779,565;780,565;780,564;781,563;782,562;784,560;785,559;786,559;787,559;788,559;789,559;790,559;792,559;793,559;795,559;796,559;797,559;798,559;799,559;800,559;801,559;802,559;803,559;805,559;806,559;808,559;810,559;811,559;812,559;813,559;814,559;815,559;816,559;818,559;819,559;820,559;821,559;822,559;823,559;824,561;826,561;827,561;828,561;830,562;831,563;832,564;833,564;835,565;836,566;836,567;837,567;839,568;840,568;841,568;842,568;843,568;844,568;845,568;846,568;847,568;848,568;849,568;850,568;851,568;852,568;853,568;855,568;857,569;859,570;860,570;861,570;862,570;864,571;865,571;866,571;867,571;868,571;869,572;870,572;871,572;871,571;872,570;873,569;873,568;873,566;875,565;875,564;876,563;876,562;876,561;877,560;877,559;878,559;879,558;880,557;880,556;881,555;882,554;884,552;886,552;887,549;889,549;891,548;892,547;894,546;896,546;899,545;901,544;903,542;905,541;908,540;910,538;911,536;913,535;913,533;914,532;914,531;915,529;915,528;915,527;915,525;915,524;916,524;917,521;917,520;919,518;919,516;921,515;921,513;923,511;923,510;924,507;926,504;927,503;928,501;931,501;935,499;937,499;938,499;941,498;943,498;945,498;948,497;950,497;952,497;955,497;959,497;960,497;961,497;962,497;963,497;964,497;965,497;966,498;967,499;967,501;968,501;968,502;969,504;971,507;972,508;973,512;974,514;977,517;978,522;978,525;980,526;980,529;981,531;982,535;982,537;983,540;984,544;984,545;984,548;985,551;986,554;986,556;986,558;987,561;987,563;987,567;988,570;989,573;990,575;990,578;991,582;992,584;992,586;992,589;992,591;992,594;992,597;992,601;992,604;993,607;993,610;993,611;993,613;993,614;993,615;993,619;993,620;993,621;993,625;992,628;991,631;990,634;988,636;988,637;987,640;985,644;985,645;983,647;981,650;981,651;980,653;979,656;976,657;975,658;973,661;971,664;970,665;969,666;968,666;967,667;964,669;962,669;960,670;959,670;957,671;955,671;952,671;950,671;946,671;944,671;942,671;939,671;937,670;935,670;933,669;932,668;931,668;929,667;925,665;924,665;922,663;920,661;919,660;917,660;914,658;912,658;912,657;911,656;911,655;910,655;908,653;907,652;906,651;906,649;903,648;901,646;901,645;900,644;899,642;898,641;898,640;897,639;895,636;895,635;894,634;893,633;890,631;890,630;890,629;888,628;887,627;886,626;885,626;885,624;884,623;883,622;882,621;881,621;879,621;878,620;877,620;876,618;875,618;874,618;872,618;871,618;869,618;868,618;867,618;866,618;865,618;864,618;863,618;863,619;862,619;861,619;861,620;860,620;858,620;857,620;856,620;855,620;854,620;853,621;852,621;851,621;850,621;850,622;848,622;847,622;847,623;847,624;845,623;844,624;844,625;844,626;844,627;843,627;843,629;843,630;843,631;843,632;842,633;842,634;841,635;840,637;839,637;838,638;837,639;836,639;836,640;834,641;834,643;834,644;833,644;833,645;833,646;833,647;833,648;833,649;833,650;833,651;833,652;833,653;833,655;833,656;833,657;833,658;833,659;833,660;833,662;833,663;833,664;833,665;832,666;832,667;832,669;832,670;831,670;831,671;831,672;830,673;830,675;830,676;829,676;828,677;828,678;828,679;827,680;827,682;827,683;827,684;827,685;826,687;826,688;825,688;825,689;823,690;823,691;822,691;822,692;822,693;822,694;822,696;821,697;821,698;821,700;821,701;821,702;821,703;821,704;821,706;821,707;821,708;821,709;821,710;821,711;821,712;822,713;824,713;825,713;826,713;827,713;828,713;829,713;830,714;831,714;833,714;835,715;837,716;838,716;839,716;841,718;842,718;843,718;844,719;846,719;847,719;848,720;849,720;850,720;851,720;852,721;854,721;855,721;856,721;858,721;858,722;859,722;860,722;861,723;862,723;863,723;864,724;865,724;866,724;867,724;868,724;869,724;871,725;872,725;873,726;874,726;875,726;875,727;876,727;877,727;879,727;880,727;881,727;882,727;883,727;883,725;883,723;883,722;883,721;883,720;883,719;883,718;883,717;883,716;883,715;883,714;883,713;883,712;882,712;881,710;881,709;881,708;879,707;879,706;878,705;878,704;878,703;877,702;876,701;875,700;874,698;873,697;872,696;871,695;870,695;870,694;869,692;867,691;866,689;866,688;865,686;865,685;865,684;865,683;865,681;865,680;865,679;865,678;865,677;865,676;865,674;865,673;865,672;865,671;865,670;865,669;865,668;865,667;865,666;865,665;867,665;868,665;869,665;870,665;872,665;873,666;874,666;875,667;877,667;879,668;881,669;882,669;882,670;885,671;887,675;889,676;889,677;891,677;892,678;893,678;894,679;896,681;897,682;898,682;899,683;900,683;901,684;902,685;903,685;903,686;904,686;905,687;905,688;906,688;908,689;909,689;910,689;912,690;914,691;915,691;917,692;919,692;922,692;923,692;925,692;928,692;929,692;930,692;931,692;933,692;934,692;936,692;937,692;939,691;940,690;941,690;943,690;945,689;946,689;947,688;949,688;950,688;951,687;951,686;952,686;952,685;953,685;954,685;955,685;956,685;958,687;959,687;960,688;961,688;962,689;963,689;964,690;965,690;966,690;967,692;969,692;971,692;972,692;973,693;974,693;975,694;976,695;976,696;977,698;977,699;978,700;978,701;978,702;979,702;979,704;979,705;979,706;979,707;979,708;979,709;979,711;979,712;979,713;979,714;979,715;979,716;979,717;979,718;979,719;979,720;979,722;979,723;979,724;978,725;978,726;978,727;978,728;977,729;976,731;976,732;974,733;974,734;973,734;972,734;971,734;970,734;968,734;967,734;967,735;966,735;965,735;964,735;963,735;962,735;960,735;959,735;958,735;957,735;956,735;956,734;955,734;953,733;952,733;951,733;950,733;949,733;947,733;946,733;945,733;944,733;943,732;943,731;942,730;942,729;941,729;941,728;941,727;941,726;940,724;939,724;939,723;939,722;939,721;938,720;938,719;938,717;938,716;937,716;936,715;935,715;935,714;935,713;933,713;932,713;931,713;930,713;929,713;927,713;926,713;925,713;924,713;923,713;922,713;922,714;921,714;921,715;921,716;921,717;921,718;921,719;921,720;921,721;921,722;921,725;921,726;921,727;921,729;921,730;921,731;921,732;921,733;921,734;921,735;921,736;921,737;921,738;921,739;921,740;921,741;921,744;921,746;921,749;921,750;921,752;921,755;920,757;920,758;920,760;920,761;920,762;919,763;918,765;917,767;916,768;915,771;915,773;913,775;912,776;910,778;908,779;906,781;903,782;898,782;896,783;893,784;889,784;885,784;881,784;876,785;871,786;864,786;856,786;847,786;839,786;833,786;830,785;829,785;828,784;828,783;827,783;826,782;826,781;826,780;
Stroma; POLYGON; 128, 128, 128; 948,722;947,723;947,725;947,726;947,727;947,728;947,729;947,730;948,732;948,733;949,734;950,735;951,736;951,737;952,739;953,740;953,741;954,741;955,741;956,741;957,741;958,742;959,742;960,742;961,742;962,742;963,742;964,742;965,742;966,742;967,742;968,742;969,742;970,742;971,741;971,740;971,738;971,737;970,736;970,734;970,732;970,731;970,730;970,729;970,728;970,726;970,725;970,724;970,723;970,722;970,721;
Stroma; POLYGON; 128, 128, 128; 964,732;965,733;965,734;965,735;966,737;966,738;966,739;967,739;968,739;969,739;970,739;971,739;972,739;973,739;974,739;975,739;975,738;975,737;975,736;975,735;975,734;975,732;975,731;975,730;975,729;975,728;975,727;975,726;974,724;973,723;973,722;
Stroma; POLYGON; 128, 128, 128; 881,676;880,676;878,675;877,675;876,675;875,674;874,674;872,674;871,674;870,674;869,674;868,673;867,672;867,671;866,671;865,670;864,669;864,667;864,665;864,664;864,663;864,662;864,661;864,660;864,659;864,658;864,657;864,656;864,655;862,653;862,652;862,651;861,651;861,650;860,650;860,649;859,647;858,646;858,645;858,644;857,643;857,642;857,641;857,640;857,639;857,638;857,637;857,636;857,634;857,633;857,632;857,631;857,629;857,628;857,627;857,626;857,625;856,624;855,624;854,623;852,623;851,623;850,623;849,623;848,623;847,623;845,624;844,624;843,624;843,625;842,625;841,626;840,627;840,628;840,629;839,628;838,627;838,626;838,625;837,624;837,623;837,622;837,621;837,620;837,619;837,618;837,617;837,616;838,615;838,614;839,613;840,612;841,611;842,609;846,608;849,607;851,606;855,606;858,606;862,606;866,606;870,606;873,606;876,606;879,605;880,604;882,604;883,604;886,604;889,604;891,605;892,606;894,606;895,607;896,607;898,607;899,607;901,609;902,609;903,609;906,609;907,609;908,609;909,609;910,609;911,609;913,610;914,610;918,611;923,612;927,612;929,612;931,612;934,612;936,612;937,612;939,612;940,613;941,614;942,614;943,615;945,615;946,617;947,618;948,618;949,619;951,620;952,620;953,620;954,620;956,621;957,621;958,621;959,620;960,619;962,617;962,616;963,615;964,615;965,614;967,613;969,611;970,609;972,608;972,607;973,607;975,607;976,607;978,607;979,607;980,607;981,607;982,607;983,607;984,609;985,610;986,611;988,613;989,616;989,617;989,618;990,618;990,619;990,623;990,624;991,625;991,626;991,628;992,631;993,631;993,632;993,633;993,635;993,638;993,639;994,639;994,640;994,641;994,643;994,644;995,645;995,646;996,646;996,647;996,650;997,651;997,652;997,653;998,655;998,657;998,658;998,659;998,660;998,661;998,662;998,663;998,664;998,665;998,667;998,669;998,670;998,671;998,672;998,673;998,674;998,675;998,676;998,677;998,678;998,679;998,680;998,682;997,682;997,683;996,683;995,683;995,684;994,685;994,686;993,686;992,687;990,687;988,687;987,687;986,687;985,688;984,688;983,689;982,690;982,691;981,692;981,693;980,694;980,695;980,696;979,696;979,698;979,699;979,700;978,700;977,701;976,702;975,703;975,704;975,705;973,706;973,707;972,708;971,709;970,710;970,712;969,712;969,713;
Stroma; POLYGON; 128, 128, 128; 535,713;535,714;535,716;535,719;535,721;535,723;535,725;537,729;539,732;540,736;543,739;545,741;546,743;548,746;551,748;552,752;555,753;558,757;560,759;564,762;569,767;575,771;581,775;586,779;590,782;594,784;598,786;599,788;602,790;605,792;608,794;613,797;616,799;620,802;623,803;625,804;626,805;628,805;630,807;631,809;632,809;634,811;635,813;637,815;640,819;641,820;645,823;647,824;649,826;650,826;651,826;652,827;653,829;654,829;656,830;656,831;659,833;659,834;661,835;663,836;665,838;667,839;668,839;669,839;671,841;673,841;674,841;677,843;679,844;683,845;685,846;688,848;689,849;692,850;694,851;699,851;702,851;703,852;706,853;707,854;710,855;713,856;716,857;720,857;723,858;725,860;727,860;729,860;732,860;735,861;738,862;742,863;747,864;749,864;750,864;752,864;754,864;756,865;758,865;759,867;761,867;764,867;766,867;771,868;773,869;776,869;777,869;778,869;779,869;780,870;782,870;785,870;787,870;790,870;793,871;796,871;797,871;799,871;800,871;801,870;803,870;804,870;807,869;808,869;811,868;814,867;817,866;820,865;821,864;823,862;825,859;827,857;831,856;834,854;837,851;840,848;842,847;844,843;848,842;850,841;852,840;854,838;859,836;862,835;864,832;865,831;865,829;866,826;867,823;868,818;869,815;870,812;872,809;873,807;875,804;876,802;876,799;877,798;877,797;878,796;878,795;878,791;878,789;878,786;875,784;874,783;873,783;
Stroma; POLYGON; 128, 128, 128; 235,601;235,602;235,603;234,606;233,607;232,608;231,609;229,610;229,611;228,611;226,611;225,611;224,612;223,612;222,612;221,613;219,614;216,614;215,614;213,614;212,615;210,616;209,616;206,616;202,616;200,616;198,616;196,616;195,616;192,617;190,617;186,617;183,617;181,617;177,617;174,617;170,617;166,616;160,615;156,613;150,611;146,609;142,608;138,606;133,604;129,602;126,601;122,600;119,599;116,597;113,596;110,595;107,594;104,593;102,593;101,592;99,591;99,590;97,589;96,587;93,586;92,584;91,583;90,580;90,577;89,574;89,570;89,566;89,564;88,561;88,558;88,555;88,552;88,549;89,544;90,540;93,534;98,529;104,524;112,517;121,512;130,507;140,501;151,497;161,493;169,490;176,488;182,486;188,484;193,483;195,483;199,481;202,481;205,481;
Stroma; POLYGON; 128, 128, 128; 977,212;977,211;977,210;979,209;979,208;980,207;980,205;980,204;980,203;980,202;980,201;981,200;981,199;981,198;981,197;982,196;983,196;983,195;984,195;985,195;986,195;988,195;989,195;990,195;991,194;993,194;994,194;995,194;996,194;997,194;998,194;998,195;998,196;998,198;998,199;998,200;998,203;998,206;998,208;998,211;998,212;998,214;998,215;998,217;998,220;998,223;998,224;997,226;996,227;996,228;995,232;995,233;995,235;995,237;995,239;995,240;995,241;995,243;995,245;995,246;995,247;995,249;995,251;994,252;993,254;993,257;993,258;993,259;993,261;993,264;993,265;993,266;993,269;993,270;993,272;993,273;993,277;993,280;993,282;993,283;993,285;993,287;993,288;994,289;995,291;995,292;995,294;995,295;995,296;995,299;995,301;996,304;996,306;997,309;997,311;998,315;998,316;999,319;999,322;999,324;999,328;999,331;999,333;1000,336;1001,337;1001,340;1001,341;1001,345;1002,348;1002,352;1002,353;1002,356;1002,358;1003,361;1004,364;1004,367;1004,370;1005,373;1006,377;1006,383;1007,387;1008,393;1009,397;1009,400;1009,403;1009,406;1009,407;1009,410;1009,413;1009,415;1009,419;1009,422;1010,426;1011,428;1011,431;1011,434;1011,437;1011,439;1011,440;1011,442;1011,443;1011,445;1011,448;1011,449;1011,451;1011,453;1011,455;1011,458;1011,459;1011,460;1011,462;1011,463;1011,464;1011,465;1011,467;1011,469;1011,471;1011,472;1011,475;1011,478;1011,480;1011,482;1011,485;1011,488;1011,491;1011,492;1011,493;1011,495;1011,497;1011,499;1011,503;1011,504;1011,505;1011,508;1011,510;1011,512;1011,514;1011,516;1011,518;1011,520;1011,522;1011,525;1011,529;1011,532;1011,536;1011,539;1010,543;1010,545;1008,548;1008,550;1007,552;1007,554;1006,555;1005,557;1004,557;1003,560;1002,561;1001,563;1001,564;999,567;998,568;996,570;995,571;993,574;991,575;990,576;989,577;988,579;986,580;985,582;984,583;983,584;980,587;979,588;977,589;976,590;975,591;974,593;973,593;972,594;972,595;970,595;967,595;965,595;962,594;960,592;958,591;956,591;953,590;950,589;948,589;944,588;942,587;939,586;935,584;932,582;929,581;927,580;925,579;924,579;924,578;
Stroma; POLYGON; 128, 128, 128; 939,535;938,535;937,535;934,535;931,535;929,535;927,535;924,535;921,535;918,534;915,533;912,532;908,530;907,530;906,528;905,525;904,522;904,519;904,516;904,513;904,511;904,509;904,506;904,504;904,501;904,498;904,495;904,492;904,489;904,486;904,483;905,479;906,475;906,471;908,467;910,463;912,460;915,456;918,453;920,449;924,447;926,444;928,442;930,441;933,438;935,437;937,435;938,435;941,435;942,435;944,435;947,435;950,435;954,435;957,435;960,435;962,435;963,435;964,435;965,437;967,439;969,441;971,442;971,443;972,446;972,448;972,449;972,452;972,454;972,458;972,461;972,464;972,468;972,471;972,474;972,477;972,481;971,484;970,488;968,491;966,495;965,498;962,501;959,505;957,510;954,513;952,518;951,521;949,524;948,525;
Stroma; POLYGON; 128, 128, 128; 991,550;992,552;993,552;993,554;994,556;996,559;998,561;1000,564;1003,566;1003,567;1003,568;1004,569;1005,571;1005,572;1005,575;1006,576;1006,577;1006,578;1007,581;1007,582;1007,583;1007,584;1007,587;1007,588;1007,590;1007,591;1007,593;1007,595;1007,596;1007,597;1007,598;1007,599;1007,601;1007,602;1007,606;1007,608;1007,609;1007,610;1007,612;1007,614;1007,618;1007,620;1007,621;1007,622;1007,624;1007,626;1007,627;1007,628;1007,630;1007,632;1007,633;1007,636;1007,637;1007,638;1007,640;1007,641;1007,643;1007,644;1007,645;1007,646;1007,648;1007,650;1007,651;1007,654;1007,655;1007,656;1007,657;1007,658;1007,660;1007,663;1007,664;1007,665;1007,666;1007,668;1007,669;1007,670;1007,671;1007,673;1007,674;1007,675;1007,676;1007,677;1007,678;1007,679;1007,680;1007,681;1007,683;1007,684;1007,686;1007,687;1007,688;1007,689;1006,689;1005,690;1004,692;1002,693;1001,693;1000,693;999,693;997,695;996,695;995,695;994,695;993,695;991,695;990,695;989,695;988,695;987,695;986,695;985,695;984,695;983,696;982,696;980,696;979,696;978,696;977,696;976,696;975,696;974,696;972,696;969,696;967,696;966,696;964,695;962,692;959,688;958,686;956,684;954,680;952,677;952,676;951,674;949,669;948,667;948,664;948,660;948,656;948,652;948,646;947,641;947,635;947,629;947,622;947,615;947,610;947,604;947,599;947,593;947,588;947,584;947,580;947,576;947,573;947,570;947,567;947,564;947,562;948,560;
Stroma; POLYGON; 128, 128, 128; 18,423;17,423;16,423;14,423;13,424;13,425;13,426;12,427;11,428;11,431;11,432;11,433;11,435;10,437;10,438;10,439;10,441;10,443;10,445;10,446;10,447;10,449;10,451;10,452;10,453;10,454;10,455;10,456;11,458;11,460;13,461;13,462;14,464;15,464;15,466;16,467;16,468;16,470;17,472;17,474;20,476;20,479;22,480;23,483;24,486;24,487;25,488;25,489;25,492;26,494;28,498;28,500;30,503;32,506;33,507;33,508;34,509;34,510;35,512;35,513;36,514;36,515;37,518;38,519;38,521;38,522;39,524;39,525;39,526;41,528;41,529;41,530;41,531;42,532;43,533;44,534;45,536;46,536;46,538;47,538;48,539;50,540;50,542;52,544;54,546;55,547;56,547;57,550;59,552;60,553;63,556;63,557;65,558;66,560;67,560;68,561;70,562;70,563;71,563;71,564;72,564;73,565;74,566;76,567;77,568;77,569;78,570;81,572;84,575;86,576;86,577;87,577;87,578;89,579;90,580;91,581;92,581;93,581;94,582;95,583;96,584;97,585;98,586;98,587;99,588;100,589;102,591;102,593;105,594;105,595;106,595;106,597;107,597;108,599;109,600;110,601;110,602;111,603;112,604;115,605;116,607;119,608;123,611;124,611;126,612;127,612;128,612;129,613;130,614;131,614;132,615;135,617;138,617;142,618;144,619;146,619;148,619;150,619;154,621;156,622;159,623;163,625;166,626;168,627;170,628;172,629;176,631;177,632;180,633;184,635;186,635;186,636;188,637;192,639;195,641;198,642;203,644;207,646;210,648;213,648;215,648;216,648;219,649;220,650;222,650;224,651;226,653;228,653;232,654;234,655;236,656;237,656;240,656;243,656;244,656;246,657;249,658;250,659;255,661;258,663;260,663;262,664;265,665;270,667;271,667;274,667;277,668;280,670;284,671;289,674;293,675;295,676;298,677;302,678;306,678;310,679;315,680;319,681;322,682;325,683;329,683;334,684;338,685;342,686;346,687;349,688;352,688;353,689;355,690;357,690;360,691;363,692;364,692;366,694;367,694;368,694;369,694;371,695;372,695;374,696;374,697;376,700;377,700;378,700;380,701;381,702;383,702;386,703;389,706;392,707;397,710;400,712;403,714;407,716;410,716;412,716;415,718;417,720;421,722;424,724;427,724;429,726;430,726;432,727;434,728;437,730;438,730;440,731;442,732;444,733;446,736;448,736;452,738;454,739;458,740;463,742;465,743;468,744;469,744;471,746;476,747;478,749;482,751;484,751;489,753;492,753;494,753;497,754;500,755;502,755;506,755;508,755;511,755;515,755;517,755;519,755;522,755;524,755;526,754;527,753;528,751;530,749;531,748;533,747;533,746;534,746;535,744;536,743;538,741;539,741;540,740;542,738;544,737;544,736;545,735;547,734;547,733;550,729;552,727;555,724;557,722;559,720;560,716;560,714;560,711;560,708;560,705;560,700;560,693;559,685;559,678;559,672;559,665;559,658;558,653;557,646;556,639;554,631;551,621;546,611;542,601;535,590;527,577;514,560;502,543;490,529;482,519;474,510;468,501;461,493;455,483;448,473;443,464;437,456;432,448;427,442;422,436;418,431;
Stroma; POLYGON; 128, 128, 128; 516,735;516,737;515,737;515,739;515,740;515,741;515,743;515,744;516,746;517,748;519,749;519,750;520,752;523,755;525,756;528,758;531,759;536,761;539,763;542,764;544,766;547,767;549,770;552,771;555,773;557,774;558,775;559,777;560,777;560,778;561,778;561,779;562,780;563,782;565,783;566,785;568,786;569,788;570,789;571,790;572,791;573,791;574,793;576,795;580,798;582,800;585,803;586,804;588,806;591,809;592,810;594,811;599,813;604,818;608,819;611,821;611,822;612,823;614,823;614,824;616,825;618,826;621,827;623,828;625,829;627,829;630,829;631,831;633,831;634,831;635,832;637,833;640,836;643,836;647,839;649,841;652,842;653,843;657,844;658,845;659,846;661,847;663,847;664,849;667,849;670,852;673,854;678,856;679,857;683,859;686,860;687,861;688,861;689,861;690,862;692,863;697,865;699,866;700,866;703,869;705,869;708,869;711,870;713,871;716,871;720,872;723,872;726,873;730,873;734,873;739,874;742,875;745,876;749,876;754,878;758,879;763,880;766,881;769,881;772,881;775,881;779,881;783,881;787,881;791,881;792,881;793,881;795,881;799,881;804,879;806,879;809,879;813,878;816,877;819,876;822,875;824,874;824,872;824,871;824,869;824,866;824,863;825,860;825,855;827,850;829,845;830,842;831,839;831,836;831,834;831,831;831,828;831,824;829,818;826,811;823,804;821,797;819,791;818,789;817,788;816,785;814,783;812,781;808,778;805,775;801,771;799,769;796,767;795,767;793,767;
Stroma; POLYGON; 128, 128, 128; 927,206;926,205;925,204;924,203;923,203;922,202;921,202;921,200;920,200;919,200;918,198;917,198;917,197;916,197;915,197;915,196;914,196;913,196;912,195;911,195;911,194;911,193;909,192;909,191;908,191;908,190;907,190;907,189;907,188;906,187;905,187;905,186;905,185;906,185;906,184;907,183;907,181;908,180;908,178;908,177;908,175;908,174;908,173;908,172;909,171;911,171;912,171;914,171;915,171;916,171;917,169;918,168;919,168;920,168;921,167;922,166;923,166;924,165;925,165;926,165;927,163;928,162;929,161;930,160;930,159;931,158;932,157;932,156;934,155;935,155;935,154;936,154;936,153;936,152;936,151;936,150;936,149;936,148;936,147;936,146;936,144;935,143;935,142;935,141;934,139;934,138;933,137;932,136;932,135;932,134;931,133;930,132;929,132;928,132;926,132;925,132;923,132;921,132;918,132;914,132;911,132;910,132;909,132;907,133;906,134;904,136;900,139;896,144;893,147;891,149;890,152;888,155;885,160;882,164;879,169;875,174;873,175;873,177;872,180;872,181;872,182;872,185;872,186;872,187;872,188;872,189;872,192;
