Specular reflection; POLYGON; 191, 91, 22; 235,261;235,262;235,263;235,264;235,265;235,267;235,268;235,269;235,270;235,271;234,272;234,273;234,274;234,275;233,276;233,277;233,278;232,278;231,278;231,279;231,280;230,280;229,281;229,282;228,282;227,283;227,284;226,284;225,284;224,285;223,286;223,287;222,288;221,288;221,289;220,290;219,290;219,291;219,292;218,292;217,293;217,294;216,294;216,295;215,296;215,297;214,298;213,298;212,298;212,299;211,299;210,300;209,300;208,301;207,301;207,302;206,302;205,302;205,303;205,304;203,304;203,305;203,306;202,306;201,307;201,308;200,308;199,309;199,310;198,310;198,311;197,312;197,313;196,314;195,314;195,315;194,316;193,316;193,317;192,318;191,318;191,319;190,319;190,320;189,320;188,321;187,322;186,323;186,324;185,324;185,325;184,326;183,326;183,327;183,328;183,329;183,330;182,330;182,331;181,332;181,333;180,333;179,334;179,335;178,335;177,336;177,337;176,338;175,338;174,340;173,340;172,341;171,342;170,342;169,342;169,343;168,343;168,344;167,344;166,345;165,346;164,347;164,348;163,348;163,349;162,350;161,350;161,351;161,352;160,352;160,354;159,354;159,355;159,356;159,357;159,358;159,359;159,360;159,361;159,362;159,363;159,364;158,365;158,366;157,368;157,369;157,370;158,370;159,370;159,371;160,371;161,371;161,372;162,372;163,372;165,373;166,373;167,373;168,373;169,373;170,372;171,372;172,372;173,370;175,369;177,368;177,367;178,366;179,365;180,364;181,364;181,363;182,362;183,362;184,362;184,361;185,361;185,360;186,360;187,359;187,358;188,357;189,357;189,356;190,356;190,355;191,355;191,353;192,352;193,352;193,351;193,350;193,349;194,348;195,348;195,347;195,346;195,345;196,345;196,344;197,343;197,342;197,341;197,340;198,340;199,339;199,338;199,337;200,337;200,336;201,336;201,335;201,334;202,334;203,334;203,333;203,332;204,332;204,331;205,330;205,329;206,328;207,328;207,327;207,326;208,326;209,326;209,325;209,324;209,323;210,322;210,321;211,321;211,320;211,319;212,319;212,318;213,318;213,317;214,317;214,316;215,316;216,316;216,315;217,315;217,314;218,314;219,314;219,313;220,312;221,312;221,311;221,310;222,310;223,309;223,308;224,308;224,307;225,307;225,306;225,305;226,305;226,304;227,304;227,303;227,302;228,301;229,300;230,299;231,298;231,297;232,297;232,296;233,296;233,295;233,294;234,294;234,293;235,292;236,291;236,290;237,290;237,289;238,288;239,287;239,286;240,286;240,285;241,284;241,283;242,283;243,282;243,281;243,280;244,279;244,278;245,278;245,277;245,276;246,276;246,275;247,274;247,273;247,272;248,272;248,271;249,270;249,268;249,267;250,267;250,266;251,264;251,263;251,262;251,261;252,260;252,259;252,258;252,257;252,256;252,255;252,254;251,254;251,253;251,252;251,251;251,250;250,250;250,249;249,248;249,247;248,247;247,247;247,246;246,246;245,246;244,246;243,247;241,248;240,249;239,250;238,252;237,253;236,254;235,257;235,258;235,259;235,260;235,262;236,262;237,263;
Specular reflection; POLYGON; 191, 91, 22; 273,125;273,126;272,127;271,130;269,132;269,133;269,134;268,136;267,138;267,139;267,140;266,142;266,144;266,145;266,146;265,147;265,148;265,150;265,151;265,152;265,153;265,154;265,155;265,156;265,157;265,158;265,159;265,160;266,161;266,162;266,163;266,164;266,166;267,167;267,168;267,169;268,169;268,170;269,170;270,170;271,170;272,170;273,170;274,170;275,170;276,170;277,169;278,168;279,168;280,167;281,166;282,165;283,164;285,162;285,161;286,160;287,158;288,157;289,156;289,155;290,154;291,153;291,152;293,150;293,149;293,148;294,146;295,144;295,143;296,141;297,139;297,138;297,137;298,135;298,134;298,132;299,131;299,130;299,128;299,126;300,124;300,123;300,122;299,120;299,118;298,116;297,116;295,114;295,113;294,112;293,111;293,110;292,110;291,109;290,108;289,108;288,108;287,108;285,109;284,110;281,113;279,114;277,116;275,118;273,119;269,122;267,124;268,126;269,126;
Specular reflection; POLYGON; 191, 91, 22; 367,98;366,99;365,99;363,100;362,100;359,102;358,103;357,104;355,105;353,107;352,108;350,111;349,112;349,114;348,116;348,118;348,120;348,121;349,122;350,124;351,125;352,126;353,126;356,126;358,126;360,126;364,125;366,124;369,124;371,123;373,122;377,120;379,119;380,118;381,116;383,115;385,112;385,110;386,109;387,106;387,105;387,104;387,102;386,102;385,100;382,99;379,97;378,96;377,96;373,96;372,96;371,96;369,96;
Specular reflection; POLYGON; 191, 91, 22; 371,240;369,242;367,244;366,245;365,246;364,247;363,249;361,251;361,252;361,253;360,254;360,256;361,257;361,258;362,258;362,259;363,259;363,260;365,260;366,260;367,261;369,261;370,261;371,262;372,262;373,262;375,262;376,262;377,262;378,262;379,262;380,262;381,262;381,263;381,264;381,265;381,266;381,267;381,268;381,269;382,270;383,270;383,271;383,272;384,273;385,274;386,275;387,276;388,276;389,276;390,276;391,277;393,277;395,277;397,277;398,277;399,277;401,276;402,276;403,275;404,274;405,274;406,274;406,273;407,273;407,272;408,271;408,270;409,270;409,269;410,268;411,268;412,267;413,267;413,266;414,266;415,266;415,265;416,264;417,264;417,263;418,262;419,262;419,261;419,260;421,260;421,258;422,258;423,257;423,256;424,256;424,255;425,254;425,253;425,252;426,252;426,251;426,250;427,250;427,249;427,248;428,248;429,248;430,248;430,247;431,247;432,247;432,246;433,246;435,246;436,245;437,245;438,244;439,244;440,244;441,243;441,242;442,242;442,241;443,240;444,240;444,239;445,238;446,237;447,236;447,235;448,234;449,234;449,233;449,232;449,231;449,230;450,230;450,229;451,228;451,227;451,226;452,226;453,225;453,224;453,223;453,222;453,221;453,220;453,219;452,219;451,218;450,218;450,217;449,217;448,217;447,217;445,218;443,218;441,219;440,219;439,220;437,220;434,221;431,222;430,222;429,223;426,223;424,224;423,224;421,224;420,224;419,224;418,225;416,225;415,225;414,226;412,226;411,226;410,226;409,226;407,227;403,228;402,228;401,228;397,229;395,230;393,230;391,231;389,231;386,232;384,233;382,234;379,236;377,236;376,238;373,240;371,241;369,242;369,243;367,244;365,246;365,247;364,248;365,248;366,248;
Specular reflection; POLYGON; 191, 91, 22; 421,246;421,248;420,249;419,250;419,251;417,253;416,255;415,256;414,258;413,259;413,260;413,261;412,263;411,264;411,265;411,266;411,267;411,268;411,269;411,270;411,271;411,272;412,272;412,273;413,274;414,275;415,276;416,276;416,277;417,278;418,279;419,280;420,280;421,280;422,281;423,281;425,282;426,282;427,282;428,282;429,282;430,283;431,283;431,284;431,285;431,286;431,287;431,288;431,289;432,289;433,289;434,289;435,289;436,289;436,288;437,288;438,288;439,287;439,286;440,286;441,286;442,286;442,285;443,285;443,284;444,284;445,284;446,284;447,284;448,284;449,284;450,284;451,284;451,285;452,285;452,286;453,286;453,287;453,288;453,289;453,290;452,290;452,291;452,292;451,292;451,293;451,294;451,295;451,296;451,297;451,298;450,298;450,299;450,300;450,301;450,302;450,303;450,304;450,305;451,305;451,306;452,306;453,306;454,306;455,306;455,307;456,307;457,307;457,306;458,306;459,306;459,305;460,304;461,304;461,303;462,302;462,301;463,300;463,299;463,298;463,296;464,294;464,293;464,292;463,292;463,291;463,290;462,290;462,289;461,289;461,288;460,287;459,286;459,285;459,284;459,283;459,282;459,281;459,280;459,279;459,278;458,277;458,276;457,276;457,275;457,274;456,274;455,274;455,273;454,273;453,273;452,273;451,273;450,273;449,272;448,272;447,272;447,271;446,270;445,270;444,270;444,269;443,269;443,268;442,267;442,266;441,266;441,265;441,264;442,264;442,263;443,263;443,262;443,261;444,261;444,260;445,260;445,259;445,258;446,258;447,258;447,257;447,256;448,256;449,255;449,254;449,253;449,252;449,251;449,250;450,250;450,249;450,248;450,247;450,246;451,246;451,245;451,244;451,243;451,242;452,242;452,241;453,240;454,239;454,238;455,238;455,237;456,236;457,236;457,235;457,234;457,233;457,232;457,231;457,230;457,229;458,228;458,227;458,226;458,225;458,224;458,223;458,222;457,222;457,221;457,220;456,220;455,220;454,219;453,219;453,218;452,218;451,218;450,218;449,218;448,218;447,218;446,218;444,218;442,219;440,220;439,220;438,220;437,222;435,222;435,223;433,225;433,227;
Specular reflection; POLYGON; 191, 91, 22; 457,154;455,155;453,157;452,158;450,160;448,161;447,163;447,165;447,166;447,167;448,168;449,170;449,172;450,173;451,174;451,175;452,176;453,176;453,177;454,178;455,179;456,179;457,180;458,180;461,179;462,178;463,177;467,175;469,174;471,172;475,170;476,169;477,168;478,167;479,165;480,164;481,163;481,162;481,160;481,159;481,158;481,157;480,156;479,154;478,153;475,150;474,149;473,147;471,146;469,144;467,143;465,143;463,144;463,145;462,146;462,148;
Specular reflection; POLYGON; 191, 91, 22; 499,158;497,160;497,161;496,162;495,162;495,164;495,165;495,166;495,167;495,168;495,170;495,171;494,172;494,174;494,175;494,176;494,178;495,179;495,180;496,181;497,183;497,184;497,185;498,186;499,188;499,189;500,189;501,190;502,190;503,191;504,192;505,192;505,193;505,194;506,194;507,195;508,196;509,196;510,196;511,197;513,197;514,197;515,197;515,198;516,198;517,198;517,197;519,197;519,196;520,196;521,195;523,194;524,193;525,192;526,191;527,190;528,189;529,189;530,188;531,186;532,185;533,184;533,183;535,182;535,181;535,180;536,180;536,178;535,177;535,176;535,174;534,174;533,171;533,169;532,168;530,164;529,162;528,160;525,156;524,155;523,154;521,154;519,154;515,153;511,154;509,155;507,156;505,157;504,158;503,159;502,160;501,161;501,162;
Specular reflection; POLYGON; 191, 91, 22; 464,168;463,170;463,172;463,173;463,176;463,177;463,178;463,180;463,181;463,182;463,183;464,184;465,184;466,185;467,185;468,185;470,185;472,185;473,185;474,185;475,185;476,185;479,183;480,182;483,180;485,178;487,176;487,175;488,174;489,172;489,170;489,169;488,168;487,167;486,166;485,166;484,166;481,166;480,166;479,166;476,168;473,170;472,170;
Specular reflection; POLYGON; 191, 91, 22; 525,158;525,160;524,161;523,162;523,164;523,165;523,166;523,168;524,168;525,168;525,169;526,170;527,170;528,171;529,172;530,172;531,172;532,172;533,172;534,172;535,172;536,172;537,172;538,172;539,172;540,172;541,172;542,172;543,172;544,172;545,172;546,172;547,172;548,172;549,172;550,172;551,172;552,172;553,172;554,172;555,172;556,172;557,172;558,172;559,172;560,172;561,172;562,172;563,172;563,171;564,171;565,171;565,170;566,170;567,170;568,170;569,169;569,168;571,168;571,167;572,167;572,166;573,166;574,166;575,165;576,165;577,164;579,164;579,163;580,163;581,162;582,162;583,162;584,161;585,161;586,160;587,160;588,160;588,159;589,158;590,158;591,157;591,156;592,156;593,156;593,155;594,155;594,154;595,154;596,154;597,153;597,152;598,152;599,152;599,151;600,151;600,150;601,150;601,149;601,148;602,148;602,147;602,146;603,146;603,145;604,145;604,144;605,144;606,144;607,144;608,144;609,144;609,143;610,143;611,143;612,143;613,143;614,143;615,143;616,143;617,143;617,142;618,142;619,142;619,141;621,140;621,139;622,138;623,138;623,137;623,136;624,136;624,135;625,134;625,133;625,132;625,131;625,130;625,128;625,127;625,126;624,125;623,124;623,123;622,122;622,121;621,120;620,120;619,120;618,120;617,120;617,121;616,121;615,122;613,122;612,122;611,122;610,123;609,123;608,123;607,123;606,123;606,124;605,124;604,124;603,124;603,125;602,125;602,126;601,126;601,127;601,128;601,129;600,130;599,130;599,131;599,132;598,132;597,132;597,131;597,130;596,130;595,130;595,129;595,128;594,128;593,126;593,125;592,125;592,124;591,124;590,123;589,123;588,123;587,123;586,123;585,124;584,124;583,124;583,125;581,126;580,127;579,127;579,128;578,128;577,128;577,129;577,130;576,130;575,130;575,131;575,132;574,132;574,133;574,134;573,134;573,135;573,136;573,137;573,138;573,139;573,140;573,141;573,142;573,143;573,144;573,145;573,146;573,147;573,148;572,148;572,149;572,150;571,150;571,151;570,151;570,152;569,152;569,153;568,153;568,154;567,154;566,155;565,155;565,156;564,156;563,156;562,156;562,157;561,157;561,158;560,158;559,158;558,158;557,158;556,158;555,158;554,157;553,157;552,157;551,157;551,156;550,156;549,156;548,156;548,155;547,155;547,154;546,154;545,154;544,154;543,154;543,153;542,153;541,153;540,152;539,152;538,152;537,152;535,152;534,153;533,154;532,154;531,155;530,156;529,156;527,157;527,158;526,159;525,160;525,161;525,162;526,162;527,162;
Specular reflection; POLYGON; 191, 91, 22; 690,105;689,106;688,106;687,107;686,108;685,108;685,109;684,110;683,110;683,111;683,112;682,112;682,113;681,114;681,115;681,116;680,116;679,117;679,118;678,118;677,118;676,119;675,119;675,120;674,120;673,120;672,121;671,121;670,121;669,122;668,122;667,122;666,122;665,122;663,122;662,122;661,122;660,122;659,122;658,122;657,122;656,122;655,122;654,122;653,122;651,124;649,126;648,126;647,127;645,128;645,129;644,130;643,130;643,131;642,132;641,132;641,133;641,134;640,134;640,135;640,136;639,136;639,137;639,138;640,138;640,139;641,139;641,140;642,140;643,140;644,140;645,140;647,140;649,139;650,139;651,139;652,138;653,138;655,138;656,138;657,138;659,137;660,136;661,136;662,136;663,135;665,134;667,133;668,132;669,132;671,132;671,131;672,131;674,130;675,130;676,130;677,129;679,128;681,128;681,127;682,127;683,127;683,126;684,126;685,126;686,126;687,126;689,125;689,124;690,124;691,124;693,123;694,122;695,122;696,122;696,121;697,121;698,121;699,120;700,120;701,120;702,120;703,119;703,118;704,118;705,118;706,118;706,117;707,117;708,116;709,116;710,116;711,116;711,115;712,115;713,115;714,114;715,114;716,114;717,114;718,114;719,114;720,114;721,115;722,115;723,115;723,116;724,116;725,116;725,115;727,114;728,114;728,113;729,113;729,112;730,112;731,112;731,111;731,110;732,110;733,110;733,109;733,108;734,108;735,108;735,107;736,107;736,106;737,106;737,105;738,104;739,103;739,102;740,101;740,100;741,100;741,99;741,98;741,97;741,96;741,95;741,94;741,93;740,93;740,92;740,91;740,90;739,90;739,89;738,89;737,89;736,89;735,89;734,89;733,90;732,90;731,90;729,90;727,91;726,91;725,91;725,92;723,92;721,92;720,93;719,93;719,94;717,94;715,95;714,96;713,96;710,98;709,98;707,100;705,101;704,102;701,103;700,104;699,104;695,106;694,107;693,108;689,110;688,112;687,114;687,115;687,116;687,117;
Specular reflection; POLYGON; 191, 91, 22; 695,256;693,257;692,258;691,258;690,260;689,260;689,261;688,262;687,263;687,264;687,265;687,266;687,267;687,268;687,269;687,270;687,271;688,272;689,272;689,273;690,274;691,274;692,274;693,274;694,274;695,274;697,274;698,274;699,274;700,274;701,274;702,274;703,274;704,274;705,273;706,273;707,272;708,272;709,272;710,272;711,272;712,271;713,271;714,270;715,270;716,269;717,269;717,268;719,267;719,266;720,266;721,266;722,265;723,264;723,263;723,262;723,261;723,260;723,259;723,258;723,256;722,255;722,254;721,254;720,254;719,254;718,254;717,254;715,254;713,254;712,254;711,254;709,254;707,254;706,254;703,254;700,256;699,256;697,257;694,260;691,262;
Specular reflection; POLYGON; 191, 91, 22; 659,269;659,270;659,271;659,272;659,273;659,274;659,276;659,277;659,278;659,280;659,281;659,282;659,283;659,284;660,284;660,285;661,285;661,286;662,287;662,288;663,288;663,289;663,290;663,291;663,292;663,293;663,294;663,295;663,296;662,296;662,297;661,298;661,299;660,299;660,300;659,300;659,302;658,302;657,303;657,304;657,305;657,306;657,307;657,308;657,309;657,310;657,311;656,311;656,312;655,313;655,314;655,315;655,316;655,317;655,318;655,319;656,319;657,319;658,319;659,318;660,318;661,318;662,317;663,316;665,315;666,314;667,314;668,313;669,312;670,312;671,311;672,310;673,310;673,309;674,309;674,308;675,308;675,307;676,306;677,305;677,304;677,303;678,302;679,301;679,300;679,299;680,298;681,297;681,296;681,295;681,294;681,293;681,292;682,292;682,291;682,290;682,289;682,288;682,287;682,286;682,285;682,284;682,283;682,282;682,281;682,280;682,279;681,278;681,277;681,276;680,275;679,274;679,273;679,272;678,271;677,269;677,268;676,266;675,266;675,265;675,264;673,264;672,263;671,263;669,264;667,265;666,266;665,267;663,268;661,270;659,272;657,274;657,275;657,276;657,278;659,280;
Specular reflection; POLYGON; 191, 91, 22; 750,268;748,269;747,270;746,270;744,272;743,273;743,274;741,275;739,276;738,277;738,278;737,279;735,280;735,281;733,282;732,283;731,284;730,285;728,286;727,288;726,289;725,290;723,291;722,293;721,294;720,295;719,296;717,297;716,298;715,299;715,300;713,302;712,302;711,302;711,303;709,304;708,305;707,305;707,306;706,306;705,307;705,308;704,308;703,308;703,309;702,310;701,311;701,312;701,313;701,314;700,314;699,314;698,314;697,315;696,315;695,315;694,315;693,316;692,316;691,316;690,316;689,316;689,317;688,317;688,318;687,318;687,319;686,320;685,320;685,321;685,322;684,322;684,323;683,323;683,324;683,325;683,326;682,326;681,327;681,328;680,329;679,330;679,331;678,332;677,332;677,333;677,334;677,335;676,336;676,338;675,338;675,339;675,340;675,341;675,342;675,343;675,344;675,345;675,346;675,347;675,348;676,348;677,348;678,348;679,348;680,348;681,348;682,348;683,348;684,348;685,348;685,349;685,350;684,350;684,351;683,351;683,352;682,352;682,353;681,353;681,354;680,354;680,355;679,355;679,356;679,357;678,357;678,358;677,358;677,359;676,359;675,359;675,360;674,360;673,361;673,362;672,362;672,363;671,364;671,365;671,366;670,366;670,367;670,368;669,369;669,370;669,371;669,372;669,373;669,374;669,375;669,376;669,377;670,377;670,378;671,378;671,379;672,380;673,380;673,381;674,381;675,382;676,382;677,382;678,382;679,382;680,382;681,382;682,382;683,382;684,382;685,382;686,381;687,380;688,380;689,379;690,378;691,377;692,377;693,376;694,376;695,375;697,374;698,374;698,373;699,372;700,370;700,369;700,368;700,367;700,366;700,365;699,365;699,364;698,364;698,363;697,362;697,361;696,361;695,360;694,360;693,360;693,359;693,358;694,358;695,357;696,356;697,356;698,356;698,355;699,354;700,354;701,352;702,352;703,350;704,350;704,349;705,349;705,348;706,347;706,346;706,345;706,344;707,344;707,343;707,342;708,342;709,341;709,340;710,340;710,339;711,339;711,338;712,338;713,337;714,336;715,335;715,334;716,334;717,334;717,333;718,333;718,332;719,332;720,332;721,331;722,330;723,330;723,329;724,328;725,328;726,328;727,327;728,327;729,327;729,328;729,329;730,330;730,331;730,332;731,332;731,333;731,334;731,336;732,336;732,337;733,338;734,339;735,340;736,340;736,341;736,342;737,342;737,343;737,344;738,344;739,344;740,345;741,345;741,346;742,346;743,346;743,347;743,348;744,348;745,348;745,349;746,349;747,349;748,349;748,350;749,350;750,350;751,350;751,351;752,351;753,351;753,352;754,352;755,352;756,352;757,352;757,351;758,351;758,350;759,350;759,349;760,348;761,347;761,346;761,345;761,344;761,343;761,342;761,341;761,340;761,339;761,338;760,338;760,337;759,336;759,335;759,334;759,333;759,332;759,331;758,330;758,329;757,328;757,327;757,326;756,325;756,324;755,324;755,323;755,322;754,322;753,320;753,319;753,318;753,317;753,316;753,315;753,314;752,314;752,313;751,312;751,311;751,310;750,310;750,309;749,308;749,307;749,306;748,305;748,304;747,304;747,303;746,303;746,302;746,301;746,300;747,300;747,299;747,298;748,298;748,297;749,297;749,296;749,295;750,295;750,294;751,294;751,293;752,293;753,293;753,292;754,292;755,292;756,291;757,291;757,290;758,290;759,290;760,290;761,290;761,289;762,289;762,288;763,288;763,287;764,287;764,286;765,286;765,285;766,284;767,283;767,282;768,282;768,281;769,281;770,281;770,280;771,280;772,280;772,279;773,279;773,278;774,277;774,276;775,276;775,275;775,274;776,274;777,273;777,272;777,271;778,270;779,270;779,269;779,268;780,268;780,267;780,266;780,265;780,264;780,263;780,262;780,261;780,260;779,260;779,259;778,259;778,258;777,258;776,258;776,257;775,257;774,257;773,257;772,257;771,258;770,258;769,258;769,259;768,259;767,259;766,260;765,260;764,260;763,260;762,260;760,261;759,261;758,262;757,262;755,263;753,264;751,265;748,266;747,268;746,268;745,269;744,270;744,271;743,271;743,272;744,272;
Specular reflection; POLYGON; 191, 91, 22; 855,257;855,258;854,258;854,259;853,260;853,261;853,262;853,263;853,264;854,264;854,265;855,265;855,266;856,266;856,267;857,268;857,269;858,269;858,270;859,270;859,271;860,271;860,272;861,273;861,274;861,275;861,276;862,276;862,277;862,278;862,279;863,280;863,281;863,282;864,282;864,283;865,283;865,284;865,285;866,285;866,286;867,286;868,286;869,286;870,286;871,286;872,286;873,286;874,286;875,285;875,284;877,284;877,283;878,282;879,282;879,281;880,281;880,280;881,280;881,279;881,278;881,277;881,276;882,274;882,273;882,272;882,271;882,270;882,269;881,268;881,267;880,267;880,266;879,266;879,265;879,264;878,264;878,263;877,262;876,261;876,260;875,260;875,259;874,259;873,258;873,257;872,256;871,256;870,255;870,254;869,254;868,252;867,252;866,252;865,251;864,251;861,251;860,252;859,252;857,253;857,254;855,255;854,256;854,257;855,258;857,260;
Specular reflection; POLYGON; 191, 91, 22; 897,223;895,225;895,226;894,227;893,228;893,229;893,230;893,231;893,233;893,234;893,235;892,236;892,237;892,238;891,239;891,240;891,241;891,242;891,243;891,244;892,244;893,244;894,245;895,246;896,246;897,247;897,248;898,248;899,248;899,249;901,250;902,250;904,251;905,252;906,252;907,252;908,253;909,254;910,254;911,254;911,255;911,256;912,256;912,257;913,257;913,258;914,258;915,258;916,258;917,258;918,258;919,258;920,258;921,258;922,258;923,258;924,259;925,259;926,259;927,259;928,259;929,259;929,258;930,258;931,258;933,257;934,256;935,256;935,255;937,254;938,254;939,254;939,253;940,253;941,252;942,252;943,252;943,251;944,250;945,250;946,249;947,248;948,247;949,247;949,246;951,246;951,245;953,244;954,243;955,243;955,242;956,242;957,242;957,241;958,241;959,240;960,239;961,238;962,238;962,237;963,237;963,236;964,236;965,236;965,235;966,234;967,234;967,233;967,232;968,232;968,231;969,230;969,229;970,229;970,228;971,228;971,227;971,226;971,225;971,224;971,223;971,222;970,222;969,221;968,220;967,220;966,220;965,219;964,219;963,219;962,219;961,219;959,219;958,220;957,220;956,220;955,220;954,220;953,220;952,220;951,221;951,222;950,222;949,222;948,223;948,224;947,224;947,225;946,225;945,226;944,226;944,227;943,227;943,228;942,228;941,228;941,229;940,230;939,230;939,231;938,231;937,232;936,232;935,233;934,234;933,234;932,234;931,234;930,234;930,235;929,235;928,235;927,235;926,235;926,234;925,234;924,234;923,233;923,232;922,232;922,231;922,230;922,229;922,228;922,227;922,226;923,225;923,224;923,223;923,222;924,222;924,220;924,219;923,218;922,218;922,217;921,217;920,216;919,216;918,216;917,216;915,215;913,215;911,215;909,215;909,216;908,216;907,216;906,216;905,217;904,218;903,218;902,218;901,218;900,219;899,219;898,220;897,220;896,221;895,222;894,224;893,226;893,228;893,230;893,232;894,234;895,234;896,235;
Specular reflection; POLYGON; 191, 91, 22; 834,271;833,272;831,272;829,274;828,274;827,275;825,276;825,277;823,278;823,279;823,280;822,281;822,282;821,284;821,285;821,286;821,287;821,288;821,289;821,290;822,290;823,290;824,291;825,291;826,291;827,291;829,291;831,291;833,290;834,290;835,290;837,290;838,289;839,289;841,288;842,288;843,287;844,287;845,286;847,286;849,285;851,285;851,284;853,284;854,283;855,282;855,281;856,279;856,278;856,276;857,276;857,274;857,272;856,272;855,271;854,270;852,269;850,269;848,269;847,269;845,269;843,269;842,270;841,270;839,271;839,272;839,273;
Specular reflection; POLYGON; 191, 91, 22; 843,301;841,302;841,303;840,303;840,304;839,305;839,306;839,307;838,308;838,311;837,312;837,313;837,314;837,315;837,316;838,317;839,318;840,319;841,320;842,321;843,322;844,322;845,322;845,323;846,323;847,324;849,324;851,324;853,323;854,323;855,322;857,322;858,321;859,320;860,320;860,319;861,317;862,316;862,314;863,314;863,311;863,310;863,309;863,308;863,306;862,304;861,303;861,302;860,302;859,302;858,302;855,303;852,304;850,306;
Specular reflection; POLYGON; 191, 91, 22; 635,362;635,363;634,364;633,366;632,367;631,368;631,369;631,370;630,372;630,373;630,374;630,375;629,376;629,378;629,379;629,380;629,381;629,382;629,384;629,385;629,387;629,388;629,389;629,390;628,391;628,392;627,393;627,394;627,395;627,396;627,397;627,398;627,399;627,401;627,402;627,404;626,405;626,406;626,407;625,408;625,409;625,410;624,410;624,411;624,412;623,412;623,413;623,414;623,415;623,416;623,417;623,418;623,419;623,420;622,420;622,421;622,422;622,423;622,424;623,424;623,425;623,426;624,427;624,428;624,429;624,430;624,431;624,432;625,432;625,433;625,434;625,435;626,436;626,437;627,437;627,438;628,438;629,438;630,438;631,438;632,437;633,437;633,436;635,436;636,435;637,435;637,434;638,434;639,434;640,433;641,432;642,431;643,430;643,429;644,429;645,428;645,427;645,426;646,426;646,425;646,424;647,424;647,423;647,422;648,421;649,420;649,418;649,417;649,416;650,415;650,414;650,413;650,412;650,411;650,410;650,409;650,408;650,407;650,406;650,405;650,404;649,404;649,403;649,402;649,401;649,400;649,399;650,399;650,398;650,397;650,396;650,395;650,394;650,393;650,392;651,392;651,391;651,390;652,389;652,388;652,387;652,386;652,385;652,384;651,384;651,383;650,383;650,382;649,382;649,381;649,380;649,379;649,378;649,377;650,377;650,376;651,376;651,375;651,374;652,374;652,373;652,372;653,372;653,371;654,371;654,370;655,370;655,369;655,368;655,367;655,366;655,365;655,364;654,364;654,363;653,362;653,360;652,359;651,358;651,357;650,357;649,356;648,356;647,355;646,354;645,354;644,353;643,353;643,352;642,352;642,353;641,354;641,355;641,356;639,358;639,360;638,363;638,365;638,366;
Specular reflection; POLYGON; 191, 91, 22; 533,257;532,258;531,258;531,259;530,259;529,260;528,261;527,262;526,263;525,264;525,265;525,266;524,267;524,268;524,269;523,270;523,271;523,272;523,273;523,274;522,274;522,276;522,277;521,278;521,279;521,280;521,281;521,282;521,283;521,284;522,285;522,286;523,286;524,287;525,288;526,288;527,288;527,289;528,289;529,289;530,290;531,290;532,290;533,290;534,290;535,291;536,291;537,291;538,291;539,292;540,292;541,292;541,291;542,291;543,291;543,290;544,290;545,290;546,289;547,289;547,288;549,288;549,287;551,287;551,286;552,286;553,286;553,285;554,285;554,284;555,284;555,283;556,282;557,282;558,281;559,280;560,280;560,279;560,278;561,278;561,277;561,276;561,275;562,274;562,273;562,272;562,271;562,270;562,269;562,268;561,268;561,266;561,265;560,264;559,263;559,262;558,261;557,260;556,259;556,258;555,258;555,257;553,256;552,255;551,254;549,254;548,254;545,254;544,255;543,256;540,257;539,258;538,259;537,260;536,260;535,262;535,263;535,264;
Specular reflection; POLYGON; 191, 91, 22; 572,226;571,227;571,228;570,228;569,230;569,232;569,233;569,234;569,236;569,238;570,240;570,241;571,242;571,244;571,245;572,246;572,247;573,248;573,249;574,250;575,251;575,252;575,254;576,255;576,256;576,258;577,258;577,260;577,261;577,262;578,262;579,263;580,264;581,264;582,264;583,264;584,264;585,264;586,264;587,264;588,263;589,263;590,262;591,262;592,262;593,261;593,260;594,260;595,260;596,259;597,259;597,258;598,258;598,257;599,257;599,256;600,256;601,255;601,254;602,254;603,253;603,252;604,251;604,250;605,250;605,249;605,248;606,248;606,247;607,247;607,246;608,245;608,244;609,244;609,243;609,242;610,242;610,240;610,239;610,238;610,237;609,236;609,235;609,234;608,234;607,232;607,231;607,230;606,230;605,228;604,228;603,227;602,226;601,226;599,226;597,226;596,226;595,226;593,225;590,225;587,224;585,224;584,224;581,224;579,224;577,224;575,225;573,226;571,227;571,228;571,229;572,229;573,230;575,230;
Specular reflection; POLYGON; 191, 91, 22; 599,179;597,180;596,181;595,182;593,184;591,184;589,186;588,187;587,188;587,189;587,190;587,191;587,192;588,192;588,193;589,194;589,195;589,196;590,196;590,197;591,197;591,198;592,198;593,198;594,198;595,198;596,198;597,198;598,198;599,198;601,197;603,196;604,196;607,194;608,194;609,193;611,192;613,190;614,190;615,188;617,186;618,184;619,184;619,182;619,181;620,180;620,178;620,177;620,176;619,176;618,176;617,176;615,176;613,178;612,178;611,178;610,179;609,179;607,180;606,181;606,182;
Specular reflection; POLYGON; 191, 91, 22; 618,190;617,191;615,192;614,193;613,194;611,196;611,198;611,199;611,200;612,200;613,201;614,202;615,202;617,202;619,203;622,204;623,204;624,204;626,204;627,204;629,203;631,202;632,200;633,200;635,198;636,197;637,196;637,195;637,194;638,193;637,192;635,192;635,191;634,191;632,190;631,190;630,190;628,190;
Specular reflection; POLYGON; 191, 91, 22; 355,271;354,272;353,274;351,275;350,276;349,277;349,278;347,280;346,281;345,281;345,282;343,284;342,285;341,286;340,287;339,288;339,289;339,290;339,292;339,293;339,294;338,294;338,295;337,296;337,297;337,298;336,299;336,300;335,301;335,302;335,303;335,304;335,305;335,306;336,306;337,306;337,307;338,308;339,308;339,309;340,309;341,309;342,310;343,310;344,310;346,310;348,309;349,309;351,308;353,308;354,307;355,307;359,306;360,305;361,305;362,305;364,304;365,304;366,303;367,303;368,302;370,300;371,299;372,297;373,296;373,295;374,294;375,292;375,291;376,290;377,288;378,286;379,285;379,284;381,282;382,280;382,278;383,278;383,277;383,276;383,274;382,271;382,270;381,270;381,268;379,266;378,265;377,265;376,264;373,264;371,264;369,265;367,266;363,268;362,269;360,270;357,273;356,274;355,275;353,277;353,278;352,279;
Specular reflection; POLYGON; 191, 91, 22; 323,310;321,311;319,312;319,313;316,316;315,317;314,318;313,320;312,320;311,323;310,324;309,324;308,326;307,327;307,328;306,328;305,329;305,330;303,330;303,331;303,332;302,332;301,334;300,335;299,336;299,337;299,338;299,339;299,340;300,340;301,342;303,343;305,344;306,344;307,344;308,344;310,344;313,344;317,344;319,343;321,342;323,342;325,341;331,338;332,337;334,336;335,334;337,333;339,332;341,329;343,328;344,327;346,324;347,323;348,322;349,320;350,319;350,318;350,317;350,316;349,316;347,315;346,314;345,313;343,312;342,312;341,311;339,310;335,308;333,308;331,308;329,308;325,310;324,311;323,312;321,314;
Specular reflection; POLYGON; 191, 91, 22; 324,330;323,332;321,333;319,334;318,335;317,336;315,337;313,339;311,342;309,344;308,345;307,346;306,348;306,350;306,351;306,352;307,352;308,353;309,353;312,354;315,354;316,354;319,354;321,354;322,354;323,354;325,354;326,354;329,354;331,354;333,354;335,354;337,353;337,352;339,352;341,350;342,350;343,348;344,348;345,347;346,346;347,345;347,344;347,343;347,342;347,340;347,338;348,337;348,333;348,332;348,330;347,329;346,327;344,326;343,325;342,324;341,324;339,324;338,324;337,326;336,328;335,330;
Specular reflection; POLYGON; 191, 91, 22; 322,338;320,341;319,343;318,346;317,348;317,349;315,352;315,353;315,354;314,358;319,360;325,360;331,360;333,358;336,356;340,352;341,351;342,350;343,348;344,346;345,344;345,342;344,341;342,340;341,339;339,338;
Specular reflection; POLYGON; 191, 91, 22; 389,304;388,305;387,306;385,308;383,310;382,311;381,312;379,313;378,314;377,315;377,316;375,317;375,318;374,320;374,321;374,322;375,323;375,324;375,325;375,326;376,328;376,330;377,330;377,332;377,334;378,335;378,336;379,337;379,338;380,338;381,340;382,340;383,341;384,341;385,342;387,342;388,342;389,342;390,341;391,341;392,340;393,340;394,339;397,337;398,336;400,334;401,334;402,334;403,333;404,332;405,332;406,332;407,332;408,332;409,332;409,333;409,334;410,334;410,335;410,336;411,336;411,337;411,338;412,338;413,338;413,339;413,340;413,341;414,341;414,342;414,343;414,344;415,344;415,345;416,345;416,346;417,346;418,346;419,347;420,347;421,347;421,348;422,348;423,348;424,348;425,348;425,349;426,349;427,349;427,350;428,350;429,350;430,350;431,351;432,351;433,351;433,352;434,352;435,352;436,352;437,352;437,353;438,353;439,353;440,353;441,353;441,352;442,352;443,351;443,350;443,349;443,348;444,348;445,346;445,345;445,344;446,343;446,342;446,341;446,340;446,339;445,339;445,338;444,338;443,338;443,337;443,336;442,336;441,335;441,334;440,334;440,333;439,333;439,332;438,332;437,332;437,331;437,330;438,330;439,330;440,330;441,330;442,330;443,330;444,330;445,330;446,330;446,329;447,329;448,329;448,328;449,328;450,328;451,328;452,327;453,327;453,326;454,326;454,325;455,324;455,323;455,322;456,321;456,320;457,320;457,319;457,318;457,317;457,316;457,315;457,314;457,313;457,312;457,311;457,310;457,309;457,308;457,307;458,307;458,306;458,305;459,305;459,304;459,303;459,302;459,301;459,300;459,299;459,298;459,297;459,296;459,295;459,294;459,293;459,292;459,291;459,290;458,289;458,288;457,287;457,286;457,285;457,284;456,284;456,283;455,283;455,282;454,281;453,280;453,279;452,278;451,278;451,277;451,276;450,276;449,276;449,275;448,275;447,275;445,274;444,274;443,274;442,274;441,274;440,274;439,274;438,274;437,274;436,274;435,274;434,275;433,276;433,277;433,278;432,278;432,279;432,280;431,280;431,281;431,282;431,283;431,284;431,285;431,286;431,287;431,288;430,288;430,289;429,289;428,289;427,289;426,289;425,289;424,289;423,289;422,289;421,289;420,290;419,290;418,290;417,290;417,291;415,292;414,292;412,293;411,293;410,294;407,294;406,295;402,296;401,297;399,298;397,298;395,298;394,299;392,299;391,300;390,300;389,300;389,301;388,302;388,303;387,304;387,305;387,306;
Specular reflection; POLYGON; 191, 91, 22; 329,349;329,351;328,352;328,354;327,356;327,358;327,360;327,361;327,362;327,364;327,365;327,366;327,367;328,367;328,368;329,368;330,369;331,369;331,370;332,370;333,370;333,371;333,372;334,372;335,372;335,373;336,373;337,373;338,373;339,374;340,374;341,374;341,373;342,373;343,373;344,372;345,372;346,372;347,372;348,372;349,372;350,372;351,372;352,372;353,372;353,371;354,371;355,371;356,370;357,370;358,370;359,370;359,369;360,369;361,368;362,368;363,368;363,367;364,367;364,366;365,366;366,365;367,364;368,364;369,363;369,362;370,362;371,362;371,361;372,361;373,360;374,360;375,358;376,358;376,357;377,357;377,356;378,355;379,354;380,353;380,352;381,352;381,351;381,350;382,350;382,349;383,348;383,347;384,346;385,346;385,345;385,344;386,343;386,342;387,341;387,340;387,339;387,338;387,337;387,336;387,335;387,334;386,333;386,332;385,332;384,331;383,331;383,330;382,330;381,330;380,330;379,330;379,331;378,332;377,332;376,332;375,333;375,334;374,334;373,334;373,335;372,335;371,336;370,336;369,337;369,338;368,338;367,339;367,340;366,340;366,341;365,342;364,342;364,343;363,344;362,345;361,345;361,346;359,346;359,347;358,347;357,347;356,348;355,348;353,348;351,348;350,349;348,350;346,350;344,350;342,351;340,352;338,352;335,352;335,353;333,353;333,354;331,354;330,354;
Specular reflection; POLYGON; 191, 91, 22; 185,379;185,380;185,381;185,382;185,383;184,384;184,385;184,386;184,388;184,389;184,390;184,391;184,392;184,393;184,394;184,395;184,396;184,397;184,399;185,400;185,402;185,403;185,404;186,405;186,406;187,406;187,407;187,408;188,409;188,410;188,411;188,412;189,412;189,413;189,414;190,414;191,414;191,415;192,416;193,416;194,417;194,418;195,418;195,419;195,420;196,420;197,420;198,420;199,420;200,420;201,420;202,420;203,420;204,420;205,419;206,418;207,417;208,416;209,415;210,414;211,412;212,412;213,411;213,410;214,410;215,408;215,407;216,406;216,405;216,404;217,403;217,402;217,401;217,400;217,399;216,398;216,397;216,396;216,395;215,394;215,393;215,392;215,390;215,389;215,388;214,388;214,387;214,386;213,386;213,385;213,384;212,384;211,382;211,381;210,380;209,379;208,378;207,378;207,376;206,375;205,374;204,374;204,373;203,373;202,373;201,372;200,372;199,372;197,371;197,370;195,370;194,370;192,370;191,370;189,370;189,371;187,372;186,373;186,374;185,376;185,379;184,382;185,386;185,388;
Specular reflection; POLYGON; 191, 91, 22; 223,368;222,368;222,369;221,370;221,372;221,374;220,374;220,375;220,376;220,377;221,378;221,379;221,380;221,381;221,382;221,384;221,385;222,386;222,387;223,387;224,388;225,388;226,389;227,389;228,389;230,389;231,389;231,388;233,387;234,386;235,386;236,384;237,384;238,381;239,380;240,378;241,378;241,376;241,375;241,374;241,373;241,372;241,371;241,370;240,368;240,367;239,366;238,365;237,364;235,363;233,363;231,363;230,364;227,364;226,365;225,366;223,366;223,367;223,368;
Specular reflection; POLYGON; 191, 91, 22; 250,354;247,358;244,364;243,368;243,372;243,373;243,374;244,374;244,375;244,376;245,376;246,376;247,376;248,376;249,376;249,375;251,374;252,372;254,371;255,370;256,368;257,367;258,366;259,366;259,365;260,364;261,363;263,360;264,358;265,356;266,355;267,354;267,353;267,352;267,351;267,350;267,349;267,348;267,347;267,346;266,346;265,345;265,344;264,344;263,344;263,343;261,343;260,343;260,344;259,345;259,347;258,348;257,350;
Specular reflection; POLYGON; 191, 91, 22; 292,304;290,306;289,307;287,309;287,310;286,312;285,313;285,314;285,315;285,316;285,318;285,319;285,320;285,321;286,322;287,322;288,322;289,322;290,322;291,322;292,322;294,321;296,320;297,319;298,318;299,316;301,315;301,314;303,312;305,309;306,306;307,306;307,304;307,302;306,301;306,300;305,300;303,299;302,298;301,298;300,298;299,298;298,300;297,301;295,303;
Specular reflection; POLYGON; 191, 91, 22; 264,370;263,373;262,374;262,376;261,378;261,380;261,381;261,383;261,384;261,386;262,386;262,387;263,387;264,387;266,386;267,386;268,384;270,382;271,381;272,380;274,377;276,374;277,372;278,370;279,369;279,367;279,366;279,365;278,364;277,364;276,364;275,364;274,364;273,364;271,364;
Specular reflection; POLYGON; 191, 91, 22; 291,395;290,396;289,396;288,397;287,398;286,399;285,400;284,400;283,401;282,402;281,402;280,402;279,402;279,403;278,403;277,404;277,405;277,406;277,407;276,408;276,409;276,410;276,411;276,412;275,412;275,413;275,414;275,415;275,416;276,416;276,417;277,418;277,419;278,420;279,420;280,421;281,421;282,422;283,422;284,422;285,422;286,422;287,422;287,423;287,424;287,425;287,426;287,427;287,428;287,429;286,429;286,430;285,430;285,431;285,432;284,432;283,433;283,434;282,434;281,434;280,434;279,434;279,433;278,432;277,432;276,431;275,431;275,430;274,430;273,429;272,428;271,428;271,427;270,427;269,426;268,425;267,425;267,424;266,424;265,424;264,425;263,425;263,426;262,426;261,426;261,427;260,427;260,428;259,428;258,428;258,429;257,429;257,430;256,431;256,432;255,433;255,434;254,434;254,435;253,435;253,436;253,437;253,438;253,439;253,440;253,441;253,442;253,443;253,444;253,445;254,445;254,446;255,446;255,447;256,447;257,447;257,448;258,448;259,449;259,450;260,450;261,450;261,451;261,452;262,452;263,453;263,454;263,455;264,456;265,457;265,458;266,458;266,459;267,459;268,460;269,460;270,460;271,460;272,460;273,460;274,460;275,460;276,460;277,460;278,460;279,460;280,460;281,460;282,459;283,459;283,458;284,458;285,458;285,457;286,457;287,456;288,456;289,455;289,454;290,454;291,453;291,452;292,452;292,451;293,451;293,450;293,449;293,448;293,447;294,447;294,446;294,445;294,444;295,444;295,443;295,442;295,441;295,440;295,439;296,439;297,439;297,438;298,438;299,438;300,438;301,438;302,438;303,438;303,439;303,440;303,441;304,441;304,442;304,443;305,444;305,445;305,446;306,446;307,446;308,446;309,446;310,446;311,446;312,446;313,445;314,445;315,444;316,444;317,444;317,443;318,443;319,442;320,442;321,442;322,442;323,442;323,441;323,440;324,440;324,439;325,438;325,437;325,436;325,435;325,434;325,433;326,432;326,431;326,430;327,430;327,428;327,427;327,426;327,425;327,424;327,423;326,423;326,422;325,422;325,421;325,420;324,420;323,420;323,419;322,418;321,418;320,417;319,416;318,416;317,416;316,416;315,415;315,414;316,414;317,414;317,413;317,412;318,411;319,410;319,409;319,408;319,407;319,406;319,405;319,404;319,403;319,402;319,401;319,400;319,399;319,398;318,398;318,397;317,396;316,395;315,395;315,394;313,393;313,392;312,392;311,392;311,391;310,391;309,390;308,390;307,390;306,390;305,390;304,390;303,390;302,390;301,390;300,390;298,391;297,392;296,392;294,392;293,393;292,394;290,394;289,394;290,394;
Specular reflection; POLYGON; 191, 91, 22; 398,355;397,356;396,356;395,357;393,358;391,359;391,360;389,360;387,361;387,362;386,362;385,363;383,364;382,366;381,367;381,368;380,368;379,369;379,370;378,371;378,372;377,372;377,373;375,374;375,375;374,376;373,376;372,377;371,378;369,380;368,381;367,382;366,383;366,384;365,385;364,386;363,387;363,388;361,390;360,392;359,392;359,393;358,395;357,396;357,398;356,398;356,399;355,400;355,401;355,402;356,402;357,402;357,403;359,403;360,403;361,403;362,403;363,402;365,402;367,401;369,400;371,399;373,398;375,398;375,397;377,396;379,395;380,394;381,394;382,394;383,393;385,392;386,390;388,388;389,387;389,386;391,384;392,384;393,384;393,383;394,382;395,382;396,382;397,381;399,380;400,380;401,378;402,378;403,378;403,377;404,376;405,376;406,375;406,374;407,374;407,373;408,372;410,370;411,368;411,367;412,366;413,366;413,365;414,364;415,363;416,362;417,362;417,361;418,360;418,359;419,358;419,357;419,356;419,355;419,354;419,353;419,352;419,351;418,350;417,350;417,349;416,348;415,348;413,347;411,346;409,346;406,347;405,348;403,348;401,350;399,352;397,354;396,356;395,358;
Specular reflection; POLYGON; 191, 91, 22; 490,327;489,328;488,329;487,330;487,331;486,332;485,333;485,334;484,336;484,337;484,338;484,339;484,340;484,341;484,342;484,343;484,344;484,345;484,346;484,347;485,347;485,348;486,348;487,348;488,348;489,348;490,348;491,348;492,348;492,347;493,347;493,346;494,346;495,346;495,345;497,344;499,344;499,342;501,342;501,341;502,341;503,340;503,339;503,338;504,338;505,336;505,335;505,334;505,333;505,332;505,331;506,330;506,329;506,328;506,327;506,326;505,326;505,325;504,324;503,324;502,323;501,323;500,323;499,323;498,323;496,324;
Specular reflection; POLYGON; 191, 91, 22; 405,362;404,363;403,364;403,365;402,366;401,368;401,369;401,370;402,371;403,372;404,373;405,374;406,374;407,374;409,374;411,373;413,372;414,370;415,369;417,366;419,362;421,360;421,359;422,356;422,355;422,354;421,354;420,354;419,354;417,354;416,354;415,354;414,354;
Specular reflection; POLYGON; 191, 91, 22; 447,380;447,381;447,382;447,383;447,384;447,385;447,386;447,387;447,388;448,389;448,390;448,391;448,392;448,393;448,394;448,395;448,396;448,397;448,398;448,399;448,400;448,401;448,402;448,403;449,404;449,405;449,406;450,406;450,407;451,408;451,409;452,409;452,410;453,410;453,411;454,411;455,411;455,412;456,412;457,412;458,412;459,412;459,413;460,413;461,413;462,413;463,413;463,414;464,414;465,414;466,414;467,414;468,414;469,413;470,413;471,412;472,412;472,411;472,410;473,410;473,409;473,408;473,407;473,406;473,405;473,404;473,403;473,402;473,401;473,400;472,400;472,399;471,399;471,398;470,398;469,398;468,398;467,398;466,398;465,398;464,398;463,398;462,398;462,397;462,396;462,395;462,394;463,393;463,392;463,391;463,390;464,389;464,388;465,388;465,387;466,386;467,386;467,385;467,384;468,384;468,383;469,382;469,381;469,380;469,379;469,378;469,377;469,376;468,376;468,375;468,374;468,373;467,373;467,372;467,371;467,370;466,369;466,368;465,368;464,368;463,368;462,368;461,368;459,369;457,371;455,372;453,374;452,375;451,376;447,379;445,382;445,383;444,385;443,388;443,390;445,392;
Specular reflection; POLYGON; 191, 91, 22; 473,426;473,427;472,428;471,428;471,429;469,430;469,431;469,432;468,432;467,434;467,435;467,436;467,437;466,437;465,437;465,436;464,436;463,436;462,436;461,436;461,435;459,435;459,434;458,434;457,434;456,434;455,434;454,434;453,434;452,433;450,432;449,432;447,432;446,432;445,431;444,431;443,431;442,430;441,430;441,431;441,432;441,433;441,434;440,434;440,435;439,435;439,436;439,437;439,438;439,439;439,440;438,440;438,441;438,442;438,443;438,444;437,444;437,445;436,445;435,445;434,445;433,445;432,445;431,445;430,445;429,445;429,446;427,446;426,446;425,446;425,447;424,448;423,448;423,449;422,449;421,449;421,450;420,450;419,450;419,451;419,452;419,453;418,453;418,454;417,455;417,456;417,457;417,458;417,459;417,460;417,461;418,461;418,462;419,462;419,463;420,463;421,464;422,464;423,464;424,464;424,465;425,465;426,465;426,466;427,466;428,466;429,466;430,466;431,466;432,466;433,466;434,466;435,466;436,466;437,466;438,465;439,465;439,464;440,464;441,464;442,464;443,463;443,462;444,462;445,461;445,460;446,459;447,458;447,457;447,456;447,455;448,455;449,455;449,456;449,457;450,458;451,458;451,459;451,460;451,461;452,461;452,462;453,462;453,463;454,463;455,463;455,464;456,464;457,464;458,464;459,464;460,464;461,464;462,463;463,463;463,462;464,462;464,461;465,461;465,460;466,460;467,460;467,459;468,458;469,458;470,458;470,457;471,457;471,456;472,456;473,455;473,454;474,454;475,453;475,452;476,452;477,452;477,451;478,450;479,450;479,449;479,448;480,448;481,448;481,447;481,446;481,445;482,445;482,444;483,444;483,443;483,442;484,441;484,440;485,440;485,439;485,438;486,438;487,438;487,437;487,436;488,436;489,436;489,435;489,434;490,434;491,433;491,432;492,432;492,431;492,430;493,430;493,429;493,428;493,427;493,426;493,425;493,424;493,423;493,422;492,421;491,421;491,420;490,419;490,418;489,418;489,417;488,417;488,416;487,416;486,416;485,415;484,415;483,416;482,416;481,416;480,417;479,418;478,419;476,420;475,422;474,422;473,423;473,424;472,425;473,426;
Specular reflection; POLYGON; 191, 91, 22; 533,324;532,324;531,324;531,325;530,325;529,325;528,325;527,325;527,326;526,326;525,326;524,326;523,326;522,326;521,326;520,326;519,326;518,326;518,327;517,327;517,328;517,329;516,330;516,331;515,332;515,333;515,334;515,335;515,336;515,337;515,338;515,339;515,340;515,341;515,342;515,343;516,344;517,344;517,345;517,346;518,346;519,347;519,348;520,348;520,349;521,349;521,350;522,350;523,350;523,351;524,351;525,351;525,352;526,352;527,352;528,352;529,352;530,352;531,352;532,353;533,353;533,354;534,354;535,354;536,354;537,354;538,354;539,354;540,354;541,354;542,354;543,354;544,354;545,354;546,354;547,354;548,354;548,355;549,355;549,354;550,354;551,354;551,353;551,352;551,351;552,350;552,349;552,348;552,347;552,346;552,345;552,344;552,343;551,342;551,341;551,340;551,339;551,338;550,338;550,337;550,336;550,335;549,334;549,333;549,332;549,331;549,330;548,330;548,329;547,329;547,328;546,328;545,328;544,327;543,327;543,326;541,326;540,326;539,325;538,325;537,324;536,324;535,324;535,325;535,326;
Specular reflection; POLYGON; 191, 91, 22; 531,340;530,341;530,342;530,343;530,344;530,345;530,346;530,347;530,348;530,349;530,350;531,350;531,351;532,352;533,352;533,353;533,354;534,354;535,355;535,356;536,356;537,356;537,357;538,357;538,358;539,358;539,359;540,359;540,360;541,360;542,360;542,361;543,361;544,361;545,361;545,360;546,360;547,360;548,359;549,359;549,358;550,358;550,357;551,356;551,355;552,354;552,353;553,352;553,350;553,349;553,348;553,347;553,346;552,346;550,344;549,343;547,342;546,342;545,342;544,342;543,342;542,342;
Specular reflection; POLYGON; 191, 91, 22; 497,296;497,297;497,298;497,299;497,300;497,301;497,302;497,303;497,304;498,304;498,305;499,305;499,306;499,307;500,308;501,308;501,309;501,310;502,310;502,311;503,311;503,312;503,313;504,313;504,314;505,314;505,315;505,316;506,316;506,317;507,318;508,318;509,318;510,318;511,318;512,318;513,318;514,318;515,318;515,319;516,319;517,319;518,319;519,319;520,319;521,319;521,318;522,318;523,318;523,317;523,316;524,316;525,316;525,315;525,314;526,314;527,314;527,313;527,312;527,311;527,310;528,310;528,309;528,308;528,307;528,306;528,305;528,304;527,304;527,303;527,302;527,301;526,300;525,298;524,297;523,296;522,295;522,294;521,292;520,291;519,290;519,289;519,288;518,288;517,288;516,287;515,287;514,287;513,286;511,286;509,286;507,287;505,288;504,288;504,289;503,289;503,290;503,291;503,292;
Specular reflection; POLYGON; 191, 91, 22; 474,288;473,288;473,289;472,290;471,291;471,292;470,293;470,294;470,295;470,296;470,297;470,298;470,299;470,300;470,301;470,302;469,304;469,305;469,306;469,307;469,308;469,309;469,310;470,311;470,312;471,312;471,313;471,314;471,315;472,315;473,315;473,316;474,316;475,316;476,316;477,316;477,315;478,315;478,314;479,314;480,314;480,313;481,313;481,312;482,312;483,312;483,311;484,311;485,311;485,310;486,310;486,309;487,309;487,308;487,307;488,307;488,306;489,306;489,305;489,304;490,304;491,303;491,302;492,301;492,300;493,300;493,299;493,298;494,297;495,296;496,295;496,294;497,293;497,292;498,291;498,290;498,288;498,287;498,286;498,285;498,284;497,283;497,282;496,281;495,281;494,280;493,280;492,280;491,280;490,280;489,280;488,280;487,280;486,281;485,281;484,282;483,283;482,284;481,284;480,285;479,286;478,287;477,288;476,289;476,290;
Specular reflection; POLYGON; 191, 91, 22; 90,212;89,213;89,214;89,216;88,217;88,218;87,220;87,221;87,222;87,224;87,225;87,226;87,227;87,228;87,229;87,230;87,231;87,232;87,233;87,234;87,235;87,236;88,237;88,238;88,239;88,240;88,241;88,242;88,243;87,244;87,245;87,246;87,247;87,248;87,249;87,250;88,250;88,251;89,251;89,252;90,252;91,252;92,252;92,253;93,253;94,253;95,253;95,252;96,252;97,252;98,251;99,250;100,248;101,248;101,247;102,246;103,245;103,244;103,243;104,242;105,241;105,240;105,239;106,238;107,236;107,234;108,232;108,230;109,229;109,227;109,226;109,225;109,223;109,222;109,220;109,217;109,216;109,214;109,211;109,209;109,208;109,207;109,206;109,205;109,204;108,204;108,203;107,203;107,202;105,201;105,200;104,200;103,199;103,198;102,198;101,197;100,197;99,197;97,197;96,197;95,198;93,198;91,200;89,201;88,202;87,204;85,206;85,207;84,209;83,212;83,214;
Specular reflection; POLYGON; 191, 91, 22; 101,242;100,244;100,246;100,247;100,248;100,249;100,250;100,251;101,251;101,252;102,252;103,252;104,252;105,252;105,253;106,253;107,253;107,254;108,254;109,253;110,253;111,252;112,251;113,249;115,248;116,246;117,244;118,243;118,242;119,242;119,240;119,239;119,238;118,238;117,237;115,236;114,236;113,235;111,234;109,232;108,232;107,232;105,232;104,232;103,233;
Specular reflection; POLYGON; 191, 91, 22; 128,213;127,214;126,214;125,214;125,215;124,216;123,216;123,218;122,219;121,220;121,221;121,222;121,223;120,224;120,226;119,228;119,229;119,230;119,231;119,232;119,234;119,235;119,236;120,236;121,237;121,238;122,238;123,238;124,239;125,240;125,241;126,241;126,242;127,242;128,242;129,243;130,244;131,244;132,244;133,245;133,246;134,246;135,246;136,247;137,248;138,248;138,249;139,249;139,250;140,250;141,250;141,249;142,249;143,248;144,248;145,247;145,246;146,246;147,246;147,245;147,244;148,244;149,244;149,243;149,242;150,241;150,240;151,240;151,239;151,238;152,236;153,236;153,235;153,234;153,233;154,232;154,230;154,229;154,228;155,227;155,226;155,225;155,224;154,221;153,220;153,219;153,218;153,217;152,215;152,214;152,213;152,212;151,212;151,211;150,211;149,210;147,210;146,209;145,209;143,208;141,208;140,208;139,208;137,208;135,208;133,208;132,208;131,209;130,210;130,212;130,214;
Specular reflection; POLYGON; 191, 91, 22; 157,214;157,216;157,217;157,218;157,220;157,221;157,223;157,224;157,226;157,228;157,229;157,231;157,233;157,234;157,235;157,236;157,237;157,238;158,238;159,238;159,239;160,239;161,239;161,240;162,240;163,240;163,241;164,241;165,241;166,241;167,241;168,241;169,240;170,239;171,238;172,238;173,237;173,236;174,235;175,234;175,233;176,233;177,232;178,231;179,230;180,230;180,229;181,228;182,228;183,228;184,227;185,227;185,226;186,226;187,225;187,224;188,224;189,223;190,223;190,222;191,222;192,221;193,221;193,220;194,220;194,219;195,218;196,218;197,218;197,217;198,216;199,216;199,215;199,214;199,213;199,212;199,211;199,210;199,209;199,208;199,207;199,206;198,206;198,205;197,205;197,204;195,204;194,204;193,203;192,203;191,203;191,202;189,202;188,202;187,202;186,201;185,201;185,200;184,200;183,200;183,201;183,202;182,202;182,203;181,204;181,205;181,206;180,206;179,207;179,208;178,208;178,209;177,210;176,210;176,209;176,208;175,207;175,206;175,205;175,204;174,203;174,202;173,201;173,200;171,199;171,198;170,198;169,197;168,197;167,197;166,197;165,197;165,198;164,198;163,198;163,200;162,201;161,202;161,203;161,205;160,206;159,207;159,208;159,209;158,209;158,210;158,211;158,212;159,213;159,214;160,215;
Specular reflection; POLYGON; 191, 91, 22; 129,426;128,427;128,428;127,428;126,429;125,430;125,431;124,431;124,432;123,433;123,434;122,436;121,437;121,438;121,440;121,441;121,442;121,443;120,445;120,446;120,447;120,448;120,449;120,450;120,451;121,452;121,453;121,454;122,454;123,455;123,456;124,456;125,456;126,455;127,455;127,454;128,454;129,454;129,453;130,453;131,452;132,451;133,450;134,449;135,448;136,447;137,446;138,446;139,445;140,445;141,445;141,444;142,444;143,444;143,443;144,443;145,442;146,442;147,442;147,443;147,444;146,445;146,446;145,448;145,449;145,450;145,452;145,453;145,454;146,454;147,454;147,455;148,455;149,455;149,456;150,456;151,456;152,456;153,456;154,456;155,456;155,455;156,455;156,454;157,454;157,453;158,452;159,452;159,451;160,450;161,450;161,449;162,448;163,448;163,447;163,446;164,446;164,445;165,444;165,443;165,442;166,441;166,440;166,439;166,438;167,438;167,437;167,436;167,435;167,434;167,433;167,432;167,431;167,430;167,429;167,428;167,427;167,426;167,425;166,424;165,423;165,422;165,421;164,421;163,421;163,420;162,420;161,420;161,419;159,419;159,418;158,418;157,418;156,418;155,418;154,418;153,418;152,418;152,417;151,417;149,417;148,417;147,417;146,417;145,417;143,417;141,417;140,417;139,417;138,418;137,418;136,418;134,420;132,422;131,424;129,425;128,427;127,429;126,430;126,431;129,432;131,434;
Specular reflection; POLYGON; 191, 91, 22; 101,446;100,448;100,449;99,452;99,454;98,456;98,457;97,460;97,461;97,462;97,464;97,465;96,466;95,468;95,470;95,471;94,472;94,473;93,474;93,475;93,476;93,477;93,478;92,479;92,480;92,481;92,482;93,483;93,484;93,485;94,485;95,485;96,486;97,486;98,486;99,486;100,486;101,485;102,485;103,485;103,484;104,484;105,483;105,482;106,482;107,482;107,481;107,480;108,480;109,479;109,478;110,478;110,477;111,476;113,474;114,473;115,472;116,470;117,470;117,469;117,468;118,467;118,466;119,465;119,464;119,462;120,461;120,460;120,458;121,458;121,454;121,452;121,448;121,446;122,445;122,444;122,442;122,441;121,440;121,439;121,438;121,437;120,435;119,434;119,433;119,432;117,430;116,430;115,429;113,428;111,428;110,428;109,430;108,430;107,432;104,436;103,439;101,442;98,448;97,450;
Specular reflection; POLYGON; 191, 91, 22; 144,464;144,465;143,466;143,468;142,470;142,472;142,474;141,474;141,476;141,477;141,478;142,478;142,479;143,480;143,481;144,482;145,482;145,484;146,484;146,485;147,485;147,486;148,486;149,486;149,487;150,487;151,487;152,486;153,486;154,485;154,484;155,484;156,482;157,482;157,481;158,479;159,478;159,477;161,475;161,474;162,473;163,471;163,470;163,469;164,467;164,465;164,464;164,463;165,461;165,458;165,456;165,455;165,454;165,453;165,452;165,451;164,451;163,450;162,450;161,449;160,448;159,448;157,447;155,446;153,446;151,447;149,448;148,449;145,452;143,454;142,458;141,459;141,460;141,462;141,464;143,466;
Specular reflection; POLYGON; 191, 91, 22; 165,481;165,482;165,484;165,486;165,489;165,491;165,493;165,494;165,495;165,496;165,497;165,498;165,499;165,500;165,501;165,502;165,503;165,504;165,505;165,506;165,507;165,508;164,508;164,509;164,510;164,511;164,512;165,512;165,513;165,514;166,514;166,515;166,516;167,516;167,517;167,518;167,519;167,520;167,521;167,522;168,522;168,523;168,524;168,526;168,527;168,528;168,529;168,530;169,532;169,534;169,535;169,536;169,537;169,538;169,540;169,541;169,542;169,543;169,544;169,545;169,546;169,547;169,548;169,549;169,550;169,551;169,552;169,553;169,554;170,554;170,556;171,557;171,558;171,559;171,560;172,560;172,561;173,562;174,562;175,563;176,563;177,564;178,564;179,564;180,564;181,564;182,564;183,564;184,564;185,563;186,562;187,561;188,560;189,560;189,559;190,558;191,558;191,557;191,556;192,555;193,554;194,552;194,551;195,550;195,549;196,548;197,547;197,546;198,545;198,544;198,543;198,542;198,541;199,541;199,540;199,539;199,538;200,538;200,537;201,537;201,536;201,535;202,535;202,534;202,533;202,532;203,532;203,531;203,530;203,529;203,528;203,527;203,526;202,526;202,525;202,524;202,523;202,522;201,521;201,520;201,519;201,518;200,518;200,517;199,517;199,516;198,516;197,516;197,515;197,514;195,514;195,513;194,513;193,513;193,512;193,511;192,511;192,510;192,509;191,508;191,507;191,506;191,505;191,504;191,503;191,502;191,501;191,500;191,499;191,498;190,497;190,496;190,495;189,494;189,493;189,492;189,491;188,490;188,488;188,487;188,486;188,485;188,484;188,483;188,482;188,481;188,480;187,480;187,479;187,478;186,477;186,476;185,475;185,474;184,472;183,471;183,470;183,469;183,468;182,468;182,466;181,466;181,464;180,464;179,464;178,464;177,464;176,464;175,464;174,464;173,464;173,466;171,467;171,468;170,469;169,470;169,471;169,472;169,473;
Specular reflection; POLYGON; 191, 91, 22; 191,476;190,478;189,480;189,482;188,483;187,484;187,486;187,488;187,489;187,490;187,491;188,492;188,494;189,495;189,496;189,497;189,498;190,498;190,499;191,500;192,500;193,501;193,502;195,502;196,502;197,502;197,501;198,500;199,500;201,498;202,497;203,496;204,495;205,494;207,490;207,488;208,487;208,486;208,484;208,483;208,482;208,480;208,478;208,477;208,474;208,473;207,471;207,470;207,469;207,468;206,468;206,467;205,467;204,468;203,468;201,470;199,473;197,474;195,475;195,476;193,476;193,478;191,479;
Specular reflection; POLYGON; 191, 91, 22; 202,503;201,504;201,506;200,507;199,508;199,510;199,511;199,512;199,514;199,515;199,516;199,517;199,518;199,519;199,520;200,521;201,524;202,526;202,527;203,528;203,529;203,530;204,531;205,532;205,533;206,533;206,534;207,534;207,535;207,536;207,537;208,538;209,538;210,538;211,538;212,538;213,538;214,538;215,538;216,538;217,538;217,537;218,537;219,536;220,535;221,535;221,534;222,534;223,532;224,531;225,530;225,529;225,528;226,526;227,525;227,524;227,522;228,522;228,521;229,520;229,519;229,518;230,518;231,517;231,516;232,516;233,516;234,516;235,516;235,517;236,517;237,517;237,518;238,518;238,519;239,519;239,520;239,521;239,522;239,523;239,524;239,525;239,526;239,527;239,528;239,529;239,530;240,530;241,530;241,531;241,532;241,533;241,534;241,535;240,536;239,536;239,537;238,537;237,537;237,538;236,538;235,539;235,540;234,540;234,541;233,542;233,543;233,544;232,544;232,545;231,545;231,546;230,546;229,546;228,546;227,546;226,546;225,546;224,546;223,546;222,546;221,546;221,547;220,548;219,548;219,549;219,550;218,551;217,552;217,553;217,554;217,555;216,556;216,557;216,558;215,559;215,560;215,561;215,562;216,562;216,563;217,563;217,564;217,565;218,566;219,567;219,568;220,568;220,569;221,569;221,570;222,570;223,570;224,570;225,570;226,570;227,570;228,570;229,570;230,570;231,570;232,570;233,570;233,569;234,569;235,569;236,569;237,569;237,568;238,568;239,568;240,568;241,568;242,568;243,568;244,568;245,568;246,568;247,568;248,568;249,568;249,567;250,566;251,566;251,565;252,564;253,563;253,562;253,561;254,560;254,559;255,558;255,557;255,556;256,555;256,554;256,553;256,552;256,551;257,550;257,549;257,548;257,547;257,546;257,545;256,544;256,543;256,542;257,541;257,540;257,539;257,538;257,537;258,536;259,535;259,534;260,534;261,534;261,533;262,533;262,534;263,534;264,534;265,534;266,534;267,534;268,534;269,534;270,534;271,535;272,535;273,534;274,534;275,533;275,532;276,532;277,532;277,531;278,530;279,530;279,529;280,529;281,528;281,527;281,526;282,526;283,526;283,525;283,524;284,524;285,523;285,522;286,522;287,521;287,520;288,519;289,518;289,517;290,517;291,516;291,515;292,515;292,514;293,514;293,513;293,512;294,512;294,511;294,510;295,510;295,509;296,508;297,508;297,507;297,506;298,506;298,505;298,504;299,504;299,503;299,502;300,502;300,501;300,500;301,500;301,499;301,498;301,497;301,496;302,496;302,495;302,494;302,493;302,492;302,491;302,490;302,489;301,488;301,487;300,486;299,484;298,483;298,482;297,482;297,481;297,480;296,480;296,479;295,478;295,477;295,476;294,476;293,475;293,474;292,474;291,473;291,472;290,472;289,472;288,472;288,471;287,471;287,470;286,470;285,470;284,470;283,470;282,470;281,470;281,469;280,469;279,469;278,469;277,469;276,469;275,469;275,468;274,468;273,468;273,469;272,469;271,469;271,470;270,470;270,471;269,472;269,473;269,474;269,475;269,476;269,477;268,477;268,478;268,479;268,480;268,481;268,482;269,482;269,483;269,484;269,485;269,486;270,486;270,487;271,487;271,488;271,489;271,490;272,490;272,491;273,491;273,492;273,493;274,493;274,494;275,494;275,495;275,496;275,497;275,498;275,499;275,500;274,500;274,501;273,501;273,502;273,503;272,504;272,505;272,506;272,507;271,508;271,509;271,510;271,511;271,512;270,512;270,513;269,513;268,514;267,514;266,514;265,514;264,514;263,514;263,513;263,512;262,512;262,510;261,510;261,509;261,508;260,508;260,506;259,506;259,505;259,504;258,503;258,502;257,501;257,500;257,499;257,498;256,498;255,498;255,497;254,496;253,496;253,495;253,494;252,494;251,494;251,493;250,492;249,492;248,491;247,491;246,490;245,490;244,490;243,490;242,490;241,490;240,490;239,490;238,490;237,490;236,490;235,490;234,491;233,491;232,491;231,492;230,492;229,492;228,493;227,493;226,494;225,494;224,494;223,495;222,496;221,496;220,497;219,498;218,499;217,500;216,502;215,502;215,503;213,504;212,506;211,506;210,506;209,507;208,507;207,507;206,508;205,508;204,508;203,509;202,510;201,510;200,512;199,512;199,513;199,514;200,513;
Specular reflection; POLYGON; 191, 91, 22; 212,440;211,441;211,442;211,444;211,445;211,446;211,447;211,448;212,448;212,449;213,450;213,451;213,452;214,452;214,453;215,453;215,454;216,454;216,455;217,455;217,456;218,456;219,456;219,457;220,457;221,457;222,457;223,457;223,458;224,458;225,457;225,456;226,456;227,456;227,455;228,454;229,452;230,451;231,450;231,449;232,448;232,447;233,446;233,444;233,442;233,441;233,440;233,438;233,437;232,435;231,434;231,433;230,431;230,430;229,430;229,429;228,428;226,427;225,426;223,426;221,427;220,428;217,429;216,430;214,431;213,432;211,433;211,434;209,436;209,437;210,438;
Specular reflection; POLYGON; 191, 91, 22; 235,434;234,436;233,436;233,437;231,438;231,439;229,441;228,443;227,445;227,447;227,450;227,452;227,453;227,454;227,455;226,457;226,458;226,460;226,461;226,462;226,463;226,464;227,464;228,464;229,465;232,465;235,464;236,464;237,463;241,462;242,460;243,460;246,458;247,457;249,456;251,454;251,452;252,451;253,448;254,446;254,444;254,443;254,441;253,439;252,438;251,436;250,434;249,433;247,431;246,430;245,429;242,428;239,431;
Specular reflection; POLYGON; 191, 91, 22; 257,440;256,440;255,439;254,439;253,439;251,439;250,439;249,439;249,440;248,440;247,441;247,442;245,444;245,446;244,446;244,448;243,450;243,452;243,455;242,458;242,459;242,460;242,461;242,462;243,463;243,464;245,464;245,465;246,466;247,466;248,466;249,467;251,467;252,468;253,468;256,468;258,468;259,468;260,468;261,468;263,467;265,466;267,464;268,463;269,462;270,461;271,460;273,458;274,456;275,454;275,453;275,451;275,448;275,447;275,446;275,445;274,444;273,442;271,440;269,439;269,438;266,436;
Specular reflection; POLYGON; 191, 91, 22; 349,424;348,426;348,427;347,429;347,431;347,432;347,433;347,434;347,435;347,436;347,437;347,438;347,440;347,441;347,442;347,443;347,444;347,445;347,446;347,448;347,449;347,450;347,451;348,452;348,453;348,454;349,454;349,455;349,456;349,457;349,458;349,459;349,460;350,460;350,461;351,461;351,462;352,462;353,463;354,463;355,464;356,464;357,464;358,464;359,464;360,464;361,464;362,464;363,464;364,463;365,463;366,463;367,463;367,462;368,462;369,462;370,462;371,461;371,460;372,460;373,460;373,459;374,458;375,457;375,456;375,455;376,455;376,454;377,454;377,453;377,452;378,452;378,451;379,450;379,449;380,449;380,448;381,448;381,447;381,446;381,445;382,445;382,444;383,444;384,444;384,443;385,442;386,442;386,441;387,440;388,440;388,439;389,439;389,438;390,438;391,438;392,438;393,438;394,438;395,438;396,438;397,438;397,437;398,437;399,437;399,436;400,436;401,436;402,435;403,435;403,434;404,434;405,433;405,432;406,432;406,431;407,431;407,430;407,429;407,428;408,427;408,426;409,426;409,425;409,424;409,423;409,422;409,421;409,420;409,419;409,418;408,418;407,418;407,417;407,416;406,416;405,416;405,415;404,415;404,414;403,414;402,414;401,414;400,414;399,413;398,412;397,412;396,412;396,411;395,411;395,410;394,410;393,410;392,410;392,409;391,409;391,408;390,408;389,408;388,408;387,408;386,408;385,409;384,410;383,410;383,411;382,411;381,412;381,413;380,414;379,415;379,416;379,417;379,418;379,419;379,420;380,420;381,420;381,421;381,422;382,422;382,423;383,424;383,425;383,426;383,427;383,428;383,429;383,430;382,431;381,432;380,432;380,433;379,433;379,434;378,434;377,434;376,434;375,434;375,433;374,433;373,433;373,432;372,432;371,432;371,431;371,430;371,429;371,428;372,428;372,427;372,426;373,426;373,424;373,423;373,422;374,422;374,421;374,420;374,419;375,419;375,418;375,417;375,416;375,415;376,415;376,414;376,413;375,412;375,411;374,410;373,409;373,408;372,408;371,407;371,406;370,406;369,406;368,406;367,406;366,406;365,406;365,408;364,408;363,409;363,410;362,410;361,411;360,412;359,412;358,413;357,413;357,414;356,414;355,415;353,416;352,418;351,420;351,422;350,422;350,423;349,424;349,426;350,426;351,426;
Specular reflection; POLYGON; 191, 91, 22; 413,468;413,469;413,470;412,470;412,471;411,472;411,473;410,474;410,475;410,476;409,477;409,478;409,479;409,480;410,481;411,482;412,482;413,483;414,483;415,483;416,483;417,483;418,483;419,483;420,483;421,482;423,482;424,482;425,482;426,482;427,482;427,483;427,484;427,485;427,486;427,487;427,488;427,489;427,490;427,491;427,492;427,493;427,494;427,495;428,495;428,496;428,497;429,498;429,499;430,500;431,500;431,501;432,501;433,501;433,502;434,502;435,502;436,502;437,502;438,502;438,501;439,501;439,500;440,500;441,500;441,499;442,499;443,498;443,497;444,496;444,495;445,495;445,494;445,493;445,492;446,492;446,491;447,491;447,490;447,489;447,488;447,487;447,486;447,485;447,484;447,483;447,482;447,481;447,480;447,479;447,478;447,477;447,476;446,476;446,475;445,474;444,474;444,473;443,473;442,473;441,473;440,473;439,473;438,472;437,472;436,472;435,472;434,472;433,473;432,473;431,474;430,474;429,474;428,473;428,472;427,472;427,471;427,470;427,469;427,468;426,468;426,467;426,466;425,465;425,464;425,463;424,463;423,462;422,462;421,463;420,463;419,464;418,464;417,464;416,465;415,466;414,466;412,466;412,467;411,467;410,468;411,469;
Specular reflection; POLYGON; 191, 91, 22; 260,563;259,564;259,565;259,566;258,567;258,568;257,568;257,570;257,572;257,573;257,574;256,576;256,578;256,579;256,580;256,581;256,582;257,582;257,583;257,584;258,584;258,585;258,586;258,587;258,588;258,589;258,590;258,591;258,592;258,593;258,594;258,595;259,595;259,596;260,596;261,596;262,596;263,595;263,594;265,594;265,593;267,592;268,591;269,591;269,590;271,590;271,589;273,589;273,588;274,588;275,588;277,588;277,587;279,586;280,585;280,584;281,584;281,583;281,582;282,581;282,580;283,580;283,579;284,579;284,578;285,578;285,577;286,576;287,576;288,576;289,576;290,576;290,575;291,575;291,574;293,574;294,574;294,573;295,573;296,573;297,573;297,574;297,575;298,575;298,576;299,576;300,577;301,578;302,578;303,578;304,578;305,578;306,578;307,578;308,577;309,576;310,576;311,576;312,576;313,576;314,576;315,576;315,575;316,575;317,575;317,574;318,573;319,573;319,572;320,572;321,572;322,572;323,571;324,571;324,570;325,570;326,570;327,570;328,570;329,569;329,568;330,568;331,568;332,567;333,567;333,566;334,566;335,566;335,565;336,565;336,564;337,564;337,563;338,563;338,562;339,562;339,561;339,560;339,559;339,558;339,557;339,556;339,555;339,554;339,553;339,552;339,551;339,550;338,550;338,549;337,549;337,548;336,548;335,548;335,547;334,546;334,545;333,545;333,544;334,544;334,543;335,543;335,542;336,542;337,541;337,540;338,540;338,539;339,539;339,538;340,538;341,538;342,538;343,538;344,537;345,537;346,537;346,536;347,536;347,535;348,535;348,534;349,534;349,533;349,532;350,532;350,531;350,530;351,530;351,528;351,527;351,526;351,525;351,524;352,524;353,523;353,522;353,521;353,520;354,520;354,519;354,518;355,518;355,517;355,516;355,515;355,514;355,513;355,512;355,511;356,510;356,509;356,508;356,507;356,506;356,505;356,504;356,503;356,502;356,501;356,500;355,500;355,499;354,499;353,498;352,498;351,498;351,497;350,497;349,497;348,497;347,497;346,497;345,498;344,498;343,498;343,499;342,500;341,500;341,501;340,502;339,502;338,503;337,503;337,504;336,505;335,506;334,507;334,508;333,508;333,509;333,510;332,510;331,510;331,511;330,511;330,512;329,512;328,513;327,513;327,514;326,514;325,514;325,515;324,516;323,516;323,517;323,518;322,518;322,519;321,520;321,521;321,522;320,522;320,523;319,523;319,524;319,525;319,526;318,526;317,527;317,528;316,528;316,529;315,529;315,530;315,531;314,531;314,532;314,533;314,534;314,535;315,535;315,536;315,537;316,537;316,538;316,539;316,540;316,541;316,542;316,543;315,544;314,544;314,545;313,545;313,546;312,546;311,546;311,547;311,548;310,548;309,548;309,549;308,549;307,549;306,549;306,548;305,548;304,548;303,548;302,548;301,548;300,548;299,547;298,547;297,547;296,547;295,547;294,547;293,547;292,547;291,547;290,548;289,548;288,548;288,549;287,549;287,550;286,550;285,550;284,550;283,550;283,551;282,551;282,552;281,552;280,552;279,552;278,552;277,552;276,552;275,553;273,553;271,554;269,556;268,557;267,558;265,560;264,562;263,562;263,564;262,564;261,564;261,565;259,566;258,567;257,568;257,570;256,570;256,571;
Specular reflection; POLYGON; 191, 91, 22; 86,546;85,548;84,548;83,549;83,550;82,550;81,551;81,552;80,552;79,552;79,553;78,553;77,554;77,555;75,556;74,558;73,558;73,559;71,560;71,561;71,562;70,562;70,563;69,563;69,564;69,565;69,566;69,567;68,568;68,569;68,570;68,571;68,572;68,573;69,573;69,574;70,575;70,576;71,576;73,578;74,578;75,578;77,579;77,580;78,580;78,581;79,582;79,583;79,584;80,584;80,585;80,586;81,586;81,587;81,588;81,589;81,590;82,591;82,592;83,593;83,594;83,595;83,596;84,596;85,597;85,598;85,599;85,600;86,601;86,602;86,603;87,603;87,604;87,605;88,605;88,606;89,606;89,607;90,607;90,608;91,608;92,608;93,608;93,609;94,609;95,609;95,610;96,610;97,610;98,610;99,610;99,611;100,611;100,612;101,612;102,612;103,612;104,612;105,612;106,612;107,612;107,613;108,613;109,613;110,613;111,613;112,613;113,613;113,612;114,612;115,612;115,611;115,610;116,610;117,609;117,608;118,608;119,607;119,606;120,606;120,605;121,605;121,604;121,603;122,603;122,602;123,602;123,601;123,600;123,599;122,599;122,598;121,598;121,597;121,596;121,597;121,598;122,598;123,598;123,597;124,596;125,596;125,595;125,594;126,594;127,594;127,593;127,592;128,592;129,591;129,590;130,590;130,589;131,588;131,587;132,587;132,586;133,586;133,585;133,584;133,583;133,582;134,582;134,581;134,580;135,580;135,579;135,578;135,577;135,576;134,576;134,575;134,574;133,573;133,572;133,571;133,570;133,569;132,569;132,568;132,567;131,566;131,565;131,564;131,563;131,562;131,561;130,561;130,560;130,559;129,559;129,558;129,557;129,556;129,555;129,554;129,553;129,552;129,551;129,550;128,550;128,549;128,548;128,547;128,546;128,545;127,544;127,543;127,542;126,542;125,542;124,542;123,542;122,542;121,542;121,541;120,541;119,541;119,540;118,540;117,540;116,540;115,540;115,539;114,539;113,539;112,539;111,539;110,539;109,539;108,539;107,539;106,539;105,539;104,539;103,539;102,539;101,539;100,539;99,539;99,540;98,540;97,540;96,540;95,541;95,542;93,543;93,544;92,544;91,545;90,546;89,546;88,546;87,547;86,547;85,547;84,548;83,548;82,548;81,548;
Specular reflection; POLYGON; 191, 91, 22; 53,434;53,436;52,436;52,437;52,438;52,439;52,440;52,441;52,442;53,443;53,444;53,445;54,445;55,446;55,447;56,447;56,448;57,448;58,448;59,448;60,448;61,448;61,447;62,447;63,446;64,446;65,445;66,444;67,444;67,443;68,442;69,442;69,440;70,439;70,438;70,436;70,435;70,434;70,432;70,430;70,428;69,426;68,426;67,425;66,424;64,424;63,423;61,423;60,423;59,423;57,424;55,424;55,425;54,426;54,427;53,428;53,429;53,430;
Specular reflection; POLYGON; 191, 91, 22; 48,499;47,500;46,500;46,501;45,502;44,503;43,504;43,505;42,506;41,508;41,509;41,510;41,512;40,513;40,514;40,516;40,517;40,518;40,519;40,520;39,521;39,522;39,523;39,524;39,525;39,526;38,527;38,529;37,530;37,531;37,532;37,533;37,534;38,534;38,535;39,535;39,536;40,536;41,536;42,536;43,536;44,536;45,536;45,535;46,535;47,534;48,534;49,534;49,533;51,532;52,532;53,532;53,531;54,530;55,530;55,529;57,528;57,527;58,526;59,526;59,524;60,524;61,522;62,521;62,520;63,520;63,519;63,518;64,517;64,516;64,515;65,513;65,512;65,510;66,510;67,507;67,506;67,505;67,504;67,503;68,502;68,501;68,500;68,498;68,497;67,496;67,495;67,494;67,493;66,492;65,491;65,490;64,489;64,488;63,488;62,488;61,488;61,489;59,490;57,490;55,492;54,492;53,493;50,494;49,495;48,496;46,498;45,500;45,503;
Specular reflection; POLYGON; 191, 91, 22; 255,676;255,677;255,678;254,678;253,680;252,681;252,682;251,683;251,684;250,686;249,687;249,688;249,690;249,691;249,692;249,693;249,694;250,695;251,696;251,697;251,698;251,699;251,700;251,701;252,702;252,703;252,704;253,705;253,706;253,707;253,708;253,710;254,711;254,712;254,713;254,714;254,715;255,716;255,717;255,718;255,719;255,720;256,720;256,721;256,722;257,722;257,723;257,724;258,724;259,724;259,725;260,725;260,726;261,726;262,726;263,726;263,727;264,727;265,727;266,727;266,726;267,726;268,725;269,725;269,724;270,724;271,724;272,724;273,723;275,722;276,722;277,721;278,720;279,720;279,719;280,718;281,718;281,717;281,716;281,715;281,714;281,713;281,712;281,711;281,710;281,709;281,708;281,707;281,706;282,706;282,705;283,704;283,703;284,703;285,703;285,702;286,702;287,701;287,700;287,699;288,698;289,697;289,696;289,695;290,695;291,695;291,694;292,694;293,694;294,693;295,693;295,692;296,692;297,692;298,692;299,692;300,692;301,692;302,692;302,693;303,693;304,693;304,692;305,692;306,692;307,692;307,691;307,690;308,690;309,689;309,688;310,688;310,687;311,686;311,685;311,684;311,683;311,682;311,681;311,680;311,678;311,677;311,676;311,675;310,674;310,673;309,672;309,671;308,670;307,670;306,670;305,670;304,669;303,669;302,668;301,668;300,668;299,668;297,668;296,668;295,668;294,668;293,668;292,669;291,669;290,669;289,669;288,669;287,669;286,669;285,669;284,669;283,669;282,669;281,669;280,668;279,668;279,667;278,667;278,666;277,666;276,666;276,665;275,665;274,664;273,664;272,664;271,664;270,664;269,664;268,664;267,665;266,665;265,666;264,666;263,667;262,668;261,668;259,670;257,672;256,673;255,674;254,674;253,675;253,676;252,676;253,676;256,676;
Specular reflection; POLYGON; 191, 91, 22; 233,628;232,629;231,630;230,631;229,632;228,633;228,634;227,634;227,636;227,637;227,638;228,640;229,641;229,642;230,643;231,644;231,645;233,647;233,648;235,650;236,650;237,651;238,651;239,651;240,651;241,651;242,651;243,651;243,650;244,650;245,649;245,648;246,648;247,648;247,647;248,647;249,646;250,646;251,645;252,644;253,644;254,643;254,642;255,642;257,640;257,639;258,638;258,637;258,636;257,636;257,635;256,635;255,634;254,634;253,634;252,634;251,634;250,633;249,632;247,632;246,631;245,630;243,629;242,628;241,628;239,628;239,629;237,631;236,634;236,635;235,636;
Specular reflection; POLYGON; 191, 91, 22; 375,524;374,526;374,527;374,528;374,529;373,530;373,531;373,532;373,533;373,534;373,536;373,537;373,538;374,539;374,540;375,540;375,541;375,542;375,543;375,544;375,545;375,546;376,546;376,547;377,547;377,548;378,548;379,549;379,550;380,550;381,550;382,550;383,550;384,550;385,550;386,550;387,550;387,549;388,548;389,548;389,547;389,546;391,545;391,544;392,544;392,543;393,542;393,541;393,540;394,539;395,538;395,536;395,535;395,534;395,533;396,532;397,531;397,530;397,528;397,527;397,526;397,525;396,524;396,522;395,522;395,520;394,519;394,518;393,518;392,516;391,516;391,515;389,514;388,514;387,514;385,513;383,513;381,514;379,515;379,516;377,516;376,517;375,518;374,518;373,520;373,522;374,524;
Specular reflection; POLYGON; 191, 91, 22; 351,552;350,553;349,553;348,554;347,554;346,555;345,556;345,557;345,558;344,560;344,562;344,563;344,564;345,566;345,567;345,568;345,569;345,570;346,570;346,571;347,572;347,573;348,574;348,575;349,576;350,577;351,578;352,578;353,578;355,578;357,578;359,578;361,578;363,578;365,578;365,577;367,577;368,576;370,576;372,575;373,575;373,574;374,574;375,574;375,573;376,572;377,571;377,570;377,569;378,568;378,567;378,566;378,565;378,564;377,563;377,562;375,560;375,558;374,557;373,556;372,554;370,553;369,552;367,552;365,552;364,552;362,552;360,552;355,554;353,556;351,557;347,560;345,562;
Specular reflection; POLYGON; 191, 91, 22; 191,608;191,609;190,610;190,611;190,612;190,613;190,614;191,615;191,616;192,617;192,618;193,618;193,619;194,619;195,620;196,621;197,621;197,622;198,622;199,622;200,622;200,623;201,623;202,623;203,623;203,622;204,622;205,622;205,621;205,620;206,620;206,619;207,618;207,617;207,616;207,614;207,613;207,612;207,611;207,610;207,609;207,608;207,607;206,606;205,605;205,604;204,603;203,602;202,602;201,600;199,600;198,600;197,600;195,600;193,600;192,600;191,601;189,602;188,602;187,603;186,604;185,605;185,606;186,607;187,607;187,608;
Specular reflection; POLYGON; 191, 91, 22; 119,637;119,638;119,640;119,641;118,641;118,642;118,643;117,644;117,645;117,646;117,647;117,648;117,650;116,651;116,652;116,653;116,654;116,655;116,656;116,657;116,658;117,658;117,659;118,660;119,660;119,661;119,662;120,662;121,663;122,663;123,663;124,663;125,663;125,662;126,662;127,661;128,660;129,660;129,659;130,658;131,657;132,656;133,656;133,654;134,654;135,653;135,651;136,650;137,647;137,646;137,645;137,643;137,642;137,640;138,639;138,638;138,637;138,636;138,635;138,634;137,634;137,632;136,631;135,630;134,629;133,628;131,628;129,628;128,628;125,629;123,630;121,632;119,633;117,635;115,637;114,638;114,639;
Specular reflection; POLYGON; 191, 91, 22; 338,663;337,663;337,664;335,664;334,664;333,665;332,665;331,665;331,666;330,666;329,666;328,666;327,666;327,667;326,668;325,668;325,669;324,670;323,670;323,671;323,672;322,672;322,673;322,674;322,675;321,676;321,677;321,678;321,679;321,680;321,681;322,681;323,681;323,682;324,682;325,682;326,682;327,682;328,683;329,683;331,683;332,683;333,683;334,683;335,683;337,683;338,683;339,683;340,683;341,683;342,683;343,682;344,682;345,682;346,682;347,682;347,681;348,681;349,681;351,680;352,680;353,680;354,680;355,680;356,680;356,679;357,679;358,679;359,679;360,679;361,679;361,678;362,678;363,677;363,676;363,675;364,674;364,673;364,672;364,671;364,670;364,669;364,668;363,666;362,665;361,664;360,663;359,663;359,662;357,662;356,661;355,661;353,660;351,660;349,660;347,660;346,660;344,660;343,660;341,660;339,661;337,662;335,664;333,665;333,666;332,666;333,666;
Specular reflection; POLYGON; 191, 91, 22; 327,665;326,665;325,665;324,665;323,665;322,665;321,665;319,666;318,666;317,667;317,668;316,668;316,669;315,670;313,671;312,672;311,673;310,674;309,674;309,675;307,676;306,677;305,678;304,678;303,679;303,680;303,681;303,682;303,683;304,684;305,684;307,685;308,686;309,686;311,686;313,686;317,686;321,686;322,686;324,686;328,684;332,684;335,682;337,682;338,681;341,679;343,677;343,676;344,675;345,674;346,672;346,670;346,669;346,668;345,668;343,668;342,667;341,667;340,667;337,666;335,666;333,666;333,665;331,664;329,664;329,663;329,662;
Specular reflection; POLYGON; 191, 91, 22; 379,547;378,548;377,549;376,550;375,550;375,551;374,552;373,552;372,553;371,554;370,555;369,556;368,556;368,557;367,558;367,559;367,560;366,560;366,561;366,562;365,562;365,563;365,564;365,565;365,566;365,568;365,569;365,570;366,571;366,572;367,572;367,573;367,574;368,574;368,575;369,575;369,576;370,577;371,577;371,578;372,578;373,578;374,578;375,578;376,578;377,578;378,578;379,578;380,578;381,578;382,577;383,577;384,577;385,577;386,577;387,577;388,577;389,577;390,577;391,577;392,577;393,576;394,576;395,576;396,576;397,576;398,576;399,576;400,576;401,576;402,576;403,576;403,575;404,575;405,575;405,574;406,574;407,574;408,574;409,574;409,575;410,575;411,575;412,575;413,575;414,575;415,575;415,574;416,574;417,574;418,574;419,574;420,574;421,574;421,573;422,573;422,572;423,572;423,571;424,570;425,570;425,569;425,568;426,568;427,568;427,567;427,566;428,566;429,566;429,565;429,564;430,564;431,564;431,563;432,563;433,563;433,562;434,562;435,562;435,561;436,560;437,560;437,559;438,558;439,558;439,557;439,556;440,555;440,554;441,554;441,553;441,552;441,551;441,550;441,549;441,548;441,547;441,546;442,546;442,545;442,544;442,543;442,542;441,542;441,541;441,540;441,539;441,538;441,537;441,536;441,535;441,534;441,533;441,532;440,532;440,531;439,530;438,529;437,528;437,527;436,527;435,526;434,526;433,525;432,525;432,524;431,524;430,524;429,524;428,524;427,524;426,524;425,524;424,524;423,524;423,525;422,526;421,526;421,527;420,528;419,529;419,530;419,531;418,531;418,532;417,532;417,533;417,534;416,535;416,536;415,536;415,537;415,538;414,538;413,539;413,540;412,540;411,541;411,542;410,542;409,542;409,543;408,543;408,544;407,544;406,545;405,545;405,546;404,546;403,546;402,546;401,546;400,546;399,546;398,546;397,546;396,546;395,545;394,545;393,545;392,544;390,544;389,544;388,544;387,544;386,544;385,544;
Specular reflection; POLYGON; 191, 91, 22; 459,529;459,530;459,531;458,532;457,533;457,534;456,535;456,536;455,537;455,538;454,538;454,539;453,540;453,541;452,542;452,543;451,544;451,546;450,547;450,548;450,549;450,550;450,551;450,552;449,552;449,553;449,554;449,555;449,556;449,557;449,558;448,558;447,560;447,561;446,562;446,563;445,564;445,565;445,566;444,566;444,568;444,569;443,569;443,570;443,571;443,572;443,573;443,574;443,575;444,575;444,576;445,576;445,577;446,577;447,578;448,578;449,578;450,578;451,578;452,578;453,578;454,578;455,578;456,577;457,577;458,576;459,575;460,574;461,574;462,573;463,573;463,572;464,572;465,572;465,571;466,571;467,570;468,570;469,570;469,569;470,569;471,569;471,568;472,568;473,568;474,568;475,568;476,568;477,568;478,568;479,568;479,569;480,569;481,569;482,569;482,570;483,570;484,570;485,570;486,570;487,570;487,571;488,571;488,572;489,572;490,572;491,572;492,573;493,573;494,573;495,573;496,573;497,573;497,574;498,574;499,574;500,574;501,574;502,574;503,574;504,574;505,574;506,574;507,574;507,573;507,572;507,571;508,571;508,570;508,569;508,568;507,568;507,567;507,566;507,565;507,564;506,564;506,563;506,562;505,562;505,561;505,560;505,559;504,559;504,558;503,558;503,557;503,556;502,556;502,555;501,555;501,554;500,554;500,553;499,553;499,552;498,552;498,551;497,551;497,550;497,549;496,548;495,547;495,546;494,545;494,544;493,544;493,543;493,542;492,541;492,540;491,540;491,539;490,538;489,538;489,537;488,536;487,536;487,535;487,534;486,534;486,533;486,532;485,532;485,531;485,530;485,529;485,528;484,528;484,527;483,527;483,526;483,525;482,525;481,524;481,523;480,522;479,522;479,521;479,520;478,520;478,519;477,518;476,518;476,517;475,517;474,516;473,516;472,516;471,516;470,516;469,516;468,516;467,516;466,517;465,518;464,518;463,519;463,520;462,521;461,522;461,524;460,525;459,527;459,528;459,529;458,530;458,532;459,532;460,533;462,533;463,533;464,533;465,533;466,532;
Specular reflection; POLYGON; 191, 91, 22; 520,528;519,530;519,532;519,533;519,534;519,535;519,536;519,537;519,538;519,539;519,540;519,541;519,542;520,542;520,543;520,544;521,544;521,545;521,546;521,547;521,548;522,549;522,550;523,551;523,552;523,553;523,554;524,554;525,555;525,556;526,556;527,557;527,558;528,558;529,558;530,559;531,559;532,559;532,560;533,560;534,560;535,560;536,560;537,560;537,561;538,561;539,561;539,562;540,562;541,562;542,562;543,562;544,562;545,562;546,562;547,562;548,562;549,561;550,560;551,560;552,559;553,558;554,558;554,557;555,556;556,556;556,555;557,555;557,554;558,553;558,552;559,552;559,551;560,551;560,550;561,550;561,549;562,548;563,548;563,547;563,546;564,546;564,545;564,544;564,543;564,542;564,541;563,540;563,539;563,538;562,538;562,537;562,536;561,536;561,535;561,534;560,534;559,533;559,532;558,531;557,530;557,529;557,528;556,528;555,527;555,526;554,526;554,525;553,524;552,524;551,523;551,522;550,522;550,521;549,520;549,519;548,519;548,518;547,518;546,518;545,517;544,517;543,517;542,516;541,516;540,516;539,516;538,516;537,516;536,516;535,516;534,516;533,516;533,517;532,518;531,518;530,518;529,519;528,520;527,520;527,521;526,522;525,523;524,524;523,525;523,528;523,530;523,532;522,533;522,534;523,537;525,539;
Specular reflection; POLYGON; 191, 91, 22; 697,446;696,446;695,447;695,448;694,448;693,448;693,449;693,450;692,450;692,451;692,452;691,452;691,453;691,454;691,455;691,456;691,457;691,458;691,459;691,460;690,460;689,460;689,461;688,461;687,462;686,462;685,462;685,463;683,464;682,464;681,464;681,465;679,466;678,466;677,467;676,468;675,468;675,469;674,470;673,470;673,471;673,472;672,472;671,474;671,475;671,476;670,476;669,478;669,479;669,480;669,481;669,482;669,483;669,484;669,485;669,486;669,487;669,488;670,489;671,489;672,490;673,490;674,490;675,490;677,490;679,490;680,490;681,490;682,490;683,490;684,490;685,490;686,490;687,490;689,489;690,488;691,488;692,488;693,487;695,486;697,486;697,485;698,485;699,484;701,484;701,483;703,482;704,481;705,481;706,480;706,479;707,478;707,477;707,476;707,475;708,475;708,474;709,474;710,474;711,473;712,472;713,472;714,472;715,471;716,471;717,470;718,470;719,470;720,470;721,470;722,471;723,471;724,471;725,471;726,471;727,471;728,471;729,471;729,470;730,470;731,470;732,469;733,469;733,468;734,468;735,467;735,466;736,466;737,466;737,465;738,465;738,464;739,464;740,464;740,463;741,463;741,462;742,462;743,462;743,461;743,460;744,460;745,460;745,459;746,458;747,458;747,457;747,456;748,456;748,455;748,454;749,454;749,453;749,452;749,451;749,450;749,449;749,448;749,447;749,446;749,445;748,444;748,443;747,442;747,441;746,440;745,440;744,440;743,440;742,440;741,440;740,440;739,440;738,440;737,440;736,440;735,440;735,439;735,438;734,438;733,438;733,437;732,437;731,436;730,436;729,436;728,436;727,436;726,436;725,436;723,436;722,436;721,436;719,436;717,436;715,437;713,437;712,438;710,438;706,439;705,440;703,440;699,442;697,443;697,444;695,445;695,446;696,446;697,447;699,448;703,450;706,451;
Specular reflection; POLYGON; 191, 91, 22; 294,719;293,721;293,722;292,723;291,725;291,726;291,727;291,728;291,729;290,730;290,731;289,731;289,732;289,733;289,734;288,734;288,735;287,736;287,737;287,738;286,738;286,739;286,740;286,742;285,744;285,745;285,746;285,747;285,748;285,749;285,750;285,751;285,752;285,753;285,754;285,755;285,756;286,757;286,758;287,759;287,760;287,761;287,762;287,764;288,765;288,766;289,767;289,768;290,768;291,769;291,770;293,770;294,771;295,772;296,772;297,772;298,772;299,772;301,771;302,770;303,770;304,770;305,770;306,770;306,769;307,769;307,768;308,768;308,767;309,766;309,765;310,764;311,762;311,761;311,760;311,758;311,757;311,756;311,755;311,754;312,753;312,752;313,752;313,751;313,750;313,751;313,752;314,752;314,753;315,754;315,755;316,755;316,756;317,756;318,756;319,756;319,757;320,757;321,757;322,757;323,757;324,757;325,757;325,758;326,758;327,758;328,758;329,758;330,758;331,758;332,757;332,756;333,756;333,755;333,754;333,753;333,752;334,752;334,751;334,750;334,749;334,748;334,747;334,746;334,745;334,744;334,743;334,744;334,745;334,746;333,746;333,747;333,748;333,749;333,750;333,751;333,752;333,754;333,755;333,756;333,757;334,757;335,757;335,758;336,758;337,758;338,758;339,758;340,758;341,758;342,758;343,758;344,758;345,758;345,757;346,757;347,757;347,756;348,756;349,756;349,755;349,754;350,754;350,753;351,753;351,752;352,752;352,751;352,750;353,750;353,749;353,748;354,748;354,747;354,746;354,745;354,744;354,743;354,742;354,741;354,740;354,739;353,739;353,738;353,737;353,736;354,735;355,734;355,733;356,732;357,731;357,730;357,729;358,728;359,727;359,726;359,725;359,724;360,724;360,723;360,722;361,721;361,720;361,719;361,718;361,717;361,716;361,715;361,714;361,713;361,712;361,711;361,710;360,710;360,709;359,708;358,707;357,706;356,706;356,705;355,705;355,704;355,703;355,702;354,702;353,701;353,700;352,700;352,699;351,699;351,698;350,698;349,698;348,698;347,698;346,698;345,698;344,698;343,698;342,698;341,698;340,699;339,699;339,700;339,701;339,702;338,703;338,704;338,705;338,706;338,707;338,708;337,708;337,709;337,710;336,710;335,710;334,710;333,709;333,708;332,708;331,708;330,708;329,708;329,707;328,707;327,707;326,707;325,707;325,708;324,708;323,708;323,709;322,709;322,710;321,710;321,711;320,711;320,712;319,712;319,713;319,714;318,714;318,715;317,715;317,716;317,717;316,717;316,718;315,718;315,719;315,720;315,719;315,718;315,717;315,716;314,716;314,715;314,714;313,714;313,713;313,712;312,711;311,710;310,709;309,709;309,708;308,708;307,708;305,708;304,708;303,708;302,708;301,708;300,708;299,708;298,709;297,710;295,711;295,712;293,713;292,714;291,714;290,715;289,716;290,717;294,717;
Specular reflection; POLYGON; 191, 91, 22; 341,777;339,778;338,779;337,780;336,781;335,782;335,783;335,784;334,785;334,786;334,787;334,788;334,790;334,791;335,791;335,792;335,793;335,794;336,794;336,796;337,797;337,798;337,799;338,800;339,800;340,800;341,800;342,800;343,800;344,800;345,800;346,800;347,800;347,799;349,799;350,799;351,799;352,799;353,799;353,800;353,801;353,802;353,803;353,804;353,805;353,806;353,807;353,808;353,810;353,811;353,812;353,813;353,814;353,815;353,816;353,817;354,818;355,818;355,819;355,820;356,822;357,823;357,824;357,825;358,825;358,826;359,826;361,831;361,832;361,833;362,834;363,835;364,836;365,836;366,837;367,838;368,838;369,838;370,838;371,838;372,838;373,838;374,838;375,838;375,839;376,839;377,839;377,840;378,840;379,840;380,840;381,840;382,841;383,842;384,842;385,843;386,843;386,844;387,844;388,844;389,844;389,843;391,843;391,842;393,842;394,842;395,842;395,841;396,841;397,840;398,840;398,839;399,839;399,838;399,837;399,836;400,836;400,835;401,834;401,833;401,832;401,831;401,830;402,830;402,829;403,828;403,827;403,826;403,825;403,824;403,823;403,822;404,822;404,821;404,820;404,819;405,819;405,818;405,817;405,816;406,816;406,815;407,814;407,813;408,812;409,811;409,810;410,809;411,808;412,807;413,806;414,805;414,804;415,804;415,803;416,803;417,802;418,802;419,802;419,801;420,801;421,801;421,800;422,800;423,800;424,800;425,800;426,799;427,799;428,799;428,798;429,798;430,798;431,798;432,798;433,798;434,798;435,798;436,798;437,798;437,799;438,799;438,800;439,800;440,800;441,800;441,799;441,798;442,798;443,798;443,797;443,796;444,795;445,794;445,793;446,793;446,792;447,792;447,791;447,790;448,790;449,789;449,788;450,788;450,787;451,786;451,785;451,784;451,783;451,782;451,781;451,780;452,780;452,779;452,778;452,777;452,776;451,776;451,775;451,774;451,773;451,772;451,771;450,770;450,769;449,768;449,767;449,766;448,766;447,764;447,763;446,763;445,762;444,762;443,762;443,761;442,761;441,760;439,760;438,760;437,759;436,759;435,759;434,759;433,759;433,760;432,760;431,760;430,760;429,760;428,760;427,760;426,760;425,760;425,759;425,758;424,758;423,758;423,757;422,757;422,756;421,756;420,756;419,756;419,755;418,755;417,755;415,754;414,754;413,754;412,754;411,754;409,754;407,754;406,754;405,754;404,754;403,755;402,755;401,755;400,755;399,756;398,756;397,756;396,756;395,756;394,756;393,756;392,756;391,756;391,757;390,757;389,757;389,758;388,758;388,759;387,759;387,760;386,761;385,762;384,762;384,763;383,763;383,764;382,764;382,765;381,765;381,766;380,766;379,766;378,766;377,766;376,766;375,765;374,765;373,764;372,764;371,764;370,764;368,764;367,764;366,764;365,764;364,764;363,764;362,764;361,764;361,765;360,765;359,766;358,766;357,767;356,767;355,768;354,768;353,769;351,770;349,770;348,771;347,771;345,772;344,772;343,773;342,774;341,776;339,778;338,779;337,780;337,781;336,781;337,781;337,780;340,779;
Specular reflection; POLYGON; 191, 91, 22; 827,902;827,904;822,895;819,890;817,888;802,876;
Specular reflection; POLYGON; 191, 91, 22; 425,797;425,798;425,799;425,800;425,801;425,802;425,803;425,804;425,805;425,806;426,807;426,808;427,808;427,809;427,810;428,810;428,811;429,811;429,812;429,813;429,814;429,815;429,816;429,817;429,818;428,819;428,820;427,821;427,822;427,823;427,824;427,825;427,826;426,827;426,828;425,828;425,829;425,830;424,830;423,831;423,832;422,833;422,834;421,834;421,835;421,836;421,837;421,838;420,839;420,840;420,841;420,842;419,843;419,844;419,845;419,846;419,847;419,848;419,849;418,850;418,851;418,852;418,853;418,854;419,854;419,855;419,856;420,856;420,857;421,857;421,858;422,860;423,861;423,862;424,863;424,864;425,864;425,865;426,866;427,866;427,867;428,867;429,868;430,868;431,868;432,868;433,869;434,870;435,870;435,871;436,871;437,871;437,872;438,872;439,872;439,873;440,873;441,873;441,874;442,874;443,874;444,874;444,875;445,875;445,876;446,876;447,876;448,876;449,876;449,877;450,877;451,878;452,878;453,878;454,879;455,879;457,879;458,879;459,879;460,880;461,880;462,880;463,880;464,880;465,880;466,880;467,880;468,880;469,880;469,879;470,879;471,878;472,878;473,878;473,877;474,877;474,876;475,876;476,876;476,875;477,875;477,874;479,874;479,872;480,872;481,871;481,870;482,870;482,869;482,868;482,867;482,866;482,865;482,864;482,863;482,862;482,861;482,860;482,859;483,858;483,857;483,856;484,856;485,855;485,854;485,853;485,852;485,851;485,850;484,850;484,849;484,848;483,848;483,847;483,846;483,845;483,844;482,843;482,842;482,841;482,840;482,839;482,838;482,837;482,836;482,835;482,834;483,834;484,834;485,834;486,834;487,834;487,833;488,833;488,832;489,832;490,831;491,830;492,830;492,829;493,828;494,827;494,826;495,826;495,825;496,824;497,824;497,823;497,822;498,822;499,821;499,820;500,819;500,818;501,818;501,817;501,816;502,816;502,815;503,814;504,814;504,813;505,813;505,812;506,811;506,810;507,810;507,809;507,808;508,808;508,807;508,806;509,806;509,805;509,804;509,803;509,802;510,802;510,801;510,800;510,799;510,798;510,797;510,796;510,795;510,794;510,793;510,792;510,791;509,790;509,789;509,788;509,787;509,786;508,786;508,785;507,784;507,783;507,782;506,781;506,780;505,780;505,779;505,778;505,777;504,776;503,776;502,776;501,776;501,775;500,775;499,775;498,775;498,774;497,774;496,774;495,774;494,774;493,774;492,774;491,773;490,773;489,773;489,772;488,772;487,772;486,772;485,772;484,772;484,773;483,773;482,773;481,773;481,774;480,774;479,774;478,775;477,775;477,776;476,776;475,777;475,778;474,778;473,778;472,778;472,777;471,777;471,776;470,776;469,775;469,774;468,774;468,773;467,773;467,772;466,772;465,772;465,771;464,771;464,770;463,770;462,770;461,769;460,769;459,769;459,768;458,768;457,768;455,768;454,768;453,768;453,769;452,769;451,769;451,770;449,770;448,771;447,772;446,772;445,772;444,772;443,773;442,774;441,774;440,774;439,775;438,776;437,777;436,778;435,778;435,779;435,780;435,781;434,781;434,782;433,782;433,783;432,784;431,785;430,786;429,788;429,789;429,790;430,790;431,790;
Specular reflection; POLYGON; 191, 91, 22; 426,724;425,725;425,726;423,726;423,727;422,728;421,728;421,730;420,731;420,732;419,733;419,735;419,737;419,738;419,739;419,742;419,744;420,745;420,746;421,746;421,748;423,748;423,749;423,750;424,750;425,750;427,751;427,752;428,752;429,752;430,752;431,752;432,752;433,752;434,752;435,752;437,752;439,753;440,753;441,753;443,753;445,753;447,753;448,753;451,752;452,752;453,752;455,752;457,752;458,752;459,751;460,750;461,750;463,750;465,750;465,749;467,749;468,750;469,750;469,751;470,752;471,752;472,752;473,753;474,754;475,754;476,754;477,754;477,755;479,756;480,756;481,757;482,757;483,757;484,757;485,756;486,755;487,755;487,754;489,754;489,753;490,752;491,752;492,751;493,750;493,749;494,749;495,748;495,747;495,746;496,746;496,744;497,744;497,742;497,741;497,740;497,739;497,738;497,737;498,735;498,734;498,733;499,732;499,731;499,730;499,729;499,728;499,727;499,726;498,725;498,724;497,723;497,722;497,721;496,720;495,720;495,719;493,718;492,718;491,718;490,718;489,718;488,718;487,718;485,718;484,718;483,718;482,718;481,718;480,718;479,718;478,718;477,718;476,718;475,718;474,718;473,718;472,718;471,718;470,718;469,718;468,718;467,718;466,718;465,718;463,718;462,718;461,718;459,718;458,718;457,718;456,718;455,719;453,719;451,720;449,720;448,721;445,722;443,723;441,724;438,725;435,726;433,727;432,727;430,728;429,728;428,728;427,728;428,727;429,726;
Specular reflection; POLYGON; 191, 91, 22; 505,716;504,718;504,720;504,721;504,722;504,724;505,726;505,728;506,728;507,729;508,730;509,730;509,731;511,732;512,733;513,733;515,734;517,735;517,736;518,736;520,737;521,737;521,738;523,739;523,740;524,741;525,741;525,742;526,744;527,745;527,746;528,747;529,748;530,749;531,750;531,751;532,752;532,753;533,754;533,755;533,756;533,757;533,758;534,758;534,759;534,760;535,762;535,764;535,765;536,766;536,767;536,768;537,768;537,769;537,770;537,771;537,772;537,774;537,775;537,776;536,778;535,780;535,783;534,786;534,787;534,789;534,791;534,792;535,793;535,794;535,795;535,796;535,797;535,798;536,800;536,801;536,802;536,803;537,804;537,805;537,806;537,807;537,809;537,810;537,811;538,812;538,813;538,814;539,814;539,815;539,816;539,817;539,818;539,819;540,820;540,821;540,822;540,823;540,824;540,825;540,826;540,827;540,828;541,829;541,830;541,831;541,832;542,832;542,833;543,833;543,834;544,834;545,834;547,835;548,835;549,836;550,836;552,836;553,836;554,836;557,838;558,838;559,838;560,838;561,838;562,838;563,838;564,838;565,838;566,838;567,838;569,838;570,838;571,838;573,838;574,837;575,837;576,836;577,836;578,836;579,835;580,834;581,834;582,833;583,833;583,832;584,832;585,831;586,831;587,830;588,830;589,830;589,829;590,829;591,829;591,828;593,828;594,828;595,828;596,828;597,828;598,828;599,828;600,828;601,828;602,828;603,828;604,828;605,828;605,827;606,827;607,827;608,827;609,826;610,826;611,826;612,826;612,825;613,825;614,824;615,824;616,824;617,824;617,823;618,823;618,822;619,822;620,822;621,822;621,821;622,821;623,821;624,822;625,822;626,822;627,822;627,823;628,823;629,823;630,823;631,823;631,822;632,822;633,822;633,821;633,820;633,819;633,818;634,817;634,816;634,815;634,814;635,814;635,813;635,812;635,811;635,810;636,810;636,809;636,808;636,807;636,806;637,806;637,805;637,804;637,803;637,802;637,801;637,800;637,799;637,798;637,797;637,796;636,796;636,795;635,794;635,793;635,792;634,791;634,790;633,790;633,789;632,788;631,788;631,787;630,787;630,786;629,786;628,786;627,785;626,785;625,784;624,784;623,784;622,784;621,784;619,784;618,783;617,783;616,783;615,783;614,783;613,783;612,783;611,783;610,783;609,783;608,783;607,782;606,782;605,781;604,780;603,780;602,779;601,779;601,778;600,778;599,778;598,778;597,778;595,777;595,776;594,776;593,776;592,776;591,775;590,775;589,774;588,774;587,774;587,773;586,772;585,772;585,771;584,770;583,770;583,769;583,768;581,768;581,766;580,766;579,765;578,764;577,764;576,764;576,763;575,763;574,763;573,763;573,762;572,762;571,762;570,762;569,762;568,761;567,761;567,760;566,760;565,760;565,759;564,759;564,758;563,758;563,757;563,756;563,755;563,754;563,753;563,752;563,751;563,750;563,749;562,748;562,747;562,746;562,745;561,744;561,743;561,742;560,741;560,740;559,740;559,739;559,738;559,737;559,736;558,736;558,735;557,735;557,734;557,733;557,732;557,731;556,731;556,730;555,730;555,729;554,728;553,728;552,727;551,726;550,725;549,724;548,723;547,722;546,721;545,720;545,719;544,718;543,718;543,717;543,716;542,716;541,715;541,714;540,714;540,713;539,712;538,712;537,711;535,710;534,710;532,709;531,709;530,709;529,709;528,709;527,708;526,708;525,708;525,707;524,707;523,707;522,707;521,707;520,707;519,708;518,708;517,708;516,708;515,708;514,708;513,708;512,708;511,708;510,708;509,709;508,709;507,710;506,710;505,711;505,712;503,714;503,715;502,716;501,718;501,719;501,720;
Specular reflection; POLYGON; 191, 91, 22; 390,690;389,690;389,691;389,692;388,692;388,693;388,694;387,694;387,695;387,696;387,697;386,697;385,698;384,698;383,698;382,699;381,699;380,699;379,699;378,699;377,699;376,699;375,699;373,699;372,699;371,699;370,699;368,699;367,699;366,699;365,700;364,700;363,702;362,703;362,704;361,705;361,706;361,707;361,708;362,708;362,709;363,710;363,712;363,713;363,714;363,716;363,717;363,718;363,719;364,720;365,721;366,722;367,722;368,722;369,722;370,722;371,722;373,722;374,722;375,722;377,722;379,722;380,722;381,722;382,722;383,722;384,722;385,722;387,722;388,722;389,722;390,722;391,722;392,722;393,722;394,721;395,720;397,720;398,719;399,719;400,718;401,718;402,718;403,718;404,718;405,718;406,718;407,718;408,717;409,717;410,716;411,716;411,715;412,715;413,714;414,714;415,713;416,712;417,712;417,710;418,710;419,709;419,708;419,706;419,705;419,704;419,703;419,702;419,701;419,700;419,699;419,697;419,696;419,694;419,692;419,691;419,690;419,689;419,688;419,687;418,685;417,684;417,683;417,682;416,681;416,680;415,680;413,679;411,679;410,679;409,679;407,679;406,680;402,681;400,682;399,682;397,684;395,684;392,686;391,687;389,688;388,689;
Specular reflection; POLYGON; 191, 91, 22; 357,662;357,664;356,665;355,667;355,668;355,669;355,670;355,671;356,671;357,671;358,671;359,671;360,671;363,671;366,671;367,671;368,670;369,670;371,670;372,669;373,669;375,668;376,668;377,668;379,668;381,668;382,668;383,669;384,669;387,669;389,668;390,668;391,667;392,667;393,666;394,666;395,666;396,666;397,667;398,667;399,667;400,667;401,667;402,666;403,666;404,666;405,666;405,665;405,664;406,664;407,664;407,663;407,662;408,662;409,662;409,661;410,661;410,660;411,660;411,659;412,659;412,658;413,658;413,657;412,657;412,656;412,655;411,655;411,654;410,653;409,652;408,652;407,651;406,650;405,649;405,648;403,647;400,647;399,647;397,647;395,647;394,647;392,648;390,648;389,648;388,648;385,649;385,650;383,650;381,651;380,652;379,652;376,654;375,654;373,655;370,657;369,657;367,658;366,658;364,660;363,660;363,661;363,662;363,663;
Specular reflection; POLYGON; 191, 91, 22; 426,662;426,663;426,664;426,665;426,666;426,667;427,668;427,669;428,670;429,670;429,671;430,672;431,672;431,674;432,674;433,675;434,676;435,676;435,677;436,678;437,678;438,679;439,680;440,680;441,681;441,682;442,682;443,682;445,682;446,682;447,683;448,683;449,683;450,683;451,683;453,683;454,683;455,682;457,682;458,681;459,680;460,679;461,678;461,677;462,676;462,675;463,674;463,673;463,672;463,670;463,669;463,668;463,667;463,666;463,664;462,661;461,660;460,658;458,656;457,655;455,654;453,652;452,652;451,651;448,651;447,651;445,651;442,652;441,653;439,654;435,654;432,656;431,656;430,656;428,656;427,657;
Specular reflection; POLYGON; 191, 91, 22; 378,651;376,651;375,651;374,651;372,651;371,651;370,651;368,652;366,652;365,652;363,652;362,652;361,653;360,654;359,656;358,658;358,659;357,660;357,662;356,668;356,671;356,674;357,676;359,676;359,677;361,677;363,677;366,677;371,675;372,674;374,672;376,671;379,668;381,667;383,666;384,664;385,663;387,661;389,660;389,658;389,657;389,656;388,656;386,654;384,654;382,652;381,652;379,651;
Specular reflection; POLYGON; 191, 91, 22; 461,676;461,677;461,678;461,679;462,680;463,681;463,682;464,684;465,685;465,686;466,686;467,688;468,689;469,689;469,690;470,690;471,691;473,692;474,692;475,692;477,693;478,694;479,694;480,694;481,694;482,694;483,694;483,695;484,695;485,695;486,695;487,695;488,694;489,694;490,693;491,692;492,691;493,691;493,690;493,689;494,688;494,686;494,685;494,684;493,683;493,682;493,680;492,679;492,678;491,676;490,676;489,674;487,672;485,670;484,670;482,668;479,666;477,666;475,666;470,665;468,665;466,665;463,666;461,667;459,668;458,669;457,671;456,673;457,674;
Specular reflection; POLYGON; 191, 91, 22; 566,662;566,664;565,665;565,668;566,670;567,671;567,672;568,672;569,674;570,674;571,675;571,676;572,676;573,676;574,676;575,676;576,676;577,676;578,676;579,676;580,676;581,676;583,676;585,676;586,676;587,676;589,674;590,674;591,674;593,672;594,671;595,670;595,669;595,668;595,665;595,662;594,660;593,659;591,656;591,654;589,653;587,652;586,651;585,650;582,650;581,650;579,650;575,650;574,650;573,651;571,652;570,652;569,653;569,654;569,655;571,656;572,657;
Specular reflection; POLYGON; 191, 91, 22; 594,690;593,692;592,693;591,694;591,695;590,696;589,698;589,701;589,702;589,704;589,705;589,706;590,708;590,709;591,710;592,711;593,712;595,714;597,715;597,716;598,716;599,716;599,717;600,718;601,718;602,719;603,719;605,720;606,720;608,720;609,720;611,720;613,719;614,718;615,718;616,717;617,716;618,715;619,714;619,713;619,712;620,711;621,710;621,709;621,708;622,706;623,705;623,702;623,701;623,699;623,698;622,694;621,692;621,691;619,688;618,688;617,687;615,686;613,686;611,686;610,686;609,688;606,689;605,690;603,691;601,693;599,694;
Specular reflection; POLYGON; 191, 91, 22; 641,684;639,686;638,688;637,689;637,690;635,692;635,693;634,694;634,695;633,696;633,697;633,698;633,699;633,700;633,702;633,703;633,704;634,705;634,706;635,707;635,708;634,708;633,708;633,709;632,710;631,711;630,712;629,714;628,714;627,717;625,718;625,720;625,722;625,724;625,726;625,728;626,728;627,730;629,732;630,733;631,734;632,735;633,736;634,736;636,738;637,740;638,741;639,742;640,743;641,744;642,745;643,746;643,747;643,748;644,750;645,750;645,752;646,754;647,755;647,756;647,757;647,758;648,758;649,758;650,758;651,758;652,758;653,759;654,760;655,760;656,761;657,761;657,762;658,762;659,763;660,764;661,764;662,764;663,764;664,765;665,765;666,765;667,765;668,766;669,766;669,767;671,768;671,769;671,770;672,770;673,770;673,771;674,772;675,772;677,774;678,774;679,776;680,776;681,777;683,778;684,778;685,778;686,778;687,778;688,778;689,778;690,778;691,778;693,778;694,779;695,779;697,779;698,779;699,780;700,780;701,780;702,780;703,780;704,779;705,778;706,777;706,776;707,776;707,775;708,774;709,773;709,772;709,771;710,770;710,769;710,767;710,766;710,764;710,763;709,762;709,760;708,759;708,758;707,757;707,756;707,755;707,754;707,753;707,752;706,752;706,751;706,750;705,749;705,748;705,747;705,746;705,744;704,743;704,742;703,741;703,739;702,737;701,736;701,735;700,734;699,732;698,731;697,730;696,729;695,728;695,727;694,727;694,726;693,725;693,724;693,723;693,722;692,721;692,720;691,720;691,719;691,718;691,717;690,716;689,715;689,714;689,713;688,712;687,711;687,710;687,709;686,708;686,707;685,706;685,705;685,704;685,703;685,702;684,701;684,700;684,699;684,698;683,698;683,696;683,695;683,694;683,693;683,692;683,691;683,688;682,686;681,684;681,683;681,682;681,681;681,680;681,679;681,678;680,677;680,676;679,675;679,674;679,673;678,672;677,671;677,670;677,669;676,668;675,668;675,667;675,666;674,666;673,666;673,664;672,664;671,663;671,662;671,661;670,661;670,660;669,660;668,659;667,659;667,658;666,658;665,658;665,657;664,657;663,657;663,656;662,656;661,656;661,657;660,657;659,658;658,659;657,660;656,661;655,662;654,662;653,663;653,664;651,665;649,667;648,668;647,670;645,674;645,676;645,678;644,681;644,682;644,684;644,685;645,685;645,684;645,683;
Specular reflection; POLYGON; 191, 91, 22; 705,634;705,636;705,638;705,640;705,641;705,642;705,645;705,646;705,647;705,648;705,649;705,650;705,651;705,652;705,653;705,654;705,655;705,656;705,657;705,658;705,659;705,660;705,661;705,662;705,663;705,665;705,667;705,668;706,669;707,670;707,672;707,673;707,674;708,676;708,677;708,678;709,679;709,680;709,681;709,682;709,683;710,684;710,686;711,686;711,687;711,688;712,688;713,689;713,690;714,691;715,692;715,693;715,694;716,695;717,696;717,697;717,698;718,698;718,699;719,700;719,701;719,702;720,702;721,702;721,703;722,703;722,704;723,704;723,705;723,706;724,706;724,707;724,708;725,708;725,710;725,711;726,712;727,712;727,713;727,714;728,714;728,715;729,716;729,717;730,718;731,718;731,719;732,719;733,720;734,721;735,721;735,722;737,723;739,724;739,725;740,726;741,726;743,727;743,728;744,728;745,729;746,730;747,730;748,731;749,731;750,732;751,732;752,732;753,732;754,732;755,732;756,733;757,734;758,734;759,734;760,735;761,736;762,736;763,736;764,736;765,736;766,736;766,735;767,735;767,734;768,734;769,733;770,732;771,732;772,731;773,730;773,729;774,728;775,727;775,726;775,725;775,724;775,723;776,722;776,721;776,720;776,719;776,717;776,716;775,714;775,713;775,712;774,712;774,713;775,713;776,713;776,714;777,714;777,715;778,716;779,716;779,718;780,718;781,719;781,720;781,721;782,722;783,724;783,725;783,726;784,726;784,727;784,728;785,728;785,729;786,730;787,730;787,731;788,731;789,731;790,731;790,730;791,730;792,730;793,730;794,730;795,730;795,729;796,729;797,728;799,728;799,727;799,726;800,726;801,726;801,725;801,724;802,723;802,722;803,722;803,721;803,720;803,719;803,718;803,717;803,716;803,715;803,714;802,714;802,712;802,711;802,710;802,709;802,708;802,707;803,706;803,705;803,704;803,703;803,702;802,702;802,703;802,704;802,705;803,706;803,707;803,708;804,709;804,710;805,711;805,712;806,712;807,713;808,715;809,715;809,716;810,716;811,716;812,716;813,716;814,716;815,716;817,715;819,714;820,713;821,712;822,711;823,710;825,709;825,708;826,708;826,707;826,706;826,705;827,704;827,703;827,702;827,700;827,699;827,698;827,697;827,696;827,695;827,694;827,693;827,692;827,691;826,691;826,690;825,690;824,690;823,690;822,690;821,690;821,689;821,688;822,688;822,687;822,686;823,686;823,685;823,684;824,684;824,683;825,682;825,681;825,680;826,680;826,679;827,678;827,677;829,676;829,675;829,674;830,674;831,673;832,672;832,670;833,669;833,668;833,666;834,665;834,664;835,664;835,663;835,662;835,661;835,660;835,659;835,658;835,657;835,656;835,655;835,654;835,653;835,652;835,651;835,650;836,649;837,648;838,647;839,646;840,645;840,644;841,643;842,642;843,642;843,641;843,640;844,640;844,639;844,638;845,638;845,637;845,636;845,635;845,634;845,633;845,632;845,631;846,631;846,630;846,629;846,628;846,627;846,626;846,625;846,624;845,623;845,622;845,621;845,620;845,619;845,618;844,617;843,615;843,614;842,613;842,612;841,612;841,610;839,609;839,608;839,607;838,606;837,605;837,604;836,604;836,603;835,603;835,602;834,601;833,600;831,598;831,597;830,596;829,596;828,594;827,594;827,593;827,592;826,592;825,591;825,590;824,590;824,589;823,589;822,588;821,588;820,587;819,587;818,587;817,586;816,586;815,586;814,586;813,586;812,586;811,586;810,586;809,586;809,587;808,587;807,587;806,587;805,587;804,587;804,588;803,588;802,588;801,588;801,589;800,589;799,590;798,590;797,590;797,592;796,592;795,592;795,593;793,594;792,594;791,594;791,595;790,595;789,595;788,595;787,596;786,596;785,596;784,596;783,596;783,597;782,597;781,597;781,598;779,598;778,598;777,599;776,599;775,600;774,600;773,600;772,601;771,601;771,602;769,602;768,603;767,603;767,604;766,604;765,604;764,604;763,604;763,605;762,606;761,606;760,607;759,608;758,608;757,608;756,608;756,609;755,609;754,610;753,610;752,610;751,611;750,611;749,611;749,612;748,612;747,612;746,612;745,612;744,612;743,612;742,612;741,612;740,612;740,613;739,613;738,613;737,613;736,613;735,613;734,614;733,614;732,614;731,614;730,614;729,614;728,614;727,614;726,614;725,614;725,615;724,615;723,615;722,615;721,616;720,616;719,616;718,616;717,617;716,617;715,618;714,618;713,618;712,618;712,617;712,616;711,616;711,615;710,614;709,614;709,613;708,613;707,612;706,612;705,612;704,613;703,614;703,615;702,616;702,617;701,618;701,620;701,621;701,622;701,623;701,625;701,627;701,630;701,632;702,634;703,636;703,637;704,638;705,639;706,639;707,639;709,637;712,635;
Specular reflection; POLYGON; 191, 91, 22; 812,508;811,508;810,508;809,509;809,510;808,510;807,510;807,511;805,512;805,513;804,513;804,514;804,515;804,516;803,516;803,517;803,518;803,519;803,520;804,521;804,522;804,523;805,524;805,526;805,527;805,528;805,529;806,530;806,531;807,532;807,533;808,533;809,533;809,534;810,534;811,534;812,534;813,534;814,534;815,534;817,534;819,534;820,533;821,533;823,532;824,532;825,532;826,531;827,530;829,529;829,528;831,527;831,526;832,525;833,524;833,523;834,522;835,521;835,520;835,519;836,518;837,517;837,516;837,515;837,514;837,513;837,512;836,511;836,510;836,509;835,508;835,507;835,506;835,505;834,504;834,503;833,502;832,501;831,500;830,499;829,498;828,498;827,498;826,498;825,498;823,498;821,498;820,498;819,500;818,500;817,502;815,503;814,504;813,506;
Specular reflection; POLYGON; 191, 91, 22; 641,598;641,599;640,600;639,600;639,601;639,602;638,604;638,606;637,608;637,610;638,612;639,614;639,615;639,616;640,618;640,620;641,620;641,622;641,624;642,625;643,626;643,627;644,628;645,628;647,629;649,629;651,629;653,628;655,628;657,627;658,626;661,624;662,623;663,622;665,619;666,618;667,616;667,614;668,612;668,610;668,608;668,606;668,605;667,604;667,602;665,600;664,598;663,597;661,594;659,592;657,591;654,588;652,587;651,586;647,585;645,585;644,586;642,588;641,589;639,592;638,594;638,596;638,597;638,598;639,601;
Specular reflection; POLYGON; 191, 91, 22; 658,623;659,624;659,625;660,626;661,627;661,628;663,630;664,631;665,631;665,632;666,632;667,632;668,632;669,632;670,632;671,632;672,632;673,632;674,632;675,632;676,632;677,632;678,632;679,632;680,632;681,632;682,632;683,632;684,632;685,632;686,632;687,632;688,632;689,632;690,632;691,632;692,631;693,631;694,631;695,631;696,631;697,631;698,631;699,630;700,630;701,630;703,630;704,630;705,630;706,630;706,629;707,629;708,629;709,629;710,629;711,629;712,629;713,628;714,628;715,628;715,627;715,626;716,626;716,625;717,625;717,624;717,623;717,622;718,622;718,621;719,620;719,619;720,618;720,617;720,616;720,615;719,614;719,613;718,612;717,612;716,611;715,610;713,610;712,609;711,609;709,608;708,608;707,608;706,608;705,608;705,607;704,607;703,607;701,607;700,607;699,607;698,607;697,607;696,607;695,607;693,607;692,607;691,607;690,607;689,607;687,607;686,607;685,607;684,607;683,607;682,607;680,607;678,608;677,608;675,608;673,609;672,610;671,610;668,611;666,612;665,612;664,612;662,612;660,612;659,612;659,613;658,613;659,613;659,614;
Specular reflection; POLYGON; 191, 91, 22; 682,596;682,597;683,598;684,601;685,602;685,603;686,604;687,604;687,605;687,606;688,606;689,607;690,607;691,607;692,607;693,607;693,606;694,606;695,606;696,606;697,606;698,606;699,605;699,604;701,603;701,602;702,601;703,600;703,599;704,598;705,598;705,597;705,596;705,595;705,593;705,591;705,589;704,588;703,586;702,585;701,584;700,582;699,582;699,581;698,581;696,580;694,580;693,580;691,580;689,580;687,580;687,581;686,582;685,582;
Specular reflection; POLYGON; 191, 91, 22; 685,564;685,566;685,567;685,568;685,570;685,571;685,573;685,574;685,575;686,577;687,579;687,580;688,581;689,582;690,582;691,582;692,582;693,582;695,582;696,582;697,581;698,581;699,580;701,580;701,579;702,578;703,578;704,577;705,576;706,574;706,573;707,572;707,570;707,568;707,567;707,566;707,564;707,562;707,561;707,560;707,559;706,559;706,558;705,558;704,558;704,557;703,556;702,555;701,555;701,554;699,552;698,552;697,552;695,551;693,551;691,551;690,552;689,552;689,555;
Specular reflection; POLYGON; 191, 91, 22; 702,531;702,534;702,536;702,537;703,538;703,539;704,541;705,542;705,543;706,544;707,545;707,546;709,546;711,547;712,547;713,547;714,547;716,547;717,547;718,547;719,547;720,547;721,547;722,547;723,547;724,547;724,548;725,548;725,549;725,551;725,555;726,556;727,558;727,559;729,562;731,562;732,563;733,564;735,564;736,564;737,564;738,565;739,565;741,566;742,566;743,566;744,566;745,566;746,566;747,566;748,566;749,566;750,566;751,566;752,566;753,566;753,565;754,565;755,564;756,564;757,563;758,562;759,562;760,562;760,561;761,561;761,560;762,560;762,559;762,558;763,557;763,556;763,555;763,554;763,553;763,552;763,551;763,550;763,549;763,548;763,547;762,546;761,545;761,544;761,543;760,543;759,543;758,543;757,543;756,542;755,542;754,542;753,542;752,542;752,541;753,541;754,541;754,540;755,540;756,539;757,538;758,538;759,538;759,537;760,537;761,537;761,536;762,536;763,536;763,535;763,534;764,534;764,533;765,532;765,531;765,530;766,530;766,529;766,528;766,527;767,527;767,526;767,525;767,524;767,523;766,523;766,522;765,521;765,520;764,520;764,519;763,519;763,518;761,517;761,516;759,514;758,513;757,512;756,512;755,512;754,512;753,512;752,512;751,512;749,512;748,512;747,512;746,512;745,512;744,512;743,512;742,512;741,512;740,512;739,513;739,514;738,514;737,514;736,515;735,515;735,516;734,516;733,517;732,518;731,518;731,519;730,519;729,519;729,518;728,518;727,517;727,516;726,516;725,514;724,514;724,513;723,513;722,512;721,512;721,511;719,510;717,509;716,509;715,508;714,508;713,508;712,508;711,508;710,508;709,509;709,510;707,510;707,512;705,512;705,513;704,514;703,515;703,516;703,517;702,519;701,520;701,522;701,523;701,524;702,525;703,526;704,527;705,528;708,529;
Specular reflection; POLYGON; 191, 91, 22; 790,484;789,486;788,488;788,489;787,490;787,493;787,494;787,495;786,498;786,499;786,500;786,501;787,502;789,510;790,512;795,518;796,519;797,520;798,521;799,521;799,522;800,522;800,523;801,523;801,524;802,524;803,524;804,524;805,524;806,524;807,524;808,524;809,524;811,522;812,520;813,518;815,515;815,514;816,513;817,511;817,509;817,508;817,507;817,505;817,502;817,500;817,499;816,498;815,495;813,492;813,491;813,490;811,488;811,486;810,486;809,484;809,483;807,482;806,481;805,480;805,479;804,478;803,478;802,476;801,476;801,475;800,475;799,475;798,475;797,476;795,477;795,478;793,479;793,480;791,482;789,483;789,484;788,484;788,485;
Specular reflection; POLYGON; 191, 91, 22; 831,505;831,506;830,507;829,508;829,510;828,511;828,512;828,514;827,515;827,516;827,518;827,519;828,520;829,520;829,521;830,522;831,522;832,522;833,523;834,523;835,524;836,524;837,524;838,524;839,524;840,523;841,522;843,522;843,521;844,520;845,520;847,518;848,517;849,516;850,516;851,514;853,513;853,512;854,512;855,510;855,509;856,508;856,506;857,506;857,504;857,503;857,502;857,501;857,500;856,498;855,496;855,495;855,494;855,492;855,490;855,489;855,488;854,487;854,486;853,485;853,484;853,483;853,482;852,482;851,480;851,479;850,478;849,478;848,476;847,476;846,476;845,476;843,476;841,476;839,476;838,476;837,476;835,476;833,476;832,476;831,476;830,476;829,477;829,478;829,479;829,480;830,481;830,482;830,483;830,486;830,488;830,489;830,491;830,494;830,498;830,504;831,505;831,506;833,508;835,509;836,509;837,509;839,508;
Specular reflection; POLYGON; 191, 91, 22; 833,421;833,422;833,423;833,424;832,425;831,427;831,430;831,432;831,434;831,436;830,436;830,437;830,438;831,439;832,439;833,439;834,439;835,439;836,439;838,439;839,439;841,440;842,440;843,440;844,440;845,440;845,441;845,442;845,443;843,445;842,447;841,448;841,449;840,452;839,452;839,454;839,455;839,456;838,458;838,459;838,460;838,461;838,462;839,462;839,463;840,463;841,464;842,464;843,464;845,464;846,464;847,464;848,464;850,464;852,464;853,464;854,463;855,463;856,462;857,462;859,462;859,461;860,461;861,460;862,459;863,458;864,456;865,456;865,455;867,453;869,452;869,451;870,450;871,449;872,448;873,447;873,446;873,445;873,444;874,444;874,443;874,442;875,442;875,441;875,440;875,439;875,438;876,437;876,436;877,435;877,434;877,433;877,432;877,431;878,430;878,429;878,428;879,428;879,427;879,426;879,425;879,424;880,424;880,423;880,422;881,421;881,420;881,419;881,418;882,417;882,416;882,415;883,415;883,414;883,413;883,412;882,411;881,411;881,410;880,410;879,410;879,409;877,408;875,407;873,406;870,404;869,404;867,403;865,403;864,403;863,403;859,404;857,405;856,406;854,406;853,407;851,408;849,408;847,410;845,410;844,411;843,412;841,412;840,413;839,414;836,416;833,420;833,422;831,423;831,426;831,427;
Specular reflection; POLYGON; 191, 91, 22; 894,427;893,428;892,428;891,430;890,431;889,432;889,434;887,436;887,438;887,439;887,440;887,441;887,444;888,445;889,446;890,446;891,448;892,449;893,450;894,451;895,452;895,453;897,454;898,455;899,455;900,456;901,456;902,456;904,456;906,455;908,455;909,455;910,454;913,454;915,454;916,454;917,454;919,453;921,452;922,452;924,451;926,450;927,450;929,449;930,449;931,448;932,448;933,447;934,447;935,446;937,445;938,445;939,444;940,444;941,444;941,443;942,443;943,442;945,441;946,440;947,440;948,439;949,439;950,438;951,438;952,437;953,436;953,435;954,435;955,434;956,433;957,433;957,432;958,432;958,431;959,430;959,429;959,428;960,428;960,427;960,425;960,424;960,423;960,422;959,421;959,420;959,419;959,418;959,417;958,416;958,415;958,414;957,414;957,413;957,412;956,412;955,412;954,411;954,410;953,410;951,410;950,410;947,410;945,410;943,410;942,410;941,410;940,410;938,410;937,410;935,410;934,410;931,410;929,410;927,410;925,410;923,411;920,412;919,412;917,412;915,412;913,412;911,412;910,412;908,412;907,412;905,412;903,413;901,414;901,416;899,417;898,418;895,422;895,424;895,425;894,428;894,431;894,432;894,433;895,434;
Specular reflection; POLYGON; 191, 91, 22; 908,453;906,454;905,455;904,456;903,457;901,458;899,459;898,461;897,462;896,463;895,463;895,464;894,464;893,464;892,465;891,465;891,466;889,466;888,467;887,469;886,470;885,471;885,472;884,474;883,475;883,476;883,477;883,478;882,479;881,480;881,481;881,482;881,483;881,484;881,485;881,486;881,487;881,488;881,489;881,490;881,491;882,492;883,492;884,492;885,493;887,493;888,493;889,493;891,493;893,494;895,494;898,493;899,492;901,492;904,490;905,489;907,488;909,486;910,485;911,484;913,483;915,482;916,481;917,481;917,480;919,479;921,478;921,477;923,476;924,474;926,474;927,473;927,472;929,472;930,471;931,470;933,469;935,468;936,467;937,466;938,464;939,461;939,460;939,459;939,457;938,456;937,456;937,454;936,454;933,450;931,448;928,444;925,442;923,441;919,440;918,440;916,440;908,446;905,449;904,451;903,454;902,456;901,458;901,460;
Specular reflection; POLYGON; 191, 91, 22; 958,446;958,447;958,448;958,451;958,453;958,454;958,456;959,458;959,459;959,460;960,462;960,463;961,464;961,466;962,468;964,471;966,473;967,474;969,474;970,474;971,474;973,474;974,474;975,473;976,472;977,472;979,472;980,471;981,471;981,470;982,470;984,469;985,468;986,468;987,466;989,465;990,464;991,463;992,462;993,462;994,462;995,461;996,461;997,460;999,459;1001,458;1002,458;1002,457;1003,456;1004,456;1005,455;1005,454;1006,454;1007,454;1008,454;1009,453;1010,453;1011,453;1011,452;1011,451;1011,450;1011,449;1011,448;1011,447;1011,446;1011,445;1010,443;1009,442;1009,441;1009,440;1007,438;1007,437;1006,436;1005,433;1004,432;1003,430;1001,429;1000,428;999,428;995,427;994,427;993,427;991,427;990,427;989,428;988,428;987,428;986,428;985,429;983,429;981,430;980,430;977,430;975,430;974,431;970,432;967,433;965,434;963,435;961,436;959,438;956,440;956,441;956,442;955,444;955,446;956,448;
Specular reflection; POLYGON; 191, 91, 22; 912,522;912,524;912,525;913,526;913,528;913,530;914,531;915,532;915,533;916,535;917,537;918,537;919,538;920,538;921,538;923,538;924,538;925,537;925,536;927,535;929,534;930,533;931,532;931,531;932,530;934,528;935,526;935,524;935,523;936,522;936,521;936,518;935,518;935,516;933,514;931,513;930,512;929,512;927,511;926,511;925,511;924,511;923,511;921,512;919,513;919,514;917,514;916,516;915,516;914,517;913,518;
Specular reflection; POLYGON; 191, 91, 22; 858,584;857,585;857,586;856,587;855,588;855,590;855,591;855,592;855,594;855,596;857,598;858,598;859,599;859,600;861,600;862,601;864,602;865,602;866,602;868,602;870,601;871,600;873,599;873,598;874,597;875,596;876,593;876,592;877,590;877,588;877,586;877,584;876,582;875,580;874,580;873,579;872,579;871,579;869,579;868,579;867,580;865,580;864,580;863,580;861,580;860,580;859,580;
Specular reflection; POLYGON; 191, 91, 22; 759,548;757,548;756,548;755,548;755,550;754,550;754,552;753,554;753,556;753,558;753,560;754,561;754,562;755,564;755,565;756,566;757,566;757,568;759,570;760,571;761,571;761,572;762,572;763,572;765,572;766,572;767,572;768,572;769,571;770,571;771,570;773,570;775,569;776,568;778,568;779,568;780,568;781,568;782,567;783,566;784,566;785,566;785,565;787,565;787,564;789,564;789,563;790,562;791,562;791,561;791,559;791,558;791,557;791,556;791,555;791,554;791,553;791,552;790,551;790,550;789,548;788,547;787,546;787,544;785,543;785,542;783,540;781,540;779,539;778,539;777,539;775,539;771,539;769,539;767,540;764,541;762,542;761,543;
Specular reflection; POLYGON; 191, 91, 22; 755,445;756,447;757,448;757,449;757,450;757,451;758,452;759,453;760,454;761,454;763,455;763,456;765,456;765,457;766,458;767,458;768,459;770,460;771,460;772,460;773,460;773,461;774,461;775,461;775,462;776,462;777,462;778,462;779,462;780,462;781,462;782,462;783,462;784,461;785,460;785,459;786,459;787,458;788,457;788,456;789,456;789,455;789,454;789,453;789,452;789,451;789,450;789,449;789,448;789,447;789,446;789,445;788,444;787,443;787,442;787,441;786,440;785,439;785,438;784,438;783,436;781,436;780,436;779,435;777,435;776,434;775,434;773,434;773,433;771,432;770,431;769,430;768,429;767,428;766,427;765,426;764,426;763,426;762,426;761,426;760,426;758,428;755,431;754,432;753,434;751,436;749,436;749,438;747,439;747,440;746,440;746,441;746,442;746,443;746,445;747,446;747,447;748,448;
Specular reflection; POLYGON; 191, 91, 22; 557,490;557,492;557,494;558,494;559,495;559,496;560,496;561,496;562,496;563,496;564,496;565,495;566,494;567,494;568,494;569,494;570,494;571,494;571,493;572,492;573,492;574,492;575,491;578,491;579,490;580,490;581,490;582,490;582,489;583,489;583,488;584,488;585,488;586,488;587,488;588,488;589,488;590,488;591,488;591,487;592,487;593,487;594,486;595,486;596,486;597,486;598,486;599,487;600,488;601,488;602,488;603,489;604,489;605,490;606,490;607,490;608,490;609,490;610,490;611,490;612,490;613,490;614,490;615,490;616,490;617,491;618,492;619,492;620,493;621,493;621,494;622,494;623,495;623,496;624,496;625,496;626,496;627,496;628,496;629,496;630,496;631,496;632,496;633,496;634,496;635,496;636,496;637,496;638,496;639,496;640,496;641,496;642,496;643,496;644,496;644,495;645,495;645,494;646,494;647,493;647,492;647,491;647,490;648,489;648,488;648,487;648,486;648,485;648,484;648,483;648,482;648,481;649,481;649,480;650,480;651,480;651,479;652,479;653,478;654,478;655,478;655,477;655,476;656,476;657,475;657,474;658,474;659,474;659,473;660,473;661,473;661,472;662,472;662,471;663,470;663,469;663,468;664,468;664,467;664,466;664,465;664,464;664,463;664,462;663,462;663,461;663,460;662,460;661,460;661,459;660,459;659,458;658,458;657,458;657,457;656,457;655,457;655,456;654,456;653,456;652,456;651,456;650,456;649,456;648,456;647,457;646,458;645,458;644,458;643,458;642,458;641,459;640,459;639,459;638,459;638,460;637,460;636,460;635,460;635,459;635,458;634,458;634,457;633,456;632,455;632,454;631,454;631,453;630,452;629,452;628,451;627,450;626,449;625,449;625,448;624,447;623,447;623,446;622,446;622,445;621,445;620,445;620,444;619,444;619,443;618,442;617,442;617,441;616,441;616,440;615,440;615,439;614,439;613,438;612,437;611,436;610,435;609,435;608,434;607,434;606,434;606,433;605,433;604,433;603,434;602,434;601,435;600,436;599,436;598,436;597,437;597,438;596,438;595,440;595,441;595,442;595,443;596,443;596,444;597,445;599,446;599,447;600,448;601,448;602,450;603,450;604,450;604,451;605,451;607,452;608,452;609,452;609,453;610,453;610,454;611,454;611,455;611,456;611,458;611,459;611,460;611,461;612,461;612,462;612,463;611,463;611,464;610,464;609,464;608,464;607,464;606,464;605,464;604,464;603,463;602,462;601,462;599,461;598,461;597,460;595,460;594,460;593,460;592,460;590,460;589,460;588,460;587,460;586,460;585,460;583,460;583,461;581,461;580,462;579,462;577,462;577,463;575,463;573,464;573,465;571,466;569,467;567,468;565,469;564,470;563,470;562,470;561,470;560,470;559,470;558,469;557,469;556,469;555,470;554,470;553,472;552,473;551,474;551,476;551,477;551,478;551,480;551,481;552,483;552,484;553,484;553,485;553,487;553,488;554,488;555,489;556,489;557,489;559,488;
Specular reflection; POLYGON; 191, 91, 22; 497,457;496,458;495,459;494,460;493,462;491,464;490,466;489,468;489,470;488,470;488,472;489,472;490,472;491,473;492,473;493,474;494,474;495,476;496,476;497,476;498,476;499,477;501,477;503,477;504,477;505,476;506,476;507,475;507,474;508,474;509,473;510,472;511,472;511,471;513,470;514,470;515,470;516,470;517,470;518,470;519,470;520,470;521,470;522,470;523,469;524,469;525,469;525,468;526,468;527,468;528,467;529,467;529,466;530,466;531,464;532,464;533,463;534,463;535,462;536,462;537,462;538,462;539,462;540,461;540,460;541,460;541,459;542,459;543,458;543,457;543,456;544,456;545,455;545,454;546,454;546,453;547,453;547,452;547,451;548,451;548,450;549,450;549,449;550,449;550,448;551,448;551,447;551,446;551,445;551,444;551,443;550,442;549,441;549,440;548,440;547,440;547,439;545,438;544,438;543,438;543,437;541,437;539,437;538,437;537,437;536,437;535,437;533,437;531,437;530,437;529,437;527,437;525,437;523,438;521,438;519,439;517,440;516,440;513,442;511,442;510,442;507,444;505,446;503,447;501,450;499,452;499,454;498,456;499,456;500,456;503,455;
Specular reflection; POLYGON; 191, 91, 22; 559,428;558,430;558,431;557,432;557,434;557,435;557,436;557,437;557,438;557,440;558,441;559,442;560,442;561,442;562,442;563,442;565,442;567,441;568,440;569,440;570,440;571,439;573,438;574,438;575,437;577,436;579,436;580,435;581,435;581,434;583,434;583,433;585,432;586,431;587,430;588,428;589,428;590,427;591,427;591,426;592,426;592,425;593,424;593,423;593,422;593,421;594,420;595,419;595,418;596,417;596,416;597,416;597,415;597,414;598,414;598,413;599,412;599,411;599,410;599,409;600,409;600,408;600,407;600,406;600,405;600,404;600,403;599,402;598,402;597,402;596,401;595,401;594,401;593,400;592,400;591,400;590,400;589,400;588,400;587,400;586,400;585,400;584,400;583,400;582,400;581,401;580,402;579,402;573,408;572,410;571,412;570,414;568,417;567,419;567,421;566,424;566,425;566,426;566,427;567,426;
Specular reflection; POLYGON; 191, 91, 22; 658,422;658,424;658,426;659,430;659,431;660,432;661,434;663,434;664,435;666,435;668,435;669,435;670,434;672,434;674,433;675,432;676,432;677,432;679,431;679,430;681,428;681,425;682,424;682,422;683,419;683,418;683,416;683,415;683,414;683,412;682,411;682,410;681,410;680,409;679,409;678,409;677,409;675,410;673,410;672,410;669,410;668,410;667,410;666,410;665,410;663,410;662,410;661,410;
Specular reflection; POLYGON; 191, 91, 22; 634,434;633,436;632,438;631,443;630,446;630,447;630,448;631,448;632,448;633,448;635,447;637,446;640,446;643,444;646,443;648,442;649,441;652,439;654,436;655,433;656,432;656,428;655,426;654,425;652,424;651,424;649,424;647,424;646,424;644,424;642,424;
Specular reflection; POLYGON; 191, 91, 22; 305,815;306,816;307,817;308,818;309,819;311,820;311,821;313,822;314,822;315,823;316,823;317,824;318,824;319,824;321,824;322,824;323,824;323,825;324,825;325,825;325,826;326,826;327,826;327,825;329,824;329,823;329,822;330,821;331,820;331,818;331,817;331,816;331,814;331,813;331,812;331,811;331,810;331,809;330,808;329,807;329,806;327,805;327,804;325,804;323,803;322,802;321,802;319,800;317,800;315,799;313,798;311,798;310,797;308,797;307,797;305,798;304,798;302,801;301,805;301,809;301,810;301,812;301,814;
Specular reflection; POLYGON; 191, 91, 22; 362,879;362,881;362,882;363,882;363,884;363,885;364,886;364,887;364,888;364,889;364,890;364,891;364,892;365,892;365,893;366,893;366,894;367,894;367,895;368,896;369,896;369,897;370,898;371,898;371,899;372,900;373,902;373,903;375,904;376,905;376,906;377,906;378,907;379,908;380,908;381,908;381,909;381,910;383,910;383,911;384,912;385,913;385,914;386,914;387,914;388,915;389,915;390,916;391,916;392,916;393,916;394,916;395,916;396,916;397,916;398,916;399,916;400,916;401,916;402,916;403,915;403,914;405,914;406,914;406,913;407,912;408,912;409,910;410,909;410,908;411,908;411,906;412,906;412,905;413,904;413,903;414,902;415,902;415,901;415,900;415,899;415,898;415,897;415,896;415,895;415,894;415,893;415,892;415,891;415,890;415,889;414,888;413,888;413,887;413,886;412,886;411,885;411,884;410,882;409,882;409,881;408,881;407,880;407,879;406,878;405,878;405,877;404,876;403,876;401,875;401,874;398,872;397,872;395,871;393,869;392,868;391,868;389,867;388,866;387,866;386,866;385,866;385,865;384,865;383,865;382,864;381,864;380,864;379,864;377,862;376,862;375,862;373,861;372,861;371,861;370,860;369,860;367,861;366,862;365,863;364,864;363,865;362,866;362,867;361,868;361,870;361,872;360,873;360,874;360,876;361,879;361,881;361,882;362,883;363,884;364,885;365,885;366,885;367,884;
Specular reflection; POLYGON; 191, 91, 22; 447,890;448,892;449,893;449,894;450,895;451,896;451,897;452,898;453,898;453,899;455,899;456,899;458,899;459,899;460,899;461,898;463,897;463,896;465,894;465,891;465,890;465,888;465,886;465,885;465,882;464,880;463,878;463,875;461,872;460,871;459,870;457,868;455,866;453,865;453,864;451,864;450,863;449,862;447,862;445,860;
Specular reflection; POLYGON; 191, 91, 22; 401,816;401,818;401,819;402,820;403,822;405,826;406,828;407,829;407,830;409,830;410,831;412,832;413,832;414,832;416,832;417,832;419,832;421,832;422,832;423,832;425,832;426,831;427,831;429,830;430,830;432,829;433,828;434,827;435,827;435,826;436,825;437,822;438,822;439,821;439,820;439,818;439,817;439,816;439,814;439,813;438,811;437,810;437,809;437,808;437,807;437,806;436,805;436,804;435,803;433,801;431,800;430,799;429,798;427,797;426,796;425,796;424,796;423,796;421,796;417,795;415,795;412,795;409,795;407,796;406,796;403,797;401,798;399,798;398,799;396,800;395,800;394,800;393,802;391,805;390,806;389,808;389,811;389,814;389,815;390,815;
Specular reflection; POLYGON; 191, 91, 22; 55,633;55,634;55,635;55,636;55,637;55,638;55,639;55,640;55,641;56,642;57,644;57,646;58,647;58,648;58,649;59,651;59,652;60,654;60,655;61,656;61,657;62,659;63,661;63,662;64,663;65,665;65,666;65,667;66,667;66,668;67,668;67,669;67,670;68,671;69,672;71,674;72,675;73,676;74,677;74,678;75,678;76,678;76,679;77,679;78,680;79,680;80,680;80,681;81,681;82,681;83,681;83,680;84,679;84,678;85,677;85,676;85,674;86,673;86,672;86,671;86,670;86,669;86,668;86,666;86,664;86,662;86,661;86,660;85,658;85,657;85,656;85,655;85,654;85,653;85,652;85,651;85,650;85,649;85,648;84,646;84,645;83,644;83,642;83,640;82,640;81,637;81,636;80,634;79,632;79,631;79,630;78,628;78,627;77,626;76,624;75,624;75,623;75,622;75,621;75,620;74,620;74,619;74,618;73,618;73,617;72,616;71,615;69,614;68,613;67,612;65,612;64,612;63,612;62,613;61,614;60,614;59,614;59,615;58,616;57,617;57,618;57,620;57,623;56,624;56,627;55,628;55,630;55,632;55,635;55,636;56,637;57,637;
Specular reflection; POLYGON; 191, 91, 22; 6,594;7,596;7,598;8,598;9,600;9,602;10,602;11,604;12,606;13,607;15,608;15,610;17,612;18,613;19,614;21,618;22,618;23,619;23,620;25,621;27,622;28,622;29,623;30,624;31,624;33,625;34,625;35,626;36,626;36,625;37,624;38,623;39,622;39,621;41,619;41,618;42,617;42,616;43,615;43,614;43,613;43,612;43,610;43,609;43,608;43,606;43,605;43,603;43,601;42,600;42,599;41,598;41,597;41,596;40,596;39,594;39,593;38,592;37,590;36,588;35,587;33,585;29,582;27,580;25,579;24,578;23,576;21,576;21,574;19,574;18,574;17,574;16,574;15,574;14,574;13,574;11,575;9,576;7,576;5,576;4,576;3,577;2,577;1,578;0,579;-1,580;-1,581;-2,583;-2,585;-2,586;-1,587;-1,588;0,589;3,590;3,591;5,592;6,593;
Specular reflection; POLYGON; 191, 91, 22; 27,682;28,686;28,687;29,688;31,691;32,692;33,692;35,693;37,693;38,693;39,693;40,693;41,692;42,692;43,692;43,691;44,691;45,690;45,689;45,688;45,687;46,686;46,684;46,683;46,682;45,679;45,677;45,676;45,674;44,673;43,671;43,670;42,668;41,666;41,664;40,663;39,662;39,661;38,661;37,660;34,659;33,659;31,659;29,659;28,659;27,659;27,660;27,661;26,664;26,665;26,666;26,670;
Specular reflection; POLYGON; 191, 91, 22; 33,734;34,736;37,739;38,740;39,742;41,744;42,744;43,744;43,745;44,745;45,745;45,746;47,746;48,746;49,746;50,746;51,746;53,746;54,746;55,746;55,745;55,744;55,742;55,740;55,739;55,738;55,736;55,734;55,733;55,732;53,730;53,728;51,727;51,726;50,725;49,724;47,721;46,720;45,719;44,718;42,717;41,717;39,717;37,717;36,717;35,717;33,718;31,719;31,720;31,722;31,724;31,725;31,727;
Specular reflection; POLYGON; 191, 91, 22; 69,721;69,722;69,724;69,726;69,728;69,729;69,732;70,733;70,734;72,736;73,737;75,737;75,738;77,737;78,736;78,734;79,730;80,727;80,726;80,724;81,722;81,720;81,719;80,717;80,716;79,715;79,714;78,714;77,712;76,712;75,712;75,711;74,711;73,711;
Specular reflection; POLYGON; 191, 91, 22; 97,745;97,746;97,748;97,749;97,751;99,754;101,758;102,758;103,759;105,760;107,760;108,760;109,760;110,758;111,755;111,750;111,748;110,744;108,739;107,736;107,734;105,730;105,728;104,727;103,725;103,724;102,720;
Specular reflection; POLYGON; 191, 91, 22; 101,612;101,615;102,616;102,618;103,619;103,620;105,622;105,623;106,623;107,623;108,622;109,620;109,618;110,616;110,615;111,614;111,612;111,611;111,610;111,607;110,605;109,602;108,599;107,597;106,596;103,596;102,596;101,597;100,598;99,602;98,603;97,604;97,606;97,608;
Specular reflection; POLYGON; 191, 91, 22; 453,697;453,700;453,702;453,703;454,704;454,706;455,706;455,707;456,708;457,709;458,709;459,709;461,709;463,709;464,709;465,709;467,709;468,709;469,709;469,708;470,708;471,708;472,708;472,707;473,707;473,706;474,705;475,704;475,702;475,701;476,700;476,699;476,698;476,697;476,696;476,695;475,694;475,693;475,692;474,692;474,691;473,691;473,690;473,689;472,688;472,687;471,686;471,685;470,684;469,684;469,683;468,682;467,682;467,680;466,680;466,679;465,679;465,678;463,676;462,675;462,674;461,674;460,674;460,673;459,673;459,672;458,672;457,671;456,670;455,669;454,668;453,668;452,668;451,668;450,668;449,668;448,668;447,669;447,670;446,670;445,672;445,673;445,674;445,676;444,677;444,678;444,679;444,680;444,681;445,683;445,685;446,686;446,687;447,688;447,689;447,690;448,690;449,691;449,692;450,693;451,694;453,695;455,696;457,696;458,697;459,697;460,697;
Specular reflection; POLYGON; 191, 91, 22; 129,863;130,864;130,866;131,868;132,869;133,870;134,871;135,872;137,873;137,874;138,874;139,874;140,874;141,874;142,874;143,874;143,873;144,873;145,873;145,872;146,872;147,872;147,871;148,870;148,869;149,868;149,866;149,865;149,864;150,863;150,862;150,860;150,858;150,856;149,855;149,854;148,852;147,852;145,850;143,849;143,848;141,848;140,848;139,848;137,848;136,849;135,850;134,851;133,852;132,854;
Specular reflection; POLYGON; 191, 91, 22; 247,776;248,778;249,778;249,780;251,782;251,783;252,783;253,783;254,783;256,783;257,783;258,782;259,782;260,782;261,781;262,780;263,779;263,778;263,777;263,774;263,772;263,771;263,769;263,768;262,767;261,765;260,764;259,763;259,762;257,762;256,762;255,761;252,760;251,760;250,760;248,760;
Specular reflection; POLYGON; 191, 91, 22; 304,480;305,481;305,482;306,484;307,484;308,484;309,484;310,485;311,485;312,485;313,485;314,485;315,485;316,485;316,484;317,484;317,483;318,482;319,482;319,481;319,480;320,479;320,478;320,477;320,476;320,475;320,474;319,473;319,472;318,471;317,470;315,469;313,468;311,468;309,468;308,468;307,469;306,470;305,470;
Specular reflection; POLYGON; 191, 91, 22; 393,507;394,507;395,507;395,506;396,506;397,506;398,506;399,506;400,506;400,507;401,507;401,508;402,508;402,509;403,509;403,510;404,510;405,510;405,511;405,512;406,512;407,512;407,513;408,514;409,514;410,515;411,515;411,516;412,516;413,517;413,518;414,518;415,519;415,520;416,520;416,521;417,521;417,522;417,523;418,524;419,525;419,526;419,527;419,528;420,528;420,529;420,530;420,531;420,532;420,533;420,534;419,534;419,535;419,536;418,536;417,537;417,538;416,538;415,538;414,538;413,537;412,537;411,536;410,536;409,535;409,534;407,534;407,532;405,532;405,530;403,530;402,529;401,528;400,528;399,527;398,526;397,526;395,525;395,524;394,524;393,524;393,523;393,522;393,521;392,521;392,520;391,519;391,518;390,517;389,516;389,515;389,514;389,513;389,512;389,511;389,510;390,510;390,509;391,509;391,508;
Specular reflection; POLYGON; 191, 91, 22; 457,495;457,496;458,497;458,498;459,498;460,498;461,498;461,499;462,499;463,500;464,500;465,500;465,501;466,502;467,502;469,503;470,504;471,504;472,504;473,504;473,503;474,503;474,502;475,502;476,502;477,502;477,501;479,500;479,499;481,498;482,498;483,497;483,496;484,496;485,496;485,495;485,494;485,493;485,492;485,491;485,490;485,489;485,488;485,487;484,486;483,486;483,485;483,484;482,484;481,483;480,481;479,479;477,478;475,477;474,476;473,476;472,476;471,477;470,478;469,478;467,479;467,480;465,481;464,481;463,482;461,482;460,482;459,482;459,481;
Specular reflection; POLYGON; 191, 91, 22; 504,783;505,782;505,781;505,780;505,779;506,778;506,777;506,776;506,774;506,773;506,772;506,771;505,770;505,769;505,768;505,767;504,767;504,766;503,765;503,764;502,763;501,762;501,761;501,760;500,760;499,758;498,758;497,757;496,757;495,757;494,756;493,756;491,756;490,756;489,756;488,756;487,756;487,757;485,758;483,760;482,762;481,766;480,767;480,768;479,772;479,774;479,776;479,779;479,781;481,786;482,789;483,792;485,793;486,795;489,796;493,796;
Specular reflection; POLYGON; 191, 91, 22; 986,673;986,674;986,676;985,676;985,677;985,678;985,679;985,680;985,681;985,682;984,682;984,683;984,684;984,685;984,686;984,687;984,688;984,689;984,690;985,690;985,691;985,692;985,693;986,694;987,695;987,696;988,696;989,696;990,696;991,696;992,696;993,696;994,696;995,696;996,696;997,696;998,696;998,695;999,695;999,694;1000,694;1001,693;1001,692;1002,691;1002,690;1003,690;1003,689;1003,688;1004,687;1004,686;1004,685;1005,684;1005,683;1005,682;1006,680;1006,679;1006,678;1007,677;1007,676;1007,675;1007,674;1007,673;1007,672;1007,671;1007,670;1007,669;1007,668;1007,667;1007,666;1007,665;1007,664;1006,664;1006,663;1005,662;1005,661;1004,661;1003,660;1002,658;1001,658;1000,657;999,656;998,656;997,656;996,656;995,656;993,657;991,659;989,661;987,664;986,667;986,668;985,668;985,669;
Specular reflection; POLYGON; 191, 91, 22; 969,538;969,539;968,540;968,541;968,542;968,543;968,544;968,545;969,546;970,546;971,547;971,548;972,548;973,548;973,549;974,550;975,550;975,551;976,551;977,551;977,552;979,551;980,550;981,550;982,549;983,549;983,548;985,548;986,548;987,548;988,548;989,548;990,547;991,547;992,547;993,547;994,547;995,546;997,545;997,544;998,544;999,543;999,542;1000,541;1001,540;1001,539;1002,539;1003,539;1003,538;1004,537;1004,536;1005,536;1005,535;1006,534;1007,534;1007,533;1007,532;1008,532;1008,531;1009,531;1009,530;1009,529;1009,528;1010,528;1010,527;1011,527;1011,526;1011,525;1012,525;1012,524;1013,524;1013,523;1013,522;1014,522;1014,521;1014,520;1015,520;1015,519;1015,518;1015,517;1015,516;1016,516;1016,515;1017,514;1017,513;1017,512;1017,511;1017,510;1016,510;1016,509;1015,509;1015,508;1015,507;1014,506;1013,506;1013,505;1013,504;1012,504;1011,504;1011,503;1010,502;1009,502;1008,501;1007,501;1007,500;1006,500;1005,500;1005,499;1004,499;1004,498;1003,498;1003,497;1002,497;1001,497;1001,496;1000,496;999,496;999,495;998,495;997,495;996,495;995,495;995,494;994,494;993,494;992,494;991,494;990,494;989,494;988,494;988,495;987,496;987,497;986,498;985,500;985,501;985,502;985,503;984,504;984,506;984,507;984,508;984,509;984,510;984,511;985,511;986,511;987,512;988,512;989,512;990,512;991,512;991,513;992,513;993,514;994,514;995,514;995,515;996,516;997,516;997,517;997,518;997,519;997,520;998,521;998,522;998,523;998,524;997,524;997,525;996,526;995,526;995,527;994,528;993,528;992,528;991,528;990,528;989,528;988,528;987,528;986,528;985,528;984,528;983,528;982,528;981,527;979,526;978,526;977,526;975,526;974,527;973,528;971,529;971,530;970,531;969,532;969,533;968,534;968,535;968,536;
Specular reflection; POLYGON; 191, 91, 22; 821,351;819,351;819,352;818,352;818,353;817,353;816,353;815,353;814,353;813,353;813,354;812,354;811,355;810,356;809,357;809,358;808,358;808,359;807,359;807,360;807,361;806,361;806,362;806,363;805,364;805,365;805,366;805,367;805,368;805,369;805,370;805,371;805,372;805,373;805,374;805,375;805,376;805,377;806,377;806,378;807,378;807,379;808,379;809,379;810,380;811,381;812,382;813,383;814,383;815,383;815,384;817,385;818,385;819,385;820,386;821,386;822,386;823,386;824,386;825,386;826,386;827,386;828,386;829,386;830,386;831,386;832,386;833,385;834,385;835,385;835,384;836,384;837,383;838,383;839,383;841,382;841,381;842,381;843,381;843,380;844,380;845,379;846,379;847,379;848,378;849,378;849,377;850,377;851,376;851,375;852,375;853,375;853,374;854,374;855,373;855,372;856,372;856,371;857,371;857,370;857,369;857,368;857,367;857,366;857,365;857,364;857,363;857,362;857,361;857,360;857,359;857,358;857,357;857,356;857,355;857,354;857,353;857,352;857,351;857,350;856,349;856,348;855,347;855,346;855,345;855,344;854,343;853,343;853,342;853,341;852,340;851,339;850,339;849,339;848,339;847,339;846,339;845,339;843,339;842,339;841,339;837,339;836,338;835,338;832,338;830,338;829,338;827,339;826,339;825,340;823,341;822,342;821,343;819,345;819,347;818,348;817,349;817,351;815,353;815,355;814,355;
Specular reflection; POLYGON; 191, 91, 22; 783,377;782,378;781,379;780,379;779,380;779,381;778,382;776,385;775,387;774,388;774,389;773,392;773,393;772,395;771,396;771,397;771,398;771,399;771,401;770,402;770,403;770,404;771,404;771,405;772,405;773,405;774,405;775,406;776,407;777,407;777,408;778,409;779,410;780,411;781,411;782,411;783,411;784,411;785,411;786,411;787,411;788,411;789,410;790,409;791,409;791,408;791,407;792,407;793,406;794,405;795,403;797,402;798,400;799,399;800,397;801,397;801,394;802,393;803,391;803,388;804,385;805,384;805,383;805,381;805,378;806,377;806,376;806,375;805,373;805,372;804,371;803,371;802,369;800,367;799,367;798,366;795,365;793,364;792,363;789,363;788,363;787,364;786,365;785,365;784,369;784,371;784,373;784,377;784,378;784,379;
Specular reflection; POLYGON; 191, 91, 22; 905,322;905,323;905,324;905,325;904,325;903,326;903,327;902,328;902,329;901,329;901,330;900,331;900,332;899,332;899,333;899,335;899,336;899,337;898,338;898,339;898,341;898,342;898,343;898,344;899,345;899,347;899,349;900,350;900,351;901,351;902,352;903,352;904,352;904,351;905,351;906,351;907,351;908,350;909,350;910,349;911,349;912,349;913,348;915,347;915,346;916,346;917,345;919,344;921,344;921,343;922,343;923,343;924,342;925,341;926,341;927,339;927,338;928,337;928,336;929,335;929,334;930,334;931,333;931,332;932,332;932,331;933,331;933,330;933,329;934,328;935,327;935,326;935,325;936,325;937,324;937,323;937,322;937,321;937,320;937,319;937,318;937,317;936,316;936,315;936,313;935,312;935,311;934,310;933,309;933,308;932,307;931,305;929,303;928,303;927,302;925,302;924,302;923,302;921,304;918,306;915,309;914,310;912,312;911,313;909,315;906,317;905,319;904,320;903,322;901,324;901,327;901,328;903,329;904,330;
Specular reflection; POLYGON; 191, 91, 22; 945,339;945,340;945,341;945,342;944,343;944,344;944,345;945,345;945,347;946,347;947,348;947,349;948,349;949,350;950,351;951,351;952,351;953,351;954,351;955,351;956,351;957,351;958,351;959,351;960,351;961,350;962,349;963,349;963,348;964,348;965,347;966,346;967,345;967,344;967,343;968,342;968,341;968,340;968,339;968,338;967,337;967,335;965,334;963,332;963,331;961,331;960,330;959,330;958,330;955,331;953,332;953,333;952,333;951,335;951,336;951,337;
Specular reflection; POLYGON; 191, 91, 22; 965,370;967,371;968,371;969,371;970,371;971,370;971,369;972,368;973,367;973,366;973,365;973,364;973,363;973,362;973,361;973,360;973,359;972,359;971,357;969,356;969,355;968,355;967,355;965,355;964,355;963,356;963,357;962,357;961,358;
Specular reflection; POLYGON; 191, 91, 22; 942,373;941,373;940,373;939,374;939,375;938,375;937,376;937,377;937,378;937,379;937,380;937,381;937,382;937,383;936,383;936,384;936,385;935,385;935,386;935,387;936,387;937,388;938,388;939,389;941,389;942,389;943,389;945,389;946,389;947,389;949,389;950,389;951,389;953,389;954,388;955,388;956,387;957,387;958,387;959,386;960,385;961,385;962,385;963,384;964,383;965,383;965,382;966,381;966,380;966,379;967,378;967,377;967,376;967,375;967,374;967,373;966,373;965,372;964,372;963,371;962,371;960,371;959,370;956,370;954,370;953,370;952,370;951,370;951,371;
Specular reflection; POLYGON; 191, 91, 22; 866,398;866,399;866,400;865,401;865,402;865,403;866,404;866,405;867,405;867,406;868,406;869,406;870,406;872,407;873,407;875,406;876,406;878,405;879,405;880,405;880,404;881,403;881,402;882,401;882,400;883,399;883,398;883,397;883,396;883,395;883,394;883,393;883,392;883,391;882,391;882,390;881,389;881,387;880,387;879,386;878,385;877,385;876,385;875,384;873,384;871,384;871,385;869,385;868,386;867,387;865,387;
Specular reflection; POLYGON; 191, 91, 22; 749,205;750,205;750,206;751,206;752,207;753,207;754,207;755,207;756,207;757,207;758,207;759,207;760,207;761,207;761,206;762,206;763,206;764,206;765,206;766,206;766,205;767,205;768,205;769,206;769,207;770,208;770,209;771,209;771,210;771,211;772,211;773,211;773,212;774,212;775,212;775,213;776,213;777,213;778,213;779,213;780,213;780,212;781,212;781,211;781,210;781,209;782,209;782,208;782,207;782,206;782,205;782,204;782,203;782,202;782,201;781,201;781,200;781,199;780,199;780,198;779,198;779,197;778,197;778,196;777,196;777,195;776,195;775,195;774,195;773,195;772,195;771,195;771,194;770,194;769,193;768,193;767,193;766,193;765,193;764,193;763,193;762,193;761,193;760,193;759,193;758,193;757,193;756,193;756,194;755,194;754,194;753,194;752,194;751,194;751,195;750,195;749,195;749,196;749,197;749,198;749,199;749,201;749,202;750,203;751,205;752,205;753,206;
Specular reflection; POLYGON; 191, 91, 22; 634,286;634,287;635,287;635,288;635,289;635,290;636,291;636,292;636,293;635,293;635,294;634,294;633,295;632,295;631,296;631,297;630,297;630,298;629,299;629,300;629,301;629,302;629,303;629,304;629,305;629,306;629,307;629,308;630,309;630,310;631,311;631,312;631,313;632,314;632,315;633,315;634,315;634,316;635,316;636,316;637,316;638,316;639,315;640,315;641,314;641,313;642,313;643,313;643,312;644,311;645,311;646,310;647,309;647,308;648,308;648,307;649,306;649,305;650,304;650,303;651,303;651,301;651,300;652,300;652,299;652,298;653,297;653,296;653,295;653,294;654,294;654,293;654,292;654,291;654,290;654,289;654,288;654,287;654,286;654,285;654,284;654,283;653,282;653,281;653,279;652,279;651,278;651,277;650,277;650,276;649,276;649,275;648,275;647,275;647,274;646,273;645,273;644,273;643,272;642,272;641,271;640,271;639,271;639,270;638,270;637,270;636,269;635,269;634,269;633,269;631,270;630,271;629,271;628,272;627,273;627,274;627,275;626,278;626,280;627,281;627,283;629,285;630,286;631,287;632,287;
Specular reflection; POLYGON; 191, 91, 22; 547,338;547,339;547,341;547,342;548,342;548,343;549,343;549,344;550,344;551,345;552,345;553,345;554,345;555,345;556,345;557,345;558,345;559,345;560,345;561,345;562,345;563,345;564,344;565,344;566,344;567,344;567,343;568,343;569,343;570,343;570,342;571,342;571,341;572,341;573,340;573,339;573,338;573,337;574,337;575,336;575,335;575,334;576,334;577,333;577,332;577,331;577,330;578,330;578,329;578,328;578,327;578,326;578,325;578,324;577,323;577,322;577,321;576,320;576,319;575,319;575,318;575,317;574,317;573,316;572,315;571,315;571,314;571,313;570,313;569,313;568,313;567,313;566,313;565,313;564,315;562,316;561,317;560,317;559,318;558,319;556,321;554,321;553,323;551,323;
Specular reflection; POLYGON; 191, 91, 22; 347,61;347,63;347,65;347,67;347,69;347,72;347,73;347,75;347,77;348,77;349,78;349,79;349,80;351,83;353,84;353,85;355,85;357,86;358,87;359,87;360,87;361,87;362,86;363,86;364,85;365,85;365,84;366,83;367,83;367,82;369,81;369,80;370,79;371,78;372,77;373,75;373,74;373,73;374,72;375,71;375,70;375,69;376,69;376,67;377,66;377,65;378,65;378,64;379,63;379,62;379,61;379,60;379,59;379,58;379,57;379,56;379,55;379,54;377,53;376,51;375,50;375,49;373,48;373,47;372,47;371,46;369,45;367,45;365,45;364,45;363,45;362,45;361,45;360,45;359,46;357,46;356,47;355,48;354,49;353,51;352,51;351,53;351,54;350,55;349,57;348,59;347,61;347,62;347,63;
Specular reflection; POLYGON; 191, 91, 22; 355,97;355,98;355,99;355,100;355,101;355,103;355,106;355,109;355,110;355,111;357,111;357,112;359,112;360,113;361,113;362,112;363,112;364,111;365,110;365,109;368,107;370,105;372,103;373,101;375,99;375,98;376,97;376,95;376,93;376,92;375,89;375,88;375,87;373,84;371,81;369,81;368,79;367,78;365,77;363,76;361,76;359,76;359,77;357,77;356,79;355,81;354,83;353,84;353,85;353,87;
Specular reflection; POLYGON; 191, 91, 22; 395,73;394,74;394,75;394,76;394,77;393,77;393,79;393,80;393,81;393,82;394,83;395,83;395,84;397,85;397,86;398,87;399,87;399,88;400,89;401,89;402,89;403,90;404,90;405,90;406,90;407,90;408,90;409,90;409,89;411,89;412,89;413,88;414,88;415,87;416,87;417,87;417,86;417,85;418,85;419,84;419,83;420,83;421,82;421,81;422,81;423,80;423,79;424,79;424,78;425,77;425,76;426,75;426,74;427,74;427,73;427,72;428,72;428,71;429,71;429,70;429,69;429,67;430,66;430,65;430,64;430,63;429,63;429,62;429,61;428,60;427,59;427,58;427,57;426,57;425,56;424,55;423,55;422,55;421,55;420,55;419,55;417,56;416,56;415,56;413,56;412,56;411,55;409,55;407,55;406,54;404,54;403,54;402,54;400,55;399,57;398,59;397,59;397,61;397,62;397,63;
Specular reflection; POLYGON; 191, 91, 22; 455,55;455,56;454,58;454,59;454,61;454,62;455,63;456,63;457,63;457,64;458,64;459,64;459,65;460,65;461,65;462,65;463,65;464,65;465,65;465,64;466,64;467,63;468,63;469,62;470,61;471,61;471,60;472,60;473,59;474,58;475,57;475,56;476,55;477,54;477,53;477,51;477,50;477,49;477,48;477,47;477,46;476,46;476,45;475,44;475,43;474,42;473,41;472,40;472,39;471,39;470,38;469,38;468,38;467,38;466,38;465,39;463,41;463,42;462,43;461,44;461,45;461,47;460,49;
Specular reflection; POLYGON; 191, 91, 22; 504,62;503,63;503,64;503,65;504,65;504,66;505,66;505,67;506,67;506,68;507,68;508,69;509,69;510,69;511,69;512,69;513,69;515,68;515,67;516,67;517,66;518,65;519,63;521,62;522,61;523,61;523,59;524,59;525,58;525,57;525,55;527,54;527,53;527,52;528,51;529,51;529,50;529,49;529,48;528,47;527,47;527,46;525,45;524,45;523,45;521,45;519,46;518,46;515,47;513,48;512,49;510,50;509,51;506,53;505,53;505,54;503,56;503,57;
Specular reflection; POLYGON; 191, 91, 22; 513,95;511,97;510,98;509,99;509,100;508,101;507,101;506,103;505,103;505,104;504,105;503,105;503,106;502,107;501,107;501,108;500,109;499,109;499,111;498,112;498,114;498,115;498,116;498,117;498,118;499,119;499,120;500,121;501,121;502,121;503,121;504,121;505,121;506,120;507,119;508,119;510,118;511,117;513,116;513,115;515,114;517,113;518,112;519,111;521,111;523,109;524,108;525,108;525,107;527,106;528,105;529,103;530,102;531,101;532,100;533,99;534,99;534,98;535,98;535,97;536,96;536,95;537,95;537,94;538,93;539,93;539,92;540,91;540,90;540,89;541,89;541,88;541,87;540,87;540,86;539,85;538,85;537,84;536,83;535,83;533,83;532,83;531,83;530,83;529,84;528,85;526,86;525,87;523,89;522,90;521,91;519,93;
Specular reflection; POLYGON; 191, 91, 22; 422,141;421,141;421,142;420,143;419,143;418,144;417,145;417,146;416,147;415,147;415,148;415,149;414,149;413,150;413,151;413,152;413,153;413,154;413,155;413,156;413,157;413,158;413,159;414,160;415,160;415,161;416,161;417,161;418,161;419,161;420,161;421,161;422,161;423,161;424,161;425,161;426,161;426,160;427,159;428,159;429,158;429,157;430,156;431,155;432,155;432,154;433,154;434,153;435,153;436,153;437,153;438,153;439,153;440,153;441,153;442,153;442,154;443,154;444,154;444,155;445,155;446,155;447,155;448,155;449,155;450,154;451,154;451,153;452,153;453,153;453,152;454,152;455,152;455,151;457,151;457,150;458,149;459,149;459,148;460,148;460,147;461,147;462,147;462,146;463,146;463,145;464,145;465,144;465,143;466,143;467,143;467,142;467,141;468,140;468,139;469,139;469,138;470,138;470,137;471,137;471,136;471,135;471,134;470,134;469,134;469,133;468,133;467,133;466,133;465,133;464,133;463,133;462,133;461,133;460,133;459,133;458,134;457,135;456,135;455,135;455,136;454,136;453,136;452,136;452,137;451,137;450,137;449,137;449,136;448,136;447,136;447,135;446,135;445,135;444,135;443,135;442,135;441,135;441,134;440,134;439,134;438,134;437,134;435,134;435,135;434,135;433,135;431,135;430,135;429,135;428,135;427,136;426,136;425,136;425,137;424,137;423,139;422,139;421,140;420,141;419,141;418,142;417,143;415,144;
Specular reflection; POLYGON; 191, 91, 22; 190,168;190,169;190,170;191,171;191,172;191,173;191,174;191,175;192,175;193,175;193,176;193,177;194,177;194,178;195,178;195,179;196,180;197,180;197,181;198,181;199,181;200,181;201,181;202,181;203,181;204,181;205,181;206,181;207,181;207,180;208,180;208,179;209,179;210,178;211,178;211,177;213,177;215,175;216,174;217,172;218,171;219,169;220,169;221,169;221,168;222,167;223,167;223,166;223,165;224,165;225,164;225,163;226,163;227,162;227,161;227,160;228,159;228,158;229,158;229,157;229,156;230,156;231,156;231,155;232,155;232,154;233,154;233,153;234,153;234,152;235,152;235,151;236,151;237,151;237,150;237,149;237,148;237,147;237,146;236,146;235,145;234,145;233,144;232,143;231,143;230,143;229,143;228,143;228,144;227,144;227,145;226,145;225,147;224,148;223,149;223,150;222,151;221,151;221,152;220,152;219,152;219,153;218,153;218,154;217,154;217,155;216,157;215,157;215,158;215,159;214,159;213,159;212,159;211,160;210,160;209,161;208,161;207,161;207,160;206,160;206,159;206,158;205,157;205,156;204,156;204,155;203,155;202,155;201,155;200,155;199,155;198,155;197,155;197,156;196,156;195,157;195,158;194,159;193,160;193,161;192,163;191,163;191,164;191,165;191,166;
Specular reflection; POLYGON; 191, 91, 22; 158,192;159,194;159,195;160,195;161,197;162,198;163,199;163,200;164,201;165,202;165,203;166,204;167,205;168,205;169,205;170,205;170,204;171,204;171,203;172,203;172,202;173,202;173,201;173,200;174,199;175,197;175,196;175,195;175,194;175,193;176,192;176,191;176,190;175,189;175,188;175,187;174,186;173,185;173,184;172,183;171,182;170,180;168,178;167,177;167,176;166,176;166,175;165,175;165,174;164,174;164,173;163,173;162,173;161,173;160,173;159,173;158,173;157,174;156,175;154,176;152,178;151,179;151,180;151,181;150,182;151,182;
Specular reflection; POLYGON; 191, 91, 22; 156,151;155,153;155,154;155,155;155,156;155,157;155,158;156,159;157,159;158,160;159,161;160,161;161,161;162,161;163,161;164,160;164,159;165,159;167,157;168,156;169,155;169,154;170,152;171,149;172,147;172,145;172,144;172,143;172,142;171,140;170,139;169,139;167,139;166,139;165,139;
Specular reflection; POLYGON; 191, 91, 22; 224,83;224,85;225,85;225,86;225,87;226,88;226,89;227,89;227,90;227,91;228,91;229,92;229,93;230,93;231,93;232,93;233,93;233,94;233,95;234,95;235,95;235,96;235,97;235,98;236,99;236,101;236,102;236,103;237,103;237,104;237,105;236,105;235,105;235,106;235,107;234,107;233,108;232,109;231,110;231,111;230,112;229,113;229,115;229,116;230,117;231,117;231,119;232,120;233,121;233,122;233,123;234,124;235,126;235,128;236,129;237,130;237,131;239,132;239,133;241,134;241,135;242,135;243,135;244,134;245,134;246,133;247,133;247,132;249,131;250,131;252,131;253,130;254,130;254,129;255,129;256,129;257,128;257,127;259,126;259,125;260,124;261,123;262,121;263,120;263,119;264,119;264,118;265,117;265,116;265,115;265,114;265,113;265,112;265,111;265,110;265,109;265,108;265,107;265,106;265,105;265,104;265,103;265,102;264,102;264,101;263,101;263,100;262,100;261,100;260,100;259,100;258,99;257,99;256,99;255,99;254,99;253,99;254,99;255,99;255,98;255,97;256,97;256,95;257,95;257,94;257,93;258,93;258,92;258,91;259,91;259,90;259,89;259,88;259,87;258,87;258,86;258,85;257,85;257,84;256,84;255,84;255,83;254,83;253,83;252,83;251,83;250,83;249,83;248,83;248,82;247,82;247,81;246,81;245,81;244,81;244,80;244,79;244,78;243,77;243,76;243,75;242,74;242,73;241,72;240,71;239,69;238,69;238,68;237,68;236,68;235,68;234,68;233,68;233,69;231,69;229,69;228,70;227,70;227,71;227,72;227,73;227,74;227,75;226,76;226,79;226,81;226,82;227,83;227,87;228,89;229,90;
Specular reflection; POLYGON; 191, 91, 22; 249,77;249,78;248,79;247,80;247,81;247,82;247,83;247,84;247,85;248,87;248,88;248,89;249,90;249,91;249,92;249,93;250,94;251,95;251,97;251,98;252,99;253,100;253,101;253,102;253,103;253,104;253,105;254,105;255,105;255,106;256,106;257,106;258,106;259,105;260,105;261,105;261,104;262,104;263,103;265,103;265,101;267,101;268,100;269,99;269,98;270,97;271,96;271,95;272,95;273,93;273,92;274,91;274,90;275,89;275,87;276,86;276,85;277,85;277,84;277,83;277,82;277,81;277,80;277,79;277,78;277,77;277,76;278,76;279,76;280,76;281,76;281,77;281,78;281,79;281,80;281,81;280,81;280,82;280,83;279,83;279,85;279,86;279,87;279,88;279,89;280,89;280,90;280,91;281,91;282,92;283,92;283,91;284,91;285,91;286,90;287,89;288,89;289,89;290,89;291,89;292,89;293,90;294,90;295,90;296,89;297,89;298,89;299,89;300,89;300,88;301,88;301,87;302,87;302,86;303,86;303,85;303,84;304,83;305,83;305,82;305,81;306,81;306,80;307,80;307,79;307,78;307,77;308,77;308,76;309,75;309,74;309,73;310,73;310,72;311,72;311,71;311,70;312,69;313,68;313,67;314,67;314,66;314,65;315,65;315,64;315,63;316,63;316,62;316,61;316,60;315,60;315,59;315,58;315,57;315,56;315,55;315,54;315,53;315,52;314,52;314,51;313,51;313,50;312,50;312,49;311,49;310,49;309,49;308,49;307,49;306,49;305,49;305,50;304,50;303,50;302,50;302,49;301,49;301,48;301,47;300,47;299,46;299,45;298,45;297,45;297,44;296,44;295,44;294,44;293,44;292,44;291,44;291,45;290,46;290,47;289,47;289,48;289,49;288,49;287,50;287,51;286,51;285,51;285,52;285,53;284,53;284,54;283,54;283,55;282,55;281,55;281,56;280,56;279,56;279,57;278,57;277,57;276,57;275,57;274,57;273,57;272,57;271,57;270,57;269,57;268,57;267,57;267,58;266,58;265,59;264,59;263,59;262,59;261,59;261,58;259,58;256,59;254,59;251,61;249,63;248,63;247,64;247,65;247,66;247,67;247,68;247,69;246,71;246,72;246,73;247,74;248,74;
Specular reflection; POLYGON; 191, 91, 22; 324,87;323,88;323,89;323,90;324,90;324,91;325,91;327,91;329,91;330,91;331,91;332,91;333,91;334,90;335,89;338,89;340,87;341,87;343,86;343,85;345,84;345,83;346,81;347,80;347,78;347,77;347,76;347,74;347,73;346,72;346,71;345,71;345,70;343,69;341,69;339,69;339,68;337,68;335,68;333,68;331,68;330,69;329,69;329,70;327,71;326,74;325,75;325,76;325,78;325,79;
Specular reflection; POLYGON; 191, 91, 22; 332,97;333,99;334,102;335,103;337,104;339,105;341,105;343,104;343,103;345,101;346,100;347,99;347,97;348,97;349,96;349,94;349,93;349,91;348,89;347,88;345,87;345,86;343,86;341,86;339,85;
Specular reflection; POLYGON; 191, 91, 22; 61,403;61,404;62,405;63,405;63,406;65,407;66,409;67,411;68,411;69,412;71,413;73,413;74,414;75,414;76,414;77,414;78,414;79,414;80,414;81,414;82,414;83,414;84,414;85,414;86,413;87,413;88,413;88,412;89,412;90,411;91,411;91,410;91,409;91,408;91,407;91,406;91,405;90,404;90,403;89,403;89,402;89,401;88,399;87,399;87,398;85,397;84,395;83,394;83,393;81,392;80,391;79,391;78,390;77,390;77,389;76,389;75,389;73,388;73,387;72,387;71,386;69,386;69,385;67,385;66,385;65,385;64,385;63,385;62,385;61,386;61,387;60,388;60,389;59,389;59,390;59,391;58,391;58,392;57,393;57,394;56,394;55,395;55,396;55,397;55,398;55,399;56,399;57,400;
Specular reflection; POLYGON; 191, 91, 22; 113,406;113,407;113,408;114,409;115,409;115,410;115,411;116,411;117,411;118,411;119,411;120,411;121,411;122,411;123,411;123,410;124,409;125,409;125,408;126,407;127,406;127,405;127,404;127,403;127,402;127,401;126,400;126,399;125,399;125,398;124,397;123,397;122,397;121,397;120,397;119,398;118,398;
Specular reflection; POLYGON; 191, 91, 22; 321,295;321,296;320,296;320,297;319,297;318,297;317,298;317,299;316,299;315,299;314,300;313,300;313,301;312,301;312,302;311,303;311,304;311,305;311,306;312,307;312,308;313,309;313,310;314,310;314,311;315,311;316,311;317,311;319,311;320,310;321,309;322,308;323,307;325,306;326,305;327,305;327,304;328,304;329,303;330,301;331,301;331,300;332,299;333,299;334,297;335,297;335,296;336,295;336,294;337,293;337,292;337,291;337,290;337,289;337,288;337,287;336,286;336,285;335,285;334,284;333,284;332,283;331,283;330,282;329,282;328,282;327,282;325,283;323,285;322,286;321,287;320,289;319,291;319,292;319,295;
Specular reflection; POLYGON; 191, 91, 22; 486,247;486,249;486,251;487,251;488,253;489,253;490,253;492,253;493,253;495,252;496,251;497,251;499,249;501,247;503,245;504,243;505,241;505,240;506,238;508,235;509,234;509,233;510,232;511,231;510,231;510,232;509,232;508,232;507,233;506,233;504,233;
Specular reflection; POLYGON; 191, 91, 22; 751,66;750,66;750,67;749,67;748,68;747,69;746,70;745,71;744,72;743,73;743,74;742,74;741,74;741,75;740,76;740,77;739,78;739,79;739,80;739,81;739,82;739,83;739,84;739,85;741,85;742,86;743,87;744,87;745,87;746,87;747,87;748,87;749,87;750,87;751,87;752,86;752,85;753,85;755,84;755,83;756,83;757,82;759,82;759,81;760,81;761,81;763,81;764,81;766,80;767,79;768,79;769,77;771,75;772,75;772,74;773,74;773,73;774,73;775,73;776,72;777,71;777,70;778,69;779,68;780,67;781,66;781,65;782,65;782,64;783,64;783,63;783,62;783,61;783,60;783,59;783,58;783,57;782,57;782,56;782,55;781,55;781,54;780,54;779,54;778,54;776,55;775,55;773,55;772,55;771,55;769,56;768,56;767,57;766,57;765,57;763,57;761,57;760,57;758,58;757,59;755,60;754,61;753,62;753,63;752,65;751,69;
Specular reflection; POLYGON; 191, 91, 22; 785,87;785,88;784,88;784,89;783,89;782,90;781,90;781,91;780,91;779,91;777,91;776,91;775,91;774,92;773,92;773,93;772,94;771,95;771,96;771,97;771,99;770,99;770,100;769,100;769,101;768,101;767,101;767,102;767,103;766,103;766,104;766,105;766,106;765,107;765,108;766,108;766,109;767,109;768,109;769,107;771,107;772,106;773,106;774,106;775,105;777,105;779,104;780,104;781,103;783,102;785,101;786,101;787,100;789,99;790,99;791,99;792,99;793,99;794,99;795,98;796,97;797,97;797,96;797,95;798,95;799,95;799,94;800,94;801,94;801,93;802,93;802,92;803,92;803,91;804,91;804,90;804,89;805,88;805,87;805,86;805,85;805,84;805,83;805,82;805,81;804,81;803,80;803,79;802,79;801,79;800,79;799,79;797,79;796,80;793,81;792,83;791,84;789,85;787,87;785,89;785,90;
Specular reflection; POLYGON; 191, 91, 22; 782,153;782,155;783,155;783,157;783,158;783,159;785,160;785,161;786,161;786,162;787,162;787,163;788,164;789,165;790,165;791,167;791,168;792,168;793,169;793,170;794,171;795,171;796,172;797,172;798,172;799,172;800,172;801,172;802,172;803,172;804,172;805,172;806,172;806,171;807,171;807,170;808,169;809,168;809,167;810,166;810,165;811,164;811,163;811,162;811,161;811,160;811,159;811,158;811,157;811,156;811,155;811,154;811,153;810,153;810,152;809,151;809,150;809,149;808,149;807,148;807,147;806,146;805,145;804,145;803,144;802,143;801,143;800,142;799,142;799,141;798,140;798,139;797,139;796,138;795,138;795,137;794,137;793,137;792,137;791,137;790,137;789,137;788,137;787,137;787,138;786,138;785,139;784,139;783,139;782,139;782,140;781,141;781,142;781,143;780,145;780,146;780,147;780,149;780,151;780,152;781,153;
Specular reflection; POLYGON; 191, 91, 22; 857,106;857,107;855,107;855,108;853,109;851,111;850,111;849,111;848,112;847,113;847,114;846,114;846,115;845,115;845,116;844,117;843,117;843,118;842,119;841,119;841,120;841,121;841,122;842,123;842,124;843,124;843,125;843,126;843,127;844,127;844,128;844,129;845,129;845,130;845,131;846,131;847,131;848,131;849,131;850,131;851,131;852,131;853,131;855,131;856,130;857,129;858,129;859,129;861,128;861,127;862,127;863,126;864,126;865,125;866,124;867,123;868,123;869,122;869,121;870,121;871,120;872,120;873,119;875,118;875,117;876,117;877,117;877,116;878,115;879,114;880,113;881,113;881,112;881,111;882,110;883,109;883,107;883,106;883,105;883,104;883,103;883,102;883,101;883,100;883,99;882,99;881,98;881,97;880,96;879,95;877,94;876,93;874,93;873,93;872,93;871,95;869,95;869,96;868,97;867,99;865,101;863,104;862,105;861,107;861,108;859,110;858,112;857,113;857,114;
Specular reflection; POLYGON; 191, 91, 22; 881,142;881,143;882,144;882,145;883,145;883,146;883,147;884,147;885,147;886,148;887,148;888,148;889,148;890,148;890,147;891,147;891,146;891,145;892,145;892,144;893,143;893,142;893,141;893,140;893,139;893,138;893,137;893,136;892,135;891,135;890,134;889,133;888,133;887,133;886,133;885,133;885,134;884,134;883,134;883,135;882,135;881,137;881,138;881,139;881,140;
Specular reflection; POLYGON; 191, 91, 22; 845,183;845,184;845,185;845,186;845,187;845,188;845,189;845,190;846,191;847,191;847,192;848,192;849,192;850,192;851,192;852,191;853,191;853,190;855,189;855,188;856,188;856,187;857,186;858,185;859,184;859,182;859,181;859,179;859,177;859,176;859,175;859,173;858,173;858,172;857,172;856,172;855,172;854,171;853,171;852,171;851,171;850,171;849,171;848,171;847,171;
Specular reflection; POLYGON; 191, 91, 22; 917,181;917,182;917,183;917,184;917,185;917,186;918,187;919,187;920,188;921,189;922,189;923,189;924,189;925,189;926,189;927,189;928,188;929,188;930,187;931,187;932,187;933,186;934,185;935,184;935,183;935,182;935,181;935,180;935,179;935,178;935,177;935,176;934,175;933,174;933,173;932,173;931,172;930,172;929,172;928,172;927,172;926,173;925,173;924,174;923,174;922,175;921,175;
Specular reflection; POLYGON; 191, 91, 22; 629,63;629,64;629,65;629,66;630,67;631,67;631,68;632,69;633,69;635,69;637,69;638,69;639,69;640,69;641,69;642,69;643,69;643,68;644,68;645,68;645,67;646,67;647,67;647,66;648,65;649,65;649,64;650,63;651,61;652,61;653,60;653,59;653,58;653,57;653,56;653,55;653,54;652,53;651,52;651,51;650,51;650,50;649,49;648,49;647,49;645,49;644,49;642,50;641,51;640,51;639,52;639,53;637,53;636,55;635,55;634,56;633,57;632,57;631,59;
Specular reflection; POLYGON; 191, 91, 22; 580,55;579,57;579,58;578,59;578,60;578,61;577,61;577,63;577,64;578,65;579,65;579,66;581,67;582,68;583,68;584,69;585,69;587,69;588,68;589,68;589,67;590,67;592,65;593,65;594,64;595,64;595,63;596,63;597,62;598,61;599,60;600,60;601,59;601,58;603,57;603,56;604,56;604,55;605,55;605,54;605,53;606,53;606,52;606,51;607,50;607,49;607,48;606,47;605,47;604,47;603,46;601,45;601,44;600,43;599,43;599,42;599,41;598,41;597,42;597,43;596,43;594,43;592,44;591,44;590,45;587,45;586,45;585,45;584,45;583,46;
Specular reflection; POLYGON; 191, 91, 22; 493,107;492,109;491,110;491,111;491,112;491,113;491,115;491,116;491,117;491,118;492,118;493,118;493,117;494,117;495,117;497,117;497,116;499,116;499,115;500,115;502,115;504,114;505,113;507,112;508,111;509,110;509,109;509,108;509,107;509,106;509,105;509,103;509,102;509,101;509,100;508,100;508,99;507,99;507,98;505,97;504,97;503,97;503,96;501,96;498,96;495,97;495,98;493,99;492,99;492,100;492,101;
Specular reflection; POLYGON; 191, 91, 22; 535,89;534,89;534,90;533,91;533,92;533,93;532,93;532,94;531,94;531,95;532,95;533,95;533,96;534,96;535,97;536,97;537,97;538,97;539,97;540,97;541,97;542,97;543,97;545,96;545,95;546,95;547,95;548,94;549,94;549,93;550,93;551,92;552,91;553,91;554,90;554,89;555,89;555,88;556,88;556,87;557,87;557,86;558,86;558,85;558,84;558,83;557,83;557,82;557,81;557,80;556,79;555,79;555,78;554,77;553,77;552,77;551,77;549,77;547,77;546,78;545,79;542,80;541,81;539,82;537,84;535,85;535,86;535,87;535,88;
Specular reflection; POLYGON; 191, 91, 22; 416,138;415,138;415,139;413,139;412,140;411,141;410,141;409,142;408,142;408,143;407,144;407,145;407,147;407,148;407,149;407,150;407,151;407,152;407,153;407,154;407,155;407,156;408,157;409,158;409,159;410,159;411,159;412,160;413,161;414,161;415,161;416,161;417,162;419,162;420,162;421,162;421,163;422,163;423,163;424,163;425,163;426,163;427,163;427,162;428,162;429,161;430,161;430,160;431,160;431,159;433,158;433,157;434,157;434,156;435,155;437,153;437,152;439,149;440,149;441,147;441,146;441,145;442,145;442,144;442,143;443,143;443,142;443,141;443,140;443,139;443,138;443,137;442,137;442,136;441,135;440,135;439,135;438,135;437,135;436,135;435,135;434,135;433,135;431,134;430,134;429,134;428,134;427,134;426,135;425,136;
Specular reflection; POLYGON; 191, 91, 22; 339,114;338,114;337,114;336,115;335,115;334,116;333,117;333,119;333,120;333,121;333,122;333,123;333,124;333,125;333,126;333,127;334,127;335,128;335,129;336,129;337,129;338,129;339,129;340,128;341,128;341,127;343,127;343,126;345,125;346,124;348,123;350,121;351,121;352,120;354,119;355,117;357,117;357,115;358,113;359,110;359,109;359,108;359,106;358,105;357,104;
Specular reflection; POLYGON; 191, 91, 22; 245,128;245,129;244,130;243,131;243,132;242,132;242,133;241,133;240,133;239,133;238,133;237,133;237,132;236,132;235,132;234,132;234,131;232,131;231,131;230,131;229,130;229,129;228,129;227,129;227,128;226,127;225,127;225,126;225,125;225,124;225,123;225,121;227,118;227,117;228,113;229,109;230,107;231,105;231,103;232,103;233,103;234,103;235,103;235,102;238,102;241,102;242,102;244,102;247,102;249,101;250,101;253,101;254,101;254,102;253,102;
Specular reflection; POLYGON; 191, 91, 22; 665,212;665,213;666,214;666,215;667,216;669,217;670,217;671,217;673,218;674,218;675,218;677,217;678,217;679,217;679,216;679,215;680,215;681,215;681,214;682,213;683,213;683,212;683,211;683,210;684,209;684,208;684,207;684,206;684,205;683,204;683,203;682,203;681,202;681,201;680,201;679,201;677,200;676,200;675,200;673,201;671,203;669,205;668,207;667,208;667,209;667,208;668,207;
Specular reflection; POLYGON; 191, 91, 22; 649,169;650,169;651,170;652,171;653,171;654,171;655,171;656,171;657,171;658,171;659,170;659,169;661,169;661,167;662,167;663,166;663,165;663,164;663,163;662,162;662,161;661,160;660,159;659,158;659,157;658,157;657,157;656,157;656,158;655,159;653,159;653,160;652,160;651,161;650,161;
Specular reflection; POLYGON; 191, 91, 22; 674,91;675,92;675,93;675,94;675,95;676,97;677,98;677,99;678,100;678,101;679,101;680,102;681,103;682,103;683,103;684,103;685,103;686,103;687,103;688,103;689,102;689,101;690,101;691,100;691,99;692,99;692,98;693,97;693,96;693,95;693,94;693,93;693,92;693,91;693,90;694,90;694,89;694,88;694,87;694,86;694,85;694,84;694,83;694,82;694,81;694,80;695,80;695,79;695,78;695,77;695,76;695,75;695,74;695,73;695,72;695,71;695,70;694,70;693,70;693,69;692,69;691,69;690,69;689,70;688,71;687,71;687,73;685,75;684,76;683,77;682,80;681,81;681,83;679,84;679,85;679,84;680,83;
Specular reflection; POLYGON; 191, 91, 22; 232,322;232,323;232,324;233,324;233,325;234,325;234,326;235,326;235,327;237,327;238,327;239,327;240,326;241,325;241,324;242,322;243,321;243,320;244,319;244,318;245,317;245,316;245,315;245,314;245,313;245,312;245,311;244,310;243,310;243,309;241,309;240,310;239,310;239,311;237,311;237,313;235,314;234,315;233,315;232,315;231,315;230,313;
Specular reflection; POLYGON; 191, 91, 22; 109,406;109,407;110,409;111,409;111,410;112,410;113,411;116,412;117,412;118,412;119,412;121,411;122,410;123,407;123,406;123,405;123,403;123,402;123,401;123,400;123,399;123,398;121,397;121,396;120,395;119,395;119,394;118,394;117,394;115,394;115,395;114,395;113,396;112,397;109,398;109,399;108,399;107,399;
Specular reflection; POLYGON; 191, 91, 22; 64,389;63,389;63,388;61,387;61,386;60,385;59,384;58,384;57,383;56,384;55,385;54,385;53,386;53,387;52,387;52,388;51,389;51,390;51,391;51,392;52,393;53,395;53,396;54,397;55,397;55,398;56,399;57,399;58,399;60,399;61,399;63,398;65,396;66,395;67,394;67,393;
Specular reflection; POLYGON; 191, 91, 22; 149,384;151,389;152,391;153,392;154,393;155,393;155,394;156,394;157,393;159,391;160,389;161,388;162,385;163,383;163,382;164,381;164,380;164,379;164,377;163,377;163,376;162,376;161,375;159,375;
Specular reflection; POLYGON; 191, 91, 22; 337,377;337,379;337,380;337,381;336,381;336,382;335,383;335,384;334,384;333,384;333,385;332,385;331,385;331,386;331,387;330,388;330,389;330,391;329,391;329,392;329,393;328,393;327,393;327,394;326,395;325,395;325,394;324,393;324,392;323,391;323,390;323,389;323,388;323,387;323,386;323,384;324,383;325,382;325,381;325,379;327,377;328,374;329,373;329,372;331,369;331,368;332,367;333,366;334,365;335,364;336,363;337,363;338,362;339,361;
Specular reflection; POLYGON; 191, 91, 22; 695,265;695,267;694,267;694,268;694,269;693,269;693,270;693,271;693,272;693,273;693,274;693,275;694,277;695,277;695,278;696,278;697,279;698,279;699,279;700,279;701,279;702,279;703,279;704,279;705,279;706,279;707,278;708,278;709,277;710,277;711,277;713,276;714,275;715,275;715,274;716,273;717,271;717,269;717,268;717,267;716,265;714,264;711,263;708,261;704,261;703,260;702,260;700,261;699,262;699,263;
Specular reflection; POLYGON; 191, 91, 22; 738,227;739,228;739,229;740,230;740,231;741,231;742,231;743,231;743,232;744,232;744,231;745,231;746,230;747,230;747,229;749,229;749,228;750,227;751,227;752,225;753,224;753,223;754,222;754,221;755,221;755,219;755,218;755,217;754,217;753,216;751,216;750,215;748,215;747,215;746,215;745,215;744,215;743,215;742,216;741,216;740,216;739,216;738,215;
Specular reflection; POLYGON; 191, 91, 22; 287,289;287,290;287,291;288,291;289,292;290,293;291,293;292,292;293,292;294,292;295,291;296,291;297,291;297,290;298,290;299,289;299,288;300,287;301,286;301,285;302,285;302,284;303,284;303,283;303,282;304,281;304,280;303,279;303,278;302,278;302,277;301,277;300,277;299,276;296,276;295,276;293,276;291,276;290,277;289,277;287,278;287,279;286,279;287,279;
Specular reflection; POLYGON; 191, 91, 22; 301,280;301,282;301,283;301,284;301,285;301,287;301,288;301,289;302,289;302,290;303,290;303,291;304,291;305,291;307,291;308,291;310,291;312,289;314,288;315,287;317,285;318,284;318,283;319,281;320,279;321,279;321,278;321,277;321,275;320,275;319,274;319,273;317,273;317,272;316,272;315,272;314,272;314,273;313,273;
Specular reflection; POLYGON; 191, 91, 22; 155,154;155,155;156,155;157,155;157,156;158,156;159,156;160,156;161,156;162,155;163,155;163,154;165,153;165,152;166,151;167,149;167,147;167,146;167,145;167,143;167,142;168,141;168,140;168,139;168,138;167,137;166,137;165,137;164,137;163,137;161,137;160,138;159,139;159,140;158,142;157,143;157,144;156,146;156,147;
Specular reflection; POLYGON; 191, 91, 22; 573,27;573,28;573,29;573,30;573,31;573,32;573,33;573,34;573,35;573,36;573,37;573,38;573,39;574,39;574,40;574,41;575,42;575,43;576,44;576,45;577,45;577,46;578,46;579,47;580,47;581,47;582,47;583,47;584,47;585,47;586,47;587,47;588,47;589,47;590,47;591,46;591,45;592,45;593,45;594,45;595,45;595,44;596,44;597,44;597,43;598,43;599,42;599,41;600,40;600,39;600,37;600,36;600,35;600,34;600,33;599,31;599,30;598,29;597,29;597,27;595,25;594,24;592,23;591,21;590,21;589,21;587,20;586,20;585,20;582,20;581,21;579,21;577,22;575,23;574,23;572,25;571,26;571,27;569,29;569,31;569,32;569,33;
Specular reflection; POLYGON; 191, 91, 22; 525,44;525,45;524,45;523,45;523,46;523,47;522,49;521,50;521,51;521,53;521,55;521,56;521,57;521,58;522,58;523,58;524,58;525,58;526,58;527,58;529,58;530,57;531,57;532,57;533,57;534,57;535,56;537,56;538,55;539,55;541,55;542,55;543,55;545,55;546,55;547,55;548,54;549,54;549,53;550,53;551,53;552,53;553,52;553,51;554,51;554,50;555,49;555,48;555,47;555,46;555,45;554,44;553,43;552,42;551,41;550,41;549,39;547,39;545,38;544,38;543,38;539,38;537,39;535,39;533,41;531,42;528,44;526,45;525,47;522,49;521,51;519,53;519,55;
Specular reflection; POLYGON; 191, 91, 22; 538,23;539,24;539,25;539,26;539,27;541,28;541,29;543,29;544,29;546,30;547,30;548,30;549,30;549,29;551,29;552,28;552,27;553,27;554,25;555,23;556,22;556,21;557,21;557,19;558,19;558,18;558,17;558,16;558,15;558,14;558,13;558,12;558,11;558,10;557,10;557,9;556,8;555,7;554,6;553,6;551,5;549,5;548,4;546,4;543,5;541,7;540,9;539,11;537,14;536,16;535,17;535,19;
Specular reflection; POLYGON; 191, 91, 22; 499,20;498,20;497,21;496,21;494,21;493,21;492,21;491,21;490,21;489,21;487,21;486,21;484,22;483,22;483,23;481,23;480,24;479,24;478,25;477,26;477,27;476,27;475,29;475,30;475,31;475,32;475,33;476,34;476,35;477,35;477,36;477,37;478,37;479,37;480,37;481,37;482,37;483,37;485,37;487,37;489,37;491,36;491,35;493,35;495,35;496,34;497,33;498,33;499,33;501,33;501,32;502,32;503,31;505,30;507,29;508,27;509,27;510,26;511,25;513,25;514,25;515,25;516,25;517,25;518,25;519,24;520,24;521,24;522,24;523,24;524,24;525,24;526,24;527,24;528,24;529,24;529,23;530,23;530,22;530,21;530,20;530,19;530,18;530,17;529,17;529,16;529,15;529,14;529,13;528,13;528,12;527,12;527,11;526,11;525,11;523,11;521,11;520,11;517,11;516,11;515,11;511,11;510,11;509,12;507,12;505,13;503,15;502,15;501,16;499,17;497,19;494,21;491,23;489,23;487,23;486,23;
Specular reflection; POLYGON; 191, 91, 22; 398,17;397,18;397,19;397,20;396,20;396,21;395,23;395,24;394,26;394,27;394,29;394,31;394,32;394,33;395,35;395,36;395,37;396,37;396,39;397,41;397,42;397,43;397,44;398,44;399,45;400,45;401,45;401,46;402,46;403,46;404,46;406,45;407,44;409,44;409,43;411,43;413,41;415,41;417,40;418,40;420,39;421,38;422,37;423,37;424,37;425,37;426,37;427,37;428,37;429,37;430,37;430,38;431,38;432,38;433,38;434,38;435,37;436,37;437,37;438,36;439,36;439,35;440,35;441,34;441,33;442,33;443,32;443,31;444,31;445,31;445,30;446,30;446,29;447,29;447,28;447,27;448,27;449,26;449,25;450,25;451,25;451,24;451,23;452,23;453,22;453,21;454,21;454,20;455,19;455,18;454,17;453,17;453,16;452,16;451,15;450,15;449,15;448,15;447,15;447,14;446,14;445,14;444,14;443,14;442,15;441,15;440,15;439,15;439,16;437,17;436,17;436,18;435,18;434,19;433,19;432,19;431,19;430,19;430,18;429,18;429,17;428,17;428,16;427,16;427,15;426,15;425,14;424,13;423,13;422,13;421,12;419,11;418,11;417,10;416,10;415,9;414,9;412,9;411,9;409,9;407,9;406,9;405,9;404,9;403,9;399,9;397,11;395,11;393,12;391,13;389,15;388,17;388,19;388,20;389,21;390,23;393,26;397,29;
Specular reflection; POLYGON; 191, 91, 22; 434,35;435,37;437,38;438,39;440,39;441,39;443,38;445,37;445,36;447,35;448,33;449,33;451,31;451,30;453,29;454,27;455,26;455,25;456,24;456,23;457,23;457,21;457,20;456,19;455,18;455,17;455,16;453,15;452,15;451,15;449,15;447,15;445,15;443,17;442,18;441,19;441,21;
Specular reflection; POLYGON; 191, 91, 22; 435,19;437,19;438,18;439,17;440,16;441,16;442,15;443,15;444,14;445,13;446,13;447,13;447,12;448,12;449,11;449,10;450,9;450,8;450,7;450,6;450,5;450,4;450,3;449,3;449,2;449,1;449,0;448,-1;447,-1;447,-2;446,-3;445,-3;444,-4;443,-5;442,-5;441,-6;440,-6;439,-7;438,-7;437,-7;435,-7;434,-5;433,-5;431,-3;431,-2;429,0;428,1;426,5;425,6;425,7;423,11;422,16;421,17;421,19;421,21;422,21;423,22;424,22;425,23;427,23;428,23;429,23;431,22;434,19;437,17;441,13;
Specular reflection; POLYGON; 191, 91, 22; 295,31;296,33;297,34;297,35;298,35;299,36;299,37;300,38;301,39;302,39;303,40;303,41;304,41;305,41;306,41;307,40;309,39;310,39;311,38;312,37;313,37;314,36;315,35;316,34;317,33;318,32;319,31;319,30;320,29;321,28;321,27;321,26;321,25;321,23;321,22;321,21;321,19;321,16;321,15;321,13;320,11;319,10;319,9;317,9;316,9;314,8;313,8;311,7;310,7;309,7;307,7;306,8;305,9;303,9;302,10;301,11;298,13;297,14;296,15;295,16;295,17;297,17;298,17;
Specular reflection; POLYGON; 191, 91, 22; 364,57;364,56;365,55;365,53;365,52;366,51;366,50;366,49;366,48;366,47;365,46;365,45;364,44;363,44;363,43;362,43;361,43;360,42;359,41;357,41;355,40;353,40;351,39;350,39;349,39;349,40;348,40;348,41;347,41;347,42;347,43;346,43;346,44;345,45;345,46;345,47;344,49;343,51;343,53;343,55;343,56;343,57;344,58;345,58;346,58;347,58;351,58;353,58;356,58;358,58;361,57;363,57;366,56;369,55;371,53;
Specular reflection; POLYGON; 191, 91, 22; 400,43;400,45;399,45;399,46;399,47;399,48;399,49;399,50;399,51;399,52;399,53;399,54;400,55;401,55;401,56;401,57;402,57;403,58;403,59;404,59;405,60;405,61;406,61;407,61;408,61;409,61;410,61;411,61;411,60;413,57;413,56;414,54;415,52;415,51;416,49;416,47;417,44;417,42;418,41;418,39;418,37;418,36;418,35;418,34;418,33;417,33;417,32;417,31;416,31;415,30;415,29;414,29;413,29;413,30;
Specular reflection; POLYGON; 191, 91, 22; 483,59;482,59;481,59;480,60;480,61;479,61;479,62;479,63;479,64;479,65;478,66;478,67;478,68;477,68;477,69;477,70;477,71;477,72;476,73;476,74;475,74;475,75;475,76;475,77;475,78;474,79;474,80;474,81;474,82;474,83;475,83;475,84;476,84;477,84;477,83;478,83;479,82;481,81;482,80;483,80;483,79;485,78;485,77;486,76;487,75;489,74;490,73;491,73;492,71;493,71;493,70;494,69;495,68;495,67;497,65;498,64;499,63;500,62;501,62;503,61;504,61;505,61;506,61;506,60;506,59;506,58;505,57;505,56;504,55;503,54;503,53;502,53;501,53;499,52;498,51;495,51;492,51;490,51;489,51;487,52;486,53;484,55;483,57;482,58;481,59;481,60;480,61;480,65;480,66;
Specular reflection; POLYGON; 191, 91, 22; 499,243;499,242;499,241;499,240;499,239;499,238;499,237;498,237;498,236;497,235;496,235;495,235;494,235;493,235;492,235;491,235;490,235;489,235;488,235;487,235;486,236;485,236;485,237;484,238;483,239;483,241;483,243;482,243;482,245;482,246;483,247;483,249;484,249;485,250;485,251;486,251;487,252;488,253;489,253;490,253;491,253;492,253;494,250;496,247;497,246;
Specular reflection; POLYGON; 191, 91, 22; 382,647;382,646;383,646;383,645;383,644;383,643;383,642;384,642;384,641;384,640;384,639;384,638;385,638;385,637;385,636;385,635;385,634;385,633;385,632;385,631;385,630;384,630;384,629;383,629;383,628;382,628;381,628;381,627;380,627;380,626;379,626;378,626;377,626;376,626;375,626;374,626;373,626;372,626;371,626;370,626;369,626;369,627;369,628;367,629;367,631;367,632;366,632;366,634;365,637;365,638;365,639;365,641;365,642;365,644;366,646;367,648;369,649;369,650;370,651;371,652;373,653;375,654;380,655;
Specular reflection; POLYGON; 191, 91, 22; 87,512;88,513;88,514;89,514;89,515;90,515;91,515;91,516;92,516;93,516;94,516;95,516;96,516;97,516;98,516;98,515;99,515;99,514;99,513;99,512;100,511;100,510;101,509;101,508;101,507;101,506;101,504;101,503;101,502;101,501;100,500;99,500;99,499;98,499;97,498;95,498;94,498;93,499;91,501;89,503;88,504;87,506;87,510;
Stroma; POLYGON; 128, 128, 128; 316,861;315,860;314,859;313,858;313,857;312,856;311,856;311,855;310,855;309,854;309,853;308,852;307,851;306,850;305,850;305,848;303,846;302,844;301,844;301,843;301,842;300,841;299,840;299,838;299,837;299,836;299,835;298,835;298,834;298,833;298,832;297,832;297,831;297,830;297,829;298,828;298,827;298,826;299,826;299,825;299,824;300,824;300,823;300,822;300,821;300,820;299,819;299,818;299,817;299,816;299,815;299,814;298,813;298,812;298,811;298,810;299,809;299,808;299,807;299,806;300,806;300,805;301,804;301,803;301,802;302,802;302,801;303,801;303,800;304,800;305,800;306,800;307,800;307,799;308,799;309,799;310,798;311,798;311,797;312,797;312,796;313,796;313,794;313,793;314,793;314,792;314,791;315,791;315,790;315,789;315,788;316,788;316,786;317,785;317,784;317,783;317,782;317,781;317,780;317,779;317,778;317,777;317,776;317,775;317,774;317,773;317,772;317,771;317,770;318,770;318,769;318,768;318,767;318,766;318,765;318,764;318,763;318,762;317,762;317,761;317,760;316,760;315,760;315,759;314,759;313,759;312,759;311,759;310,760;309,760;309,761;309,762;308,762;307,763;307,764;307,765;307,766;306,766;306,767;306,768;305,768;305,769;305,770;304,770;304,771;303,771;302,771;301,771;300,771;299,771;298,771;298,770;297,770;297,769;296,768;295,768;295,767;294,767;294,766;293,766;293,765;293,764;292,763;291,762;291,761;290,761;290,760;289,760;289,759;289,758;288,758;288,757;287,756;287,755;287,754;286,754;286,753;286,752;285,752;285,751;285,750;285,749;285,748;285,747;285,746;285,745;285,744;285,743;285,742;285,741;285,740;286,740;286,739;286,738;286,737;286,736;287,736;287,735;287,734;287,733;287,732;287,731;288,731;288,730;289,730;289,729;290,728;291,728;291,727;291,726;291,725;292,725;292,724;293,724;293,723;293,722;293,721;294,720;295,720;295,719;295,718;296,718;296,717;297,716;297,715;297,714;297,713;298,713;298,712;298,711;299,710;299,709;299,708;299,707;299,706;299,705;299,704;300,704;300,703;300,702;299,702;298,701;297,701;296,701;295,700;294,700;293,700;292,700;291,700;290,700;289,700;288,700;287,700;286,701;285,701;285,702;284,702;283,704;283,705;282,706;282,707;281,708;281,709;281,710;280,710;279,710;279,711;279,712;278,712;277,713;277,714;277,715;277,716;276,716;276,717;276,718;275,718;275,719;275,720;274,720;273,721;273,722;271,722;271,724;270,724;269,726;268,727;267,728;267,729;266,730;266,731;265,732;265,733;265,734;264,736;263,737;263,738;262,739;262,740;261,740;261,741;261,742;260,743;259,744;259,745;259,746;258,746;258,747;257,747;257,748;257,749;257,750;257,751;257,752;257,753;257,754;258,755;258,756;259,756;259,757;259,758;260,758;261,758;261,759;261,760;261,761;261,762;261,763;262,764;262,765;262,766;262,767;262,768;262,769;262,770;263,770;263,771;263,772;263,773;263,774;263,775;263,776;263,777;263,778;262,778;261,778;261,779;261,780;260,781;260,782;259,782;259,783;259,784;258,784;257,784;257,785;256,785;255,785;255,786;254,786;253,786;252,786;252,785;251,784;251,783;250,783;250,782;249,782;249,781;249,780;248,780;248,779;247,778;247,777;247,776;247,775;247,774;246,774;246,773;246,772;246,771;246,770;246,768;245,767;245,766;245,764;245,763;245,762;245,761;245,760;245,758;244,756;244,755;244,754;244,753;244,752;243,752;243,750;243,749;243,748;243,747;242,746;242,745;242,744;241,743;241,742;241,740;241,739;241,738;241,737;241,736;241,735;241,734;241,733;241,732;241,731;241,730;242,729;242,728;242,727;242,726;243,726;243,724;243,722;243,721;243,720;243,718;244,716;244,715;244,714;244,712;244,711;244,710;243,710;243,709;243,708;243,707;243,705;243,703;243,702;243,701;243,700;243,699;243,698;243,697;243,696;243,695;243,694;243,693;243,692;243,691;243,690;244,690;244,689;244,688;244,687;244,686;244,685;244,684;244,683;243,683;243,682;243,681;243,680;243,679;243,678;243,677;243,676;243,675;243,674;243,673;243,672;244,672;244,671;245,670;245,669;246,668;247,667;247,666;247,665;247,664;247,663;247,662;247,661;247,660;246,659;246,658;245,658;245,657;245,656;245,655;245,654;246,654;245,654;245,653;245,652;244,652;243,652;243,651;243,650;242,650;242,649;241,649;241,648;240,647;240,646;239,646;239,645;238,645;237,644;236,644;236,643;235,642;235,641;234,640;234,639;233,639;233,638;233,637;233,636;233,635;233,634;234,634;234,633;234,632;235,632;235,631;236,631;236,630;237,630;238,630;239,629;240,629;241,629;242,628;243,628;244,628;245,627;246,627;246,626;247,626;248,626;248,625;249,625;250,624;251,624;252,624;253,624;254,624;255,624;256,624;257,624;258,623;259,623;259,622;260,622;261,622;262,620;263,620;264,620;264,619;265,618;265,617;265,616;266,616;267,615;267,614;267,613;267,612;267,611;267,610;267,609;266,608;266,607;265,607;265,606;264,606;264,605;263,605;262,605;261,605;260,605;259,605;259,604;258,603;258,602;257,602;257,601;257,600;256,600;255,599;255,598;254,598;253,598;253,599;252,600;251,600;250,600;249,600;248,600;247,601;246,601;245,602;244,602;243,602;242,602;241,602;240,602;240,603;239,603;238,603;237,602;235,601;235,600;233,598;232,598;231,598;230,597;229,597;228,596;227,596;225,596;225,597;225,598;225,599;225,600;225,601;226,601;226,602;225,602;225,603;224,603;223,604;222,605;221,606;221,607;220,608;220,609;219,610;219,611;219,612;218,612;217,612;217,613;216,613;215,613;215,614;214,614;213,614;213,615;212,615;211,616;210,616;210,617;209,617;209,618;208,618;207,618;207,619;206,619;205,619;205,620;204,620;203,620;202,620;201,620;200,620;199,620;198,620;197,620;196,620;195,620;195,619;195,618;194,618;193,618;193,617;192,616;191,616;191,615;190,614;189,614;189,613;189,612;188,612;187,612;187,611;186,611;185,611;185,610;184,610;183,610;182,610;181,610;180,610;179,610;178,610;177,611;176,611;175,611;173,611;171,611;170,610;168,610;165,610;163,610;162,610;161,610;161,611;160,611;160,612;159,612;159,613;159,614;158,614;158,615;157,616;156,617;155,618;154,619;153,620;152,621;151,622;150,622;148,624;147,624;146,625;144,626;143,627;143,628;141,629;140,630;139,630;139,631;138,631;137,632;136,632;135,632;135,633;135,634;136,634;137,634;137,635;138,635;138,636;139,636;139,637;139,638;139,639;139,640;139,641;139,642;139,643;139,644;139,645;138,646;138,647;138,648;137,648;137,649;137,650;137,651;136,652;136,653;135,653;135,654;135,655;134,656;133,656;133,657;133,658;132,658;132,659;131,659;131,660;130,660;130,661;129,661;129,662;128,662;127,662;126,662;126,663;125,663;125,664;124,665;124,666;123,666;122,666;121,666;120,666;119,666;119,665;119,664;118,664;117,664;117,663;117,662;116,662;115,662;115,661;115,660;114,660;113,659;113,658;112,658;112,657;111,657;111,656;111,655;111,654;110,654;110,653;109,653;109,652;109,651;109,650;108,650;108,649;108,648;108,647;108,646;108,645;108,644;107,644;107,643;107,642;107,641;107,640;107,639;107,638;107,637;107,636;107,635;107,634;106,634;105,634;105,633;104,633;104,632;103,632;102,632;101,632;100,632;99,632;99,631;98,631;97,631;96,631;95,631;95,632;94,632;93,632;92,632;92,633;91,633;91,634;90,634;90,635;89,636;89,637;89,638;89,639;89,640;88,640;88,641;87,642;87,643;87,644;87,645;87,646;87,647;87,648;86,648;86,649;86,650;87,650;87,651;87,652;87,653;87,654;87,655;87,656;87,657;87,658;87,659;87,660;87,661;87,662;87,663;87,664;87,665;87,666;87,667;87,668;87,669;88,670;88,671;88,672;88,673;88,674;88,675;88,676;88,677;88,678;88,679;88,680;88,681;88,682;88,683;88,684;88,685;88,686;87,686;87,687;87,688;87,689;87,690;86,691;86,692;86,693;85,694;85,695;85,696;85,697;85,698;85,700;85,701;85,702;85,703;85,704;86,704;87,704;87,705;88,705;89,705;89,706;90,706;91,706;91,707;92,708;93,708;93,709;93,710;94,711;95,712;95,713;96,714;97,715;97,716;98,716;98,717;99,717;99,718;100,718;101,719;101,720;102,720;103,720;103,721;104,722;105,724;105,725;106,725;106,726;107,727;107,728;107,729;108,729;108,730;108,731;109,732;109,733;109,734;109,735;109,736;109,737;109,738;109,739;109,740;109,741;109,742;109,743;109,744;109,745;109,746;109,747;109,748;109,749;109,750;110,751;110,752;110,753;110,754;110,755;111,755;111,756;111,757;111,758;111,759;111,760;111,761;111,762;111,763;111,764;111,765;111,766;111,767;112,768;112,769;112,770;112,771;113,772;113,774;113,775;113,776;113,777;114,778;114,780;115,782;115,783;115,784;115,785;115,786;115,787;116,788;116,790;117,790;117,792;118,793;118,794;119,794;119,796;119,798;120,800;120,802;121,802;121,805;122,807;122,808;123,809;123,811;124,813;124,814;124,815;125,816;125,818;125,820;126,820;126,821;127,822;127,823;127,824;128,824;128,826;129,826;129,827;129,828;130,828;131,829;131,830;132,830;132,831;133,832;133,833;134,833;134,834;134,835;135,835;135,836;135,837;135,838;136,839;136,840;136,841;137,841;137,842;137,843;138,843;138,844;139,844;139,845;139,846;140,846;141,846;141,847;141,848;142,848;143,848;143,849;144,850;145,850;145,851;146,852;147,852;148,853;149,854;151,855;151,856;153,857;154,858;156,858;157,859;158,860;160,860;161,861;163,862;165,862;167,863;167,864;169,864;171,866;174,867;175,868;176,868;179,869;181,870;182,870;183,870;185,870;187,871;188,871;189,871;191,872;193,872;195,873;197,874;198,874;199,875;202,877;205,878;205,879;207,879;209,880;210,880;211,881;212,881;216,882;217,882;219,883;221,884;223,884;224,885;225,886;228,887;229,888;231,888;235,890;237,890;239,890;242,891;245,892;247,892;248,892;252,894;253,894;255,895;259,896;261,898;263,898;264,898;265,899;266,900;268,900;270,901;272,901;273,901;274,902;276,902;278,902;279,902;280,902;281,902;281,901;283,901;284,901;285,901;287,901;288,901;289,901;290,901;291,902;292,902;293,902;293,903;294,903;295,903;296,904;297,904;298,904;299,904;300,904;301,904;302,904;303,905;305,906;306,906;307,906;308,906;309,906;310,906;311,906;312,906;313,906;315,905;316,905;317,904;318,904;319,903;319,902;320,902;321,901;321,900;321,899;321,898;321,897;321,896;322,895;323,894;324,893;324,892;325,892;325,891;325,890;326,890;327,889;327,888;328,888;329,887;329,886;330,885;331,884;332,883;333,882;333,881;333,880;333,879;334,878;334,876;335,875;335,874;335,873;335,872;335,871;335,870;335,869;336,869;336,868;337,868;337,867;338,866;338,865;339,865;339,864;339,863;339,862;339,860;339,859;340,858;341,857;341,856;341,855;341,854;342,854;342,853;342,852;343,852;343,851;343,850;344,850;344,849;345,848;345,847;346,846;347,845;347,844;348,844;348,843;349,843;349,842;349,841;349,840;350,839;350,838;351,838;351,837;351,836;352,836;352,835;353,835;353,834;353,833;353,832;353,831;353,830;353,829;353,828;353,827;353,826;353,825;353,824;353,823;353,822;353,821;353,820;353,819;353,818;353,817;353,816;353,815;353,814;353,813;353,812;353,811;353,810;353,809;353,808;353,807;353,806;353,805;353,804;352,804;352,803;351,803;350,803;349,803;348,803;347,803;346,803;345,803;344,803;343,803;343,802;343,801;343,800;343,799;342,799;342,798;341,798;341,797;341,796;340,796;340,795;339,794;339,793;339,792;339,791;339,790;338,790;338,789;338,788;338,787;338,786;338,785;338,784;338,783;338,782;339,782;339,781;339,780;339,779;339,778;340,778;340,777;341,777;341,776;341,775;342,775;342,774;343,774;343,773;343,772;344,772;345,772;345,771;345,770;346,770;347,770;347,769;347,768;348,768;349,767;350,767;351,767;352,767;353,767;354,767;355,768;356,768;357,768;358,768;359,768;359,767;360,767;361,766;362,766;363,766;363,765;364,765;365,765;366,765;367,765;367,764;368,764;369,764;369,765;370,765;371,766;372,766;372,767;373,767;373,768;374,768;375,768;375,767;376,767;376,766;377,766;378,766;379,765;379,764;380,764;380,763;380,762;381,762;381,761;381,760;381,759;382,758;383,757;383,756;383,755;384,754;385,754;385,753;385,752;386,752;387,751;387,750;387,749;388,748;389,748;389,747;389,746;390,746;390,745;390,744;391,744;391,743;391,742;392,742;392,741;393,741;393,740;393,739;393,738;393,737;393,736;393,735;393,734;393,733;393,732;393,731;393,730;393,729;393,728;392,728;391,728;391,727;391,726;390,726;389,726;389,725;388,725;387,725;386,725;385,724;384,724;383,724;382,724;381,724;380,724;379,724;378,724;377,724;376,724;375,723;374,723;373,723;373,722;372,722;371,722;370,722;369,722;368,722;367,722;366,722;365,722;364,722;363,722;362,722;362,723;361,724;361,725;361,726;361,727;361,728;360,729;360,730;359,730;359,731;359,732;359,733;359,734;358,734;358,735;358,736;357,736;357,737;357,738;357,739;357,740;357,741;357,742;356,742;356,743;356,744;355,744;355,745;355,746;354,746;354,747;354,748;353,748;353,749;352,750;351,750;351,751;350,751;350,752;349,752;349,753;349,754;348,754;347,754;347,755;346,755;345,755;345,756;344,756;343,756;342,756;341,756;340,756;339,756;338,756;337,756;336,756;335,756;335,757;334,757;333,757;333,758;332,758;331,758;330,758;329,758;328,758;328,759;327,759;327,760;326,760;325,761;325,762;325,763;325,764;325,765;324,765;324,766;324,767;324,768;324,769;324,770;323,770;323,771;323,772;323,773;323,774;323,775;323,776;322,777;322,778;322,779;322,780;322,781;321,782;321,783;321,784;321,785;321,786;321,787;321,788;321,789;321,790;321,791;321,792;321,793;321,794;321,795;321,796;321,797;321,798;321,799;322,799;323,800;324,800;325,800;325,801;326,801;326,802;327,802;327,803;327,804;328,804;328,805;328,806;328,807;329,807;329,808;329,809;329,810;329,811;330,811;330,812;331,812;331,813;331,814;331,815;332,816;332,817;333,818;333,819;333,820;332,820;331,820;331,821;330,821;330,822;329,822;329,823;328,824;327,824;327,825;327,826;326,826;325,826;324,826;323,826;323,825;322,825;321,825;320,825;319,825;319,824;318,824;317,824;316,824;315,824;315,823;314,822;313,822;312,822;312,821;311,821;311,820;310,820;309,820;308,820;308,819;307,819;307,820;307,821;307,822;307,823;307,824;307,825;307,826;307,827;307,828;307,829;307,830;308,830;308,831;308,832;309,832;309,833;309,834;310,834;310,835;311,836;311,837;312,838;313,838;313,839;313,840;314,841;315,842;315,843;316,844;316,846;317,846;317,848;317,849;317,850;317,851;317,852;317,854;317,856;317,859;317,860;317,862;317,863;317,862;
Stroma; POLYGON; 128, 128, 128; 317,827;316,827;315,826;314,826;313,825;313,824;312,824;311,824;311,823;311,822;310,822;309,822;309,821;308,820;307,820;306,819;305,819;303,818;302,817;301,816;295,816;291,816;289,816;287,817;286,817;285,819;283,821;282,824;281,829;280,834;279,839;279,846;280,849;283,854;286,858;289,861;296,868;301,872;305,873;308,873;311,871;321,862;
Stroma; POLYGON; 128, 128, 128; 335,812;335,811;335,810;335,808;335,807;335,806;334,806;334,805;333,804;332,804;331,803;330,803;329,803;328,803;327,803;326,802;325,802;324,802;323,802;322,801;321,800;320,800;319,798;318,798;318,797;317,797;317,796;316,796;314,796;313,795;311,794;310,794;309,793;308,792;308,791;307,790;307,788;307,786;307,784;307,783;307,782;307,778;307,776;307,775;307,774;307,773;307,771;307,770;307,768;307,767;307,766;307,765;308,764;309,763;309,762;310,762;311,760;312,760;313,759;313,758;313,757;314,757;314,756;315,756;316,756;316,755;317,755;317,754;318,754;319,754;320,754;321,754;322,754;323,754;323,755;324,755;325,756;326,756;326,757;327,757;327,758;328,759;329,760;329,761;329,762;330,762;330,764;330,766;330,767;330,768;330,769;330,770;329,772;329,774;328,774;328,775;328,776;328,778;328,779;328,780;328,781;328,782;328,783;329,784;329,785;329,786;329,787;330,787;330,788;330,789;331,789;331,790;332,790;333,790;333,791;334,791;335,791;335,792;336,792;336,793;337,794;337,795;338,795;338,796;339,796;340,796;341,796;342,796;343,796;344,796;345,796;346,796;347,796;347,797;348,798;349,798;349,799;350,800;350,801;351,802;351,805;351,808;351,809;350,809;349,810;348,810;347,811;345,812;343,813;341,813;341,814;341,813;341,811;340,809;340,807;
Stroma; POLYGON; 128, 128, 128; 350,820;351,823;353,825;353,826;355,827;356,830;357,830;359,832;360,833;361,834;362,835;363,835;364,836;366,837;367,838;368,839;369,840;371,840;373,841;373,842;374,842;375,842;376,842;377,843;378,843;379,844;380,844;381,844;382,844;383,844;384,844;385,844;386,844;387,844;388,844;389,843;390,843;391,843;391,842;392,842;393,842;394,842;395,842;395,841;396,841;396,840;397,840;397,839;397,838;397,837;397,836;397,835;398,834;398,833;398,832;399,832;399,831;399,830;400,830;401,830;401,829;402,829;403,829;404,829;405,829;406,829;406,830;407,830;408,830;409,830;409,831;410,831;411,831;412,831;413,831;413,832;414,832;415,832;416,832;417,832;418,832;419,833;420,834;421,834;421,835;422,836;423,837;423,838;423,839;423,840;423,841;423,842;422,842;422,843;421,843;421,844;421,845;420,846;419,847;419,848;419,849;419,850;419,851;419,852;420,853;420,854;421,854;421,855;421,856;421,857;422,858;423,858;423,859;424,860;425,860;425,861;425,862;426,862;426,863;426,864;427,864;427,865;427,866;428,866;429,866;430,866;430,867;431,867;431,868;432,868;433,869;433,870;434,870;435,870;435,871;436,871;436,872;437,872;437,873;438,874;439,874;439,875;439,876;440,876;441,877;441,878;442,878;443,878;443,879;443,880;444,880;445,880;445,881;445,882;445,883;446,884;447,885;447,886;447,887;447,888;448,888;448,889;449,889;449,890;449,891;449,892;448,892;448,893;448,894;447,894;447,895;447,896;446,896;445,896;445,897;444,897;443,898;442,898;442,899;441,899;440,900;439,900;438,900;437,900;436,900;435,901;434,901;433,902;432,902;431,902;431,903;430,903;429,903;428,903;427,903;426,902;425,902;425,901;424,900;423,900;423,899;422,899;421,899;421,898;420,898;419,898;419,897;418,896;417,896;417,895;416,895;416,894;415,894;415,893;415,892;414,892;414,891;413,890;413,889;413,888;413,887;413,886;412,886;412,885;412,884;411,884;411,883;410,883;410,882;409,882;408,882;408,881;407,881;407,880;406,880;406,879;405,879;405,878;404,878;404,877;403,877;403,876;402,876;402,875;401,874;400,874;399,874;399,873;398,873;397,873;396,873;395,872;393,872;392,871;391,870;390,870;389,870;388,870;387,870;386,870;385,870;384,870;383,870;383,869;382,869;381,868;379,868;379,867;378,867;377,867;377,866;376,866;375,866;373,866;372,866;371,866;369,866;367,866;366,866;364,867;363,867;361,868;361,869;360,870;359,871;359,872;358,873;357,874;357,876;357,877;356,878;356,879;356,880;356,882;356,883;357,884;357,885;357,886;358,888;359,890;360,890;361,892;362,892;363,892;363,893;365,894;366,894;366,895;366,896;366,897;367,897;367,898;367,899;367,900;368,900;368,901;368,902;369,902;369,903;369,904;369,905;368,905;368,906;367,906;367,907;366,907;365,907;365,908;364,908;363,908;362,908;361,908;360,908;359,908;358,908;357,908;356,908;356,907;356,906;355,906;355,905;355,904;355,903;355,902;355,901;354,900;354,899;354,898;353,898;353,897;353,896;352,896;352,895;351,894;350,894;350,893;349,893;349,892;347,892;347,891;345,890;343,889;342,889;341,888;339,888;337,888;336,889;335,890;334,890;333,891;332,892;331,893;331,894;330,896;329,897;328,900;327,900;327,901;327,902;326,902;325,904;323,904;322,905;320,906;318,906;317,906;314,907;313,907;311,908;308,908;305,908;303,908;302,908;302,907;301,907;298,906;297,906;295,905;293,904;291,903;289,902;285,901;284,900;281,898;280,897;278,895;277,894;275,893;273,892;271,892;270,892;269,892;266,892;265,892;263,891;261,891;259,891;257,891;255,892;254,892;253,892;249,892;248,892;245,892;243,892;239,892;235,892;233,892;230,892;225,892;222,891;219,890;216,890;211,890;208,890;206,889;201,888;198,886;193,883;189,879;185,872;183,867;183,865;181,862;180,861;180,856;181,853;185,848;187,846;193,843;196,842;203,840;207,839;215,836;219,836;226,835;229,835;237,835;245,836;249,838;255,839;258,839;262,840;264,840;269,841;275,843;276,844;277,844;279,844;279,843;279,841;279,840;279,838;281,836;283,834;284,833;285,831;289,826;291,824;293,822;293,821;295,818;296,816;299,812;299,811;301,809;301,810;300,810;299,810;299,811;297,812;297,814;295,818;294,823;293,827;293,828;293,830;293,831;293,834;294,838;294,840;295,844;295,846;296,848;297,850;297,852;298,856;299,858;300,860;301,860;302,860;303,860;303,859;304,858;306,857;309,855;313,852;315,851;318,848;319,848;321,846;321,845;322,844;323,843;325,842;325,841;325,840;326,840;326,839;327,839;327,838;327,837;328,836;329,836;329,835;331,832;332,830;333,829;334,826;336,824;337,822;338,820;339,819;339,818;340,816;340,815;340,814;341,813;
Stroma; POLYGON; 128, 128, 128; 261,760;259,759;257,758;255,758;254,758;253,758;252,758;250,758;247,759;245,760;244,760;243,758;240,755;239,752;238,750;237,748;237,747;235,743;235,739;234,734;233,732;233,730;231,727;230,723;229,722;229,720;229,719;228,718;228,717;228,715;228,714;228,713;228,710;228,709;228,708;228,707;228,706;228,705;228,703;228,700;228,697;228,694;228,691;228,690;228,688;228,687;228,686;228,684;228,681;228,679;229,678;231,675;232,674;233,673;234,672;235,671;237,670;238,670;239,670;240,670;241,670;241,669;242,669;243,669;244,670;245,670;245,671;246,671;246,672;247,672;247,673;247,674;248,675;248,677;248,678;248,679;248,680;248,681;248,682;248,684;247,686;247,688;247,689;247,690;247,692;247,693;247,694;247,696;248,696;248,698;249,700;249,701;249,702;250,703;251,704;251,705;251,706;251,707;252,708;252,709;254,712;255,714;255,715;255,716;255,717;255,719;255,721;255,723;255,724;256,724;257,726;257,727;258,728;260,728;262,729;264,730;265,730;268,730;270,730;271,730;272,730;273,730;275,730;277,731;277,732;277,734;277,735;278,736;278,738;279,740;279,743;279,745;279,747;278,748;276,750;275,752;
Stroma; POLYGON; 128, 128, 128; 421,698;421,697;421,696;421,695;421,694;421,693;421,692;421,691;421,690;421,689;421,688;421,687;421,686;421,685;420,684;419,683;419,682;418,682;417,681;417,680;416,680;415,680;414,680;413,679;412,679;411,679;410,679;409,679;408,680;407,680;406,680;405,680;404,680;403,680;402,680;401,680;401,681;400,681;399,682;398,682;397,683;396,684;394,684;392,686;391,686;391,687;390,688;389,688;389,689;387,690;385,692;383,693;383,694;382,694;380,695;379,696;378,696;378,697;377,697;376,697;375,697;374,697;373,697;372,697;371,697;370,697;369,697;368,697;367,697;366,697;365,697;365,698;364,698;364,699;363,699;363,700;363,701;362,702;361,702;361,703;361,704;360,704;359,704;358,704;357,704;357,703;356,703;355,702;353,700;352,699;351,699;351,698;350,698;349,698;348,698;347,698;346,698;345,698;344,698;343,698;342,699;341,699;341,700;341,701;340,702;339,702;339,703;339,704;339,705;339,706;338,706;338,707;337,707;337,708;335,708;334,708;333,708;332,708;331,708;330,708;329,708;328,708;327,708;326,708;325,708;323,708;322,708;321,708;320,708;319,708;318,708;317,708;316,708;315,709;314,709;313,709;312,709;311,709;310,709;309,709;307,708;306,708;305,708;304,708;303,708;302,708;301,707;300,707;299,706;299,705;298,705;298,704;297,704;297,702;296,702;296,701;295,701;295,700;296,700;296,699;297,699;298,698;299,698;301,698;302,696;303,695;304,694;305,694;306,693;307,693;307,692;308,692;309,692;309,691;310,691;311,690;312,690;312,689;313,689;314,688;315,688;316,688;317,687;318,687;319,687;319,686;320,686;321,686;322,686;323,686;324,686;325,686;325,685;326,685;327,685;327,686;328,686;329,686;330,686;331,686;331,687;332,687;333,687;334,687;335,687;336,687;337,687;338,687;339,687;340,687;341,687;341,686;342,686;343,686;344,686;345,686;346,686;347,686;348,686;349,686;350,685;351,685;351,684;352,684;352,683;353,682;354,682;355,681;355,680;356,680;356,679;357,679;357,678;358,678;359,678;360,678;361,678;362,678;363,678;364,678;365,679;365,680;366,680;367,680;367,681;368,681;369,681;370,681;371,681;372,681;373,681;374,681;375,681;376,681;376,680;377,680;378,680;379,680;379,679;380,679;381,678;382,678;383,678;384,678;385,678;385,677;386,677;387,677;388,677;389,677;390,677;391,677;392,677;393,677;393,676;394,676;395,676;396,676;397,676;398,676;399,676;400,676;401,676;402,676;402,675;403,675;404,675;405,674;406,674;407,674;407,673;408,673;409,673;409,672;410,672;411,672;412,672;413,672;414,672;415,672;415,673;416,673;417,673;417,674;418,674;419,674;420,675;421,675;421,676;422,676;423,676;423,677;424,678;425,678;425,679;425,680;426,680;426,681;427,682;427,683;427,684;428,684;428,685;429,685;429,686;429,687;430,688;430,689;430,690;430,691;430,692;430,693;429,693;429,694;428,694;427,695;426,695;426,696;425,696;
Stroma; POLYGON; 128, 128, 128; 425,684;425,683;425,682;425,681;425,680;425,679;425,678;425,677;425,676;425,675;425,674;425,673;425,672;425,671;424,670;424,669;424,668;424,667;424,666;423,665;423,664;423,663;423,662;422,662;421,661;421,660;420,659;419,659;419,658;418,658;417,658;417,659;416,659;416,660;415,660;414,661;413,662;413,663;412,663;412,664;411,664;411,665;411,666;410,666;409,666;409,667;408,667;407,667;406,667;405,667;404,667;403,667;402,667;401,667;401,666;400,666;399,666;398,666;397,666;396,666;395,666;393,666;391,667;390,668;389,668;388,669;387,669;386,669;386,670;385,670;384,670;383,670;382,670;380,670;379,670;376,671;374,672;372,673;369,674;367,677;367,679;367,682;370,684;372,684;373,684;375,684;379,684;381,684;382,684;385,683;386,682;387,681;389,680;391,678;392,677;394,676;395,676;396,676;397,676;398,676;399,676;400,676;401,676;402,676;403,676;404,676;405,676;406,676;407,677;408,677;409,678;410,678;411,678;412,679;413,680;415,680;416,680;417,680;418,680;420,680;421,681;
Stroma; POLYGON; 128, 128, 128; 421,696;422,697;422,698;423,699;423,700;423,701;423,702;422,702;421,702;421,703;421,704;420,704;420,705;419,705;419,706;417,706;417,708;416,708;415,709;415,710;414,710;413,710;412,710;411,710;410,711;409,711;409,712;408,712;407,712;406,713;405,714;404,714;403,714;402,714;401,714;399,715;397,715;396,715;395,716;394,716;393,717;393,718;391,720;389,720;388,722;387,723;385,725;385,726;384,727;384,728;383,728;383,729;382,730;381,731;380,733;379,734;379,735;379,736;379,737;379,738;379,739;379,741;379,742;378,744;377,746;377,750;377,751;376,753;376,755;376,756;377,757;377,759;377,760;377,761;378,762;379,763;379,764;381,764;382,764;383,764;385,762;386,760;388,759;389,758;391,757;392,756;393,756;394,756;394,755;395,755;396,755;397,755;397,754;398,754;399,754;400,754;400,753;401,753;402,753;403,753;403,752;404,752;404,751;405,751;405,750;406,748;407,748;407,747;407,746;408,746;408,745;409,744;409,743;410,743;411,742;412,740;412,739;413,738;414,738;415,737;416,737;416,736;417,736;418,736;419,735;419,734;419,733;420,732;420,730;420,729;420,728;421,728;421,727;421,726;421,725;422,724;423,724;423,722;424,722;425,721;425,720;426,720;427,719;428,718;429,718;430,718;431,717;431,716;433,715;433,714;434,713;434,712;435,711;435,710;435,709;435,708;435,707;435,706;436,706;437,704;437,703;437,702;438,702;438,701;438,700;437,700;437,699;437,698;436,697;435,696;435,695;435,694;434,694;434,693;434,692;
Stroma; POLYGON; 128, 128, 128; 415,724;414,725;414,726;414,727;414,728;414,729;414,730;413,731;413,732;413,733;413,734;412,734;412,735;412,736;411,736;411,737;411,738;412,738;412,739;413,739;413,740;413,741;414,742;415,742;415,743;416,744;417,744;418,745;419,746;420,746;421,747;422,748;423,748;424,748;425,748;425,749;426,750;427,750;427,751;428,751;429,752;430,752;431,752;433,753;434,753;435,753;436,753;437,753;438,753;439,753;440,753;441,753;442,753;443,753;444,753;445,753;445,754;446,754;447,754;448,754;449,754;450,754;451,754;452,754;453,754;454,754;455,754;456,754;457,754;457,753;458,753;459,753;460,753;461,753;462,753;463,753;464,753;465,753;466,753;467,753;468,753;469,753;469,754;470,754;470,755;470,756;471,756;471,757;472,758;473,758;473,759;474,759;474,760;475,760;475,761;475,762;475,763;476,764;476,765;477,766;477,767;477,768;478,769;478,770;478,771;478,772;479,772;479,773;478,773;477,773;477,774;476,774;475,774;474,774;473,774;472,774;471,774;471,773;470,772;469,772;469,771;468,771;467,771;467,770;466,770;465,769;465,768;464,768;463,768;462,768;461,768;460,768;459,768;459,767;458,767;457,767;456,767;455,767;454,767;453,767;453,766;452,766;451,766;450,766;449,766;449,765;448,765;447,765;445,765;444,765;443,764;442,764;441,764;440,764;439,764;438,764;437,764;436,764;435,764;435,763;434,763;433,763;432,763;431,763;431,762;430,762;429,762;428,762;427,762;426,761;425,761;424,761;423,760;422,760;421,760;420,760;419,760;418,760;417,760;417,759;416,759;415,759;414,759;413,759;413,758;412,758;411,758;410,758;409,758;408,758;408,757;407,756;406,756;405,756;405,755;403,754;402,754;401,754;400,753;399,752;398,752;396,752;395,752;394,751;394,750;394,749;394,748;395,746;395,743;398,738;403,733;405,732;407,732;409,732;410,734;412,734;
Stroma; POLYGON; 128, 128, 128; 417,720;417,721;416,722;416,724;416,725;417,726;417,727;417,728;418,728;418,729;419,729;419,730;420,730;421,730;422,730;423,730;424,729;425,729;425,728;426,728;427,728;428,728;428,727;429,727;429,726;430,726;431,726;431,725;432,724;433,724;434,724;435,723;436,723;437,723;438,723;439,723;439,722;440,722;441,721;441,720;442,720;443,720;443,719;444,718;445,718;445,717;446,716;447,716;447,715;448,715;449,714;450,714;451,714;451,713;451,712;452,712;453,712;453,711;453,710;454,710;454,709;455,708;455,707;456,707;456,706;456,705;456,704;455,703;455,702;455,701;454,700;453,700;453,699;453,698;452,698;452,697;451,697;451,696;450,696;450,695;449,694;449,693;449,692;448,692;448,691;447,691;447,690;446,690;446,689;445,689;445,688;444,688;443,688;443,687;442,687;442,686;441,686;440,686;440,685;439,685;439,684;438,684;437,683;437,682;436,682;435,681;435,680;434,680;433,680;433,679;433,678;432,678;431,678;431,677;431,676;430,676;430,675;429,675;429,674;428,674;427,674;426,674;426,673;425,673;424,673;423,673;422,673;421,673;421,674;421,675;421,676;421,677;421,678;421,680;422,682;422,683;423,684;423,686;425,688;426,690;427,692;
Stroma; POLYGON; 128, 128, 128; 423,675;423,674;422,674;422,673;421,672;421,671;421,670;421,669;420,668;420,667;420,666;420,665;420,664;420,663;420,662;420,661;421,661;421,660;421,659;421,658;422,658;422,657;422,656;422,655;423,655;423,654;423,653;423,652;423,651;423,650;423,649;423,648;423,647;423,646;423,645;423,644;423,643;423,642;423,641;423,640;422,640;422,639;422,638;422,637;421,637;421,636;421,635;421,634;421,633;421,632;420,632;420,631;419,631;419,630;419,629;419,628;418,627;417,626;417,625;416,625;415,624;415,623;414,622;413,622;412,621;411,621;411,620;410,620;409,620;408,619;407,619;406,619;405,619;404,619;404,620;403,620;403,621;402,621;401,622;400,622;399,622;398,622;397,622;397,623;396,623;395,623;395,624;394,624;393,624;392,624;392,625;391,626;391,627;391,628;390,628;390,629;390,630;389,630;389,631;389,632;389,633;389,634;388,634;388,635;387,635;387,636;387,637;387,638;386,639;386,640;385,641;385,642;385,644;385,645;386,646;386,647;387,647;388,647;389,647;390,647;391,647;392,647;393,646;394,646;395,646;395,645;396,644;397,644;398,644;399,644;400,644;401,644;401,645;402,645;403,645;403,646;404,646;405,646;405,647;405,648;405,649;406,650;406,651;406,652;407,652;407,653;407,654;407,655;407,656;407,657;407,658;407,659;407,661;407,662;407,663;407,664;408,666;409,668;409,669;409,670;411,671;413,673;414,674;
Stroma; POLYGON; 128, 128, 128; 387,631;387,630;386,630;385,630;385,629;384,628;383,628;383,627;382,626;381,626;380,626;379,626;378,625;377,625;376,625;375,625;374,625;373,625;372,625;372,626;371,626;370,627;369,628;368,628;367,628;367,629;366,630;366,631;365,631;365,632;365,633;365,634;364,634;363,636;363,637;363,638;362,640;361,641;361,642;361,644;361,645;361,646;361,648;361,650;361,651;360,652;359,652;359,653;358,654;357,654;356,654;355,655;355,656;354,656;353,656;352,657;351,657;350,658;349,658;349,659;348,660;347,660;347,662;346,662;345,663;344,663;343,663;342,662;341,662;340,662;339,661;338,661;337,661;336,661;335,661;334,662;333,662;332,662;331,663;330,663;329,664;328,664;327,665;325,666;324,666;323,666;323,667;322,667;321,668;320,668;319,669;318,669;317,670;316,670;315,670;314,670;313,670;312,670;311,670;310,670;309,671;308,671;307,671;306,671;305,671;304,671;303,671;302,671;301,671;300,671;299,671;298,671;297,671;296,672;295,672;293,672;292,671;291,671;291,670;290,670;289,670;288,670;287,670;287,669;286,669;285,668;284,668;283,668;282,668;281,668;280,668;279,668;279,667;278,667;277,667;276,666;275,666;274,666;273,665;272,665;271,665;270,665;269,665;268,665;267,665;266,665;265,665;264,666;263,666;262,667;261,668;260,668;259,670;258,672;257,672;257,673;257,674;256,674;256,675;255,675;255,676;255,677;253,679;252,680;251,681;250,682;249,684;247,686;246,687;245,688;245,689;245,688;245,687;244,686;243,685;243,684;242,681;241,677;240,674;239,672;239,670;238,669;237,669;237,668;237,667;237,666;236,666;236,665;236,664;236,662;236,661;236,660;237,660;237,659;237,658;237,657;237,656;237,655;237,654;237,653;238,653;238,652;239,652;239,651;240,651;241,651;241,650;242,650;243,650;244,650;245,650;246,650;246,649;247,648;248,648;249,648;250,648;251,648;252,649;253,649;255,649;256,649;257,649;257,648;257,647;257,646;257,642;257,641;258,640;258,638;258,637;258,636;257,634;256,634;256,633;255,632;254,631;253,630;252,630;252,629;251,629;250,629;249,629;248,629;248,628;247,628;246,628;246,627;245,627;246,627;247,627;248,626;250,626;254,622;258,618;259,617;261,615;263,614;265,613;266,612;267,612;268,612;269,612;271,612;272,612;273,612;273,611;273,610;273,609;273,608;274,607;275,606;275,603;276,602;276,600;277,598;277,597;278,596;279,596;281,594;282,593;285,591;286,590;287,590;288,590;289,589;290,589;291,588;292,588;293,588;294,588;295,588;297,587;299,587;301,587;302,587;303,587;304,587;305,587;305,588;306,588;307,588;307,589;309,590;309,591;310,592;311,593;313,594;314,596;315,597;318,600;321,602;322,604;323,606;325,609;326,610;328,611;329,611;330,612;331,612;335,614;337,614;339,614;343,614;344,614;346,614;347,614;348,614;350,613;352,612;355,612;357,612;358,612;361,611;363,611;365,611;367,611;369,611;370,611;371,611;374,611;375,611;379,611;380,612;381,612;384,613;385,614;386,614;387,615;388,616;389,616;391,616;393,618;395,618;397,620;399,621;399,622;400,622;401,623;401,624;402,626;403,626;403,627;404,628;404,629;405,629;405,630;
Stroma; POLYGON; 128, 128, 128; 403,640;404,638;405,637;406,635;407,634;408,632;409,631;411,628;413,626;415,623;415,622;416,620;417,617;417,616;417,615;418,613;419,612;419,610;419,609;420,608;420,606;420,605;420,604;421,603;421,602;421,601;421,600;421,598;422,598;422,597;422,596;423,596;423,595;423,594;423,593;423,592;423,591;423,590;423,589;423,588;422,588;422,587;421,587;421,586;420,586;419,586;418,585;417,585;416,584;415,584;413,584;412,584;411,583;410,583;409,582;408,582;407,582;406,582;405,582;405,583;403,584;402,584;401,584;400,584;399,584;398,584;397,584;396,584;395,584;394,584;392,584;391,584;389,584;387,584;385,584;385,583;383,583;382,583;381,583;380,582;379,582;378,582;377,582;376,583;374,584;373,584;372,585;370,586;368,587;367,588;366,588;365,588;363,589;363,590;362,590;362,591;361,592;361,593;361,594;360,596;359,597;359,598;359,600;358,602;358,603;358,604;357,604;357,606;357,608;357,609;357,611;358,612;359,614;361,615;362,617;363,618;365,620;367,621;369,622;375,622;379,622;381,622;383,622;389,623;
Stroma; POLYGON; 128, 128, 128; 377,596;376,595;375,594;374,593;373,592;372,592;372,591;371,591;370,591;369,590;368,590;367,590;366,590;365,590;364,589;363,588;361,588;360,587;359,587;359,586;358,586;357,586;356,586;354,586;352,585;349,585;346,584;343,584;341,584;339,584;338,585;336,586;334,587;332,588;331,588;327,590;325,590;323,591;321,592;321,594;320,595;319,596;317,600;317,604;317,606;317,610;318,612;319,617;321,620;323,622;327,624;331,626;336,626;340,626;342,625;345,623;347,622;349,620;353,619;357,618;360,617;362,616;363,616;364,616;365,615;368,610;372,608;376,608;378,608;379,608;381,608;
Stroma; POLYGON; 128, 128, 128; 343,593;342,592;341,590;341,589;340,588;339,588;339,586;338,586;338,585;337,584;335,583;335,582;334,582;333,581;332,580;331,580;330,580;329,580;328,581;327,581;326,581;325,581;325,580;324,580;323,580;322,580;321,580;320,580;319,580;318,580;317,580;317,579;316,579;315,579;314,579;313,579;312,579;311,579;310,579;309,579;309,578;308,578;308,579;307,579;306,579;305,579;304,579;304,578;303,578;302,578;301,578;300,578;299,578;298,578;297,578;296,578;295,579;294,580;293,580;292,580;291,581;290,581;290,582;289,582;288,582;287,582;287,583;286,583;285,583;285,584;284,584;284,585;283,585;283,586;282,587;281,588;281,589;279,590;279,591;278,592;277,593;277,594;276,594;275,594;274,594;273,594;272,594;271,595;270,596;269,596;267,597;267,598;265,598;264,598;263,598;262,598;261,598;261,597;260,597;259,596;258,596;257,595;256,594;256,593;255,593;255,592;255,591;255,590;255,589;256,588;256,587;257,586;257,585;257,584;257,583;258,583;258,582;258,581;258,580;258,579;258,578;258,577;258,576;258,575;258,574;258,573;258,572;258,571;258,570;259,569;259,568;259,567;259,566;260,566;261,565;261,564;262,563;263,562;264,562;264,561;265,560;266,559;266,558;267,558;267,557;267,556;268,556;269,555;269,554;270,554;271,554;271,553;272,552;273,552;274,552;275,552;276,552;277,552;278,552;279,552;280,552;281,552;283,552;284,552;285,552;286,552;286,551;287,551;289,551;290,551;291,551;292,551;293,551;293,550;294,550;295,550;296,550;297,550;298,550;299,551;300,551;301,551;302,551;303,551;304,551;305,551;306,550;307,550;308,550;308,549;309,549;309,548;310,548;311,548;312,548;313,548;313,547;313,546;314,546;315,545;315,544;316,544;317,543;317,542;318,541;318,540;319,540;319,539;320,539;320,538;321,538;321,537;321,536;321,535;321,534;321,533;321,532;320,532;320,531;320,530;319,530;319,529;319,528;319,527;320,527;320,526;321,526;321,525;321,524;322,524;322,523;323,522;323,521;324,521;324,520;325,520;325,519;326,519;327,518;328,518;329,517;329,516;330,516;330,515;331,514;331,513;332,512;333,512;334,511;334,510;335,510;335,509;336,509;336,508;337,508;337,507;338,507;339,506;340,506;341,505;342,504;343,504;343,503;343,501;343,500;343,499;343,498;342,498;341,498;341,497;340,497;339,496;337,496;336,496;335,496;333,496;332,496;331,496;330,496;329,496;328,496;327,496;326,496;325,496;324,496;323,496;322,496;321,496;320,495;319,495;318,495;317,495;316,495;315,495;314,495;313,495;313,496;312,496;311,496;311,497;310,498;309,498;309,499;308,499;308,500;307,500;307,501;307,502;307,503;307,504;306,504;306,505;305,505;305,506;304,506;303,507;303,508;302,508;301,509;300,510;299,510;299,511;298,512;297,512;296,512;295,513;295,514;294,514;293,514;293,515;292,516;291,517;291,518;290,520;289,520;289,521;288,522;287,523;287,524;286,524;286,525;285,526;285,527;284,527;284,528;283,528;282,528;281,528;281,529;280,529;279,530;278,530;277,531;277,532;276,532;275,532;275,533;274,533;273,533;272,533;271,533;271,534;270,534;269,534;268,534;267,534;266,534;265,534;265,535;264,535;263,535;263,536;262,536;261,536;261,537;260,537;260,538;259,538;259,539;259,540;259,541;259,542;258,542;258,543;258,544;257,544;257,545;257,546;257,547;257,548;257,549;256,549;256,550;256,551;255,552;255,553;255,554;254,554;254,555;253,555;252,555;251,556;250,557;249,558;248,559;248,560;247,560;247,561;247,562;246,562;246,563;246,564;245,564;245,565;245,566;244,566;244,567;243,568;243,569;242,570;241,570;241,571;240,572;239,572;239,573;238,574;237,574;237,576;236,577;235,578;235,579;235,580;234,580;234,581;233,581;232,581;231,581;231,582;230,582;229,582;228,582;227,582;227,583;226,583;225,584;224,584;224,585;224,586;223,586;223,587;223,588;223,590;223,592;223,593;223,594;223,595;224,598;225,604;225,606;227,609;227,611;230,613;232,614;235,616;236,616;239,617;240,617;241,618;243,618;245,618;247,618;249,618;250,618;251,618;252,618;253,618;255,618;256,618;258,618;259,618;260,618;262,618;264,618;265,618;267,617;269,617;271,617;273,616;276,616;277,616;281,615;283,615;284,615;285,615;286,615;287,616;289,616;291,616;292,616;294,616;295,615;297,615;298,614;300,614;302,614;304,614;305,614;306,614;307,614;307,616;307,618;307,620;307,622;307,624;307,625;308,625;309,625;309,624;310,624;311,624;313,622;314,620;316,618;317,618;319,617;323,616;325,616;327,616;329,616;331,615;333,614;337,612;343,610;346,608;
Stroma; POLYGON; 128, 128, 128; 431,652;431,651;432,651;433,651;433,650;434,650;435,650;436,650;437,650;438,650;439,650;440,650;440,651;441,651;441,650;442,650;443,650;444,650;445,650;446,650;447,650;448,651;449,651;450,651;451,651;452,651;452,652;453,652;454,652;455,652;455,653;456,654;457,654;458,654;458,655;459,655;459,656;459,657;459,658;460,658;461,659;461,660;462,660;462,661;463,662;463,663;463,664;464,664;464,665;465,665;465,666;466,666;467,665;468,665;469,664;470,664;471,664;472,664;473,664;474,664;475,664;476,664;477,664;477,665;478,666;479,666;479,667;480,667;480,668;481,668;481,669;482,669;482,670;483,670;483,671;484,671;484,672;485,672;485,673;485,674;486,674;487,676;488,676;488,677;489,677;489,678;489,679;490,679;490,680;491,680;491,681;491,682;491,683;491,684;492,684;492,685;493,686;493,687;493,688;494,688;494,689;494,690;494,691;494,692;494,693;494,694;493,694;492,694;491,694;490,694;489,695;488,695;487,695;487,696;486,696;485,696;484,696;483,696;482,696;481,696;481,697;480,697;479,697;478,697;477,697;476,697;475,697;474,697;473,697;472,698;472,699;472,700;471,700;471,701;471,702;471,703;471,704;471,705;471,706;470,707;470,708;469,709;469,710;468,710;467,710;467,711;466,711;465,711;464,711;463,711;462,711;461,711;461,710;459,710;458,709;457,709;456,709;455,709;454,709;453,709;451,709;450,709;449,709;448,710;447,710;447,711;446,712;445,712;445,713;445,714;445,715;444,716;444,717;443,718;443,719;443,720;444,720;445,720;445,721;446,721;446,722;447,722;449,722;450,722;451,722;452,722;453,722;454,722;455,722;456,722;457,722;458,722;459,722;460,722;461,722;462,722;463,722;463,721;464,721;465,721;465,720;466,720;467,720;468,720;469,721;470,721;471,721;472,721;473,721;474,721;474,720;475,720;476,720;477,720;477,719;478,719;479,719;480,719;481,719;482,719;483,719;483,720;484,720;485,720;486,720;487,720;488,720;488,721;489,721;489,722;490,722;491,723;491,724;492,724;493,725;493,726;494,726;495,728;496,728;496,729;497,729;497,730;497,731;497,732;497,733;497,734;497,735;497,736;498,736;498,737;498,738;498,739;498,740;497,740;497,741;497,742;496,742;496,743;495,743;495,744;494,744;493,745;493,746;493,747;493,748;492,749;492,750;492,751;492,752;492,753;492,754;492,755;492,756;493,756;493,757;493,758;493,759;494,759;494,760;495,760;495,761;496,761;496,762;497,762;497,763;498,763;499,764;500,765;500,766;501,766;501,767;501,768;502,768;502,769;503,769;503,770;503,771;503,772;503,773;503,774;503,775;503,776;503,777;503,778;503,779;502,782;502,783;502,784;502,785;502,786;502,787;502,788;502,789;502,790;503,791;503,792;503,793;503,794;504,794;504,795;505,796;505,797;505,798;505,799;506,799;506,800;506,801;507,802;507,803;507,804;507,805;507,806;507,807;507,808;507,809;507,810;507,811;507,812;507,813;507,814;506,815;506,816;505,817;505,818;504,819;503,819;503,820;502,820;502,821;502,822;501,822;501,823;501,824;500,825;500,826;499,826;499,827;498,827;497,828;496,828;495,828;495,829;494,830;493,830;492,830;491,830;491,831;491,832;490,832;490,833;490,834;489,835;489,836;488,836;488,837;487,837;487,838;486,838;486,839;485,839;485,840;484,840;484,841;483,841;483,842;483,843;483,844;483,845;482,845;482,846;482,847;481,848;481,849;481,850;480,850;480,851;480,852;479,852;479,853;479,854;479,855;478,856;478,857;478,858;477,858;477,859;477,860;477,861;477,862;477,863;477,864;477,865;477,866;477,867;476,868;476,869;475,869;475,870;475,871;475,872;474,872;474,873;473,873;473,874;472,874;472,875;471,875;471,876;471,877;471,878;470,878;469,878;469,879;469,880;469,881;469,882;469,883;469,884;469,885;468,885;468,886;467,886;467,887;467,888;467,889;467,890;466,890;466,891;465,891;465,892;464,892;464,893;464,894;463,894;463,896;463,898;462,898;461,898;460,897;459,897;459,896;458,896;457,895;457,894;455,894;454,894;453,893;452,892;451,892;450,892;449,891;448,891;447,891;446,891;445,891;443,891;442,891;440,891;439,891;438,891;437,891;436,892;435,892;434,893;434,894;433,894;433,895;433,896;433,897;433,898;433,899;434,900;435,900;435,901;435,902;436,902;437,903;438,904;439,905;440,906;441,906;442,907;443,908;445,908;446,909;447,909;449,909;450,909;452,909;454,909;455,909;457,909;458,909;459,909;461,909;462,909;463,909;464,909;466,909;467,908;469,908;470,908;471,908;473,908;475,908;476,908;477,908;477,907;479,907;480,907;481,907;483,907;485,908;487,908;489,910;491,910;493,910;495,910;496,910;497,910;498,910;499,910;501,910;503,910;505,909;507,909;510,908;511,908;512,908;514,908;516,907;517,907;520,906;521,906;522,906;523,906;525,906;529,906;530,907;531,907;533,908;535,908;537,909;540,910;541,910;543,910;543,911;546,911;547,911;549,911;551,911;552,911;553,910;554,910;555,910;556,909;557,909;557,908;558,908;559,908;560,908;561,908;561,907;562,907;563,907;564,906;565,906;566,906;567,906;567,907;568,907;569,907;570,907;571,907;571,906;572,906;573,906;574,906;575,906;576,906;577,906;578,906;579,906;580,905;581,904;582,904;583,903;585,902;586,901;587,900;589,900;591,899;592,898;593,898;594,898;595,898;595,897;596,897;597,897;597,896;598,896;599,896;600,896;601,896;602,896;603,896;604,896;605,896;606,896;607,896;608,897;609,897;610,897;611,898;612,898;613,898;614,898;615,898;616,898;617,898;618,898;619,898;620,898;621,898;623,898;624,898;625,898;626,898;627,898;628,898;629,898;630,898;631,898;632,898;634,898;635,898;637,898;639,898;640,898;641,898;642,898;643,897;644,896;645,896;646,895;647,894;648,894;649,892;650,891;651,890;652,890;653,890;653,889;654,888;657,886;658,886;659,885;659,884;659,883;659,882;659,880;659,879;659,878;659,876;657,874;657,872;656,870;655,869;655,868;654,866;653,864;652,862;651,861;651,860;650,858;649,856;648,856;647,854;647,853;646,852;645,850;645,849;644,848;643,848;643,847;642,846;641,845;641,844;640,844;639,842;639,841;639,840;638,839;637,838;637,837;635,836;635,834;634,834;634,833;633,833;633,832;632,832;631,832;631,831;630,830;629,830;628,830;627,829;626,829;625,829;624,829;623,829;622,828;621,828;620,828;619,828;618,828;617,828;616,828;615,828;614,828;613,828;612,828;611,828;610,829;609,829;609,830;608,830;607,830;607,831;606,831;605,831;605,832;604,832;603,833;603,834;602,834;601,834;600,834;599,834;598,834;597,834;596,834;595,834;595,835;594,835;593,835;592,835;591,835;590,835;590,836;589,836;588,836;587,836;586,836;585,836;584,836;583,836;582,836;581,836;580,836;579,836;578,836;577,836;576,836;575,836;574,835;573,835;572,835;572,834;571,834;570,834;569,834;568,834;567,834;566,834;565,834;564,834;563,834;562,834;561,834;561,835;560,835;559,835;558,835;557,835;556,835;555,835;554,835;553,835;552,835;551,835;550,835;549,835;548,835;547,835;546,835;545,835;545,834;544,834;543,834;543,833;542,833;542,832;541,832;540,831;539,830;538,829;537,828;536,827;536,826;535,826;535,825;535,824;534,823;534,822;534,821;534,820;534,818;534,817;534,816;534,815;533,814;533,812;533,811;533,810;533,809;533,808;533,807;533,806;533,805;533,804;533,802;533,801;533,800;533,799;533,798;533,797;533,796;533,795;533,794;533,793;532,792;532,791;532,790;532,789;531,788;531,787;531,786;531,785;531,784;531,783;531,782;531,781;531,780;531,779;531,778;531,777;531,776;531,775;531,774;531,773;531,772;531,771;531,770;531,769;531,768;531,767;531,766;531,765;531,764;531,763;531,762;531,761;531,760;531,759;531,758;531,757;531,756;531,755;531,754;531,753;531,752;531,751;531,750;531,749;531,748;531,747;531,746;530,745;530,744;529,744;529,743;528,743;528,742;527,742;527,741;526,740;525,740;525,739;524,739;524,738;523,738;522,737;521,736;520,736;519,736;519,735;518,735;517,735;517,734;516,734;515,733;515,732;514,732;513,732;513,731;512,731;511,731;511,730;510,730;509,730;509,729;508,729;508,728;507,728;507,727;507,726;506,726;506,725;506,724;506,723;506,722;505,722;505,721;505,720;505,719;505,718;504,718;504,717;504,716;504,715;505,714;505,713;505,712;505,711;505,710;505,709;506,708;506,707;507,706;508,705;509,705;510,704;511,704;512,704;513,703;514,702;515,702;515,701;516,701;517,700;518,699;519,698;520,698;521,697;521,696;522,696;523,695;524,694;525,694;525,693;526,693;526,692;527,692;529,690;531,688;533,686;533,685;535,684;536,682;537,681;537,680;538,680;539,680;540,679;541,678;541,677;543,676;543,675;543,674;544,674;544,673;544,672;544,671;544,670;544,669;545,668;545,667;545,666;545,665;545,662;545,659;545,657;545,656;546,654;546,652;546,650;547,648;547,646;547,644;547,643;547,642;548,640;548,637;548,636;549,634;549,632;549,631;549,630;549,629;550,628;551,624;551,622;552,622;552,621;553,620;553,618;553,616;554,614;554,612;555,612;555,610;555,608;555,606;555,605;555,604;555,603;555,602;555,601;555,599;555,598;555,597;555,596;555,595;555,594;555,593;555,592;555,591;554,591;554,590;554,589;554,588;554,587;554,586;553,585;553,584;553,583;553,582;553,581;553,580;552,580;552,579;551,579;551,578;550,577;549,577;549,576;548,576;548,575;547,575;547,574;546,574;545,574;544,574;544,573;543,573;543,572;542,572;541,572;541,571;540,570;539,570;539,569;539,568;538,568;537,568;537,567;537,566;536,566;535,566;534,565;533,564;532,563;531,562;530,561;530,560;529,560;529,559;529,558;528,558;527,557;527,556;527,555;526,554;526,553;525,553;525,552;525,551;525,550;524,549;524,548;523,548;523,546;522,545;522,544;521,544;521,543;521,542;521,541;521,540;521,539;521,538;521,537;521,536;521,535;521,534;522,534;522,533;522,532;523,531;523,530;523,529;523,528;524,528;524,527;524,526;525,526;525,525;525,524;525,523;526,522;527,521;527,520;528,520;529,519;529,518;530,518;530,517;531,517;531,516;532,516;533,516;533,515;534,515;535,514;536,514;537,513;537,512;538,512;539,512;539,511;540,510;541,509;541,508;541,507;542,506;542,505;542,504;543,504;543,503;543,502;543,501;543,500;544,500;544,499;544,498;545,498;545,497;545,496;546,496;546,495;547,495;547,494;548,494;549,493;549,492;550,492;550,491;551,491;551,490;551,489;551,488;552,488;552,487;553,487;553,486;553,485;553,484;553,483;553,482;553,481;553,480;552,480;551,480;551,479;551,478;550,478;550,477;549,477;549,476;549,475;548,475;548,474;547,474;547,473;546,472;545,472;544,472;543,472;542,472;541,472;540,472;539,472;538,472;537,472;536,472;535,472;534,472;533,472;533,473;532,473;531,473;531,474;530,474;529,474;528,474;527,474;526,474;526,475;525,475;524,475;524,476;523,476;522,476;521,476;520,476;519,476;518,476;517,476;516,477;515,477;514,478;513,478;512,478;511,478;510,478;509,478;509,479;508,479;507,479;506,479;505,479;505,480;504,480;503,480;502,480;501,480;501,479;500,479;499,479;498,479;497,479;497,478;496,478;495,478;494,478;494,477;493,477;493,476;492,476;491,475;491,474;491,473;491,472;491,471;491,470;491,469;491,468;491,467;491,466;491,465;491,464;492,464;492,463;493,462;493,461;493,460;494,460;495,460;495,459;495,458;496,458;496,457;497,456;497,455;498,454;499,453;499,452;500,451;501,451;501,450;501,449;501,448;502,448;502,447;503,446;503,445;503,444;504,443;504,442;504,441;504,440;504,439;504,438;504,437;503,436;502,435;501,435;501,434;500,434;499,434;498,434;497,434;496,434;495,434;494,434;493,434;493,435;492,435;491,435;491,436;490,437;489,437;489,438;488,438;488,439;487,439;487,440;486,440;485,441;485,442;484,442;484,443;483,444;483,445;482,446;481,446;481,447;481,448;480,448;479,448;479,449;479,450;478,450;478,451;477,451;477,452;476,452;475,452;475,453;475,454;474,454;473,454;473,455;473,456;472,456;471,458;471,459;471,460;471,461;471,462;471,463;471,464;471,465;471,466;471,467;471,468;471,469;471,470;471,471;471,472;472,472;472,473;473,473;473,474;473,475;474,475;474,476;475,476;475,477;476,477;476,478;477,478;478,478;479,478;479,479;480,479;480,480;481,480;481,481;481,482;481,483;481,484;481,485;481,486;482,486;482,487;482,488;483,488;483,489;483,490;483,491;483,492;484,492;484,493;484,494;483,494;483,495;483,496;482,496;482,497;481,498;480,499;479,499;479,500;478,501;477,501;477,502;477,503;476,504;475,504;475,505;475,506;474,506;474,507;474,508;474,509;474,510;475,510;475,511;475,512;475,513;475,514;476,514;476,515;476,516;477,516;477,517;477,518;477,519;477,520;478,520;478,521;478,522;479,522;479,523;479,524;480,524;480,525;481,525;481,526;481,527;482,528;483,528;483,529;483,530;484,530;484,531;485,532;485,533;486,533;486,534;487,534;487,535;487,536;487,537;488,537;488,538;489,538;489,539;489,540;490,540;491,540;491,541;491,542;492,542;493,543;493,544;494,544;494,545;494,546;495,546;496,547;497,548;497,549;498,549;498,550;499,550;499,551;499,552;500,552;500,553;501,553;501,554;502,555;502,556;503,556;503,557;504,558;505,559;505,560;505,561;505,562;506,563;506,564;507,564;507,565;507,566;507,567;507,568;507,569;507,570;507,571;507,572;507,573;506,573;506,574;505,574;504,574;503,574;502,574;501,574;500,573;499,573;499,572;498,572;497,572;496,571;495,571;495,570;494,570;493,570;492,570;491,569;490,569;489,569;488,569;487,569;486,569;485,569;484,569;483,569;483,568;482,568;481,568;480,568;479,568;478,568;477,568;476,568;475,568;475,569;474,569;473,569;473,570;471,570;470,570;469,571;469,572;468,572;467,572;466,572;466,573;465,573;465,574;464,574;463,574;463,575;462,575;461,576;460,576;459,576;458,576;458,577;457,577;456,577;456,578;455,578;454,578;453,578;452,578;451,578;450,578;449,578;448,578;447,578;446,578;445,578;445,577;445,576;444,576;444,575;443,574;443,573;443,572;443,571;442,570;442,569;442,568;442,567;442,566;441,566;441,565;441,564;441,563;442,562;442,561;442,560;443,559;443,558;444,557;444,556;445,556;445,555;445,554;446,554;447,553;447,552;448,551;449,550;449,549;450,548;451,548;451,547;451,546;451,545;452,544;453,543;453,542;453,541;454,541;454,540;455,539;455,538;455,537;456,536;457,535;457,534;457,533;457,532;458,532;458,531;459,531;459,530;459,529;460,528;461,528;461,527;461,526;462,526;463,525;463,524;463,523;463,522;464,522;465,522;465,521;465,520;465,519;465,518;465,517;465,516;464,516;464,515;463,514;463,513;463,512;463,511;463,510;463,509;462,509;462,508;462,507;461,507;461,506;460,506;459,506;459,505;458,505;458,504;457,504;457,503;457,502;457,501;457,500;457,499;457,498;457,497;458,497;458,496;458,495;458,494;459,494;459,493;459,492;459,491;458,490;457,490;456,490;455,490;455,489;454,489;453,489;452,489;451,489;450,489;449,489;449,490;448,490;447,491;447,492;446,492;446,493;445,493;445,494;444,495;443,496;443,497;443,498;442,498;442,499;441,500;441,501;440,502;439,503;439,504;438,504;437,504;436,504;435,504;434,504;433,504;432,504;432,503;431,502;431,501;431,500;430,500;429,500;429,499;429,498;429,497;428,496;427,496;427,494;426,494;426,493;426,492;425,492;425,491;425,490;425,489;425,488;425,487;425,486;424,486;423,485;422,485;421,485;421,484;420,484;419,484;419,483;419,482;418,482;417,482;417,481;417,480;416,480;415,480;414,480;413,480;412,480;411,480;411,481;410,482;409,482;409,483;409,484;408,484;407,485;407,486;407,487;407,488;407,489;407,490;406,490;406,491;406,492;405,493;405,494;405,495;405,496;405,497;405,498;405,499;405,500;405,501;405,502;405,503;405,504;405,505;405,506;406,506;406,507;406,508;407,508;407,509;407,510;408,511;409,512;409,513;410,513;410,514;411,514;411,515;411,516;412,516;413,517;413,518;414,518;415,518;416,518;417,519;417,520;418,520;419,520;420,520;421,520;421,521;422,521;422,522;423,522;424,522;424,523;425,523;425,524;426,524;427,524;428,524;429,524;429,525;430,525;431,525;432,525;433,525;434,525;434,526;434,527;434,528;435,528;435,529;435,530;435,531;436,531;436,532;437,532;437,533;437,534;438,534;438,535;439,536;440,536;440,537;441,538;441,539;442,539;442,540;443,540;443,541;443,542;443,543;443,544;443,545;443,546;443,547;443,548;443,549;443,550;443,551;442,552;441,552;441,553;440,554;439,554;439,555;438,556;437,556;437,557;437,558;436,558;436,559;435,560;435,561;434,561;434,562;433,562;433,563;433,564;432,564;431,564;431,565;430,566;429,566;429,567;429,568;428,568;427,568;427,569;426,570;425,570;425,571;425,572;424,572;424,573;423,573;423,574;423,575;422,576;421,576;421,577;420,577;419,577;418,577;417,578;416,578;415,578;414,578;413,578;413,579;412,579;412,580;411,580;411,581;410,582;409,582;409,583;409,584;409,585;408,586;408,587;408,588;407,589;407,590;407,591;407,592;407,593;407,594;408,594;408,595;408,596;408,597;408,598;409,598;409,599;409,600;409,601;409,602;410,602;410,603;410,604;411,606;411,608;411,609;411,610;412,610;412,611;412,612;412,613;412,614;412,615;411,616;411,617;411,618;411,619;411,620;411,621;411,622;411,623;411,624;411,625;411,626;411,627;411,628;411,629;411,630;411,631;411,632;411,633;412,634;412,635;413,636;413,637;414,638;415,638;415,639;415,640;415,641;416,642;416,643;417,644;417,645;417,646;418,646;418,647;419,648;419,649;420,649;420,650;421,650;421,651;421,652;422,652;422,653;422,654;423,654;424,654;425,654;426,654;427,654;428,654;429,654;
Stroma; POLYGON; 128, 128, 128; 506,707;506,708;507,708;508,708;509,709;511,709;512,709;513,709;515,709;517,709;518,709;519,709;521,709;522,709;523,709;524,709;525,709;526,709;527,709;527,710;529,710;530,709;531,709;532,709;533,709;534,709;535,709;537,710;539,710;539,711;543,712;544,713;545,713;545,714;546,714;547,715;549,717;549,718;551,720;552,721;553,722;554,723;554,724;555,724;555,726;556,728;557,730;557,731;558,732;558,734;559,734;559,736;560,737;561,740;561,741;561,743;561,744;561,746;561,747;562,750;563,750;563,751;563,752;564,752;564,753;564,754;565,755;565,756;566,756;567,757;567,758;568,759;569,760;569,761;570,761;571,762;572,762;573,762;573,763;574,764;575,764;576,764;577,764;578,765;579,765;580,766;581,766;582,766;583,766;584,766;585,766;585,767;586,767;587,767;587,768;588,768;589,768;589,769;589,770;590,770;591,771;591,772;592,773;593,774;594,774;594,775;595,775;595,776;596,776;597,776;597,777;598,777;598,778;599,778;600,778;600,779;601,779;601,780;602,780;603,780;603,781;604,781;604,782;605,782;606,782;607,782;608,783;609,784;610,784;611,784;611,785;612,785;613,785;614,785;615,786;617,786;618,786;619,786;620,786;621,786;622,786;623,786;624,787;625,787;626,787;626,788;627,788;629,789;631,789;631,790;632,790;634,791;635,792;636,792;637,793;637,794;638,794;639,794;639,795;639,796;640,798;640,799;641,801;641,802;642,804;642,805;642,806;641,806;641,807;641,808;641,809;641,810;641,811;641,812;640,812;639,812;639,813;639,814;638,815;638,816;637,817;637,818;636,820;635,821;634,821;632,822;631,823;631,824;630,824;630,825;629,826;628,826;625,826;624,826;623,826;621,826;620,826;619,826;618,826;617,826;616,826;615,826;613,827;612,827;611,827;610,827;609,827;607,828;606,828;605,828;604,828;603,828;602,828;600,828;599,828;598,828;597,828;596,828;595,828;594,828;593,828;590,828;589,828;587,829;586,830;585,830;584,832;583,832;580,834;579,836;577,838;575,840;573,844;573,846;573,848;573,850;574,850;575,852;577,855;579,856;580,857;581,858;583,858;585,859;587,860;589,861;593,862;596,864;600,864;602,865;605,866;609,866;613,868;617,868;619,869;622,870;625,870;627,870;628,870;630,870;632,870;635,870;637,870;639,871;642,871;644,872;647,872;649,873;651,873;652,873;653,873;654,874;655,874;656,874;657,874;659,875;663,876;664,876;665,876;667,877;668,877;669,878;672,878;674,878;677,879;679,880;681,880;683,880;684,880;686,880;688,881;689,882;691,882;693,883;695,883;701,884;705,885;708,885;709,885;713,884;714,884;718,884;721,884;722,884;723,884;725,884;726,883;727,883;728,883;729,883;730,883;731,883;733,883;734,883;736,882;737,882;738,882;739,882;740,882;742,882;743,882;745,882;746,882;747,881;748,881;749,881;750,881;751,881;751,880;753,880;754,880;755,880;756,880;757,880;758,880;759,880;760,880;761,880;762,880;763,880;764,880;765,880;766,880;767,880;768,880;769,880;771,879;772,878;773,878;774,878;775,876;777,876;777,875;779,874;779,873;779,872;781,870;781,869;782,866;783,864;783,863;783,862;783,859;782,857;782,855;781,854;781,850;779,847;778,843;778,842;777,840;777,837;775,835;775,834;773,831;773,830;772,828;771,826;770,825;769,824;768,822;767,820;766,818;765,817;765,816;764,815;763,814;761,812;760,810;759,810;759,809;757,807;756,806;755,806;754,805;752,804;751,802;750,802;749,802;748,800;747,800;746,799;745,798;744,798;743,796;742,796;741,796;740,796;739,796;738,795;737,795;736,795;735,794;733,794;732,794;731,794;730,794;729,794;728,794;727,794;726,794;725,794;724,794;723,793;722,793;721,792;719,792;717,792;716,792;715,792;714,792;713,791;712,791;711,791;709,791;708,790;707,790;706,790;705,790;704,790;703,790;703,789;701,789;701,788;700,788;699,788;699,787;698,786;697,786;697,785;697,784;696,784;695,784;695,783;694,782;693,782;693,781;692,781;691,781;691,780;690,780;689,780;689,779;687,778;687,777;686,776;685,775;684,774;683,772;681,771;680,770;679,770;679,769;678,769;678,768;677,768;675,767;674,766;672,765;671,765;670,764;669,764;667,762;666,762;665,762;664,761;663,761;662,760;661,760;660,760;659,759;657,757;655,756;654,756;652,755;651,755;650,754;649,754;647,752;646,751;645,750;644,749;643,748;641,747;641,746;639,745;639,744;638,744;637,742;635,741;634,739;633,738;631,737;630,736;629,736;629,735;628,735;627,734;626,733;626,732;625,732;625,731;625,730;625,729;625,728;624,727;624,726;624,724;623,724;623,723;623,722;623,721;623,720;623,718;623,717;623,716;623,715;623,714;624,714;624,712;625,711;625,710;625,707;626,705;626,703;627,702;627,700;627,699;628,698;629,697;629,696;630,696;631,695;632,693;633,693;633,692;634,691;635,690;636,689;637,688;639,686;640,684;641,683;641,682;642,682;642,681;643,680;644,679;645,679;646,677;648,674;649,672;649,670;650,669;651,668;652,667;652,666;651,666;651,665;651,664;649,663;647,662;645,661;643,661;641,661;640,661;639,660;637,660;636,660;635,660;633,660;632,660;631,662;629,663;628,664;627,665;625,668;625,669;625,670;624,671;624,673;623,674;623,675;623,676;623,678;622,679;622,680;622,681;622,682;622,683;622,684;622,685;622,686;622,687;622,688;622,689;622,690;622,691;622,692;622,693;622,694;621,694;621,695;621,696;621,697;621,698;621,699;621,701;621,702;621,703;620,704;620,705;620,706;619,707;619,709;619,710;619,712;618,713;617,714;617,715;616,717;615,717;615,718;614,719;613,719;612,720;611,721;611,722;610,722;609,722;609,723;608,723;607,723;607,722;605,722;604,722;603,721;603,720;602,720;601,720;599,718;599,717;598,716;598,715;597,712;597,711;596,710;595,709;595,708;594,708;593,708;592,707;592,706;591,706;591,705;591,704;592,703;592,702;593,702;593,701;594,700;595,700;595,698;596,696;596,694;597,694;597,692;598,691;598,690;599,689;599,688;599,687;599,686;599,685;599,684;598,684;598,683;597,683;597,682;596,682;596,681;595,680;595,679;594,679;594,678;593,678;592,678;591,678;590,678;589,678;589,679;588,679;587,679;587,680;586,680;585,680;584,680;583,680;583,679;582,679;581,679;580,678;579,678;578,678;577,678;577,677;576,677;575,676;574,676;573,676;571,676;570,676;569,676;568,676;567,676;566,676;565,676;564,676;564,675;563,674;563,673;563,672;563,671;563,670;563,669;563,668;563,667;563,666;563,665;564,665;564,664;564,663;564,662;563,662;562,661;561,661;560,661;559,661;558,661;557,661;555,661;554,661;553,661;550,661;549,660;547,660;547,659;546,658;545,658;545,656;544,655;543,654;542,652;541,651;540,650;539,649;537,648;535,648;533,647;531,646;529,646;526,646;524,647;523,648;520,650;518,652;517,654;515,656;515,658;513,662;513,666;512,667;512,668;511,669;511,670;511,671;511,672;510,672;510,673;509,674;509,675;509,676;507,679;506,680;505,682;505,684;504,685;503,688;
Stroma; POLYGON; 128, 128, 128; 370,476;369,476;368,478;368,479;368,480;367,481;367,482;366,483;366,484;366,486;366,487;366,488;367,488;367,489;370,490;371,490;371,491;372,491;373,491;374,491;375,491;376,491;377,491;378,491;379,491;379,490;380,490;382,488;382,487;383,486;385,484;386,482;387,482;388,481;388,478;388,475;388,474;388,473;388,472;387,472;386,471;384,470;383,470;382,470;381,470;379,470;378,471;377,471;377,472;375,473;374,474;374,475;373,475;373,476;372,476;373,476;374,476;375,476;376,476;
Stroma; POLYGON; 128, 128, 128; 408,508;407,508;407,507;406,507;405,507;404,507;403,507;402,507;402,506;401,506;400,506;400,505;399,505;398,505;397,505;397,506;396,506;396,507;395,507;394,508;393,508;392,508;392,509;391,509;391,510;390,510;389,510;389,511;388,511;387,511;387,512;386,512;385,512;384,512;383,512;382,512;382,513;381,513;380,514;379,515;378,515;378,516;377,516;377,517;376,517;376,518;376,519;375,520;375,521;374,522;374,523;373,524;373,525;372,525;372,526;372,527;372,528;372,529;372,530;372,531;372,532;372,533;372,534;372,535;372,536;372,537;372,538;372,539;372,540;372,541;372,542;372,543;372,544;373,544;374,544;374,545;374,546;373,547;372,547;371,547;370,547;369,547;368,547;368,548;367,548;366,548;365,548;364,548;363,548;362,548;361,549;360,549;360,550;359,550;358,551;358,552;357,552;356,552;356,553;355,553;355,554;354,554;353,554;353,555;353,556;352,556;352,557;351,558;350,560;349,560;349,561;348,561;348,562;348,563;347,564;347,565;347,566;346,566;346,567;346,568;346,569;346,570;346,571;346,572;346,573;346,574;347,574;348,575;349,576;350,576;351,576;351,577;352,577;352,578;353,578;354,578;354,579;354,580;355,580;356,580;357,581;358,582;360,583;362,585;366,586;368,586;369,586;370,586;371,587;372,587;373,588;374,588;374,589;375,590;375,591;374,594;373,595;371,597;369,598;368,599;367,600;364,601;362,602;359,604;356,605;353,606;352,607;350,608;346,608;339,608;337,607;336,606;334,606;332,606;331,605;330,605;328,605;327,605;324,604;319,602;318,602;316,601;315,601;314,600;312,600;312,598;311,598;310,598;310,597;310,596;309,596;308,596;308,595;307,594;306,594;305,592;305,591;305,590;304,590;304,589;304,588;305,588;306,587;306,586;307,585;308,584;309,583;310,582;312,581;312,580;313,580;314,579;315,579;315,578;316,578;317,578;317,577;318,577;318,576;319,576;320,576;321,576;322,576;323,576;324,576;325,576;326,576;327,576;328,575;328,574;329,574;330,572;330,571;331,571;331,570;332,570;332,569;333,568;334,568;334,567;334,566;335,566;336,566;337,565;338,564;338,563;338,562;338,561;338,560;338,559;338,558;338,557;338,556;338,555;338,554;338,553;338,552;338,551;338,550;338,549;338,548;337,548;336,548;336,547;337,547;338,546;338,545;340,544;342,542;343,541;344,540;345,539;346,538;346,537;347,537;347,536;348,536;348,535;348,534;349,534;349,533;350,533;350,532;351,531;351,530;352,530;352,529;352,528;353,528;353,527;354,526;354,525;354,524;354,523;354,522;354,521;354,520;354,519;354,518;354,517;354,516;354,514;354,512;354,511;355,511;355,510;355,509;355,508;355,507;355,506;355,505;354,503;354,502;354,501;353,500;352,500;351,499;350,499;346,499;345,499;344,499;343,499;342,499;341,499;340,499;339,498;338,498;338,497;337,497;337,496;336,495;336,493;336,492;337,492;337,491;338,490;339,489;340,488;341,488;342,487;342,486;343,486;344,486;346,484;347,484;348,484;349,484;350,484;351,484;352,483;352,482;353,482;354,482;355,480;357,478;358,478;358,477;358,476;359,476;360,476;360,475;361,475;362,474;363,474;364,473;366,472;367,471;368,471;368,470;370,470;371,470;372,470;373,470;374,469;375,469;375,468;377,468;378,468;379,468;380,468;380,467;381,467;382,467;383,467;384,467;384,466;385,466;386,466;387,466;388,466;388,465;389,465;390,465;391,465;392,464;393,464;394,464;394,465;395,465;396,465;396,466;397,466;397,467;397,468;398,468;398,469;398,470;398,471;399,471;399,472;400,472;400,473;401,473;401,474;402,474;402,475;404,476;405,478;407,480;408,482;409,482;410,483;410,484;411,484;412,485;
Stroma; POLYGON; 128, 128, 128; 410,486;410,485;410,484;409,484;409,483;409,482;408,482;408,481;408,480;408,479;408,478;408,477;408,476;408,475;408,474;409,473;409,472;410,472;410,471;411,471;412,470;413,470;414,470;414,469;414,468;415,468;415,467;415,466;415,465;415,464;416,464;416,463;416,462;416,461;416,460;417,460;417,459;417,458;417,457;417,456;416,456;416,455;416,454;416,453;416,452;417,452;418,451;418,450;419,450;419,449;420,448;421,448;422,447;423,446;424,446;425,446;426,446;427,446;428,446;429,446;430,446;431,446;431,445;432,445;432,444;433,443;433,442;434,442;434,440;434,439;434,438;435,438;436,438;436,437;436,436;437,436;437,435;438,435;438,434;439,434;439,433;440,433;441,433;442,433;443,433;444,433;445,433;446,433;448,433;449,433;450,433;451,433;452,434;453,434;454,434;455,434;456,434;457,434;458,434;459,434;460,434;461,434;462,434;463,434;464,433;464,432;465,432;466,432;466,431;467,430;468,430;468,429;469,429;469,428;470,428;471,427;472,427;472,426;473,426;474,426;474,425;474,424;475,424;476,424;476,423;476,422;476,421;476,420;475,420;475,419;474,419;474,418;473,418;472,418;472,417;470,417;469,417;466,417;464,417;463,417;462,417;461,417;460,417;460,416;459,416;458,416;458,415;457,415;456,415;455,415;454,415;453,415;452,415;452,414;451,414;450,414;450,413;449,412;448,412;448,411;447,411;446,410;445,410;444,408;443,408;441,407;438,406;437,406;436,406;436,405;435,405;434,405;433,405;432,405;432,406;430,406;428,406;427,407;426,407;425,408;424,408;422,409;420,412;420,413;420,414;420,415;420,416;419,416;419,417;418,418;418,419;417,420;416,420;416,421;416,422;415,422;415,423;414,423;414,424;414,425;414,426;413,426;413,427;413,428;412,428;412,429;412,430;411,431;410,432;409,433;408,434;408,435;407,435;407,436;406,436;405,436;404,436;403,436;402,436;400,436;400,437;399,437;398,437;397,438;396,438;395,438;394,439;394,440;393,440;392,440;392,441;391,442;389,444;388,444;387,444;386,445;386,446;385,446;384,446;384,447;383,447;383,448;382,448;382,449;381,450;380,450;378,452;378,453;378,454;377,454;376,455;376,456;376,457;376,458;375,458;374,461;373,461;373,462;372,462;372,463;371,463;371,464;370,464;369,464;367,464;366,465;365,465;364,465;363,465;363,464;362,464;360,464;359,464;359,463;358,463;357,463;357,462;356,462;355,462;355,461;355,460;354,460;354,459;354,458;353,458;352,458;352,457;352,456;351,456;350,456;350,455;350,454;350,453;350,452;350,451;350,450;350,449;350,448;350,447;349,445;348,444;348,443;348,442;347,442;347,440;347,439;347,438;347,437;347,436;347,435;347,434;347,433;347,432;347,431;347,430;347,429;347,428;348,427;348,426;348,425;348,424;348,423;348,422;348,421;348,420;348,419;347,419;347,418;346,418;346,417;345,417;344,417;343,417;341,417;340,417;339,417;338,418;337,418;336,418;335,418;334,418;333,418;332,418;331,418;330,419;330,420;329,420;329,421;329,422;329,423;329,424;328,424;328,425;328,426;329,426;329,427;329,428;329,429;330,429;330,430;330,431;330,432;329,432;329,433;329,434;328,434;328,435;328,436;327,436;326,436;325,438;324,438;324,439;324,440;323,440;322,441;322,442;321,442;320,443;319,444;318,445;318,446;317,446;316,447;315,448;314,448;313,449;312,450;310,451;310,452;309,452;308,452;308,451;307,450;306,450;306,449;306,448;305,448;304,448;304,447;304,446;303,446;302,445;302,444;301,444;300,444;300,443;299,443;299,442;298,442;297,442;296,442;295,442;295,443;295,444;294,444;294,446;294,447;294,448;293,448;293,449;292,449;292,450;292,451;292,452;291,452;291,453;290,453;290,454;289,454;288,454;287,454;286,454;285,454;285,455;284,455;283,455;283,456;282,456;281,456;280,456;280,457;280,458;279,458;279,459;278,459;278,460;278,461;278,462;278,463;278,464;279,465;280,465;280,466;281,466;281,467;282,467;283,467;284,468;285,468;286,468;287,467;288,467;289,466;290,466;291,466;292,465;293,465;294,464;295,464;296,465;297,466;298,466;299,466;300,466;301,466;302,466;304,464;305,464;306,464;306,463;307,463;308,463;308,462;309,462;310,462;311,462;312,462;313,462;314,463;315,463;316,463;316,464;317,464;318,464;319,464;319,465;320,465;320,466;320,467;321,468;322,468;322,469;322,470;322,471;322,472;323,472;323,473;322,475;322,476;322,477;321,478;321,479;321,480;322,480;322,481;323,482;323,483;323,484;322,484;322,485;321,486;320,486;320,487;319,487;318,488;317,488;316,489;316,490;314,490;312,490;312,491;311,492;311,493;311,494;310,495;310,496;310,497;310,498;310,499;310,500;310,501;310,502;310,503;310,504;310,505;310,506;310,507;310,508;310,510;311,512;312,513;312,514;313,514;314,514;314,515;315,515;316,516;317,516;319,516;320,516;321,515;322,515;322,514;323,514;323,513;324,512;326,510;327,510;328,510;328,509;333,507;334,507;336,506;337,504;338,504;339,503;340,502;341,502;342,501;344,500;345,499;349,496;350,495;352,494;353,494;355,492;360,490;361,490;362,490;363,490;364,490;365,489;366,489;367,489;368,488;369,488;371,488;374,488;375,488;376,488;376,489;377,489;378,490;378,491;379,491;380,491;380,492;381,492;
Stroma; POLYGON; 128, 128, 128; 234,590;233,590;232,590;231,590;230,590;229,590;228,590;228,589;227,589;227,588;226,588;225,588;223,587;221,586;220,586;220,585;220,584;220,583;218,582;218,580;217,580;217,579;217,578;216,578;216,577;216,576;215,575;215,574;214,574;214,573;214,572;213,572;213,571;213,570;213,569;213,568;213,567;212,567;212,566;212,565;212,564;212,563;212,562;213,562;213,561;213,560;214,559;214,558;214,557;214,556;215,556;215,555;215,554;216,554;216,553;217,552;218,552;218,551;219,551;219,550;221,550;221,549;222,549;222,548;223,548;224,547;225,546;226,546;227,546;228,545;229,545;230,544;231,543;231,542;232,542;232,541;233,541;234,540;234,539;234,538;235,538;235,537;235,536;236,536;236,534;236,533;236,532;237,532;237,531;237,530;237,529;237,528;237,527;237,526;236,526;236,525;236,524;236,523;235,523;235,522;234,522;233,522;232,522;231,522;230,522;228,522;227,522;226,522;225,522;224,522;224,523;223,523;223,524;222,525;222,526;222,527;222,528;221,528;221,529;220,530;220,531;218,533;218,534;217,534;216,535;216,536;215,536;215,537;214,537;214,538;213,538;212,538;211,538;209,538;208,538;207,538;206,538;205,538;204,538;203,538;202,538;201,538;200,538;199,538;198,538;198,539;198,540;197,540;197,541;197,542;196,544;196,545;195,545;195,546;194,546;194,547;194,548;194,549;194,550;193,550;192,552;192,553;192,554;191,554;191,555;190,556;189,558;188,559;187,560;186,560;185,560;184,560;183,560;182,561;181,561;180,561;179,561;178,561;177,561;176,561;176,560;175,560;174,560;173,560;172,559;171,558;170,558;170,557;170,556;169,556;169,555;168,552;168,551;168,550;168,549;168,548;168,547;168,546;168,545;168,543;168,542;168,541;168,540;168,539;168,538;168,537;168,536;167,536;167,535;167,534;168,534;168,533;168,532;168,531;168,530;167,529;167,528;167,527;166,526;166,525;166,524;166,523;165,522;164,522;164,521;164,520;163,520;163,518;162,516;161,515;161,514;161,513;160,513;160,512;160,511;160,510;160,509;160,508;160,507;160,506;160,505;161,504;161,503;161,502;161,500;162,500;162,499;162,498;162,497;163,497;163,496;163,495;164,495;164,494;164,493;164,492;164,491;164,490;165,490;165,489;166,488;166,487;166,486;167,486;167,485;167,484;167,483;168,483;168,482;168,481;168,480;168,479;168,478;168,477;168,476;168,475;168,474;167,474;166,473;166,472;165,472;164,472;164,471;163,471;162,471;161,472;160,472;158,474;158,475;158,476;157,476;157,477;156,477;156,478;156,479;155,480;154,481;154,482;153,483;152,484;151,484;150,484;149,485;148,485;147,485;146,485;145,485;144,485;143,485;142,485;142,484;141,484;141,483;141,482;141,481;141,480;141,479;141,477;142,476;142,475;142,474;142,473;142,472;142,471;142,470;142,469;142,468;142,467;142,466;142,465;142,464;142,463;142,462;142,461;142,460;142,459;142,458;143,457;143,456;144,455;144,454;144,453;145,451;145,450;145,449;145,448;146,448;146,447;146,446;145,446;145,445;144,445;144,444;143,444;142,444;141,444;140,444;139,444;137,444;136,444;135,444;134,444;133,444;132,445;132,446;131,446;131,447;131,448;130,448;129,449;128,449;128,450;127,450;126,451;126,452;125,452;124,454;123,454;122,454;122,455;121,456;120,456;120,457;119,458;118,458;118,459;117,460;116,460;116,461;116,462;115,462;114,462;114,463;114,464;114,465;114,466;114,467;114,468;114,469;114,470;114,471;114,472;113,472;113,473;112,473;112,474;110,475;108,477;106,478;106,479;105,479;105,480;104,480;103,480;102,482;101,483;101,484;100,486;99,490;99,492;100,493;100,494;100,495;101,495;101,496;102,497;102,498;102,499;102,500;103,501;104,503;104,504;105,504;106,505;107,506;108,508;109,508;109,509;110,509;110,510;111,510;112,510;112,511;112,512;113,512;114,513;114,514;115,514;116,514;116,515;116,516;117,516;117,517;117,518;118,519;118,520;119,520;120,520;121,520;122,520;123,520;124,520;125,520;126,520;127,520;128,520;128,521;129,521;129,522;130,522;131,523;131,524;132,524;132,525;132,526;132,527;132,528;132,529;132,530;131,530;130,532;130,533;129,533;129,534;129,535;129,536;129,537;129,538;129,539;129,540;129,541;129,542;129,543;129,544;129,545;129,546;129,547;129,549;129,550;129,551;129,552;129,553;129,554;129,555;129,556;129,557;129,558;129,559;129,560;129,561;129,562;129,563;129,564;129,565;130,566;130,567;130,568;130,569;130,570;129,571;129,572;129,573;129,574;129,575;129,576;129,577;129,578;130,578;130,579;130,580;131,581;132,583;132,584;133,585;134,586;134,587;134,588;135,588;135,589;136,589;136,590;136,591;136,592;137,592;137,593;138,594;138,595;138,596;139,596;140,596;140,597;140,598;140,599;140,600;141,600;141,601;142,602;142,603;142,604;143,604;143,606;144,608;145,610;146,611;146,612;146,613;147,613;147,614;148,616;148,617;148,618;149,618;149,619;149,620;150,620;151,620;152,621;153,621;154,622;155,622;156,622;159,622;160,622;161,622;161,621;162,621;163,621;164,621;164,620;165,620;168,619;169,618;170,618;171,618;172,618;173,618;174,618;175,618;176,618;177,618;178,618;178,617;178,616;179,616;180,616;180,615;180,614;181,614;182,614;182,613;184,612;184,611;185,611;185,610;185,609;185,608;185,607;185,606;186,604;187,604;188,604;188,603;189,603;189,602;190,602;191,602;192,602;193,602;194,602;195,602;196,601;197,601;198,600;199,600;200,600;201,600;202,600;203,600;203,601;204,602;205,604;205,606;205,608;204,608;204,609;204,610;204,612;204,613;205,615;208,618;209,619;211,620;212,621;214,621;216,621;216,622;218,622;219,622;220,622;226,618;237,608;239,607;241,606;242,606;243,606;
Stroma; POLYGON; 128, 128, 128; 300,465;300,466;300,467;300,468;300,469;300,470;300,471;300,472;300,473;301,474;302,474;302,475;302,476;303,476;303,477;304,477;304,478;304,479;304,480;305,480;305,481;305,482;306,482;306,483;306,484;306,485;306,486;307,486;307,487;307,488;308,488;308,489;309,489;310,489;310,490;311,490;312,490;313,490;314,489;315,488;316,488;316,487;317,487;317,486;318,486;318,485;318,484;319,483;319,482;320,482;320,481;320,480;321,480;321,479;322,478;322,477;324,476;324,475;324,474;325,474;326,474;326,476;326,478;326,479;327,483;327,485;327,486;327,487;327,488;327,489;327,490;327,492;327,494;327,495;326,496;326,497;325,498;324,499;323,500;322,502;321,503;320,504;318,506;318,507;316,508;316,509;315,509;314,510;312,510;312,511;312,512;310,512;309,512;308,512;308,513;307,513;305,514;304,515;303,515;302,516;300,518;299,518;298,518;297,519;296,519;296,518;296,517;295,517;295,516;294,516;294,515;294,514;294,513;294,512;295,512;296,511;296,510;298,508;299,508;300,507;300,506;301,505;301,504;301,503;301,502;301,501;300,499;300,498;300,497;300,496;300,495;300,494;300,493;300,492;300,491;299,491;299,490;298,490;298,489;298,488;298,487;298,486;297,486;297,485;296,485;296,484;296,483;295,482;294,482;294,481;293,480;292,480;292,479;292,478;291,478;291,477;290,476;290,475;290,474;289,474;288,473;288,472;287,472;286,471;285,471;285,470;284,470;283,470;282,470;282,469;281,469;280,469;280,468;279,468;278,468;277,468;276,468;275,469;274,469;273,469;272,469;271,470;271,471;270,471;270,472;270,473;270,474;270,475;270,476;270,477;271,480;271,481;271,482;272,482;272,483;272,484;272,485;273,486;273,487;274,488;274,489;274,490;274,491;274,492;274,493;274,494;274,495;274,496;274,497;274,498;274,499;274,500;274,501;274,502;274,503;274,504;273,504;272,504;272,505;271,506;270,506;269,507;268,508;267,508;266,509;266,510;265,510;264,510;263,510;262,510;262,509;262,508;261,508;261,507;260,506;260,505;260,504;259,504;259,503;258,502;258,501;257,500;256,500;256,499;255,499;254,498;253,498;253,497;252,497;252,496;251,496;250,496;249,496;249,495;248,495;247,494;246,494;245,494;243,494;241,494;240,494;239,494;238,494;237,494;236,494;235,494;234,494;233,494;232,495;231,495;230,495;230,496;229,496;228,496;227,496;226,496;226,497;225,497;224,497;224,498;223,498;222,498;222,499;221,499;221,500;220,500;219,500;219,501;218,501;218,502;217,502;216,502;216,503;215,503;214,503;214,504;213,504;212,504;211,504;210,504;210,505;209,505;208,506;208,507;208,508;207,508;206,508;206,509;206,510;205,510;204,510;203,510;202,510;201,510;200,510;199,510;198,510;197,510;196,510;196,509;195,509;195,508;194,508;194,507;194,506;194,505;194,504;195,504;195,503;196,503;196,502;197,501;198,500;198,499;199,498;200,498;201,498;201,497;202,497;203,497;204,496;205,496;206,496;206,495;207,495;207,494;208,494;209,494;209,493;210,493;210,492;210,491;210,490;210,489;210,488;210,487;210,486;210,485;210,484;210,483;210,482;210,481;210,480;210,478;210,477;210,476;209,476;209,475;208,474;207,474;206,474;206,473;204,473;203,473;202,473;201,473;200,474;199,474;198,474;197,475;196,475;194,476;193,478;192,478;192,479;192,478;191,478;190,478;190,477;189,477;188,476;187,476;186,476;185,476;184,476;184,475;184,474;182,472;181,472;180,472;180,471;180,470;180,469;180,468;180,467;180,466;179,466;178,466;177,466;176,466;175,466;174,466;173,466;172,466;172,467;171,467;170,468;169,469;169,470;168,470;168,471;168,472;168,473;168,474;168,475;167,476;166,476;165,476;164,476;164,475;163,474;162,474;162,473;162,472;162,471;162,470;162,466;162,465;162,464;162,463;162,462;162,461;162,460;161,460;161,459;160,458;160,457;159,456;158,456;158,455;158,454;157,453;157,452;156,452;156,450;156,448;156,447;156,446;156,445;157,445;157,444;158,444;159,444;160,443;161,442;162,442;163,441;164,440;165,440;166,439;166,438;167,438;168,438;168,437;168,436;169,436;170,435;170,434;171,434;171,433;172,432;173,431;174,431;174,430;175,430;176,430;176,429;177,429;177,428;178,428;179,428;180,428;181,428;181,427;182,427;183,427;184,426;185,426;186,426;187,426;188,426;188,425;189,425;190,425;190,424;191,424;192,424;192,423;193,423;194,423;194,422;195,422;196,422;197,422;198,422;198,421;199,421;200,420;201,420;202,420;203,419;204,419;204,418;205,418;206,418;207,418;208,418;208,417;209,417;210,417;210,416;211,416;212,416;213,416;214,415;216,414;217,414;218,414;219,414;219,413;220,413;221,412;223,412;224,412;224,411;225,411;226,411;226,410;227,410;228,410;229,410;230,410;231,410;232,410;232,411;233,411;233,412;233,413;232,413;232,414;232,415;232,416;232,417;231,418;230,419;230,420;229,420;228,420;228,421;227,421;226,422;225,422;224,423;224,424;223,424;222,424;222,425;221,425;220,425;220,426;219,426;218,426;218,427;217,427;217,428;216,428;216,429;215,430;214,431;214,432;214,433;213,434;212,434;212,435;212,436;210,437;210,438;210,439;210,440;209,441;209,442;209,443;209,444;209,446;209,447;209,448;209,449;209,450;210,450;210,451;210,452;210,453;212,454;214,456;215,456;216,456;217,456;218,456;219,456;220,456;221,456;222,456;223,456;223,457;224,457;224,458;224,459;225,459;225,460;226,460;226,461;226,462;226,463;227,463;227,464;228,464;228,465;229,465;230,465;230,466;231,466;232,466;233,466;234,467;235,467;236,468;238,468;238,469;239,469;240,469;241,470;242,470;243,470;244,470;245,470;246,470;247,470;248,471;249,471;250,471;251,471;252,471;252,472;253,472;254,472;255,472;256,472;257,472;257,473;258,473;257,473;257,474;258,474;259,474;260,474;261,474;261,473;262,473;262,472;263,472;264,472;264,471;265,471;266,471;266,470;267,470;268,470;268,469;270,468;271,468;272,468;272,467;273,467;274,466;275,466;276,466;276,465;277,465;277,464;278,464;279,464;280,464;280,463;280,462;282,462;283,462;284,462;284,461;285,461;286,460;287,460;288,460;288,459;289,458;290,458;291,457;292,457;292,456;293,456;293,455;294,454;295,454;296,453;296,452;297,452;298,451;298,450;300,450;301,449;302,449;302,450;303,450;304,450;305,450;306,451;307,451;308,452;310,452;311,453;312,454;312,456;313,456;314,456;315,456;316,456;316,455;317,454;318,454;319,452;319,451;319,450;320,450;320,449;320,448;320,447;320,446;321,446;322,444;322,442;323,442;324,442;324,441;325,441;326,440;327,440;328,440;329,440;330,440;330,439;330,438;331,438;331,437;331,436;332,435;332,434;332,433;333,432;334,431;334,430;334,429;334,428;334,427;334,426;333,426;333,425;332,425;332,424;331,423;330,423;330,422;329,422;328,422;327,422;326,422;326,421;325,421;324,421;323,420;322,419;321,419;320,419;320,418;319,418;319,417;320,417;320,416;320,415;320,414;320,413;320,412;320,411;320,410;320,409;320,408;319,408;319,407;319,406;318,406;318,405;318,404;318,403;317,402;317,401;316,401;316,400;316,399;316,398;316,397;315,396;315,395;314,395;314,394;314,393;313,393;313,392;312,392;311,392;310,392;309,392;308,392;307,392;306,393;305,393;304,393;303,393;302,393;302,392;301,392;300,392;299,392;298,392;297,392;296,392;295,392;294,392;293,392;292,392;291,392;290,392;290,393;289,393;288,394;286,395;286,396;285,396;285,397;284,397;284,398;284,399;284,400;283,400;282,400;281,402;279,404;278,404;278,405;278,406;278,407;277,407;277,408;277,409;276,409;276,410;275,410;274,411;273,411;272,411;271,411;270,411;270,410;269,410;268,410;267,408;267,407;267,406;267,405;267,404;268,404;268,403;268,402;269,401;269,400;270,400;270,399;271,398;272,398;272,397;273,397;273,396;273,395;273,394;273,393;273,392;273,391;273,390;274,390;275,390;276,390;276,389;276,388;276,387;276,386;277,386;278,386;278,385;279,384;280,384;281,384;282,383;282,382;282,381;282,380;282,379;282,378;282,377;282,376;283,376;284,376;285,376;286,376;287,376;288,376;290,375;292,374;293,374;295,372;297,371;298,371;298,370;299,370;300,370;301,370;302,370;303,370;304,370;305,370;306,370;307,369;308,369;309,369;310,369;310,368;311,368;312,368;312,367;313,367;314,367;315,367;316,367;317,367;318,367;319,367;320,367;320,368;321,369;321,370;321,371;322,371;322,372;322,373;322,374;322,375;322,376;322,377;322,378;322,379;322,380;321,380;321,381;321,382;320,382;320,383;320,384;320,385;320,386;320,387;320,388;320,389;320,390;320,391;321,391;321,392;322,392;322,393;323,393;323,394;324,394;325,394;326,394;327,394;328,394;328,393;329,393;330,392;331,392;332,392;332,391;332,390;333,390;334,390;334,389;335,388;336,388;336,387;337,387;337,386;338,386;339,385;339,384;340,384;341,383;341,382;342,382;343,382;344,381;345,380;346,380;347,379;348,378;348,377;347,377;348,377;349,377;350,377;351,377;351,378;352,378;353,378;354,378;355,378;356,378;357,378;358,378;359,378;360,377;361,377;362,377;363,376;364,376;364,375;365,374;366,374;366,373;367,373;367,372;368,372;368,371;369,370;370,370;370,368;371,367;371,366;371,365;372,364;372,363;372,362;373,362;374,362;374,361;375,360;376,360;376,358;377,357;378,357;379,357;379,356;380,356;380,355;382,354;382,353;383,352;384,352;385,350;385,349;386,349;386,348;386,347;387,347;388,346;389,346;389,345;390,345;390,344;391,343;392,342;393,341;394,341;394,340;395,340;396,340;397,340;397,339;398,339;398,338;400,338;400,337;401,337;402,336;402,337;402,338;403,338;404,338;404,339;404,340;405,340;405,341;405,342;405,343;404,345;404,346;404,347;403,347;403,348;402,348;402,349;400,352;399,352;398,353;398,354;397,354;397,355;396,355;396,356;395,356;394,357;394,358;393,358;393,359;393,360;392,362;391,362;391,363;390,363;390,364;389,364;388,364;388,365;388,366;387,366;386,366;385,368;384,369;384,370;383,370;382,371;382,372;381,372;381,373;380,374;380,375;379,376;378,376;377,376;375,378;374,378;373,378;373,379;372,379;371,379;371,380;370,380;370,381;370,382;370,383;369,383;368,384;367,384;367,385;366,386;365,386;364,386;363,386;363,387;362,387;361,387;360,388;359,388;358,389;358,390;357,391;357,392;356,392;356,393;356,394;356,395;356,396;356,397;355,398;355,399;356,399;356,400;357,400;358,401;359,402;360,402;361,402;362,401;363,400;364,400;365,400;365,399;366,399;366,398;367,398;368,398;369,398;370,397;371,396;372,396;373,396;374,396;374,395;375,395;375,394;376,394;376,393;377,393;378,391;380,390;381,390;382,389;382,388;383,388;384,388;385,387;386,387;386,386;387,386;388,386;388,385;390,384;391,384;392,383;392,382;393,382;394,382;394,381;394,380;395,380;396,380;396,379;397,379;398,378;398,377;399,377;400,376;401,376;401,375;402,375;402,374;403,374;404,374;404,373;405,373;406,373;406,372;407,372;410,371;410,370;411,370;411,369;412,369;412,368;413,368;414,368;415,368;416,368;417,368;418,368;418,369;419,370;420,371;420,372;420,373;420,374;420,375;419,376;419,377;419,378;419,380;419,381;418,382;418,383;418,384;418,385;418,386;417,387;417,388;416,388;416,389;416,390;416,391;415,392;414,394;414,395;414,396;413,396;413,397;412,397;412,398;411,398;410,398;409,398;408,399;408,400;407,400;406,400;405,401;404,401;404,402;403,402;402,402;401,402;401,403;400,403;399,403;399,404;398,404;397,404;395,404;394,404;394,405;393,405;392,405;391,406;390,406;389,406;388,407;388,408;387,408;386,408;386,409;385,409;384,409;383,410;382,410;381,410;380,411;380,412;380,413;380,414;380,415;380,416;380,417;380,418;380,419;381,419;381,420;382,420;383,421;383,422;384,422;384,423;384,424;385,424;385,425;384,426;384,427;384,428;383,428;382,428;382,429;382,430;381,430;380,430;379,430;378,431;377,431;376,431;375,431;374,431;373,431;372,431;371,431;370,431;370,430;370,429;371,429;371,428;372,428;373,427;374,426;374,425;375,425;375,424;375,423;375,422;374,422;374,421;374,420;374,419;374,418;374,417;374,416;373,416;373,415;372,415;372,414;371,414;370,413;370,412;369,412;369,411;368,411;367,411;367,410;366,410;365,410;364,410;363,410;362,410;361,410;360,410;360,411;359,411;359,412;358,412;358,413;357,414;356,414;356,415;355,415;354,416;353,416;353,417;352,417;352,418;351,418;350,418;350,419;350,420;349,420;348,420;348,421;348,422;347,422;346,424;346,426;345,426;345,427;344,428;344,429;344,430;344,431;344,432;344,433;344,434;343,436;342,437;342,438;341,439;340,441;338,442;338,444;337,444;337,445;336,445;336,446;336,447;336,448;336,449;336,450;336,451;336,452;336,453;336,454;337,455;337,456;337,457;338,457;338,458;338,459;338,460;338,461;338,462;338,463;338,464;338,465;338,466;338,467;338,468;338,469;337,469;337,470;337,471;337,472;337,473;337,474;338,474;338,475;338,476;337,476;336,476;335,476;334,474;332,474;331,473;330,472;329,471;328,470;327,470;326,469;326,468;325,468;324,468;323,467;322,466;321,466;320,466;319,465;318,465;317,464;316,464;315,464;314,464;314,465;313,465;312,466;311,466;310,466;309,466;309,465;308,465;307,464;306,464;305,464;304,464;304,465;303,465;301,466;300,466;301,466;302,466;303,466;
Stroma; POLYGON; 128, 128, 128; 404,435;405,435;405,434;406,434;406,433;406,432;407,432;407,431;408,431;408,430;409,430;409,429;410,428;410,427;410,426;410,425;410,424;410,423;410,422;409,421;408,420;408,419;407,419;407,418;406,418;405,418;405,417;404,417;403,416;402,416;402,415;401,415;400,415;400,414;399,414;398,414;398,413;397,413;396,412;395,412;394,411;393,410;392,409;391,408;391,407;391,406;391,405;391,404;392,403;392,402;394,400;394,399;395,398;396,398;396,397;396,396;397,396;398,394;398,393;398,392;399,392;399,391;400,390;400,389;401,389;402,388;403,387;404,387;406,386;406,385;407,384;408,384;408,383;408,382;409,382;409,381;409,380;409,379;409,378;409,377;409,376;409,375;409,374;409,373;410,373;410,372;411,372;412,372;412,371;412,370;413,370;413,369;414,368;414,367;414,366;414,365;415,364;416,364;416,363;416,362;417,362;418,362;418,361;418,360;420,360;421,360;422,360;423,359;424,358;425,358;426,358;427,358;428,357;429,357;429,356;430,356;431,356;432,356;433,356;434,356;435,356;436,356;437,356;438,356;439,356;440,356;441,356;442,356;442,355;443,354;444,354;444,353;444,352;444,351;445,351;445,350;445,349;445,348;446,348;446,347;447,347;447,346;448,344;448,343;448,342;447,341;447,340;446,340;446,339;446,338;445,338;445,337;444,337;444,336;443,336;443,335;442,335;442,334;441,334;441,333;441,332;442,332;443,332;444,331;444,330;445,330;446,330;446,329;447,329;448,329;448,328;449,328;450,328;451,328;451,327;452,327;453,326;454,326;455,326;455,325;456,325;456,324;456,323;456,322;457,322;457,321;457,320;458,320;458,319;458,318;458,317;459,316;459,315;460,315;460,314;460,313;460,312;460,311;460,310;460,309;460,308;460,307;460,306;460,305;460,304;460,303;460,302;461,300;462,300;462,299;462,298;463,298;463,297;464,297;464,296;465,296;465,295;466,294;466,293;466,292;467,292;467,290;468,289;468,288;468,287;469,287;469,286;470,286;470,285;471,285;472,284;473,284;474,284;474,283;475,283;475,282;476,282;476,283;476,284;477,284;477,285;477,286;477,287;477,288;477,289;477,290;476,290;476,291;476,292;473,296;472,296;472,297;472,298;471,298;471,299;470,300;470,301;470,302;469,302;469,303;468,304;468,305;468,306;468,308;468,309;468,310;468,311;467,312;467,313;467,314;468,314;469,314;470,314;471,314;472,314;473,314;474,314;475,314;476,314;476,313;477,313;478,313;479,312;480,312;481,311;482,311;482,310;483,310;483,309;484,308;484,307;484,306;485,306;485,305;486,305;486,304;487,304;487,303;488,303;488,302;489,302;490,302;490,301;490,300;491,300;491,299;492,299;492,298;492,297;492,296;493,295;494,294;494,293;495,293;496,293;497,293;498,293;499,293;500,293;500,294;500,295;500,296;500,297;500,298;500,299;498,301;498,302;498,303;497,303;497,304;496,304;496,305;496,306;496,307;496,308;497,308;497,309;498,309;498,310;499,310;500,310;500,311;501,311;502,312;503,312;503,313;503,314;504,314;504,316;504,317;504,318;503,318;502,319;502,320;501,320;500,320;499,320;499,321;498,321;498,322;497,322;496,322;496,323;496,324;495,324;494,324;494,325;493,325;492,325;491,325;490,325;489,326;488,326;487,326;486,327;486,328;486,329;485,329;485,330;485,331;485,332;485,333;486,333;486,334;486,335;485,335;485,336;484,336;484,337;484,340;484,342;484,343;484,344;484,345;485,346;486,346;486,347;486,348;487,348;488,348;489,348;490,348;491,348;492,348;492,347;493,347;494,346;495,346;496,346;497,346;497,345;498,345;498,344;498,343;499,343;499,342;500,342;500,341;501,340;502,340;502,339;503,338;504,338;504,337;505,336;505,335;505,334;506,334;506,333;507,333;507,332;508,332;509,332;510,332;511,332;512,332;513,332;514,332;514,333;515,333;515,334;516,334;516,335;516,336;516,337;516,338;516,339;516,340;516,341;516,342;516,343;516,344;517,344;517,345;517,346;518,346;518,347;519,348;520,349;520,350;520,351;520,352;520,353;520,354;520,355;520,356;520,357;520,358;520,360;520,361;520,362;519,362;519,363;519,364;518,364;518,365;517,366;517,367;517,368;516,368;516,369;516,370;515,370;515,371;514,372;514,373;514,374;513,374;513,376;512,376;512,377;509,382;508,383;508,384;507,385;506,386;505,387;504,388;504,389;503,389;503,390;502,390;502,391;501,391;499,393;497,394;496,395;496,396;495,396;494,396;493,396;493,397;492,397;490,398;489,398;488,398;487,399;486,399;485,399;484,399;484,400;483,400;482,400;480,400;479,400;478,400;477,400;476,400;475,400;474,400;473,400;472,400;471,400;470,400;469,400;468,400;467,400;466,400;466,399;466,398;465,398;464,398;464,397;464,396;464,395;464,394;464,393;464,392;465,391;466,390;466,389;466,388;466,387;466,386;467,386;468,386;468,385;468,384;469,383;469,382;470,382;470,381;470,380;470,379;470,378;470,377;470,376;469,375;469,374;468,374;468,373;467,373;467,372;466,372;465,371;464,371;462,370;461,370;460,370;459,370;458,370;457,370;456,371;456,372;455,372;454,372;454,373;453,374;452,374;452,375;451,376;450,376;449,378;448,378;448,379;448,380;447,380;447,381;447,382;446,382;446,383;446,384;445,384;444,387;444,388;444,389;444,390;444,391;444,392;444,393;444,394;444,395;444,396;444,397;444,398;445,399;446,400;446,402;446,403;446,404;446,405;446,406;446,407;446,408;445,409;445,410;444,411;443,413;442,414;442,415;442,416;439,418;437,419;436,420;434,421;432,422;431,424;430,425;428,426;428,427;428,428;
Stroma; POLYGON; 128, 128, 128; 468,417;469,417;470,416;471,415;472,414;472,413;472,412;473,412;473,411;473,410;473,408;472,408;472,407;472,406;472,405;472,404;472,403;472,402;472,401;472,399;474,396;475,395;478,392;480,391;480,390;481,389;482,388;485,386;487,384;488,384;490,382;492,382;493,381;494,381;494,380;495,380;496,380;498,379;499,378;500,378;501,378;502,378;503,377;504,377;506,376;508,375;509,375;509,374;510,374;511,374;512,374;512,373;514,373;514,372;515,372;517,372;518,372;519,372;520,372;520,373;521,373;521,374;522,374;523,374;524,375;524,376;525,376;526,376;526,377;529,378;533,382;534,382;534,383;534,384;535,384;535,385;536,386;536,387;536,388;536,389;537,389;537,390;538,391;538,392;538,393;539,395;539,396;539,397;540,397;540,398;540,399;540,400;540,401;540,402;540,403;540,404;541,404;542,405;543,405;544,405;544,406;545,406;547,408;550,410;551,411;552,411;552,412;552,413;553,413;553,414;552,414;552,415;552,418;552,419;552,420;552,421;552,422;552,423;552,424;552,426;553,426;553,427;553,428;553,429;553,430;552,430;552,431;552,432;552,433;551,433;551,434;550,434;550,435;550,436;549,436;548,436;547,437;546,438;545,438;544,438;544,439;543,439;542,440;541,440;540,440;539,440;538,440;537,440;536,440;535,440;534,440;533,440;532,440;529,441;528,441;526,441;525,441;524,441;524,442;523,442;522,442;521,443;520,443;520,444;519,444;518,444;517,444;516,444;515,445;515,446;514,446;513,446;512,446;511,446;510,446;508,447;507,447;506,447;506,448;505,448;504,448;503,448;503,447;502,447;501,446;500,446;500,445;500,444;499,444;499,443;498,443;498,442;497,442;496,442;495,441;494,441;493,441;492,441;491,441;490,440;490,439;490,438;490,437;491,437;492,436;493,436;495,434;496,433;496,432;496,431;496,430;496,429;496,428;495,428;495,426;494,426;494,425;494,424;494,423;493,422;492,422;492,421;491,420;490,420;489,420;488,420;487,420;486,420;485,419;484,419;483,419;482,419;480,420;478,420;477,421;476,422;475,422;474,422;473,422;472,422;471,422;470,422;470,423;
Stroma; POLYGON; 128, 128, 128; 470,475;470,476;469,476;468,477;468,478;467,478;466,479;466,480;465,480;464,480;463,480;462,480;461,480;460,480;459,480;458,481;458,482;457,483;457,484;456,486;456,487;456,488;456,489;456,490;455,490;455,491;455,492;454,492;454,493;454,494;453,494;453,495;452,495;451,495;450,495;450,494;450,493;450,492;450,490;450,489;450,488;450,487;451,486;452,486;452,485;453,485;453,484;453,483;452,482;452,481;451,481;450,480;449,480;449,479;448,478;448,477;447,477;446,476;445,476;444,476;443,476;442,475;441,475;440,475;440,474;439,474;438,474;437,474;436,474;435,474;434,474;433,474;432,474;432,473;431,473;430,472;429,472;429,471;429,470;430,469;430,468;431,468;431,467;432,467;432,466;433,466;434,466;435,466;436,466;437,466;438,466;438,465;438,464;439,464;439,463;439,462;440,462;440,461;440,460;441,460;441,459;441,458;442,458;442,457;442,456;443,456;444,456;445,456;446,456;447,456;447,457;448,457;449,457;449,458;450,458;451,458;451,459;452,459;452,460;453,460;453,461;454,461;454,462;455,463;456,463;456,464;457,464;458,464;459,464;460,464;460,463;461,463;462,463;462,462;464,462;465,462;466,461;466,460;467,460;468,459;469,458;470,457;470,456;470,455;472,454;473,454;474,454;475,454;476,454;476,453;477,453;478,453;478,452;479,452;480,452;480,453;480,454;481,454;480,454;480,455;480,456;480,457;480,458;480,459;480,460;480,461;480,462;480,463;480,464;480,465;480,466;
Stroma; POLYGON; 128, 128, 128; 494,430;494,431;493,432;493,433;492,434;492,435;491,436;491,437;490,437;490,438;491,438;493,438;495,438;502,432;504,430;506,428;508,426;509,424;
Stroma; POLYGON; 128, 128, 128; 506,476;506,475;506,474;507,474;508,472;509,472;510,472;510,471;511,471;512,471;514,471;515,472;516,472;517,471;518,470;519,469;520,468;521,467;522,466;523,466;523,465;524,465;526,464;527,464;528,463;530,463;531,463;532,463;533,463;534,463;534,462;535,462;536,462;537,461;538,461;538,460;539,460;540,460;541,460;542,459;543,458;544,457;544,456;545,456;546,456;547,456;548,456;549,456;550,456;550,455;551,455;552,455;553,454;554,454;555,453;556,453;556,452;557,452;558,452;559,451;560,450;561,450;561,449;562,449;562,448;563,448;563,447;563,446;564,446;565,446;565,445;566,445;566,444;567,444;568,444;569,444;570,444;570,443;571,443;572,443;572,442;573,442;574,442;574,441;576,440;578,439;578,438;579,438;580,437;581,436;582,436;583,436;584,436;584,437;584,438;585,438;586,438;586,439;586,440;587,440;588,440;589,440;590,440;591,440;592,440;593,440;594,441;594,442;594,443;594,444;595,444;596,445;596,446;597,447;597,448;598,448;598,449;599,449;599,450;600,451;600,452;600,453;600,454;599,454;598,454;597,454;596,454;595,454;594,454;592,455;591,455;590,455;590,456;588,456;587,456;586,457;585,458;584,458;584,459;583,459;582,460;580,460;579,460;578,460;578,461;577,461;576,462;575,462;574,463;573,464;572,464;571,466;570,466;570,467;569,467;568,468;567,468;566,469;565,470;564,470;563,470;563,471;562,471;562,472;561,472;560,472;559,472;558,472;557,472;556,472;555,472;554,473;554,474;553,475;553,476;552,477;552,478;550,478;549,479;548,479;546,480;545,480;543,480;542,480;540,481;539,481;538,481;536,482;534,483;533,484;532,484;530,485;529,486;528,486;528,487;527,488;526,488;526,489;525,490;520,492;519,492;
Stroma; POLYGON; 128, 128, 128; 476,502;475,502;474,502;473,502;472,502;471,502;470,502;469,502;468,502;467,502;466,502;465,502;464,502;462,502;461,502;460,502;459,502;458,502;456,501;454,501;454,502;454,503;454,504;454,505;454,506;454,507;455,509;456,509;456,510;457,511;457,512;458,512;459,513;460,513;461,514;462,514;463,514;464,514;465,514;466,514;467,514;469,514;470,514;471,514;472,514;473,514;476,514;477,514;478,514;479,514;480,514;482,512;484,512;485,512;486,512;488,510;489,510;490,510;
Stroma; POLYGON; 128, 128, 128; 549,516;550,516;550,517;550,518;551,518;552,520;553,521;553,522;554,522;554,523;554,524;554,525;555,526;556,526;556,527;556,528;557,528;557,530;558,530;558,531;558,532;559,533;559,534;560,534;560,535;561,536;562,536;562,537;562,538;563,538;563,539;564,540;564,541;564,542;565,542;565,543;565,545;565,546;564,546;564,548;563,548;562,550;562,551;560,553;558,554;557,555;556,556;555,556;555,557;554,558;553,558;552,558;551,558;550,559;548,560;547,560;546,560;544,560;542,559;541,558;540,558;539,558;538,558;536,558;534,559;532,560;531,561;527,563;522,566;521,568;520,570;520,572;520,574;520,576;520,578;521,579;522,580;523,581;524,582;526,582;530,584;532,586;534,587;534,588;535,589;538,592;540,594;542,595;543,596;544,597;546,598;547,598;547,599;548,600;548,601;549,602;550,602;551,602;552,601;554,600;555,600;557,600;559,600;560,600;562,599;564,598;566,597;568,596;570,595;570,594;572,593;574,592;575,591;578,586;588,576;589,574;590,572;591,570;592,569;594,567;595,565;596,564;596,562;597,561;598,560;598,557;599,552;599,549;600,547;600,546;602,540;603,538;604,536;604,534;604,532;604,530;604,528;604,526;604,524;604,523;604,522;604,521;604,520;605,518;605,517;606,516;606,515;607,512;607,511;607,510;607,509;607,508;607,507;607,506;607,505;607,504;607,503;607,502;606,501;606,500;605,500;605,499;605,498;604,498;603,497;602,496;601,495;600,495;600,494;599,493;598,493;598,492;597,492;596,492;595,491;594,491;593,491;592,491;591,491;590,491;589,491;588,492;587,492;586,492;586,493;584,494;582,494;581,494;580,494;579,494;578,494;577,494;576,494;576,495;575,495;574,496;573,496;572,496;571,496;570,496;569,496;568,496;568,495;567,495;566,495;566,494;564,493;563,492;562,492;561,491;560,490;559,490;558,490;558,489;557,488;556,488;555,488;553,486;552,486;550,486;549,486;548,486;546,485;545,485;544,485;542,485;541,486;540,486;539,486;538,487;538,488;537,489;536,490;536,491;536,492;535,492;534,494;534,495;534,496;533,496;533,497;532,498;532,499;532,500;531,501;531,502;531,503;531,504;531,505;531,506;531,507;532,507;532,508;532,509;532,510;533,510;534,511;534,512;535,512;536,512;536,513;537,514;538,514;539,514;540,515;541,515;542,515;544,516;545,516;546,516;549,516;551,515;552,515;553,514;554,514;
Stroma; POLYGON; 128, 128, 128; 590,454;591,454;592,454;593,454;595,454;596,454;596,455;597,455;597,456;598,456;598,457;598,458;599,458;600,459;600,460;600,461;601,461;601,462;602,462;603,462;604,462;604,463;605,463;606,463;607,463;608,463;608,462;608,461;608,460;608,458;608,457;608,456;608,455;607,455;606,454;606,453;605,452;604,452;603,452;602,452;602,451;600,450;600,449;599,449;598,448;597,448;596,448;596,447;595,447;595,446;594,446;594,445;594,444;594,443;594,442;594,441;594,440;594,439;595,438;596,438;596,436;598,434;599,434;600,433;600,432;601,432;602,432;602,430;603,430;604,428;604,426;604,425;604,424;604,423;604,422;604,421;604,420;604,419;604,418;603,418;602,418;602,417;600,416;599,416;598,416;597,416;597,417;596,417;596,418;595,419;595,420;594,420;594,421;592,422;592,424;591,424;591,425;590,425;590,426;589,426;588,427;588,428;587,428;586,428;586,429;586,430;585,430;584,431;584,432;584,433;584,434;583,436;582,437;580,438;580,439;580,440;580,441;581,442;
Stroma; POLYGON; 128, 128, 128; 564,445;563,445;562,445;562,444;561,444;560,444;559,443;558,442;557,442;557,441;556,441;556,440;556,438;556,437;556,436;557,434;558,434;558,433;558,432;560,430;560,429;561,429;561,428;562,428;562,427;562,426;563,426;564,426;564,425;564,424;565,424;566,423;566,422;566,421;567,421;567,420;568,420;568,417;568,416;569,416;569,415;569,414;570,414;570,413;570,412;571,412;571,411;571,410;572,410;572,409;572,408;573,408;574,407;574,406;575,405;576,404;576,403;576,402;577,402;578,401;578,400;579,399;580,398;580,397;581,396;582,394;582,393;583,393;583,392;584,392;584,391;585,390;586,390;586,389;586,388;587,388;588,387;588,386;589,386;590,385;590,384;591,384;591,383;591,382;592,382;592,381;592,380;591,380;590,380;590,379;589,379;588,379;588,378;587,378;586,378;585,378;584,378;583,378;582,378;582,377;581,377;580,377;580,376;578,376;577,376;576,376;575,376;574,375;574,374;573,374;572,374;571,374;571,373;570,373;570,372;569,372;569,371;568,370;568,369;567,369;567,368;566,368;565,366;564,366;564,365;564,364;564,363;563,363;563,362;563,361;563,360;563,359;563,358;563,357;563,356;563,355;563,354;563,353;563,352;562,352;562,351;561,350;560,350;560,349;559,349;558,349;557,349;557,350;556,350;556,351;556,352;556,353;555,354;554,354;554,355;554,356;553,357;553,358;552,358;552,359;551,359;551,360;550,360;549,360;548,360;547,360;546,360;545,360;544,360;543,360;542,360;541,360;538,359;537,359;536,359;536,358;535,358;534,358;534,357;533,356;532,356;532,355;530,354;529,353;528,353;528,352;527,352;522,350;521,350;520,350;519,351;518,352;517,352;516,353;515,354;514,355;514,356;513,356;512,358;510,360;508,365;508,367;507,369;507,370;509,377;510,378;510,380;510,381;510,383;511,385;511,387;512,388;512,389;512,390;512,392;512,393;512,394;513,396;514,398;515,400;516,400;516,401;516,403;517,404;518,405;518,406;519,406;520,406;520,407;521,407;522,408;524,410;525,410;526,410;526,411;526,412;527,412;528,413;530,414;531,415;532,415;532,416;533,416;533,417;534,418;534,419;535,420;536,420;536,421;536,422;537,422;538,423;538,424;539,424;539,425;539,426;540,426;540,427;540,428;541,428;541,430;542,430;542,431;542,432;543,432;544,432;544,433;545,433;545,434;546,434;547,434;548,434;548,435;549,435;550,436;551,436;552,437;552,438;553,438;553,439;554,439;554,440;555,440;556,441;556,442;557,442;558,442;559,444;560,445;560,446;561,446;562,446;563,447;564,448;
Stroma; POLYGON; 128, 128, 128; 594,500;595,500;596,500;596,499;597,499;598,500;599,501;599,502;600,503;600,504;601,506;601,507;602,508;602,510;602,513;602,514;602,516;603,520;603,522;603,524;603,526;603,527;604,532;604,548;604,549;604,550;605,552;606,554;606,556;606,560;606,562;606,563;606,566;605,575;605,577;605,579;606,582;606,584;606,585;606,586;606,588;606,589;606,591;606,592;605,594;604,597;604,598;604,599;604,600;603,602;602,604;602,605;602,606;602,608;602,610;601,611;601,612;601,613;601,614;601,615;601,616;600,616;600,617;600,618;600,621;600,622;600,623;599,624;598,624;598,625;598,626;597,628;596,628;596,629;595,631;594,632;594,633;593,633;592,633;592,634;591,634;591,635;590,635;590,636;590,637;588,638;587,638;587,639;586,639;586,640;585,641;584,642;583,642;582,642;581,642;580,642;579,642;578,642;578,643;577,643;577,644;576,644;575,646;574,647;574,648;573,649;573,650;573,653;573,654;572,654;572,655;572,656;571,656;570,656;570,657;569,658;568,658;568,659;567,659;566,660;565,661;564,662;562,662;562,663;561,663;560,664;558,664;557,664;556,665;554,665;554,666;553,666;548,666;547,664;546,663;545,662;544,662;543,661;542,660;541,660;540,659;538,657;537,656;536,655;535,652;535,642;535,639;535,636;534,635;534,632;533,630;532,629;532,628;532,626;532,625;532,623;532,618;532,615;532,614;532,610;534,604;535,602;536,600;537,598;538,596;539,593;540,591;541,590;542,588;544,587;548,584;550,581;552,580;552,579;554,577;555,576;556,576;556,575;558,574;558,573;560,572;561,571;562,570;563,570;564,569;566,568;566,566;569,562;570,561;570,560;573,556;574,555;574,554;575,553;575,552;576,552;576,551;576,550;576,549;576,548;576,547;577,546;577,545;577,544;578,543;578,542;578,541;578,540;578,539;578,538;578,537;578,536;579,536;579,535;579,534;579,533;579,527;578,523;578,522;577,520;576,520;576,519;576,518;575,517;576,514;578,514;
Stroma; POLYGON; 128, 128, 128; 597,516;598,514;599,512;600,511;600,510;601,509;603,507;604,506;605,505;606,505;606,504;607,503;607,502;606,502;606,501;605,500;604,500;602,499;602,498;601,498;600,497;600,496;599,496;598,496;598,495;598,494;597,494;596,494;596,493;595,493;594,492;593,492;592,492;591,492;590,492;589,492;588,492;587,492;586,492;585,492;581,493;578,494;576,495;575,496;574,496;573,497;572,498;570,500;569,500;569,501;567,505;570,515;574,518;
Stroma; POLYGON; 128, 128, 128; 106,721;105,721;104,723;104,725;104,726;103,727;103,728;103,729;102,730;102,731;102,732;102,733;102,734;101,736;100,736;100,737;99,737;98,737;98,738;98,739;97,739;96,739;96,740;95,741;94,741;94,742;94,743;93,743;93,744;93,745;93,746;93,747;94,748;94,749;95,749;95,750;96,751;96,752;97,753;98,754;98,755;98,756;98,757;94,758;92,758;91,758;90,758;86,757;85,757;84,756;83,755;84,755;84,754;84,753;84,752;85,750;85,749;85,748;84,747;84,746;84,745;83,745;83,744;83,743;83,742;84,741;84,740;84,739;84,738;84,737;84,736;84,735;83,735;83,734;83,733;83,732;83,731;82,731;82,730;82,729;82,728;82,727;83,725;83,724;83,723;83,722;84,721;84,720;84,719;84,718;84,717;84,716;82,713;81,712;80,712;80,711;79,711;78,710;77,710;77,709;76,709;75,709;74,709;73,709;72,709;71,709;71,710;70,710;70,711;69,712;69,713;68,713;68,714;68,715;67,715;67,716;67,717;66,717;66,719;66,720;66,721;66,722;66,723;66,724;66,725;66,726;66,727;67,731;67,732;67,733;67,734;66,734;66,735;66,736;65,736;65,737;64,737;63,737;62,737;61,737;60,737;59,736;58,735;58,734;57,734;56,733;55,731;54,730;54,729;53,728;53,727;52,727;52,726;51,725;50,725;49,723;48,722;47,721;46,720;44,719;43,719;43,718;42,718;41,718;40,718;39,718;38,718;37,718;36,718;35,718;34,718;34,719;33,719;32,719;31,719;30,719;30,720;30,721;29,721;28,721;27,721;26,721;25,720;24,720;24,719;23,719;22,719;22,718;22,717;22,716;22,715;22,714;22,713;22,712;22,711;23,709;24,707;24,706;24,705;25,705;25,704;25,703;25,702;26,702;26,701;26,700;26,699;26,698;27,698;27,697;28,697;29,697;30,697;30,696;31,696;32,696;33,696;34,696;35,696;36,696;36,695;37,695;38,694;38,693;38,692;39,692;39,691;40,691;40,690;41,689;42,689;42,688;42,687;42,686;43,686;43,685;43,684;43,683;43,682;43,681;43,680;43,679;43,678;43,677;43,676;42,675;42,674;42,673;41,672;40,671;40,670;40,669;40,668;40,667;39,667;39,666;38,666;38,665;38,664;38,663;38,662;38,661;37,661;37,659;37,658;37,657;36,656;36,655;36,654;36,653;35,653;35,652;35,651;34,651;34,650;34,649;33,649;33,648;32,647;32,646;32,645;32,643;31,643;31,642;31,641;31,640;31,639;32,638;32,637;32,636;32,635;34,633;34,632;34,631;34,630;35,629;36,628;36,627;37,627;38,627;38,626;38,625;39,625;39,624;40,624;40,623;41,622;41,621;42,621;42,619;43,617;43,616;44,615;44,614;44,613;45,613;46,612;46,611;47,611;47,610;48,610;48,609;50,607;51,607;51,606;52,605;53,605;54,605;54,604;55,604;56,604;57,604;57,605;58,605;58,606;58,607;58,608;58,609;57,609;57,610;57,611;56,612;56,613;56,614;55,615;55,617;54,619;54,620;54,621;54,622;54,623;53,624;53,625;53,626;52,629;52,630;52,631;52,632;52,633;52,634;52,635;53,636;53,637;53,638;53,639;53,640;53,641;53,642;52,643;52,644;52,645;52,647;52,648;52,649;52,650;53,651;53,652;53,653;54,653;54,654;54,655;55,657;56,657;56,658;56,659;57,659;57,660;58,660;58,662;59,663;60,664;60,665;60,667;61,667;62,668;62,669;62,670;62,671;63,671;63,672;64,672;64,673;65,673;66,674;66,675;68,678;69,679;70,679;70,680;70,681;70,682;71,683;71,684;72,684;72,686;72,687;73,687;74,687;76,689;77,689;78,689;79,689;80,690;81,690;82,690;83,690;84,690;86,690;91,690;92,690;94,690;96,690;99,690;101,690;102,690;104,690;106,691;106,692;107,692;109,694;110,697;112,698;113,699;114,703;116,704;117,706;118,707;
Stroma; POLYGON; 128, 128, 128; 90,653;90,651;90,650;89,649;88,648;88,647;88,646;88,645;88,644;88,643;87,642;87,640;86,639;86,638;86,637;85,637;84,635;82,633;82,632;81,631;80,630;80,629;80,628;79,628;79,627;78,627;78,626;78,625;76,623;76,622;76,621;75,621;74,621;74,620;74,619;72,617;72,616;71,616;71,615;70,614;70,613;70,612;69,611;68,611;67,611;66,610;65,610;65,609;64,609;63,609;62,609;61,609;60,609;59,609;58,609;58,608;56,608;56,607;54,607;52,605;51,605;50,604;49,603;48,603;47,601;46,601;45,601;45,600;44,599;43,599;42,598;42,597;39,593;38,591;38,590;37,589;37,588;37,587;36,585;36,584;36,583;36,581;36,580;36,579;36,578;35,577;35,576;35,575;35,574;35,573;35,572;35,571;35,570;34,569;34,568;34,567;33,567;33,566;33,565;33,564;33,563;33,562;33,561;33,560;33,559;34,559;34,558;34,557;34,555;34,554;35,553;35,552;36,551;37,551;37,550;38,550;38,549;38,548;38,547;39,547;40,547;40,546;40,545;41,545;42,545;42,544;43,544;43,543;44,543;45,543;46,543;46,542;47,541;48,541;49,540;50,540;50,539;51,539;52,538;52,537;54,535;55,535;55,534;56,533;56,532;57,532;57,531;58,531;58,530;58,529;59,529;59,528;59,527;59,526;59,525;60,525;60,524;60,523;62,520;63,519;64,519;65,518;65,517;66,517;67,515;68,514;68,513;68,512;70,509;70,507;71,506;71,505;72,505;72,504;73,504;74,503;75,503;76,503;77,503;78,503;79,503;79,504;80,504;80,505;80,506;81,506;81,507;82,507;82,508;82,509;82,510;82,511;83,511;84,512;84,514;85,515;86,515;86,516;86,517;86,518;87,518;87,519;87,520;87,521;88,523;88,525;88,526;88,527;87,528;87,529;86,529;86,530;86,531;85,531;85,532;84,535;84,536;83,537;83,538;82,538;82,539;82,540;81,541;80,541;80,542;80,543;80,544;79,544;79,545;78,546;78,547;77,549;77,550;77,551;76,552;75,555;75,556;74,557;74,558;74,559;74,560;73,561;73,562;72,563;72,564;72,565;71,566;71,567;70,567;70,568;70,569;70,570;69,570;69,571;68,571;68,572;68,573;68,574;68,575;67,575;67,577;66,579;66,580;66,581;65,582;65,583;65,584;65,585;65,586;65,587;65,588;65,589;65,590;65,591;66,591;66,592;66,593;66,594;67,595;67,596;67,597;68,597;68,598;68,599;68,600;69,601;70,601;70,602;70,603;71,603;71,604;72,604;72,605;73,605;74,605;74,606;74,607;76,607;76,608;76,609;77,609;77,610;78,611;78,612;78,613;79,613;79,614;79,615;80,615;80,616;80,617;80,618;81,619;82,620;82,621;83,622;84,623;85,625;86,625;87,626;88,627;90,628;91,629;92,631;93,632;93,633;94,633;94,635;94,641;94,643;94,644;94,645;94,646;95,647;95,649;96,653;97,654;97,657;97,659;97,660;98,660;
Stroma; POLYGON; 128, 128, 128; 103,649;104,648;104,647;104,646;104,645;104,644;104,643;104,642;104,641;104,640;104,639;104,638;103,637;103,636;103,635;102,634;102,633;102,631;101,631;101,630;100,629;100,628;99,627;98,627;98,626;97,626;96,625;95,624;94,623;92,623;92,622;91,621;90,621;90,620;89,619;89,618;88,617;88,616;88,615;87,615;86,613;85,613;84,611;80,608;80,607;79,607;78,607;78,606;78,605;77,604;77,603;76,602;76,601;76,600;76,599;76,595;76,594;76,593;76,592;76,591;76,590;76,589;76,588;76,587;76,586;76,585;76,584;76,583;76,580;76,579;75,578;75,577;74,576;74,575;74,574;73,573;72,573;72,572;71,571;70,571;70,569;69,569;68,568;66,567;65,568;64,569;62,571;62,572;61,574;60,576;60,578;60,579;59,580;59,582;58,584;58,585;59,585;59,586;59,587;60,587;60,588;62,590;62,591;63,593;64,593;64,594;64,595;65,597;66,601;67,602;68,603;68,605;70,606;70,607;71,609;72,609;72,610;73,611;74,612;75,613;76,615;76,616;76,617;77,617;84,627;89,633;91,636;95,644;97,649;102,655;
Stroma; POLYGON; 128, 128, 128; 146,643;146,642;145,641;145,640;144,640;144,639;144,638;144,637;143,637;142,635;142,634;141,634;141,633;140,633;140,632;139,632;139,631;138,631;137,631;136,631;136,630;135,630;134,630;134,629;132,629;131,629;130,629;129,629;128,629;127,629;126,629;126,628;125,628;125,627;124,627;123,626;123,625;122,625;122,624;122,621;122,620;122,619;122,618;122,617;121,617;121,616;121,615;120,615;120,614;120,613;120,612;120,611;121,611;121,610;122,609;122,608;122,607;123,607;124,606;124,605;125,605;126,603;131,599;134,597;135,596;136,595;137,595;139,593;141,592;142,591;143,591;145,590;146,590;152,593;153,595;154,596;156,598;157,599;159,603;160,605;162,607;162,610;166,617;166,620;166,621;167,627;168,629;168,631;169,631;169,633;
Stroma; POLYGON; 128, 128, 128; 146,548;147,547;147,546;147,545;146,543;146,542;146,541;145,541;145,540;144,539;144,538;143,537;143,536;142,536;142,535;142,534;142,533;142,532;142,531;142,530;142,529;142,528;142,527;141,527;141,526;140,526;140,525;139,525;138,524;138,523;137,523;136,523;135,523;134,523;133,523;132,523;131,523;130,523;130,524;129,524;128,524;127,525;126,525;126,526;126,527;125,527;124,528;123,529;123,530;122,530;122,531;121,531;121,532;120,532;120,533;119,533;118,533;117,533;116,533;115,533;114,533;113,533;112,534;111,534;110,535;109,535;108,535;107,536;106,536;105,536;104,536;104,537;103,537;102,537;102,538;101,538;101,539;100,539;98,539;96,539;95,540;93,541;92,541;92,542;91,542;90,543;89,543;88,543;87,543;86,544;85,544;84,544;84,545;82,545;76,547;75,547;74,547;74,546;74,545;74,544;74,543;75,540;75,539;76,537;77,533;77,532;78,531;78,527;78,525;78,524;78,523;77,523;77,522;77,521;77,520;77,519;77,517;77,516;77,515;77,514;77,513;77,512;77,509;78,508;78,507;79,506;80,505;81,504;82,504;82,503;83,503;84,503;85,502;86,501;87,501;88,500;89,499;90,499;91,498;92,497;93,497;94,497;95,497;96,496;99,495;106,493;108,492;109,492;110,491;112,491;113,491;114,491;116,491;118,491;118,492;119,492;120,492;122,493;123,494;124,495;125,495;126,496;126,497;127,497;127,498;128,499;128,500;129,501;130,502;130,503;132,504;133,505;134,506;134,507;135,507;136,508;136,509;137,510;137,511;138,511;138,512;139,512;139,513;140,513;141,514;142,514;142,515;144,515;145,517;146,518;146,519;147,519;148,520;148,521;149,522;149,523;150,523;150,524;150,525;150,526;150,527;151,527;151,528;151,529;151,531;151,532;151,535;151,536;151,537;152,538;152,539;152,540;152,541;153,541;153,542;154,543;
Specular reflection; POLYGON; 191, 91, 22; 123,550;124,549;124,548;124,547;125,547;125,546;126,546;126,545;127,545;127,544;128,544;128,543;129,543;130,542;130,541;130,540;131,539;131,538;132,537;132,536;132,535;133,535;133,534;133,533;134,533;134,532;134,531;134,530;134,529;134,528;134,527;134,526;133,526;133,525;132,525;131,525;130,524;130,523;129,523;128,523;127,523;126,523;125,524;124,525;123,526;122,527;122,528;121,529;121,530;120,531;120,533;120,535;120,536;119,538;118,541;118,543;118,544;118,546;118,547;118,548;
Specular reflection; POLYGON; 191, 91, 22; 75,676;75,677;75,678;76,679;76,680;76,681;76,682;77,683;78,683;78,684;79,684;79,685;80,686;80,687;81,687;82,687;82,688;83,688;84,689;85,689;86,689;87,687;89,685;90,683;90,681;90,675;90,673;90,671;89,667;88,665;87,663;86,663;86,662;84,661;
Stroma; POLYGON; 128, 128, 128; 227,420;228,421;229,422;230,423;230,424;230,425;231,425;232,425;232,426;233,427;234,427;235,427;236,427;236,428;238,428;239,428;239,429;240,429;241,429;242,429;243,429;244,429;245,429;246,429;247,429;248,429;249,429;250,429;251,430;252,430;253,430;254,430;255,430;256,429;257,429;258,429;259,429;260,429;261,429;262,429;263,429;264,429;265,429;266,429;267,429;268,429;269,429;270,429;271,429;272,429;273,429;274,429;275,429;276,429;277,429;277,428;278,428;278,427;279,427;280,427;281,427;282,426;282,425;282,424;282,423;282,422;282,421;281,421;280,419;280,418;279,418;279,417;278,417;278,416;277,415;276,415;276,414;276,413;276,412;276,411;277,411;278,411;278,410;278,409;279,409;279,408;280,407;280,406;280,405;280,404;281,404;281,403;281,402;282,401;282,400;283,399;283,398;284,397;285,395;286,394;286,393;286,392;287,391;288,391;288,390;289,390;290,390;290,389;291,389;292,388;293,388;294,387;295,387;296,387;296,386;297,386;298,386;298,385;300,385;301,385;301,384;303,384;303,383;304,383;308,381;310,381;311,380;311,379;312,379;313,378;314,377;315,377;316,377;316,376;317,375;317,374;318,373;318,372;318,371;318,370;318,369;318,368;318,367;318,366;317,366;316,365;315,365;314,364;313,364;312,363;311,363;310,363;308,363;307,363;306,363;305,363;302,363;300,365;299,365;298,365;297,366;296,367;295,367;294,367;293,367;292,367;290,368;288,369;288,370;287,370;287,371;286,371;285,372;284,373;283,373;282,375;281,376;281,377;280,377;280,378;280,379;280,380;280,381;279,381;278,382;277,382;277,383;276,383;275,383;275,384;274,385;273,385;272,385;272,386;271,386;270,386;270,387;269,387;268,387;264,386;263,385;262,385;262,384;261,384;261,383;261,382;262,381;262,380;262,379;262,378;262,377;262,376;262,375;262,374;263,374;263,373;264,373;264,372;266,371;267,370;267,369;268,369;268,368;269,368;270,367;271,366;272,365;273,365;273,364;274,362;274,361;273,360;272,359;272,358;270,357;269,355;268,355;267,355;266,354;266,353;265,353;264,354;264,355;264,356;263,357;262,358;262,359;261,360;261,361;260,362;260,363;259,363;259,364;258,365;257,366;257,367;256,367;256,368;256,369;255,369;255,370;255,371;254,372;254,373;253,374;252,375;251,375;251,376;250,376;249,376;249,377;248,377;247,377;247,376;246,376;246,375;246,374;245,374;244,373;243,373;242,373;241,373;241,374;241,375;240,375;240,376;240,377;240,378;240,379;239,380;238,380;238,381;238,382;237,382;237,383;236,383;236,384;236,385;235,385;235,386;234,387;234,388;234,389;233,389;232,389;232,390;231,390;230,390;230,389;229,389;228,389;228,388;228,387;227,387;226,385;225,384;225,383;224,383;224,382;224,381;223,381;223,380;222,380;222,379;221,379;220,377;219,377;218,377;217,376;216,376;216,377;215,377;215,378;215,379;214,379;214,380;214,381;214,382;214,383;214,384;214,385;214,386;214,387;214,388;214,389;214,390;214,391;214,392;214,393;214,394;214,395;214,396;214,397;214,398;214,399;214,400;214,401;215,404;215,405;215,406;216,409;216,412;216,413;216,414;216,415;217,415;217,416;218,417;219,417;221,417;221,418;
Stroma; POLYGON; 128, 128, 128; 200,425;198,425;197,425;196,425;195,425;194,425;193,425;192,425;191,423;189,422;189,421;188,421;188,420;187,419;186,418;186,417;186,416;186,415;185,415;185,414;184,413;184,412;184,411;184,410;183,409;182,408;182,407;182,406;181,406;181,405;180,405;180,404;180,403;180,402;180,401;180,400;180,399;181,399;181,398;181,397;181,396;181,395;182,394;182,393;182,391;182,390;182,389;182,388;182,387;182,386;182,385;182,384;182,383;182,382;182,381;182,380;182,379;182,378;183,377;184,376;186,374;186,373;187,372;188,372;188,371;188,370;189,369;190,369;190,368;191,368;192,367;193,367;194,367;195,366;196,365;197,365;198,364;204,360;206,359;208,357;210,357;211,355;213,354;214,353;215,352;217,351;218,350;219,349;220,349;222,347;223,347;224,345;224,344;225,343;225,342;226,341;226,340;226,339;225,338;224,337;223,337;222,336;221,335;220,335;218,335;217,336;216,337;214,337;214,338;214,339;212,339;212,340;210,341;208,342;207,343;206,343;205,343;205,344;204,344;202,345;201,346;199,347;198,349;197,350;196,351;196,352;195,353;194,353;194,354;194,355;193,355;193,356;192,357;192,358;191,358;190,360;190,361;189,361;188,361;188,362;187,363;186,363;186,364;185,364;185,365;184,365;184,366;183,366;183,367;182,367;181,368;180,369;179,369;178,370;178,371;176,372;175,372;175,373;174,373;174,374;174,375;173,375;173,376;172,377;172,378;170,381;169,382;169,383;168,384;168,385;168,386;168,387;168,388;168,389;168,390;168,391;167,392;167,393;166,394;166,395;166,396;166,397;166,398;166,399;166,400;166,401;166,402;165,403;164,403;164,404;164,405;163,405;162,406;162,407;162,408;162,409;162,410;161,411;161,412;161,413;161,414;162,415;162,417;162,418;162,419;163,419;163,420;163,421;164,421;164,422;164,423;165,423;166,424;166,425;167,425;168,427;169,428;170,429;171,429;171,430;172,430;172,431;173,431;174,431;175,432;176,433;177,433;178,433;179,434;181,434;182,434;183,434;184,434;185,434;186,434;187,435;188,435;189,435;190,434;
Stroma; POLYGON; 128, 128, 128; 176,425;176,424;175,423;174,421;174,420;173,419;172,419;171,418;168,417;168,416;166,415;165,415;164,415;163,415;162,415;161,415;160,414;159,414;158,414;157,415;156,415;155,415;154,415;153,415;152,415;152,414;151,414;150,414;149,414;148,414;147,414;146,414;145,414;144,414;143,414;142,414;141,414;140,414;139,414;138,415;135,415;134,416;134,417;133,417;132,418;132,419;132,420;132,421;132,422;132,423;132,424;132,427;132,428;132,429;131,429;130,429;129,429;128,429;127,429;126,430;125,430;125,431;124,431;123,431;122,431;121,431;120,430;118,428;117,428;117,427;116,427;115,427;114,427;114,426;113,426;112,426;111,426;110,427;109,427;108,427;106,429;106,430;105,431;104,431;104,432;104,433;104,434;104,435;104,436;104,441;103,443;103,444;102,445;102,446;102,447;101,448;100,449;100,450;100,451;100,452;100,453;99,453;99,454;99,455;99,457;98,458;98,459;98,460;97,463;96,465;96,467;95,467;95,468;94,469;94,470;94,471;93,471;93,472;93,473;93,474;93,475;93,476;94,476;94,477;94,478;94,479;93,480;93,481;92,483;92,485;92,486;92,487;93,487;94,488;94,489;95,489;96,489;97,489;97,490;98,490;98,491;99,492;99,493;100,493;100,494;100,495;100,496;100,497;100,498;99,499;98,499;97,501;96,503;96,504;95,505;94,507;94,508;93,509;92,511;91,511;91,512;90,513;89,513;88,513;86,513;85,513;84,513;82,514;80,515;79,515;78,515;77,516;76,516;75,516;74,516;74,515;74,514;73,514;73,513;72,511;72,510;72,509;71,508;71,507;70,507;70,506;70,505;70,504;70,503;70,502;70,501;70,500;70,499;70,498;70,497;69,497;69,496;69,495;69,494;69,493;69,492;69,491;70,491;70,489;71,487;72,487;72,486;72,485;73,484;73,483;74,483;74,482;74,481;75,480;75,479;75,478;76,477;76,476;76,475;76,474;77,472;78,470;78,469;78,468;78,467;79,467;79,466;80,465;80,464;81,463;82,461;83,460;83,459;84,459;84,458;84,457;84,456;84,455;85,455;85,454;85,453;86,451;86,450;86,449;86,448;86,447;87,447;87,446;87,445;88,444;88,443;88,442;88,441;88,440;88,439;88,438;89,437;90,436;90,435;91,433;92,431;94,429;94,428;95,427;96,427;96,426;97,426;97,425;98,425;98,424;99,424;100,423;100,422;101,422;102,421;102,420;103,420;104,419;105,419;106,417;107,417;107,416;108,415;110,415;110,414;111,414;112,414;113,413;114,413;115,413;116,413;117,413;118,413;118,412;119,412;120,412;121,412;122,411;123,411;124,411;124,410;125,410;126,409;127,409;128,409;128,408;129,408;130,407;131,407;132,407;133,407;134,406;134,405;134,404;134,403;134,402;134,401;133,400;133,399;132,399;132,398;131,398;131,397;130,397;130,396;129,395;128,395;128,394;128,393;127,392;127,391;126,391;126,390;126,389;126,388;126,387;126,386;126,385;126,383;126,382;126,381;126,379;128,375;129,374;129,373;130,373;130,372;130,371;130,370;131,370;131,369;131,368;131,367;132,367;132,366;132,365;132,364;133,364;133,363;134,363;135,362;136,362;136,361;138,360;139,359;141,359;143,358;144,357;145,357;146,357;147,357;148,357;149,357;150,357;151,357;152,357;152,358;153,358;153,359;154,359;154,360;154,361;153,362;153,363;152,363;151,364;150,365;150,366;150,367;149,367;149,368;149,369;148,369;148,370;148,371;148,372;147,372;147,373;146,373;146,374;146,375;145,375;145,376;142,382;142,383;142,384;142,385;142,386;142,387;142,388;142,389;142,390;142,391;142,392;142,393;142,394;142,395;142,396;142,398;142,399;143,399;144,399;145,399;145,398;146,397;147,397;147,396;148,395;149,395;149,394;150,394;150,393;151,393;152,392;153,391;154,390;154,389;155,389;157,389;158,389;159,389;160,389;160,388;161,388;162,388;162,387;163,387;164,387;166,386;167,385;169,385;170,384;171,384;172,384;173,384;174,384;174,385;175,386;176,387;176,388;176,389;177,390;178,393;178,395;179,397;179,398;179,399;179,400;179,401;180,403;180,404;180,405;180,406;180,408;180,410;181,410;181,411;
Stroma; POLYGON; 128, 128, 128; 172,377;172,376;171,375;169,375;168,375;168,376;168,377;168,378;168,379;167,380;167,381;166,383;166,384;166,385;165,386;165,387;164,387;164,388;164,389;163,390;162,391;161,391;161,392;160,392;160,393;159,393;158,393;157,393;156,393;156,394;155,394;154,394;153,394;153,393;152,393;152,392;152,391;152,390;152,389;152,388;152,387;152,386;151,386;151,385;150,385;150,384;150,383;149,383;148,383;148,382;148,381;148,380;149,380;149,379;150,379;150,378;150,377;152,376;153,375;153,374;154,373;154,372;154,371;154,370;155,369;155,368;155,367;155,366;155,365;154,364;154,363;153,362;152,361;150,361;149,361;148,361;146,361;146,362;145,363;144,364;143,365;143,366;142,368;141,371;140,373;140,375;140,376;140,377;140,379;140,380;140,381;140,382;140,383;140,384;140,386;140,389;140,390;140,391;139,391;139,392;139,393;139,394;139,395;139,396;139,397;140,398;140,399;141,400;142,401;142,402;143,402;144,403;145,403;146,403;147,404;148,404;149,404;150,404;152,404;153,404;154,404;155,403;158,403;162,401;163,401;164,400;166,399;167,398;169,396;170,394;172,391;173,389;174,387;174,386;175,385;175,384;175,383;176,383;
Stroma; POLYGON; 128, 128, 128; 222,384;222,383;221,382;221,381;221,380;221,379;220,379;220,377;220,376;220,375;220,374;220,373;219,373;219,369;219,368;219,367;219,366;220,365;220,364;220,363;221,363;222,363;222,362;223,362;224,362;225,361;226,361;227,361;228,361;229,361;230,361;231,361;232,361;233,361;234,361;234,362;235,362;235,363;236,363;236,364;237,365;238,365;238,366;239,366;239,367;240,367;240,368;240,369;241,369;242,369;242,368;242,367;243,365;243,364;243,363;243,361;243,360;243,359;243,358;243,357;244,357;245,357;246,356;247,355;248,355;249,355;249,354;250,354;250,353;251,352;252,352;252,351;253,350;254,349;254,348;255,347;256,347;256,346;257,346;258,345;259,345;260,345;261,345;261,344;262,344;263,344;264,344;265,344;265,345;266,345;266,346;267,346;267,347;267,348;267,349;267,350;267,351;267,352;266,353;266,354;266,355;266,356;265,357;265,358;265,359;264,359;264,360;263,361;262,361;262,362;262,363;262,364;262,365;263,365;264,365;265,365;266,365;267,364;268,363;269,363;270,363;271,363;272,362;272,361;273,361;274,361;275,361;276,361;277,360;278,360;278,359;279,359;280,359;281,358;282,358;282,357;283,357;284,356;285,355;287,354;288,353;288,352;288,351;289,351;289,350;289,349;290,348;290,347;290,346;291,345;291,344;292,344;292,343;292,342;292,341;292,340;293,339;294,339;294,338;294,337;295,336;295,335;296,334;296,333;296,331;296,330;296,329;296,328;296,327;295,327;294,327;293,326;292,326;291,326;290,326;289,326;288,326;287,326;286,326;285,326;282,325;281,325;280,325;279,325;278,325;277,325;276,325;275,325;274,325;273,325;272,325;271,325;270,325;269,325;268,325;267,325;266,325;265,325;264,325;262,325;261,325;260,325;259,325;258,325;257,325;256,325;255,325;254,326;253,326;252,326;251,326;250,326;249,326;249,327;248,327;248,328;247,328;247,329;246,329;246,330;245,330;244,330;244,331;243,331;242,331;241,331;240,331;239,331;238,331;237,331;236,331;235,331;234,331;233,331;232,331;232,330;232,329;230,328;228,326;228,325;227,325;226,325;225,324;223,323;222,323;221,323;220,323;219,324;218,324;217,325;216,325;216,326;215,326;215,327;214,329;213,330;213,331;212,331;212,332;212,333;211,335;210,335;210,337;209,337;208,341;207,341;207,342;207,343;206,343;206,344;206,345;206,346;205,347;205,348;205,349;204,349;204,350;204,351;204,352;204,353;204,354;204,355;204,356;204,357;204,358;204,359;204,360;205,361;205,362;205,363;206,363;206,364;206,365;205,366;204,366;204,367;204,368;204,369;204,370;204,371;204,372;206,373;207,374;207,375;208,375;209,375;209,376;210,377;211,377;211,378;212,378;212,379;213,380;214,381;215,382;215,383;216,383;216,384;216,385;217,385;218,386;218,387;218,388;219,388;
Stroma; POLYGON; 128, 128, 128; 779,842;782,841;785,841;787,840;790,840;793,839;796,838;799,837;803,836;809,833;815,830;819,829;821,827;825,826;829,824;835,820;844,815;848,812;852,810;860,805;875,795;879,794;884,790;889,787;891,785;893,784;899,780;901,778;903,776;908,772;910,770;912,768;917,763;919,761;921,758;926,754;928,753;930,751;933,748;935,746;936,746;937,744;943,739;951,729;951,728;952,727;952,726;953,725;953,724;955,721;955,720;956,719;957,717;957,716;958,715;959,714;959,713;959,712;959,710;959,709;959,705;959,704;959,703;960,700;961,698;962,697;962,696;963,696;964,696;965,696;965,695;966,695;967,694;967,693;967,692;967,691;968,691;968,690;968,689;969,689;969,688;969,687;970,687;970,686;971,686;971,685;972,685;972,684;973,684;974,684;975,683;976,682;977,682;978,682;979,682;979,681;980,681;981,680;982,680;983,679;983,678;984,677;984,676;984,675;985,675;985,674;985,673;985,672;986,671;987,670;987,669;987,668;988,668;988,667;989,666;989,665;989,664;990,664;990,663;991,661;991,660;991,659;992,658;992,657;993,656;993,655;993,654;993,653;993,652;993,651;993,650;993,649;993,648;993,647;994,646;994,645;995,644;995,642;995,640;997,638;997,635;998,634;998,632;999,631;999,630;1000,624;1001,617;1001,614;1001,613;1001,612;1001,610;1001,609;1001,608;1001,606;1001,605;1001,604;1001,603;1001,602;1001,601;1001,600;1001,599;1001,598;1001,597;1001,596;1001,595;1001,594;1001,593;1001,592;1000,592;1000,590;999,590;999,588;999,587;998,587;998,586;998,585;997,584;997,583;997,582;997,581;997,580;997,578;997,577;997,576;997,574;997,572;997,570;997,569;997,568;996,568;995,568;995,567;994,567;994,566;993,566;993,565;993,564;991,563;991,562;991,561;990,561;990,560;989,560;989,559;988,558;987,558;987,557;987,556;986,556;986,555;985,554;984,553;983,553;983,552;982,552;982,553;981,553;981,554;980,554;979,554;978,554;977,554;976,554;975,554;975,553;974,553;973,552;972,552;971,550;970,549;970,548;969,548;969,547;969,546;969,545;969,544;969,543;969,542;969,541;969,540;969,539;969,538;969,536;969,535;969,534;969,533;969,532;969,531;969,530;970,529;971,528;972,528;972,527;973,527;973,526;974,526;975,526;976,525;977,525;977,524;978,524;979,524;980,524;981,524;982,524;983,524;984,524;985,524;985,525;986,525;987,525;987,526;988,526;989,526;989,525;990,525;990,524;991,524;991,523;991,522;991,520;991,519;991,518;991,517;991,516;992,516;993,516;994,516;995,516;996,516;995,515;993,513;990,512;989,511;988,511;987,511;986,511;985,511;984,511;983,511;984,511;984,510;984,509;984,508;984,507;984,506;985,506;985,505;985,504;985,503;985,502;985,501;985,500;985,499;985,498;986,498;987,498;987,497;988,497;988,496;989,496;989,495;989,494;989,493;990,493;991,493;992,493;992,494;993,494;994,494;994,493;994,492;995,492;995,491;996,491;997,491;997,490;998,490;999,489;999,488;999,487;999,486;999,485;999,484;999,483;999,482;1000,482;1001,480;1001,479;1001,478;1002,478;1002,477;1002,476;1003,476;1003,475;1003,474;1003,473;1003,472;1003,471;1003,470;1002,469;1002,468;1001,468;1001,467;1000,466;999,466;999,465;998,464;997,464;996,464;995,464;995,465;993,465;992,466;991,466;990,467;989,467;989,468;988,468;987,468;987,469;987,470;986,471;985,472;984,473;983,474;982,474;981,474;981,475;980,475;979,476;978,476;977,476;976,476;975,476;973,476;972,476;971,476;971,475;970,475;970,474;969,474;969,473;968,473;968,472;967,472;966,472;965,470;964,469;963,468;963,467;962,466;961,465;961,464;961,463;961,461;961,460;961,459;961,458;961,457;961,456;961,455;962,455;962,454;962,453;962,452;962,451;962,450;961,450;961,449;961,448;959,446;958,446;958,445;957,445;956,444;955,444;954,444;953,444;953,443;952,443;951,443;951,442;950,442;949,442;948,442;947,442;946,442;945,442;944,442;943,442;943,443;942,443;941,444;940,444;939,444;938,445;937,445;936,445;935,446;935,447;934,447;934,448;934,449;934,450;934,451;934,452;935,453;935,454;936,454;936,455;937,456;938,456;939,457;939,458;940,458;940,459;940,460;941,460;941,461;940,462;939,462;939,464;938,464;937,465;937,466;936,466;935,467;934,468;933,468;932,469;931,470;931,471;930,471;929,472;928,473;927,474;926,474;926,475;925,475;924,476;923,476;923,477;922,477;921,478;920,478;919,479;919,480;918,480;917,480;917,481;916,481;915,482;914,482;913,483;912,484;911,484;910,485;909,486;908,486;907,486;905,487;904,488;903,489;903,490;902,491;901,492;901,493;901,494;902,494;903,494;904,495;905,495;906,496;907,496;908,496;909,496;910,496;911,496;913,497;914,498;915,499;916,499;916,500;917,500;918,500;919,501;919,502;920,502;921,502;921,503;922,503;923,504;924,504;924,505;925,505;926,505;927,506;928,506;929,506;930,506;931,506;931,507;932,507;932,508;933,508;933,509;933,510;933,511;933,512;933,513;932,513;932,514;932,515;932,516;932,517;932,518;933,518;933,519;933,520;934,520;935,521;936,522;937,523;937,524;937,525;937,526;937,527;937,528;936,528;935,530;934,530;933,531;933,532;932,532;930,534;929,534;929,535;929,536;929,537;928,537;928,538;927,538;927,539;925,541;923,542;922,542;921,542;921,543;920,543;919,544;918,544;917,544;916,545;915,545;914,546;913,546;912,546;909,548;908,548;905,550;900,552;899,554;898,554;897,555;896,556;895,556;895,557;894,558;893,558;893,559;892,560;892,561;891,561;891,562;891,563;890,564;889,566;888,568;887,569;887,570;886,571;886,572;885,572;885,573;885,574;884,574;884,575;884,576;883,577;883,578;883,579;883,580;883,581;883,582;883,583;882,584;882,585;881,588;880,589;879,590;879,592;877,593;877,594;877,595;876,596;875,597;875,598;875,599;874,600;874,601;873,601;873,602;873,603;873,604;872,604;871,604;869,605;868,606;867,606;866,606;865,607;865,608;864,608;863,609;862,610;861,610;861,611;860,611;859,612;857,615;856,616;855,616;855,618;854,618;853,618;852,618;851,619;850,620;849,620;849,621;848,621;847,622;847,623;847,624;846,624;846,625;846,626;846,627;845,627;845,628;844,628;843,629;843,630;843,631;843,632;843,633;843,635;843,636;843,637;843,638;844,638;844,639;844,640;844,641;845,642;845,643;845,644;845,645;845,646;845,648;845,649;845,650;845,651;845,652;844,652;844,653;844,654;843,654;843,655;843,656;842,656;842,657;841,658;839,658;837,660;835,661;835,662;834,662;833,662;833,664;832,664;831,664;831,665;831,666;830,666;830,667;830,668;829,668;829,669;829,670;828,671;828,672;827,672;827,673;827,674;827,675;827,676;826,676;826,677;826,678;826,679;825,679;825,680;825,681;825,682;825,683;825,684;825,685;824,686;823,686;823,687;823,688;823,689;823,690;824,690;824,691;825,691;825,692;825,693;826,693;826,694;827,694;827,695;827,696;828,696;828,697;828,698;828,699;828,700;828,701;828,702;827,703;827,705;827,706;827,707;827,708;827,709;827,710;826,710;826,711;825,712;825,713;825,714;824,714;823,714;823,715;822,715;821,716;820,716;819,716;818,716;818,717;817,717;816,716;815,716;815,715;814,714;813,714;813,713;813,712;812,712;811,712;810,712;809,712;808,712;807,712;807,711;806,710;805,710;805,709;805,710;805,711;805,712;805,713;806,714;806,715;806,716;806,717;806,718;806,719;806,720;806,721;806,722;805,722;805,723;804,724;803,724;803,725;803,726;802,726;801,726;800,726;799,726;798,726;797,726;796,726;795,726;794,727;793,727;792,727;791,727;790,727;789,727;788,727;787,727;787,726;786,726;786,725;785,724;785,723;785,722;784,722;784,721;783,721;783,720;783,719;782,719;782,718;781,718;781,717;780,717;779,716;778,716;777,716;777,717;776,717;776,718;776,719;776,720;775,720;775,721;775,722;775,723;775,724;775,725;775,726;774,726;774,728;773,730;772,732;771,734;770,736;769,736;769,735;768,735;768,734;767,734;766,734;765,734;765,735;764,735;763,735;763,736;762,736;761,736;761,737;760,737;759,737;758,736;757,736;757,735;756,735;755,734;754,734;753,734;753,733;752,733;751,733;750,733;749,733;748,732;747,732;746,732;745,732;743,732;742,732;741,732;740,732;739,731;739,730;739,729;738,728;738,727;737,726;737,725;737,724;736,724;736,723;735,722;734,720;733,720;732,719;731,719;731,718;729,716;728,715;728,714;727,714;727,713;726,713;725,712;724,711;723,710;723,709;722,708;721,707;721,706;720,705;720,704;719,702;719,701;718,700;717,700;717,699;717,698;716,697;716,696;715,696;715,695;715,694;715,693;714,692;714,691;714,690;713,690;713,689;713,688;713,687;713,686;713,685;713,684;712,683;712,682;711,682;711,681;710,680;709,679;707,677;706,676;705,676;705,675;704,675;704,674;703,674;703,673;703,672;703,671;703,670;703,669;703,668;702,667;702,666;702,665;702,664;702,663;702,662;702,660;702,659;702,658;702,657;702,656;702,655;702,654;702,652;702,650;701,649;701,648;701,647;701,646;701,645;701,644;701,643;701,642;701,641;701,640;701,639;700,639;700,638;699,638;699,637;698,637;697,637;696,636;695,636;694,636;693,636;692,635;691,635;691,634;690,634;689,634;688,634;687,634;686,634;685,634;684,634;683,634;682,634;681,634;679,634;677,635;676,635;675,635;674,635;673,635;672,635;671,635;671,634;670,634;669,634;667,634;665,634;664,634;663,634;662,634;661,634;660,634;659,634;659,633;658,633;656,632;655,632;654,632;652,631;651,631;650,630;649,630;648,630;647,629;646,629;646,628;645,628;644,628;641,626;639,626;639,625;638,625;634,622;633,622;633,621;633,620;633,619;633,618;633,617;633,616;634,615;634,614;634,613;634,612;634,611;634,610;635,609;635,608;635,607;635,606;636,605;636,604;636,603;637,603;637,602;637,601;637,600;637,599;637,598;638,598;639,596;639,594;640,593;640,592;641,592;641,591;641,590;641,589;641,588;642,588;643,587;643,586;644,586;645,586;646,586;647,586;648,586;649,586;650,586;651,586;651,587;652,587;652,588;653,588;653,589;653,590;654,592;654,593;654,594;655,594;655,595;655,596;656,596;657,597;658,597;658,598;659,598;660,599;660,600;661,600;661,601;662,602;663,602;663,603;664,604;665,604;666,604;667,604;669,604;670,604;671,604;672,604;673,604;674,604;675,604;676,603;677,603;678,603;678,602;679,602;680,602;680,601;681,600;681,599;681,598;682,597;682,596;682,595;682,594;683,594;683,593;683,592;683,591;683,590;684,589;684,588;684,587;684,586;684,585;684,584;684,583;684,582;685,581;685,580;685,579;685,578;685,577;686,576;686,575;686,574;686,573;686,572;686,571;686,570;686,569;686,568;686,567;687,567;687,566;687,565;688,564;689,564;689,563;689,562;690,560;690,558;691,558;691,557;691,556;691,555;691,554;691,553;691,552;691,551;691,550;691,549;691,548;691,547;691,546;691,545;691,544;691,543;691,542;691,541;691,539;691,538;691,537;692,536;691,535;691,534;691,533;690,531;689,530;689,529;689,528;688,527;688,526;688,525;686,522;684,520;683,519;681,518;681,517;679,517;679,516;677,516;676,514;674,514;673,513;671,512;669,512;668,512;664,510;663,510;662,510;662,509;661,508;660,508;659,507;658,507;657,507;656,506;655,506;653,506;652,506;651,506;650,506;649,506;649,505;648,505;647,505;646,505;645,505;643,504;642,504;641,503;640,503;640,502;639,502;638,502;637,502;637,501;637,500;636,500;635,500;634,499;633,499;633,498;632,498;631,498;630,497;629,496;628,496;627,496;626,496;623,496;621,497;619,498;617,498;616,498;615,498;614,498;613,498;612,498;611,498;610,498;609,498;605,496;604,496;603,496;602,496;601,496;600,495;599,495;598,495;597,495;594,495;591,495;590,495;589,495;589,496;588,496;587,497;585,501;584,504;581,510;581,514;579,516;579,518;579,519;578,523;577,530;577,532;577,534;577,536;577,537;577,538;577,539;577,540;577,542;577,544;577,548;577,551;577,552;577,553;577,556;577,557;577,558;578,558;579,560;579,561;579,562;580,562;580,563;581,563;581,564;581,565;582,565;582,566;583,566;583,567;583,568;586,570;588,573;589,574;590,575;591,576;592,578;592,579;593,582;593,583;594,584;594,585;595,587;595,588;595,590;596,592;596,593;598,598;599,599;599,600;601,604;604,607;605,608;605,609;606,609;607,610;608,610;608,611;609,612;609,613;611,614;611,615;612,616;613,617;613,618;615,619;615,620;617,621;618,622;619,624;625,629;626,630;626,631;629,633;630,634;631,635;632,636;633,637;633,638;634,639;635,640;636,640;637,641;641,643;641,644;642,644;643,644;644,644;646,644;647,645;649,646;652,648;653,648;654,648;655,649;656,650;657,650;658,651;659,652;660,652;661,652;663,653;663,654;664,654;665,654;666,654;667,654;668,654;668,655;669,655;669,656;670,656;671,657;671,658;673,660;674,660;675,661;675,662;676,663;677,664;678,665;679,666;680,667;681,668;682,669;682,670;683,670;683,672;683,673;683,674;682,674;682,675;681,676;681,677;681,678;681,679;681,680;681,682;681,683;682,684;683,684;684,686;685,687;685,688;686,689;686,690;687,690;687,691;687,692;687,693;688,694;688,695;688,696;689,696;689,699;689,701;689,702;688,703;688,704;688,705;688,706;688,707;688,708;688,709;688,710;688,712;689,712;689,713;689,715;689,716;690,716;690,717;690,718;690,719;691,719;691,720;691,721;691,722;691,723;692,724;693,726;693,727;694,728;695,729;695,730;696,730;697,731;697,732;698,732;699,733;699,734;699,735;700,736;701,736;701,737;701,738;701,739;701,740;701,741;701,742;702,743;703,744;703,746;704,746;704,747;705,748;705,749;706,749;706,750;707,750;707,751;707,752;708,753;708,754;709,754;709,755;709,756;709,757;710,758;710,759;710,760;710,761;710,762;710,763;710,764;709,764;709,766;709,767;708,768;708,769;707,770;707,771;706,771;705,773;701,777;700,778;699,779;697,780;696,780;695,782;694,783;693,784;692,786;691,788;691,790;691,793;691,794;691,795;691,796;692,798;693,804;693,812;694,815;695,818;696,824;697,826;698,827;699,828;700,830;701,830;701,831;703,832;704,833;705,834;709,837;711,838;712,839;713,840;716,842;719,844;720,844;721,844;723,845;724,846;725,846;726,846;730,850;735,852;736,852;737,852;739,853;740,854;741,854;743,856;745,856;746,856;747,856;747,857;749,857;750,857;751,858;751,857;751,856;752,856;753,856;754,856;755,856;755,855;756,855;757,855;758,854;759,854;760,854;761,854;762,854;765,852;
Stroma; POLYGON; 128, 128, 128; 691,700;690,700;690,699;690,698;690,697;690,696;690,691;689,688;689,687;689,686;689,682;687,680;687,678;687,677;685,675;683,672;683,671;682,670;681,669;678,664;677,662;675,661;674,660;673,659;673,658;672,658;671,657;670,657;669,656;668,655;667,654;667,653;666,653;666,652;665,652;664,652;663,652;662,652;659,653;658,654;657,654;656,654;655,655;653,657;653,658;652,659;651,660;651,661;651,662;651,663;649,664;648,665;647,668;645,670;644,670;641,672;640,672;639,672;637,673;637,674;636,674;635,675;634,676;633,677;631,679;630,681;629,682;628,684;627,684;627,685;626,685;625,685;625,686;624,686;623,686;622,686;621,686;620,686;619,686;617,686;616,686;615,686;611,686;610,686;610,687;609,687;609,688;608,688;607,688;606,688;604,689;600,689;599,689;597,689;595,689;595,690;594,690;593,690;591,690;590,690;590,689;589,689;589,688;589,687;588,686;587,684;587,683;587,682;587,679;588,678;589,678;589,677;589,676;591,675;591,674;592,674;593,672;595,668;596,666;597,664;597,663;597,662;597,661;595,658;595,657;589,652;585,650;581,649;579,649;577,649;575,649;573,648;573,647;573,645;574,644;574,643;574,630;575,627;575,620;575,618;575,616;575,614;575,612;576,608;577,606;581,599;583,596;584,595;587,592;591,590;593,588;596,587;599,586;600,586;601,587;601,588;603,588;604,589;607,590;611,592;613,592;615,594;617,597;618,598;621,602;623,606;625,608;625,609;625,610;625,612;625,614;625,616;625,617;626,619;627,620;629,623;630,624;633,628;634,628;637,630;641,630;646,634;647,635;649,636;650,637;651,637;652,638;655,638;657,638;659,639;661,639;662,640;664,640;665,640;667,641;668,642;669,642;671,643;673,644;675,644;675,645;676,646;678,647;679,648;682,649;683,649;686,651;687,652;688,653;691,657;692,659;692,660;695,666;695,671;696,673;697,675;697,677;698,679;699,681;699,683;699,688;699,690;700,692;701,696;701,698;702,700;703,700;704,700;
Stroma; POLYGON; 128, 128, 128; 705,684;705,682;705,681;705,678;705,676;705,675;705,674;705,672;705,668;705,666;705,665;705,664;705,663;706,658;706,657;706,654;706,652;706,651;705,642;704,642;704,641;703,640;703,639;702,638;701,637;701,636;700,634;699,634;699,633;698,632;697,632;696,632;695,632;693,632;692,632;691,632;690,632;689,632;688,632;687,632;686,632;685,632;684,633;683,633;683,634;681,634;680,634;679,634;679,633;678,633;677,633;676,633;675,633;673,634;672,634;670,635;669,636;666,636;665,636;664,636;663,636;661,636;660,635;659,634;658,633;657,632;655,630;654,630;653,629;651,628;650,627;648,626;646,624;645,624;644,623;641,620;640,618;639,618;639,616;637,613;636,610;635,608;633,606;632,606;631,605;627,604;621,606;620,608;617,610;617,612;616,617;617,620;621,632;625,634;626,634;630,636;631,636;637,638;643,640;645,641;647,641;649,642;651,642;652,642;653,643;655,644;656,645;657,646;659,646;660,647;661,647;666,647;673,648;675,648;676,648;679,648;681,648;682,649;683,649;684,652;685,654;687,657;688,661;689,666;691,670;692,671;695,677;697,681;699,684;701,690;
Stroma; POLYGON; 128, 128, 128; 694,552;695,552;695,553;696,553;697,553;698,554;699,554;700,554;701,554;701,555;702,556;703,556;703,557;703,558;704,559;704,560;705,560;705,561;705,562;706,562;707,562;707,563;707,564;708,564;708,565;709,565;709,566;709,567;709,568;707,570;705,571;705,572;704,573;703,574;703,575;703,576;702,576;701,577;701,578;701,579;700,580;699,582;699,583;699,584;699,585;699,586;699,587;701,590;702,591;703,592;703,593;704,594;705,595;705,596;706,597;706,598;707,598;707,599;707,600;708,600;709,600;710,601;711,602;712,602;714,604;715,604;715,605;715,606;716,606;717,606;719,608;720,608;720,609;721,609;721,610;722,610;723,610;724,611;726,611;727,611;728,611;729,611;729,610;730,610;732,608;735,606;736,606;737,605;737,604;738,604;739,602;741,601;742,600;743,599;744,598;746,594;747,594;747,592;748,591;748,590;749,590;749,589;749,588;749,587;749,583;748,582;748,580;747,580;747,579;747,578;747,577;746,577;746,576;745,576;745,574;744,574;743,573;741,571;740,571;739,571;738,571;737,571;736,572;735,572;734,572;733,572;732,572;731,571;730,570;729,570;729,569;728,568;727,567;727,566;727,565;727,564;727,563;727,562;727,561;727,560;727,559;727,558;727,557;727,556;727,555;727,554;725,552;723,550;722,549;721,548;720,548;719,548;717,547;715,547;715,546;714,546;713,546;713,547;712,547;711,547;709,547;708,547;707,546;706,546;705,545;704,544;703,542;701,539;701,538;700,538;700,537;700,536;700,535;700,534;700,532;699,529;699,528;699,527;698,526;698,525;697,524;697,523;697,522;695,521;692,518;691,517;691,516;690,516;689,515;688,514;687,514;686,514;685,514;680,514;679,516;678,517;677,517;677,518;676,519;676,520;675,520;675,521;675,522;674,522;674,523;674,524;673,525;671,533;671,538;671,539;671,540;672,540;673,540;674,539;675,539;
Stroma; POLYGON; 128, 128, 128; 849,618;849,617;848,616;847,616;847,615;847,614;847,613;845,612;845,611;844,610;843,609;843,608;842,607;841,606;841,604;840,604;839,604;839,603;838,602;837,601;837,600;836,600;835,600;834,598;834,597;833,596;832,595;832,594;831,594;831,593;831,592;830,592;830,591;829,591;829,590;828,589;827,589;827,588;826,587;825,586;824,585;823,585;821,585;820,585;819,585;818,585;817,585;817,584;815,584;814,584;813,584;812,584;811,584;807,585;805,586;804,587;803,588;802,588;801,588;800,589;799,589;798,589;797,589;796,590;795,590;794,590;793,590;792,590;791,590;791,591;791,592;790,592;789,593;789,594;788,594;787,594;786,594;785,595;784,595;783,596;781,596;780,597;779,597;779,598;778,598;777,598;777,599;776,599;776,600;775,600;774,600;773,600;772,600;771,600;771,601;770,601;769,601;769,602;768,602;765,604;765,605;765,606;765,607;765,608;764,608;763,608;762,608;761,608;760,608;759,608;758,608;757,608;756,608;755,608;753,608;752,608;751,608;751,609;749,609;748,610;747,610;746,610;745,610;744,611;743,611;743,612;742,612;741,612;740,613;739,614;739,615;738,615;738,616;737,616;736,616;735,616;733,614;731,613;731,612;730,612;729,611;729,610;728,610;727,609;727,608;726,608;726,607;726,605;725,604;725,603;725,602;725,601;725,600;725,599;725,598;725,597;725,593;725,592;725,590;725,589;725,588;725,587;725,586;725,585;725,584;725,583;725,582;725,581;725,579;724,578;724,577;724,576;724,575;724,574;724,573;724,572;724,571;725,571;725,570;726,570;727,570;727,569;728,569;729,569;730,569;731,569;732,569;733,569;734,569;735,569;737,569;738,569;739,569;740,569;743,569;744,569;745,569;745,570;746,570;747,570;748,570;749,570;750,570;751,570;752,570;753,570;754,570;755,570;756,570;757,570;758,570;759,571;760,571;761,571;762,570;763,570;765,570;766,570;767,570;768,570;769,570;770,570;771,570;772,570;773,570;774,570;775,570;776,569;777,569;778,569;779,568;780,568;781,567;782,567;783,566;784,566;785,566;785,565;786,565;787,564;789,563;790,562;791,562;791,561;792,560;792,559;792,558;792,557;791,556;791,554;790,553;789,552;789,551;788,550;787,550;787,549;787,548;786,548;785,548;784,548;784,547;783,546;783,545;782,545;782,544;781,544;780,544;779,544;779,543;778,542;777,542;777,541;776,541;775,541;775,540;774,540;773,539;773,538;772,538;771,537;771,536;770,536;769,535;769,534;768,534;768,533;768,532;768,531;769,530;769,529;769,528;769,527;770,526;770,525;770,524;770,523;770,522;769,522;769,521;769,520;768,520;767,520;767,519;766,519;765,518;763,518;762,518;761,518;759,518;758,518;757,518;756,518;755,517;754,517;753,517;752,517;751,517;750,517;749,517;748,517;747,517;746,517;745,517;744,517;742,516;741,516;740,516;739,516;738,516;737,516;735,516;734,516;733,516;733,517;732,517;731,517;731,518;730,518;729,518;728,518;727,518;727,517;726,517;725,516;724,515;723,514;722,514;720,513;719,513;719,512;718,512;717,512;715,511;715,510;714,510;713,510;711,510;710,510;709,510;708,510;708,511;707,511;705,512;703,514;701,514;700,516;699,517;697,518;697,519;697,520;695,521;695,522;694,522;694,523;693,523;693,524;692,524;692,525;691,525;691,526;689,527;688,527;687,527;686,527;685,527;684,527;683,527;679,526;675,524;674,524;673,523;673,522;672,522;671,521;671,520;670,520;669,520;668,519;668,518;667,518;666,518;664,518;662,518;661,518;660,518;659,518;658,518;657,518;657,517;655,517;654,517;651,517;647,517;645,517;644,517;643,517;641,517;640,517;639,517;638,517;637,517;632,517;629,516;628,516;627,516;625,516;624,516;623,516;621,516;619,515;612,514;605,512;603,512;599,511;597,511;595,510;594,510;591,508;590,507;589,506;588,506;586,505;585,505;585,504;584,504;583,504;583,503;583,502;583,501;583,498;584,497;585,496;585,495;586,494;587,494;587,493;587,492;588,492;589,490;590,490;590,489;591,489;591,488;592,488;593,488;593,487;595,487;596,487;597,487;598,487;598,488;599,488;600,488;601,488;602,488;604,489;605,489;606,489;607,490;608,490;609,490;611,492;612,492;613,492;614,492;615,493;616,494;617,494;618,494;619,494;620,494;621,494;622,494;623,494;624,494;627,495;628,495;629,495;630,495;631,495;632,495;633,495;634,494;637,494;638,494;639,494;640,494;641,494;642,494;643,493;643,492;644,492;645,491;645,490;646,490;647,490;647,489;648,488;649,488;649,487;649,486;649,484;649,483;649,482;650,481;650,480;650,479;650,478;650,477;651,477;651,476;652,476;654,475;655,474;656,474;657,473;658,473;659,472;660,472;661,472;661,471;662,470;663,469;663,468;663,467;662,467;662,466;662,465;661,464;661,463;659,461;658,460;657,460;656,460;655,460;654,460;653,460;652,460;651,459;651,458;649,458;649,457;648,456;647,456;646,456;645,455;644,455;643,455;643,454;642,454;642,453;642,452;642,451;643,450;644,449;647,446;648,446;648,445;649,444;650,443;651,443;651,442;652,442;653,442;654,441;655,440;656,440;657,439;658,439;659,439;660,439;661,438;663,438;664,438;664,437;665,437;666,437;667,436;668,436;669,436;669,435;670,435;671,435;671,434;672,434;674,434;675,434;676,433;677,433;678,432;679,432;680,432;681,432;681,431;682,431;685,430;687,428;688,428;689,428;690,427;691,427;691,426;692,426;693,426;694,426;695,426;695,425;696,425;699,425;701,424;702,424;703,424;704,424;705,424;706,424;706,425;707,425;708,425;709,425;709,426;711,426;712,426;713,427;713,428;714,428;715,428;715,429;715,430;715,432;715,433;715,434;714,434;712,436;711,436;710,436;709,436;709,437;708,437;707,437;707,438;705,439;705,440;704,440;704,441;704,442;703,442;703,443;703,444;702,445;701,448;700,448;699,449;699,450;698,450;697,451;697,452;696,452;696,453;695,453;695,454;693,455;691,457;691,458;690,458;689,459;689,460;688,460;688,461;687,461;687,462;686,463;685,465;684,466;683,466;683,467;683,468;682,468;681,468;681,469;679,470;677,472;676,472;675,473;674,474;673,474;672,475;670,478;669,478;669,480;669,481;668,482;668,484;668,485;668,486;669,488;669,490;670,490;670,491;671,491;671,492;671,493;672,493;673,493;674,493;678,494;679,494;680,494;681,494;682,494;683,494;685,493;687,493;688,493;689,493;689,492;692,492;694,492;695,492;696,491;697,491;697,490;699,490;700,490;701,490;702,490;703,490;704,490;706,489;707,489;708,488;709,488;710,487;711,487;711,486;712,486;713,485;713,484;713,483;713,482;713,481;713,480;713,479;713,478;714,478;715,478;717,477;718,476;720,476;721,476;722,475;724,475;725,475;727,475;727,476;729,476;731,475;732,474;733,474;734,473;736,471;737,470;737,469;738,469;739,468;739,467;739,466;740,464;741,464;741,463;741,462;742,462;743,459;745,456;746,455;747,454;747,453;748,453;749,452;750,451;751,451;751,452;752,452;753,452;754,452;755,452;756,452;757,452;757,453;758,454;759,454;759,455;759,456;760,456;761,458;762,459;763,460;763,461;764,461;765,461;766,461;767,461;768,461;769,461;770,461;771,461;772,461;774,461;775,461;775,462;776,462;777,462;778,462;779,462;780,462;781,462;782,462;783,462;784,462;785,462;786,462;788,462;789,462;790,462;791,462;791,461;792,460;793,460;793,459;793,458;794,458;794,457;794,456;794,454;795,454;795,453;795,452;796,452;797,452;798,452;799,452;800,452;801,452;802,452;804,453;806,454;808,455;809,456;810,456;811,457;811,458;811,459;811,460;811,461;810,462;809,464;808,465;807,468;806,470;805,471;804,471;803,472;801,472;800,472;799,473;798,473;797,473;796,474;795,475;794,476;793,478;792,479;792,480;791,482;790,484;789,485;789,486;789,487;789,488;789,489;789,491;789,493;789,494;788,495;788,496;788,502;789,503;789,504;789,506;790,506;790,508;791,510;791,511;791,512;791,513;791,514;792,514;793,515;793,516;793,517;794,517;794,518;795,520;795,522;795,524;795,525;795,526;795,528;796,529;796,530;797,530;798,532;799,532;800,533;801,533;801,534;802,534;803,535;804,536;805,537;805,538;806,538;808,540;810,542;812,543;813,544;817,544;819,545;821,546;823,546;825,546;826,547;827,547;827,548;828,548;829,550;829,551;829,552;830,553;831,554;832,555;833,556;834,558;835,560;836,560;838,563;839,565;839,566;839,567;839,568;838,568;838,569;838,570;838,571;838,572;838,574;839,574;839,575;840,575;840,576;841,576;841,577;842,578;843,580;844,580;845,580;846,580;847,580;848,580;849,580;849,581;850,581;851,581;851,582;852,582;852,583;852,584;852,585;852,586;852,587;852,588;852,589;852,590;851,590;851,592;851,594;851,595;851,596;850,596;850,597;850,598;851,598;852,598;853,598;855,598;858,598;861,598;862,599;863,599;865,600;866,601;866,602;867,603;868,604;871,606;872,608;873,608;874,609;875,609;876,610;878,612;879,613;880,614;880,615;879,616;879,617;879,618;876,620;875,621;874,622;873,624;871,625;869,626;867,626;866,626;865,626;863,626;863,627;863,628;864,629;865,629;
Stroma; POLYGON; 128, 128, 128; 843,647;841,650;839,652;837,654;836,655;835,656;834,657;833,658;834,661;835,662;838,664;842,666;843,666;847,666;849,666;852,664;854,661;855,660;855,658;856,652;855,645;853,644;852,644;851,644;850,644;849,644;848,645;
Stroma; POLYGON; 128, 128, 128; 849,643;848,643;847,643;846,643;845,643;844,643;840,644;839,646;837,648;836,649;835,650;835,651;834,653;834,654;834,655;834,656;835,656;841,658;843,658;845,658;846,658;848,657;849,656;851,654;851,652;852,652;853,649;853,648;853,647;853,642;852,642;
Stroma; POLYGON; 128, 128, 128; 873,606;872,606;871,605;870,605;869,605;868,605;867,605;866,605;865,605;865,604;864,604;863,604;862,604;861,603;860,602;859,602;859,601;858,600;857,600;857,599;856,599;856,598;855,598;855,597;854,597;853,596;851,594;851,593;851,592;851,591;851,590;851,589;851,588;851,587;851,586;851,585;851,583;851,582;851,581;853,580;855,580;859,580;860,579;861,578;862,578;863,578;867,577;868,577;871,577;873,577;875,578;876,578;876,579;877,580;878,581;879,581;879,582;880,583;881,584;881,586;883,590;883,591;884,592;885,594;886,594;887,595;889,595;890,595;894,590;897,587;899,584;901,582;902,582;909,576;910,574;912,571;913,569;915,567;916,564;917,563;917,562;918,559;918,557;919,555;919,554;920,553;921,551;921,550;921,549;921,548;921,547;921,546;921,545;921,544;921,543;921,542;921,541;921,540;920,540;919,539;919,538;918,538;917,537;916,536;915,536;915,535;914,535;913,534;913,533;913,532;913,531;913,530;913,529;913,528;913,527;913,526;913,524;913,523;913,522;913,521;913,520;913,519;913,518;914,517;915,517;915,516;918,515;919,515;920,515;921,515;922,515;924,514;925,514;926,513;928,512;929,511;929,510;931,508;931,503;930,500;929,498;929,496;928,494;926,491;925,490;921,485;920,485;919,484;918,484;917,484;913,484;912,484;911,484;911,485;910,485;909,486;908,486;907,486;905,486;904,486;903,486;901,486;900,487;899,488;898,488;897,488;895,489;895,490;893,490;892,491;891,491;891,492;889,492;888,492;887,491;886,490;885,490;884,490;883,490;883,489;882,489;882,488;882,487;883,486;883,484;883,483;884,482;884,481;885,480;886,477;886,476;887,476;887,475;887,474;888,474;888,473;889,472;889,471;890,471;890,470;891,470;891,469;892,468;893,468;893,467;894,466;895,465;895,464;895,463;896,463;896,462;896,461;896,460;897,460;897,459;897,458;897,457;897,456;897,454;897,452;897,451;896,450;896,449;894,448;893,446;892,446;891,444;890,444;890,443;889,443;889,442;889,441;889,440;889,439;889,438;889,437;889,436;890,436;890,435;891,434;892,433;893,432;893,431;893,430;894,429;895,428;896,427;897,426;897,425;898,424;899,424;900,422;901,420;902,420;902,419;905,416;907,413;909,412;910,411;911,411;911,410;912,410;913,410;913,409;914,409;914,408;915,408;916,408;917,407;917,406;918,406;919,405;919,402;919,401;918,400;918,399;917,398;916,397;915,396;914,395;913,394;912,394;911,393;910,393;909,392;908,392;905,392;902,392;901,393;901,394;900,394;899,395;899,396;898,396;897,396;897,397;896,398;895,398;894,399;893,399;893,400;891,402;890,402;889,402;889,403;888,404;887,404;887,405;886,406;885,406;885,407;885,408;885,409;884,411;883,412;883,413;883,414;883,415;883,416;883,417;883,418;883,419;883,420;883,421;883,422;882,423;882,424;881,426;881,427;880,428;879,429;879,430;878,430;877,431;877,432;876,432;875,433;875,434;875,435;874,436;873,438;873,439;873,441;874,443;874,444;874,445;874,446;873,447;873,448;871,450;870,450;870,451;869,452;865,454;865,455;864,455;863,456;862,456;860,457;859,458;858,458;858,459;857,459;857,460;856,460;855,460;855,461;854,462;853,462;853,463;852,463;852,464;851,464;850,464;849,464;849,465;847,465;847,466;846,466;845,466;844,466;843,466;843,465;843,464;842,464;841,464;841,463;840,463;840,462;839,461;839,460;839,459;839,458;839,457;839,456;839,455;839,454;839,453;839,452;839,451;839,450;839,449;839,448;839,447;839,446;838,446;837,446;836,445;835,445;834,444;833,444;832,444;832,443;831,443;831,442;831,441;831,440;831,439;831,438;831,437;831,436;831,435;831,434;831,433;831,432;831,431;831,430;831,429;831,428;831,427;831,426;831,425;832,424;833,424;835,422;835,421;836,421;836,420;838,419;841,417;841,416;841,415;841,414;842,414;842,413;843,413;843,412;844,411;846,409;849,407;849,406;850,406;851,406;851,405;852,405;853,404;854,404;855,404;855,403;856,403;857,402;859,402;860,401;861,401;861,400;863,400;864,398;865,398;865,397;865,396;865,395;864,394;863,392;863,391;863,390;862,390;862,389;861,389;861,388;860,388;859,388;859,387;858,387;857,387;856,387;853,387;851,387;850,387;849,387;847,387;846,387;845,388;844,388;843,388;841,388;839,389;838,389;837,390;835,390;827,396;825,398;823,399;823,400;820,403;819,404;819,405;818,407;817,407;817,408;817,409;816,410;815,410;815,411;813,412;813,413;812,414;811,414;811,416;810,416;810,417;810,418;810,419;809,420;809,421;809,422;808,422;807,424;807,425;805,427;805,428;804,429;803,429;803,430;801,430;800,432;799,432;799,433;798,434;797,434;797,435;797,436;796,437;796,438;795,438;795,439;795,440;794,442;794,443;795,446;795,447;795,448;796,448;796,449;797,450;798,451;799,452;799,454;801,456;801,457;801,458;802,459;802,460;802,461;802,462;802,463;802,464;802,465;802,467;803,468;803,469;804,470;805,470;805,471;805,472;806,472;806,473;807,474;809,476;809,477;809,478;809,479;810,480;811,481;811,482;811,483;811,484;811,485;813,488;813,489;814,490;815,491;816,492;817,492;818,492;819,492;819,493;820,493;821,493;821,494;822,494;823,495;823,494;823,493;823,492;824,492;825,489;825,488;825,487;825,485;825,482;825,481;825,480;826,480;827,480;828,479;829,479;829,478;833,477;835,477;836,477;837,477;838,478;839,478;840,478;841,478;842,478;843,478;843,479;844,479;845,480;846,480;847,481;847,482;848,482;849,482;849,483;850,484;851,485;852,486;853,488;854,489;855,490;855,492;856,493;856,494;856,496;855,503;855,506;854,509;853,509;853,512;852,512;851,514;849,516;848,517;847,518;846,518;844,519;841,520;839,521;837,522;836,523;835,524;833,524;829,525;828,525;824,527;820,529;819,530;816,531;815,531;814,532;813,532;812,532;811,532;810,532;807,532;803,528;800,526;798,524;795,522;795,521;794,520;793,519;793,518;793,516;793,515;793,514;792,515;791,516;790,518;788,522;787,526;787,527;787,531;791,544;791,548;793,550;794,553;795,554;797,556;798,559;799,562;801,564;801,565;802,566;803,566;803,567;804,568;805,568;805,569;806,569;807,569;809,569;814,570;815,570;816,570;820,569;825,566;827,565;828,564;829,564;829,565;829,566;828,567;827,568;827,569;827,570;826,570;825,572;825,574;825,575;825,576;825,577;825,578;825,580;825,581;825,582;825,583;826,583;827,583;827,584;828,585;829,586;829,587;830,587;830,588;831,588;831,589;830,589;830,590;831,590;833,592;833,593;835,595;839,598;843,599;845,600;847,600;849,601;850,602;852,603;852,604;854,605;857,608;859,608;859,610;861,612;863,614;863,615;864,616;864,617;865,617;865,619;866,620;866,621;867,622;868,623;869,623;870,623;871,623;872,623;873,622;874,622;875,622;876,622;877,622;878,622;880,620;883,619;883,618;885,617;885,616;885,615;885,614;887,614;888,614;
Stroma; POLYGON; 128, 128, 128; 801,454;800,453;799,453;798,453;797,452;796,451;795,451;795,450;794,449;793,447;793,446;792,445;791,443;790,441;789,441;789,440;789,439;788,439;788,438;787,438;787,437;786,437;785,437;785,436;783,435;782,435;781,435;780,435;779,434;778,433;777,433;776,433;775,433;775,432;774,431;773,431;772,430;771,430;770,430;769,430;767,429;766,429;765,429;764,429;763,428;762,428;761,427;760,427;759,427;758,427;757,427;756,427;755,427;755,428;754,429;753,429;753,430;752,430;751,431;749,432;748,432;747,433;745,433;744,433;743,434;743,435;742,435;741,435;740,435;739,435;738,435;737,435;736,435;735,435;735,436;734,436;733,436;732,436;731,435;730,435;729,435;729,434;728,434;727,434;726,434;725,435;724,435;723,435;722,435;721,435;720,435;719,435;718,435;717,435;715,435;714,435;713,435;712,434;711,434;709,433;707,433;706,433;705,433;704,433;703,433;702,433;701,433;700,433;699,433;698,433;697,433;696,433;695,433;694,433;693,433;692,433;691,433;690,433;689,433;689,434;688,434;687,434;687,433;686,433;685,432;685,431;684,431;683,431;683,430;683,429;683,428;683,427;684,425;685,424;685,423;685,422;685,421;685,420;685,419;685,418;685,417;685,416;685,415;684,415;684,414;683,413;683,412;682,411;679,409;679,408;678,408;677,408;677,407;676,407;675,407;674,407;673,407;672,407;671,408;670,408;669,408;668,408;668,409;667,409;666,409;665,409;664,409;663,409;662,410;661,410;660,411;658,412;657,412;656,412;655,412;654,412;653,412;652,411;651,411;651,410;651,409;651,406;651,405;651,404;651,403;651,402;651,401;651,400;651,399;651,398;651,397;651,396;651,395;651,394;651,393;651,392;651,390;651,389;651,388;651,387;651,386;651,385;651,384;651,383;651,382;651,381;651,380;651,379;651,378;651,377;651,376;651,375;651,374;651,373;652,373;652,371;653,371;653,370;653,369;653,368;653,367;653,366;653,365;653,364;653,363;652,363;651,363;651,362;651,361;650,361;649,360;649,359;648,359;647,359;647,358;646,357;645,357;642,355;641,355;640,356;639,357;639,358;638,359;637,359;637,360;635,362;631,370;630,371;629,372;629,373;629,374;629,375;629,377;629,379;628,382;628,383;628,384;628,385;628,386;628,387;628,388;628,389;628,390;628,391;627,392;627,393;627,394;627,395;627,396;627,397;627,398;626,401;626,402;625,403;625,404;625,405;625,406;625,407;625,408;625,409;625,410;625,411;625,412;625,413;625,414;625,415;624,417;624,418;624,421;624,422;624,423;624,424;624,425;624,426;624,427;624,428;625,431;625,433;625,434;626,435;627,436;627,437;627,439;627,440;628,442;628,443;628,444;628,445;627,445;626,445;625,445;624,445;623,445;623,444;621,443;620,442;619,441;618,440;617,439;616,439;615,439;615,438;614,438;613,438;613,437;612,437;611,437;610,437;609,436;608,436;607,436;606,436;605,436;604,436;604,435;603,435;603,434;603,433;602,433;602,432;601,431;600,430;599,430;599,429;598,429;598,428;597,428;597,427;596,427;595,427;595,426;595,425;595,424;595,423;594,423;594,422;594,421;594,420;594,419;595,419;595,417;596,416;596,415;597,415;597,414;597,413;598,412;598,411;599,411;599,410;599,409;599,406;599,405;599,404;599,403;599,402;599,401;598,401;598,400;597,400;597,399;596,399;595,399;595,398;594,398;593,397;592,397;591,397;590,397;590,396;589,396;589,395;588,395;588,394;587,394;587,393;586,393;586,392;585,392;585,391;584,391;583,390;582,389;581,389;580,388;579,387;578,387;577,387;577,386;576,385;575,385;573,383;572,383;571,383;571,382;570,382;569,381;568,381;567,381;567,380;565,379;564,379;563,378;562,378;561,377;559,377;558,377;557,377;556,377;555,377;555,376;555,375;555,374;555,373;556,372;556,371;557,371;557,370;557,369;558,367;559,365;559,364;559,363;559,362;559,361;559,360;559,359;559,358;559,357;559,356;559,355;560,355;560,354;560,353;561,353;561,352;562,352;563,351;564,351;565,351;566,351;567,351;568,351;568,350;569,350;570,350;570,349;571,349;572,348;573,347;573,346;573,345;574,345;574,344;575,344;575,343;576,343;577,342;578,341;579,341;579,340;580,340;581,339;582,339;584,337;585,336;588,333;589,333;591,331;593,329;594,329;595,329;595,328;597,327;598,327;599,327;601,327;602,327;603,327;604,327;605,327;606,327;607,327;612,326;613,326;614,326;615,326;616,326;617,326;618,326;619,326;620,326;621,326;621,327;622,327;623,327;624,327;625,327;626,328;627,328;628,328;629,328;630,328;631,328;632,328;633,328;634,328;634,329;635,329;635,330;636,330;636,331;637,331;637,332;638,332;638,333;639,333;640,334;641,335;641,336;642,336;643,337;645,338;645,339;647,339;648,339;648,340;649,340;650,340;651,340;651,341;653,341;655,341;655,342;656,342;657,342;659,343;660,343;661,343;662,343;663,343;663,344;664,344;664,345;665,345;665,346;665,347;666,347;666,348;666,349;667,349;667,350;667,351;668,353;669,354;669,355;670,355;670,356;671,357;671,358;671,359;671,360;670,361;669,361;669,362;668,364;664,371;663,373;663,374;663,375;664,375;664,376;665,376;665,377;665,378;666,378;666,379;667,379;667,380;667,381;668,381;669,381;669,382;670,382;671,383;672,383;673,383;674,384;675,384;677,384;679,384;683,383;684,383;685,383;686,383;687,383;687,382;688,382;689,382;690,382;691,382;691,381;693,381;694,381;695,381;697,381;698,380;699,380;699,379;700,379;701,378;701,377;702,377;702,376;703,375;703,373;703,372;703,371;703,370;703,369;703,368;703,367;703,366;703,365;702,365;701,365;701,364;701,363;700,363;699,363;699,362;699,361;698,361;698,360;698,359;699,359;699,358;700,358;701,357;702,357;702,356;705,354;706,353;706,352;707,352;707,351;707,350;707,349;708,349;708,348;708,347;709,347;709,345;709,344;710,344;710,343;710,342;711,341;711,340;712,339;713,339;713,338;713,337;714,337;715,336;716,335;717,334;717,333;719,332;720,332;721,332;722,332;723,332;724,332;725,332;726,331;727,331;728,331;728,330;729,330;730,330;731,330;732,330;732,331;733,331;734,331;735,333;735,335;736,335;736,336;737,337;737,338;737,339;737,340;737,341;738,342;738,343;739,343;739,344;739,345;740,345;741,347;743,348;743,349;744,349;745,349;745,350;746,350;747,350;748,350;749,350;749,351;750,351;751,351;752,351;753,351;754,351;755,351;756,351;757,351;757,350;758,350;759,350;760,350;761,349;762,349;763,348;764,348;764,347;765,347;766,347;767,347;768,347;769,346;770,345;771,345;772,345;773,345;774,345;775,345;776,345;777,345;778,345;779,345;781,345;783,345;784,345;785,345;786,345;786,346;787,346;788,346;788,347;789,347;790,347;791,348;793,349;793,350;794,350;794,351;795,351;795,352;795,353;795,354;795,355;795,356;795,357;794,357;794,358;793,359;793,360;793,361;792,361;791,362;791,363;789,365;789,366;789,367;788,367;787,368;787,369;787,370;786,371;785,372;785,373;785,374;785,375;784,376;784,377;783,377;783,378;783,379;782,382;781,383;781,384;780,384;780,385;779,385;778,385;777,385;776,387;775,388;775,389;773,391;771,395;771,396;771,397;770,397;770,398;769,398;769,399;769,400;769,401;769,402;769,403;769,405;770,408;770,409;771,409;771,410;772,410;773,410;773,411;774,411;775,411;776,412;777,412;778,412;779,412;780,411;781,411;782,411;784,410;785,410;785,409;786,409;787,409;787,408;788,407;789,407;790,407;791,406;792,406;793,406;794,406;795,406;796,406;797,406;799,406;800,406;801,406;802,406;803,407;804,407;805,407;805,408;806,409;807,410;807,411;809,413;809,414;809,415;810,415;811,419;811,421;812,422;812,423;813,423;813,425;813,426;813,427;813,428;813,429;813,430;813,435;813,436;813,437;813,441;813,442;813,445;813,446;815,445;
Stroma; POLYGON; 128, 128, 128; 798,425;797,425;797,424;797,423;797,422;797,419;797,418;797,417;797,416;797,415;797,414;797,413;797,412;797,411;798,410;799,409;799,408;800,407;801,405;801,403;802,403;802,402;802,401;802,400;802,399;803,399;803,397;803,396;803,395;804,395;804,394;804,393;805,393;805,392;805,391;805,390;805,389;805,388;805,387;806,387;806,386;806,385;806,384;807,384;809,383;812,383;813,383;814,383;815,383;815,384;817,385;817,386;818,386;819,387;820,388;822,389;823,389;824,390;825,390;826,390;827,390;828,390;828,389;829,389;830,389;831,389;832,389;833,389;834,388;835,387;836,387;839,383;841,381;842,381;843,380;844,379;845,379;845,378;846,378;847,377;847,376;848,375;849,375;849,373;850,373;852,373;853,372;853,371;855,370;857,369;859,368;861,367;862,366;863,365;864,365;866,363;867,363;868,363;868,364;869,364;869,365;870,366;870,367;871,367;871,368;871,369;871,370;871,371;871,372;871,373;871,374;871,375;870,376;870,377;869,377;869,378;869,379;867,379;867,380;867,381;866,381;865,381;865,382;865,383;863,384;863,385;862,385;861,386;861,387;860,388;859,389;859,390;859,391;858,391;857,391;857,392;856,393;854,395;853,395;852,395;851,397;846,401;843,403;841,405;839,406;837,407;836,408;834,409;833,409;832,411;831,411;830,413;828,415;827,415;827,416;825,419;818,427;817,428;816,429;815,430;815,431;814,431;813,432;813,433;812,433;811,435;810,435;812,437;
Stroma; POLYGON; 128, 128, 128; 885,414;885,413;885,412;885,411;885,410;885,409;884,409;884,408;883,408;883,407;883,406;882,405;881,405;882,405;883,404;883,403;884,403;885,403;885,402;885,401;885,400;885,399;885,398;885,397;885,396;885,395;885,394;884,394;884,393;883,393;883,392;882,391;881,391;880,391;879,390;879,389;878,389;877,389;877,388;876,388;875,387;874,387;873,387;872,386;871,386;871,385;870,385;869,385;868,385;867,386;867,387;866,387;865,387;864,388;863,388;863,389;861,389;860,389;859,389;859,388;859,387;859,386;859,385;859,384;858,380;858,379;857,379;857,378;857,377;857,376;856,376;856,375;856,374;856,373;856,372;856,371;857,371;857,370;857,369;857,368;857,367;858,367;858,366;859,365;859,364;860,363;861,363;861,362;862,361;863,361;864,361;865,361;865,360;866,360;867,360;867,359;869,359;872,359;873,359;874,359;875,359;876,359;877,359;878,359;879,359;880,359;881,359;882,359;883,359;884,359;885,359;887,359;889,359;891,359;892,359;893,359;895,359;896,359;897,359;898,359;899,359;900,359;901,359;902,359;903,359;903,358;903,357;904,357;905,357;905,356;905,355;906,355;906,354;907,353;908,352;909,352;910,351;911,351;912,351;913,351;914,351;915,351;916,351;917,351;918,351;919,351;920,351;921,350;921,349;922,349;923,348;923,347;924,347;924,346;925,345;926,345;926,344;927,343;928,342;929,341;930,340;930,339;931,339;931,337;932,337;932,336;932,335;932,334;933,333;934,331;935,331;935,330;935,329;936,329;937,329;937,328;938,327;939,327;940,326;941,326;941,325;942,325;943,325;944,324;945,323;947,322;948,322;949,322;950,322;951,322;952,322;953,322;953,323;954,323;955,324;955,325;955,326;955,327;955,328;955,329;954,330;953,331;951,333;951,334;950,334;950,335;949,335;949,336;948,337;947,337;947,338;946,339;945,339;945,340;945,341;944,341;944,342;944,343;944,344;944,345;944,346;945,346;945,347;945,348;946,348;947,348;947,349;948,349;949,349;950,349;951,349;952,349;953,349;954,349;955,349;956,349;956,350;957,350;958,350;958,351;959,351;960,351;960,352;961,352;961,353;961,354;962,354;962,355;963,355;963,356;963,357;963,358;963,359;963,361;964,361;964,362;964,363;964,364;963,365;963,366;963,367;962,367;962,368;961,369;961,370;960,370;959,370;959,371;958,371;957,371;956,371;955,371;954,371;953,371;952,371;951,371;950,371;949,371;948,371;947,371;946,371;945,371;944,371;943,371;942,371;941,372;940,373;939,373;939,374;938,375;937,375;937,376;937,377;936,377;935,378;935,379;935,380;935,381;935,383;935,384;935,385;935,386;935,387;936,388;937,389;938,389;939,390;940,390;940,391;942,391;943,391;944,391;945,392;946,392;947,392;948,392;949,392;950,392;951,392;952,392;953,392;954,392;955,392;956,393;957,393;958,393;959,393;960,393;961,393;961,394;962,394;963,394;964,395;965,395;966,395;967,395;967,396;968,397;969,397;970,398;971,399;972,400;972,401;973,401;973,402;974,403;975,403;975,404;975,405;976,407;976,409;975,409;975,410;975,411;975,412;975,413;974,413;974,414;974,415;973,415;973,416;973,417;973,418;973,419;972,419;972,420;971,422;971,423;971,424;971,425;970,426;970,427;969,427;969,428;969,429;968,429;968,430;967,431;967,432;967,433;965,435;965,436;965,437;964,437;963,438;963,439;962,439;962,440;961,441;960,441;959,442;958,443;956,444;955,445;954,445;953,445;952,445;951,445;951,446;950,446;949,446;949,445;948,445;948,444;948,443;949,443;950,440;951,439;951,438;951,437;953,436;954,435;955,435;955,434;956,434;956,433;957,433;957,432;958,432;958,431;959,430;959,429;959,428;959,427;960,425;960,424;960,423;960,422;960,421;959,421;959,420;959,419;958,418;957,417;957,416;956,416;956,415;955,415;955,414;954,413;953,413;953,412;952,411;951,411;950,410;949,410;949,409;948,409;947,409;946,408;944,407;943,407;942,407;941,407;940,407;939,407;938,407;937,407;936,407;935,407;934,407;933,407;931,408;931,409;929,409;928,409;927,409;926,409;925,409;925,410;923,410;923,411;922,411;921,411;920,411;919,411;918,411;917,411;916,411;915,411;914,411;913,411;912,411;911,411;910,411;909,411;908,411;907,411;906,411;904,411;903,411;902,411;901,411;900,411;899,411;897,411;896,413;895,413;893,414;893,415;892,416;891,417;891,418;
Stroma; POLYGON; 128, 128, 128; 796,368;797,368;798,368;799,368;800,367;801,367;800,367;800,366;800,365;801,364;801,363;802,362;803,361;804,360;805,359;805,358;806,357;807,357;807,356;809,355;809,354;810,353;811,353;811,352;812,352;813,352;813,351;814,351;814,350;815,349;815,348;816,347;817,347;817,346;817,345;818,345;819,345;820,345;821,344;822,343;823,343;823,342;823,341;823,340;823,339;822,339;821,338;821,337;821,336;820,335;819,333;818,331;817,329;816,328;815,328;815,327;815,326;814,326;814,325;813,325;813,324;813,323;813,322;813,321;813,320;813,319;813,318;814,317;815,313;816,313;817,313;817,312;817,311;818,311;819,311;819,310;820,310;820,309;821,309;821,308;823,305;824,305;824,304;824,303;824,302;824,301;823,301;823,300;823,299;822,299;821,298;821,297;820,296;819,296;819,295;818,294;817,293;817,292;817,291;816,291;816,289;816,288;815,286;815,285;815,284;816,283;819,279;820,279;821,279;821,278;822,278;823,278;823,277;825,277;826,276;827,276;827,275;828,275;829,275;829,274;829,273;830,273;831,273;831,272;831,271;832,271;833,271;834,270;834,269;835,269;835,268;836,268;837,268;837,267;838,267;839,266;841,265;841,264;842,263;843,263;843,262;843,261;844,259;845,259;845,258;845,257;846,256;846,255;847,255;847,254;847,253;847,252;848,252;849,250;849,249;850,249;850,248;851,247;851,246;852,245;852,244;853,243;853,242;854,241;855,240;855,239;857,237;857,236;858,235;859,234;859,233;860,232;860,231;861,230;861,229;862,227;862,225;863,224;863,223;865,218;868,209;869,207;869,206;869,205;868,205;868,204;867,204;867,203;867,202;867,201;866,201;866,200;865,199;864,199;863,199;862,199;861,199;860,199;859,199;858,199;857,199;856,199;855,199;854,199;853,199;852,199;851,199;850,199;849,198;849,197;848,197;847,197;847,196;847,195;846,195;846,194;846,193;845,193;845,192;845,191;845,190;845,189;845,188;845,187;845,186;844,183;844,182;844,181;843,181;843,180;843,179;843,178;843,177;842,177;842,175;841,174;841,173;840,173;839,172;839,171;838,171;837,171;836,171;835,171;834,171;833,171;831,171;829,171;828,171;827,171;826,171;825,171;824,171;823,171;822,171;821,171;820,171;819,170;818,170;818,169;817,169;816,169;815,169;815,168;813,168;811,169;810,169;809,169;809,170;809,171;808,171;807,171;806,172;805,173;803,173;803,174;801,175;800,175;799,176;798,177;797,177;797,178;796,178;796,179;795,179;795,180;794,180;793,181;793,182;792,183;791,183;791,184;790,185;790,186;790,187;789,188;789,189;789,190;789,191;789,192;789,193;789,194;789,195;789,196;789,197;789,198;789,199;789,200;789,201;789,202;788,204;788,205;788,206;788,207;787,207;787,208;787,209;787,210;787,211;787,212;787,213;787,214;787,215;787,216;786,217;786,219;785,221;785,223;785,226;787,233;787,234;787,235;787,236;787,237;788,238;788,239;788,240;788,241;788,242;788,243;788,244;787,246;787,248;787,249;787,250;787,252;786,255;786,256;785,257;785,258;785,261;785,262;785,263;785,264;785,265;785,266;785,267;784,267;784,268;783,269;783,270;781,271;780,272;779,273;777,274;777,275;776,275;775,275;775,276;774,276;774,277;773,277;773,278;773,279;772,279;771,279;771,280;770,280;769,281;769,282;768,282;767,283;766,283;766,284;765,284;765,285;764,285;763,285;763,286;762,287;761,287;761,288;760,289;759,289;759,290;758,291;757,291;756,291;755,291;755,292;754,293;753,293;753,294;751,295;750,297;750,298;749,299;749,301;749,302;749,303;749,304;749,305;749,306;749,307;749,309;750,309;750,310;750,311;750,312;750,313;750,314;750,315;750,316;750,317;750,319;750,320;750,321;750,322;751,323;752,325;753,325;753,326;753,327;754,328;755,329;755,331;756,333;757,334;757,335;757,337;758,339;759,341;759,342;759,343;759,344;759,345;758,346;757,349;756,351;755,353;755,355;755,360;755,362;755,364;755,365;755,366;755,367;755,368;756,369;757,369;761,371;763,371;765,372;767,373;
Stroma; POLYGON; 128, 128, 128; 673,358;674,357;675,357;675,356;676,355;677,355;677,354;677,353;677,352;677,351;676,351;675,351;675,350;675,349;676,349;676,348;676,347;677,346;677,345;677,344;677,343;676,343;675,343;675,342;674,341;673,341;673,340;673,339;673,338;674,337;675,335;675,334;675,333;676,333;677,332;677,331;678,330;678,329;679,329;679,328;680,327;681,327;681,326;682,325;683,325;683,324;685,323;685,322;685,321;686,321;690,317;691,315;692,315;693,313;694,313;694,312;695,312;695,311;696,311;697,311;697,310;698,309;699,309;700,309;701,308;702,307;703,306;703,305;704,305;705,304;705,303;706,303;707,303;707,302;708,302;709,301;710,301;711,301;712,299;713,298;714,297;715,297;715,296;716,296;717,295;718,294;719,294;719,293;720,293;721,293;721,292;723,290;724,289;725,289;725,288;726,288;726,287;727,287;728,286;729,285;730,284;731,283;732,282;733,281;734,280;737,277;739,277;739,276;740,275;741,275;741,274;741,273;742,273;743,272;743,271;744,271;745,271;746,269;747,269;747,268;749,266;751,265;752,265;753,264;755,263;757,262;759,261;760,261;761,261;763,261;764,261;765,260;767,260;767,259;768,259;770,259;775,256;776,255;777,255;778,255;779,254;781,253;782,253;783,252;784,251;785,251;787,250;788,249;789,248;790,247;791,246;791,245;792,245;793,243;794,239;794,237;794,236;795,236;795,234;795,233;796,231;797,231;797,229;799,226;800,224;801,222;801,221;801,220;801,219;801,218;801,217;801,216;800,215;799,215;797,214;796,213;795,213;794,213;793,213;793,212;792,212;791,212;790,212;789,212;789,213;788,213;787,213;786,214;785,214;784,215;783,215;782,215;781,215;780,215;779,215;778,215;777,215;776,215;775,215;775,214;774,214;773,214;773,213;772,213;772,212;771,211;770,211;769,211;769,210;768,210;767,210;767,209;765,209;764,209;763,209;763,208;762,208;762,207;761,207;760,207;759,206;758,206;757,205;756,205;755,205;754,205;753,205;752,206;751,207;751,208;751,209;750,209;750,210;750,211;750,212;751,213;751,214;751,215;751,216;752,216;752,217;753,217;753,218;753,219;754,219;755,220;755,221;755,222;755,223;755,224;755,225;754,225;753,226;753,227;752,227;752,228;751,228;751,229;750,229;749,229;748,229;747,229;746,229;745,229;744,229;743,229;742,229;741,229;740,229;739,229;738,230;737,231;737,232;737,233;736,233;736,234;736,235;736,236;735,240;735,241;735,242;735,243;735,244;735,245;735,246;735,247;735,249;734,249;734,250;734,251;733,251;733,252;733,253;732,253;732,254;731,255;731,256;731,257;730,257;730,258;729,258;729,259;729,260;728,260;727,261;726,261;726,262;725,262;725,263;724,263;724,264;723,264;723,265;722,265;722,266;721,267;721,268;721,269;720,270;720,271;719,271;719,272;718,273;718,274;717,274;717,275;716,275;715,275;715,276;714,276;713,276;713,277;711,277;710,277;710,278;709,278;707,278;706,278;705,278;705,279;704,279;703,279;702,279;701,279;700,279;700,278;699,278;698,278;697,278;697,277;696,277;695,276;695,275;693,274;693,273;692,273;691,272;691,271;690,271;689,271;689,270;688,270;686,269;685,269;684,269;683,269;682,270;682,271;681,271;681,272;681,273;680,273;680,274;679,275;679,277;679,278;680,279;680,281;681,281;681,282;681,283;681,284;682,285;683,286;683,287;683,288;683,289;683,290;682,291;682,292;681,293;681,294;681,295;681,296;681,297;681,298;681,299;680,299;680,300;680,301;679,302;679,303;679,304;679,305;678,305;677,306;677,307;677,308;676,309;675,309;675,310;674,311;673,311;673,312;673,313;672,313;671,313;671,314;671,315;670,315;670,316;669,316;669,317;668,317;667,317;667,318;666,319;665,319;663,320;663,321;662,321;661,321;661,320;661,319;660,319;660,318;659,318;659,317;658,317;658,316;657,316;657,315;656,315;656,314;655,314;655,313;655,312;655,311;655,310;655,309;655,308;655,307;655,306;655,305;655,304;656,303;657,302;657,301;657,300;658,300;658,299;659,298;659,297;659,296;660,296;660,295;660,294;660,293;660,292;661,292;661,291;661,290;662,290;662,289;662,288;662,287;662,286;662,285;661,285;661,283;660,282;659,281;658,280;657,279;655,277;654,276;654,275;653,275;653,274;653,273;653,272;653,271;654,270;654,269;655,269;655,267;660,261;661,261;661,259;662,258;662,257;663,255;663,253;663,252;663,251;664,249;664,248;664,247;664,246;664,245;664,244;665,243;665,242;666,240;667,238;668,237;669,237;669,236;669,235;669,234;669,233;669,232;669,231;669,230;669,229;669,228;669,226;668,225;668,224;667,224;667,223;666,223;666,222;666,221;665,221;665,220;664,219;664,218;663,217;663,216;663,215;663,214;664,214;664,213;664,212;664,211;664,210;663,210;662,208;660,207;659,207;658,207;657,208;657,209;656,209;655,209;655,210;654,211;654,212;653,213;653,214;652,215;651,216;651,217;651,218;650,219;650,220;649,223;647,224;647,225;647,226;647,227;646,227;646,228;646,229;645,229;645,230;645,231;645,232;645,233;644,233;644,234;643,235;643,236;643,237;642,237;642,238;642,239;641,239;640,243;639,245;639,246;638,247;637,247;637,248;637,249;637,250;636,250;636,251;636,252;636,253;636,254;636,255;635,255;635,256;635,259;635,260;635,261;636,262;636,263;637,263;637,264;637,265;638,265;638,266;639,266;639,267;640,267;640,268;641,268;641,269;642,269;642,270;643,270;643,271;644,271;644,272;644,273;645,273;645,275;645,276;645,277;646,277;646,278;646,279;647,279;648,282;649,282;649,283;649,284;650,285;651,285;651,286;651,287;652,288;652,289;652,290;652,291;652,292;652,293;651,293;651,294;651,295;651,296;651,297;651,298;651,299;651,300;651,302;650,303;650,304;649,305;649,306;649,307;648,307;647,307;647,308;647,309;646,309;645,310;645,311;644,312;644,313;643,313;642,313;641,313;641,314;640,314;639,314;638,313;637,313;636,313;635,313;633,312;632,311;631,311;631,310;631,309;630,309;629,309;629,308;629,307;629,306;629,305;628,304;628,303;627,303;627,302;627,301;627,300;627,299;627,298;627,297;627,296;627,295;628,295;628,294;629,294;629,293;629,292;629,291;629,290;629,289;629,288;629,287;629,286;628,283;628,282;627,281;627,280;627,279;626,278;626,277;625,277;625,275;624,274;623,273;623,272;623,271;622,271;622,270;622,269;621,268;621,267;621,266;621,265;621,264;620,263;619,263;619,262;619,261;618,261;618,260;617,259;616,258;616,257;615,257;615,256;613,255;612,255;611,255;611,254;610,254;609,254;608,255;607,255;606,255;605,255;605,256;603,257;599,260;598,261;597,261;597,262;596,263;595,263;594,263;593,264;593,265;592,265;591,265;591,266;591,267;590,267;589,269;589,271;588,271;588,272;588,273;587,273;587,274;587,275;586,276;586,277;586,278;585,278;585,279;585,280;585,281;585,282;585,283;585,284;585,285;585,286;585,287;586,287;586,288;585,289;585,290;584,290;584,291;583,291;583,292;583,293;582,293;582,294;581,295;581,296;581,297;581,298;580,299;580,300;580,301;579,301;579,302;579,303;579,304;579,305;578,305;577,307;577,308;577,309;577,310;577,311;577,312;577,313;577,314;577,315;577,316;578,318;579,319;580,321;581,323;583,324;583,325;583,326;583,327;582,327;581,327;580,327;579,327;577,328;575,330;575,331;574,333;574,334;574,336;574,337;574,339;574,341;575,342;575,344;575,346;575,347;575,349;574,355;574,358;574,359;574,360;574,366;575,369;575,371;575,372;575,373;575,374;575,375;576,375;576,376;577,377;577,378;577,379;578,379;579,381;583,383;585,384;586,384;587,385;588,385;589,385;590,385;590,384;591,384;591,383;592,383;593,382;595,381;597,380;599,379;601,377;603,375;605,374;605,372;606,371;607,370;609,366;611,360;611,359;612,358;613,358;613,357;614,357;614,356;615,356;616,355;617,355;620,354;623,353;626,353;627,352;628,351;631,350;631,349;632,349;633,349;634,348;635,348;635,347;637,347;639,347;640,347;640,348;641,349;642,349;645,351;646,352;647,353;648,353;649,354;650,355;651,355;652,355;653,355;653,356;654,356;655,356;655,357;655,358;656,360;658,363;659,365;
Stroma; POLYGON; 128, 128, 128; 623,284;623,283;623,282;623,281;623,280;623,279;624,279;625,278;625,277;626,277;626,276;627,275;627,274;628,274;628,273;629,273;629,272;630,271;631,271;631,270;633,269;633,268;634,268;635,267;636,267;637,267;639,266;639,265;640,265;641,265;641,264;642,263;643,263;643,262;643,261;644,261;644,259;645,258;645,257;645,255;646,253;646,252;646,251;646,250;647,249;647,248;647,245;648,242;648,241;649,241;649,240;649,239;649,238;650,237;650,235;650,234;650,233;651,231;651,230;651,229;651,228;652,227;653,225;654,221;655,220;655,219;655,218;655,216;656,215;656,214;656,213;656,212;655,212;655,211;655,210;654,210;654,209;653,208;653,207;652,207;651,206;651,205;650,205;649,205;648,205;647,205;645,206;644,207;643,207;642,208;641,208;641,209;639,209;637,210;637,211;635,211;635,212;634,213;633,214;632,215;631,215;631,216;629,217;629,218;628,219;627,219;627,220;626,220;625,221;624,221;624,222;623,223;622,224;621,225;619,227;619,228;619,229;618,229;617,229;617,230;617,231;616,231;615,231;615,232;614,232;614,233;613,233;612,233;612,234;611,235;611,236;611,237;610,237;609,239;609,240;609,241;609,242;608,243;608,244;608,245;608,246;608,247;607,251;607,253;607,254;606,255;606,256;606,257;606,258;605,259;605,260;605,261;604,263;603,268;602,271;601,273;601,275;601,276;601,277;601,279;602,279;603,281;604,282;605,284;606,285;607,286;607,287;607,288;607,289;608,289;609,289;611,289;612,289;614,289;
Stroma; POLYGON; 128, 128, 128; 583,320;582,319;581,319;581,318;580,318;579,317;578,317;577,316;577,315;576,314;575,312;575,311;574,311;574,310;573,310;572,310;571,310;570,310;569,310;569,311;568,311;566,311;563,311;562,311;561,311;560,312;559,312;559,313;559,314;558,315;557,315;557,316;557,317;555,320;555,321;555,323;554,324;553,324;552,324;551,324;550,324;549,324;548,324;547,324;547,323;546,323;545,323;544,323;543,323;542,323;541,323;540,323;539,323;538,323;537,323;536,323;535,323;533,323;532,324;531,325;530,325;529,326;528,326;527,325;526,325;525,325;524,325;523,325;522,325;521,325;520,325;519,325;518,325;517,325;516,325;516,326;515,327;514,328;514,329;513,331;512,333;512,334;511,336;511,337;511,338;510,338;509,337;508,337;507,337;506,337;506,336;505,335;504,335;503,334;503,333;502,333;501,331;501,330;501,329;501,328;501,327;501,326;502,326;502,325;503,325;503,324;503,323;503,322;503,321;504,321;504,320;505,320;505,319;506,319;507,319;508,319;509,319;510,319;511,319;512,319;513,319;514,319;515,319;516,319;517,319;517,318;518,318;519,318;519,317;520,317;521,317;521,316;522,316;522,315;523,315;523,314;524,314;525,312;525,311;526,311;526,310;526,309;526,308;526,307;526,306;526,305;526,304;526,303;525,303;525,302;525,301;524,301;523,301;523,299;522,298;521,298;521,297;520,297;520,296;519,296;519,295;519,294;518,294;517,293;517,292;516,291;515,290;513,289;513,288;513,287;513,286;513,285;514,284;514,283;515,283;515,282;515,281;516,281;517,280;517,279;518,279;519,279;520,279;520,280;521,280;521,281;522,282;522,283;523,283;523,284;523,285;524,285;524,286;525,287;525,288;526,288;526,289;527,289;528,290;529,290;529,291;530,291;531,291;531,292;532,292;533,292;534,292;534,293;535,293;538,293;539,293;540,293;541,293;541,292;542,292;543,292;544,292;545,292;546,292;547,291;548,291;549,290;549,289;550,289;551,289;551,287;552,287;553,286;553,285;554,285;555,284;555,283;556,283;557,282;558,281;559,281;559,280;561,278;562,277;563,276;563,275;563,274;563,273;564,273;564,272;564,271;564,270;564,269;563,268;563,267;563,266;562,265;561,264;561,263;561,262;560,261;559,261;559,260;559,259;559,258;558,257;558,256;558,255;558,254;558,253;559,253;559,252;559,251;560,250;560,249;561,249;561,248;561,247;562,247;562,246;563,245;563,244;564,243;565,243;565,242;566,242;566,241;567,241;568,241;569,241;570,241;571,242;571,243;572,243;572,244;572,245;573,246;573,247;573,248;575,251;575,252;575,253;575,255;576,255;576,257;577,258;577,259;577,260;578,261;579,261;579,262;580,263;581,263;582,263;583,263;583,264;584,265;585,265;586,265;587,265;588,265;589,266;590,266;591,266;592,266;593,266;593,265;594,265;595,265;596,265;597,265;598,265;599,265;600,265;601,265;601,266;601,268;601,269;601,271;602,273;602,275;602,278;602,279;602,281;602,283;602,285;602,289;602,290;602,291;601,298;600,304;601,304;
Stroma; POLYGON; 128, 128, 128; 615,243;615,242;615,241;615,240;614,239;614,238;613,237;613,236;613,235;613,234;613,233;613,232;613,231;613,230;612,230;611,229;610,229;609,229;608,229;607,229;607,228;607,227;606,227;605,226;605,225;604,225;603,224;603,223;601,222;600,221;599,221;597,221;596,221;596,220;593,220;591,221;589,221;589,222;587,222;587,223;586,223;585,223;584,223;583,223;581,223;580,223;579,223;578,223;577,224;576,224;575,225;574,225;573,226;573,227;572,227;571,227;571,228;570,228;570,229;569,231;568,231;568,232;568,233;568,234;568,235;568,236;568,237;568,238;568,239;568,240;568,241;569,245;569,246;569,247;569,248;569,249;569,250;569,251;569,252;569,253;569,254;569,255;569,256;568,256;568,257;567,257;566,257;565,257;565,258;564,259;563,259;562,259;561,259;560,259;559,259;558,259;558,258;557,258;557,257;556,257;555,257;554,257;554,256;553,256;552,255;551,255;550,255;549,255;548,255;547,255;547,254;546,254;545,254;544,254;543,254;543,255;542,255;541,255;540,255;539,255;538,255;537,255;536,256;535,256;534,256;533,257;532,257;530,257;529,258;528,259;527,259;527,260;527,261;526,261;525,263;524,264;524,265;523,266;522,267;521,267;521,268;521,269;521,270;520,270;520,271;520,272;520,273;519,273;519,274;519,275;519,277;519,278;519,279;519,280;519,281;519,282;520,282;520,283;521,283;521,284;521,285;522,285;522,286;522,287;521,287;521,288;520,288;519,288;518,289;517,289;516,289;515,289;514,289;513,289;512,289;511,289;510,289;509,289;508,289;507,289;507,288;506,288;505,288;504,288;503,288;503,289;503,290;503,291;502,291;501,291;501,292;501,293;499,293;498,293;497,294;496,294;495,294;495,295;494,295;494,294;494,293;495,293;495,292;495,291;495,290;495,289;496,289;496,288;496,287;497,286;497,285;497,284;497,283;496,283;495,283;495,282;494,282;493,281;492,281;491,281;490,281;489,281;488,282;487,282;487,283;486,283;485,283;484,283;483,283;483,284;482,284;481,285;480,285;479,285;479,286;478,286;478,287;477,287;476,287;473,287;472,287;471,287;470,287;469,287;468,287;467,287;467,286;466,286;465,286;465,285;464,285;463,284;462,283;461,283;460,283;460,282;459,282;459,281;458,281;458,280;458,279;458,278;457,277;457,276;457,275;457,274;456,274;456,273;455,273;455,272;455,271;453,270;452,269;451,269;451,268;450,267;449,267;449,266;448,265;448,264;448,263;448,262;448,261;448,260;448,259;448,258;448,257;449,256;449,255;449,254;450,253;451,251;451,250;452,250;452,249;453,249;453,248;453,247;454,247;455,247;455,246;456,246;457,246;459,246;460,245;461,245;462,245;463,245;464,245;465,245;466,245;467,245;468,245;469,246;469,247;471,248;471,250;472,251;473,251;473,252;473,253;474,253;475,253;475,254;476,254;476,255;477,255;478,255;479,255;480,255;481,255;482,255;483,255;484,255;485,255;486,255;487,255;487,256;488,256;488,257;489,257;490,257;491,257;492,257;493,257;494,257;495,257;496,257;496,256;497,256;498,255;499,255;500,255;501,254;502,253;503,253;504,253;505,252;505,251;506,251;507,251;508,251;509,250;511,249;512,249;513,248;514,247;515,247;516,247;517,247;518,247;519,246;520,245;521,244;522,244;523,244;524,243;525,241;526,241;528,239;530,237;531,236;533,233;536,230;537,229;538,228;539,227;540,227;540,226;541,225;542,225;542,224;543,223;544,222;546,219;547,218;548,217;549,217;549,216;550,215;551,215;551,214;552,214;552,213;553,213;554,213;554,212;555,212;555,211;557,211;557,210;558,210;558,209;559,209;559,208;559,207;560,207;561,207;561,206;562,205;563,205;564,205;565,205;565,204;566,204;567,203;568,203;569,203;570,203;571,203;572,203;573,203;573,204;574,204;574,205;575,205;576,205;578,205;579,205;580,205;581,206;582,206;583,207;584,207;585,207;586,206;587,206;587,205;588,205;589,205;589,206;590,206;590,207;591,207;592,208;593,208;593,209;594,209;595,209;595,210;596,210;596,211;597,211;599,212;599,213;600,213;601,213;602,213;603,214;604,215;605,215;605,216;606,216;607,216;607,217;608,217;609,218;609,219;611,219;611,220;612,221;613,221;614,222;615,222;615,223;616,223;617,223;620,225;621,225;622,226;623,226;623,227;624,227;625,227;625,228;626,228;627,229;628,229;629,230;629,231;630,231;631,231;631,232;631,233;632,233;633,235;633,236;633,237;633,238;633,239;633,240;633,241;633,242;633,243;633,244;633,245;633,246;632,246;632,247;631,247;631,248;631,249;630,249;629,249;628,250;627,250;627,251;626,251;625,251;624,251;623,251;622,251;622,250;
Stroma; POLYGON; 128, 128, 128; 627,229;627,228;626,227;625,226;625,225;625,224;624,223;623,223;623,222;623,221;622,221;621,220;621,219;620,218;620,217;619,217;618,217;618,216;617,216;617,215;616,215;615,215;615,214;615,213;614,213;613,213;613,212;613,211;613,210;612,210;612,209;612,208;612,207;612,206;611,205;611,204;611,203;610,203;610,202;610,201;609,201;609,200;608,200;607,199;606,199;605,199;604,199;600,199;599,199;598,199;597,199;596,199;595,199;594,199;593,199;592,198;591,197;590,196;590,195;589,195;589,194;589,193;588,193;588,192;588,191;588,190;588,189;589,189;589,188;589,187;590,187;591,186;592,185;592,184;593,184;593,183;594,183;595,183;595,182;595,181;596,181;597,180;598,180;599,180;600,179;601,179;602,179;603,179;604,179;605,179;608,177;609,176;610,175;611,175;612,175;613,174;613,173;614,173;615,172;617,170;617,169;618,168;620,163;621,161;621,160;621,159;621,158;621,157;620,157;620,156;619,156;619,154;618,153;617,153;617,152;616,151;615,151;614,150;613,149;612,149;611,149;610,149;609,149;609,148;608,148;607,148;606,148;605,148;604,148;603,148;602,148;601,148;601,149;600,149;599,149;598,149;597,149;597,150;595,151;594,151;593,152;592,153;591,153;591,154;589,155;589,157;588,157;587,159;587,160;587,161;586,161;585,162;583,163;582,164;581,164;581,165;580,165;579,165;579,166;578,166;577,167;576,167;575,167;575,168;574,168;572,169;571,170;571,171;570,171;569,172;568,172;567,172;566,173;565,173;564,173;563,173;563,174;562,174;561,174;560,174;559,174;558,174;557,174;556,174;555,174;554,174;553,173;552,173;551,173;550,172;548,171;547,171;546,170;543,170;539,171;538,171;537,171;536,171;535,171;534,172;532,173;531,174;531,175;530,175;529,176;529,177;529,178;529,179;529,180;529,181;529,182;529,183;530,183;531,184;531,185;531,186;531,187;531,188;531,189;531,190;531,191;531,192;529,193;528,194;527,194;526,195;525,195;524,195;523,195;522,195;521,195;520,195;518,197;517,198;516,199;516,200;515,201;515,202;515,203;514,204;514,205;514,207;514,209;514,210;514,211;514,212;515,215;517,219;517,220;518,223;519,232;519,233;520,235;520,237;520,238;521,239;521,240;521,241;521,242;521,243;522,245;522,246;523,247;523,249;524,249;525,250;527,251;529,252;530,252;531,252;532,251;533,251;533,250;534,250;535,249;536,248;537,247;538,245;539,245;539,244;539,243;542,240;543,239;544,239;545,238;545,237;546,237;547,236;547,235;548,235;549,233;550,233;550,232;551,231;552,231;552,230;553,230;553,229;556,228;559,226;560,225;561,225;563,224;563,223;564,223;565,223;565,222;566,222;567,221;569,219;570,219;571,218;572,218;573,218;574,218;577,217;579,217;581,217;582,217;583,217;584,217;585,217;586,217;587,217;588,217;589,217;590,217;592,217;593,217;594,217;595,217;596,217;597,217;598,217;599,217;599,218;600,218;602,219;603,219;604,219;605,219;606,220;607,221;608,222;609,223;609,224;610,224;611,225;611,226;613,227;613,228;617,231;618,232;619,233;619,234;621,235;622,235;623,235;624,235;625,234;
Stroma; POLYGON; 128, 128, 128; 503,249;503,248;504,248;504,247;504,246;505,246;505,245;506,245;506,244;507,244;507,243;508,243;508,242;509,241;509,240;510,240;511,239;511,238;511,237;511,236;511,235;511,234;511,233;510,233;510,232;509,231;508,231;508,230;507,230;506,230;505,230;504,230;504,231;503,231;502,231;501,231;501,232;500,232;500,233;499,233;498,233;497,235;496,235;495,235;494,235;493,236;493,237;492,237;491,237;490,236;489,236;487,235;486,235;485,235;485,234;484,234;483,234;482,234;481,235;481,236;481,237;480,239;479,241;479,242;479,243;478,245;477,246;477,247;477,248;479,250;481,251;481,253;482,253;483,254;483,255;484,255;484,256;485,256;485,257;484,257;483,259;482,259;481,260;480,261;479,261;478,261;477,261;477,262;476,262;475,262;473,262;472,262;471,262;470,262;469,263;468,263;467,263;466,263;465,263;464,263;462,263;459,263;459,262;459,261;458,261;458,260;457,259;456,258;455,257;454,256;454,255;453,255;453,254;453,253;453,252;453,251;453,250;453,249;453,248;453,247;453,246;453,245;453,244;453,243;453,242;453,241;454,241;454,240;454,239;455,239;455,235;455,234;456,233;457,232;457,231;457,230;458,229;459,228;459,227;459,226;459,224;459,223;458,221;457,221;455,219;454,219;453,219;452,219;451,219;450,219;449,219;448,219;447,219;446,219;445,219;444,219;443,219;442,219;441,219;440,219;439,219;438,219;437,219;436,219;435,219;433,220;432,220;430,220;429,221;428,221;427,221;426,221;425,221;423,221;423,222;422,222;421,222;420,223;419,223;418,223;417,223;416,223;415,223;415,224;413,225;412,225;410,225;409,224;408,224;407,223;406,223;405,222;405,221;404,220;403,219;403,218;403,217;403,216;402,213;402,211;402,210;402,209;402,208;402,207;402,206;403,204;403,203;403,202;403,200;403,199;403,198;403,197;404,196;404,195;404,194;404,192;405,191;405,190;405,189;405,188;409,181;410,181;411,180;412,179;413,178;413,177;414,177;415,177;415,176;416,176;416,175;417,175;418,175;419,174;420,173;421,172;421,171;422,171;422,170;423,170;423,169;424,169;424,168;425,168;425,167;426,167;427,167;427,166;428,166;429,165;431,163;432,163;433,163;433,162;435,161;436,161;437,161;437,162;440,162;441,162;443,162;443,161;444,161;445,161;446,161;446,162;446,163;447,163;447,164;447,165;447,166;447,167;447,169;447,170;447,171;448,171;448,172;448,173;448,174;448,176;449,177;449,179;449,180;449,181;449,182;449,183;450,183;451,183;452,185;453,185;454,185;455,186;456,186;456,187;457,187;458,187;459,187;460,187;461,187;461,188;462,188;462,189;463,189;464,189;465,189;466,189;467,189;468,189;469,189;469,188;470,188;471,188;471,187;472,187;473,187;474,186;475,186;475,185;476,185;477,185;478,184;479,184;479,183;480,183;481,183;481,182;482,182;483,182;483,181;484,181;485,181;486,181;487,181;488,181;489,181;489,180;490,180;491,180;491,181;492,181;492,182;493,182;493,183;493,184;494,185;495,185;495,186;495,187;496,187;497,188;497,189;498,189;499,189;499,190;500,190;501,191;502,191;503,191;503,192;504,192;504,193;505,193;506,193;507,193;507,194;508,195;509,195;510,195;511,197;512,197;513,198;514,198;515,199;516,199;517,200;518,201;519,202;521,203;523,204;525,205;527,207;528,208;529,209;529,211;530,212;530,213;531,216;532,219;532,220;533,222;533,223;533,225;534,226;534,227;534,228;534,229;534,230;534,231;533,233;533,235;533,236;532,237;531,239;531,242;531,245;530,247;530,248;530,249;529,250;529,251;528,251;527,251;525,252;524,252;524,253;523,253;522,254;521,255;521,256;520,257;
Stroma; POLYGON; 128, 128, 128; 492,189;492,188;492,187;492,186;491,186;491,185;491,184;491,183;491,182;491,181;491,180;491,177;491,176;491,175;491,174;491,173;491,172;491,171;491,169;491,168;491,167;492,167;492,166;492,165;493,164;493,163;493,162;493,161;494,161;495,159;498,156;499,155;500,154;501,154;501,153;502,153;503,153;504,152;505,152;507,151;509,151;510,151;511,151;512,151;513,151;514,151;515,151;516,151;517,151;518,151;519,151;519,150;520,150;521,150;522,149;523,149;524,149;525,149;526,149;527,149;527,150;527,149;527,148;528,148;528,147;529,147;529,146;529,145;530,145;530,143;530,142;531,142;531,141;531,140;531,139;531,138;531,137;531,136;532,135;532,134;533,134;533,132;534,131;534,130;534,129;534,128;534,127;535,127;535,126;535,125;535,124;535,123;534,123;534,122;534,121;533,121;533,120;533,119;532,118;531,117;530,117;529,117;529,116;528,116;527,116;526,116;524,116;523,115;522,115;521,115;520,115;519,115;518,115;517,115;516,116;515,116;514,116;513,116;512,116;511,116;511,115;510,115;509,115;508,115;507,115;505,116;504,117;503,117;503,118;502,119;501,119;501,120;500,120;500,121;499,121;498,123;497,123;497,124;496,125;495,127;495,128;494,128;494,129;493,129;493,130;493,131;492,131;492,132;491,132;491,133;491,134;490,135;489,136;489,137;489,139;488,139;488,140;488,141;488,142;488,143;488,144;488,145;488,146;488,147;488,148;488,149;487,149;487,150;487,151;487,152;486,152;486,153;486,154;486,155;485,155;485,156;485,157;485,158;484,159;484,160;484,161;483,161;483,162;483,163;483,164;482,165;482,166;482,167;482,168;482,169;482,173;482,177;483,179;483,181;483,182;483,184;484,185;484,187;484,188;485,189;485,190;485,191;486,194;486,195;487,196;487,197;
Stroma; POLYGON; 128, 128, 128; 442,175;442,174;442,173;441,173;441,172;441,171;442,171;442,170;443,169;443,168;443,167;443,166;442,165;441,165;441,164;441,163;440,163;439,163;438,162;437,162;437,161;436,161;435,161;433,160;432,160;431,160;430,160;429,160;428,161;427,161;426,161;425,161;425,162;424,162;423,162;422,163;421,163;420,163;419,163;419,164;418,164;417,165;415,166;410,169;409,171;408,171;407,172;407,173;406,173;406,174;405,177;405,179;405,181;405,186;405,187;407,196;409,199;410,201;411,202;413,203;414,203;415,203;416,203;417,203;418,203;419,202;421,201;423,199;425,198;425,197;426,197;429,196;
Stroma; POLYGON; 128, 128, 128; 534,149;535,149;536,149;537,149;538,149;539,149;540,149;541,149;542,149;543,149;544,149;545,149;545,150;547,150;548,150;548,151;549,151;550,151;551,151;552,151;553,151;554,151;555,151;556,151;557,151;558,151;559,150;560,149;561,149;562,149;563,149;563,148;564,148;565,147;567,146;567,145;568,145;569,145;569,144;570,144;570,143;571,143;571,142;571,141;571,140;572,139;572,138;572,137;572,136;572,135;572,134;572,133;572,132;572,131;572,130;572,129;573,129;573,128;573,127;574,127;575,127;575,126;576,126;577,126;578,125;579,125;580,125;581,125;582,125;583,125;585,125;585,124;586,124;587,124;587,125;588,125;589,125;590,125;590,126;591,126;591,127;592,127;593,127;593,128;594,129;595,129;595,130;596,130;597,130;598,130;599,130;599,129;600,129;600,128;601,128;601,127;602,127;603,125;604,125;605,124;605,123;607,123;607,122;608,122;609,122;610,122;611,121;612,121;613,121;614,121;615,121;616,121;617,121;618,121;619,121;619,120;620,120;621,120;622,120;623,120;624,120;625,119;626,119;627,119;627,118;628,118;628,117;629,117;636,110;637,109;638,107;639,106;639,105;640,105;641,103;643,100;643,99;644,98;644,97;644,95;645,89;645,88;644,87;643,87;643,86;643,85;642,85;642,84;641,84;641,83;640,83;639,82;637,81;636,81;635,81;635,80;634,80;634,79;633,79;632,79;631,79;631,78;629,77;629,76;629,75;628,75;627,73;626,73;625,73;625,72;624,72;623,71;622,71;621,70;621,69;620,69;619,69;618,69;617,69;616,69;615,69;613,69;612,68;611,68;610,68;609,68;608,68;607,67;606,67;605,67;604,67;602,67;601,67;600,67;599,68;599,69;598,69;597,69;597,70;596,70;596,71;595,71;594,71;593,71;592,71;591,71;590,71;589,71;588,71;587,70;586,70;585,70;585,69;584,69;583,69;583,68;582,68;581,67;580,67;579,67;578,67;577,67;576,67;575,67;574,67;573,68;573,69;572,69;572,70;571,71;571,72;569,75;569,76;568,77;567,77;567,78;567,79;566,79;565,80;565,81;565,82;564,83;563,83;563,85;563,86;563,87;563,88;563,89;563,90;563,91;561,93;561,94;560,94;560,95;559,95;558,95;557,95;556,95;555,95;554,95;553,95;552,95;551,95;550,95;549,95;549,96;548,96;548,97;547,97;547,98;545,99;545,100;545,101;544,101;543,102;542,103;541,103;540,103;539,103;539,104;538,104;537,105;535,105;534,105;533,106;532,107;531,107;530,108;529,109;528,109;527,111;524,114;523,115;522,117;521,119;519,121;519,122;519,123;518,123;518,124;517,125;517,127;517,128;519,131;521,134;521,135;522,136;523,137;524,138;528,141;
Stroma; POLYGON; 128, 128, 128; 618,209;619,209;620,209;622,210;623,210;624,209;625,209;626,209;627,208;627,207;628,207;631,205;633,205;634,204;635,204;637,203;638,203;639,203;639,202;639,201;640,201;640,200;641,199;641,198;641,197;641,195;641,194;640,193;639,192;639,191;639,190;639,189;638,189;637,189;637,188;636,188;635,188;634,188;633,188;632,188;631,188;630,188;629,188;629,189;628,189;627,189;626,189;625,189;625,188;625,187;624,187;623,187;623,186;623,185;622,185;621,185;621,184;619,182;619,181;619,180;618,179;618,178;617,178;617,177;617,176;617,175;616,175;615,173;615,172;615,171;615,170;615,169;615,168;615,167;615,166;615,165;615,164;615,163;614,162;614,161;614,160;613,160;613,159;613,158;612,158;612,157;612,156;611,156;611,155;611,154;610,154;609,153;608,153;607,152;607,151;606,151;605,151;604,151;603,151;602,151;601,151;601,150;601,149;601,148;601,147;601,146;603,145;606,145;607,145;608,145;609,145;610,145;611,145;612,145;613,145;614,145;615,145;616,145;617,145;618,145;619,144;619,143;620,143;621,143;621,142;621,141;622,141;623,140;623,139;625,135;625,134;625,133;625,132;625,131;625,130;625,129;625,128;625,127;624,127;624,126;624,125;623,125;623,123;623,121;623,120;623,119;623,118;623,117;622,116;622,115;622,113;621,113;621,111;621,110;621,109;621,107;622,107;623,106;625,103;627,101;627,100;628,99;629,99;629,98;630,98;631,98;631,97;632,97;633,97;633,96;634,96;635,96;635,95;636,95;637,95;638,95;639,95;640,95;641,95;642,95;642,94;643,94;644,94;645,94;645,95;646,95;647,95;647,96;648,96;649,96;649,97;650,97;650,98;651,99;651,100;652,100;652,101;653,101;654,101;654,102;655,103;656,103;657,105;657,106;658,106;658,107;659,107;659,108;659,109;660,109;660,110;661,111;661,112;662,113;663,113;663,114;663,115;662,115;660,115;659,115;658,115;658,116;657,116;656,116;655,116;655,117;654,117;653,117;651,117;649,117;647,117;647,118;646,118;645,119;644,119;643,120;642,121;641,121;641,122;639,123;639,124;638,125;638,126;638,127;638,129;639,130;639,131;639,132;639,133;639,134;639,135;639,137;638,137;637,139;637,141;637,142;637,143;638,143;638,144;639,145;639,146;640,146;640,147;641,147;642,148;643,148;643,149;645,149;646,150;647,150;647,151;647,152;646,152;646,153;645,153;645,154;645,155;645,156;645,157;644,158;644,159;644,160;644,161;644,162;644,163;644,164;644,165;644,166;644,167;645,167;645,169;646,169;647,169;647,170;647,171;648,171;649,171;649,172;649,173;650,173;651,173;651,175;652,175;653,175;653,176;653,177;654,177;654,178;655,178;655,179;655,180;656,181;656,182;656,183;657,183;657,185;657,186;657,189;657,190;657,191;657,192;657,193;657,194;656,195;656,196;656,197;655,198;655,199;655,200;655,201;655,202;655,203;655,204;654,205;654,207;653,209;652,212;651,213;651,214;650,215;649,216;648,217;647,217;647,218;647,219;646,219;645,220;644,221;643,221;642,223;641,223;640,225;637,226;635,227;633,227;632,227;631,227;629,227;628,227;627,227;626,227;625,227;624,227;623,227;623,226;622,225;621,224;619,224;619,223;617,223;617,222;616,221;615,221;614,220;613,219;612,219;611,219;611,218;611,217;611,216;610,215;610,214;609,214;609,213;609,212;608,211;608,210;607,210;607,209;607,208;607,207;607,206;607,205;608,205;610,204;612,204;613,204;614,205;616,205;617,205;617,206;619,207;620,207;
Stroma; POLYGON; 128, 128, 128; 659,217;660,217;660,216;661,215;661,214;662,214;662,213;663,213;663,212;663,211;663,210;664,210;664,209;665,209;665,207;667,205;668,205;669,205;670,205;671,204;672,204;673,203;673,202;674,202;675,201;676,201;677,201;678,201;679,201;681,201;682,201;683,201;684,201;684,202;685,202;685,203;686,203;687,204;687,205;688,207;688,210;688,211;688,212;688,213;688,214;687,215;686,215;686,216;685,216;685,217;684,217;683,218;683,219;682,219;681,219;681,220;680,221;679,221;678,221;677,221;674,222;671,222;671,223;669,223;668,223;667,223;667,224;666,224;666,225;665,225;664,227;663,227;663,228;662,229;661,229;661,230;660,230;660,231;659,231;659,232;659,233;658,233;658,234;657,234;657,235;656,239;655,240;655,241;655,242;655,243;655,244;655,245;654,246;654,247;654,249;654,251;654,253;654,254;653,255;653,256;653,257;653,259;653,260;653,261;654,261;654,262;654,263;655,263;655,264;657,265;658,265;659,265;660,265;660,266;661,266;662,266;663,266;664,266;665,265;666,265;667,265;667,264;668,264;669,264;669,263;671,263;673,263;673,262;674,261;675,261;675,262;676,262;676,263;677,263;677,264;677,265;678,265;678,266;679,267;679,268;679,269;680,269;680,270;680,271;681,271;681,272;682,272;682,273;683,273;685,275;685,276;686,276;687,276;688,276;689,276;689,275;690,275;690,274;690,273;690,271;689,268;689,267;689,266;689,265;689,264;689,263;688,263;689,263;690,263;691,263;692,263;693,262;693,261;694,261;695,261;697,259;698,259;699,258;699,257;700,257;701,257;703,255;704,255;705,254;705,253;706,253;707,253;708,253;709,253;710,253;711,252;713,252;714,252;715,252;715,253;716,253;717,253;718,253;719,253;720,253;721,253;722,253;723,253;724,253;725,253;726,253;727,253;728,253;729,253;730,253;730,252;731,251;731,250;732,249;732,248;733,247;733,246;733,245;734,245;734,244;735,244;735,243;736,243;736,242;737,241;737,239;737,238;736,238;735,238;735,237;734,237;733,237;732,237;730,237;729,237;727,237;726,237;725,237;723,237;722,237;721,238;720,238;719,238;718,238;717,238;716,238;715,238;715,239;714,239;713,240;713,241;712,241;711,241;710,241;710,242;709,242;709,243;708,243;707,243;707,244;705,245;704,245;702,246;701,246;700,246;700,247;699,247;698,247;697,247;696,247;695,247;694,247;693,247;692,247;691,247;689,245;688,245;687,244;686,244;686,243;685,243;684,243;684,242;683,241;683,240;682,239;681,239;681,238;681,237;681,236;682,235;683,235;684,234;685,233;686,233;687,233;687,232;689,232;690,231;691,231;693,231;693,230;693,229;694,229;694,228;694,227;695,227;696,227;697,227;698,227;699,227;701,226;701,225;702,225;703,225;704,225;705,225;706,225;707,226;708,226;708,227;709,227;711,227;712,227;713,227;714,227;715,227;716,227;717,227;718,227;719,227;720,227;721,227;721,226;722,226;723,226;724,226;725,226;726,225;729,224;729,223;729,222;729,221;729,220;729,219;728,219;728,218;729,218;730,218;731,218;732,218;733,218;734,218;735,218;736,218;737,218;737,217;738,217;739,217;739,216;740,215;741,215;742,215;743,215;744,215;745,215;746,215;747,215;747,214;749,214;750,214;751,214;752,214;753,215;754,215;755,216;755,217;756,217;757,217;757,216;757,215;758,215;759,214;759,213;760,213;760,212;761,211;761,210;762,209;762,208;762,207;763,207;763,206;762,206;761,205;760,205;759,205;758,205;757,205;756,205;753,205;752,205;751,205;750,205;750,204;749,204;749,203;750,202;751,201;751,199;753,198;753,197;754,197;755,197;756,197;757,196;758,196;758,195;759,195;760,195;761,195;761,194;762,194;763,194;763,193;764,193;765,193;766,193;767,193;768,193;769,193;770,193;771,193;772,193;773,193;774,193;775,193;776,193;777,193;778,193;779,193;781,193;782,193;782,194;783,194;783,195;783,196;783,197;783,198;783,199;785,200;785,201;785,202;786,202;786,203;786,204;786,205;786,206;786,207;786,208;785,210;785,212;785,213;784,213;784,214;784,215;785,215;786,215;787,215;787,214;789,212;790,211;791,211;795,208;796,207;797,207;798,206;798,205;799,205;800,204;802,202;802,201;803,201;803,200;803,199;804,197;805,196;805,194;805,192;805,191;805,190;805,189;805,188;805,187;805,186;805,185;805,184;805,183;804,183;803,183;802,183;801,183;801,182;800,182;800,181;799,181;798,180;797,180;797,179;796,178;796,177;795,177;795,176;794,176;794,175;793,175;793,174;793,173;792,171;792,170;791,170;791,169;790,169;790,168;789,168;789,167;788,166;788,165;787,165;787,164;787,163;786,163;786,162;785,162;785,161;784,160;784,159;783,159;783,158;783,157;782,157;782,156;782,155;781,155;781,154;781,153;781,152;781,151;780,150;780,149;780,148;780,147;780,146;780,145;780,144;780,143;780,142;780,141;780,140;781,140;781,139;782,139;783,139;783,138;784,138;785,138;786,138;787,138;787,137;788,137;789,137;790,137;791,137;791,136;792,136;792,135;793,135;793,134;793,133;793,132;793,131;793,130;793,129;793,128;793,127;793,126;793,125;792,123;792,122;792,121;791,121;791,120;790,119;789,119;788,119;787,119;786,119;785,119;784,119;783,119;783,118;782,117;781,117;781,116;780,116;780,115;779,115;777,113;776,113;775,113;774,113;773,113;772,113;771,113;770,114;769,115;768,115;767,115;767,116;767,117;766,117;765,117;765,118;764,119;763,119;759,122;759,123;758,123;757,123;756,124;755,124;755,125;754,125;753,125;753,126;751,127;750,127;750,128;749,129;748,129;747,130;747,131;746,131;745,132;744,133;743,133;743,134;742,134;742,135;741,135;741,136;741,137;740,137;739,137;739,138;739,139;737,140;737,141;736,141;735,141;734,142;733,142;733,143;732,143;731,143;731,144;730,145;729,145;729,146;728,147;727,147;727,148;726,149;725,149;721,153;721,154;721,155;720,156;720,157;719,157;719,158;719,159;719,160;717,162;717,163;716,163;716,164;716,165;715,165;715,166;714,166;714,167;713,167;712,167;711,168;711,169;709,169;707,170;706,171;705,171;704,171;703,171;702,172;701,172;700,173;699,173;698,173;697,173;696,173;695,173;694,173;693,173;692,173;691,173;690,173;689,173;688,173;687,173;686,173;686,174;685,174;684,174;683,174;682,174;681,174;680,173;679,173;678,173;677,173;676,173;675,173;673,175;672,175;671,176;670,177;669,177;669,178;668,178;668,179;667,179;667,180;666,181;665,181;665,182;664,183;663,183;661,185;661,186;660,186;659,187;657,189;656,190;655,192;654,193;653,194;653,195;652,196;651,197;651,199;650,200;650,201;649,202;649,203;649,205;648,207;647,209;647,210;647,213;647,217;
Stroma; POLYGON; 128, 128, 128; 743,235;743,234;743,233;743,232;742,232;742,231;741,231;741,230;741,229;741,228;741,227;740,227;739,225;738,224;737,222;733,219;733,218;732,218;731,217;730,217;729,217;729,216;728,216;727,216;726,217;725,217;723,217;718,218;717,218;716,218;715,218;714,218;714,219;713,219;712,219;711,219;710,219;709,219;708,219;707,219;706,219;705,219;704,219;703,219;702,219;702,220;701,220;701,221;700,221;699,221;699,222;699,223;700,225;700,226;701,227;701,228;702,228;702,229;703,229;703,230;704,230;704,231;705,232;705,234;705,235;705,237;706,238;706,239;706,240;706,241;706,242;706,243;705,243;704,243;703,243;702,243;701,243;700,243;699,243;699,242;698,242;698,241;697,241;696,241;695,241;693,239;692,239;691,239;690,239;689,239;688,239;687,239;683,239;682,239;681,239;679,240;677,241;676,242;675,243;673,244;673,245;673,246;673,248;675,249;676,249;677,250;679,251;684,253;685,253;687,253;688,252;689,252;689,251;690,251;691,251;692,251;693,251;694,251;695,251;696,251;697,251;698,251;699,251;700,251;701,251;702,250;703,250;704,250;705,250;707,249;709,249;710,249;711,249;712,249;713,249;714,249;715,248;717,248;718,248;719,248;721,247;723,247;725,247;728,247;731,246;734,246;737,246;739,247;741,247;742,247;744,247;
Specular reflection; POLYGON; 191, 91, 22; 688,230;687,231;687,232;686,233;686,234;685,234;685,235;686,236;687,237;687,238;688,238;689,239;690,239;691,239;691,240;692,240;693,240;694,240;695,240;698,240;700,239;701,239;702,239;703,239;704,239;705,239;706,239;706,238;706,237;707,237;707,236;707,233;707,231;707,230;706,229;705,229;704,227;703,226;701,225;699,225;697,225;694,225;691,227;687,230;687,232;
Specular reflection; POLYGON; 191, 91, 22; 811,149;811,148;811,147;812,147;812,146;812,145;812,144;811,143;811,141;810,140;809,139;805,136;804,135;803,135;802,135;801,135;800,135;799,135;798,135;797,135;796,135;794,135;793,135;792,135;791,135;790,134;788,134;785,135;784,135;783,136;782,137;781,137;780,138;779,139;779,140;779,141;779,142;779,143;780,144;780,145;781,145;781,147;781,149;782,149;783,149;784,150;786,150;789,150;793,149;797,148;803,147;805,147;
Specular reflection; POLYGON; 191, 91, 22; 821,159;820,159;819,159;819,158;818,158;817,158;817,157;816,157;815,157;814,157;811,157;810,157;809,157;809,158;808,158;808,159;807,159;806,160;805,160;805,161;804,162;803,163;802,165;802,167;802,168;802,169;803,169;804,169;805,169;806,169;807,170;809,170;810,170;811,170;812,170;813,170;816,170;817,170;819,169;820,169;824,168;831,167;832,166;833,165;834,165;835,164;836,163;837,163;838,163;838,162;839,162;839,161;839,160;840,159;840,158;840,157;839,155;833,151;831,151;829,150;827,149;826,149;823,149;822,149;821,149;819,151;818,153;817,153;817,155;816,156;
Specular reflection; POLYGON; 191, 91, 22; 743,40;738,43;737,44;736,45;735,45;734,45;733,46;732,47;731,47;730,47;730,48;730,49;733,50;736,51;737,51;739,51;742,51;743,51;745,51;746,50;747,49;749,49;751,48;755,47;756,46;757,45;759,45;760,44;762,43;763,43;764,42;767,40;769,39;770,38;771,38;772,37;773,35;773,33;772,33;772,32;772,31;771,31;771,30;770,29;769,29;767,28;766,28;765,28;764,28;763,28;761,29;761,30;
Specular reflection; POLYGON; 191, 91, 22; 716,64;715,64;715,63;714,63;711,62;701,61;700,62;699,62;697,63;695,63;693,64;691,65;690,65;689,66;687,67;685,68;685,69;684,69;683,70;681,73;680,74;681,74;681,75;681,76;681,77;682,77;683,78;683,79;684,79;687,79;692,79;694,79;695,79;698,79;699,79;700,79;703,79;704,78;705,77;708,77;709,77;710,76;712,75;713,75;714,75;716,75;718,75;719,75;721,75;723,74;724,74;726,73;727,73;728,73;731,72;732,72;733,72;733,71;734,71;735,71;736,70;736,69;737,69;737,68;736,67;735,67;735,66;735,65;733,64;719,59;717,59;716,59;715,60;713,61;712,63;
Specular reflection; POLYGON; 191, 91, 22; 675,78;674,79;673,79;671,81;669,83;667,85;666,86;663,89;659,95;659,96;660,96;661,96;662,96;664,96;665,96;667,97;669,97;670,97;671,97;673,97;675,97;681,94;684,92;687,89;689,88;692,85;693,84;
Specular reflection; POLYGON; 191, 91, 22; 775,93;774,93;773,93;773,94;771,95;770,95;769,95;769,96;768,97;767,97;766,97;765,98;765,99;764,99;763,99;763,100;762,101;761,101;759,103;758,103;757,104;757,105;757,106;758,106;758,107;759,107;760,107;761,108;762,108;763,109;764,109;765,109;767,109;768,108;769,108;770,108;771,108;772,108;773,108;774,108;775,108;777,108;781,107;782,107;783,107;786,106;791,104;791,103;791,102;791,101;791,100;791,98;791,97;790,96;790,95;789,94;788,93;787,93;786,93;785,93;
Stroma; POLYGON; 128, 128, 128; 661,175;662,175;663,175;664,175;664,174;665,174;665,173;665,172;666,171;666,170;666,169;667,169;667,168;667,167;667,166;667,165;667,164;667,163;667,162;667,161;666,161;666,160;665,160;665,159;664,157;663,157;663,156;662,156;661,156;660,156;659,157;658,157;657,157;655,158;653,158;652,159;650,159;649,159;647,160;647,161;645,161;645,162;645,161;644,161;643,159;642,159;641,158;641,157;640,156;640,155;640,154;640,152;640,151;640,150;640,147;641,144;641,143;642,143;642,142;643,141;643,140;643,139;642,138;642,137;641,137;641,135;639,133;639,132;639,131;637,130;637,129;637,128;636,127;635,126;635,125;635,124;635,123;635,122;635,121;636,121;637,119;639,119;639,118;642,117;643,116;644,115;645,115;646,114;647,114;648,113;649,113;651,112;652,112;653,111;654,111;655,111;656,110;657,110;657,109;658,109;659,109;660,109;661,109;661,110;662,110;662,111;663,111;663,112;663,113;663,114;663,115;663,116;663,117;662,118;662,119;661,120;660,121;659,122;659,123;659,124;659,125;659,126;660,126;660,127;661,127;662,127;664,128;665,128;666,128;666,129;667,129;668,129;669,129;670,129;671,129;671,130;672,130;672,131;673,131;673,130;674,130;675,130;676,130;677,129;678,129;679,129;681,129;682,129;683,129;685,129;688,128;689,127;690,127;691,126;691,125;692,125;693,124;693,123;694,123;695,123;696,123;697,123;698,123;699,123;700,123;700,122;701,122;701,121;702,121;703,121;703,120;704,120;705,119;707,119;708,119;709,119;709,118;710,118;711,117;712,117;713,116;714,116;715,115;717,115;718,115;719,115;720,115;721,115;722,115;723,114;724,114;725,114;725,113;728,113;730,112;731,112;733,111;736,110;737,110;738,110;739,110;740,110;741,110;742,110;743,110;744,110;745,110;746,110;747,110;748,110;749,109;750,109;751,109;753,109;754,109;756,109;759,111;760,112;761,114;761,115;761,118;761,119;762,120;762,122;762,124;762,125;762,126;761,128;761,130;760,133;759,135;759,137;758,140;757,143;757,144;752,152;751,153;751,155;750,156;749,157;749,158;748,159;747,159;747,161;746,162;745,163;744,163;743,164;743,165;742,165;741,165;739,165;739,166;737,166;736,167;735,167;734,168;733,168;731,169;726,173;725,173;723,175;720,176;719,177;717,177;715,178;711,180;709,180;709,181;708,181;707,181;707,180;706,179;705,179;704,179;703,180;700,182;699,183;698,183;697,183;696,183;695,183;693,183;692,183;691,183;689,185;687,185;687,186;685,186;683,187;679,188;678,188;677,188;676,188;675,188;674,189;673,189;672,189;671,189;670,189;669,189;666,190;665,191;664,191;663,191;662,191;661,191;659,191;658,191;657,191;656,191;655,191;654,191;653,191;652,190;648,187;647,186;647,185;646,183;646,182;645,181;645,180;645,179;645,178;645,177;645,176;645,175;649,175;650,174;651,174;652,174;653,173;654,173;655,173;657,173;658,173;659,173;660,173;661,173;663,173;
Stroma; POLYGON; 128, 128, 128; 644,130;643,129;642,129;641,129;641,128;640,128;639,128;637,129;636,130;634,131;633,133;632,133;631,134;631,135;630,136;629,137;629,139;629,140;629,141;629,142;629,143;630,143;630,144;631,144;631,145;632,145;633,146;633,147;635,147;636,147;637,147;640,145;641,145;643,143;643,142;644,141;647,137;648,135;647,135;646,135;645,135;645,134;644,134;
Stroma; POLYGON; 128, 128, 128; 654,117;655,116;655,115;656,115;657,114;658,111;658,109;658,108;658,107;658,106;658,105;657,103;657,102;656,101;655,100;655,99;654,98;653,97;652,97;652,95;651,95;651,94;652,93;653,92;653,91;654,91;655,90;656,89;657,89;658,88;659,87;660,87;661,86;662,86;662,85;663,85;664,84;665,83;666,83;667,83;667,82;669,81;669,80;669,79;670,79;670,78;670,77;671,77;671,76;671,75;670,74;669,73;665,69;664,69;663,69;662,69;661,69;660,69;659,69;657,69;655,69;655,68;654,68;653,68;652,68;651,68;650,68;649,68;648,69;644,69;639,72;637,74;635,76;633,77;633,78;631,80;631,81;630,83;629,85;629,87;629,89;629,91;629,93;629,94;629,96;629,97;629,98;630,99;631,100;632,101;633,103;635,104;637,105;637,106;638,106;640,107;641,107;643,106;644,106;645,105;649,105;651,105;
Stroma; POLYGON; 128, 128, 128; 635,84;635,83;635,82;636,81;637,80;637,79;636,79;636,78;635,77;635,76;634,76;633,75;632,75;631,73;630,73;629,72;627,71;627,70;626,69;625,69;625,68;624,68;624,67;624,66;625,65;626,64;626,63;627,61;629,59;629,58;629,57;629,56;629,55;628,55;628,54;627,53;627,52;626,51;625,51;625,50;624,50;623,49;622,49;621,49;620,49;619,49;618,49;617,49;616,49;615,49;615,50;614,50;614,51;613,51;612,52;611,52;610,53;608,55;607,55;606,56;605,57;604,57;603,59;601,60;597,63;596,64;595,65;594,66;594,67;594,68;595,71;596,73;597,74;597,75;598,76;599,77;600,79;601,81;602,81;603,82;603,83;604,84;605,85;607,87;608,88;611,89;613,89;614,89;615,89;623,88;627,87;
Stroma; POLYGON; 128, 128, 128; 581,73;580,73;580,72;579,71;578,70;577,70;577,69;576,69;576,68;575,68;575,67;574,67;573,67;573,66;573,65;573,64;573,63;574,63;574,62;575,62;575,61;576,60;576,59;577,59;577,57;578,56;578,55;579,55;579,54;579,53;579,52;579,51;579,50;579,49;579,48;579,47;579,46;579,45;579,44;579,43;578,43;577,41;576,39;575,39;575,38;575,37;574,37;573,36;573,35;573,34;573,33;572,33;571,32;570,32;569,32;568,32;567,32;566,32;565,33;564,33;563,33;562,34;561,34;559,36;559,37;558,37;557,37;557,38;557,39;557,40;557,41;557,42;557,44;557,45;557,46;557,47;557,48;557,49;557,50;557,51;557,52;557,53;557,54;557,55;556,56;556,57;555,58;555,59;555,60;555,62;555,63;554,65;554,66;554,67;555,68;555,69;555,70;555,71;556,72;556,73;557,73;557,74;558,75;559,76;559,77;559,79;559,80;559,81;559,82;560,83;560,84;561,85;561,86;561,87;561,88;562,89;563,89;565,90;566,90;567,90;568,90;570,90;571,90;572,90;576,89;579,87;581,87;583,86;
Stroma; POLYGON; 128, 128, 128; 554,99;553,99;553,100;551,100;549,101;548,101;547,101;545,101;544,101;543,102;542,102;540,103;532,107;531,107;530,107;529,108;529,109;528,109;527,109;526,110;525,110;525,111;524,111;523,111;523,112;522,113;521,114;521,115;521,117;520,118;520,119;520,121;520,122;520,123;520,124;521,126;523,127;525,128;526,128;527,128;531,128;537,127;539,126;541,125;
Stroma; POLYGON; 128, 128, 128; 567,85;566,84;565,83;565,81;564,80;563,77;562,77;562,76;561,76;560,75;558,75;556,74;555,73;553,73;552,73;551,73;549,73;548,73;547,73;546,74;544,75;543,76;541,77;540,77;540,78;541,78;541,79;540,79;539,80;539,81;538,81;537,82;537,83;535,83;535,84;534,84;533,85;532,85;532,86;531,86;530,86;529,86;529,85;526,85;525,85;524,85;523,85;522,85;521,85;520,86;519,87;518,88;515,91;514,91;513,91;512,91;511,91;510,91;509,92;508,92;507,93;506,93;505,94;505,95;504,95;503,95;502,96;501,97;500,97;499,98;497,99;496,100;495,101;494,102;493,102;492,102;491,103;490,103;490,104;490,105;489,105;489,106;489,107;489,108;489,109;489,110;488,111;488,112;488,113;488,114;488,116;489,118;489,119;489,120;490,120;491,121;492,121;493,122;495,123;501,125;503,125;503,126;505,127;505,128;506,129;506,130;506,131;507,133;507,134;507,135;507,136;507,137;507,139;506,141;505,142;505,143;504,143;502,146;500,148;499,149;499,150;499,151;498,152;498,153;497,153;497,154;497,155;496,155;495,156;495,157;494,157;494,158;493,158;492,158;491,158;491,159;490,159;489,159;489,160;487,161;486,161;485,161;484,161;483,161;483,160;483,159;482,159;481,158;481,157;480,157;479,155;479,154;478,154;477,153;476,153;476,152;475,152;473,151;473,150;472,150;472,149;471,149;471,148;471,147;471,146;471,145;471,144;471,143;471,142;471,141;471,140;471,139;471,137;471,135;470,135;469,134;468,134;468,133;467,133;466,133;465,132;464,131;463,131;462,131;459,131;456,131;455,131;454,131;453,131;452,131;451,131;450,131;449,131;448,131;447,131;446,131;444,131;443,131;441,131;440,131;439,131;438,131;437,131;436,131;435,131;434,131;433,131;432,130;431,130;430,130;430,129;430,128;430,127;430,125;431,125;431,123;432,122;433,121;433,119;434,119;435,118;436,116;437,115;437,114;438,113;439,112;439,111;440,111;441,110;443,109;444,109;445,109;445,108;447,107;451,104;451,103;452,103;453,103;454,102;455,102;455,101;457,101;458,101;459,101;460,101;461,100;462,100;463,100;464,100;465,99;466,99;468,97;469,96;469,95;470,95;471,95;471,94;471,93;471,92;472,91;472,90;473,89;473,88;474,88;475,87;476,87;476,86;477,86;478,85;479,85;480,84;480,83;481,83;481,82;481,81;482,80;483,79;484,79;485,79;485,78;486,78;487,77;488,77;489,77;492,75;493,75;494,74;495,74;495,73;496,73;497,73;498,73;499,73;500,73;501,73;501,72;502,71;503,71;503,70;505,68;505,67;506,67;507,67;507,66;508,66;509,65;510,65;511,65;512,65;514,65;515,65;517,65;518,65;519,65;520,64;521,64;521,63;522,63;523,63;523,62;524,62;524,61;525,61;525,60;527,59;527,58;529,57;529,56;529,55;530,55;531,54;532,53;533,53;534,53;535,53;536,53;537,53;539,53;540,52;541,52;542,52;543,52;545,52;550,53;551,53;552,53;553,53;554,54;555,54;555,55;556,55;557,56;558,57;559,57;559,58;561,60;563,63;564,63;565,64;565,65;565,66;566,67;567,67;567,68;567,69;568,69;569,70;570,72;570,73;571,75;573,79;575,83;575,85;576,85;576,86;577,86;577,87;
Stroma; POLYGON; 128, 128, 128; 483,86;481,86;480,86;479,86;478,86;477,86;476,86;475,85;474,85;473,85;473,84;473,83;472,83;471,81;470,81;470,80;469,80;469,79;469,78;470,77;471,77;471,76;471,75;472,75;473,74;473,73;475,70;476,70;477,69;478,67;479,66;479,65;480,65;481,65;481,64;481,63;482,63;483,63;483,62;483,61;484,61;484,60;484,59;485,59;485,58;485,57;486,56;486,55;487,55;488,53;489,53;490,52;491,52;492,51;493,51;494,51;495,51;496,51;497,52;498,52;499,52;500,52;501,52;502,52;503,52;504,52;505,52;505,51;507,51;508,51;511,49;512,49;513,49;514,49;515,48;516,48;517,48;518,48;518,47;519,47;520,47;521,47;521,46;523,45;524,45;525,45;526,45;527,44;527,43;528,43;529,43;530,43;532,43;533,42;534,42;534,41;535,41;536,41;537,41;538,40;539,40;540,40;541,40;541,39;542,39;543,39;543,38;543,37;544,37;544,36;544,35;544,34;544,33;544,32;544,31;543,31;543,30;541,29;540,29;539,29;539,28;538,28;538,27;537,27;537,26;536,26;535,25;534,25;533,24;532,23;531,23;530,23;529,23;528,23;525,24;525,25;524,25;523,25;522,25;521,25;521,26;520,26;519,26;518,26;517,26;516,26;514,26;513,26;512,26;511,26;510,26;509,26;509,27;508,27;507,28;507,29;506,29;505,29;505,30;504,31;501,34;500,35;499,35;498,35;497,35;496,35;495,35;494,35;493,35;492,35;491,35;490,36;489,36;489,37;488,37;487,37;487,38;486,38;485,38;484,38;484,39;483,39;482,39;481,39;481,40;481,41;481,42;480,43;480,44;480,45;480,46;480,47;480,48;481,48;481,49;481,50;481,51;481,52;481,53;481,54;480,54;480,55;479,55;479,56;478,56;478,57;477,57;477,58;476,59;475,59;474,59;472,61;471,62;470,63;469,63;469,64;468,65;467,65;467,66;466,66;465,67;465,68;464,68;463,69;463,70;463,71;461,72;457,77;456,78;456,79;456,80;456,81;456,82;456,83;457,83;457,84;457,85;458,87;459,88;459,89;459,90;460,91;460,92;461,93;471,97;472,97;474,96;475,95;476,95;478,94;480,94;
Stroma; POLYGON; 128, 128, 128; 467,89;466,89;465,89;464,90;463,91;461,91;461,92;460,92;459,93;457,94;455,95;454,96;453,97;453,98;452,99;452,100;451,101;451,102;451,103;451,104;452,105;453,107;453,109;454,109;455,109;455,110;456,110;459,110;461,108;463,107;464,106;465,105;466,105;467,104;469,103;471,102;472,101;473,101;474,100;474,99;475,99;475,98;475,97;475,96;
Specular reflection; POLYGON; 191, 91, 22; 817,316;817,317;815,319;815,320;814,321;813,323;813,324;813,325;813,326;813,327;814,328;815,329;815,330;816,331;817,331;818,331;820,331;821,332;822,332;823,333;824,333;827,333;831,332;831,331;832,331;833,330;833,329;834,329;835,328;835,327;836,327;837,326;837,325;837,324;837,323;837,322;837,321;837,320;837,317;832,316;830,316;828,316;827,316;826,316;825,316;823,316;822,315;821,315;821,316;821,317;822,320;822,321;
Specular reflection; POLYGON; 191, 91, 22; 865,337;865,335;866,334;866,333;867,333;867,332;866,332;865,330;864,329;861,328;860,327;856,326;855,326;849,326;848,326;847,326;845,327;843,329;841,334;843,344;845,345;845,346;847,347;848,347;849,347;852,347;854,346;856,345;858,345;860,343;862,343;864,341;866,341;
Specular reflection; POLYGON; 191, 91, 22; 891,320;889,321;887,321;887,322;886,322;885,323;884,323;883,324;883,325;882,325;881,325;881,326;879,327;873,332;872,333;871,333;871,334;870,335;870,336;870,337;870,338;871,338;872,338;873,338;874,338;875,338;876,338;877,338;879,338;883,338;884,337;885,337;887,337;888,337;889,337;891,335;897,334;898,333;900,333;901,332;903,331;905,331;906,330;907,330;908,329;909,329;910,329;911,327;912,326;913,325;913,324;913,323;912,322;911,321;910,320;908,319;907,319;906,319;904,319;902,319;901,319;900,319;899,319;898,320;897,319;899,317;899,316;900,315;901,315;
Specular reflection; POLYGON; 191, 91, 22; 847,274;846,275;845,275;845,276;844,277;843,279;842,280;841,280;841,281;840,282;840,283;839,283;839,284;838,285;838,287;837,288;837,289;837,290;838,290;839,290;840,291;841,291;842,291;847,291;853,289;855,288;857,287;859,287;860,286;861,286;862,285;863,285;864,285;865,285;866,285;866,284;867,284;868,283;869,283;869,282;869,281;871,280;871,279;872,279;872,278;873,277;873,276;873,275;873,274;873,273;872,273;871,273;870,273;867,272;865,272;863,272;862,272;860,272;859,272;857,272;855,272;853,272;852,272;851,272;850,272;849,272;849,273;849,274;849,275;848,276;848,277;847,278;847,279;846,279;846,280;847,281;848,281;
Specular reflection; POLYGON; 191, 91, 22; 899,248;899,249;898,249;897,250;896,251;895,251;892,255;891,257;890,257;889,258;889,259;889,260;888,260;887,261;886,262;885,263;884,263;883,264;883,265;882,266;881,267;879,269;879,270;879,271;879,272;879,273;879,274;880,274;881,274;881,275;883,275;884,275;885,275;885,276;887,276;888,276;889,276;890,276;891,276;892,276;893,276;895,276;901,275;902,274;903,274;903,273;904,273;905,273;906,272;907,271;908,270;909,269;911,267;911,266;912,265;913,264;913,262;915,261;915,260;915,259;916,258;917,257;918,255;919,255;919,252;919,251;919,249;919,248;918,247;917,245;916,244;915,243;914,242;913,241;912,241;911,240;910,240;909,239;907,239;906,239;904,239;902,240;901,240;900,241;898,242;897,243;897,244;898,245;
Specular reflection; POLYGON; 191, 91, 22; 899,226;898,226;897,226;895,227;894,227;893,229;892,229;891,230;890,231;889,232;888,233;887,233;887,234;887,235;887,237;887,239;889,240;889,241;891,242;892,242;894,243;895,243;896,243;897,243;902,240;904,238;905,237;906,236;907,235;907,234;907,233;
Specular reflection; POLYGON; 191, 91, 22; 845,175;844,176;844,179;844,180;844,181;844,182;845,185;845,187;846,187;846,188;847,188;847,189;848,190;848,191;849,191;850,191;851,191;852,192;853,192;854,192;855,192;856,191;857,191;859,189;860,188;861,187;861,186;863,183;865,180;865,178;865,176;865,175;865,173;866,172;865,171;865,170;865,169;864,169;863,168;862,167;861,167;861,166;859,165;858,164;857,163;856,162;855,162;855,161;850,162;842,167;841,168;839,169;839,170;839,171;840,173;841,175;843,176;
Specular reflection; POLYGON; 191, 91, 22; 846,296;845,296;844,296;843,297;842,297;840,299;839,300;839,301;838,302;838,303;838,304;838,305;838,306;838,307;838,308;839,309;839,310;839,311;840,312;843,315;845,315;846,315;847,315;848,315;849,315;851,315;852,315;853,315;854,315;855,315;856,314;857,312;858,311;859,310;860,307;860,304;859,303;858,303;857,302;857,301;856,301;853,298;852,296;851,295;850,295;848,293;841,293;841,294;842,294;843,295;845,295;
Specular reflection; POLYGON; 191, 91, 22; 890,321;889,321;888,321;887,321;886,321;885,321;883,321;878,323;877,323;876,323;875,324;874,325;871,327;870,329;869,331;868,333;867,335;867,336;867,337;868,337;869,338;870,338;871,339;872,339;882,341;893,339;895,339;897,337;898,337;899,337;900,335;901,335;901,334;
Stroma; POLYGON; 128, 128, 128; 831,338;831,337;832,337;832,336;833,336;833,335;834,335;835,335;835,334;836,334;837,334;838,334;839,334;840,334;841,334;842,333;843,333;843,332;844,331;845,330;845,329;845,328;845,327;846,327;846,326;846,325;846,324;846,323;846,322;845,322;845,321;844,321;843,321;842,321;841,321;841,322;839,322;839,323;838,323;835,324;834,325;833,326;833,327;832,327;831,327;831,328;830,328;830,329;829,329;828,330;825,331;823,333;819,336;818,337;817,338;816,338;815,339;815,340;816,341;817,341;818,341;819,341;821,341;822,341;824,341;832,341;
Stroma; POLYGON; 128, 128, 128; 820,311;821,311;821,312;822,312;822,313;823,313;823,314;824,315;825,315;827,315;828,315;829,315;830,315;831,315;832,315;833,315;833,314;834,314;835,313;836,313;837,311;839,309;840,309;841,308;841,307;842,306;842,305;842,304;843,303;843,302;843,301;843,300;843,299;843,298;843,297;843,296;843,295;842,294;841,293;841,292;840,292;839,291;838,291;837,291;836,290;835,290;833,290;831,290;830,290;828,290;827,290;826,290;825,290;825,291;824,292;821,297;820,299;819,301;818,302;817,303;816,303;815,304;815,305;815,306;816,306;819,307;
Stroma; POLYGON; 128, 128, 128; 865,301;866,301;867,301;868,301;869,300;870,300;871,300;871,299;872,299;875,299;875,298;876,298;877,297;878,297;879,297;880,297;881,297;882,297;883,297;884,297;884,296;885,296;886,295;887,295;888,295;889,295;890,295;891,295;892,295;892,294;893,294;894,293;895,293;896,292;897,291;898,291;899,291;899,290;900,289;901,289;907,289;908,289;909,289;909,288;910,288;911,288;912,288;913,287;914,287;915,287;916,287;917,287;918,287;919,286;921,285;922,285;923,284;924,283;926,278;926,277;926,276;926,275;926,274;926,273;926,272;926,271;925,271;925,270;925,269;924,269;924,268;923,268;923,267;923,266;922,266;922,265;921,264;921,263;920,263;919,263;919,262;918,262;917,262;916,262;915,262;913,263;912,264;911,264;911,265;909,266;906,269;905,271;904,272;904,273;903,273;903,274;903,275;902,275;901,275;901,276;900,276;899,276;898,276;897,277;896,277;895,277;893,277;889,278;888,278;887,278;886,278;885,278;885,279;884,279;883,279;882,279;881,279;881,280;880,280;879,280;878,280;877,280;876,281;875,281;874,282;873,282;873,283;872,283;871,284;871,285;870,285;869,285;868,285;867,285;867,286;865,287;864,287;864,288;863,288;862,288;861,288;860,288;859,288;858,288;857,288;855,287;854,287;853,287;853,288;852,288;852,289;851,289;851,290;851,291;851,292;851,293;851,294;851,295;852,295;853,295;853,296;853,297;853,298;854,299;855,300;855,301;857,303;866,306;870,307;873,307;
Stroma; POLYGON; 128, 128, 128; 885,326;884,326;884,327;883,327;882,327;881,327;881,326;879,326;878,326;877,326;875,325;874,325;873,325;871,325;869,326;868,327;867,327;866,327;865,327;865,326;864,325;864,323;864,322;865,321;865,319;865,317;865,316;865,315;865,314;865,313;865,312;865,311;866,310;866,309;867,308;867,307;867,306;868,306;869,305;869,304;870,303;871,303;872,302;873,301;874,300;875,300;877,299;885,295;888,293;892,291;893,290;895,289;897,288;898,288;899,287;901,287;903,285;905,284;905,283;908,283;911,283;913,283;914,283;915,283;916,282;917,282;917,281;918,281;920,281;923,281;924,281;925,281;926,281;926,282;927,282;927,283;928,283;929,283;929,284;929,285;930,285;932,285;933,285;934,285;935,286;937,286;939,286;941,286;942,286;943,286;944,286;945,286;946,286;947,286;947,287;948,287;949,287;949,288;949,289;949,291;949,292;949,293;949,294;949,295;949,296;949,297;948,297;945,299;944,299;943,299;942,299;941,299;940,299;939,299;938,299;937,299;936,299;935,299;933,299;932,299;931,299;930,300;929,300;929,301;926,302;925,302;925,303;923,303;922,304;921,304;920,305;919,305;918,306;917,306;915,307;914,308;913,309;912,311;912,312;911,313;911,314;911,315;910,315;909,315;909,316;908,316;907,316;907,317;906,317;903,317;899,318;898,318;897,319;895,319;895,320;894,320;893,321;892,321;892,322;891,322;891,323;890,323;889,323;887,323;885,323;883,323;882,323;883,325;
Stroma; POLYGON; 128, 128, 128; 899,353;899,352;899,351;899,350;899,349;899,348;899,347;899,346;897,344;897,343;897,342;896,342;896,341;895,341;894,340;893,340;892,339;891,339;889,339;887,339;886,339;885,339;884,339;883,339;882,339;881,339;880,339;879,339;878,339;877,339;877,338;876,338;875,337;874,337;873,337;871,337;870,337;868,337;863,341;862,343;861,343;861,344;861,345;861,346;861,347;861,348;861,349;860,349;860,350;860,352;860,353;860,354;860,356;861,358;861,359;862,360;863,361;863,362;864,363;865,363;866,363;869,363;870,363;875,362;877,362;878,362;879,361;881,361;882,361;885,361;887,361;889,361;890,361;891,361;892,360;893,359;894,359;895,359;895,358;896,358;897,358;898,358;899,358;900,358;901,358;901,357;901,355;902,352;902,351;902,350;902,349;902,348;901,347;901,346;901,343;901,342;901,341;901,340;901,339;901,338;901,337;901,336;
Stroma; POLYGON; 128, 128, 128; 884,294;883,294;882,293;881,293;879,293;878,293;877,293;876,293;875,293;875,294;874,294;871,298;870,299;869,300;869,301;869,302;869,303;869,304;869,305;869,306;869,307;870,307;871,307;872,307;877,307;889,303;890,301;891,299;891,298;890,297;889,296;889,295;888,295;889,295;891,294;
Stroma; POLYGON; 128, 128, 128; 940,341;942,340;943,340;943,339;944,339;945,339;946,338;947,337;949,335;949,334;950,334;951,333;955,333;957,333;959,333;961,333;962,332;963,331;964,331;965,330;966,329;966,328;967,327;967,325;968,324;969,323;970,322;971,321;971,319;972,318;972,317;973,312;973,310;973,309;973,308;973,307;973,306;973,305;974,304;975,303;975,302;975,301;976,301;977,299;977,298;975,296;973,291;973,290;973,289;972,289;971,289;971,288;970,287;969,287;969,286;968,285;967,285;967,284;966,283;964,281;963,280;963,279;961,277;958,277;957,277;955,277;954,277;953,277;952,277;951,277;951,278;950,278;949,279;949,280;948,280;948,281;947,281;947,282;945,282;945,283;944,283;944,284;943,285;942,286;942,287;941,287;940,288;940,289;939,289;939,290;938,290;938,291;937,291;937,292;936,292;935,293;935,294;934,294;934,295;933,295;933,296;933,297;933,298;933,299;933,300;933,301;933,302;933,303;934,303;936,305;937,305;939,307;941,312;941,313;941,314;941,315;941,316;941,317;941,318;941,319;941,320;941,321;941,322;941,323;941,324;941,325;941,326;940,326;941,328;942,328;943,329;944,329;945,329;947,329;949,330;
Stroma; POLYGON; 128, 128, 128; 821,267;821,266;822,266;822,265;823,265;824,265;825,265;826,264;827,264;828,264;829,264;830,264;831,264;832,264;833,264;834,264;835,264;837,264;838,263;839,263;840,263;841,263;842,263;843,263;844,263;845,264;846,264;846,265;847,265;848,265;848,264;849,264;849,263;849,262;850,261;851,260;851,259;851,258;851,257;852,257;852,256;852,255;853,255;854,255;855,255;856,255;857,255;858,255;860,254;862,254;863,253;864,253;865,253;866,253;867,253;867,254;868,254;869,254;870,254;870,255;871,255;872,255;873,255;873,256;874,256;874,257;875,257;875,258;876,258;877,259;878,259;879,260;879,261;880,261;881,261;881,262;882,262;883,262;884,262;885,262;886,262;887,261;888,261;890,260;890,259;891,259;891,255;891,253;891,251;891,250;891,249;891,248;891,247;891,246;891,245;891,244;891,243;891,242;891,241;890,241;890,240;889,239;888,239;888,238;888,237;888,236;888,235;888,234;888,233;889,233;889,232;889,231;890,230;891,229;892,227;893,226;893,225;894,225;895,223;897,222;897,221;898,221;899,221;899,220;900,219;901,219;901,217;901,216;902,214;902,213;902,211;902,210;901,208;901,207;901,206;901,205;901,204;900,203;899,203;898,202;897,201;896,201;895,201;894,201;893,200;892,200;891,200;891,199;890,199;889,199;888,199;887,199;885,199;883,197;882,197;881,197;880,197;879,197;878,197;877,197;876,197;875,197;873,197;872,197;871,197;870,197;869,197;869,196;869,195;868,195;867,195;867,194;865,193;862,193;861,192;860,192;859,192;858,192;857,193;856,193;855,193;853,194;852,195;851,196;850,197;849,199;847,200;847,202;846,203;843,209;841,215;841,216;841,217;841,218;841,219;841,220;841,221;841,222;841,223;840,225;840,226;839,227;839,228;839,229;838,229;837,231;837,233;836,233;836,235;838,239;
Stroma; POLYGON; 128, 128, 128; 827,297;827,296;827,295;827,294;827,293;827,292;827,291;827,290;827,289;826,287;825,286;825,285;825,284;824,283;823,282;823,281;823,280;822,280;821,279;820,279;818,279;817,279;817,278;816,278;813,279;810,285;809,287;808,290;808,291;807,293;807,295;807,297;808,298;809,301;810,303;811,303;811,304;813,305;814,306;815,306;816,306;818,305;819,305;820,305;821,305;823,304;
Stroma; POLYGON; 128, 128, 128; 787,275;787,274;787,272;786,272;786,271;785,269;782,265;781,262;779,260;779,259;777,257;777,256;777,255;777,253;777,252;777,251;778,249;779,247;780,247;783,245;791,243;794,245;795,246;798,248;800,250;802,252;804,255;805,257;806,259;806,263;805,265;803,269;801,271;801,273;
Stroma; POLYGON; 128, 128, 128; 555,289;552,291;551,291;550,292;549,293;549,294;548,295;547,297;547,298;547,299;547,300;547,301;550,303;551,303;552,303;553,303;554,303;555,303;556,303;557,303;558,303;559,302;560,302;561,301;563,301;564,301;565,300;
Stroma; POLYGON; 128, 128, 128; 463,93;462,93;462,92;461,92;461,91;460,91;459,91;459,90;457,89;456,88;455,88;454,87;453,87;452,87;451,87;450,87;448,87;446,87;445,87;444,87;443,87;442,86;441,86;440,86;439,85;438,85;437,85;437,84;436,84;436,83;435,83;433,83;431,82;431,81;430,81;429,80;429,79;429,78;429,77;429,76;429,75;433,69;434,68;435,68;436,67;437,67;438,66;439,66;440,65;441,65;443,64;444,64;445,64;446,64;447,63;448,63;449,63;451,63;452,63;453,64;453,65;454,65;455,65;455,66;457,66;457,67;458,67;459,68;461,69;462,69;463,70;465,71;467,72;467,73;468,74;469,75;469,76;469,78;470,82;470,87;470,89;469,91;469,93;469,94;469,95;470,96;
Stroma; POLYGON; 128, 128, 128; 971,436;973,436;973,435;975,434;976,433;977,432;978,432;978,431;979,430;980,429;980,428;981,428;982,427;985,425;986,424;987,424;988,424;989,424;989,423;991,423;992,422;993,422;993,421;993,420;993,419;993,418;993,417;993,416;993,415;993,414;993,413;993,412;994,412;994,411;994,410;995,409;995,408;995,407;995,406;996,406;997,404;996,394;996,393;996,392;996,391;996,390;995,390;995,389;995,388;995,387;995,386;995,385;995,384;995,382;995,381;995,380;996,380;997,377;998,372;998,371;998,370;998,369;998,368;998,367;998,366;997,365;997,364;997,362;997,361;997,360;997,359;997,358;996,358;996,357;995,355;991,349;990,348;989,346;988,346;988,345;987,344;987,343;987,342;986,342;986,341;985,340;985,338;985,337;985,336;985,335;985,334;985,333;985,332;984,332;983,331;983,330;980,329;980,328;979,328;978,327;977,326;976,326;975,326;974,326;973,326;972,326;971,327;971,328;970,328;970,329;969,329;969,330;968,330;968,331;967,332;967,333;967,334;967,337;967,338;967,339;968,339;968,340;969,340;969,341;970,341;970,342;971,343;971,344;971,345;971,346;972,346;972,347;972,348;973,348;973,349;973,350;973,351;974,352;975,355;975,356;975,357;975,359;975,360;975,362;975,364;975,366;974,367;974,368;974,369;973,369;973,370;972,370;971,370;971,371;971,372;970,372;970,373;970,374;970,376;970,377;970,378;970,379;970,380;970,381;970,382;970,383;970,384;969,384;969,385;968,385;967,386;966,386;965,387;963,388;961,389;959,390;957,391;957,392;956,392;955,394;954,396;953,398;953,400;953,402;954,404;955,404;955,405;959,408;961,410;963,410;964,411;967,412;
Stroma; POLYGON; 128, 128, 128; 80,492;79,491;79,489;78,486;77,485;77,483;77,482;76,481;76,479;76,478;76,477;76,476;76,475;76,474;77,472;77,471;78,469;78,467;79,465;80,464;86,450;86,449;86,448;86,447;86,446;86,445;85,445;85,443;84,441;84,440;84,439;84,437;84,435;84,432;84,431;84,430;85,428;87,426;88,426;88,425;89,425;90,425;90,424;90,423;91,422;91,421;92,421;92,420;92,418;94,416;94,415;94,413;95,412;96,411;97,410;98,409;98,408;99,408;100,407;100,406;101,405;102,405;102,403;102,402;102,401;102,399;102,398;102,397;102,395;102,393;104,377;104,375;104,373;104,372;104,371;104,370;104,367;104,365;104,362;105,361;105,359;106,356;108,353;108,352;108,351;110,348;110,347;111,345;112,343;114,341;114,340;116,337;122,328;123,327;124,327;124,326;125,325;126,323;126,322;127,321;128,321;128,320;129,319;130,319;131,318;131,317;132,317;132,315;133,315;134,314;134,313;136,313;136,312;136,311;137,311;138,311;138,310;139,310;139,309;140,309;142,309;144,309;145,309;146,309;147,309;148,309;149,309;150,309;151,309;151,310;152,310;152,311;153,313;153,314;154,316;154,317;154,319;154,320;154,323;154,325;154,327;154,328;154,329;154,332;153,333;153,334;152,336;152,337;152,338;151,339;150,340;150,341;149,341;149,342;148,343;148,344;146,347;145,349;144,351;144,352;144,353;143,354;142,357;140,360;140,361;140,363;139,364;138,365;138,367;138,368;138,369;138,370;137,371;136,373;136,374;136,375;136,376;136,377;136,379;136,380;136,381;137,381;137,382;138,382;138,383;138,384;138,385;138,386;138,387;138,388;139,390;139,391;139,392;139,393;139,395;139,396;139,397;139,398;139,399;139,400;139,401;139,402;139,403;139,404;139,405;139,406;139,407;138,407;138,406;137,406;136,405;134,403;133,403;132,402;130,400;126,397;125,396;124,395;123,395;122,395;122,394;121,394;120,394;120,393;117,393;116,394;115,395;114,395;113,395;113,396;112,396;112,397;112,398;112,399;112,400;112,401;112,402;112,403;112,404;112,405;112,406;112,407;112,408;112,409;112,410;113,413;114,417;114,418;114,419;113,420;113,421;112,421;112,422;111,423;110,423;110,424;109,424;104,428;102,430;100,431;99,431;99,432;98,432;98,433;98,434;97,435;97,436;97,437;97,438;98,440;98,441;98,442;98,443;98,444;98,445;98,446;98,447;98,448;98,449;98,450;97,451;96,451;96,452;96,453;95,454;94,455;94,456;94,457;93,457;92,459;92,461;90,464;88,471;88,473;87,474;87,475;86,476;86,477;86,478;85,479;85,480;84,481;84,482;84,483;85,484;85,485;86,485;86,487;
Stroma; POLYGON; 128, 128, 128; 160,400;158,399;157,399;156,398;155,398;153,398;151,398;151,397;150,397;149,397;149,396;148,395;147,393;146,393;145,390;145,389;144,388;144,387;144,386;144,385;145,385;145,384;145,383;146,383;146,380;146,379;146,378;147,375;147,374;147,373;148,373;148,372;149,372;150,371;152,371;152,370;152,369;153,369;155,367;155,366;156,366;156,365;156,364;156,363;157,361;157,360;158,358;158,352;158,351;158,350;158,349;158,348;159,347;160,347;162,345;162,344;163,343;166,341;174,334;178,330;179,329;180,327;181,325;182,325;183,324;185,323;186,321;188,321;188,320;190,319;192,317;193,315;194,313;195,312;197,311;200,307;201,307;201,306;202,305;202,303;203,302;203,301;203,300;203,299;202,298;201,297;200,297;198,296;194,294;192,293;190,293;188,293;187,292;180,293;172,298;170,300;168,301;166,303;165,303;164,303;163,304;159,306;145,318;144,320;143,321;142,322;142,323;140,324;140,325;139,328;138,329;138,331;138,332;137,333;136,336;134,346;134,348;134,349;134,351;134,352;134,353;134,354;133,356;132,361;132,363;131,365;131,366;131,367;131,368;131,369;131,370;131,371;132,371;132,372;134,375;135,376;136,376;136,377;137,377;137,378;138,378;139,378;138,378;138,379;138,380;138,381;138,382;138,385;138,387;139,389;140,391;141,392;144,395;148,397;149,399;152,401;154,402;160,405;163,406;165,406;167,407;169,407;171,407;
Stroma; POLYGON; 128, 128, 128; 158,761;159,763;160,763;160,764;160,765;161,765;161,766;161,767;161,773;161,780;161,784;161,787;161,790;161,792;161,793;161,796;160,799;160,802;160,803;160,804;160,809;160,815;160,817;160,819;160,821;159,823;159,824;159,825;158,827;158,829;157,830;156,831;155,831;153,833;152,834;152,835;151,836;150,836;150,837;149,837;148,838;146,838;145,838;144,838;143,838;139,838;136,838;132,838;131,837;130,837;128,836;127,835;126,834;125,833;124,832;120,826;118,821;118,819;118,818;117,817;116,817;116,815;115,813;114,811;113,809;113,808;112,806;112,805;110,799;108,797;108,795;106,793;105,792;103,790;102,789;102,788;100,787;99,786;98,786;96,785;91,781;90,780;87,779;85,778;83,777;82,776;81,775;80,775;79,775;78,775;78,774;77,774;74,773;72,772;72,771;71,771;70,771;69,770;68,769;67,769;66,769;66,768;65,768;64,767;63,767;63,766;60,764;60,763;59,763;59,762;58,762;58,761;58,760;57,760;57,759;56,757;56,756;55,756;55,755;54,755;54,754;54,753;53,753;53,752;53,751;52,750;52,749;52,748;52,747;52,746;52,745;53,745;54,744;54,743;55,743;56,743;57,743;57,742;58,742;58,741;59,741;60,740;60,739;60,738;60,737;59,736;59,735;59,734;59,733;59,732;60,731;60,730;62,729;63,729;64,729;65,729;66,729;66,730;66,731;66,732;66,733;66,734;67,734;67,735;67,736;68,737;68,738;69,738;70,739;71,739;72,739;73,739;74,739;75,739;76,739;77,739;78,738;78,737;79,737;80,736;80,735;83,731;85,727;86,724;86,723;86,722;87,721;88,719;88,720;89,721;90,721;90,722;91,722;91,723;92,723;93,723;94,723;93,723;92,723;91,724;90,725;90,726;90,727;89,727;88,729;88,730;88,731;87,733;87,734;87,735;87,737;86,740;86,741;86,742;86,743;86,744;86,745;86,746;86,747;86,748;86,749;87,749;87,750;88,753;90,755;91,756;91,757;92,757;92,758;92,759;93,759;93,760;94,761;95,762;96,762;97,763;98,763;100,763;101,763;102,763;103,764;105,765;107,765;109,767;110,767;111,767;114,768;115,768;116,768;124,766;130,763;135,761;137,759;140,758;144,755;149,753;151,752;154,750;156,748;160,744;162,741;164,739;166,737;168,733;169,733;170,732;171,732;172,732;173,732;174,732;176,732;
Stroma; POLYGON; 128, 128, 128; 416,912;416,913;416,915;417,918;418,919;418,921;420,923;420,924;421,925;422,927;423,927;424,928;425,929;426,930;428,931;430,932;444,937;448,938;450,938;451,938;454,938;456,938;458,937;459,937;461,937;462,937;464,937;471,937;474,937;476,936;477,935;478,935;481,933;482,933;488,931;494,931;497,930;498,930;500,930;501,930;504,929;507,929;508,928;510,927;513,925;515,924;518,921;520,919;522,917;523,916;524,915;528,913;533,911;535,911;536,910;538,909;540,909;542,908;545,905;546,901;547,900;547,899;546,897;546,896;545,895;541,891;532,887;529,886;526,885;523,885;520,885;518,886;515,887;514,887;512,888;511,889;507,889;502,891;500,891;498,891;495,892;493,893;492,893;490,894;488,895;487,895;485,896;483,896;480,897;476,898;473,899;470,900;468,901;464,902;462,903;460,904;456,905;454,906;453,906;452,906;451,907;450,908;448,909;448,910;
Stroma; POLYGON; 128, 128, 128; 410,886;410,887;410,888;412,892;413,895;414,896;414,897;414,898;414,899;415,900;415,901;416,901;416,902;416,903;417,903;417,904;416,905;416,906;416,907;415,907;414,909;414,910;413,911;412,912;411,913;410,913;409,913;408,913;407,914;406,914;405,914;404,914;403,914;402,914;401,914;400,914;399,914;398,914;397,913;396,913;395,913;394,913;393,912;392,912;391,911;390,911;386,911;385,911;384,911;379,911;378,911;378,912;378,913;378,914;378,915;378,916;378,917;379,917;379,918;379,919;378,919;378,920;378,921;378,927;378,928;378,929;379,929;379,930;380,930;380,931;381,932;382,933;383,933;384,933;386,933;388,934;390,934;391,935;392,935;394,935;398,937;400,937;401,937;402,937;404,937;406,937;407,936;409,936;410,935;412,935;414,935;415,935;416,935;418,935;419,935;422,933;424,933;426,933;427,932;429,931;430,931;431,931;434,931;437,929;438,929;439,928;440,927;440,926;441,925;442,923;443,921;444,919;445,917;446,916;446,915;446,914;446,913;447,912;447,909;446,907;446,905;446,903;443,900;443,899;442,899;442,898;440,896;440,895;438,894;437,893;436,892;430,889;426,889;424,889;421,889;416,891;417,891;418,891;419,891;
Stroma; POLYGON; 128, 128, 128; 923,757;923,765;922,769;921,774;919,778;917,787;917,793;917,796;916,797;915,805;911,821;910,825;909,828;909,831;907,837;905,841;903,846;900,851;899,853;896,857;895,859;893,861;892,862;888,867;880,875;879,875;878,876;876,877;875,878;874,879;872,880;871,881;869,881;867,883;865,885;864,887;863,887;862,888;861,889;860,890;858,891;855,892;853,893;851,894;849,895;848,895;845,898;837,905;835,907;831,909;829,910;828,911;825,911;823,912;822,913;819,913;817,914;816,915;813,916;811,917;810,917;807,919;805,920;803,921;798,922;797,923;792,924;789,925;787,925;783,927;781,927;779,927;775,928;764,930;761,931;757,933;754,933;752,934;749,935;747,935;742,937;740,938;738,939;736,939;734,939;729,941;727,941;725,941;720,942;717,943;715,943;705,946;703,946;701,947;699,947;695,947;690,946;688,946;686,946;684,945;682,945;677,945;675,945;673,945;671,945;669,945;665,945;663,945;661,945;657,945;655,945;653,944;646,943;642,943;639,943;638,944;636,944;634,945;631,945;629,945;625,945;621,945;619,945;617,945;615,945;613,945;599,948;595,949;592,949;589,949;587,949;585,949;583,949;581,948;580,948;578,947;577,947;575,946;573,945;571,945;570,945;566,944;565,943;562,943;560,943;559,943;557,942;555,941;554,941;553,941;549,939;545,938;543,937;542,937;541,936;540,935;538,934;535,933;533,933;531,933;530,933;528,933;527,933;523,933;521,933;519,933;518,933;517,933;515,933;513,933;512,933;510,932;508,930;507,929;507,928;507,927;507,924;507,923;508,921;509,918;512,915;513,913;514,912;517,910;519,908;522,906;529,899;534,895;539,891;541,889;557,877;576,868;583,865;590,861;597,858;609,855;619,853;628,850;644,843;662,834;683,825;687,824;703,821;738,810;752,803;760,799;771,795;782,788;789,784;796,779;809,767;821,758;833,750;845,743;853,739;857,737;875,729;891,719;899,715;905,711;911,707;
Stroma; POLYGON; 128, 128, 128; 972,673;973,675;974,677;974,679;974,682;974,684;974,686;974,689;973,693;973,696;972,699;971,702;969,706;969,708;967,710;964,717;963,721;963,724;963,727;963,729;962,733;961,737;959,741;959,743;959,745;958,747;958,749;957,751;957,753;953,765;949,777;947,780;946,783;944,789;943,792;942,795;940,800;938,804;937,806;935,810;933,812;932,813;931,815;923,821;907,831;905,833;902,833;896,833;887,833;879,831;877,830;872,823;873,791;878,780;887,761;899,738;912,713;924,687;936,667;943,656;947,651;961,637;
Stroma; POLYGON; 128, 128, 128; 975,672;975,675;975,677;975,679;975,683;974,685;973,687;973,690;971,693;971,697;970,699;969,701;966,716;965,727;965,731;965,733;964,735;964,740;964,743;963,745;963,751;963,753;963,756;963,761;963,763;961,771;953,786;949,791;947,796;943,799;940,803;929,807;925,807;923,807;909,801;894,741;897,731;899,728;903,722;917,707;925,700;937,688;941,683;
Stroma; POLYGON; 128, 128, 128; 972,646;973,646;975,645;976,645;977,643;981,642;982,641;984,639;985,638;996,628;999,625;1001,621;1002,620;1003,618;1004,617;1005,615;1006,612;1007,609;1007,607;1007,605;1007,603;1007,601;1007,599;1007,598;1007,591;1007,583;1006,582;1005,581;1005,579;1004,576;1003,574;1004,572;1005,569;1007,568;1007,567;1007,566;1006,565;1001,559;999,558;999,557;998,556;997,555;996,555;995,555;994,555;993,555;993,556;991,558;989,560;986,563;985,564;984,565;981,567;964,614;972,629;978,635;983,639;987,642;
Stroma; POLYGON; 128, 128, 128; 745,460;743,461;743,462;741,463;739,465;738,466;736,471;736,472;735,472;735,473;734,473;733,473;732,473;731,473;729,473;728,472;726,472;725,472;724,473;723,473;722,473;721,473;720,473;719,474;718,474;717,475;716,475;715,476;715,477;714,478;713,478;713,480;711,481;710,482;709,484;707,487;705,490;705,494;707,496;711,496;713,496;719,495;721,494;723,494;731,489;741,481;744,480;747,478;749,478;
Stroma; POLYGON; 128, 128, 128; 759,424;759,425;759,426;758,426;757,426;757,428;757,429;757,430;756,431;756,432;755,432;755,433;755,434;754,435;753,435;753,436;752,436;751,436;750,436;749,436;748,436;745,437;744,437;743,437;742,437;741,437;739,437;738,437;735,437;732,436;731,434;730,434;729,432;728,431;728,430;729,428;731,425;735,422;737,419;743,414;747,411;749,410;751,410;759,407;773,408;773,409;774,410;
Stroma; POLYGON; 128, 128, 128; 714,358;713,358;712,358;711,358;709,359;706,361;705,362;702,366;701,367;700,368;699,369;697,372;697,378;697,381;698,383;699,384;699,386;699,387;700,388;701,388;702,388;703,387;704,386;707,384;709,380;711,379;713,378;714,376;717,373;718,368;718,367;717,366;716,365;712,364;711,364;709,364;706,366;707,366;
Stroma; POLYGON; 128, 128, 128; 701,371;700,372;699,372;699,373;698,373;697,374;696,374;695,374;693,375;692,375;687,379;686,380;685,382;683,384;681,388;681,391;681,394;682,395;683,395;684,395;685,395;686,394;689,394;691,393;694,392;697,392;699,391;702,390;705,390;705,389;707,388;708,387;711,385;714,382;716,380;
Stroma; POLYGON; 128, 128, 128; 677,395;675,395;674,395;673,394;672,394;671,393;671,392;669,391;669,390;669,389;668,388;667,387;667,386;667,385;667,384;667,383;667,382;668,382;668,381;668,380;669,376;670,375;670,374;671,373;671,372;671,371;672,370;673,368;674,367;675,366;676,365;678,364;679,362;680,360;681,360;681,359;681,358;682,358;682,356;683,356;683,352;683,351;682,350;677,344;676,344;675,343;674,343;674,342;673,342;672,342;671,342;669,342;668,344;666,345;666,346;665,347;665,348;664,349;661,355;660,356;660,358;659,359;659,361;658,365;658,368;657,372;657,376;657,378;658,384;659,388;660,389;660,390;661,391;672,395;
Stroma; POLYGON; 128, 128, 128; 595,397;595,398;594,398;593,398;593,399;592,399;591,399;591,400;590,400;589,400;587,400;585,401;583,401;582,401;581,400;579,400;577,400;574,400;572,400;571,400;569,400;568,399;567,398;566,398;565,396;565,394;566,392;567,390;570,387;573,384;577,380;582,376;584,374;588,371;597,366;600,366;602,366;605,366;608,365;610,365;611,365;613,365;617,366;
Stroma; POLYGON; 128, 128, 128; 583,341;582,342;581,342;580,343;579,343;578,343;577,343;576,344;575,344;574,344;573,345;571,346;570,346;568,347;567,348;563,349;561,350;560,350;559,351;557,353;555,359;555,362;555,364;557,366;557,367;558,367;560,368;562,368;567,368;570,368;573,366;577,364;583,359;586,356;589,352;590,351;591,350;592,349;594,347;595,346;595,345;596,345;596,344;
Stroma; POLYGON; 128, 128, 128; 575,348;574,348;573,348;571,348;570,348;569,348;567,348;566,348;564,347;560,347;559,347;558,347;557,347;556,348;555,348;553,350;552,351;551,352;550,354;550,356;550,360;551,364;552,364;553,366;555,368;560,370;563,370;567,370;571,369;576,368;581,366;584,365;588,364;
Stroma; POLYGON; 128, 128, 128; 691,201;690,202;689,202;689,203;688,204;687,204;687,205;686,205;686,206;686,208;686,209;687,209;687,210;687,211;687,212;687,213;687,214;686,214;685,214;685,215;684,215;683,215;682,215;681,215;680,215;679,215;678,216;677,216;676,216;675,216;674,216;674,217;673,217;670,218;669,218;668,218;668,219;665,220;662,222;661,222;661,223;660,223;660,224;660,225;660,226;661,226;661,227;662,228;663,228;663,229;664,231;665,232;666,232;667,232;668,232;669,232;670,232;671,232;672,232;674,232;677,232;683,230;684,229;688,227;697,220;703,216;704,215;705,214;708,212;709,211;710,209;711,207;712,204;713,202;713,198;713,196;714,196;715,196;
Stroma; POLYGON; 128, 128, 128; 668,405;667,405;667,406;666,406;665,406;665,407;664,408;663,408;663,409;662,410;660,411;659,412;659,413;658,414;658,415;658,416;658,417;658,418;658,419;657,419;657,420;657,421;657,422;656,423;655,424;653,424;652,424;651,424;650,424;650,423;649,421;649,420;649,418;650,414;651,410;651,408;651,406;652,405;652,404;653,403;653,402;654,402;656,402;657,402;659,402;664,401;671,400;
Stroma; POLYGON; 128, 128, 128; 722,471;721,470;719,470;715,471;715,472;714,472;713,473;710,475;708,476;707,478;706,479;705,481;705,482;705,483;705,484;705,485;705,487;705,488;705,489;705,490;705,491;704,491;703,492;698,492;696,492;695,492;691,492;690,491;687,490;683,489;680,488;679,488;678,488;675,490;673,492;673,493;671,495;670,498;668,500;666,502;665,504;665,506;665,507;665,508;667,508;681,508;687,506;689,506;693,504;696,502;701,500;705,499;711,499;725,499;727,498;739,487;745,480;
Stroma; POLYGON; 128, 128, 128; 404,218;404,219;403,219;403,220;402,220;401,220;400,221;398,222;397,222;396,222;396,223;395,224;394,224;393,224;392,224;388,226;388,227;387,227;386,227;385,228;384,228;383,229;382,229;382,230;381,230;380,230;380,231;380,232;379,232;378,232;377,232;376,232;376,233;375,233;374,234;373,234;372,234;371,234;370,235;368,237;364,241;364,242;363,243;362,244;362,245;361,246;360,246;360,248;360,249;360,250;361,250;362,250;362,251;362,252;363,252;363,253;364,253;364,254;365,254;365,255;366,256;367,257;367,258;368,259;368,260;367,261;366,261;366,262;365,262;364,263;364,264;363,264;362,264;361,266;360,267;359,268;358,270;357,271;357,272;356,272;356,273;356,274;355,274;354,275;354,276;353,276;351,278;350,278;350,279;349,279;348,280;346,280;345,281;344,281;344,282;343,282;342,282;341,283;340,283;340,284;339,284;338,284;337,284;336,284;335,284;334,284;333,284;332,284;331,284;330,284;329,284;328,285;328,286;327,286;327,285;326,285;326,284;325,284;325,283;324,283;324,282;323,282;323,281;323,280;323,279;323,278;323,277;323,276;323,275;323,274;322,273;321,273;320,273;319,273;318,273;317,273;316,273;315,273;314,274;313,274;312,274;311,274;310,274;309,274;308,274;307,274;306,274;304,274;304,273;303,273;302,273;301,273;300,273;299,273;298,273;297,273;295,273;294,273;293,273;292,273;291,274;290,274;289,275;288,276;288,277;287,278;287,279;287,280;287,281;287,282;287,283;288,284;289,285;290,285;290,286;291,286;292,286;292,287;293,287;294,287;294,288;295,288;296,288;297,288;298,289;300,289;300,290;301,290;302,290;303,290;304,290;305,290;306,291;307,292;308,293;308,294;308,295;308,296;308,297;308,298;308,300;308,301;308,302;307,302;306,302;305,301;304,301;303,301;302,300;301,300;300,300;299,300;298,299;297,299;296,298;295,298;294,298;293,298;292,298;291,299;290,300;289,301;288,302;288,303;287,304;286,304;286,305;286,306;286,307;285,307;285,308;285,309;285,310;285,311;285,312;285,313;285,314;285,315;284,316;284,317;284,318;283,319;282,320;280,323;280,324;279,324;278,325;277,325;276,326;275,326;274,326;273,326;272,326;271,326;270,326;269,326;268,326;268,327;265,327;262,328;261,328;260,328;259,328;258,328;257,328;256,328;255,328;254,328;253,327;253,326;252,326;252,325;252,324;252,323;252,322;252,321;252,319;252,318;252,317;252,316;252,315;252,314;251,314;250,314;250,312;250,311;249,311;249,310;249,309;249,308;249,307;249,306;249,305;249,304;249,303;249,302;250,302;252,297;253,297;254,296;254,295;255,294;256,294;256,293;256,292;257,292;257,291;258,291;258,290;258,289;258,288;259,288;259,287;259,286;260,286;260,285;261,284;262,284;262,283;263,282;264,282;265,282;266,281;266,280;267,280;268,279;270,278;271,276;272,276;273,275;274,274;275,274;275,273;276,273;276,272;277,271;278,271;278,270;279,269;280,268;281,267;282,266;283,265;286,262;288,260;289,259;291,257;302,248;304,246;307,244;308,242;310,241;313,238;315,237;317,236;322,233;324,232;326,230;328,229;330,228;332,226;334,225;338,222;340,222;342,220;346,218;347,218;350,216;352,216;353,215;354,214;361,212;370,209;372,208;373,208;376,208;377,207;378,207;379,206;380,206;382,206;384,205;385,205;386,205;386,204;388,204;390,204;391,204;392,203;395,203;396,202;397,202;398,202;399,202;408,202;410,202;411,202;412,202;413,202;415,202;416,202;417,202;418,202;419,202;420,203;422,203;423,203;424,204;425,204;426,204;427,205;427,206;428,206;429,206;430,206;430,207;430,208;431,208;431,209;430,210;430,211;430,212;429,212;428,212;428,213;427,214;426,214;426,215;426,216;425,216;424,216;424,217;423,217;423,218;422,218;422,219;421,219;421,220;420,220;419,220;418,220;417,221;416,221;417,221;418,220;
Stroma; POLYGON; 128, 128, 128; 416,220;415,221;414,221;414,222;412,222;412,223;409,224;406,224;405,224;404,225;403,226;402,226;401,226;400,227;399,228;398,228;398,229;397,230;396,230;390,231;388,231;386,232;385,232;383,232;381,233;377,234;376,234;374,234;373,234;372,234;371,234;370,234;369,234;368,234;367,235;366,235;366,236;366,235;366,234;367,233;369,230;374,225;377,222;382,220;386,217;390,215;394,213;398,212;402,210;406,210;410,210;411,210;412,210;415,211;419,213;422,214;424,214;425,213;428,211;430,210;430,209;
Stroma; POLYGON; 128, 128, 128; 418,180;417,179;416,179;415,179;414,179;413,180;411,180;409,181;407,181;406,182;404,182;403,183;402,183;400,184;392,187;390,188;388,189;386,189;386,190;385,190;384,190;383,190;382,190;381,191;380,191;379,192;378,192;376,192;374,193;371,194;369,194;366,194;364,195;362,196;358,198;347,203;345,204;342,205;341,206;340,206;337,208;335,208;334,209;330,212;327,214;324,216;323,217;322,218;321,220;320,224;320,225;320,227;320,228;320,232;325,234;328,234;331,234;335,233;339,232;343,232;346,231;350,230;352,230;357,228;362,225;367,223;372,221;376,219;384,217;388,216;391,216;396,214;398,214;400,212;410,207;418,204;422,203;424,202;426,202;428,200;429,200;430,200;430,198;432,197;432,196;434,194;434,193;434,192;435,192;435,191;
Stroma; POLYGON; 128, 128, 128; 419,172;418,172;417,172;416,172;415,172;414,172;412,172;410,171;409,171;408,170;406,170;405,170;404,170;403,170;402,170;401,170;400,170;394,173;388,176;386,176;384,177;382,178;380,178;376,179;373,180;372,180;368,182;366,182;364,183;360,186;350,189;348,190;346,190;344,191;342,192;342,193;340,193;339,194;338,195;336,196;334,196;332,197;330,198;329,198;328,199;327,200;325,202;322,205;322,206;312,214;310,216;309,217;308,218;307,220;306,221;306,222;304,224;304,225;304,226;303,228;302,229;301,231;300,232;296,237;295,239;293,241;292,242;290,246;288,250;288,251;288,252;288,253;288,254;289,254;290,254;291,254;292,255;293,255;294,256;295,256;296,256;298,256;300,256;302,255;303,255;306,254;314,251;318,250;320,248;323,246;325,245;327,244;328,243;330,242;333,240;337,236;340,234;344,232;346,230;348,229;349,228;355,225;358,223;361,222;364,220;365,220;366,219;373,216;378,214;384,212;386,211;388,210;392,208;394,207;398,204;400,204;404,202;405,201;410,198;411,198;416,194;417,194;418,194;420,191;424,188;425,188;
Stroma; POLYGON; 128, 128, 128; 360,196;358,197;357,197;356,197;354,198;353,198;351,198;350,198;344,198;342,198;340,198;339,199;338,200;336,200;335,201;334,202;332,202;329,204;328,204;327,205;326,206;324,206;323,206;322,206;320,207;319,208;318,208;316,208;315,209;314,210;308,212;307,214;306,214;305,214;304,215;304,216;303,216;302,216;300,217;300,218;299,218;298,218;297,219;296,220;295,220;294,221;293,222;292,222;291,223;286,226;284,228;282,230;281,231;280,232;279,232;278,233;278,234;277,235;276,236;275,236;274,237;274,238;272,238;272,239;271,240;270,241;269,242;267,244;264,248;264,249;264,250;263,250;262,251;260,254;260,255;258,257;258,258;257,258;257,259;256,260;256,261;255,265;254,268;254,270;253,271;253,272;253,273;253,274;253,275;253,276;254,277;255,278;259,279;260,279;262,279;264,279;266,279;268,278;272,277;276,276;280,275;282,274;284,274;286,273;287,272;288,272;296,264;298,262;300,261;304,257;306,255;308,253;312,250;314,248;317,246;322,243;324,242;326,240;328,238;330,236;332,234;333,233;334,232;335,231;337,230;
Stroma; POLYGON; 128, 128, 128; 314,239;313,240;312,240;311,241;307,244;298,253;295,254;294,256;292,257;292,258;291,259;290,261;290,262;289,263;288,265;287,266;286,266;286,267;284,268;283,269;282,269;282,270;280,271;277,276;276,276;276,277;276,278;276,279;276,280;275,281;275,282;274,283;274,284;274,285;272,290;272,291;272,292;272,293;272,294;272,295;272,296;271,296;271,297;270,298;270,299;269,300;268,303;268,304;268,305;267,306;266,307;266,308;266,309;264,310;264,312;263,312;263,313;263,314;262,314;260,318;260,319;259,320;258,321;258,322;257,322;256,323;256,324;254,324;252,326;251,326;250,326;250,325;250,324;249,324;249,319;249,318;250,318;250,317;250,316;250,315;251,315;251,314;251,313;251,312;251,311;251,310;250,310;250,309;250,308;249,308;248,308;247,308;246,307;245,307;244,307;244,308;243,308;242,308;241,308;240,308;240,309;239,309;238,309;238,310;236,310;236,311;236,312;235,312;234,312;234,313;233,314;232,314;232,315;231,316;230,316;230,317;230,318;230,319;229,319;229,320;229,321;228,322;228,323;228,324;228,325;229,326;229,327;229,328;229,329;229,330;229,331;229,332;229,333;228,334;226,336;225,337;222,339;220,340;219,340;218,340;218,339;216,338;216,337;216,336;215,335;214,334;214,332;213,332;213,331;213,330;213,329;213,328;213,327;213,326;214,324;214,322;214,321;215,320;215,319;215,318;216,317;216,316;216,315;216,314;217,314;218,313;218,312;219,312;219,311;220,310;221,308;222,307;222,306;223,306;224,306;224,305;225,304;226,304;226,303;227,303;227,302;228,302;228,301;228,300;229,300;230,298;231,296;233,294;234,294;235,293;236,292;236,291;237,291;237,290;238,290;238,289;239,289;239,288;240,288;242,286;244,285;245,284;246,283;246,282;247,281;248,279;248,278;249,276;250,275;250,274;251,273;251,272;252,272;252,271;252,270;252,269;253,268;254,267;254,266;254,265;255,264;256,263;256,262;257,262;258,260;259,259;264,253;268,248;270,246;273,244;276,241;278,239;282,236;287,231;291,228;295,224;299,220;302,218;304,217;310,212;315,210;318,208;320,208;322,207;324,206;327,206;329,206;331,205;332,205;334,205;334,206;336,206;337,206;338,207;340,208;340,209;340,210;340,212;338,215;336,217;334,220;331,222;329,224;327,227;325,230;325,231;324,232;325,233;326,233;
Stroma; POLYGON; 128, 128, 128; 357,194;356,193;355,193;354,192;352,192;351,192;350,191;348,191;347,190;346,190;345,190;344,190;343,189;342,188;341,188;339,187;338,187;336,186;334,186;333,186;332,186;326,187;324,188;316,190;306,193;302,194;298,196;295,197;293,198;291,198;289,199;288,200;286,200;284,201;281,203;280,204;278,205;277,206;276,207;274,208;273,210;272,212;270,213;269,214;268,216;266,218;265,219;264,220;263,222;261,224;260,226;260,228;258,229;255,235;250,246;250,248;250,250;251,251;252,252;254,256;255,257;256,258;257,258;263,258;286,252;290,250;296,247;298,246;306,241;315,236;319,234;324,233;
Stroma; POLYGON; 128, 128, 128; 268,249;267,249;267,248;266,248;265,248;264,247;263,246;262,246;261,246;260,245;258,245;255,244;254,244;253,244;252,244;251,244;250,244;248,244;248,243;246,243;242,243;241,243;240,243;239,244;238,244;237,244;236,244;236,245;235,246;234,246;234,247;234,248;233,248;232,249;232,250;231,251;231,252;231,254;231,255;231,256;231,257;231,258;231,259;231,260;231,262;231,263;231,265;231,268;231,269;231,270;231,271;231,272;231,273;231,274;230,274;230,276;229,277;229,278;228,279;228,280;227,281;227,282;226,282;226,283;226,284;225,284;224,286;223,287;222,288;222,289;221,289;220,290;219,290;216,292;215,293;214,294;214,295;213,295;212,296;211,296;210,296;210,297;208,298;206,299;206,300;205,301;204,302;203,303;202,304;200,304;199,305;198,306;196,306;195,307;194,307;193,307;192,308;190,308;188,308;188,309;187,309;186,309;186,310;184,310;184,311;182,311;182,312;181,312;179,312;178,311;177,310;176,310;175,310;174,310;174,309;173,309;172,308;171,308;170,307;170,306;170,305;170,304;170,303;171,302;171,301;172,296;173,295;173,294;174,293;174,292;174,291;174,290;175,290;175,289;176,288;176,286;177,285;177,284;178,282;178,281;180,278;182,273;182,271;182,270;183,268;183,267;184,266;184,265;185,264;186,264;187,262;188,260;190,258;190,257;191,256;194,252;198,248;200,246;202,244;203,243;204,242;205,242;207,240;210,238;212,236;213,235;216,232;219,229;221,228;222,226;224,224;226,222;229,220;230,218;231,218;232,218;244,212;247,211;250,209;254,207;256,206;258,205;260,204;262,204;263,203;265,202;268,201;271,200;276,198;279,197;282,197;283,196;284,196;287,196;291,197;292,199;292,200;294,202;295,203;296,204;297,206;298,208;298,210;298,214;298,216;298,218;297,222;296,224;294,226;294,227;291,230;290,230;287,233;285,235;284,237;282,238;
Stroma; POLYGON; 128, 128, 128; 268,248;267,246;266,246;266,245;265,244;264,244;262,244;261,243;257,243;256,243;255,243;254,243;252,243;250,243;248,244;247,244;246,244;245,244;244,244;244,245;243,245;242,246;241,246;240,246;240,247;239,248;238,248;238,250;237,250;236,252;235,254;234,254;232,256;224,266;222,266;221,266;220,266;219,265;219,264;219,263;219,262;220,257;222,254;222,252;223,251;225,245;238,236;244,233;250,229;254,226;257,224;260,222;262,220;265,219;268,218;272,217;275,216;282,216;284,217;286,218;
Stroma; POLYGON; 128, 128, 128; 140,330;140,329;140,328;140,327;140,326;140,325;141,324;142,323;142,322;142,320;143,319;144,318;144,317;144,316;147,308;147,306;148,306;148,304;148,302;148,301;148,300;149,299;149,298;150,296;150,295;152,292;153,290;154,288;155,287;156,285;159,281;164,272;166,270;166,268;167,267;168,266;169,264;170,263;171,262;174,259;175,257;176,256;178,254;179,253;180,251;181,250;182,248;187,242;192,236;196,233;199,230;200,229;202,228;205,225;208,223;212,220;215,219;216,218;223,216;227,215;228,215;229,216;230,217;232,219;233,220;234,223;235,225;235,227;235,230;234,232;232,236;231,239;230,241;228,244;228,245;228,246;224,252;220,262;220,264;219,265;218,266;216,268;211,272;208,275;208,276;206,277;204,280;203,282;202,284;200,287;196,291;194,293;193,294;192,295;190,297;190,298;188,301;186,303;185,306;184,308;182,310;180,312;179,314;178,316;176,317;174,320;172,322;172,323;171,324;170,326;166,331;164,334;163,336;157,344;154,346;156,346;158,345;
Stroma; POLYGON; 128, 128, 128; 110,396;110,395;110,394;110,393;110,392;110,391;110,390;109,390;109,389;109,388;108,387;108,383;108,371;109,368;109,367;110,366;111,363;112,362;112,360;115,356;117,352;118,350;119,348;120,343;122,336;123,334;124,332;125,330;125,329;126,328;126,326;127,324;127,323;128,322;128,320;128,319;128,318;128,316;129,315;129,314;130,312;130,310;131,308;132,306;140,296;140,294;142,292;142,291;143,290;144,288;146,285;147,284;148,282;151,279;154,275;155,274;156,273;158,272;158,271;163,266;165,264;166,262;168,261;172,256;180,250;180,248;182,247;184,246;186,244;188,243;190,241;192,239;194,237;197,235;199,234;200,232;202,230;204,228;206,226;210,223;216,219;218,218;222,216;224,215;225,214;226,213;227,212;228,212;229,210;231,210;233,208;235,208;237,206;239,205;240,204;245,202;256,196;258,195;258,194;260,194;261,193;262,193;262,192;264,192;266,192;267,191;269,190;270,190;272,189;274,188;276,188;277,187;278,186;279,186;280,186;281,186;282,185;283,185;288,184;290,183;291,182;292,182;294,182;295,181;296,180;298,180;301,179;305,178;307,177;308,176;312,175;314,174;316,174;322,172;331,169;334,169;336,168;338,168;340,168;341,168;342,168;344,168;346,168;348,168;350,168;352,169;353,169;354,169;355,169;356,169;358,169;359,169;362,170;364,170;365,170;366,171;369,173;372,175;374,176;375,177;375,178;376,178;376,179;376,181;376,183;376,184;377,185;377,186;377,187;376,189;376,190;375,191;374,192;373,194;369,201;368,202;366,203;365,204;364,205;363,205;362,206;360,206;359,206;358,206;354,208;352,209;346,210;342,211;337,211;335,211;328,212;319,215;315,216;311,218;307,218;301,219;294,220;290,221;284,222;282,223;278,224;269,228;267,229;265,230;259,233;245,240;240,244;238,245;235,248;233,249;229,251;226,253;224,254;220,256;218,258;216,260;211,264;210,266;209,267;205,271;193,281;190,284;189,285;188,286;186,288;184,291;182,294;179,297;176,300;172,304;168,309;166,311;164,314;157,324;154,328;152,331;150,332;150,334;147,339;144,346;143,348;142,352;141,354;141,356;141,358;141,359;143,359;
Stroma; POLYGON; 128, 128, 128; 282,352;283,352;284,352;285,352;285,353;286,353;287,353;288,353;288,352;289,350;290,349;290,348;290,347;290,346;291,346;292,346;292,345;294,344;295,344;296,344;296,343;297,343;297,342;298,342;298,340;298,339;299,339;299,337;300,336;300,335;300,334;301,334;301,333;302,333;302,332;302,331;303,330;304,330;304,329;305,328;306,328;306,327;307,327;308,326;309,325;310,324;310,323;311,320;311,318;310,317;310,316;310,314;308,310;309,310;310,311;310,312;311,312;312,312;313,312;314,312;314,311;315,311;316,310;317,310;318,309;318,308;319,308;320,308;321,307;322,307;323,307;324,307;325,307;326,307;327,307;327,308;328,308;329,308;330,308;331,308;332,308;333,308;334,307;334,306;335,306;336,306;337,305;338,305;338,304;339,303;339,302;339,301;338,300;337,300;337,299;336,299;335,298;334,298;332,298;331,298;330,298;328,299;326,300;324,301;322,302;320,302;319,303;318,304;317,304;317,305;316,307;315,308;314,308;312,310;309,312;307,313;306,314;306,315;305,315;304,315;304,316;302,318;301,319;300,322;298,324;298,326;298,327;297,328;296,329;295,330;294,331;293,332;291,334;286,338;284,340;283,341;283,342;284,342;286,344;
Stroma; POLYGON; 128, 128, 128; 358,305;358,306;357,306;356,306;355,307;354,307;354,308;353,308;350,310;350,311;350,312;349,312;348,313;348,314;348,315;348,316;347,317;347,318;347,319;346,321;346,324;346,325;346,326;346,328;346,329;346,330;345,330;345,332;344,333;344,335;344,336;344,338;344,339;345,340;346,340;346,341;347,341;348,341;349,341;350,341;352,341;353,340;354,340;355,340;356,340;357,340;358,339;359,339;359,338;360,338;361,338;362,338;363,337;364,337;364,336;365,336;366,336;366,335;367,334;368,334;368,333;368,332;369,332;370,331;370,330;372,329;372,328;373,328;374,324;374,322;374,321;374,320;374,319;374,318;374,317;374,316;375,315;375,314;376,313;376,312;376,311;376,310;377,310;377,309;378,308;378,307;379,307;380,307;380,306;381,305;382,305;382,304;384,303;385,303;386,302;387,302;388,302;388,301;390,300;394,298;395,298;396,298;397,298;398,298;399,298;400,298;401,298;402,298;403,297;405,296;406,296;407,296;408,295;409,295;411,294;412,294;414,294;415,293;416,293;416,292;417,292;418,292;419,291;420,290;420,289;421,287;421,286;421,284;420,283;420,282;419,281;418,280;417,280;415,279;413,278;412,277;410,277;410,276;409,276;408,276;407,275;406,275;405,275;404,275;403,275;402,275;401,275;399,276;398,276;397,276;395,276;394,276;392,277;391,277;390,278;389,278;388,278;387,278;386,278;385,278;384,278;383,278;382,278;381,278;380,278;380,279;380,280;380,281;379,282;378,284;378,285;378,286;378,287;377,289;377,291;377,292;377,293;376,294;376,295;375,295;374,296;373,296;370,298;367,299;366,300;364,300;363,301;362,302;360,302;359,304;358,304;358,305;358,306;360,306;363,306;
Stroma; POLYGON; 128, 128, 128; 349,266;346,273;346,274;346,275;345,275;345,276;344,276;342,278;341,278;341,279;340,279;339,279;338,279;337,279;334,279;333,280;332,280;331,280;330,280;329,280;328,280;327,280;327,281;326,281;326,280;326,278;326,274;326,273;327,272;327,270;328,269;328,268;331,265;333,263;334,262;335,262;337,260;338,260;339,259;340,258;341,258;342,257;342,256;344,256;345,255;346,255;346,254;347,254;348,254;350,254;351,254;352,254;353,255;353,256;
Stroma; POLYGON; 128, 128, 128; 362,231;360,232;356,236;354,236;354,238;350,242;348,248;347,250;347,251;347,252;348,253;348,254;348,255;348,256;349,256;350,256;351,256;352,256;354,255;357,254;361,250;362,249;366,246;367,243;369,241;370,240;371,239;372,238;373,237;374,235;374,234;374,233;374,232;
Stroma; POLYGON; 128, 128, 128; 378,169;374,169;371,169;369,169;367,170;365,170;364,170;362,171;360,172;358,173;356,174;355,175;354,176;352,178;351,179;350,180;350,182;350,188;351,190;352,192;353,196;354,198;355,199;356,200;358,201;362,203;364,203;367,203;370,203;373,203;387,202;390,201;393,200;398,200;400,199;402,198;406,197;408,196;410,196;412,196;414,196;415,196;
Stroma; POLYGON; 128, 128, 128; 461,183;459,182;457,181;456,180;455,180;454,180;452,180;450,180;448,180;443,182;442,182;440,184;440,186;439,186;439,187;438,192;440,196;440,198;442,199;446,200;448,201;449,201;453,202;462,202;466,202;468,202;470,202;474,202;478,201;483,201;
Stroma; POLYGON; 128, 128, 128; 499,248;497,249;494,250;491,251;489,253;488,254;486,256;485,256;483,260;482,262;482,263;482,264;482,265;482,266;484,268;487,269;489,269;490,269;491,269;492,269;494,268;496,267;498,266;501,264;503,263;505,262;507,262;510,260;513,257;514,256;
Stroma; POLYGON; 128, 128, 128; 427,366;426,366;426,365;426,364;425,364;424,363;424,362;423,361;423,360;422,360;422,359;422,358;421,358;421,357;421,356;420,355;418,355;418,354;416,354;415,353;414,353;414,352;413,352;412,352;411,351;410,351;410,350;406,350;406,349;405,348;404,348;404,347;403,346;402,346;402,345;402,344;401,344;401,342;401,341;401,340;401,339;402,338;402,337;402,336;403,336;404,336;404,335;405,334;406,334;407,334;407,333;408,333;408,334;409,334;410,335;412,336;412,337;413,338;414,338;414,339;415,339;415,340;416,340;416,341;417,343;418,344;418,345;419,345;419,346;420,346;421,347;422,347;422,348;423,348;424,348;425,348;428,348;430,348;431,348;432,348;432,349;433,349;434,350;435,350;436,351;438,352;438,353;439,353;439,354;440,354;440,355;440,356;441,356;442,358;443,358;445,358;
Stroma; POLYGON; 128, 128, 128; 311,375;312,375;312,374;313,374;314,374;314,373;315,373;315,372;316,372;317,372;317,371;317,370;317,369;317,368;317,367;317,366;317,365;316,365;316,364;316,363;315,363;315,362;314,361;311,360;310,360;309,360;308,360;307,359;306,359;305,359;304,360;304,361;303,362;301,364;296,372;296,374;296,377;296,378;297,379;298,381;301,382;304,384;307,386;
Stroma; POLYGON; 128, 128, 128; 377,359;376,360;375,361;374,362;373,362;373,363;372,363;372,364;371,364;370,364;369,365;369,366;368,366;368,367;368,368;367,368;366,368;366,369;365,369;364,369;363,369;363,370;362,370;361,370;359,370;358,370;356,370;355,370;354,370;351,370;350,370;349,370;348,370;347,370;346,370;346,371;345,371;344,372;344,373;343,374;341,376;339,378;338,379;338,380;337,381;336,382;336,384;335,385;335,386;335,387;336,388;336,389;338,390;340,391;341,391;342,391;344,391;346,391;347,391;348,390;350,390;350,389;352,388;354,386;356,385;358,384;359,383;364,379;367,376;369,375;371,373;374,372;377,370;380,367;384,364;
Specular reflection; POLYGON; 191, 91, 22; 300,348;299,348;298,348;298,349;297,350;296,350;296,351;295,352;294,352;293,352;292,353;291,353;290,354;289,354;288,356;287,357;287,358;286,359;286,360;286,361;286,362;286,363;287,364;287,365;288,366;288,367;289,367;289,368;290,368;291,368;295,366;297,366;298,366;299,365;301,364;302,364;304,362;306,362;308,361;309,360;310,360;311,359;313,357;316,354;318,352;318,351;318,350;318,349;318,348;317,347;316,346;314,344;309,342;308,342;306,342;305,343;304,345;
Specular reflection; POLYGON; 191, 91, 22; 200,316;200,317;199,318;198,319;198,321;197,322;196,324;195,325;194,326;194,328;193,328;192,331;190,336;190,337;190,338;190,339;190,340;190,341;190,342;190,343;190,344;191,344;192,344;193,344;194,344;196,344;197,344;198,344;199,344;200,344;201,344;202,344;202,343;203,343;204,342;205,341;208,336;209,334;210,334;211,331;211,330;212,328;212,327;213,326;213,323;213,320;214,318;214,317;214,316;214,314;213,312;212,311;210,310;208,310;207,310;
Stroma; POLYGON; 128, 128, 128; 375,177;373,175;372,174;371,174;370,173;368,172;366,171;365,170;364,170;363,170;362,170;361,169;360,169;357,169;355,169;354,169;352,169;350,169;346,169;343,169;340,169;338,170;336,170;318,171;316,171;314,171;314,172;311,172;308,173;306,173;306,174;304,174;302,174;300,174;298,174;297,174;295,174;290,175;288,176;286,177;284,178;282,178;281,179;278,180;273,181;272,181;269,182;266,182;264,183;262,183;260,184;259,184;258,184;253,186;250,188;249,188;248,189;246,190;242,193;240,194;239,195;236,196;232,198;231,198;228,200;224,202;222,205;220,207;219,210;218,211;218,212;217,214;216,217;216,220;216,222;216,224;216,226;217,227;220,229;221,230;222,230;227,231;241,232;244,231;248,229;253,227;258,225;266,222;274,218;279,217;283,216;292,212;301,208;305,206;307,206;308,205;316,203;330,199;332,198;334,197;339,195;342,193;346,191;350,190;357,189;360,189;362,189;364,191;365,192;
Stroma; POLYGON; 128, 128, 128; 220,211;219,211;218,212;217,212;216,212;216,213;215,214;214,214;212,215;212,216;211,216;210,217;209,218;208,218;207,219;201,223;200,224;199,225;198,226;197,227;196,227;196,228;194,228;194,230;193,230;192,231;191,232;190,232;189,233;188,234;187,235;186,236;185,237;181,243;177,248;175,252;173,255;172,259;170,262;169,265;169,270;169,271;169,272;170,273;171,274;172,274;173,274;176,273;178,272;182,270;184,268;186,267;188,266;191,263;201,257;206,253;208,250;211,248;218,240;226,230;231,223;234,217;234,216;235,214;235,211;235,210;
Stroma; POLYGON; 128, 128, 128; 173,259;172,260;171,260;170,261;169,262;168,263;167,264;166,265;165,266;164,266;164,267;163,268;162,268;160,269;160,270;159,270;153,274;149,278;148,279;147,280;146,282;146,283;144,284;141,288;140,290;138,292;136,293;131,298;130,300;128,302;126,306;122,322;122,324;122,326;121,329;121,332;120,334;120,337;120,339;120,340;120,342;119,343;119,344;120,344;120,345;122,345;123,345;124,345;125,345;139,330;144,325;148,321;154,316;158,314;162,310;
Stroma; POLYGON; 128, 128, 128; 408,178;407,178;406,178;404,178;403,178;402,178;401,178;400,178;399,178;398,178;397,178;396,177;396,176;396,175;395,174;395,173;394,172;394,171;394,170;392,168;392,167;391,165;390,164;390,163;388,161;388,160;387,160;384,156;383,155;382,154;381,153;380,152;379,151;376,150;372,150;370,150;368,151;367,152;364,152;363,153;362,153;360,153;358,153;357,153;356,152;353,152;350,152;349,152;348,152;343,154;342,155;341,156;338,158;338,159;337,160;335,164;334,166;333,168;330,176;330,180;330,182;331,185;332,188;334,190;334,192;336,194;338,194;342,195;346,195;351,195;362,193;370,191;372,190;380,188;386,186;
Stroma; POLYGON; 128, 128, 128; 348,170;347,170;346,169;344,168;343,168;342,167;339,164;330,156;329,155;328,154;327,154;325,154;324,154;322,154;320,154;317,155;314,156;311,156;310,156;308,157;306,158;304,160;303,161;300,166;296,172;296,176;296,179;297,182;298,184;301,186;302,187;302,188;304,190;306,191;308,192;310,192;312,192;319,190;327,188;330,186;334,184;336,183;341,182;342,183;
Stroma; POLYGON; 128, 128, 128; 355,163;355,162;355,161;354,160;354,159;353,158;352,158;351,156;346,152;345,150;344,149;343,148;342,148;341,147;340,147;339,146;336,146;335,145;334,145;333,145;330,145;329,145;328,145;327,145;326,146;324,147;317,152;314,154;311,157;310,160;309,161;308,162;307,166;307,168;306,169;306,172;306,174;306,176;306,178;306,180;308,182;313,185;316,186;319,187;323,188;324,188;326,188;329,188;336,186;340,185;343,185;
Stroma; POLYGON; 128, 128, 128; 306,174;305,174;305,173;304,173;304,172;304,171;304,170;303,170;302,170;300,169;300,168;299,168;298,168;297,168;292,167;291,167;289,167;288,168;286,169;283,171;280,173;278,175;276,176;274,177;273,178;272,180;270,181;269,182;266,188;262,197;262,198;261,200;261,202;262,204;263,205;264,206;264,207;265,208;266,209;268,210;269,210;270,210;272,211;275,212;295,208;302,206;308,205;314,204;317,202;319,202;321,201;323,200;326,199;
Stroma; POLYGON; 128, 128, 128; 415,174;414,173;412,173;412,172;411,172;410,172;410,171;409,171;408,170;408,169;407,169;406,166;405,166;404,166;404,165;403,165;403,164;402,164;402,163;402,162;402,160;402,158;402,157;402,156;403,155;403,154;404,153;404,152;404,151;404,150;404,149;404,148;405,147;405,144;405,143;405,142;405,141;405,140;406,140;406,139;406,138;407,138;407,137;408,136;410,135;411,134;412,134;414,134;420,132;422,132;423,132;424,132;426,131;427,131;428,131;428,130;430,130;431,130;432,129;434,128;434,127;434,126;433,126;432,126;432,125;430,124;430,122;429,122;428,121;427,120;426,119;418,116;415,116;414,116;412,116;411,116;410,116;407,118;406,118;404,119;402,120;400,120;400,121;397,122;396,123;395,124;393,126;392,126;390,129;389,130;389,131;387,132;386,134;384,136;383,137;380,140;375,146;372,149;372,150;370,152;368,155;367,157;366,158;365,162;364,165;364,168;363,171;362,175;362,178;362,181;364,185;365,187;368,189;368,190;370,191;371,192;378,194;380,194;382,194;386,194;388,194;391,194;394,194;397,194;400,194;402,192;406,192;409,190;412,190;
Stroma; POLYGON; 128, 128, 128; 625,235;625,236;625,240;624,241;624,242;624,256;623,260;623,262;623,263;622,264;622,266;622,267;622,270;622,271;622,272;622,274;622,276;622,277;623,278;623,280;624,282;624,284;624,290;624,300;624,302;624,304;624,306;624,309;624,312;623,315;623,318;623,319;623,324;622,336;622,337;622,339;622,340;622,341;622,342;623,345;623,346;624,348;624,349;625,350;626,352;626,353;626,354;627,358;627,367;627,370;627,372;627,374;626,375;626,378;626,379;626,381;626,383;626,385;626,389;626,390;626,392;626,393;626,397;626,398;626,399;626,400;626,401;627,402;627,403;627,404;627,405;627,406;627,407;627,408;627,409;627,410;627,409;627,408;626,408;
Stroma; POLYGON; 128, 128, 128; 394,533;394,534;394,535;394,536;394,537;394,539;394,540;394,541;394,542;394,543;395,543;395,544;396,544;396,545;398,545;399,545;401,545;402,545;403,545;404,545;405,545;406,545;406,544;407,544;408,544;408,543;410,540;411,539;412,538;412,537;411,536;411,535;410,534;408,531;406,529;405,528;404,528;404,527;400,527;398,528;396,529;394,530;394,531;393,531;393,533;393,534;393,537;394,539;
Stroma; POLYGON; 128, 128, 128; 695,718;695,716;693,714;693,713;691,711;691,710;690,710;689,710;689,709;689,708;689,707;688,706;688,705;687,705;687,704;687,703;687,702;686,701;685,700;685,699;685,698;685,696;685,694;684,694;684,692;683,690;683,689;683,688;683,686;682,684;682,683;681,680;681,677;681,676;680,675;678,668;677,668;677,666;676,665;675,664;674,664;672,663;671,663;670,662;667,662;661,664;658,665;655,664;652,664;649,662;647,660;647,658;653,646;655,644;657,641;657,640;658,640;659,641;662,641;672,643;675,646;676,647;679,651;685,658;688,660;690,662;691,665;693,670;693,675;695,680;695,687;697,689;697,690;697,692;699,698;700,706;703,715;704,716;
Stroma; POLYGON; 128, 128, 128; 662,598;663,598;663,599;663,600;663,602;663,603;665,605;666,609;667,610;668,611;669,612;671,612;672,612;673,612;677,611;681,608;683,605;683,604;684,603;684,602;684,601;684,600;683,599;683,598;682,595;682,594;681,593;681,592;679,591;679,590;675,589;674,588;673,588;671,587;669,587;668,588;667,589;665,591;665,593;664,594;663,596;663,598;665,601;
Stroma; POLYGON; 128, 128, 128; 747,563;741,560;736,559;735,558;728,558;723,560;723,564;723,568;725,571;726,574;728,576;733,580;737,582;739,582;745,581;748,581;751,581;752,582;754,582;755,582;756,582;757,582;759,582;761,580;763,578;763,576;765,575;
Stroma; POLYGON; 128, 128, 128; 851,631;850,630;848,627;847,626;846,622;843,618;843,614;843,613;845,610;847,608;848,606;849,605;851,604;854,604;858,604;862,606;864,608;866,611;868,618;868,621;868,622;868,624;867,628;867,630;
