Specular reflection; POLYGON; 191, 91, 22; 769,858;768,859;767,860;767,861;766,862;765,862;765,863;764,864;764,865;763,865;763,866;763,867;762,868;762,869;762,870;763,870;763,871;764,871;764,872;764,873;764,874;765,874;765,875;765,876;766,876;766,877;766,878;766,879;766,880;766,881;766,882;766,883;766,884;766,885;766,886;766,887;766,888;766,889;767,889;767,890;767,891;767,892;768,893;768,894;768,895;768,896;768,897;769,897;769,898;769,899;769,900;769,901;769,902;769,903;769,904;769,905;768,906;767,907;767,908;766,909;765,910;764,911;763,912;762,912;761,913;760,913;760,914;759,914;758,914;758,915;757,915;756,915;755,915;755,914;754,914;753,913;752,912;751,911;751,910;750,910;750,909;749,909;749,908;749,907;749,906;749,905;749,904;749,903;749,902;749,901;750,900;750,899;750,898;751,898;751,897;751,896;752,896;752,895;753,894;753,893;753,892;754,892;754,891;755,890;755,889;755,888;756,888;756,887;756,886;756,885;756,884;756,883;756,882;756,881;755,881;755,880;754,879;754,878;753,877;753,876;753,875;752,875;752,874;752,873;751,872;751,871;750,871;750,870;749,870;748,870;747,871;746,871;745,871;745,872;744,872;743,873;742,873;742,874;741,874;740,875;739,876;738,877;738,878;737,878;737,879;737,880;737,881;737,882;737,883;737,884;737,885;737,886;737,887;737,888;737,889;737,890;737,891;736,891;736,892;736,893;736,894;736,895;736,896;736,897;735,897;735,898;735,899;735,900;734,900;734,901;733,902;732,902;732,903;731,904;730,904;730,905;729,905;729,906;728,906;727,907;726,907;726,908;725,908;724,909;724,910;723,910;722,911;721,912;720,912;720,913;719,913;719,914;718,915;717,916;716,917;715,918;715,919;714,920;713,921;713,922;712,923;712,924;711,925;711,926;711,927;710,927;710,928;710,929;710,930;709,930;709,931;709,932;709,933;708,934;708,935;708,936;707,938;707,939;707,940;707,941;706,941;706,942;706,943;706,944;706,945;706,946;706,947;706,948;706,949;706,950;706,951;706,952;706,953;706,954;705,955;705,956;705,957;705,958;705,959;705,960;705,961;705,962;705,963;705,964;706,965;706,966;706,967;706,968;706,969;707,969;707,970;707,971;708,971;708,972;709,972;709,973;710,974;711,974;712,975;713,975;714,976;715,976;716,976;717,976;718,977;719,977;721,977;722,977;723,978;724,978;725,978;726,978;727,978;729,978;730,978;731,978;732,978;733,978;735,978;736,977;737,977;738,977;739,977;740,977;741,977;742,977;743,977;744,977;745,977;746,977;747,977;748,977;749,977;750,977;751,977;752,977;753,977;753,976;754,976;755,976;756,975;757,974;758,974;758,973;759,973;760,972;761,972;761,971;762,971;763,970;764,969;765,969;765,968;766,967;767,967;767,966;768,965;768,964;769,963;769,962;769,961;770,960;770,959;770,958;770,957;770,956;770,955;770,954;770,953;770,952;769,951;769,950;768,949;768,948;767,948;767,947;766,947;766,946;765,946;765,945;764,945;764,944;763,944;763,943;762,943;762,942;763,942;764,942;765,942;766,942;767,942;768,941;769,941;770,941;771,941;772,940;773,940;774,940;775,939;776,939;777,938;778,938;779,938;780,937;781,937;782,936;783,936;784,935;785,935;786,934;787,934;787,933;788,933;788,932;789,932;789,931;790,931;790,930;791,930;791,929;792,929;792,928;792,927;793,927;794,927;794,926;795,926;795,925;796,925;797,925;797,924;798,924;798,923;799,923;799,922;800,922;801,921;802,921;802,920;803,920;803,919;804,918;804,917;805,917;805,916;806,916;806,915;807,915;807,914;808,914;809,913;810,913;811,912;812,912;812,911;813,911;814,910;815,909;816,909;816,908;817,907;818,906;818,905;819,905;819,904;819,903;819,902;820,901;820,900;820,899;820,898;820,897;821,897;821,896;822,895;823,894;824,893;825,892;826,892;826,891;827,891;828,890;829,890;830,889;831,889;832,888;833,888;834,888;834,887;836,887;837,887;838,886;839,886;840,885;841,885;842,885;842,884;843,884;844,884;845,883;846,883;847,883;847,882;848,882;849,882;850,881;851,881;851,880;852,880;853,879;854,879;855,878;856,877;857,877;858,876;859,876;860,875;861,875;862,874;863,874;864,873;865,873;866,872;867,872;868,871;869,870;870,869;871,869;872,868;873,867;874,866;875,866;875,865;876,865;877,864;878,864;879,863;880,862;881,862;881,861;882,861;883,860;884,859;885,858;886,857;886,856;887,856;887,855;888,854;888,853;889,853;889,852;889,851;889,850;889,849;889,848;888,848;887,847;886,847;885,847;884,847;883,847;882,847;881,847;880,847;879,847;878,847;877,847;876,847;875,847;874,847;873,848;872,848;871,849;870,849;869,849;868,850;867,850;866,851;865,851;865,852;864,852;863,853;862,853;862,854;861,854;860,855;859,856;858,856;858,857;857,857;857,858;856,858;856,859;855,859;855,860;854,860;854,861;853,861;853,862;852,862;851,863;850,864;849,865;848,865;848,866;847,867;846,868;845,868;845,869;844,869;844,870;843,870;842,871;841,871;840,872;839,872;839,873;838,873;837,874;836,874;835,875;834,875;834,876;833,876;832,877;831,877;830,878;829,878;829,879;828,879;827,879;827,880;826,880;825,881;824,881;824,882;823,882;822,882;822,883;821,883;820,883;820,884;819,884;818,884;817,884;817,885;816,885;815,885;814,885;813,885;812,885;811,885;810,885;809,884;808,884;808,883;807,883;807,882;806,882;806,881;805,881;805,880;804,880;804,879;803,879;803,878;803,877;802,877;802,876;801,876;801,875;801,874;800,874;800,873;799,873;799,872;798,872;798,871;797,870;796,869;795,868;795,867;794,867;794,866;793,866;793,865;792,864;792,863;791,863;791,862;791,861;791,860;790,860;790,859;790,858;790,857;790,856;790,855;790,854;790,853;790,852;790,851;790,850;790,849;790,848;789,848;788,848;787,848;786,848;785,848;784,848;783,848;782,848;781,848;780,848;779,848;778,848;777,848;775,848;774,849;772,849;771,850;770,850;769,850;769,851;768,851;766,852;765,853;764,854;764,855;764,856;767,857;
Specular reflection; POLYGON; 191, 91, 22; 759,862;758,863;757,863;756,864;755,864;754,865;753,865;753,866;752,866;751,867;750,867;749,868;748,869;747,869;747,870;746,870;746,871;746,872;745,872;745,873;745,874;745,875;745,876;745,877;744,877;744,878;744,879;744,880;744,881;744,882;744,883;743,884;743,885;743,886;743,887;742,888;742,889;742,890;742,891;742,892;741,893;741,894;741,895;741,896;741,897;741,898;741,899;741,900;741,902;741,904;741,905;741,906;741,907;741,908;741,909;742,910;742,911;742,912;742,913;743,914;743,915;743,916;743,917;743,918;744,919;744,920;745,921;746,921;746,922;747,922;748,922;749,922;750,922;751,922;752,922;753,922;754,922;754,921;756,921;757,920;758,920;759,919;760,918;761,917;762,917;764,916;765,916;766,915;767,914;768,914;768,913;769,913;770,912;771,912;772,911;772,910;773,909;773,908;774,908;774,906;775,905;775,904;776,903;776,902;776,901;777,900;777,899;777,898;777,897;777,896;777,895;777,894;777,893;777,892;777,891;777,890;776,889;776,888;775,887;775,886;774,885;773,884;772,883;772,882;771,882;771,881;770,880;770,879;769,879;769,878;
Specular reflection; POLYGON; 191, 91, 22; 791,824;790,825;789,827;788,829;788,830;787,831;787,833;787,834;786,835;786,836;786,837;787,838;787,839;788,839;788,840;789,840;790,841;791,842;792,842;793,843;794,843;795,843;796,843;797,843;798,844;799,844;800,844;801,844;802,844;803,844;804,844;805,844;806,844;807,844;808,844;809,843;810,843;810,842;811,842;811,841;811,840;812,839;812,838;812,837;812,836;812,835;812,834;812,832;812,831;812,830;811,829;810,828;810,826;809,825;808,824;807,823;806,822;805,821;804,820;803,820;803,819;802,819;801,819;801,820;801,821;801,822;
Specular reflection; POLYGON; 191, 91, 22; 795,733;794,734;792,735;791,735;790,736;788,738;787,739;785,740;784,741;783,742;782,743;781,744;781,745;779,747;779,748;779,749;778,749;778,750;778,751;777,751;777,752;777,753;777,754;777,755;777,756;777,757;778,758;779,758;779,759;780,759;781,759;782,760;783,760;784,760;785,760;786,760;787,760;788,760;789,760;790,760;791,759;792,759;793,759;794,758;795,758;797,757;798,756;799,756;801,754;802,753;803,752;804,751;805,750;808,748;809,747;810,746;811,745;812,744;812,743;812,742;812,741;812,740;812,739;812,738;812,737;811,736;810,736;809,735;808,735;807,734;805,734;803,734;801,734;800,734;798,735;796,735;795,736;793,736;792,737;
Specular reflection; POLYGON; 191, 91, 22; 664,791;662,793;662,794;661,795;660,796;660,797;659,798;658,799;658,800;657,801;657,802;657,803;656,804;656,805;655,806;655,807;655,808;655,809;654,810;654,811;654,812;654,813;654,814;654,815;655,815;655,816;656,817;657,817;657,818;658,818;659,818;660,818;661,818;662,818;663,818;664,818;665,817;666,817;667,817;668,816;669,815;670,815;671,814;672,814;672,813;673,812;674,811;674,810;675,810;676,809;677,808;677,807;678,805;678,804;678,803;679,802;679,801;679,799;679,798;678,797;678,796;677,795;676,794;675,793;674,792;673,791;671,791;670,790;669,790;667,790;666,790;664,790;663,790;662,790;661,791;660,791;659,792;658,794;657,796;
Specular reflection; POLYGON; 191, 91, 22; 699,580;699,581;698,581;698,582;698,583;697,584;697,585;697,586;697,587;697,588;697,589;697,590;697,591;697,592;697,593;697,594;697,595;697,596;698,596;698,597;698,598;698,599;698,600;698,601;698,602;699,602;699,603;699,604;699,605;699,606;700,606;700,607;700,608;701,608;701,609;701,610;702,610;702,611;702,612;703,612;703,613;704,614;705,615;706,615;706,616;707,616;707,617;708,617;708,618;709,618;710,619;711,619;711,620;712,620;713,620;714,621;715,621;716,621;717,621;718,621;719,621;720,621;721,621;722,621;722,620;723,620;724,620;725,620;726,620;727,620;727,619;728,619;729,618;730,618;730,617;731,616;731,615;731,614;731,612;731,611;731,610;731,609;731,607;731,606;731,605;731,604;731,603;731,602;731,601;731,600;731,599;731,598;731,597;730,596;730,595;730,594;730,593;730,592;730,591;729,590;729,589;729,588;728,587;728,586;727,586;727,585;727,584;726,583;726,582;725,581;725,580;724,580;724,579;724,578;723,577;722,577;721,576;720,575;719,575;718,575;716,574;715,574;714,574;712,574;711,574;710,574;709,574;708,574;707,574;705,574;704,575;703,576;702,577;701,578;699,579;699,580;698,582;697,583;696,584;696,585;696,586;696,587;696,588;697,588;700,588;
Specular reflection; POLYGON; 191, 91, 22; 749,583;748,584;747,585;746,586;745,586;744,587;743,588;743,589;742,589;742,590;741,591;741,592;740,592;740,593;739,594;739,595;739,596;739,597;738,598;738,599;738,600;738,601;738,602;738,603;739,603;739,604;739,605;740,605;740,606;741,606;742,607;743,607;744,608;745,608;746,609;747,609;748,609;749,609;750,610;751,610;752,610;753,610;754,610;755,610;757,610;758,609;760,609;761,608;762,607;763,607;764,606;764,605;765,604;766,603;767,602;768,601;769,600;769,599;770,598;771,597;771,596;771,595;771,594;771,593;771,592;770,592;769,591;768,591;767,590;765,589;764,589;762,588;761,587;760,587;758,586;756,586;755,585;754,585;751,585;750,585;749,585;747,587;
Specular reflection; POLYGON; 191, 91, 22; 762,603;761,603;760,603;759,603;758,603;757,603;756,603;755,603;754,604;753,605;752,606;751,607;750,608;749,609;748,610;747,611;746,613;745,614;744,615;743,616;743,618;742,619;742,620;741,621;741,622;741,623;741,624;741,625;741,626;741,627;741,628;741,629;741,630;741,631;741,632;741,633;742,634;743,635;744,635;745,636;746,636;747,636;748,636;749,637;750,637;751,637;752,637;753,637;754,637;755,637;756,637;758,636;759,636;760,635;763,634;764,633;766,632;768,630;769,629;770,628;772,626;772,625;773,624;774,622;774,621;774,620;774,619;774,618;774,617;773,616;773,615;770,613;768,612;767,611;766,611;764,610;763,610;762,609;761,609;760,609;758,609;757,609;756,609;756,610;755,610;
Specular reflection; POLYGON; 191, 91, 22; 701,440;701,441;702,442;703,443;704,444;704,445;705,446;706,447;707,448;708,449;709,449;710,450;711,451;712,451;713,451;714,452;715,452;718,453;719,453;721,453;722,453;724,454;725,454;726,454;727,454;728,454;729,454;730,454;731,454;732,454;733,454;734,454;735,454;736,454;737,454;738,454;739,454;740,454;741,454;741,453;742,452;742,451;743,451;743,450;744,449;745,448;746,448;747,448;748,447;749,447;750,446;751,446;752,445;753,445;754,445;755,445;756,445;757,445;758,445;759,445;760,445;761,446;762,446;763,447;764,447;765,448;765,449;766,449;767,450;767,451;768,452;768,453;768,454;769,455;769,456;769,457;769,458;769,459;769,460;769,461;769,462;769,463;769,464;769,465;769,466;768,466;768,467;768,468;768,469;767,469;767,470;767,471;767,472;768,472;768,473;769,473;770,474;771,474;772,475;773,475;774,476;775,476;777,477;778,478;779,478;780,478;782,478;784,478;784,479;785,479;787,479;788,479;789,479;790,479;791,479;791,480;793,480;794,480;795,480;796,480;797,480;798,480;799,479;800,479;801,479;801,478;802,478;803,478;803,477;804,477;805,477;806,477;807,477;808,477;809,477;810,477;810,478;811,479;812,480;813,481;813,482;814,483;814,484;815,484;815,485;816,486;816,487;817,488;817,489;818,490;818,491;819,491;819,492;820,492;821,493;822,493;823,493;823,494;824,494;825,494;826,495;827,495;828,495;829,495;830,495;831,495;832,495;833,495;834,495;834,494;835,494;836,494;837,494;837,493;838,493;838,492;839,492;840,491;840,490;841,490;841,489;842,488;842,487;843,487;843,486;844,485;844,484;844,483;844,482;844,481;845,480;845,479;845,478;845,477;845,476;845,475;844,473;844,472;844,471;843,470;843,469;843,468;843,467;842,466;842,465;842,464;842,463;841,462;841,461;840,460;840,459;840,458;839,458;839,457;838,457;838,456;838,455;837,455;837,454;837,453;836,453;836,452;835,452;834,452;833,451;832,451;831,451;830,450;829,450;828,450;827,449;826,449;825,449;825,448;824,448;823,447;822,447;822,446;821,446;820,446;819,446;818,446;817,446;816,446;815,446;814,446;813,446;812,446;811,446;810,446;809,445;808,445;808,444;807,444;807,443;806,443;806,442;806,441;805,441;804,440;804,439;803,439;803,438;802,437;801,436;800,435;799,434;798,433;798,432;797,432;797,431;796,431;796,430;796,429;795,429;795,428;795,427;794,426;794,425;794,424;794,423;794,422;793,421;793,420;793,419;792,419;792,418;792,417;791,417;791,416;790,415;789,414;789,413;788,413;788,412;787,411;786,411;786,410;785,410;784,410;783,410;782,410;781,410;780,410;779,410;778,410;777,410;776,410;775,410;774,410;773,410;772,410;771,410;770,411;769,411;768,411;767,411;766,412;765,412;764,412;763,413;762,413;762,414;761,414;760,415;760,416;759,416;759,417;758,417;758,418;758,419;757,419;757,420;756,421;756,422;755,422;754,423;753,424;752,424;752,425;751,425;750,425;749,425;748,425;747,424;746,424;745,424;745,423;744,423;743,423;742,423;741,423;740,423;739,423;738,423;737,423;736,423;735,423;734,423;733,423;732,423;731,423;730,423;730,424;729,424;728,424;727,424;726,424;725,424;725,423;724,423;724,422;724,421;723,421;722,420;721,419;721,418;720,418;720,417;719,416;718,415;718,414;717,413;717,412;716,411;715,410;714,409;713,408;712,408;711,408;710,408;709,408;708,408;707,408;706,408;705,408;705,409;704,409;703,409;703,410;702,410;701,411;700,411;699,412;698,413;697,413;696,414;695,415;694,416;693,417;693,418;692,418;692,419;692,420;692,421;692,422;692,424;692,425;692,426;692,427;692,428;692,430;692,431;692,432;692,433;692,434;693,435;693,436;693,437;694,438;694,439;695,440;696,441;698,442;699,442;700,443;702,444;703,444;705,445;707,445;710,446;
Specular reflection; POLYGON; 191, 91, 22; 729,398;728,399;728,400;728,401;728,402;728,403;728,404;729,404;729,405;730,405;731,406;732,406;733,406;734,407;735,407;736,407;737,407;738,407;739,407;740,407;741,406;743,404;744,402;745,401;746,400;746,399;747,398;747,396;748,396;748,395;748,394;748,393;748,392;748,391;748,390;747,390;746,389;745,388;744,388;744,387;742,387;741,386;740,386;739,386;737,386;736,386;734,386;733,386;731,387;730,387;728,388;
Specular reflection; POLYGON; 191, 91, 22; 689,361;688,361;687,361;686,362;685,362;684,363;683,364;682,365;681,366;680,367;680,368;679,369;679,370;679,371;678,372;678,373;678,374;678,375;678,376;679,377;679,378;680,380;681,381;682,382;683,382;683,383;685,384;686,385;688,386;689,387;690,387;693,387;694,387;695,387;696,387;698,386;699,385;701,384;702,383;703,382;703,381;704,381;705,380;705,379;705,378;705,377;705,376;705,375;705,374;705,373;705,372;704,371;703,370;703,369;702,368;701,367;700,366;699,365;698,364;697,364;696,364;694,364;693,364;691,364;
Specular reflection; POLYGON; 191, 91, 22; 781,347;780,348;779,348;778,349;777,349;776,349;775,350;774,350;773,350;772,351;771,351;770,352;769,352;769,353;768,353;767,354;767,355;766,355;766,356;765,357;764,358;764,359;763,359;763,360;763,361;762,361;762,362;762,363;762,364;762,365;762,366;762,367;762,368;763,368;763,369;764,370;765,370;765,371;766,371;767,372;768,372;769,372;769,373;770,373;771,373;772,373;773,373;774,373;775,373;777,373;778,373;779,373;780,373;781,373;782,373;783,373;784,373;785,372;786,372;787,371;788,371;789,371;789,370;790,370;790,371;790,372;790,373;790,374;790,375;790,376;790,377;789,378;789,379;788,379;788,380;788,381;788,382;788,383;787,383;787,384;787,385;787,386;787,387;787,388;788,388;788,389;789,389;789,390;790,390;791,390;792,391;793,391;794,391;794,392;795,392;796,392;797,393;799,393;800,393;801,394;802,394;803,394;803,395;804,395;805,395;805,396;806,396;807,397;808,398;808,399;808,400;809,400;809,401;809,402;809,403;809,404;810,404;810,405;811,405;812,406;813,406;814,406;815,406;816,406;817,406;818,406;819,406;820,406;821,406;822,406;823,406;823,407;823,408;823,409;823,410;823,411;823,412;822,412;822,413;822,414;822,415;821,415;821,416;821,417;821,418;822,418;823,418;824,418;825,418;826,417;827,417;827,416;828,415;829,415;829,414;830,413;830,412;831,411;831,410;832,410;832,409;832,408;833,408;833,407;833,406;834,405;834,404;834,403;834,402;835,402;835,401;835,400;835,399;835,398;835,397;835,396;835,395;835,394;835,393;835,392;835,391;835,390;835,389;835,388;835,387;835,386;835,385;835,384;835,383;835,382;834,382;833,382;832,382;831,382;830,382;829,382;828,381;827,381;826,380;825,379;824,379;824,378;823,378;823,377;822,377;821,376;820,376;820,375;819,375;819,374;819,373;819,372;819,371;820,371;820,370;821,369;821,368;822,368;822,367;822,366;822,365;823,364;823,363;823,362;823,361;823,360;823,359;823,358;823,357;822,356;821,355;820,355;820,354;819,354;818,354;817,354;816,353;815,353;814,352;813,352;812,351;811,351;810,351;809,350;808,350;807,350;806,350;804,350;803,349;802,349;801,349;800,349;799,349;798,349;797,349;796,349;794,349;793,349;792,349;791,349;789,349;788,349;787,349;786,349;784,349;783,349;782,349;781,349;780,349;781,349;781,350;783,350;
Specular reflection; POLYGON; 191, 91, 22; 857,370;857,369;856,369;855,369;853,370;852,370;851,370;850,371;849,371;848,372;847,373;846,373;845,373;845,374;844,375;843,375;843,376;842,377;841,377;841,378;840,379;839,379;839,380;838,381;838,382;837,383;837,384;837,385;837,386;837,387;837,388;837,389;837,390;838,390;838,391;838,392;839,392;840,393;841,394;842,395;843,395;844,396;845,396;846,397;847,397;848,397;849,398;850,398;851,398;852,398;853,398;854,398;855,398;856,398;857,398;859,397;860,397;861,396;862,396;863,395;864,395;865,394;866,394;866,393;867,393;868,392;869,391;870,390;870,389;870,388;871,388;871,387;871,386;871,385;871,384;871,383;871,382;871,381;871,380;870,379;870,378;870,377;869,376;868,375;867,374;866,373;865,373;864,372;863,372;862,371;861,371;858,370;857,370;855,370;854,370;853,370;852,370;850,370;849,370;848,371;847,372;846,373;846,375;845,377;844,379;844,380;843,383;
Specular reflection; POLYGON; 191, 91, 22; 844,413;843,414;840,416;839,417;838,418;837,419;835,420;833,423;827,436;828,436;828,437;829,438;830,439;830,440;831,440;831,441;832,441;832,442;833,442;834,443;835,443;836,443;837,443;838,443;839,443;841,443;842,443;843,443;845,443;846,443;848,442;849,442;851,441;852,440;853,439;854,438;855,437;856,436;857,435;858,434;859,433;860,431;860,430;860,428;860,427;860,426;860,425;860,424;859,423;858,422;857,421;856,420;855,419;854,418;853,417;852,416;851,416;850,415;848,415;846,415;844,415;842,415;840,415;838,416;837,417;835,418;834,419;834,420;833,422;833,423;
Specular reflection; POLYGON; 191, 91, 22; 64,371;63,372;63,373;62,374;62,375;62,376;62,377;62,378;62,379;62,380;62,381;62,382;62,383;63,384;64,385;64,386;65,386;65,387;65,388;67,389;67,390;68,391;68,392;69,392;70,393;70,394;70,395;70,396;70,397;70,398;70,399;69,399;69,400;68,401;68,402;67,403;67,404;66,405;66,406;65,406;65,407;64,408;63,408;62,408;62,409;61,409;60,409;60,410;59,410;59,411;58,411;57,411;57,412;56,413;55,414;54,414;54,415;53,415;53,416;53,417;52,417;52,418;51,418;51,419;51,420;50,420;50,421;49,421;49,422;49,423;49,424;48,424;48,425;48,426;48,427;48,428;48,429;48,430;48,431;48,432;48,433;48,434;48,435;49,435;49,436;50,436;50,437;51,438;52,438;52,439;53,439;54,439;54,440;55,440;56,440;57,441;58,441;59,441;60,441;61,441;61,442;62,442;63,442;64,442;65,442;66,442;66,443;67,443;68,443;69,443;70,443;71,443;71,442;72,442;73,442;74,442;75,441;76,441;77,441;78,441;79,441;80,441;81,441;82,440;83,440;84,439;85,439;86,439;87,438;88,438;88,437;89,437;90,437;90,436;91,436;92,436;93,435;94,435;95,435;96,435;96,434;97,434;98,434;99,434;100,434;100,433;101,433;102,433;103,433;103,432;104,432;105,432;105,431;106,431;107,431;107,430;108,430;109,430;110,429;111,429;111,428;112,428;113,428;114,427;115,427;116,427;117,426;118,426;119,426;120,426;120,425;121,425;122,425;123,425;123,424;124,424;125,424;126,424;127,424;128,424;129,424;130,424;131,424;132,424;133,424;134,424;135,424;136,424;136,423;137,423;138,423;138,422;139,422;140,422;141,422;141,421;142,421;143,421;143,420;144,420;145,419;146,419;146,418;147,418;147,417;148,417;149,416;150,415;151,415;151,414;152,414;152,413;153,412;154,411;155,410;156,409;157,408;158,407;159,406;160,406;160,405;161,404;162,403;162,402;163,402;163,401;163,400;163,399;164,399;164,398;164,397;164,396;164,395;164,394;164,393;164,392;164,391;164,390;164,389;164,388;164,387;164,386;164,385;164,384;163,383;162,382;161,381;160,380;160,379;159,379;159,378;158,378;158,377;157,377;156,376;155,376;154,376;153,376;152,376;150,376;149,376;148,376;147,376;146,376;145,376;144,376;143,376;142,376;141,376;141,377;140,377;139,377;138,377;137,377;136,377;135,377;134,377;133,377;132,377;131,377;130,377;129,377;128,377;127,376;126,376;125,376;124,376;123,376;122,376;121,376;120,376;119,376;118,376;117,376;116,376;116,375;115,375;114,375;113,375;112,375;111,375;110,375;109,375;108,375;107,375;106,375;105,375;104,375;103,375;102,375;101,375;100,375;99,375;98,375;97,375;96,375;97,375;97,374;98,374;99,373;100,373;101,372;102,371;103,371;104,370;105,370;106,369;107,368;108,368;109,367;110,367;111,367;112,366;113,366;114,365;115,365;116,364;117,364;118,364;118,363;119,363;120,363;121,363;122,363;123,363;124,363;125,363;126,363;127,363;128,363;129,364;130,364;131,364;132,364;133,364;134,364;135,364;136,364;137,364;137,363;138,363;139,363;140,363;141,363;142,363;143,363;144,363;145,362;145,361;146,361;147,360;148,359;149,359;149,358;150,358;150,357;151,357;151,356;152,356;152,355;153,354;153,353;154,353;154,352;154,351;154,350;154,349;154,348;154,347;153,346;152,346;151,346;150,345;149,345;148,345;147,345;146,344;145,344;144,344;143,344;142,344;141,344;140,344;139,344;138,344;136,344;135,343;134,343;132,343;130,343;129,343;128,343;127,343;126,343;125,344;124,344;122,344;119,345;118,345;117,346;116,346;115,346;113,347;111,347;110,347;109,348;108,348;107,348;106,349;105,349;104,349;103,349;102,350;101,350;100,350;99,351;98,351;97,351;96,351;95,351;94,352;93,352;92,352;91,352;90,352;89,353;88,353;87,353;86,353;85,353;84,353;83,353;82,353;81,353;79,354;78,354;77,354;76,354;75,355;74,355;72,355;71,356;70,357;69,357;68,358;67,359;66,359;65,360;65,361;64,361;64,362;63,363;62,364;61,365;61,366;62,367;63,367;
Specular reflection; POLYGON; 191, 91, 22; 133,375;132,375;131,374;130,373;129,373;128,372;127,371;126,371;125,370;124,369;123,369;122,368;121,368;120,368;119,367;118,367;117,367;116,367;115,367;113,367;112,367;111,367;110,367;109,367;108,367;107,367;105,368;104,368;103,368;102,369;101,369;100,370;99,370;98,371;97,371;96,372;95,372;94,373;93,373;92,373;91,374;90,374;90,375;89,375;88,376;88,377;87,378;87,379;87,380;87,381;87,383;87,384;87,385;87,386;87,387;87,388;87,389;87,390;88,390;88,391;89,391;90,392;91,392;92,393;94,393;96,393;98,393;100,394;103,394;105,394;107,394;110,395;114,395;117,395;121,395;125,395;130,395;
Specular reflection; POLYGON; 191, 91, 22; 139,416;139,417;140,418;140,419;141,420;141,421;141,422;142,423;142,424;142,425;142,426;142,427;142,428;142,429;142,430;142,431;142,432;142,433;142,434;141,434;141,435;141,436;140,436;140,437;139,437;139,438;138,438;138,439;137,439;137,440;136,440;135,440;134,440;133,440;133,441;132,441;130,441;129,441;128,441;127,441;126,441;124,440;122,439;121,439;120,439;118,438;116,437;115,437;114,437;113,436;112,436;110,435;109,434;109,433;107,432;106,431;105,430;104,430;104,429;103,428;104,428;105,428;106,428;108,428;
Specular reflection; POLYGON; 191, 91, 22; 7,468;6,468;5,469;4,470;3,470;3,471;2,472;1,473;0,473;0,474;-1,475;-1,476;-2,476;-2,477;-3,477;-3,478;-4,479;-5,479;-5,480;-6,481;-7,482;-7,483;-8,483;-8,484;-8,485;-9,485;-9,486;-9,487;-9,488;-10,489;-10,490;-10,491;-10,492;-11,492;-11,493;-11,494;-11,495;-11,496;-11,497;-11,498;-10,499;-10,500;-9,501;-8,502;-8,503;-7,503;-7,504;-6,504;-5,505;-4,506;-3,506;-2,506;-2,507;-1,507;0,507;0,508;1,508;2,508;3,509;4,509;5,509;6,509;6,510;7,510;8,510;9,510;10,511;11,511;12,511;13,511;14,511;15,511;16,511;17,511;18,511;19,511;20,511;21,510;22,510;23,509;24,509;24,508;25,508;25,507;26,507;26,506;27,506;28,505;29,504;30,503;31,502;32,501;33,500;34,499;34,498;35,498;36,497;36,496;37,495;38,494;38,493;39,493;39,492;40,491;41,490;42,489;42,488;43,488;43,487;44,487;44,486;44,485;44,484;44,483;45,482;45,481;45,480;45,479;45,478;44,478;44,477;43,477;42,476;41,476;40,475;39,474;38,474;37,473;36,473;34,473;33,472;32,472;30,472;29,472;28,472;27,471;25,471;23,471;22,471;21,471;20,471;17,471;16,471;12,472;11,472;10,473;9,473;8,474;9,474;
Specular reflection; POLYGON; 191, 91, 22; 398,447;398,448;397,448;397,449;397,450;396,451;396,452;396,453;395,454;395,455;395,456;395,457;395,458;395,459;395,460;395,461;395,462;396,463;396,464;397,465;397,466;397,467;398,467;398,468;398,469;399,469;399,470;400,471;400,472;400,473;401,473;401,474;400,474;399,474;399,473;398,473;397,473;396,473;396,472;395,472;394,472;393,471;392,471;391,471;390,471;389,471;388,471;387,471;386,471;385,471;384,471;383,471;382,471;382,472;381,472;380,472;380,473;379,473;379,474;378,474;378,475;377,476;376,477;376,478;375,478;375,479;374,479;374,480;373,480;373,481;372,481;371,481;370,481;369,482;368,482;367,482;366,482;366,483;365,483;364,483;363,483;362,484;361,484;360,484;360,485;359,485;358,486;358,487;357,487;357,488;356,489;356,490;356,491;356,492;356,493;356,494;356,495;356,496;356,497;356,498;357,498;357,499;357,500;358,500;358,501;359,502;359,503;360,503;360,504;361,504;361,505;362,505;362,506;363,506;364,507;365,507;365,508;366,508;367,508;367,509;368,509;369,509;370,509;371,509;372,509;373,509;374,509;375,509;375,508;376,508;377,507;377,506;378,506;378,505;378,504;378,503;379,502;379,501;379,500;379,499;379,498;379,497;379,496;379,495;380,494;381,494;382,494;383,494;384,494;385,494;385,495;386,495;386,496;387,496;387,497;387,498;387,499;387,500;387,501;387,502;387,503;387,504;387,505;387,506;387,507;387,508;387,509;388,509;388,510;388,511;389,511;389,512;390,512;390,513;391,513;392,514;393,514;394,514;394,515;395,515;396,515;397,515;398,515;399,515;400,515;401,515;402,515;403,515;404,515;405,515;406,515;407,515;408,515;409,514;410,514;411,514;412,513;413,513;413,512;414,512;415,511;416,511;417,510;417,509;418,509;419,508;420,508;420,507;421,507;422,506;423,506;424,506;425,506;426,506;427,506;428,506;429,506;430,506;431,506;432,506;433,506;434,506;435,506;436,506;437,506;438,506;439,506;440,506;441,506;441,505;442,505;443,505;444,504;445,504;445,503;446,503;447,503;447,502;448,502;448,501;449,501;449,500;450,500;450,499;451,498;451,497;452,496;452,495;452,494;453,493;453,492;453,491;453,490;453,489;453,488;452,487;452,486;452,485;451,485;451,484;450,484;449,484;448,483;447,483;446,483;445,483;444,483;443,483;442,483;441,483;440,483;439,483;438,483;437,483;436,483;435,483;434,483;433,484;432,484;431,484;431,485;430,485;429,485;429,486;428,486;427,486;426,486;425,485;425,484;424,484;424,483;423,483;423,482;423,481;422,480;422,479;422,478;422,477;422,476;422,475;422,474;422,473;422,472;422,471;422,470;422,469;422,468;422,467;422,466;422,465;422,464;422,463;423,463;424,463;424,462;425,462;426,462;427,461;428,461;429,460;430,460;431,460;432,460;433,460;434,460;435,460;436,460;437,460;438,460;439,460;440,460;441,460;442,460;443,460;444,460;445,460;446,460;447,460;448,460;449,460;449,461;450,461;451,461;452,461;453,461;454,461;455,461;456,461;457,461;458,461;459,461;460,461;461,461;462,461;463,461;463,460;464,460;465,460;466,459;467,459;468,459;468,458;469,458;470,458;471,458;471,457;472,457;473,457;473,456;474,456;475,456;475,455;476,455;476,454;477,454;477,453;478,453;478,452;479,451;479,450;479,449;480,448;480,447;480,446;480,445;480,444;480,443;481,443;481,442;481,441;481,440;481,439;480,439;480,438;479,438;479,437;478,437;477,436;476,436;476,435;475,435;474,435;473,434;472,434;471,434;470,434;469,433;468,433;467,433;466,433;465,433;464,433;463,433;462,433;461,433;460,433;459,433;459,434;458,434;457,434;456,434;455,434;454,434;453,434;452,434;451,434;450,434;449,435;448,435;447,435;446,435;445,435;444,435;443,435;442,435;441,435;440,435;439,435;438,435;437,435;436,435;435,435;434,435;433,435;432,435;431,435;430,435;429,435;429,436;428,436;427,436;426,436;426,437;425,437;424,437;423,437;423,438;422,438;421,438;420,438;420,439;419,439;418,439;417,439;416,439;415,439;414,439;413,440;412,440;411,440;410,440;409,440;409,441;408,441;407,441;406,441;406,442;405,442;404,443;403,443;402,444;401,444;400,445;400,446;399,446;399,447;398,447;398,448;400,448;
Specular reflection; POLYGON; 191, 91, 22; 591,438;590,438;589,439;588,439;588,440;587,440;586,441;585,442;584,443;584,444;584,445;583,445;583,446;583,447;583,448;583,449;583,450;583,451;583,452;583,453;583,454;583,455;583,456;584,456;584,457;585,458;586,459;586,460;587,460;588,461;589,461;589,462;590,462;591,462;592,462;592,463;593,463;594,463;595,463;596,464;597,464;598,464;599,465;600,465;601,465;602,465;603,465;604,465;605,466;606,466;607,466;608,466;608,467;609,467;610,467;611,467;612,467;613,467;614,467;615,466;616,466;616,465;616,464;617,463;617,462;617,461;617,460;618,459;618,458;618,457;618,456;618,455;618,454;618,453;618,452;618,451;617,450;617,449;616,449;615,448;614,446;613,445;612,444;611,444;610,443;609,443;608,442;607,442;606,441;605,441;604,441;603,441;602,441;600,441;598,441;597,441;596,442;595,442;594,443;593,444;593,445;
Specular reflection; POLYGON; 191, 91, 22; 567,419;566,419;565,419;564,419;564,418;563,418;562,418;561,418;560,418;559,418;558,418;557,418;556,419;555,419;555,420;554,420;553,420;553,421;552,421;552,422;551,422;551,423;551,424;550,424;550,425;550,426;550,427;550,428;550,429;550,430;550,431;550,432;551,433;551,434;552,434;552,435;553,435;553,436;554,436;555,436;555,437;556,437;557,437;557,438;558,438;559,438;559,439;560,439;561,439;562,439;563,440;564,440;565,440;565,441;566,441;567,441;568,441;568,442;569,442;570,442;571,442;572,442;573,443;574,443;575,443;576,443;577,443;577,444;578,444;579,444;580,444;581,444;582,444;583,444;584,444;584,443;585,443;586,443;586,442;586,441;587,441;587,440;587,439;587,438;587,437;587,436;587,435;587,434;587,433;586,432;586,431;586,430;585,430;585,429;584,428;584,427;583,427;583,426;582,425;581,424;581,423;580,422;579,422;578,421;577,420;576,420;576,419;575,419;574,419;573,419;572,419;571,420;571,421;570,422;569,423;569,424;568,426;
Specular reflection; POLYGON; 191, 91, 22; 566,495;565,495;564,495;563,495;562,495;561,495;560,495;559,495;558,495;558,496;557,496;556,496;555,496;554,497;553,497;552,498;551,499;550,500;550,501;549,501;549,502;548,503;548,504;548,505;548,506;548,507;548,508;548,509;548,510;548,511;548,512;548,513;548,514;548,515;548,516;548,517;548,518;548,519;549,519;549,520;549,521;550,522;550,523;551,524;551,525;552,525;552,526;553,526;553,527;554,527;555,527;555,528;556,528;557,528;558,528;559,528;559,529;560,529;561,529;562,529;563,529;564,529;565,529;566,529;567,528;568,528;569,528;569,527;570,527;571,527;572,526;573,526;573,525;574,525;575,524;575,523;576,523;576,522;576,521;577,520;577,519;577,518;577,517;577,516;577,515;577,514;577,513;577,512;577,511;577,510;577,509;577,507;577,506;577,505;576,504;576,503;575,502;575,501;574,500;572,498;571,498;570,497;569,497;568,497;567,496;566,496;565,496;564,496;563,496;562,496;561,496;560,497;559,498;558,499;558,500;558,501;558,502;558,503;
Specular reflection; POLYGON; 191, 91, 22; 655,548;654,549;654,550;654,551;653,552;653,553;653,554;653,555;653,556;653,557;653,558;653,559;653,560;653,561;653,562;654,562;654,563;655,563;655,564;655,565;656,565;656,566;657,566;658,566;658,567;659,567;660,567;661,567;662,568;663,568;664,568;665,568;666,568;667,568;668,568;669,568;670,568;670,567;671,567;672,567;672,566;673,566;674,565;675,565;676,564;677,563;678,562;679,561;679,560;680,560;680,559;680,558;681,558;681,557;681,556;682,556;682,555;682,554;682,553;682,552;682,551;682,550;682,549;681,548;681,547;681,546;680,545;680,544;679,544;678,544;678,543;677,543;676,543;675,543;674,542;673,542;672,542;671,542;670,541;669,541;668,541;667,541;666,540;665,540;664,540;663,540;663,539;662,539;661,539;660,539;659,540;658,540;657,540;657,541;656,541;655,542;655,543;654,543;654,544;653,544;653,545;653,546;652,546;652,547;652,548;653,548;654,549;655,549;656,550;657,551;659,551;660,552;
Specular reflection; POLYGON; 191, 91, 22; 270,481;270,482;270,483;270,484;270,485;270,486;270,487;270,488;270,489;270,490;270,491;270,492;270,493;270,494;270,495;270,496;270,497;270,498;270,499;270,500;270,501;270,502;270,503;270,504;270,505;270,506;270,507;270,508;270,509;270,510;270,511;270,512;270,513;270,514;270,515;270,516;270,517;270,518;270,519;271,519;271,520;272,520;272,521;273,521;273,522;274,522;275,522;275,523;276,523;277,523;278,523;279,524;280,524;281,524;282,524;283,524;284,524;284,523;285,523;285,522;286,522;286,521;286,520;287,519;287,518;287,517;288,516;288,515;288,514;288,513;288,512;288,511;289,510;289,509;289,508;289,507;289,506;289,505;289,504;290,504;290,503;290,502;290,501;290,500;290,499;290,498;290,497;290,496;289,496;289,495;289,494;289,493;288,493;288,492;288,491;288,490;287,490;287,489;287,488;287,487;287,486;287,485;287,484;287,483;287,482;287,481;288,480;288,479;288,478;288,477;288,476;288,475;288,474;288,473;288,472;287,471;287,470;286,470;286,469;285,469;284,469;283,469;282,469;281,469;280,469;279,469;278,470;277,470;277,471;276,471;276,472;275,472;274,473;274,474;274,475;274,476;274,477;
Specular reflection; POLYGON; 191, 91, 22; 299,483;299,484;298,485;298,486;298,487;298,488;297,489;297,490;297,491;297,492;297,493;297,494;297,495;297,496;297,497;297,498;297,499;298,499;299,499;299,500;300,500;301,501;302,501;303,501;304,501;305,501;306,501;307,501;308,500;309,499;310,498;310,497;311,496;311,495;312,493;312,492;313,491;313,490;313,489;313,488;313,487;313,486;313,485;313,484;313,483;313,482;313,481;312,481;312,480;312,479;311,478;310,477;309,477;308,476;307,476;306,476;305,476;304,476;303,476;302,476;301,476;301,477;300,477;300,478;300,479;302,480;
Specular reflection; POLYGON; 191, 91, 22; 295,516;295,518;295,519;295,520;295,521;295,522;295,524;295,525;296,525;296,526;297,527;298,527;298,528;299,528;300,529;301,529;301,530;302,530;302,531;303,531;304,531;304,532;305,532;306,532;307,532;308,532;308,531;309,531;310,530;311,529;312,527;313,527;314,526;315,525;315,524;316,523;316,522;316,521;317,521;317,520;317,519;317,518;317,517;317,516;316,515;315,514;315,513;314,512;312,511;311,510;310,510;309,510;308,509;307,509;306,509;306,510;306,511;306,512;
Specular reflection; POLYGON; 191, 91, 22; 87,744;87,745;86,745;85,745;85,746;84,746;83,746;83,747;82,747;81,747;80,747;80,748;79,748;78,748;77,748;76,748;75,748;74,748;73,748;72,748;71,748;70,748;69,748;68,748;67,748;66,748;65,748;65,749;64,749;63,750;62,751;61,751;60,752;59,752;59,753;58,753;58,754;57,754;57,755;56,755;56,756;56,757;56,758;56,759;56,760;56,761;57,761;57,762;57,763;58,764;58,765;59,766;59,767;59,768;60,768;60,769;61,769;61,770;62,770;62,771;63,771;64,771;65,771;66,771;67,771;68,771;69,771;70,771;71,771;72,771;73,771;73,770;74,770;75,770;76,770;77,770;78,770;79,770;80,770;81,770;82,770;83,770;84,770;85,770;85,769;86,769;87,769;88,769;89,769;90,769;91,769;91,768;92,768;93,768;94,768;95,768;95,767;96,767;97,767;98,767;99,767;100,767;101,767;101,766;102,766;103,766;104,766;105,766;106,766;107,766;108,765;109,765;109,764;110,764;111,764;111,763;112,763;112,762;113,762;113,761;114,761;114,760;115,760;115,759;115,758;116,758;116,757;116,756;116,755;116,754;116,753;116,752;116,751;116,750;116,749;115,749;115,748;115,747;114,747;114,746;113,746;112,745;111,745;111,744;110,743;109,743;108,743;108,742;107,742;106,742;106,741;105,741;104,741;103,740;102,740;101,740;100,740;99,740;98,740;97,740;96,740;95,740;94,740;94,741;93,741;92,741;91,742;90,742;89,742;88,742;88,743;87,743;86,743;85,743;85,744;85,745;
Specular reflection; POLYGON; 191, 91, 22; 78,679;78,681;78,682;78,683;78,684;78,685;78,686;78,687;78,688;78,689;78,690;78,691;78,692;79,692;79,693;79,694;80,695;80,696;81,696;82,697;83,697;84,698;85,698;86,699;87,699;87,700;88,700;89,700;89,701;90,701;91,701;92,701;92,702;93,702;94,702;95,702;96,702;96,701;97,701;97,700;98,700;98,699;99,699;100,698;101,697;101,696;102,696;102,695;103,694;103,693;103,692;103,691;103,690;104,690;104,689;104,688;104,687;104,686;104,685;103,685;103,684;103,683;103,682;102,681;102,680;102,679;101,678;101,677;100,676;100,675;100,674;99,673;98,672;98,671;97,670;97,669;96,668;96,667;95,667;95,666;94,665;93,665;92,665;91,665;90,665;89,665;88,665;87,665;87,666;86,667;85,668;84,669;83,670;82,671;82,672;81,673;81,674;81,675;81,676;81,677;81,678;81,680;82,681;83,682;
Specular reflection; POLYGON; 191, 91, 22; 225,743;225,744;225,745;225,746;224,747;224,748;224,749;224,750;224,751;224,752;224,753;224,754;224,755;224,756;224,757;224,758;224,759;225,760;225,761;225,762;226,762;226,763;226,764;227,764;227,765;228,765;228,766;228,767;228,768;229,769;229,770;229,771;230,771;230,772;230,773;231,773;232,773;232,774;233,774;234,774;235,774;236,774;237,774;237,775;238,775;239,775;240,775;241,775;242,775;242,774;243,774;243,773;244,773;244,772;245,771;245,770;246,769;246,768;247,767;247,766;247,765;248,765;248,764;248,763;248,762;249,762;249,761;249,760;249,759;249,758;249,757;249,756;249,755;249,754;249,753;249,752;249,751;249,750;249,749;249,748;249,747;249,746;249,745;248,744;248,743;248,742;247,742;247,741;247,740;246,739;246,738;246,737;245,737;245,736;244,735;244,734;243,734;243,733;242,733;242,732;242,731;241,731;241,730;240,730;239,730;239,731;238,731;237,732;236,733;235,734;234,735;233,735;233,736;232,737;231,737;231,738;230,739;230,740;231,741;232,741;
Specular reflection; POLYGON; 191, 91, 22; 276,751;275,752;275,753;275,754;275,755;275,756;275,757;275,758;275,759;275,760;275,761;275,762;275,763;275,764;275,765;275,766;275,767;275,768;275,769;275,770;275,771;275,772;275,773;275,774;275,775;276,775;276,776;276,777;277,777;277,778;278,779;279,779;279,780;280,780;281,780;281,781;282,781;283,781;284,782;285,782;286,782;286,783;287,783;288,783;288,784;289,784;289,785;290,785;291,785;292,785;293,785;294,785;295,785;295,784;295,783;296,783;296,782;296,781;296,780;297,780;297,779;297,778;297,777;297,776;297,775;297,774;297,773;297,772;297,771;297,770;297,769;297,768;297,766;297,765;297,764;297,763;297,762;297,761;297,760;297,759;297,758;297,757;297,756;297,755;297,754;297,753;297,752;297,751;297,750;297,749;296,748;296,747;295,746;295,745;295,744;294,743;293,742;293,741;292,741;292,740;291,740;290,740;289,740;288,741;287,742;286,742;285,743;284,744;283,745;282,745;282,746;281,746;281,747;280,748;280,749;280,750;280,751;280,752;280,753;
Specular reflection; POLYGON; 191, 91, 22; 347,858;347,859;347,860;347,861;348,862;348,863;348,864;348,865;348,866;349,866;349,867;349,868;349,869;349,870;350,870;350,871;350,872;350,873;351,873;351,874;352,875;352,876;353,876;353,877;354,877;354,878;354,879;355,880;355,881;355,882;356,882;356,883;356,884;357,884;357,885;358,885;358,886;359,886;360,886;361,886;362,886;363,886;364,886;365,885;365,884;365,883;365,882;365,881;365,880;365,879;365,878;365,877;365,876;365,875;365,874;365,873;365,872;365,871;365,870;364,869;364,868;363,867;363,866;362,865;362,864;362,863;361,863;360,862;360,861;359,860;359,859;358,858;358,857;357,856;356,855;356,854;355,854;355,853;354,853;354,851;353,851;353,850;353,849;352,849;352,848;351,848;351,847;350,847;350,846;349,846;348,846;347,846;347,847;347,848;347,849;347,850;
Specular reflection; POLYGON; 191, 91, 22; 331,805;331,806;331,807;331,808;331,809;331,810;331,811;332,812;332,813;332,814;332,815;333,815;333,816;333,817;333,818;333,819;334,819;334,820;335,821;335,822;336,822;336,823;337,823;338,823;338,824;339,824;340,825;341,825;341,826;342,826;343,827;344,827;345,827;345,826;345,825;346,825;346,824;346,823;346,822;346,821;346,820;347,820;347,819;347,818;347,817;347,816;347,815;347,814;347,813;347,812;347,811;347,810;347,809;347,808;347,807;347,806;346,806;346,805;346,804;346,803;345,803;345,802;344,801;344,800;343,800;343,799;342,799;342,798;341,797;340,796;339,795;338,795;338,794;337,794;336,794;335,793;334,793;333,793;333,794;333,795;333,796;333,797;
Specular reflection; POLYGON; 191, 91, 22; 358,910;357,910;357,911;357,912;357,913;357,914;357,915;357,916;357,917;357,918;357,919;358,920;358,921;358,922;359,922;359,923;360,924;360,925;361,926;361,927;362,927;362,928;363,928;363,929;364,929;364,930;365,930;366,930;366,931;367,931;368,931;368,932;369,932;370,932;371,932;372,932;373,932;374,932;375,932;376,932;377,932;378,931;379,931;379,930;380,930;381,930;381,929;382,929;382,928;383,928;383,927;384,926;384,925;385,925;385,924;386,924;386,923;386,922;387,921;387,920;387,919;387,918;387,917;387,916;386,915;386,914;386,913;386,912;385,912;385,911;385,910;385,909;384,909;384,908;384,907;383,906;383,905;382,905;382,904;381,904;380,903;379,903;378,903;377,903;376,902;375,902;374,902;373,902;372,902;371,902;370,902;368,902;366,903;365,904;364,905;363,905;362,906;362,907;361,908;360,909;360,910;360,911;359,912;359,913;359,915;360,916;361,917;
Specular reflection; POLYGON; 191, 91, 22; 396,972;395,972;394,973;393,974;392,975;391,976;391,977;390,977;390,978;389,978;389,979;389,980;388,980;388,981;388,982;388,983;388,984;388,985;388,986;389,987;389,988;390,988;390,989;391,989;391,990;392,990;392,991;393,991;393,992;394,992;395,992;395,993;396,993;396,994;397,994;398,995;399,995;400,995;401,996;402,996;403,997;404,997;405,997;406,998;407,998;408,999;409,999;410,1000;411,1000;412,1001;413,1001;413,1002;414,1003;415,1003;415,1004;416,1004;416,1005;417,1005;418,1005;419,1005;419,1006;420,1006;421,1007;422,1007;422,1008;423,1008;424,1008;425,1008;426,1008;427,1008;428,1008;428,1009;429,1009;430,1009;431,1009;432,1009;433,1010;434,1010;435,1010;436,1010;437,1010;438,1010;438,1011;439,1011;440,1011;441,1011;442,1011;442,1012;443,1012;444,1012;445,1012;446,1012;447,1012;448,1012;449,1012;450,1012;451,1012;452,1012;453,1012;453,1011;454,1011;454,1010;454,1009;454,1008;454,1007;454,1006;454,1005;453,1004;453,1003;451,1001;450,1000;450,999;449,998;449,997;448,997;448,996;447,995;446,994;445,993;444,992;444,991;443,990;442,989;441,989;441,988;439,987;439,986;438,986;437,985;436,985;435,984;434,984;432,983;431,983;430,982;429,982;428,981;427,981;426,980;425,980;424,980;423,979;422,979;421,979;420,978;419,978;418,978;417,978;415,978;414,978;413,977;412,977;410,977;409,977;408,977;406,977;405,977;404,977;403,977;403,976;402,976;401,976;400,976;400,975;399,975;398,974;397,974;397,973;395,973;394,972;393,972;392,972;
Specular reflection; POLYGON; 191, 91, 22; 320,965;320,966;320,967;321,968;321,969;322,970;322,971;322,972;322,973;323,974;323,975;323,976;323,977;323,978;323,979;323,980;323,981;323,982;323,983;323,984;323,985;322,986;322,987;322,988;321,988;321,989;320,989;320,990;319,990;319,991;318,991;317,991;316,991;316,992;315,992;314,993;313,993;313,994;312,994;311,994;311,995;310,995;309,995;308,995;308,996;307,996;306,997;305,997;304,997;303,997;303,998;302,998;301,998;301,999;300,999;299,999;299,1000;298,1000;297,1000;297,1001;296,1001;295,1001;294,1002;293,1002;292,1002;291,1002;290,1002;289,1002;288,1002;287,1002;286,1003;285,1003;284,1003;283,1004;282,1004;281,1004;280,1004;279,1005;278,1005;277,1005;277,1006;276,1006;275,1006;274,1007;273,1007;272,1008;271,1008;271,1009;270,1009;270,1010;270,1011;270,1012;270,1013;271,1014;271,1015;271,1016;272,1016;272,1017;272,1018;272,1019;272,1020;272,1021;271,1021;271,1022;270,1022;270,1023;269,1023;268,1023;267,1023;266,1023;265,1023;264,1023;263,1023;262,1023;261,1023;260,1023;260,1022;259,1022;258,1022;257,1022;256,1022;255,1021;254,1021;253,1021;252,1021;252,1020;251,1020;250,1019;249,1019;249,1018;248,1018;247,1018;247,1017;246,1017;245,1017;245,1016;244,1016;243,1015;242,1015;241,1015;241,1014;240,1014;240,1013;239,1013;239,1012;238,1011;238,1010;237,1010;237,1009;236,1009;236,1008;236,1007;236,1006;237,1005;237,1004;237,1003;238,1003;238,1002;238,1001;239,1001;239,1000;240,1000;240,999;240,998;241,998;241,997;242,997;242,996;242,995;242,994;242,993;242,992;241,992;240,991;239,991;238,991;238,990;237,990;236,990;235,990;234,990;233,990;232,990;231,990;230,990;229,990;228,990;227,991;226,991;225,992;224,992;224,993;223,993;223,994;222,994;222,995;222,996;222,997;222,998;222,999;223,1000;224,1001;225,1002;225,1003;226,1003;227,1004;228,1004;228,1005;229,1005;229,1006;230,1006;231,1006;231,1007;232,1007;232,1008;233,1008;233,1009;234,1010;234,1011;235,1012;235,1013;235,1014;235,1015;235,1016;235,1017;235,1018;235,1019;235,1020;235,1021;235,1022;235,1023;234,1023;234,1024;233,1024;232,1024;231,1024;230,1024;229,1024;228,1024;227,1024;226,1024;226,1023;225,1023;224,1023;223,1022;222,1022;222,1021;221,1021;221,1020;220,1020;219,1019;218,1019;217,1018;216,1018;216,1017;215,1017;215,1016;214,1016;214,1015;214,1014;214,1013;213,1013;213,1012;212,1012;211,1012;210,1012;209,1012;208,1012;207,1012;206,1012;205,1012;204,1012;203,1012;202,1012;202,1013;201,1013;200,1013;199,1013;198,1013;197,1013;196,1013;195,1013;194,1013;193,1012;192,1012;192,1011;191,1011;191,1010;190,1010;189,1009;188,1009;188,1008;187,1008;186,1007;185,1007;185,1006;184,1006;183,1005;182,1004;181,1003;180,1003;180,1002;180,1001;180,1000;180,999;179,999;179,998;179,997;179,996;179,995;178,995;178,994;178,993;178,992;178,991;178,990;178,989;178,988;178,987;178,986;178,985;178,984;179,984;179,983;179,982;180,982;180,981;180,980;181,980;181,979;182,979;182,978;183,978;183,977;184,976;184,975;185,975;186,974;187,973;188,972;189,972;189,971;190,971;190,970;191,970;191,969;192,969;192,968;193,967;193,966;194,966;194,965;194,964;194,963;194,962;194,961;195,961;195,960;195,959;195,958;195,957;195,956;196,956;196,955;196,954;197,954;197,953;198,953;199,953;199,952;200,952;201,952;201,951;202,951;203,951;204,951;205,950;206,950;206,949;207,949;207,948;208,948;208,947;209,946;210,946;210,945;211,945;211,944;212,944;213,944;213,943;214,943;215,942;216,942;216,941;217,941;217,940;218,940;218,939;219,939;219,938;220,938;220,937;221,937;221,936;222,935;223,935;223,934;225,933;226,932;227,932;227,931;228,931;228,930;229,930;230,930;230,929;231,929;231,928;232,928;233,927;234,927;234,926;235,926;235,925;236,925;236,924;236,923;236,922;236,921;236,920;236,919;236,918;237,918;237,917;237,916;238,915;238,914;239,914;239,913;240,912;241,911;242,911;242,910;243,910;243,909;244,909;245,908;246,908;246,907;247,907;248,906;249,906;249,905;250,905;251,904;251,903;252,903;252,902;253,902;253,901;254,901;254,900;255,900;256,899;257,899;258,899;259,899;260,899;261,899;262,899;263,899;264,899;264,900;265,900;266,901;266,902;267,902;268,903;268,904;269,904;269,905;270,905;270,906;271,907;271,908;271,909;271,910;271,911;271,912;271,913;271,914;272,914;272,915;272,916;272,917;272,918;272,919;272,920;272,921;272,922;272,923;272,924;272,925;272,926;272,927;272,928;272,929;272,930;273,931;273,932;274,932;275,932;276,933;277,933;277,934;277,935;277,936;278,937;278,938;278,939;279,939;279,940;280,941;280,942;280,943;281,943;281,944;282,945;283,945;283,946;284,946;285,946;286,946;287,946;288,946;289,946;290,946;291,946;292,946;293,946;294,946;295,946;296,946;297,946;298,946;299,946;300,946;301,946;302,946;303,946;304,946;305,946;306,946;307,946;308,946;309,946;310,946;311,947;312,947;312,948;313,948;313,949;314,950;315,950;315,951;316,951;316,952;317,953;317,954;318,954;318,955;319,955;319,956;320,956;321,956;322,957;
Specular reflection; POLYGON; 191, 91, 22; 296,943;297,943;298,943;299,943;300,942;301,942;302,941;303,941;304,940;305,940;306,940;307,940;308,940;308,941;309,942;310,943;310,944;311,944;311,945;312,945;312,946;313,947;313,948;314,949;314,950;315,950;315,951;315,952;316,952;316,953;317,953;318,954;319,955;319,956;320,956;320,957;321,957;321,958;321,959;322,959;322,960;323,960;323,961;323,962;324,962;324,963;324,964;325,964;325,965;326,966;326,967;326,968;327,968;327,969;327,970;327,971;328,972;328,973;328,974;328,975;328,976;328,977;328,978;327,979;327,980;326,981;326,982;325,982;325,983;324,984;324,985;323,985;323,986;322,987;321,987;320,988;320,989;319,990;318,990;318,991;317,991;317,992;316,992;316,993;315,993;315,994;314,994;313,995;312,996;312,997;311,997;311,998;310,998;310,999;309,1000;308,1000;308,1001;307,1001;307,1002;306,1002;306,1003;305,1003;304,1004;303,1005;302,1006;301,1006;301,1007;300,1007;299,1007;299,1008;298,1008;297,1008;296,1008;296,1009;295,1009;294,1009;293,1009;292,1009;291,1009;289,1009;288,1009;287,1009;286,1009;285,1009;284,1009;283,1008;282,1008;281,1008;280,1008;279,1008;278,1008;277,1008;276,1008;275,1008;275,1007;274,1007;273,1006;272,1006;272,1005;271,1005;270,1004;269,1003;269,1002;269,1001;269,1000;270,1000;
Specular reflection; POLYGON; 191, 91, 22; 333,1001;332,1001;332,1002;331,1003;331,1004;330,1005;330,1006;330,1007;329,1008;329,1009;329,1010;329,1011;329,1012;329,1013;330,1013;330,1014;331,1015;331,1016;332,1016;332,1017;332,1018;333,1018;333,1019;334,1019;334,1020;335,1020;335,1021;336,1021;337,1022;338,1022;338,1023;339,1023;340,1023;341,1023;342,1023;343,1023;344,1023;345,1023;346,1023;347,1023;347,1024;348,1024;349,1024;350,1024;351,1025;352,1025;353,1025;354,1025;355,1025;356,1025;357,1025;358,1025;359,1025;359,1024;360,1024;360,1023;361,1022;361,1021;361,1020;362,1020;362,1019;362,1018;362,1017;362,1016;362,1015;362,1014;361,1014;361,1013;360,1013;360,1011;359,1011;358,1010;357,1009;356,1008;355,1008;354,1007;353,1006;352,1005;350,1004;348,1004;346,1003;345,1002;344,1002;343,1002;342,1002;341,1002;340,1002;340,1003;339,1003;339,1004;339,1006;
Specular reflection; POLYGON; 191, 91, 22; 320,980;321,980;322,979;323,979;323,978;324,978;325,977;326,977;326,976;327,976;327,975;328,974;328,973;329,973;329,972;330,971;330,970;330,969;330,968;331,968;331,967;331,966;331,965;331,964;330,963;330,962;330,961;329,961;329,960;329,959;328,959;328,958;328,957;327,956;327,955;326,954;326,953;325,953;324,952;324,951;323,951;322,950;321,949;320,948;319,948;319,947;318,947;318,946;317,946;317,945;316,945;316,944;315,944;314,944;314,943;313,943;313,942;312,942;312,941;311,941;311,940;310,940;309,939;308,939;308,938;307,938;306,938;306,937;305,937;304,937;303,937;303,938;302,938;302,939;301,939;301,940;300,940;299,940;299,941;298,941;297,941;296,941;295,941;294,941;293,941;292,941;292,940;291,940;290,939;290,938;289,938;289,937;288,937;288,936;287,935;286,934;286,933;285,932;285,931;284,931;284,930;283,929;283,928;283,927;282,926;282,925;281,924;281,923;281,922;280,922;280,921;280,920;279,919;279,918;279,917;279,916;278,916;278,915;278,914;277,913;277,912;277,911;276,910;276,909;276,908;275,907;275,906;274,905;273,904;273,903;272,903;272,902;271,902;271,901;270,901;270,900;269,900;269,899;268,899;267,898;266,898;266,897;265,897;264,897;263,897;262,897;261,897;260,897;260,896;259,896;258,896;257,896;256,896;255,896;254,896;253,896;253,897;252,897;251,898;250,899;249,899;248,900;247,900;246,901;245,901;245,902;244,902;243,902;243,903;242,903;242,904;241,905;240,905;240,906;239,906;239,907;238,908;237,908;237,909;236,909;235,910;234,911;233,912;232,913;231,913;231,914;230,915;230,916;229,916;228,917;228,918;227,919;227,920;226,921;226,922;226,923;225,924;225,925;225,926;225,927;224,928;224,930;224,931;224,932;224,933;224,934;224,935;224,936;225,937;225,938;226,938;227,939;228,940;228,941;230,942;230,943;231,944;232,944;233,945;234,946;235,947;236,948;237,949;238,950;239,950;240,951;241,951;242,952;243,953;244,953;245,953;246,954;247,954;248,954;249,955;250,955;251,956;252,956;253,956;253,957;254,957;255,957;256,958;257,958;258,958;259,959;260,959;261,959;262,960;263,960;264,960;265,960;267,960;268,960;269,960;271,960;272,960;273,960;274,960;275,960;276,960;277,960;278,960;280,960;281,960;282,960;283,960;284,960;285,960;286,960;287,960;288,960;289,960;290,960;291,960;292,960;293,959;294,959;295,959;
Specular reflection; POLYGON; 191, 91, 22; 293,942;293,941;293,940;293,939;293,938;293,937;293,936;293,935;293,934;293,933;293,932;293,931;293,930;292,930;292,929;292,928;291,927;291,926;290,926;290,925;289,925;289,924;288,923;287,923;286,922;285,922;284,922;283,921;282,921;281,921;280,921;279,921;278,921;277,921;276,921;276,922;276,923;275,923;275,924;275,925;275,927;274,928;274,929;274,930;274,932;274,933;274,935;275,937;276,939;276,941;277,943;278,945;279,947;
Specular reflection; POLYGON; 191, 91, 22; 119,896;118,896;118,897;117,898;116,900;115,901;115,902;114,903;114,904;113,904;113,905;112,906;112,907;111,907;111,908;110,909;110,910;109,910;109,911;109,912;108,912;108,913;108,914;107,914;107,915;107,916;107,917;106,918;106,919;106,920;106,921;106,922;105,923;105,924;105,925;105,926;105,927;105,928;105,929;105,930;105,931;105,932;105,933;105,934;104,935;103,936;102,937;101,938;100,939;99,940;98,941;98,942;98,943;97,943;97,944;96,945;96,946;96,947;95,948;95,949;95,950;95,951;95,952;95,953;95,954;95,955;95,956;95,957;95,958;95,959;95,960;95,961;95,962;95,963;96,964;96,965;97,966;97,967;98,967;98,968;99,969;100,970;100,971;101,971;102,972;103,972;103,973;104,973;105,974;106,974;107,975;108,975;108,976;109,976;110,976;110,977;111,977;112,978;113,978;113,979;114,979;115,979;116,979;118,979;119,979;120,979;121,979;122,980;123,980;124,980;125,980;126,980;127,980;128,980;129,980;130,980;131,979;132,979;132,978;133,978;133,977;134,977;134,976;135,975;135,974;135,973;135,972;135,971;135,970;135,969;136,968;136,967;136,966;136,964;136,963;136,962;136,961;136,960;136,959;137,959;137,958;137,957;137,956;137,955;138,955;138,954;138,953;138,952;138,951;137,950;137,949;136,948;136,947;135,946;134,946;134,945;133,945;133,944;132,944;132,943;131,942;130,942;130,941;129,940;128,940;128,939;127,939;128,939;129,939;130,939;131,939;132,939;133,939;134,939;134,938;135,938;136,938;137,937;138,936;139,936;139,935;140,935;140,934;141,934;141,933;141,932;142,932;142,931;142,930;142,929;143,928;143,927;143,926;144,926;144,925;144,924;144,923;144,922;145,922;145,921;145,920;145,919;145,918;145,917;145,916;145,915;144,914;144,913;144,912;143,911;143,910;142,909;142,908;141,908;141,907;141,906;140,906;140,905;139,905;139,904;139,903;139,902;139,901;139,900;139,899;139,898;140,898;140,897;140,896;140,895;140,894;140,893;141,892;141,891;141,890;141,889;141,888;141,887;141,886;141,885;140,884;140,883;140,882;139,881;139,880;139,879;139,878;138,877;138,876;138,875;137,875;137,874;136,874;135,874;134,874;133,874;133,875;132,875;131,875;130,876;129,876;128,877;127,877;126,878;125,879;124,880;123,880;123,881;122,882;121,882;121,883;120,884;120,885;120,886;119,888;119,889;120,890;120,891;121,892;122,894;
Specular reflection; POLYGON; 191, 91, 22; 68,817;68,820;68,822;68,823;68,825;69,827;69,828;70,830;70,831;70,833;71,835;71,836;71,837;72,838;72,841;73,842;73,843;74,844;74,845;75,846;75,847;76,847;76,848;76,849;76,850;76,851;76,852;77,852;77,853;77,854;78,855;78,856;79,857;79,858;80,858;80,859;81,859;82,859;82,860;83,860;84,860;84,861;85,861;86,861;87,862;88,862;89,862;90,862;90,861;91,861;92,860;93,860;94,859;95,859;96,859;97,858;98,858;99,858;99,857;100,857;100,856;101,856;101,855;102,854;102,853;103,853;103,852;103,851;104,850;104,849;104,848;105,848;105,847;105,846;106,846;106,845;106,844;107,843;107,842;107,841;107,840;107,839;108,838;108,837;108,836;108,835;108,834;108,833;108,832;108,831;107,830;107,829;106,828;105,827;105,826;104,826;104,825;103,825;103,824;102,824;102,823;101,823;101,822;100,821;99,820;98,819;97,818;96,818;96,817;96,816;95,816;95,815;94,814;94,813;94,812;93,812;93,811;93,810;92,809;92,808;91,808;91,807;91,806;90,805;90,804;89,804;88,803;87,802;86,802;86,801;85,801;84,801;83,801;82,801;81,801;80,801;79,801;78,802;77,802;76,803;75,803;74,804;73,804;73,805;73,806;73,807;73,808;73,809;
Specular reflection; POLYGON; 191, 91, 22; 44,813;43,813;42,813;41,813;40,813;39,813;38,814;37,814;36,814;36,815;35,815;34,815;34,816;33,816;32,816;32,817;31,817;30,818;29,818;29,819;28,819;28,820;27,821;26,822;26,823;25,823;25,824;24,825;24,826;23,826;23,827;23,828;22,828;22,829;22,830;21,831;21,832;21,833;21,834;22,835;23,835;24,836;25,836;25,837;26,837;27,837;27,838;28,838;29,838;30,838;31,839;32,839;33,839;34,839;35,839;36,839;36,840;37,840;38,840;39,840;40,840;41,840;42,840;43,840;44,840;45,840;46,840;46,839;47,839;48,839;49,838;50,838;51,837;52,837;53,836;54,836;54,835;55,835;55,834;56,834;56,833;57,833;57,832;58,832;58,831;59,831;59,830;60,830;61,829;62,828;63,828;63,827;64,827;64,826;65,826;65,825;66,825;67,824;67,823;68,823;68,822;68,821;69,821;69,820;69,819;69,818;69,817;68,817;68,816;67,815;66,815;66,814;65,813;64,813;63,812;62,812;60,811;59,810;58,810;56,810;55,810;53,809;52,809;51,809;49,809;47,809;47,810;46,810;45,811;45,812;45,813;45,814;
Specular reflection; POLYGON; 191, 91, 22; 157,809;157,810;156,810;155,810;155,811;154,811;153,812;152,813;151,813;151,814;150,815;149,816;148,817;148,818;147,819;147,820;146,820;146,821;145,822;145,823;144,823;144,824;143,825;142,826;142,827;141,828;141,829;140,829;140,830;139,830;138,831;137,831;137,832;136,832;136,833;135,833;134,834;134,835;133,835;132,836;132,837;131,837;131,838;130,838;130,839;129,840;128,841;128,842;128,843;127,843;127,844;127,845;127,846;126,846;126,847;126,848;126,849;126,850;127,850;128,851;129,851;129,852;130,852;131,852;131,853;132,853;133,853;134,853;135,854;136,854;137,854;138,854;139,855;140,855;141,855;141,856;142,856;143,856;144,856;145,856;146,855;147,855;148,855;149,854;150,854;151,854;152,853;153,853;153,852;154,852;155,851;156,851;156,850;157,850;157,849;158,849;159,848;160,848;161,848;162,848;162,847;163,847;164,847;164,846;165,846;166,846;166,845;167,845;168,845;168,844;169,844;169,843;170,843;170,842;171,842;171,841;172,840;172,839;173,839;173,838;173,837;174,837;174,836;174,835;175,835;175,834;175,833;175,832;176,832;176,831;176,830;176,829;176,828;176,827;176,826;176,825;176,824;176,823;176,822;175,821;175,820;175,818;174,817;173,816;173,815;172,815;171,814;171,813;170,812;169,811;168,810;167,810;167,809;166,809;165,808;164,807;163,807;162,806;162,807;162,809;
Specular reflection; POLYGON; 191, 91, 22; 384,548;383,549;382,550;382,551;382,552;381,553;381,554;380,556;379,557;379,558;379,559;379,560;379,561;379,562;379,563;379,564;379,565;379,566;380,566;380,567;381,567;381,568;382,568;383,568;384,569;385,569;386,570;387,570;388,570;388,571;389,571;390,571;391,571;392,571;393,571;394,571;395,571;396,571;397,571;398,571;399,571;400,571;401,571;402,571;402,570;403,570;404,569;405,568;406,567;407,566;408,565;409,564;409,563;410,563;410,562;411,561;411,560;412,559;412,558;412,557;412,556;413,555;413,554;413,553;413,552;413,551;413,550;413,549;412,549;412,548;411,547;410,546;408,545;407,544;405,544;405,543;404,543;402,542;400,542;399,542;398,542;396,542;395,542;394,542;393,542;391,543;390,543;389,543;388,543;388,544;387,545;387,547;387,548;387,550;
Specular reflection; POLYGON; 191, 91, 22; 596,214;595,214;594,214;593,214;592,215;591,215;590,216;589,217;588,217;588,218;587,218;587,219;586,219;586,220;585,220;584,220;583,220;583,221;582,221;581,222;580,222;580,223;579,223;579,224;578,224;577,225;576,226;575,227;574,228;574,229;573,229;573,230;572,230;572,231;571,231;571,232;571,233;571,234;571,235;571,236;571,237;571,238;571,239;572,239;572,240;573,240;573,241;574,241;575,241;576,242;577,242;578,242;579,242;579,243;580,243;581,243;582,243;583,243;584,243;585,243;586,243;587,244;588,244;589,244;590,244;591,244;591,245;592,245;593,245;594,245;595,245;596,245;597,245;598,244;599,244;600,244;601,244;602,244;603,244;604,244;605,244;606,244;607,244;608,244;608,243;609,243;610,243;611,243;612,243;613,243;614,243;615,243;616,243;617,243;618,243;619,243;620,243;621,243;622,243;623,243;624,243;624,242;625,242;626,242;627,241;628,241;629,240;630,240;630,239;631,239;632,239;632,238;633,238;634,238;634,237;635,237;636,237;636,236;637,236;638,236;639,236;640,236;640,235;641,235;642,234;643,234;645,233;646,233;646,232;647,232;648,232;649,231;650,231;651,231;652,231;653,231;654,230;655,230;656,230;657,229;658,229;659,229;660,229;661,229;662,229;663,229;664,229;665,229;666,228;667,228;668,228;669,227;670,227;671,227;672,227;672,226;673,226;674,226;675,226;676,226;677,226;678,226;679,226;680,226;681,226;682,226;683,226;684,226;685,226;686,226;687,226;688,227;689,227;690,227;691,227;692,227;693,227;694,227;695,227;696,227;696,226;697,226;698,226;698,225;699,225;700,225;700,224;701,224;702,224;703,224;704,224;705,224;706,224;707,224;708,223;709,223;710,223;711,223;712,222;713,222;714,222;715,222;716,222;717,221;718,221;719,221;720,221;721,221;722,220;723,220;724,219;725,219;725,218;726,218;727,218;727,217;728,217;729,217;730,216;731,216;732,216;733,215;734,215;734,214;735,214;736,214;736,213;737,213;738,212;739,212;740,212;740,211;741,211;742,211;742,210;743,210;744,210;744,209;745,209;746,209;746,208;747,208;748,208;748,207;749,207;749,206;750,206;751,205;752,205;752,204;753,204;754,203;754,202;755,202;755,201;755,200;756,200;756,199;756,198;756,197;756,196;756,195;756,194;755,194;754,194;754,193;753,193;752,193;751,192;750,192;749,192;748,192;747,192;746,192;745,192;744,192;743,192;742,192;742,191;741,191;740,191;739,191;738,191;737,190;736,190;735,190;734,190;733,190;733,189;732,189;731,189;730,189;729,189;728,189;727,189;726,189;725,189;724,189;724,190;723,190;722,190;721,190;720,190;719,191;718,191;717,192;716,192;715,193;714,193;713,193;713,194;712,194;711,194;711,195;709,195;708,196;707,196;706,196;706,197;705,197;704,197;703,197;703,198;702,198;701,199;700,199;699,200;698,201;697,201;697,202;696,202;696,203;695,203;694,204;693,204;693,205;692,205;692,206;691,206;690,206;690,207;689,207;688,207;687,207;686,207;685,207;684,207;683,207;682,207;681,207;681,206;680,206;679,206;678,205;677,205;677,204;676,204;675,204;674,204;673,204;672,204;671,204;669,204;668,204;667,204;666,204;665,204;664,203;663,203;662,203;661,203;660,203;659,203;659,204;658,204;657,204;656,204;655,205;654,205;654,206;653,206;652,206;651,206;650,206;649,206;648,206;647,206;646,206;645,206;644,206;643,206;642,206;641,206;641,207;640,207;639,207;638,207;637,207;636,207;635,207;634,207;633,207;632,208;631,208;630,208;629,208;628,208;627,208;627,209;626,209;625,209;624,209;623,210;622,210;621,210;621,211;620,211;619,211;618,212;617,212;616,212;616,213;615,213;614,214;613,214;612,214;611,214;610,214;609,215;608,215;607,215;606,215;605,215;604,215;603,215;602,215;601,215;600,215;599,214;598,214;597,214;596,214;595,214;594,214;594,213;593,213;592,213;591,213;590,213;590,212;
Specular reflection; POLYGON; 191, 91, 22; 619,300;618,300;617,301;616,301;614,302;612,303;611,304;610,304;609,305;608,305;607,306;606,307;605,308;604,308;604,309;603,309;603,310;602,310;602,311;601,312;600,313;599,313;599,314;598,314;598,315;598,316;597,316;597,317;597,318;598,319;598,320;599,321;599,322;600,322;600,323;600,324;601,324;601,325;602,325;603,325;604,326;605,326;606,326;606,327;607,327;608,327;608,328;609,328;610,328;611,329;612,329;613,329;614,329;615,329;616,329;617,329;618,329;619,329;620,329;621,329;622,329;622,330;623,330;624,330;625,330;626,330;627,330;628,330;629,330;630,330;631,329;632,329;633,329;634,329;635,329;635,328;636,328;637,328;638,328;639,327;640,327;641,327;642,326;643,326;644,326;645,325;646,325;647,324;648,324;648,323;649,323;650,323;651,322;652,322;652,321;653,321;653,320;654,319;654,318;655,318;655,317;656,316;656,315;657,314;657,313;657,312;657,311;657,310;657,309;657,308;656,307;655,307;655,306;654,306;653,305;652,304;651,304;651,303;650,303;649,302;648,302;647,302;646,302;645,302;644,302;643,302;642,302;640,302;639,302;638,302;637,302;636,302;635,302;634,302;632,302;631,302;630,302;629,302;627,302;626,302;625,302;623,303;622,303;621,303;620,303;619,303;619,304;618,304;618,305;617,306;617,307;617,308;
Specular reflection; POLYGON; 191, 91, 22; 818,231;817,231;816,232;815,232;814,232;813,232;812,232;811,233;810,233;809,233;808,234;807,234;806,234;806,235;804,235;804,236;803,236;802,236;801,237;800,238;799,238;798,238;798,239;797,239;796,239;795,240;794,240;793,240;792,240;791,241;790,241;789,241;788,241;787,242;786,242;785,242;785,243;785,244;784,244;784,245;783,245;783,246;783,247;782,247;782,248;782,249;782,250;782,251;782,252;782,253;782,254;783,254;783,255;784,255;785,256;786,256;786,257;787,257;789,257;791,257;792,258;794,258;795,258;796,258;797,258;799,258;800,258;801,258;802,258;803,258;804,258;805,258;806,258;807,258;808,258;809,258;810,258;811,258;812,258;813,258;814,258;815,258;816,258;817,258;818,258;819,258;820,258;821,258;822,257;823,257;824,257;825,257;826,256;827,256;828,256;829,255;830,255;831,255;832,254;833,254;834,253;835,253;836,252;838,251;839,251;839,250;841,249;842,249;842,248;843,247;844,246;845,246;846,245;847,244;847,243;848,243;849,242;849,241;849,240;849,239;850,239;850,238;850,237;850,236;849,236;848,236;848,235;847,235;846,234;845,234;845,233;844,233;843,233;842,233;841,233;840,232;838,232;837,232;836,231;835,231;833,231;831,231;829,231;827,231;826,231;824,231;822,233;822,234;820,236;820,238;
Specular reflection; POLYGON; 191, 91, 22; 898,170;897,172;897,173;896,174;896,175;896,176;896,177;896,178;896,179;896,180;897,182;897,183;898,183;898,184;899,184;899,185;900,185;900,186;901,186;902,186;903,186;904,186;905,186;906,186;907,186;908,186;909,186;910,186;911,186;912,185;913,185;914,185;915,185;916,185;917,185;917,184;918,184;919,184;920,184;920,183;921,183;922,182;923,182;923,181;924,181;924,180;925,180;925,179;925,178;925,177;926,176;926,175;926,174;926,173;926,172;925,171;924,170;924,169;923,168;923,167;922,166;922,165;921,164;920,164;920,163;919,162;918,161;917,161;916,161;915,161;914,161;913,161;912,161;911,162;909,162;908,163;907,164;906,165;905,167;904,168;903,169;902,170;901,171;901,172;901,173;901,174;
Specular reflection; POLYGON; 191, 91, 22; 508,323;507,324;506,324;504,325;503,325;502,325;501,326;500,326;498,327;497,327;496,327;495,328;494,328;492,329;490,329;489,330;488,330;486,331;485,331;484,331;483,332;482,332;481,332;480,332;479,332;478,332;477,333;476,333;475,333;474,334;473,334;473,335;472,335;472,336;471,336;471,337;470,337;470,338;470,339;469,340;469,341;468,342;468,343;468,344;468,345;468,346;468,347;469,348;470,348;470,349;471,349;472,349;473,349;474,349;475,349;476,349;477,349;478,349;479,349;480,350;481,350;482,350;483,350;484,350;485,350;487,350;488,350;489,350;490,350;491,350;493,349;494,349;495,349;496,349;497,349;499,349;500,349;501,349;502,349;503,349;504,349;505,348;506,348;507,348;508,348;509,348;510,348;511,348;512,348;513,348;514,348;515,348;516,347;517,347;518,347;518,346;519,346;520,346;521,346;522,345;523,345;524,345;524,344;525,344;526,344;526,343;527,343;528,342;529,342;529,341;530,341;531,340;532,339;533,338;533,337;534,337;534,336;534,335;535,334;535,333;535,332;536,332;536,330;536,329;536,328;536,327;536,326;536,325;536,324;535,324;535,323;534,323;534,322;533,322;532,322;531,322;531,321;529,321;528,321;527,321;524,321;523,321;522,321;520,321;518,321;517,321;516,321;515,321;513,321;512,321;511,321;509,322;508,323;
Specular reflection; POLYGON; 191, 91, 22; 512,155;511,155;510,156;509,156;508,156;507,157;506,157;504,157;503,158;502,158;501,159;500,159;499,160;498,160;497,161;496,162;494,163;493,163;492,164;491,164;490,164;490,165;488,165;487,166;486,166;485,166;484,166;484,167;482,168;481,168;479,169;477,170;476,171;475,172;474,172;473,173;472,174;471,174;470,175;469,176;468,176;468,177;467,177;466,178;465,179;465,180;464,180;464,181;463,181;463,182;462,183;461,184;461,185;460,186;460,187;460,188;460,189;460,190;461,190;461,191;462,191;463,191;464,191;465,191;466,192;467,192;468,192;469,192;470,192;471,192;472,192;473,192;474,192;475,192;476,192;477,193;478,193;479,193;480,193;481,193;482,193;483,193;484,193;485,193;486,193;488,193;489,192;490,192;491,191;492,191;493,191;494,190;495,190;496,190;497,190;497,189;498,189;499,189;500,188;501,188;502,187;503,187;504,187;505,186;507,185;508,184;509,184;510,184;511,183;512,183;513,182;514,182;515,182;516,181;517,181;518,181;519,180;520,180;522,179;524,178;525,178;526,177;528,176;529,176;530,175;531,175;532,174;533,174;534,174;534,173;535,173;536,172;537,172;538,172;539,171;540,170;541,170;542,170;543,169;544,169;545,168;546,168;547,167;548,167;549,166;550,166;550,165;551,165;551,164;552,164;552,163;553,163;553,162;553,161;554,160;554,159;555,158;555,157;555,156;555,155;555,154;554,154;554,153;553,153;553,152;553,151;552,151;551,150;550,150;549,150;548,150;548,149;547,149;546,149;545,149;543,149;541,149;540,149;539,149;538,150;537,150;536,150;535,150;534,150;533,151;532,151;531,151;530,152;529,152;528,152;526,153;525,153;524,153;523,153;522,154;521,154;520,154;519,155;518,155;517,155;516,156;515,156;514,157;513,158;512,159;512,160;511,161;511,162;511,163;
Specular reflection; POLYGON; 191, 91, 22; 417,166;416,166;414,166;413,167;412,167;411,167;410,168;409,168;408,169;407,169;405,169;404,170;403,170;402,170;401,171;399,171;398,172;396,173;395,174;393,174;392,175;391,176;390,176;389,177;388,177;387,177;387,178;386,178;385,178;385,179;384,179;384,180;383,180;382,181;381,181;381,182;380,183;380,184;380,185;380,186;379,186;379,187;379,188;379,189;379,190;379,191;380,191;380,192;381,193;382,194;383,194;384,194;384,195;385,195;386,195;387,195;388,195;389,195;390,195;391,195;392,195;393,195;395,195;396,195;397,195;398,195;400,194;401,194;403,194;404,193;405,193;406,193;407,192;408,192;409,192;410,192;411,192;412,192;413,191;414,191;415,191;416,190;417,190;418,190;419,189;420,189;421,188;422,188;423,188;424,187;425,187;426,187;427,187;428,187;428,186;429,186;430,186;431,185;432,185;433,185;434,184;435,184;436,184;436,183;437,183;438,183;438,182;439,182;440,182;440,181;441,181;442,180;443,180;443,179;444,179;445,178;446,178;446,177;447,177;447,176;448,176;449,175;450,174;450,173;451,173;451,172;451,171;452,171;452,170;453,169;453,168;453,167;453,166;453,165;453,164;452,164;452,163;451,163;450,163;449,163;448,163;447,163;446,163;445,163;443,163;441,163;440,163;438,163;436,163;434,163;432,163;431,164;430,164;428,164;427,164;426,165;425,165;424,166;423,166;422,167;421,167;421,168;420,169;419,170;419,171;
Specular reflection; POLYGON; 191, 91, 22; 326,230;325,230;324,229;323,229;322,229;321,229;320,229;319,229;318,229;317,229;317,230;316,230;315,230;314,231;313,231;312,231;312,232;311,232;310,233;309,233;308,234;307,234;307,235;306,235;306,236;305,236;304,237;303,237;303,238;302,238;302,239;301,239;301,240;301,241;300,241;300,242;300,243;300,244;300,245;300,246;300,247;300,248;301,249;301,250;302,250;302,251;303,251;303,252;304,252;305,253;306,254;307,254;308,255;309,255;311,256;313,256;314,256;315,257;317,257;318,257;319,257;320,257;322,257;323,257;324,257;326,257;327,257;328,257;329,257;330,257;331,257;332,257;333,257;334,256;335,256;336,256;337,256;338,255;339,255;340,255;341,255;342,254;343,254;344,254;345,254;346,254;347,254;347,253;348,253;349,253;350,252;351,252;352,251;353,251;353,250;354,250;355,250;355,249;356,249;356,248;357,247;357,246;358,246;358,245;358,244;358,243;359,243;359,242;359,241;359,240;359,239;359,238;358,237;357,236;356,236;355,235;354,235;353,234;352,234;351,233;350,233;349,232;348,232;347,231;346,231;344,230;343,230;342,229;341,229;339,228;338,228;337,228;336,227;335,227;334,227;330,227;329,227;328,227;327,227;326,228;326,229;326,230;
Specular reflection; POLYGON; 191, 91, 22; 315,100;314,100;313,100;312,101;311,101;310,101;309,101;308,101;307,101;306,101;305,102;304,102;303,102;302,102;301,102;300,102;299,102;298,103;297,103;296,103;295,103;294,103;292,104;291,105;290,105;289,105;288,106;287,107;286,107;285,108;284,108;283,109;282,110;281,110;281,111;280,111;280,112;279,112;279,113;278,114;278,115;277,115;277,116;277,117;277,118;277,119;277,120;277,121;277,122;277,124;277,125;277,126;278,127;278,128;279,129;279,130;280,131;280,132;281,132;281,133;281,134;282,134;282,135;283,135;283,136;284,136;284,137;285,137;286,138;287,139;288,140;289,140;289,141;290,141;290,142;291,142;291,143;292,143;293,144;294,144;295,145;296,145;298,146;299,146;300,146;301,146;302,147;303,147;304,147;305,147;306,148;307,148;308,148;309,148;310,148;311,148;312,147;314,147;315,146;316,146;317,146;318,145;319,145;320,145;321,145;322,144;323,144;324,144;325,144;326,144;327,144;328,144;329,144;330,144;330,143;331,143;332,143;333,143;334,143;335,143;336,142;337,142;338,142;339,142;339,141;340,141;341,140;342,139;343,138;344,138;344,137;345,137;345,136;346,136;346,135;347,135;348,134;349,134;349,133;350,133;351,133;351,132;352,132;353,131;354,130;355,130;355,129;356,129;356,128;357,128;357,127;358,127;358,126;358,125;359,125;359,124;360,123;360,122;361,122;361,121;362,121;362,120;362,119;363,119;363,118;364,117;365,116;365,115;366,114;366,113;366,112;367,111;367,110;367,109;367,108;368,107;368,106;368,105;368,104;368,103;367,102;366,101;365,100;364,99;364,98;363,98;363,97;362,97;362,96;361,96;360,95;359,95;358,95;357,95;356,95;355,95;354,95;353,95;351,95;350,95;348,96;347,96;345,96;343,96;341,97;339,97;337,97;335,97;333,97;331,97;330,97;327,97;326,97;325,97;323,97;322,97;321,98;320,99;319,99;318,100;318,101;317,103;317,104;
Specular reflection; POLYGON; 191, 91, 22; 129,52;127,52;126,53;125,53;123,54;122,54;120,55;119,55;118,56;117,56;116,57;114,57;112,58;111,59;110,59;110,60;108,61;106,62;105,63;104,63;103,63;103,64;102,64;101,65;100,65;100,66;99,66;98,67;97,67;97,68;96,69;94,69;94,70;93,70;92,71;92,72;91,72;91,73;91,74;90,74;90,75;89,75;89,76;89,77;88,77;88,78;87,79;87,80;87,81;86,81;86,82;86,83;86,84;86,85;86,86;86,87;86,88;87,88;88,89;89,89;90,89;91,89;91,90;92,90;93,90;94,90;95,90;96,90;97,90;98,90;99,90;100,89;101,89;102,89;105,88;106,88;107,87;108,87;109,87;110,87;111,87;112,86;113,86;114,86;116,86;117,85;118,85;119,84;121,84;122,83;123,83;124,82;125,82;126,82;127,81;128,81;129,80;130,80;131,80;132,79;133,79;134,78;135,78;136,77;137,77;138,76;139,76;140,75;141,74;142,74;143,74;144,73;145,73;146,73;147,73;148,73;149,72;150,72;151,72;152,72;153,72;154,71;155,71;156,71;157,70;158,70;159,70;160,69;161,69;162,69;163,69;164,68;165,68;166,68;168,68;169,67;170,67;171,67;172,66;173,66;174,66;175,65;176,65;177,65;177,64;179,64;180,64;181,63;182,63;183,62;184,62;185,61;186,61;187,61;188,60;189,60;190,59;191,59;192,58;193,58;194,58;195,57;196,57;197,57;198,57;199,56;200,56;202,56;203,56;204,56;205,55;206,55;207,55;208,55;209,55;209,54;210,54;211,53;212,52;212,51;213,51;213,50;213,49;214,49;214,48;214,47;214,46;215,45;215,44;215,43;215,42;215,41;215,40;215,39;215,38;215,37;215,36;214,36;214,35;214,34;213,34;212,34;212,33;211,33;210,33;209,32;208,32;207,32;207,31;206,31;205,31;204,31;203,30;202,30;201,30;200,30;199,29;197,29;196,29;195,29;194,29;193,29;192,29;191,29;190,29;188,29;188,30;187,30;186,30;185,30;184,30;183,30;182,30;181,30;180,30;179,30;178,30;177,31;176,31;174,31;173,31;172,32;171,32;170,32;169,33;167,33;166,34;165,34;164,35;162,35;161,36;160,36;155,37;153,38;152,38;150,38;149,39;147,39;146,40;145,40;143,40;142,41;141,41;139,42;138,42;137,42;136,42;134,43;133,43;131,44;129,44;126,45;123,46;121,47;118,48;115,49;113,51;111,52;109,53;108,53;108,54;107,55;107,56;108,57;110,58;112,59;
Specular reflection; POLYGON; 191, 91, 22; 286,367;285,368;284,369;283,369;282,370;281,371;280,372;279,373;278,374;278,375;277,375;277,376;277,377;276,377;276,378;276,379;276,380;276,381;276,382;276,383;277,384;278,385;279,386;280,387;281,387;281,388;282,388;283,389;284,389;285,389;286,389;286,390;287,390;288,390;289,390;290,390;291,390;292,390;293,390;294,390;295,390;296,390;297,389;298,389;298,388;299,388;299,387;300,387;300,386;301,385;302,384;303,383;303,382;303,381;304,381;304,380;305,379;305,378;305,377;305,376;305,375;305,374;305,373;304,373;304,372;303,372;303,371;303,370;302,370;301,369;300,369;299,368;298,368;297,368;296,368;294,368;293,368;292,368;290,367;289,367;288,367;287,367;286,367;286,368;
Specular reflection; POLYGON; 191, 91, 22; 266,429;265,429;265,430;264,431;264,432;263,433;263,434;263,435;262,436;262,437;262,439;261,440;261,441;261,442;261,443;261,444;261,445;261,446;261,447;261,448;261,449;262,450;263,451;264,451;265,452;266,452;267,452;267,453;268,453;269,453;270,454;271,454;272,454;273,454;274,454;276,454;276,453;277,453;277,452;278,452;279,452;279,451;280,450;281,450;281,449;282,449;282,448;283,447;283,446;283,445;284,444;284,443;284,442;284,441;284,440;284,439;284,437;284,436;284,435;284,434;284,433;283,432;282,431;281,430;280,429;279,429;278,428;277,428;275,428;274,427;273,427;272,427;270,427;269,427;268,427;267,427;266,428;265,428;265,429;264,430;264,431;264,432;264,433;
Specular reflection; POLYGON; 191, 91, 22; 213,457;212,457;211,457;210,457;209,457;208,457;207,457;206,457;205,458;204,458;204,459;203,459;202,460;201,461;201,462;200,462;200,463;199,464;199,465;198,466;198,467;198,468;197,469;197,470;197,471;197,472;197,473;197,474;197,475;197,476;198,477;198,478;199,478;199,479;200,479;200,480;201,481;202,482;203,482;203,483;204,483;205,484;206,484;207,484;207,485;208,485;209,485;210,485;211,485;212,486;213,486;214,486;215,486;216,486;217,485;218,485;219,484;220,484;221,483;222,483;222,482;223,482;224,481;225,481;225,480;226,480;227,479;228,478;228,477;229,477;230,476;230,475;231,474;231,473;232,472;232,471;232,470;232,469;232,468;232,467;232,466;231,464;230,463;230,462;229,461;227,459;226,458;225,457;224,456;223,456;222,456;221,455;220,455;220,456;220,457;
Specular reflection; POLYGON; 191, 91, 22; 350,363;349,363;348,364;347,365;346,365;346,366;345,367;344,368;343,369;343,370;343,371;342,372;342,373;342,374;342,375;342,376;342,377;341,378;341,379;341,380;341,381;341,383;342,383;342,384;342,385;343,386;343,387;344,388;345,389;346,389;346,390;347,390;348,390;349,390;350,390;351,390;352,390;353,390;354,390;355,389;356,389;357,388;358,388;359,387;360,387;361,386;362,385;363,385;363,384;364,384;365,383;365,382;366,382;366,381;366,380;367,379;367,378;367,377;367,376;367,375;368,374;368,373;368,372;368,371;368,370;368,369;367,368;366,368;365,367;364,367;363,366;362,366;361,365;360,365;359,365;358,364;357,364;356,364;355,364;354,364;353,364;352,365;352,366;
Specular reflection; POLYGON; 191, 91, 22; 415,352;415,353;414,354;413,355;412,356;412,357;411,357;411,358;410,359;409,360;409,361;408,361;408,362;408,363;407,363;407,364;407,365;407,366;407,367;407,368;407,369;407,370;408,370;408,371;409,371;409,372;410,372;410,373;411,373;412,374;413,374;414,375;415,375;416,375;417,375;418,375;419,375;420,375;421,375;422,375;424,375;425,374;426,373;427,373;428,372;429,372;430,371;431,371;432,370;432,369;433,368;434,368;434,367;435,366;435,365;435,364;435,363;435,362;435,361;435,359;435,358;435,357;435,355;435,354;434,352;434,351;433,351;433,350;432,349;431,349;430,349;429,349;428,350;427,351;
Specular reflection; POLYGON; 191, 91, 22; 443,399;442,400;441,401;441,402;440,403;440,404;440,405;439,406;439,407;439,408;439,409;439,410;439,411;439,412;439,413;440,414;441,414;441,415;442,415;443,415;444,415;444,416;445,416;446,416;447,416;448,416;449,416;450,416;451,416;452,416;453,416;454,416;455,416;456,416;457,415;458,415;459,414;459,413;460,413;461,412;462,411;463,410;463,409;464,409;464,408;464,407;464,406;464,405;464,404;464,403;464,401;463,400;463,399;462,398;462,396;461,395;460,395;459,394;458,393;457,393;451,393;450,394;448,395;446,396;445,398;443,399;442,401;441,403;
Specular reflection; POLYGON; 191, 91, 22; 521,386;520,386;519,387;518,387;517,388;517,389;516,390;515,391;514,393;513,394;513,395;512,396;511,398;511,399;510,400;510,401;509,402;509,403;509,404;509,405;509,406;509,407;509,408;509,409;509,410;510,410;510,411;511,412;512,413;513,414;514,414;515,415;516,415;517,415;517,416;518,416;519,416;520,417;521,417;522,418;523,418;524,419;525,419;526,420;527,420;528,421;529,421;530,421;531,422;532,422;533,422;534,422;535,422;536,422;537,422;538,422;539,421;540,421;540,420;541,419;542,419;542,418;543,417;543,416;544,415;544,414;544,413;545,413;545,412;545,411;545,410;545,409;545,408;545,407;545,406;545,405;545,404;545,403;545,401;545,400;544,398;544,396;543,395;541,392;540,391;539,390;538,390;536,389;535,389;533,389;529,389;527,390;525,391;521,394;518,395;516,397;
Specular reflection; POLYGON; 191, 91, 22; 285,868;285,870;285,871;285,872;285,873;285,874;285,875;285,876;285,877;285,878;286,879;286,880;286,881;286,882;286,883;287,884;287,885;288,885;288,886;288,887;288,888;289,888;289,889;289,890;290,891;290,892;291,892;291,893;292,894;293,895;294,895;294,896;295,896;296,896;296,897;297,897;298,897;299,897;300,897;301,897;302,897;302,896;303,896;303,895;303,894;303,893;304,893;304,892;304,891;305,890;305,889;305,888;305,887;305,886;305,885;305,884;305,883;305,882;305,881;305,880;305,879;305,878;305,877;305,876;305,875;305,874;305,873;305,872;305,871;305,870;305,869;304,868;304,867;304,866;303,865;303,864;302,864;302,863;301,862;301,861;300,861;300,860;299,860;299,859;298,859;297,859;296,859;295,859;294,859;293,859;292,860;291,860;290,860;289,861;288,861;287,861;288,862;289,862;
Specular reflection; POLYGON; 191, 91, 22; 267,822;267,823;267,824;267,825;267,826;267,829;267,830;267,831;267,832;268,833;268,834;268,835;269,835;269,836;270,837;271,837;271,838;272,838;273,838;274,838;275,838;276,838;277,837;278,837;278,836;279,836;280,835;281,834;281,833;282,833;283,832;283,831;284,830;284,829;285,828;285,827;286,826;286,825;287,824;287,823;287,822;287,821;287,820;287,819;287,818;287,817;286,816;286,815;285,814;285,813;284,812;284,811;283,810;282,809;281,809;280,809;279,809;278,809;277,809;276,809;275,809;274,809;274,810;
Specular reflection; POLYGON; 191, 91, 22; 237,854;236,854;236,855;235,855;234,855;234,856;233,856;232,857;231,858;230,858;230,859;229,860;229,861;228,862;228,863;227,864;227,865;226,865;226,866;225,866;225,867;224,868;223,869;223,870;222,870;222,871;222,872;222,873;221,873;221,874;221,875;221,876;221,877;221,878;221,879;221,880;221,881;221,882;221,883;221,884;221,885;221,886;221,887;220,887;220,888;219,888;218,889;218,890;217,890;216,891;215,892;214,892;214,893;213,893;213,894;212,894;211,895;210,896;209,897;208,898;207,899;207,900;207,901;208,901;208,902;209,902;209,903;210,903;210,904;211,904;212,904;213,905;214,905;215,905;216,905;217,905;218,905;219,905;219,904;220,904;221,904;222,904;223,904;224,904;224,903;225,903;226,903;226,902;227,902;228,901;229,901;229,900;230,900;230,899;231,899;231,898;232,898;233,898;234,897;235,897;236,897;236,896;237,896;238,896;238,895;239,895;240,895;241,895;241,894;242,894;243,894;244,894;245,894;245,893;246,893;247,893;247,892;248,892;248,891;249,891;249,890;250,890;250,889;250,888;251,888;251,887;251,886;251,885;251,884;251,883;252,882;252,881;252,880;252,879;252,878;252,877;251,877;251,876;250,876;250,875;249,875;249,874;248,873;248,872;248,871;249,871;250,871;251,871;252,871;253,870;254,870;255,869;256,868;257,868;257,867;258,866;258,865;259,865;259,864;260,864;260,863;260,862;260,861;260,860;260,859;260,858;260,857;260,856;259,856;259,855;258,855;258,854;257,853;256,852;255,852;255,851;254,851;253,851;253,850;252,850;251,850;250,850;249,850;247,850;246,850;245,851;244,852;242,853;242,854;241,855;240,855;240,856;241,856;
Specular reflection; POLYGON; 191, 91, 22; 392,794;391,795;390,796;389,797;389,798;388,799;388,800;387,800;387,802;387,803;386,805;386,806;386,807;386,808;387,810;387,811;387,812;388,814;388,815;388,816;388,817;389,818;389,819;390,820;390,821;391,821;391,822;391,823;392,823;392,824;393,825;394,826;395,826;395,827;396,827;397,827;397,828;398,828;399,828;400,828;401,828;401,827;402,827;403,827;403,826;404,826;405,826;405,825;406,825;407,824;407,823;408,823;409,822;410,820;411,819;412,818;412,817;412,816;413,816;413,815;413,814;414,814;414,813;414,812;415,811;415,810;416,809;416,808;416,807;417,806;417,805;418,805;418,804;419,803;419,802;419,801;420,801;420,799;420,797;420,796;420,795;420,794;420,793;420,791;420,790;420,789;419,788;419,787;418,787;417,786;417,785;416,785;416,784;415,784;415,783;414,783;413,783;412,783;412,782;411,782;410,782;409,782;408,782;407,782;406,782;405,783;404,783;403,783;402,784;401,784;401,785;400,785;400,786;399,786;399,787;398,788;398,789;398,790;398,791;398,792;398,793;
Specular reflection; POLYGON; 191, 91, 22; 399,779;398,779;398,778;397,778;396,778;395,778;394,778;393,778;392,778;391,778;391,779;390,779;389,780;389,781;388,781;387,782;387,783;386,783;386,784;385,785;384,786;384,787;383,787;383,788;383,789;382,789;382,790;381,791;381,792;381,793;381,794;380,795;380,796;380,797;380,798;380,799;381,800;381,801;382,802;382,803;383,803;384,804;384,805;385,805;385,806;386,806;387,807;388,808;389,809;390,809;391,809;392,809;393,809;395,808;397,807;398,806;400,805;402,805;404,804;406,803;407,803;409,802;411,802;
Specular reflection; POLYGON; 191, 91, 22; 807,639;806,640;805,642;804,643;803,645;802,646;802,648;801,649;801,650;800,651;800,653;800,654;800,655;800,656;800,657;800,658;800,659;800,660;801,660;801,661;802,662;803,663;804,663;804,664;805,664;806,664;807,664;808,665;809,665;810,665;811,665;812,665;813,665;814,665;815,665;815,664;816,664;817,664;817,663;818,663;819,662;820,661;821,660;822,659;822,658;823,657;824,657;824,656;825,655;826,654;826,653;826,652;827,652;827,651;827,650;827,649;827,648;827,647;827,646;827,645;827,643;827,642;827,641;827,639;827,638;827,637;826,636;826,635;825,634;824,634;822,633;821,633;820,633;818,633;817,633;816,633;815,633;814,633;813,634;813,635;813,636;813,638;814,639;
Specular reflection; POLYGON; 191, 91, 22; 796,644;795,644;794,645;794,646;793,646;792,647;791,647;790,648;789,649;788,649;788,650;787,650;786,651;786,652;785,652;785,653;784,654;784,655;784,656;784,657;784,658;784,659;784,660;784,661;784,662;784,663;784,664;784,665;785,665;785,666;785,667;785,668;786,669;786,670;787,670;787,671;788,671;788,672;789,672;790,672;790,673;791,673;791,674;792,674;793,674;794,674;795,674;796,674;797,674;799,674;800,674;801,673;802,673;803,673;804,673;806,672;807,671;808,670;809,670;810,669;810,668;811,666;812,665;812,664;812,662;812,661;812,659;812,658;812,656;812,655;811,654;811,653;810,651;809,651;808,650;807,650;806,650;805,650;804,650;803,650;802,650;801,651;801,652;800,653;800,654;801,654;802,654;
Specular reflection; POLYGON; 191, 91, 22; 818,596;817,597;817,598;816,599;816,600;815,601;815,602;814,603;814,604;813,605;813,607;813,608;812,609;812,610;812,611;812,612;811,613;811,614;811,615;811,616;811,617;812,618;812,619;813,619;813,620;814,621;815,622;816,622;817,622;818,622;819,623;820,623;821,623;822,622;823,622;824,621;825,621;826,620;828,619;828,618;829,617;831,615;832,614;832,613;833,611;833,610;834,609;834,607;835,606;835,605;835,603;835,602;835,601;835,600;835,599;835,598;834,597;833,597;832,597;831,596;830,596;829,596;828,596;827,597;826,598;825,599;
Specular reflection; POLYGON; 191, 91, 22; 781,544;780,545;779,546;779,547;778,548;777,549;776,550;776,551;775,551;775,552;774,553;774,554;773,554;773,555;773,556;773,557;773,558;773,559;773,560;773,561;773,563;773,564;773,565;774,566;774,567;775,567;776,568;776,569;777,570;778,571;779,572;780,573;781,574;782,574;783,574;784,574;785,574;786,574;788,574;789,574;790,574;791,573;792,573;793,573;795,572;796,572;797,571;798,570;799,570;801,568;802,567;803,567;803,566;805,563;805,562;806,561;806,558;806,557;806,556;806,554;806,553;805,552;804,551;803,551;802,550;799,550;798,549;797,549;795,549;794,549;793,548;792,548;790,547;789,547;788,546;788,547;788,548;788,549;
Specular reflection; POLYGON; 191, 91, 22; 729,516;728,517;727,518;727,519;726,520;726,521;725,522;725,523;725,524;725,525;725,526;725,527;725,528;726,529;726,530;727,530;728,530;728,531;729,531;730,532;731,532;732,532;733,532;734,532;735,532;736,532;737,531;738,531;739,530;740,530;741,529;742,528;743,528;743,527;744,527;744,526;745,526;745,525;746,524;746,523;746,522;747,522;747,521;747,520;747,519;747,518;747,517;747,516;747,515;747,514;747,513;746,512;745,512;744,511;743,511;742,511;741,511;739,511;738,511;737,511;736,511;735,511;734,511;733,511;732,511;732,512;732,513;
Specular reflection; POLYGON; 191, 91, 22; 687,502;687,503;686,504;685,505;684,507;684,508;683,509;683,510;682,511;682,513;682,514;682,515;682,516;682,517;682,518;682,519;697,525;698,525;699,525;700,525;701,524;702,524;703,524;703,523;704,523;704,522;705,522;705,521;706,520;707,519;707,518;707,517;708,516;708,515;708,514;709,513;709,512;709,511;709,510;709,508;708,507;707,507;706,505;705,505;704,504;704,503;702,502;702,501;701,500;700,500;699,500;698,500;697,501;696,502;
Specular reflection; POLYGON; 191, 91, 22; 643,481;643,482;642,483;641,484;641,485;640,486;640,487;639,488;638,490;638,491;637,492;637,494;636,495;636,496;636,497;637,497;637,498;638,499;639,499;639,500;640,500;641,501;642,501;644,502;645,502;647,503;648,503;649,503;650,503;651,503;652,503;653,503;653,502;654,502;655,501;656,501;656,500;657,499;657,498;658,497;658,496;658,495;659,494;659,493;659,492;659,491;659,490;659,489;659,488;659,487;659,485;659,484;659,483;659,482;659,481;659,480;659,479;658,478;658,477;657,477;656,477;655,477;654,478;653,479;652,480;650,482;
Specular reflection; POLYGON; 191, 91, 22; 614,564;613,565;612,566;611,567;610,570;609,571;609,572;608,574;608,575;608,576;608,577;608,578;609,579;610,580;611,581;612,582;613,583;614,583;615,584;616,584;617,585;618,585;619,586;620,586;621,587;622,587;623,587;624,587;625,587;626,586;627,586;628,585;628,584;628,583;628,581;629,579;629,578;629,576;629,573;629,572;629,571;629,570;629,569;629,568;628,567;627,567;626,567;626,568;625,569;625,570;624,570;624,571;
Specular reflection; POLYGON; 191, 91, 22; 563,548;562,548;561,548;560,548;559,548;557,549;556,550;555,551;555,552;554,553;553,554;553,555;552,556;552,557;552,558;552,559;552,560;552,561;552,562;552,563;552,564;553,565;553,566;554,567;554,568;555,569;555,570;556,570;556,571;557,572;558,573;559,573;559,574;560,574;561,575;562,575;563,575;564,575;565,575;566,575;567,574;568,573;569,572;570,571;572,570;573,569;574,567;575,566;575,565;576,565;576,564;576,563;576,562;576,561;576,560;575,560;574,559;573,559;572,559;572,558;571,558;570,558;569,558;568,558;567,558;566,559;
Specular reflection; POLYGON; 191, 91, 22; 533,512;533,513;532,514;532,515;532,516;532,517;532,518;532,519;532,520;532,521;532,522;532,523;533,523;533,524;533,525;534,526;534,527;535,527;536,527;536,528;537,528;538,528;539,528;539,529;540,529;541,529;542,529;543,529;544,529;545,529;545,528;546,528;547,528;548,527;549,527;550,526;551,526;551,525;552,525;553,525;553,524;554,524;554,523;554,522;555,522;555,521;555,520;555,519;555,518;554,517;554,516;554,515;553,514;552,514;552,513;551,512;550,512;549,511;548,511;547,511;546,511;545,511;
Specular reflection; POLYGON; 191, 91, 22; 563,485;563,486;563,487;563,488;563,490;563,491;563,492;563,493;563,494;563,495;563,496;563,497;563,498;564,498;564,499;564,500;564,501;564,502;565,503;565,504;566,505;566,506;567,506;567,507;568,507;568,508;569,508;570,509;571,509;571,510;572,510;573,511;574,512;575,513;575,514;576,514;576,515;577,516;577,517;578,517;578,518;579,518;579,519;580,519;581,519;582,519;583,519;584,519;585,519;586,518;587,517;588,516;589,516;589,515;590,515;590,514;591,514;591,513;592,512;592,511;593,510;593,509;593,508;594,507;594,506;594,505;594,504;594,503;594,502;594,501;594,500;594,499;593,498;593,497;592,496;592,495;591,494;590,492;589,491;588,490;587,489;587,487;586,486;585,485;584,484;584,483;583,482;582,482;582,481;581,480;580,479;579,478;578,477;577,476;576,475;575,474;574,473;573,472;572,471;571,471;571,470;570,470;570,469;570,470;569,470;569,472;569,473;569,475;569,477;
Specular reflection; POLYGON; 191, 91, 22; 842,471;844,471;845,471;847,470;848,470;849,470;851,469;852,469;853,469;853,468;854,468;855,467;856,467;857,466;858,465;858,464;859,463;859,462;860,461;860,460;860,459;860,458;861,457;861,456;861,455;861,454;861,453;861,452;861,451;861,450;862,450;863,450;864,450;865,450;866,450;867,450;868,450;869,450;871,450;872,450;873,450;874,450;875,450;876,450;877,450;878,450;879,450;880,450;881,450;882,450;883,450;884,450;884,451;885,451;887,451;888,451;889,451;890,451;891,451;892,451;893,451;894,451;896,450;896,449;897,449;897,448;898,448;898,447;898,446;899,446;899,445;899,444;900,444;900,443;901,443;901,442;902,441;902,440;903,440;903,439;903,438;904,438;904,437;904,436;904,435;904,434;904,433;904,432;904,431;904,430;904,429;904,428;904,427;904,426;903,425;903,424;902,423;902,422;901,422;901,421;900,420;899,420;899,419;898,418;898,417;897,416;897,415;895,414;895,413;894,412;893,411;892,410;891,409;890,408;889,408;888,407;887,407;887,406;886,406;885,405;884,405;883,404;882,404;881,403;880,403;879,403;878,403;877,403;876,403;875,403;874,403;873,404;871,406;871,407;870,408;869,409;868,410;868,411;867,412;866,413;865,414;865,415;864,416;863,417;863,418;862,418;862,419;861,419;860,419;860,420;859,420;858,420;857,420;857,421;856,421;855,421;854,421;853,421;852,421;851,421;850,421;849,421;848,421;847,421;846,421;846,422;845,422;844,422;843,423;842,423;841,424;840,424;839,425;838,425;837,425;836,425;835,424;834,424;833,424;832,424;831,424;830,423;829,423;828,423;827,422;824,421;823,421;822,421;822,420;821,420;820,420;819,420;818,419;817,419;816,419;815,418;814,418;813,418;812,418;811,418;810,418;809,418;809,419;808,419;807,420;806,420;805,421;805,422;804,423;803,424;801,426;800,427;800,428;799,430;798,431;797,433;796,434;796,435;795,437;794,438;793,439;793,440;792,441;792,442;791,444;791,446;791,447;791,448;791,449;791,450;792,451;792,452;793,453;795,455;796,456;798,457;799,458;800,459;801,460;802,460;804,462;805,462;806,463;807,463;809,463;810,463;812,463;815,463;817,464;819,464;822,464;825,465;
Specular reflection; POLYGON; 191, 91, 22; 741,423;741,421;741,420;741,419;741,418;741,417;741,416;741,414;741,413;741,412;741,411;741,410;740,409;740,407;740,406;739,405;739,404;738,403;738,402;738,401;737,401;737,400;737,399;736,399;735,398;734,398;734,397;733,397;732,397;732,396;731,396;730,396;729,395;728,395;727,395;726,395;725,395;724,395;723,395;722,395;721,395;720,395;719,396;718,396;717,396;716,396;715,397;714,397;713,397;712,397;711,397;710,397;709,397;708,398;707,398;706,398;705,398;705,399;704,399;703,400;702,400;702,401;701,401;700,401;700,402;699,402;698,402;697,403;696,404;695,404;695,405;694,405;694,406;693,406;693,407;692,407;692,408;691,408;691,409;690,409;689,409;689,410;688,410;687,411;686,412;685,413;684,414;683,415;682,415;682,416;681,417;680,417;680,418;679,419;678,419;678,420;677,421;676,422;676,423;675,424;675,425;674,426;674,427;673,427;673,428;673,429;673,430;672,431;672,432;672,433;672,434;673,435;673,436;674,437;674,438;675,439;676,439;676,440;677,441;678,441;679,442;681,443;682,444;684,444;687,445;689,445;692,446;694,446;697,447;699,447;702,447;705,448;707,448;708,449;710,449;712,449;713,450;715,450;719,451;
Specular reflection; POLYGON; 191, 91, 22; 753,57;751,58;750,59;749,59;749,60;748,60;747,60;747,61;746,61;745,61;744,61;743,62;742,62;741,62;741,63;740,63;739,63;738,64;737,65;736,65;736,66;735,66;734,67;733,68;732,69;731,69;730,70;729,70;729,71;728,71;727,72;727,73;726,73;725,74;724,74;724,75;723,75;723,76;722,77;722,78;722,79;722,80;722,81;722,82;722,83;722,84;723,84;723,85;724,86;725,87;725,88;726,88;726,89;727,89;727,90;728,90;729,90;729,91;730,91;731,91;731,92;732,92;733,92;733,93;734,93;735,93;736,94;737,94;738,95;739,95;740,95;741,96;742,96;743,96;744,96;745,96;746,96;747,96;748,96;749,96;750,96;751,96;751,95;752,95;753,95;754,95;755,95;756,94;757,94;758,94;759,94;760,94;760,93;761,93;762,93;763,92;764,92;765,91;766,91;767,90;768,90;769,89;770,89;771,88;772,88;772,87;773,87;773,86;774,86;774,85;776,83;777,82;778,81;778,80;779,79;780,79;780,78;780,77;781,77;781,76;782,75;782,74;782,73;783,73;783,72;783,71;784,70;784,68;785,67;785,66;785,65;785,64;785,63;785,62;785,61;785,60;785,59;784,58;783,57;782,56;782,55;781,55;780,54;779,53;778,53;777,53;776,53;775,53;773,53;771,53;769,54;767,55;762,57;760,58;758,58;757,59;756,60;755,60;754,61;754,62;754,63;755,64;
Specular reflection; POLYGON; 191, 91, 22; 583,40;584,40;585,40;586,40;587,40;588,40;589,40;590,40;591,40;592,40;593,40;594,40;595,40;596,40;597,40;598,40;599,39;600,39;601,39;602,39;603,39;604,39;605,38;606,38;607,38;608,38;609,37;610,37;611,37;612,36;613,36;614,36;615,35;616,35;616,34;617,34;618,33;619,33;620,32;621,32;622,31;623,31;624,30;625,30;626,29;627,29;628,29;629,28;630,28;631,28;631,27;632,27;633,26;634,26;635,25;636,25;636,24;637,24;637,23;638,23;638,22;639,22;640,21;641,21;641,20;642,20;643,19;644,19;644,18;645,17;646,16;646,15;647,15;647,14;648,14;648,13;649,12;649,11;649,10;649,9;649,8;649,7;649,6;649,5;648,5;648,4;647,4;647,3;646,3;645,3;645,2;644,2;643,1;642,1;641,1;640,1;639,1;638,1;638,2;637,2;636,2;635,2;634,2;633,3;632,3;631,3;630,3;629,4;628,4;627,4;626,4;626,5;625,5;624,5;623,5;623,6;622,6;621,6;621,7;620,7;619,7;618,7;618,8;617,8;616,8;616,9;615,9;614,9;614,10;613,10;612,10;611,10;610,10;609,11;608,11;607,11;606,11;605,12;604,12;603,12;603,13;602,13;601,13;600,14;599,14;598,15;597,15;596,16;595,16;594,16;594,17;593,17;592,17;591,18;590,18;590,19;589,19;588,20;587,20;587,21;586,21;585,21;585,22;584,22;583,22;582,23;581,23;580,24;579,24;579,25;578,25;577,26;576,26;575,26;574,27;573,27;573,28;572,28;571,28;571,29;570,29;569,30;568,30;567,31;566,31;566,32;565,32;564,32;564,33;563,33;562,33;562,34;561,34;560,34;560,35;559,35;558,36;558,37;558,38;558,39;559,39;560,40;561,41;561,42;562,42;562,43;563,43;563,44;563,45;563,46;563,47;563,48;562,48;561,48;560,49;559,49;558,49;557,49;556,50;555,50;554,50;553,50;552,50;551,50;550,50;548,51;547,51;546,51;545,51;544,51;543,51;542,51;542,52;541,52;540,52;539,52;539,53;538,53;537,53;536,53;535,54;534,54;533,54;533,55;532,55;532,56;531,56;531,57;531,58;531,59;531,60;531,61;531,62;531,63;532,63;532,64;533,64;533,65;534,65;535,66;536,66;537,66;538,66;539,66;540,66;541,66;542,66;543,66;544,66;545,66;546,66;547,67;548,67;549,67;550,67;551,67;552,67;553,67;554,67;555,67;556,66;557,66;559,65;560,65;561,64;562,64;563,64;564,64;565,64;566,64;567,64;568,64;568,63;569,63;570,63;571,63;572,62;573,62;574,62;575,61;576,61;577,61;578,61;579,61;579,60;580,60;581,60;582,60;582,59;583,59;584,58;585,58;586,57;587,56;588,56;588,55;589,55;590,54;591,54;591,53;592,53;594,52;595,51;596,50;597,49;598,48;599,47;599,46;599,45;599,44;599,43;600,43;601,43;
Specular reflection; POLYGON; 191, 91, 22; 400,94;399,94;399,95;398,95;397,96;397,97;396,97;396,98;395,99;395,100;395,101;395,102;395,103;395,104;395,105;396,106;396,107;396,108;397,109;397,110;398,111;398,112;399,112;399,113;400,113;401,113;402,114;403,114;404,114;405,114;406,114;407,114;408,114;409,114;410,114;411,114;412,114;413,114;414,114;415,114;416,113;417,112;418,111;419,111;420,110;421,109;422,108;423,108;423,107;424,106;425,105;425,104;425,103;425,102;424,101;424,100;423,99;422,98;421,97;419,96;418,96;417,95;416,94;415,93;414,93;413,92;412,92;412,91;411,90;410,90;410,89;
Specular reflection; POLYGON; 191, 91, 22; 370,52;369,52;368,52;368,53;367,53;366,54;365,55;364,56;363,57;362,58;360,60;360,61;359,62;358,63;357,64;357,65;356,66;356,67;356,68;356,69;356,70;356,71;356,72;357,72;357,73;358,74;359,75;360,75;361,76;362,76;363,76;365,77;367,77;368,77;370,77;372,77;374,77;376,76;378,75;380,74;381,73;383,72;385,71;386,70;388,68;389,66;390,65;390,64;390,62;391,61;391,60;391,59;391,58;390,58;389,57;388,57;387,57;386,57;385,57;383,58;382,59;382,60;381,61;380,61;
Specular reflection; POLYGON; 191, 91, 22; 482,10;481,11;480,12;479,12;478,13;477,14;476,14;476,15;475,15;474,16;473,17;472,18;472,19;471,19;471,20;471,21;471,22;471,23;471,24;471,25;471,26;471,27;471,28;471,29;472,29;472,30;473,30;474,30;475,30;476,30;477,30;478,30;479,30;480,30;481,30;482,30;483,29;484,29;485,29;486,29;487,28;488,28;489,28;490,28;491,28;492,28;492,27;493,27;494,27;495,26;496,26;497,26;498,25;499,25;500,24;501,24;502,23;503,23;503,22;504,22;505,21;506,21;506,20;507,20;507,19;508,19;508,18;509,17;510,17;510,16;511,15;512,14;513,13;513,12;513,11;513,10;513,9;513,8;513,7;512,7;511,7;511,6;510,6;509,6;508,5;507,5;506,5;505,5;504,5;503,5;502,5;500,5;498,6;497,7;495,8;493,9;490,10;488,11;486,13;
Specular reflection; POLYGON; 191, 91, 22; 267,330;267,331;266,332;266,333;266,334;265,335;265,336;265,337;264,337;264,338;264,339;264,340;264,341;263,341;263,342;263,343;263,344;262,344;262,345;262,346;262,347;263,348;264,349;264,350;265,350;266,351;267,351;268,351;269,351;270,351;271,351;272,351;273,351;274,351;275,351;277,351;277,350;278,349;279,348;280,348;281,347;282,346;283,345;284,344;284,343;285,342;286,341;286,340;287,339;287,338;287,337;287,336;287,335;287,334;286,334;286,333;285,332;284,331;283,331;282,330;281,330;280,330;279,330;278,330;
Specular reflection; POLYGON; 191, 91, 22; 66,378;65,378;64,378;64,379;63,379;62,379;61,379;60,379;59,379;58,379;57,379;56,379;55,379;54,379;53,378;52,378;51,378;50,378;49,378;49,377;48,377;47,377;46,377;45,377;44,377;44,376;43,376;42,376;42,375;42,374;41,374;41,373;40,373;39,373;39,372;38,372;37,372;36,372;35,372;34,372;34,373;33,373;33,374;32,374;32,375;31,376;31,377;30,377;30,378;30,379;29,380;29,381;29,382;29,383;28,384;28,385;28,386;28,387;29,388;30,389;31,390;32,390;33,391;34,391;35,392;36,392;37,392;38,393;39,393;41,393;42,394;43,394;44,395;46,395;47,395;48,396;51,396;52,397;53,397;55,397;56,398;59,398;62,398;64,398;68,398;71,398;72,398;74,398;75,398;77,399;79,399;80,399;
Specular reflection; POLYGON; 191, 91, 22; 108,179;107,179;106,179;105,179;104,179;103,180;102,180;101,181;100,182;99,183;98,184;98,185;97,185;97,186;96,187;95,188;95,189;94,190;94,191;94,192;94,193;94,194;95,194;95,195;96,195;96,196;97,197;98,198;98,199;99,199;99,200;100,200;100,201;101,201;101,202;102,202;103,203;104,203;104,204;105,204;106,205;107,206;108,206;109,206;109,207;110,207;111,207;112,207;113,207;114,208;115,208;116,208;117,208;118,208;119,208;120,208;121,208;122,208;123,208;124,208;125,208;126,207;128,206;129,205;130,205;131,204;132,203;133,202;134,201;135,200;136,200;136,199;136,198;137,198;137,197;137,196;137,195;136,194;135,193;134,192;134,191;133,190;132,189;131,188;129,187;128,186;127,186;125,185;123,185;121,185;119,185;117,186;
Specular reflection; POLYGON; 191, 91, 22; 173,107;171,107;170,107;169,107;168,107;167,107;166,108;165,108;164,108;164,109;163,109;162,109;161,110;160,110;159,110;159,111;158,111;157,112;156,113;155,114;154,115;154,116;153,116;153,117;152,118;152,119;151,119;151,120;150,121;149,122;149,123;148,123;148,124;148,125;147,126;147,127;147,128;147,129;146,129;146,130;146,131;146,132;146,133;146,134;146,135;146,136;146,137;146,138;146,139;146,140;147,140;147,141;147,142;148,142;148,143;149,143;149,144;150,144;151,145;151,146;152,146;153,147;154,147;154,148;155,148;156,148;157,148;158,148;159,148;160,148;161,148;162,148;163,148;164,148;165,148;166,148;168,148;169,147;170,147;171,146;173,145;175,144;176,144;177,143;179,142;181,141;181,140;182,140;183,139;184,138;185,137;186,136;187,136;187,135;188,135;188,134;189,134;190,133;191,133;192,132;192,131;193,131;194,130;195,129;196,128;197,128;197,127;198,126;198,125;198,124;198,123;198,122;198,121;198,120;198,119;198,118;198,117;198,116;197,115;197,114;196,113;195,112;194,111;193,111;192,110;191,109;189,109;188,108;186,107;184,107;183,106;181,106;179,106;176,106;174,106;172,107;170,108;168,110;167,112;165,114;
Specular reflection; POLYGON; 191, 91, 22; 14,118;13,118;13,119;12,119;11,119;11,120;10,120;9,121;8,121;8,122;7,122;6,123;5,124;5,125;4,125;3,126;3,127;2,127;2,128;1,128;1,129;0,130;-1,131;-1,132;-2,133;-2,134;-3,135;-3,136;-3,137;-3,138;-3,139;-3,140;-3,141;-3,142;-3,143;-3,144;-2,145;-1,145;-1,146;0,146;1,146;2,146;3,146;4,146;5,146;6,146;7,146;8,146;9,146;10,146;11,146;12,146;13,145;14,145;15,145;16,144;17,144;18,144;19,143;20,143;21,143;21,142;22,142;23,142;24,141;25,141;26,141;27,141;28,140;29,140;30,140;31,140;32,140;33,140;34,140;35,139;36,139;37,139;38,139;39,139;41,138;42,138;43,138;44,138;45,137;46,137;47,137;48,137;49,136;50,136;50,135;51,135;52,134;52,133;52,132;52,131;52,130;52,129;52,128;51,127;50,127;49,125;48,125;47,124;46,123;45,122;43,121;41,120;40,119;39,119;37,118;36,117;35,117;33,117;32,117;30,117;28,117;26,117;25,117;23,117;22,117;19,117;18,117;17,117;17,118;
Specular reflection; POLYGON; 191, 91, 22; 49,183;48,183;47,184;46,185;45,185;44,186;43,186;42,187;40,189;39,190;38,192;37,193;36,194;36,195;34,197;34,198;34,199;33,200;33,201;34,202;35,203;36,203;37,204;38,204;39,205;40,205;41,206;43,206;44,207;45,207;46,207;47,207;49,208;50,208;51,208;53,208;54,209;55,209;56,209;58,209;59,209;60,209;62,209;63,209;65,208;67,207;68,206;70,205;72,204;73,203;74,202;75,201;76,200;77,199;78,198;79,198;79,197;80,197;80,196;80,195;80,194;80,193;80,192;80,190;80,189;80,188;80,187;79,186;78,185;77,184;76,183;75,183;73,183;71,184;
Specular reflection; POLYGON; 191, 91, 22; 697,749;697,751;696,753;695,754;695,756;694,757;694,759;694,760;694,761;695,762;696,762;696,763;697,763;698,763;699,763;700,763;701,763;702,763;703,763;704,763;705,763;706,763;707,763;708,763;709,763;710,763;711,763;712,763;713,763;714,763;715,763;716,763;716,762;717,762;718,761;719,760;720,759;720,757;721,756;721,754;722,752;722,750;722,748;722,746;722,744;721,742;720,739;719,737;718,735;718,734;717,732;716,731;715,730;714,730;713,729;712,729;711,729;711,730;710,731;
Specular reflection; POLYGON; 191, 91, 22; 624,758;623,759;622,759;622,760;621,760;621,761;620,761;619,762;619,763;618,764;618,765;617,765;617,766;617,767;617,768;617,769;617,770;617,771;617,772;617,773;617,774;618,775;619,775;619,776;620,776;621,776;622,776;623,776;624,776;626,776;627,776;629,776;630,776;632,776;633,775;635,775;636,775;637,774;638,774;638,773;639,773;640,773;641,772;641,771;642,771;642,770;643,770;643,769;643,768;644,768;644,767;644,766;644,765;644,764;643,763;642,762;641,761;639,760;638,759;636,759;635,759;634,759;632,759;631,759;630,759;629,760;
Specular reflection; POLYGON; 191, 91, 22; 825,713;824,713;823,713;822,713;821,713;820,714;819,714;818,715;817,716;816,716;816,717;815,718;814,719;814,720;813,722;812,723;812,724;811,725;811,726;811,727;811,728;811,729;811,730;811,731;812,731;813,732;814,733;815,734;816,734;818,735;819,735;820,736;821,736;822,736;823,736;824,736;826,736;827,736;828,736;829,736;830,735;831,735;832,734;833,734;834,733;835,733;836,732;836,731;837,731;837,730;837,729;838,729;838,728;838,727;838,726;838,725;838,724;838,723;838,722;837,722;837,721;836,721;835,721;834,721;833,721;833,722;832,722;832,723;
Specular reflection; POLYGON; 191, 91, 22; 872,716;872,718;871,719;871,720;871,722;871,723;871,725;870,726;870,727;870,729;870,730;870,731;870,732;870,733;870,734;871,735;871,737;872,738;872,739;872,740;872,741;872,742;873,743;874,744;875,744;875,745;876,745;877,745;878,745;879,745;880,745;881,745;882,745;883,745;884,745;885,745;885,744;886,744;887,744;888,743;889,743;890,742;891,742;892,741;893,740;893,739;894,739;894,738;895,737;895,736;896,736;896,735;897,734;897,733;898,732;898,731;899,730;899,729;899,728;900,727;900,726;900,725;900,724;900,722;899,721;899,720;898,716;897,715;896,713;895,711;895,709;893,708;892,706;891,705;888,703;886,703;883,703;881,703;878,703;875,703;873,704;871,705;869,706;868,708;867,709;867,711;867,713;867,715;867,717;
Specular reflection; POLYGON; 191, 91, 22; 878,897;878,898;877,899;875,901;875,902;874,903;873,904;873,905;872,906;871,907;870,908;870,909;870,910;869,911;869,912;868,913;868,914;868,915;868,916;868,917;868,918;868,919;868,920;868,921;868,922;868,923;868,924;868,925;868,926;869,927;870,927;870,928;871,928;872,928;873,928;874,928;876,928;877,928;878,928;879,928;880,928;881,928;882,928;883,928;884,928;885,927;886,927;887,927;888,926;889,926;890,925;891,925;892,924;893,924;894,923;895,923;896,922;897,922;898,921;899,920;900,920;900,919;901,918;902,918;902,917;903,916;903,915;904,914;904,913;905,912;905,910;906,909;906,908;906,907;907,906;907,905;907,903;906,902;906,901;905,900;904,900;902,899;901,899;899,898;898,897;896,896;895,896;893,895;892,894;891,894;888,893;888,892;887,892;886,892;885,892;885,893;
Specular reflection; POLYGON; 191, 91, 22; 966,617;966,618;965,618;965,619;964,620;963,621;962,622;961,623;961,624;960,624;959,625;959,626;959,627;958,627;958,628;958,629;958,630;958,631;958,632;958,633;958,634;958,635;958,636;958,637;957,637;957,638;957,639;957,640;957,641;957,642;957,643;957,644;957,645;957,646;957,647;956,647;956,648;956,649;956,650;957,651;957,652;958,652;958,653;959,653;960,653;961,654;962,654;963,654;964,654;965,654;966,654;967,654;968,654;969,653;970,653;971,653;971,652;973,651;974,650;975,650;975,649;976,648;977,648;978,647;978,646;979,645;980,644;981,643;981,642;982,641;982,639;983,638;983,636;983,635;984,634;984,632;984,630;984,629;984,627;984,625;984,624;984,622;984,621;984,619;984,618;984,616;984,615;984,614;984,613;983,611;983,610;982,609;982,608;981,608;980,607;979,606;978,606;977,606;977,605;976,605;974,604;973,604;972,604;971,604;970,604;969,605;967,606;966,607;965,608;964,609;963,611;962,612;962,613;962,615;962,616;
Specular reflection; POLYGON; 191, 91, 22; 974,327;974,328;974,329;973,330;973,331;973,332;973,333;973,334;974,335;974,336;975,337;975,338;975,339;976,339;976,340;977,340;977,341;978,341;979,342;980,342;980,343;981,343;981,344;982,344;983,345;984,346;985,347;986,348;987,348;987,349;988,349;988,350;989,350;989,351;990,351;990,352;991,352;991,353;992,353;993,354;994,354;995,354;996,354;996,353;997,353;998,352;999,352;999,351;1000,351;1000,350;1001,349;1002,348;1002,347;1002,346;1003,345;1003,343;1003,342;1004,341;1004,339;1004,337;1004,336;1004,335;1003,333;1002,331;1001,329;1000,328;999,327;997,325;996,324;994,323;991,321;989,320;988,319;987,318;985,318;984,317;983,317;982,317;980,317;979,317;978,317;976,317;975,317;974,318;973,319;972,320;971,322;971,323;970,324;
Specular reflection; POLYGON; 191, 91, 22; 190,844;189,845;189,847;188,848;188,849;187,850;187,851;187,852;187,853;186,855;186,856;186,857;186,858;187,859;188,860;189,861;190,862;191,863;192,863;193,863;193,864;194,864;195,864;196,865;197,865;198,865;199,866;200,866;201,866;202,866;203,866;204,866;205,866;206,866;207,866;207,865;208,865;209,863;210,863;211,862;212,860;213,860;214,859;214,858;215,857;216,856;216,855;217,854;217,853;217,850;217,849;217,848;217,847;217,845;217,844;216,843;216,842;215,841;214,840;213,839;212,839;211,838;210,838;209,837;208,837;207,837;205,837;204,837;202,837;200,837;198,838;197,838;195,839;194,839;192,840;
Specular reflection; POLYGON; 191, 91, 22; 185,879;184,880;184,881;184,882;184,884;184,885;184,886;184,887;185,888;186,888;187,888;188,889;190,889;192,889;193,889;195,889;197,889;198,889;200,889;201,889;202,889;203,888;204,887;205,886;206,884;206,883;206,881;206,878;206,877;206,875;206,874;206,872;204,870;203,870;202,869;201,869;199,869;197,869;195,869;193,871;
Specular reflection; POLYGON; 191, 91, 22; 101,893;101,894;100,894;100,895;99,896;98,897;98,898;98,899;97,900;97,902;97,903;97,904;96,905;96,907;96,908;96,909;96,910;97,911;97,912;98,913;99,914;99,915;100,916;101,916;102,917;103,917;104,917;105,917;106,917;107,917;108,917;110,916;110,915;111,914;112,912;113,911;114,909;114,908;115,906;116,904;116,902;116,900;116,898;116,896;116,895;116,894;115,894;113,894;111,894;109,894;107,894;105,895;103,896;101,897;
Specular reflection; POLYGON; 191, 91, 22; 347,925;346,925;346,926;345,927;344,928;343,929;343,930;342,931;342,932;341,932;341,933;341,934;340,935;340,936;340,937;340,938;340,939;340,940;340,941;340,943;340,944;341,944;341,945;341,946;342,946;342,947;342,948;343,948;343,949;344,949;345,949;346,950;347,950;348,950;349,950;350,950;351,950;352,950;353,950;354,950;355,950;356,950;357,950;358,950;359,949;360,949;361,949;361,948;362,948;363,948;363,947;364,947;365,946;366,945;366,944;366,943;366,942;366,941;366,940;366,939;366,938;366,936;365,935;365,934;364,932;363,931;362,929;361,928;360,927;359,926;358,925;358,924;357,923;356,923;355,922;354,922;353,922;352,922;352,923;352,924;
Specular reflection; POLYGON; 191, 91, 22; 387,926;387,927;386,927;386,928;386,929;385,930;385,931;385,932;384,933;384,934;384,935;384,936;384,937;384,938;385,939;385,940;385,941;386,941;386,942;387,943;388,943;388,944;389,944;390,944;391,944;391,945;392,945;393,945;394,945;395,945;396,945;396,944;397,944;398,943;399,942;400,942;400,941;401,941;401,940;402,940;402,939;403,939;403,938;403,937;403,936;403,935;403,934;402,933;402,932;401,931;401,930;400,930;400,929;399,928;398,928;398,927;397,927;396,927;395,926;394,926;
Specular reflection; POLYGON; 191, 91, 22; 416,872;415,873;415,874;414,875;413,876;412,877;411,878;411,879;410,879;410,880;410,881;410,882;409,882;409,883;409,884;409,885;409,886;409,887;409,888;409,889;409,890;410,890;410,891;411,892;412,892;412,893;413,893;413,894;414,894;415,894;415,895;416,895;417,895;417,896;418,896;419,896;419,897;420,897;421,897;422,897;423,897;424,897;425,897;425,896;426,896;427,896;427,895;428,895;429,895;429,894;430,894;431,894;432,894;433,893;434,893;435,893;436,892;437,892;438,891;439,891;439,890;440,890;440,889;441,889;441,888;442,888;442,887;442,886;443,886;443,885;444,884;444,883;444,882;444,881;444,880;444,879;444,878;444,877;444,876;444,875;444,874;444,873;443,872;442,872;442,871;441,870;440,870;440,869;439,868;438,867;437,866;436,865;436,864;435,864;435,863;434,863;433,863;433,862;432,862;432,861;431,860;430,859;429,858;428,858;428,857;427,857;427,856;426,856;426,855;425,855;425,854;424,854;424,853;423,853;422,853;421,853;420,853;420,854;419,854;418,854;418,855;417,855;417,856;416,856;415,857;414,858;414,859;413,860;412,862;412,863;411,864;411,866;410,867;410,869;409,871;409,873;409,874;409,876;409,878;409,879;410,880;411,881;412,882;413,883;415,883;417,884;419,884;421,884;
Specular reflection; POLYGON; 191, 91, 22; 520,876;520,877;519,877;518,877;517,878;516,878;515,879;514,879;513,880;512,881;512,882;511,882;510,883;510,884;510,885;509,885;509,886;509,887;509,888;509,889;510,890;510,891;511,891;511,892;512,892;513,893;514,893;514,894;515,894;516,895;517,895;517,896;518,896;519,896;519,897;520,897;521,897;522,897;523,897;524,897;525,897;526,897;527,898;528,898;529,898;530,898;531,898;532,898;533,898;534,898;535,898;535,897;536,897;537,897;538,897;539,897;540,896;541,896;542,896;542,895;543,895;543,894;544,894;544,893;544,892;544,891;544,890;544,889;544,888;544,887;544,886;544,885;544,884;543,883;543,882;542,881;541,880;540,879;539,878;538,878;537,877;536,876;535,876;534,875;533,875;532,875;531,874;530,874;529,874;529,875;529,876;528,879;
Specular reflection; POLYGON; 191, 91, 22; 537,849;537,850;537,851;537,852;537,853;537,854;537,856;537,857;537,858;538,859;538,860;538,861;538,862;538,863;538,864;538,865;539,866;539,867;539,868;540,868;540,869;541,869;541,870;542,870;543,870;543,871;544,871;545,872;546,872;546,873;547,873;548,873;548,874;549,874;550,874;550,875;551,875;552,875;553,875;554,875;555,875;556,875;557,875;557,874;558,874;559,873;560,873;560,872;561,871;562,870;562,869;562,868;562,867;562,866;562,865;562,864;562,863;562,862;562,861;562,860;562,859;562,858;561,857;561,856;561,855;560,854;560,853;559,852;558,851;558,850;557,849;555,848;554,847;552,847;551,846;550,845;549,845;548,844;547,844;546,844;545,843;544,843;544,842;543,842;542,842;541,843;540,844;539,845;539,846;538,848;537,849;537,850;
Specular reflection; POLYGON; 191, 91, 22; 544,830;543,831;543,832;543,833;543,835;543,836;543,837;543,838;544,839;544,840;545,840;545,841;546,842;547,842;548,843;549,843;550,843;551,843;552,843;553,843;554,843;555,843;556,843;557,843;558,842;559,841;560,840;561,839;562,838;562,837;563,836;563,835;563,834;563,833;563,832;562,831;558,828;556,827;555,827;554,827;553,827;
Specular reflection; POLYGON; 191, 91, 22; 451,323;451,324;450,324;450,325;450,326;449,326;449,327;449,328;449,329;449,330;449,331;449,332;449,333;449,334;449,335;449,336;450,337;450,338;451,338;451,339;452,340;452,341;453,341;454,342;455,343;456,343;457,344;458,344;459,344;460,343;461,343;461,342;462,342;463,341;463,340;464,339;465,337;466,336;467,335;467,333;468,332;469,331;469,329;470,328;470,326;471,325;471,324;471,323;471,322;471,320;470,319;468,318;467,317;466,317;465,317;463,317;462,317;460,317;458,318;456,319;455,320;453,321;
Specular reflection; POLYGON; 191, 91, 22; 360,731;359,731;359,732;358,732;357,733;356,734;355,735;354,736;353,737;353,738;352,739;352,740;351,742;351,743;351,744;351,745;351,746;351,747;351,748;351,749;351,750;352,750;352,751;353,752;354,753;355,753;356,754;357,755;358,755;359,756;360,757;361,758;362,758;363,759;364,759;365,760;366,760;367,760;368,760;369,760;370,760;371,760;371,759;372,759;372,758;373,758;373,757;374,757;374,756;375,755;375,754;375,753;376,752;376,751;376,750;376,749;376,748;376,747;376,746;376,745;376,744;376,743;375,741;375,740;375,739;374,738;374,737;373,736;373,735;372,735;371,734;370,734;369,734;368,734;367,734;366,734;364,734;363,735;362,736;362,737;361,738;361,739;361,740;
Specular reflection; POLYGON; 191, 91, 22; 384,753;384,755;384,756;384,757;384,758;384,759;384,760;384,761;385,762;385,763;386,764;386,765;387,765;388,766;389,766;390,766;391,766;392,766;393,766;394,766;395,766;396,766;397,766;398,766;399,766;400,766;400,765;401,765;402,765;402,764;403,763;404,762;405,761;406,760;406,759;406,758;406,757;406,756;405,755;405,754;404,754;403,753;402,753;401,753;400,752;399,752;398,752;397,751;396,751;395,751;395,750;
Specular reflection; POLYGON; 191, 91, 22; 413,749;412,750;411,752;411,753;411,754;410,755;410,756;410,757;410,758;410,759;410,760;410,761;411,762;412,762;412,763;413,763;413,764;414,764;415,765;416,765;417,765;418,765;419,765;420,765;421,765;422,765;423,765;424,765;425,765;426,764;427,764;428,763;429,762;430,762;431,761;432,760;432,759;433,758;433,757;434,756;434,755;434,754;434,753;434,752;434,751;433,749;432,748;431,747;429,747;428,746;427,746;425,746;424,746;422,746;421,746;420,747;419,748;
Specular reflection; POLYGON; 191, 91, 22; 474,866;473,867;473,868;472,869;471,870;471,871;471,872;471,873;470,874;470,875;470,876;470,877;470,878;470,879;470,880;471,881;471,882;472,882;472,883;473,883;474,884;475,884;476,885;477,885;478,885;479,885;480,886;481,886;482,886;483,886;484,886;485,886;486,885;487,885;488,884;489,884;490,883;491,883;492,883;493,882;494,882;494,881;494,880;494,879;495,878;495,877;495,876;495,874;495,873;495,872;495,870;495,869;495,868;495,867;494,866;494,865;493,865;493,864;492,864;492,863;491,863;490,863;490,864;
Specular reflection; POLYGON; 191, 91, 22; 458,885;458,886;457,886;457,887;456,888;456,889;455,890;455,891;455,892;454,893;454,894;454,895;454,896;454,897;455,898;455,899;456,900;456,901;456,902;457,902;457,903;457,904;458,904;458,905;459,906;459,907;460,908;461,909;461,910;462,910;463,911;464,911;464,912;465,912;466,913;467,914;467,915;468,915;469,915;469,916;470,916;471,916;472,916;473,916;474,916;475,916;476,916;478,916;479,916;480,916;481,916;481,915;482,915;482,914;483,914;483,913;484,912;484,911;485,910;485,909;485,908;485,907;486,906;486,905;486,904;486,903;486,902;486,901;486,900;485,899;485,898;484,897;483,897;482,896;481,895;480,894;479,893;478,892;477,891;476,891;475,890;474,889;473,889;473,888;472,888;471,888;470,888;469,888;468,888;467,888;466,887;465,887;464,887;463,886;462,886;462,885;461,885;
Specular reflection; POLYGON; 191, 91, 22; 667,812;666,812;666,811;665,811;665,812;665,813;664,813;664,814;664,815;663,815;663,816;662,818;661,819;661,820;661,821;661,822;660,824;660,825;660,826;660,827;660,828;660,829;660,830;660,832;659,833;659,834;659,835;659,836;659,837;659,838;659,839;659,840;659,841;659,842;659,843;660,843;660,844;660,845;660,846;661,846;661,847;662,847;662,848;663,848;663,849;664,849;665,849;665,850;665,851;666,851;666,852;666,853;667,853;667,854;668,854;668,855;669,855;670,855;671,855;672,855;672,854;673,854;674,853;675,852;677,850;678,849;678,847;679,846;680,844;680,843;681,841;681,840;682,838;682,837;682,832;682,830;682,828;682,827;681,823;681,822;680,819;680,818;679,818;679,817;678,816;677,816;676,816;671,815;669,815;665,815;663,815;661,816;660,816;658,816;658,817;657,817;657,818;657,819;657,820;
Specular reflection; POLYGON; 191, 91, 22; 809,422;807,422;806,422;805,422;803,422;802,422;801,422;800,422;799,422;798,422;797,422;796,422;796,421;795,421;794,420;793,420;792,419;791,419;790,418;789,418;788,418;787,417;785,417;784,416;783,416;781,416;780,415;779,415;778,415;777,414;776,414;775,413;774,413;773,412;772,411;771,410;770,410;770,409;769,408;768,407;767,407;767,406;766,406;765,406;765,405;764,405;764,404;763,404;762,404;762,403;761,403;760,402;758,402;757,401;756,400;755,400;754,400;753,399;752,399;751,398;750,398;749,398;748,397;747,397;746,396;745,396;744,396;743,396;740,396;738,396;737,396;736,396;735,396;735,395;734,394;734,393;733,393;732,392;731,392;730,392;729,391;728,391;727,391;726,391;725,391;725,390;724,390;723,390;723,389;722,389;722,388;721,387;721,386;720,386;720,385;719,385;719,384;718,384;717,383;716,382;715,382;714,381;713,381;712,380;711,380;711,379;710,379;709,378;708,378;708,377;706,376;706,375;705,375;705,374;704,373;703,372;702,372;702,371;701,371;701,370;700,370;699,370;699,369;698,369;697,369;696,368;695,368;694,367;693,366;693,365;692,365;692,364;692,363;692,362;692,361;691,360;691,359;691,358;691,357;691,356;691,355;691,354;692,354;693,354;693,353;694,353;695,353;696,353;697,352;698,352;699,352;700,352;701,352;702,352;703,352;704,352;705,352;706,352;707,352;708,352;709,352;710,352;711,353;712,353;713,354;714,354;715,355;716,355;716,356;717,356;717,357;718,357;719,357;719,358;720,358;721,358;722,358;723,359;724,359;725,360;726,360;727,361;728,362;729,363;730,364;731,364;732,365;733,365;734,365;735,365;736,366;737,366;738,367;739,367;740,368;741,368;741,369;742,369;743,369;744,369;744,370;745,370;746,370;747,370;748,370;749,370;750,370;751,370;752,371;753,371;754,371;755,371;756,372;757,372;757,373;758,373;759,373;759,374;760,374;761,375;762,375;763,376;764,376;765,376;766,377;767,377;768,377;768,378;769,378;770,378;771,378;771,379;772,379;773,379;773,380;774,380;774,381;775,381;775,382;776,382;776,383;777,384;778,384;778,385;779,385;780,386;781,386;781,387;782,387;783,387;783,388;784,388;785,389;786,389;786,390;787,390;787,391;788,391;788,392;789,392;790,393;791,393;791,394;792,394;792,395;793,395;794,396;795,397;796,398;797,399;798,400;799,400;799,401;800,401;801,402;802,402;802,403;803,403;804,403;804,404;805,404;806,404;806,405;807,405;808,405;809,405;809,406;810,406;811,406;812,406;812,407;813,407;814,408;815,409;815,410;816,410;816,411;817,412;817,413;818,413;818,414;818,415;818,416;818,417;818,418;818,419;818,420;817,421;816,421;816,422;815,422;
Specular reflection; POLYGON; 191, 91, 22; 792,390;791,390;790,390;790,391;789,391;788,391;787,391;787,392;786,392;785,392;785,393;784,393;783,393;783,394;782,395;781,396;780,397;779,398;779,399;779,400;778,400;778,401;778,402;778,403;778,404;778,405;778,406;778,407;778,408;778,409;778,410;778,411;778,412;779,413;780,414;781,414;781,415;782,416;783,417;784,417;785,418;786,419;787,420;788,420;788,421;789,422;790,422;791,423;792,424;793,424;794,425;795,425;796,426;797,427;798,427;799,428;800,428;801,429;803,430;804,431;805,432;806,433;807,433;808,434;809,434;810,434;811,434;812,435;813,435;814,435;815,435;816,436;817,436;818,436;818,437;819,437;820,438;821,438;822,438;823,438;824,438;825,438;826,438;827,438;828,438;828,439;829,439;830,439;831,439;832,439;834,439;835,439;835,438;836,438;837,437;837,436;838,435;838,434;838,433;838,432;838,431;839,431;839,430;839,429;839,428;839,427;839,426;839,425;839,423;839,422;839,421;838,421;838,420;837,419;837,418;836,417;835,416;834,415;834,414;833,413;832,412;832,411;831,410;830,409;829,408;829,407;827,404;826,403;825,402;824,401;823,400;821,399;819,398;818,396;816,395;814,394;812,393;810,392;807,390;805,389;803,388;801,387;799,387;796,386;794,386;791,386;790,386;789,386;788,386;787,387;787,389;787,391;786,393;
Specular reflection; POLYGON; 191, 91, 22; 459,807;458,807;457,807;456,807;455,807;454,807;453,808;452,809;451,809;450,810;449,810;449,811;448,812;447,812;447,813;446,814;446,815;445,815;445,816;445,817;445,818;445,819;445,820;445,821;445,822;445,823;445,824;445,825;445,826;445,827;446,827;446,828;446,829;447,829;447,830;448,831;448,832;449,832;449,833;450,833;450,834;451,834;452,834;453,834;454,835;456,835;457,835;458,835;459,835;460,835;461,835;462,835;463,836;464,836;465,836;466,836;467,836;467,837;468,837;469,837;470,838;471,838;472,838;473,838;474,838;475,838;476,838;477,838;478,838;479,838;480,838;481,838;482,838;483,838;484,838;485,838;486,839;487,839;488,839;489,839;490,839;491,838;491,837;492,837;492,836;492,835;492,834;492,833;492,832;491,831;491,830;490,829;489,828;489,827;488,826;487,825;486,823;485,822;483,821;482,819;480,818;479,817;477,816;475,815;473,814;471,813;470,813;468,812;465,812;464,811;463,811;462,811;461,811;
Specular reflection; POLYGON; 191, 91, 22; 460,857;459,856;458,855;457,855;457,854;456,854;455,854;455,853;454,853;453,852;452,852;451,852;450,852;449,852;448,852;447,852;446,852;445,852;444,852;443,852;442,852;441,852;440,852;440,853;439,853;438,853;437,853;437,854;436,854;435,855;434,856;433,857;433,858;432,858;432,859;432,860;432,861;432,862;433,863;434,864;435,865;435,866;436,866;436,867;437,867;437,868;438,868;438,869;439,869;439,870;440,870;440,871;441,871;442,872;443,872;443,873;444,873;445,873;445,874;446,874;447,874;448,875;449,875;450,875;451,875;452,876;453,876;454,876;455,876;456,876;457,876;458,876;459,876;460,876;461,876;462,876;463,875;464,875;465,875;466,874;467,874;468,874;469,874;470,873;471,873;471,872;472,872;473,871;474,871;474,870;475,869;476,868;476,867;477,867;478,866;478,865;479,864;479,863;480,863;480,862;480,861;480,860;480,859;480,858;480,857;480,856;480,855;480,854;479,854;479,853;478,852;477,852;477,851;476,851;475,850;474,850;473,850;472,850;471,850;468,850;467,850;466,850;465,851;
Specular reflection; POLYGON; 191, 91, 22; 394,862;394,863;393,865;393,866;393,867;393,868;393,870;392,871;392,872;392,873;392,874;392,875;392,876;392,877;392,878;392,879;392,880;392,881;393,881;393,882;394,882;395,882;396,882;397,882;398,882;399,882;400,881;402,880;403,879;404,879;405,877;406,877;407,875;408,874;409,873;410,872;411,871;411,870;411,869;411,868;411,867;411,866;411,865;410,864;409,863;408,862;407,861;406,861;406,860;405,859;
Specular reflection; POLYGON; 191, 91, 22; 467,763;466,764;465,764;465,765;464,766;463,766;463,767;462,768;462,769;461,770;461,771;460,772;460,773;460,774;459,775;459,776;459,777;459,778;459,779;459,780;459,781;459,782;460,783;460,784;461,785;461,786;462,787;462,788;463,788;463,789;464,790;465,791;466,791;466,792;467,792;468,792;469,792;470,792;471,792;472,792;474,791;474,790;475,790;477,789;478,788;478,787;480,786;481,785;482,784;484,782;484,780;485,779;486,778;487,775;487,774;488,773;488,772;488,771;487,771;486,770;485,770;484,770;483,769;482,769;481,769;480,768;479,768;478,768;477,768;
Specular reflection; POLYGON; 191, 91, 22; 179,671;179,672;179,673;179,674;179,675;179,676;179,677;180,678;180,679;180,680;181,680;181,681;182,682;183,682;184,682;185,682;186,682;187,682;188,682;189,682;190,682;191,682;192,681;193,681;193,680;194,680;194,679;195,679;195,678;196,678;196,677;197,676;197,675;197,674;197,673;197,672;197,670;197,669;197,668;196,666;195,665;194,663;194,662;193,661;192,659;191,658;190,657;189,656;188,656;187,655;186,655;185,655;184,655;183,655;183,656;183,657;183,658;183,660;
Specular reflection; POLYGON; 191, 91, 22; 354,634;354,635;354,636;354,637;354,639;354,640;354,641;354,642;354,643;354,644;354,645;355,645;356,646;357,647;358,647;359,648;360,648;360,649;361,649;362,649;363,649;364,649;364,650;365,650;366,650;367,650;368,650;369,650;369,649;370,649;371,648;372,648;372,647;373,647;373,646;373,645;374,645;374,644;374,643;374,642;375,641;375,640;375,639;375,638;375,637;375,636;375,635;374,634;373,633;373,632;372,631;372,630;371,630;370,629;369,628;368,628;367,628;365,628;364,628;362,628;361,628;359,629;358,630;356,630;355,631;355,632;354,633;
Specular reflection; POLYGON; 191, 91, 22; 424,459;424,460;423,460;423,461;423,462;422,463;422,464;422,465;421,466;421,467;421,468;421,469;421,471;421,473;422,474;423,475;424,476;425,476;425,477;426,477;427,478;428,478;429,478;430,478;432,478;433,479;434,479;435,479;437,479;438,479;440,479;441,478;443,478;444,477;446,476;447,475;449,474;450,472;452,471;452,470;453,470;454,469;454,468;454,467;454,466;454,465;453,464;453,463;452,462;451,461;450,460;449,459;448,458;447,457;446,456;444,455;443,455;442,455;440,454;439,454;437,454;436,455;
Specular reflection; POLYGON; 191, 91, 22; 198,921;198,922;198,923;198,924;198,925;198,926;198,927;198,928;199,929;199,930;200,931;201,932;202,932;202,933;203,933;204,933;205,934;206,934;207,934;208,934;209,934;210,933;211,933;212,933;212,932;213,932;214,932;215,931;216,931;217,931;218,931;218,930;219,930;219,929;219,928;219,927;219,926;219,925;219,924;218,923;217,922;216,921;215,920;215,919;214,918;213,917;212,916;211,916;210,915;208,914;207,914;206,913;205,913;204,913;203,912;202,912;202,913;202,914;
Specular reflection; POLYGON; 191, 91, 22; 147,927;146,927;146,928;145,929;145,930;145,931;144,931;144,932;144,933;143,934;143,935;143,936;143,937;143,938;143,939;143,940;144,940;144,941;145,941;145,942;146,943;147,943;148,943;149,943;150,943;151,943;152,943;153,943;154,943;155,943;156,943;157,943;158,943;159,943;160,943;161,942;162,942;163,942;164,942;164,941;165,941;166,941;167,941;168,940;169,940;170,939;171,939;171,938;171,937;172,937;172,936;172,935;173,934;173,932;173,931;173,930;173,928;172,927;171,925;170,924;170,923;169,922;166,921;165,921;164,921;161,921;159,921;158,922;156,923;154,924;151,927;150,929;148,931;
Specular reflection; POLYGON; 191, 91, 22; 139,980;139,981;139,983;139,984;139,986;139,987;139,988;139,989;139,990;139,991;139,992;139,993;139,994;140,995;141,995;141,996;142,996;143,996;144,996;144,997;145,997;146,997;147,997;148,997;149,997;150,998;151,998;152,998;152,999;153,999;154,999;155,999;155,1000;156,1000;157,1000;157,1001;158,1001;159,1001;160,1001;161,1001;162,1001;163,1001;164,1001;164,1000;165,1000;166,1000;167,1000;167,999;168,999;169,998;170,998;170,997;171,997;172,996;173,995;174,995;174,994;175,994;176,994;176,993;177,993;178,993;179,993;179,992;180,992;181,991;181,990;182,990;182,989;183,988;183,987;183,986;183,985;172,975;171,975;170,975;169,975;167,976;166,976;165,976;164,976;162,976;161,977;160,977;159,977;158,977;157,977;156,977;155,977;154,977;153,977;152,977;151,977;150,977;149,977;148,977;147,976;146,976;145,976;145,975;
Specular reflection; POLYGON; 191, 91, 22; 732,594;732,595;731,595;731,596;730,596;730,597;729,597;729,598;728,598;728,599;727,599;727,600;726,600;726,601;725,602;724,603;724,604;723,605;723,606;722,607;722,608;721,608;721,609;721,610;721,611;720,612;720,613;720,614;720,615;720,616;720,617;720,618;720,619;720,620;720,621;720,622;720,623;720,624;720,625;720,626;720,627;721,627;721,628;721,629;721,630;721,631;721,632;722,633;722,634;723,634;723,635;724,635;724,636;725,636;726,636;726,637;727,637;728,637;729,638;730,638;731,639;732,639;733,640;734,640;735,640;736,640;737,641;738,641;739,641;740,641;741,641;741,642;742,642;743,642;744,642;745,642;746,642;747,642;748,642;749,642;750,642;751,642;752,642;753,642;754,642;755,642;756,642;757,642;758,642;758,641;759,641;760,641;761,641;761,640;762,640;763,640;764,640;765,640;766,640;767,640;767,639;768,639;769,639;769,638;770,638;771,638;772,638;772,637;773,637;774,637;775,636;776,636;777,635;778,635;778,634;779,634;780,634;780,633;781,633;781,632;782,632;782,631;783,631;784,631;784,630;785,630;785,629;786,629;787,628;788,627;788,626;788,625;789,625;789,624;789,623;789,622;789,621;789,620;788,620;788,619;787,618;787,617;786,617;786,616;785,616;785,615;784,615;784,614;783,614;783,613;782,613;782,612;781,612;780,611;779,611;778,610;777,610;776,610;775,610;775,609;774,609;773,609;772,609;771,609;770,609;770,608;769,608;768,608;768,607;767,607;766,606;765,606;765,605;764,605;763,604;762,603;761,602;760,601;760,600;759,599;759,598;758,598;758,597;757,597;757,596;756,595;755,595;755,594;754,594;753,593;751,592;750,592;749,592;747,592;745,592;744,592;743,592;742,592;742,593;741,594;741,597;740,602;
Specular reflection; POLYGON; 191, 91, 22; 915,426;915,427;915,428;915,429;915,430;915,431;915,433;915,434;916,434;916,435;917,435;917,436;918,436;919,437;920,437;921,437;922,437;923,438;924,438;925,438;926,438;927,438;928,438;929,438;930,438;931,438;932,438;933,438;934,438;935,438;936,437;936,436;937,436;937,435;938,435;938,434;939,433;939,432;940,431;940,430;940,429;940,428;940,427;940,426;940,425;939,424;939,423;938,422;937,421;936,421;935,420;934,420;932,420;931,420;929,420;926,420;922,420;920,421;918,421;916,422;915,422;914,422;914,423;913,423;913,424;913,425;
Specular reflection; POLYGON; 191, 91, 22; 845,299;844,299;843,299;842,299;841,299;840,299;839,299;838,299;838,300;837,300;836,300;836,301;835,301;835,302;834,303;833,304;833,305;832,306;832,307;831,308;831,309;832,310;832,311;833,311;833,312;834,313;834,314;835,314;836,315;837,315;837,316;838,316;838,317;839,317;840,317;840,318;841,318;842,318;843,318;844,318;845,318;846,318;847,318;848,318;849,318;850,318;851,318;852,318;853,318;854,318;854,317;855,317;856,317;857,317;858,316;859,316;860,316;860,315;860,314;860,313;860,312;860,311;860,310;860,309;859,308;859,307;858,307;858,306;857,306;856,305;855,305;855,304;854,304;854,303;853,303;852,303;851,303;850,303;
Specular reflection; POLYGON; 191, 91, 22; 997,115;997,116;996,116;996,117;996,118;996,119;995,119;995,120;995,121;995,122;995,123;994,123;994,124;994,125;994,126;995,127;996,128;997,128;997,129;998,129;999,129;1000,130;1001,130;1002,130;1003,130;1004,130;1005,130;1006,130;1007,130;1008,130;1009,130;1010,130;1010,129;1011,129;1012,129;1013,129;1014,129;1015,128;1016,128;1017,127;1018,127;1018,126;1018,125;1019,125;1019,124;1019,123;1020,123;1020,122;1020,121;1021,121;1021,120;1021,119;1021,118;1021,117;1022,116;1022,115;1022,114;1022,113;1022,112;1022,111;1022,110;1022,109;1022,108;1022,107;1021,107;1021,106;1020,106;1019,105;1018,104;1017,104;1017,103;1016,103;1015,103;1014,102;1013,102;1012,102;1011,103;1009,103;1008,104;1006,105;1005,106;1003,108;1001,110;1000,111;999,112;999,113;998,114;998,115;
Specular reflection; POLYGON; 191, 91, 22; 960,707;960,708;960,709;959,710;959,711;959,712;958,713;958,714;958,715;958,716;958,717;958,718;958,719;958,720;959,720;960,721;961,721;962,722;963,722;964,722;965,723;966,723;967,723;968,723;969,723;969,722;970,722;971,721;972,720;973,720;974,719;975,718;976,716;977,715;977,714;978,713;978,712;979,711;979,710;980,709;980,708;980,707;980,706;980,705;980,704;979,703;978,702;977,701;977,700;976,699;974,699;973,698;972,698;971,697;970,697;969,697;968,697;967,697;966,698;965,699;964,700;
Specular reflection; POLYGON; 191, 91, 22; 854,862;854,863;853,864;852,864;852,865;851,865;851,866;850,866;849,866;848,867;847,867;846,867;845,868;843,868;842,868;841,869;840,869;839,869;838,869;837,869;836,869;835,869;834,869;833,869;832,869;831,869;830,869;829,869;828,869;827,869;826,869;826,870;825,870;824,870;823,870;822,870;821,870;820,870;819,870;818,870;817,870;816,870;815,870;815,869;814,869;813,869;813,868;812,868;811,868;810,868;809,867;808,867;807,867;806,867;806,868;805,868;805,869;804,869;804,870;803,870;803,871;802,872;801,873;800,874;800,875;799,876;798,877;798,878;798,879;797,879;797,880;797,881;797,882;797,883;797,884;797,885;798,886;799,886;800,887;801,887;802,887;803,887;805,888;807,888;808,888;809,888;810,888;811,888;812,888;814,888;816,888;817,888;818,887;820,887;821,886;824,885;825,885;827,885;828,884;831,884;832,883;833,883;835,881;837,881;838,880;841,879;842,878;844,877;846,877;848,876;849,876;850,876;851,876;852,877;
Specular reflection; POLYGON; 191, 91, 22; 800,5;800,6;799,7;798,7;798,8;797,9;797,10;797,11;796,11;796,12;796,13;796,14;797,15;797,16;798,16;798,17;799,17;800,18;801,18;802,18;802,19;803,19;804,19;805,19;806,19;807,20;808,20;809,20;810,20;811,20;812,20;813,20;814,20;815,20;816,20;817,20;818,20;818,19;819,19;820,19;820,18;821,18;821,17;822,17;822,16;823,15;823,14;824,14;824,13;824,12;825,12;825,11;825,10;826,10;826,9;826,8;826,7;826,6;827,6;827,5;826,5;
Specular reflection; POLYGON; 191, 91, 22; 445,372;445,373;445,374;445,375;445,376;445,377;446,377;446,378;447,378;447,379;448,379;448,380;449,381;450,382;451,383;452,384;453,384;453,385;454,385;455,385;456,385;456,386;457,386;458,386;459,386;459,385;460,384;460,383;461,382;461,381;461,380;461,379;461,378;461,377;461,376;461,375;461,374;461,373;461,372;461,371;461,370;461,369;461,368;461,367;460,366;459,365;459,364;458,363;457,363;456,362;456,361;455,361;454,361;453,360;452,360;451,360;450,360;449,361;449,362;448,363;448,364;
Specular reflection; POLYGON; 191, 91, 22; 142,389;143,389;144,389;145,389;146,389;147,389;147,388;148,388;148,387;149,387;149,386;150,386;150,385;150,384;151,384;151,383;151,382;151,381;151,380;151,379;151,378;151,377;151,376;151,375;151,374;151,373;151,372;150,371;150,370;149,369;148,368;148,367;147,367;147,366;146,366;146,365;145,365;144,364;143,364;142,363;141,363;141,362;140,362;139,362;139,361;138,361;138,360;137,360;136,360;135,360;134,360;134,359;133,359;132,359;131,359;130,359;130,358;129,358;128,358;127,358;126,358;125,357;124,357;123,357;122,357;121,357;120,357;119,357;118,357;117,357;116,357;115,357;114,357;112,357;111,357;110,358;109,358;108,358;107,359;106,360;106,361;105,361;105,362;105,363;105,364;106,365;107,366;108,368;109,369;
Vein; POLYGON; 63, 72, 204; 379,946;380,946;380,947;380,948;381,948;381,949;382,949;382,950;383,950;383,951;384,951;384,952;385,952;385,953;386,953;387,953;387,954;388,954;388,955;389,955;390,955;390,956;391,956;392,956;393,956;394,956;394,957;395,957;396,957;396,958;397,958;398,959;399,959;400,960;401,960;401,961;402,961;403,961;403,962;404,962;405,963;406,963;406,964;407,964;407,965;408,965;409,965;410,965;411,966;412,966;413,967;414,967;415,967;415,968;416,968;417,968;417,969;418,969;419,969;419,970;420,970;421,971;422,971;422,972;423,972;424,973;425,973;425,974;426,974;427,974;428,974;428,975;429,975;430,975;431,975;432,976;433,976;434,976;435,976;436,976;436,977;437,977;438,977;439,977;440,977;440,978;441,978;442,979;443,979;443,980;444,980;444,981;444,982;445,982;445,983;446,983;446,984;447,984;447,985;448,985;449,985;449,986;450,986;451,986;451,987;452,987;453,987;453,988;454,988;455,988;456,988;456,989;457,989;458,989;459,989;459,990;460,990;461,990;461,991;462,991;463,991;463,992;464,992;465,992;466,992;466,993;467,993;468,993;469,993;469,994;470,994;471,994;472,994;473,994;474,994;475,994;476,994;477,994;478,994;479,994;480,994;481,994;482,994;483,994;484,994;485,994;486,994;487,994;488,994;489,994;490,994;491,994;492,994;493,994;494,994;495,994;496,994;497,994;498,994;499,994;500,994;501,994;502,994;503,994;504,994;505,994;506,994;507,994;508,994;509,994;510,994;510,993;510,992;510,991;510,990;509,990;509,989;508,989;508,988;507,988;507,987;506,987;506,986;505,986;504,986;504,985;503,984;502,984;501,983;501,982;500,982;500,981;499,981;499,980;498,980;498,979;497,978;496,977;496,976;495,976;495,975;495,974;494,974;494,973;494,972;493,972;493,971;493,970;492,970;492,969;492,968;491,968;491,967;490,966;490,965;489,964;489,963;488,962;488,961;488,960;487,959;487,958;486,956;486,955;486,954;485,953;485,952;484,952;484,951;483,950;483,949;482,949;482,948;481,947;481,946;480,946;480,945;479,944;479,943;478,942;477,942;477,941;476,940;475,939;474,938;473,937;472,936;471,935;470,935;470,934;469,934;469,933;468,933;467,932;466,932;466,931;465,931;464,930;463,930;462,930;461,929;460,929;459,929;459,928;458,928;457,928;456,927;455,927;454,927;454,926;453,926;452,926;451,926;451,925;450,925;449,925;448,925;447,924;446,924;445,924;445,923;444,923;443,923;442,923;441,922;440,922;439,921;438,921;437,921;437,920;436,920;435,920;434,920;434,919;433,919;432,919;431,919;431,918;429,918;428,918;427,918;426,918;426,917;425,917;424,917;423,917;422,917;421,916;420,916;419,916;418,916;417,916;416,916;416,915;415,915;414,915;413,915;413,914;412,914;411,914;411,913;410,913;409,913;409,912;408,912;407,911;406,911;406,910;405,910;404,909;403,909;403,908;402,908;401,907;400,906;399,906;399,905;398,905;398,904;397,904;397,903;396,903;395,903;394,903;393,903;392,903;392,904;391,904;391,905;390,905;390,906;390,907;389,907;389,908;389,909;389,910;389,911;389,912;388,912;388,913;388,914;388,915;389,916;389,917;390,917;390,918;391,918;392,919;393,919;393,920;394,920;395,920;396,921;397,921;398,921;399,921;400,922;401,922;402,922;403,922;403,923;404,923;405,923;405,924;406,924;407,924;407,925;408,925;408,926;409,926;409,927;409,928;409,929;409,930;409,931;409,932;409,933;409,934;408,934;408,935;407,935;407,936;406,936;406,937;405,937;405,938;404,938;403,938;403,939;402,939;402,940;401,940;400,940;399,940;399,941;398,941;397,941;397,942;396,942;395,942;394,942;393,942;392,941;391,941;391,940;390,940;389,940;389,939;388,939;387,939;387,938;386,938;386,937;385,937;384,937;385,938;386,939;
Vein; POLYGON; 63, 72, 204; 414,936;415,936;416,936;417,935;417,934;418,933;418,932;418,931;419,931;419,930;419,929;419,928;419,927;418,927;418,926;417,926;416,926;416,925;415,925;414,925;413,925;413,924;412,924;
Vein; POLYGON; 63, 72, 204; 391,916;390,916;390,915;389,915;388,914;387,913;386,912;385,911;385,910;384,910;384,909;384,908;384,907;383,907;383,906;383,905;383,904;382,904;382,903;382,902;382,901;382,900;381,900;381,899;380,898;379,898;379,897;378,896;377,896;377,895;376,895;376,894;375,894;374,894;374,893;373,892;372,891;372,890;371,890;371,889;371,888;370,888;370,887;370,886;370,885;369,884;369,883;369,882;369,881;369,880;369,879;369,878;368,878;368,877;368,876;367,875;367,874;366,874;366,873;366,872;365,872;365,871;364,870;364,869;363,869;363,868;362,868;362,867;362,866;361,866;361,865;360,864;360,863;359,863;359,862;358,861;358,860;357,860;357,859;357,858;356,858;356,857;355,856;355,855;354,854;353,854;353,853;353,852;352,851;352,850;351,850;351,849;350,848;350,847;349,846;349,845;349,844;349,843;349,840;349,839;349,838;349,837;348,837;348,836;348,835;348,834;348,833;348,832;348,831;348,830;348,829;348,828;348,827;348,826;348,825;348,824;348,823;348,822;348,821;348,820;348,819;348,818;348,817;349,817;349,816;349,815;349,814;349,813;349,812;349,811;349,810;349,809;349,808;349,807;349,806;349,805;348,804;348,803;348,802;348,801;348,800;347,800;347,799;347,798;346,798;346,797;345,796;344,795;343,795;343,794;342,794;341,794;341,793;340,793;339,793;339,792;338,792;337,792;336,791;335,791;334,791;333,791;333,790;332,790;331,790;330,789;329,789;328,789;328,788;327,788;326,788;326,787;325,787;324,787;323,786;322,786;321,786;320,785;319,785;318,784;317,784;316,784;316,783;315,783;314,783;314,782;313,782;312,782;311,781;310,781;310,780;309,779;308,779;308,778;307,778;307,777;306,777;306,776;305,776;305,775;304,775;304,774;304,773;303,773;303,772;303,771;303,770;302,770;302,769;302,768;302,767;302,766;302,765;302,764;301,763;301,762;301,761;301,760;301,759;301,758;301,757;301,756;301,755;301,754;301,753;301,752;300,752;299,752;299,751;298,751;297,751;297,750;296,750;295,750;295,749;294,749;293,748;292,748;292,747;291,746;291,745;290,745;290,744;289,743;289,742;289,741;288,741;288,740;288,739;288,738;288,737;288,736;288,735;289,735;289,734;290,733;290,732;291,732;291,731;292,731;292,730;292,729;293,729;293,728;293,727;294,727;294,726;295,726;295,725;296,724;296,723;297,723;297,722;298,722;299,722;299,721;300,721;301,721;302,721;303,721;304,721;305,721;306,721;307,722;308,722;309,722;310,722;310,723;311,723;312,723;313,724;314,724;315,724;316,724;317,725;318,725;319,725;320,725;321,725;322,725;322,726;323,726;324,726;324,727;324,728;325,728;326,729;326,730;327,730;327,731;327,732;328,732;328,733;328,734;328,735;328,736;328,737;328,738;328,739;328,740;328,741;328,742;328,743;328,744;329,744;329,745;330,746;330,747;331,748;332,750;333,751;334,751;334,752;335,753;336,753;336,754;337,754;337,755;338,755;339,755;339,756;340,756;340,757;341,757;342,758;343,758;343,759;344,760;345,761;346,761;346,762;347,763;347,764;348,764;348,765;349,765;349,766;350,766;350,767;350,768;351,769;351,770;351,771;352,771;352,772;352,773;353,773;353,774;353,775;353,776;354,776;354,777;354,778;355,778;355,779;355,780;356,780;356,781;356,782;356,783;357,783;357,784;357,785;358,785;358,786;358,787;358,788;359,788;359,789;359,790;359,791;359,792;359,793;359,794;359,795;359,796;359,797;359,798;359,799;359,800;359,801;359,802;359,803;360,803;360,804;360,805;360,806;360,807;360,808;360,809;360,810;360,811;360,812;360,813;360,814;360,815;361,815;361,816;361,817;361,818;361,819;362,819;362,820;362,821;362,822;362,823;362,824;362,825;362,826;362,827;362,828;363,828;363,829;363,830;363,831;363,832;364,832;364,833;364,834;365,834;365,835;365,836;366,836;366,837;367,837;367,838;368,839;369,840;370,840;370,841;371,841;371,842;372,842;372,843;373,843;374,843;374,844;375,844;375,845;376,845;377,846;377,847;378,847;378,848;379,848;379,849;379,850;380,850;380,851;380,852;381,852;381,853;381,854;381,855;382,855;382,856;382,857;382,858;383,858;383,859;383,860;383,861;383,862;384,862;384,863;384,864;384,865;384,866;384,867;385,867;385,868;385,869;385,870;385,871;386,871;386,872;386,873;386,874;387,874;387,875;387,876;388,876;388,877;388,878;389,878;389,879;389,880;390,880;390,881;391,882;391,883;392,883;392,884;393,884;393,885;394,886;395,887;395,888;396,888;396,889;396,890;397,890;397,891;398,891;398,892;399,892;399,893;400,893;400,894;401,895;401,896;402,896;402,897;403,897;403,898;404,899;404,900;405,900;405,901;406,901;406,902;407,903;407,904;408,905;408,906;409,907;409,908;409,909;409,910;409,911;410,912;410,913;410,914;410,915;410,916;410,917;410,918;410,919;410,920;410,921;411,921;
Vein; POLYGON; 63, 72, 204; 382,902;382,901;382,900;381,900;381,899;381,898;381,897;380,897;380,896;379,896;379,895;378,895;377,895;376,895;375,894;374,894;373,894;372,894;371,894;370,894;369,894;368,894;367,894;366,894;365,894;364,895;363,895;362,896;361,897;360,897;360,898;359,898;358,898;358,899;357,899;357,900;356,900;356,901;356,902;356,903;356,904;356,905;357,905;357,906;358,906;359,907;360,907;360,908;361,908;361,909;362,909;363,909;363,910;364,910;365,910;365,911;365,912;365,913;364,913;363,913;362,913;361,913;360,913;359,913;360,913;
Vein; POLYGON; 63, 72, 204; 385,896;384,896;384,895;383,894;382,894;382,893;381,893;381,894;381,895;381,896;381,897;381,898;381,899;381,900;381,901;382,902;382,903;382,904;383,905;383,906;384,907;384,908;384,909;385,910;386,911;386,912;387,912;388,912;389,912;389,911;390,911;390,910;390,909;390,908;390,907;389,906;389,905;388,905;388,904;387,903;387,902;386,902;386,901;385,900;384,899;384,898;383,898;383,897;382,896;382,895;381,894;381,893;380,892;380,891;379,890;379,889;378,888;378,887;378,886;377,885;377,884;377,883;376,883;377,884;377,885;378,886;
Vein; POLYGON; 63, 72, 204; 373,903;372,903;371,904;370,904;370,905;369,905;369,906;368,906;367,906;367,907;366,907;366,908;365,908;364,909;363,909;362,909;362,910;361,910;360,910;360,911;359,911;358,911;357,911;356,911;355,911;354,911;353,911;352,911;351,911;351,910;350,910;350,909;349,909;349,908;349,907;348,907;348,906;347,905;347,904;347,903;346,903;346,902;346,901;346,900;345,900;345,899;345,898;344,898;344,897;344,896;343,896;343,895;343,894;342,894;342,893;341,893;341,892;340,892;340,891;339,891;339,890;338,890;338,889;338,888;337,888;337,887;336,887;336,886;336,885;335,885;335,884;334,883;334,882;333,882;333,881;332,881;332,880;331,880;331,879;330,878;330,877;329,877;329,876;328,876;328,875;327,875;327,874;327,873;326,873;326,872;326,871;325,871;325,870;325,869;324,868;324,867;324,866;324,865;324,864;323,864;323,863;323,862;323,861;323,860;323,859;323,858;323,857;323,856;323,855;323,854;323,853;323,852;323,851;323,850;323,849;322,848;322,847;322,846;322,845;322,844;322,843;322,842;322,841;322,840;322,839;322,838;322,837;322,836;322,835;322,834;322,833;322,832;322,831;322,830;322,829;322,828;322,827;322,826;321,826;321,825;321,824;321,823;321,822;320,822;320,821;320,820;320,819;319,819;319,818;319,817;319,816;318,816;318,815;318,814;317,814;317,813;317,812;316,812;316,811;315,810;314,809;313,808;312,807;311,806;311,805;310,805;310,804;309,804;309,803;308,803;308,802;307,802;307,801;306,801;305,800;304,799;303,798;302,797;302,796;301,796;301,795;300,795;299,794;299,793;298,793;297,792;296,792;295,792;295,791;294,791;293,791;292,791;291,791;291,790;290,790;289,790;288,790;287,790;286,790;286,789;285,789;284,789;283,788;282,788;281,788;281,787;280,787;279,787;278,787;278,786;277,786;276,786;275,785;274,785;273,785;272,785;272,784;271,784;270,784;270,783;269,783;268,783;268,782;267,782;267,781;266,781;266,780;265,780;265,779;264,779;264,778;264,777;263,777;263,776;263,775;263,774;263,773;263,772;263,771;263,770;264,770;264,769;264,768;264,767;264,766;264,765;264,764;264,763;264,762;264,761;264,760;264,759;265,759;265,758;265,757;265,756;265,755;266,754;266,753;266,752;267,752;267,751;267,750;268,750;268,749;269,749;269,748;270,748;270,747;271,747;272,747;273,747;274,747;275,748;275,749;276,749;276,750;276,751;276,752;276,753;276,754;276,755;276,756;276,757;276,758;276,759;276,760;275,760;275,761;275,762;274,762;274,763;274,764;274,765;273,765;273,766;273,767;273,768;273,769;273,770;273,771;273,772;273,773;273,774;274,774;274,775;274,776;275,776;276,777;277,778;278,779;279,779;280,780;281,780;282,780;282,781;283,781;284,781;285,782;286,782;287,782;288,782;289,782;290,782;291,782;292,781;293,781;293,780;294,780;295,779;296,779;296,778;297,778;297,777;298,777;299,776;300,776;300,775;301,775;302,775;302,774;303,774;304,774;304,773;305,773;305,772;306,772;307,772;307,771;308,771;309,771;309,770;310,770;311,770;312,770;312,769;313,769;314,769;315,769;315,768;316,768;317,768;318,768;319,768;320,768;321,768;321,769;322,769;322,770;323,770;324,771;325,771;325,772;326,772;326,773;327,773;327,774;328,774;328,775;329,775;329,776;330,776;330,777;331,777;331,778;332,778;332,779;333,779;333,780;334,780;334,781;335,782;335,783;336,783;336,784;337,785;337,786;337,787;337,788;337,789;337,790;337,791;336,791;336,792;335,793;335,794;334,794;334,795;334,796;333,796;333,797;333,798;333,799;332,799;332,800;332,801;332,802;331,802;331,803;331,804;331,805;331,806;331,807;331,808;331,809;331,810;331,811;331,812;331,813;331,814;331,815;331,816;331,817;331,818;331,819;331,820;332,820;332,821;333,821;333,822;334,822;335,822;336,822;336,823;337,823;338,823;339,823;340,823;341,823;342,823;343,823;344,823;345,823;346,823;347,823;348,823;349,823;350,823;351,823;352,823;353,823;354,823;354,824;355,824;356,825;356,826;356,827;357,827;357,828;357,829;357,830;357,831;357,832;357,833;356,833;356,834;355,834;355,835;354,835;354,836;353,836;353,837;352,837;351,837;351,838;350,838;349,839;348,839;348,840;347,840;346,840;346,841;345,841;345,842;344,842;344,843;344,844;343,845;343,846;343,847;343,848;343,849;343,850;343,851;343,852;343,853;343,854;344,854;344,855;344,856;344,857;344,858;345,858;345,859;345,860;345,861;346,861;346,862;346,863;346,864;346,865;347,865;347,866;347,867;347,868;347,869;348,869;348,870;348,871;348,872;349,872;349,873;349,874;350,874;350,875;350,876;351,876;351,877;352,877;352,878;353,878;353,879;354,879;355,880;356,881;357,881;357,882;358,882;359,882;360,882;360,883;361,883;362,883;363,883;364,883;364,884;365,884;366,884;367,884;368,884;369,884;370,884;371,884;371,883;372,883;373,883;374,883;375,883;375,884;376,884;376,885;376,886;377,886;377,887;377,888;377,889;377,890;377,891;377,892;376,892;376,893;376,894;376,895;376,896;
Vein; POLYGON; 63, 72, 204; 414,936;414,935;414,934;414,933;414,932;413,932;413,931;412,931;411,931;411,930;410,930;409,930;408,930;407,930;407,929;406,929;405,929;404,929;403,929;402,929;401,929;400,929;400,928;399,928;398,928;397,928;397,927;396,927;395,927;395,926;394,926;393,925;392,925;392,924;391,924;391,923;390,922;390,921;390,920;390,919;390,918;391,918;392,918;393,918;394,918;395,917;396,917;397,917;398,917;399,917;400,917;401,917;402,917;403,917;404,917;405,917;406,917;406,918;407,918;408,918;409,919;410,919;411,919;412,919;413,920;414,920;414,921;415,921;415,922;416,922;417,923;417,924;418,924;418,925;419,925;419,926;419,927;420,927;420,928;420,929;421,929;421,930;422,931;422,932;422,933;423,934;423,935;423,936;424,936;424,937;424,938;
Vein; POLYGON; 63, 72, 204; 9,769;10,768;11,768;11,767;12,767;12,766;13,766;13,765;14,765;15,764;16,763;17,763;17,762;18,762;19,761;20,761;20,760;21,760;21,759;22,759;23,758;24,758;24,757;25,757;25,756;26,756;26,755;27,755;28,755;28,754;29,754;30,754;31,754;31,753;32,753;32,752;33,752;34,752;34,751;35,751;35,750;36,750;37,749;38,749;38,748;39,748;39,747;40,747;41,746;42,746;42,745;43,745;43,744;44,744;44,743;45,743;46,742;47,742;47,741;48,741;48,740;49,740;49,739;50,739;50,738;51,738;51,737;52,737;52,736;53,736;53,735;54,735;54,734;55,734;55,733;56,733;56,732;57,732;57,731;58,731;58,730;59,730;60,730;60,729;61,729;62,728;63,728;64,727;65,727;65,726;66,726;67,726;67,725;68,725;69,724;70,724;70,723;71,723;72,722;73,722;73,721;74,721;75,721;75,720;76,720;77,720;77,719;78,719;79,719;79,718;80,718;81,718;81,717;82,717;83,717;84,716;85,716;85,715;86,715;87,714;88,714;89,714;89,713;90,713;91,713;92,712;93,712;94,712;94,711;95,711;96,711;97,711;97,710;98,710;99,710;100,710;101,709;102,709;103,709;104,709;104,708;105,708;106,708;107,708;107,707;108,707;109,707;109,706;110,706;111,706;111,705;112,705;112,704;113,704;114,704;114,703;115,703;116,702;117,702;118,702;118,701;119,701;120,701;120,700;121,700;122,700;122,699;123,699;124,699;124,698;125,698;126,698;126,697;127,697;128,697;129,696;130,696;131,696;132,696;132,695;133,695;134,695;135,695;135,694;136,694;137,694;138,694;138,693;139,693;140,693;141,693;141,692;142,692;143,692;144,692;145,692;146,692;147,692;148,692;149,692;150,692;150,691;151,691;152,691;153,691;154,691;155,691;156,691;157,691;158,691;158,692;159,692;160,692;161,692;162,692;163,692;164,692;165,692;165,693;166,693;167,693;168,693;169,693;169,694;170,694;171,694;172,694;172,695;173,695;174,695;175,696;176,696;176,697;177,697;178,697;179,697;180,697;180,698;181,698;182,698;183,698;184,699;185,699;186,699;187,699;188,699;189,699;189,700;190,700;191,700;192,700;193,700;193,701;194,701;195,701;196,701;197,701;198,701;198,702;199,702;200,702;201,702;202,703;203,703;204,703;205,703;206,703;206,704;207,704;208,704;209,704;210,704;210,705;211,705;212,705;213,705;214,705;215,705;215,704;216,704;216,703;216,702;217,702;217,701;218,701;218,700;218,699;219,699;219,698;219,697;220,696;220,695;220,694;220,693;220,692;220,691;221,691;221,690;221,689;221,688;221,687;221,686;221,685;221,684;221,683;221,682;221,681;220,681;220,680;220,679;220,678;219,678;219,677;219,676;218,675;218,674;218,673;217,673;217,672;217,671;217,670;216,670;216,669;216,668;216,667;215,667;215,666;215,665;215,664;214,664;214,663;214,662;214,661;214,660;213,660;213,659;213,658;213,657;213,656;212,656;212,655;212,654;211,653;211,652;211,651;210,650;210,649;209,648;209,647;209,646;208,645;208,644;208,643;208,642;207,641;207,640;207,639;207,638;207,637;207,636;207,635;206,634;206,633;206,632;206,631;206,630;206,629;206,628;205,628;205,627;205,626;205,625;205,624;205,623;204,623;204,622;204,621;204,620;204,619;204,618;204,617;204,616;204,615;204,614;204,613;204,612;204,611;204,610;204,609;204,608;204,607;204,606;204,605;204,604;204,603;204,602;204,601;204,600;204,599;204,598;204,597;204,596;204,595;204,594;204,593;204,592;204,591;204,590;204,589;204,588;204,587;204,586;204,585;204,584;204,583;204,582;205,582;205,581;205,580;206,580;206,579;206,578;207,578;207,577;207,576;207,575;207,574;208,574;208,573;208,572;208,571;208,570;208,569;209,568;209,567;209,566;209,565;209,564;210,563;210,562;210,561;211,561;211,560;211,559;211,558;212,558;212,557;213,556;213,555;213,554;214,554;214,553;214,552;215,552;215,551;215,550;216,550;216,549;216,548;217,548;217,547;217,546;218,546;218,545;218,544;219,543;219,542;220,541;220,540;221,540;221,539;222,539;222,538;223,538;223,537;223,536;224,536;224,535;225,535;225,534;226,534;226,533;227,533;227,532;228,532;228,531;229,531;230,531;230,530;231,530;232,530;232,529;233,529;234,528;235,528;236,527;237,527;237,526;238,526;238,525;239,525;239,524;240,524;241,523;242,522;242,521;243,521;243,520;244,520;244,519;245,519;245,518;245,517;246,517;246,516;246,515;246,514;246,513;246,512;246,511;246,510;245,509;245,508;244,508;244,507;243,507;243,506;242,505;241,504;240,504;240,503;239,503;239,502;238,502;237,501;236,501;236,500;235,500;234,500;233,499;232,499;231,498;230,498;229,497;228,497;227,497;226,497;226,496;225,496;224,496;223,495;222,495;221,495;220,495;220,494;219,494;218,494;217,494;217,493;216,493;215,493;214,493;213,493;212,493;211,493;211,492;210,492;209,492;208,492;207,492;206,492;205,492;204,492;203,492;202,492;201,492;195,493;194,493;193,493;193,494;192,494;191,494;190,495;189,495;188,495;188,496;187,496;187,497;186,497;185,497;185,498;184,498;183,498;182,498;181,498;180,499;179,499;178,499;177,499;176,499;175,499;174,499;173,499;172,499;172,500;171,500;170,500;169,500;168,501;167,501;167,502;166,502;166,503;165,503;165,504;164,505;164,506;163,506;163,507;162,507;162,508;162,509;161,509;161,510;160,511;160,512;160,513;160,514;159,514;159,515;159,516;158,517;158,518;158,519;157,519;157,520;157,521;156,521;156,522;155,522;155,523;154,523;154,524;153,524;152,525;151,525;150,525;150,526;149,526;148,527;147,527;146,528;145,529;144,529;144,530;143,530;143,531;142,531;141,531;141,532;140,532;140,533;139,533;139,534;138,534;137,535;136,535;136,536;135,536;135,537;134,537;133,538;132,538;132,539;131,539;130,539;130,540;129,540;128,541;127,541;126,541;126,542;125,542;124,543;123,544;122,544;122,545;121,545;121,546;120,546;120,547;119,547;119,548;118,548;118,549;117,550;117,551;116,551;116,552;116,553;115,553;115,554;114,555;114,556;113,556;113,557;113,558;112,558;112,559;111,559;111,560;110,560;110,561;109,562;109,563;108,563;108,564;107,564;107,565;107,566;106,566;106,567;105,568;104,569;104,570;103,570;103,571;103,572;102,572;102,573;102,574;101,574;101,575;101,576;101,577;100,577;100,578;100,579;99,580;99,581;99,582;99,583;98,583;98,584;98,585;98,586;97,587;97,588;97,589;97,590;96,590;96,591;96,592;95,593;95,594;94,595;94,596;94,597;93,597;93,598;93,599;92,599;92,600;91,601;91,602;90,602;90,603;90,604;89,604;89,605;88,606;87,607;87,608;86,608;86,609;85,610;85,611;84,611;84,612;83,613;83,614;82,614;82,615;81,616;81,617;80,617;80,618;80,619;80,620;80,621;80,622;80,623;80,624;80,625;80,626;80,627;81,627;82,628;83,628;84,629;85,629;85,630;86,630;87,630;87,631;88,631;88,632;89,632;90,632;90,633;91,633;92,634;93,634;94,635;95,635;96,636;97,636;98,636;98,637;99,637;100,637;100,638;101,638;103,639;104,640;106,640;107,641;108,641;109,641;110,641;111,642;112,642;114,642;116,642;117,643;119,643;120,643;121,643;122,643;123,643;124,643;125,643;127,643;128,643;129,643;130,643;131,643;132,643;133,643;134,643;135,643;136,643;137,643;138,643;139,643;140,643;141,643;142,643;143,643;144,643;145,643;146,643;147,643;148,643;149,643;150,643;151,643;152,643;153,643;154,643;155,643;156,643;157,643;157,644;158,644;159,644;160,644;161,644;162,645;163,645;164,645;165,645;166,645;167,645;168,645;169,645;170,645;171,645;172,645;173,645;174,645;175,645;176,645;177,645;178,645;179,646;180,646;181,646;182,646;183,646;183,647;184,647;185,647;186,647;186,648;187,648;187,649;188,649;188,650;189,651;189,652;190,652;190,653;191,654;191,655;191,656;192,656;192,657;192,658;193,658;193,659;194,659;194,660;195,660;195,661;196,661;196,662;196,663;197,663;197,664;198,664;198,665;198,666;198,667;199,667;199,668;199,669;199,670;199,671;199,672;199,673;199,674;199,675;199,676;199,677;198,677;198,678;197,678;197,679;196,679;196,680;195,680;195,681;194,681;193,681;192,681;192,682;191,682;190,682;189,682;188,682;187,682;187,683;186,683;185,683;184,683;183,683;182,683;181,683;180,683;180,682;179,682;178,682;178,681;177,681;177,680;176,680;176,679;175,679;174,679;174,678;173,678;173,677;172,677;172,676;171,676;171,675;170,675;170,674;169,674;169,673;168,673;168,672;167,672;167,671;166,671;165,671;165,670;164,670;163,670;162,670;161,670;161,669;160,669;159,669;158,669;157,669;156,669;155,669;154,668;153,668;152,668;151,668;150,668;149,668;148,668;147,668;146,668;145,668;144,668;143,668;142,668;141,668;140,668;139,668;138,668;137,668;136,668;135,668;135,669;134,669;133,669;132,669;131,669;131,670;130,670;129,670;128,670;127,670;127,671;126,671;125,672;124,672;123,673;122,673;121,674;120,674;120,675;119,675;119,676;118,676;117,676;117,677;116,677;116,678;115,678;115,679;114,679;114,680;113,680;113,681;112,681;112,682;112,683;111,683;111,684;111,685;111,686;111,687;111,688;110,688;110,689;110,690;110,691;109,691;109,692;109,693;108,693;108,694;107,695;107,696;106,696;106,697;105,698;104,699;104,700;103,700;103,701;102,701;102,702;101,702;100,703;99,703;98,703;98,704;97,704;96,704;95,704;94,704;93,704;92,704;91,704;90,704;89,704;88,704;87,704;86,703;85,703;85,702;84,702;83,701;82,701;82,700;81,699;81,698;80,698;80,697;79,697;79,696;78,696;78,695;77,695;77,694;76,694;76,693;76,692;75,692;75,691;74,691;74,690;73,690;72,689;71,689;70,689;69,689;68,689;67,689;66,689;65,689;64,689;63,689;62,689;61,689;61,688;60,688;59,688;58,688;57,688;56,688;56,687;55,687;54,687;53,687;52,687;51,687;50,686;49,686;48,686;47,686;46,686;45,686;44,686;43,686;43,687;42,687;42,688;41,688;40,689;39,689;39,690;38,690;37,691;37,692;36,692;35,693;35,694;34,694;34,695;33,695;33,696;32,696;32,697;32,698;31,698;31,699;31,700;30,700;30,701;30,702;29,702;29,703;29,704;29,705;28,705;28,706;28,707;27,707;27,708;26,709;26,710;25,710;25,711;24,711;24,712;24,713;23,713;23,714;22,714;22,715;21,716;21,717;20,717;20,718;19,718;19,719;18,719;18,720;17,720;17,721;16,721;16,722;15,722;15,723;14,723;14,724;13,724;12,725;12,726;11,726;11,727;10,727;10,728;9,728;8,729;8,730;7,730;6,730;6,731;5,731;5,732;4,732;3,732;3,733;2,733;1,733;1,734;
Vein; POLYGON; 63, 72, 204; 105,694;106,694;106,693;107,693;108,692;108,691;108,690;108,689;108,688;108,687;107,686;107,685;106,685;106,684;105,684;104,683;103,682;102,681;101,680;101,679;100,679;100,678;99,678;99,677;99,676;98,676;98,675;98,674;97,674;97,673;97,672;96,672;96,671;96,670;95,670;95,669;94,669;94,668;94,667;94,666;93,666;93,665;93,664;92,663;92,662;92,661;91,661;91,660;91,659;90,658;90,657;90,656;90,655;90,654;90,653;90,652;90,651;90,650;90,649;90,648;91,647;92,645;93,644;94,643;95,641;96,641;96,640;98,638;99,636;101,634;103,632;103,631;104,630;106,628;107,627;108,626;110,624;112,623;113,622;114,621;115,620;116,620;117,619;118,618;119,618;120,617;122,616;123,616;125,615;126,615;127,615;129,614;130,614;132,614;133,614;135,613;136,613;138,613;139,613;141,613;142,612;144,612;145,612;147,612;149,612;150,611;151,611;153,611;154,611;156,610;157,610;158,610;159,610;160,610;161,610;162,610;163,610;164,610;165,610;166,610;167,610;168,610;169,610;170,610;170,611;171,611;172,611;173,611;173,612;174,612;175,612;176,612;177,613;178,613;179,613;180,614;181,615;182,616;182,617;183,617;183,618;184,618;185,619;186,619;186,620;187,620;187,621;187,622;188,622;188,623;188,624;188,625;188,626;189,626;189,627;189,628;189,629;190,630;190,631;190,632;191,633;191,634;192,634;192,635;192,636;192,637;193,637;193,638;193,639;194,639;194,640;195,641;195,642;196,642;196,643;197,644;197,645;198,645;198,646;199,647;199,648;199,649;199,650;199,651;199,652;199,653;199,654;199,655;199,656;199,657;199,658;199,659;200,659;200,660;200,661;199,661;198,661;197,661;196,661;196,660;195,660;194,660;193,659;192,659;191,659;191,658;190,658;189,658;188,658;187,658;186,658;185,658;184,658;184,659;183,659;183,660;183,661;183,662;182,663;182,664;182,665;182,666;182,667;182,668;182,669;182,670;182,671;182,672;182,673;182,674;182,675;182,676;182,677;182,678;182,679;182,680;182,681;182,682;181,683;180,683;180,684;179,684;178,684;177,684;176,684;175,684;174,684;173,684;172,684;171,684;170,683;169,683;168,683;167,683;166,683;165,683;164,682;163,682;162,682;161,682;160,682;159,682;158,682;157,682;156,682;155,683;154,683;153,683;152,684;153,685;155,686;
Vein; POLYGON; 63, 72, 204; 242,511;242,510;243,510;244,509;245,508;245,507;246,507;246,506;247,505;247,504;248,503;248,502;248,501;248,500;249,500;249,499;249,498;249,497;249,496;249,495;249,494;249,493;249,492;249,491;249,490;249,489;250,489;250,488;250,487;250,486;250,485;251,485;251,484;251,483;251,482;251,481;251,480;251,479;252,479;252,478;252,477;252,476;252,475;252,474;252,473;253,473;253,472;253,471;254,470;254,469;255,469;255,468;256,468;257,468;257,467;258,467;259,467;259,466;260,466;261,466;262,465;263,465;263,464;264,464;265,464;265,463;266,463;267,463;267,462;268,462;268,461;269,461;269,460;270,460;271,459;272,458;272,457;273,457;273,456;274,456;274,455;275,455;275,454;276,454;276,453;277,453;277,452;278,452;278,451;279,451;279,450;280,450;280,449;281,449;281,448;282,448;282,447;283,447;283,446;284,446;284,445;285,445;285,444;286,444;286,443;287,443;287,442;288,442;288,441;289,441;290,440;290,439;291,439;291,438;292,437;292,436;293,436;293,435;293,434;294,434;294,433;295,433;295,432;295,431;296,431;296,430;297,429;297,428;298,427;299,427;299,426;299,425;300,425;300,424;301,424;301,423;302,423;302,422;303,422;303,421;304,421;304,420;305,420;305,419;306,419;306,418;306,417;307,417;307,416;308,416;308,415;309,414;309,413;310,413;310,412;311,412;311,411;312,411;312,410;313,410;313,409;314,409;314,408;315,408;315,407;316,407;316,406;317,406;317,405;318,405;318,404;319,404;319,403;320,403;320,402;321,402;322,401;323,400;324,399;324,398;325,398;325,397;325,396;325,395;325,394;325,393;326,393;326,392;326,391;326,390;326,389;326,388;326,387;326,386;327,385;327,384;327,383;327,382;327,381;327,380;327,379;327,378;328,377;328,376;328,375;328,374;329,374;329,373;329,372;330,371;330,370;330,369;330,368;331,368;331,367;331,366;331,365;332,365;332,364;332,363;332,362;333,362;333,361;334,361;334,360;334,359;335,359;335,358;336,357;336,356;337,356;337,355;338,355;338,354;339,354;339,353;340,353;340,352;340,351;341,351;341,350;342,350;342,349;342,348;343,348;343,347;343,346;343,345;344,345;344,344;344,343;344,342;345,341;345,340;345,339;346,339;346,338;346,337;346,336;347,336;347,335;347,334;347,333;347,332;347,331;348,330;348,329;348,328;348,327;348,326;348,325;348,324;347,324;347,323;347,322;347,321;346,320;346,319;346,318;346,317;345,317;345,316;345,315;344,315;344,314;344,313;343,312;343,311;342,311;342,310;341,309;340,308;340,307;339,307;339,306;338,306;338,305;337,305;337,304;336,304;336,303;335,303;335,302;334,302;334,301;333,301;332,301;332,300;331,300;330,300;330,299;329,299;328,299;327,298;326,298;325,297;324,297;323,296;322,296;321,296;320,296;320,295;319,295;318,295;317,295;316,295;316,294;315,294;314,294;313,294;312,294;311,294;311,293;310,293;309,293;308,293;307,293;306,293;305,293;304,293;303,293;302,293;301,293;300,293;299,293;298,293;297,293;296,293;295,293;295,292;294,292;293,292;292,292;291,292;290,292;289,292;288,292;287,292;286,292;285,292;284,292;283,292;282,292;281,293;280,293;279,293;279,294;278,294;277,294;277,295;276,296;276,297;275,297;275,298;274,298;274,299;274,300;273,300;273,301;273,302;273,303;272,303;272,304;272,305;272,306;271,307;271,308;271,309;271,310;271,311;270,311;270,312;270,313;270,314;269,314;269,315;269,316;269,317;269,318;269,319;269,320;269,321;270,321;270,322;271,322;272,322;272,323;273,323;274,323;275,323;275,324;282,326;283,326;283,327;284,327;284,328;285,328;285,329;286,329;286,330;286,331;287,331;287,332;287,333;287,334;288,334;288,335;288,336;288,337;288,338;288,339;288,340;288,341;287,341;286,341;286,342;285,342;284,342;283,342;282,343;281,343;280,344;279,344;278,345;277,345;277,346;276,346;276,347;276,348;275,348;275,349;275,350;276,350;276,351;277,351;278,352;279,352;279,353;280,353;280,354;281,354;282,355;283,356;283,357;284,357;285,357;285,358;286,358;286,359;287,359;287,360;288,360;289,360;289,361;290,361;291,361;291,362;292,362;293,362;294,362;295,362;296,362;297,362;297,363;298,363;299,363;299,364;300,364;301,364;301,365;302,365;302,366;303,366;303,367;304,367;305,368;305,369;306,369;306,370;307,371;307,372;307,373;307,374;307,375;307,376;307,377;307,378;307,379;307,380;307,381;307,382;307,383;307,384;306,385;306,386;306,387;305,387;305,388;305,389;304,389;304,390;303,390;303,391;302,391;301,391;300,391;299,391;298,391;297,391;296,391;295,391;294,391;293,391;292,391;291,391;290,391;290,392;289,392;288,393;287,393;287,394;287,395;286,396;286,397;286,398;285,399;285,400;285,401;285,402;285,403;285,404;285,405;284,405;284,406;284,407;284,408;284,409;284,410;284,411;284,412;284,413;284,414;284,415;284,416;284,417;284,418;284,419;284,420;284,421;285,421;285,422;285,423;285,424;286,424;286,425;286,426;286,427;287,427;287,428;287,429;288,429;288,430;288,431;289,432;289,433;289,434;290,434;290,435;290,436;290,437;290,438;290,439;289,439;289,440;288,440;288,441;287,441;287,442;286,443;286,444;285,444;285,445;284,445;284,446;283,447;283,448;282,448;282,449;281,449;281,450;280,450;280,451;279,451;279,452;278,452;278,453;277,453;276,453;276,454;275,454;274,454;274,455;273,455;272,455;272,456;271,456;270,456;269,456;268,456;267,456;267,457;266,457;265,457;264,457;263,458;262,458;261,458;261,459;260,459;259,459;259,460;258,460;257,460;257,461;256,461;255,461;255,462;254,462;253,462;252,463;251,463;250,464;249,464;249,465;248,465;247,466;246,466;246,467;245,467;245,468;244,468;243,469;242,470;241,471;240,472;240,473;239,473;239,474;238,474;238,475;237,475;237,476;236,476;236,477;235,477;235,478;234,478;233,479;233,480;232,480;231,481;230,481;230,482;229,482;228,482;228,483;227,483;227,484;226,484;225,485;224,486;224,487;223,487;223,488;222,489;222,490;221,491;221,492;221,493;220,494;219,496;219,497;219,498;219,499;218,500;218,501;218,502;219,503;219,504;220,504;221,505;222,506;223,507;224,507;224,508;225,508;226,509;227,509;228,509;230,510;231,510;232,511;234,512;235,512;238,513;240,514;
Vein; POLYGON; 63, 72, 204; 284,433;283,433;282,433;281,432;280,432;280,431;279,431;279,430;278,430;278,429;277,429;277,428;276,427;275,427;275,426;274,426;273,425;272,425;272,424;271,424;270,424;269,424;268,424;267,424;266,424;265,424;264,425;263,426;263,427;262,427;262,428;261,428;261,429;261,430;261,431;261,432;261,433;261,434;261,435;261,436;261,437;261,438;261,439;261,440;262,441;262,442;262,443;262,444;262,445;263,446;263,447;263,448;263,449;263,450;264,450;264,451;264,452;264,453;264,454;264,455;264,456;264,457;264,458;263,458;263,459;262,459;262,460;261,460;261,461;261,462;260,462;259,463;258,463;258,464;257,465;256,466;255,467;254,467;254,468;253,469;252,469;252,470;251,470;250,471;249,471;249,472;248,472;248,473;247,473;247,474;246,474;246,475;245,475;245,476;244,476;244,477;244,478;243,478;243,479;242,479;242,480;241,481;240,482;239,483;239,484;238,484;238,485;237,486;237,487;236,487;236,488;235,488;235,489;235,490;234,490;234,491;233,491;233,492;232,492;231,493;230,493;229,493;228,493;228,492;227,492;227,491;226,491;226,490;225,489;225,488;225,487;225,486;224,486;224,485;224,484;224,483;225,483;225,482;226,482;226,481;227,481;227,480;228,480;229,479;230,478;231,478;231,477;232,477;232,476;233,476;233,475;234,475;234,474;234,473;235,473;235,472;235,471;235,470;235,469;234,469;234,468;234,467;233,467;233,466;232,465;232,464;232,463;231,463;231,462;231,461;230,461;230,460;230,459;229,459;229,458;228,457;228,456;227,456;227,455;226,455;226,454;225,454;224,454;224,453;223,453;222,452;221,452;220,452;219,452;218,452;217,452;216,452;215,452;214,452;213,452;212,452;211,452;210,452;209,452;208,452;207,452;207,453;206,453;205,453;204,454;203,454;202,455;201,456;200,456;200,457;199,458;199,459;198,460;198,461;198,462;198,463;197,464;197,465;197,466;197,467;197,468;197,469;197,470;197,471;197,472;197,473;198,473;198,474;199,474;199,475;200,476;200,477;201,477;201,478;202,478;203,478;203,479;204,479;204,480;205,480;206,480;207,480;208,480;209,480;210,480;210,481;211,481;212,481;213,481;214,481;214,482;215,482;216,482;216,483;217,483;217,484;218,484;218,485;218,486;219,487;219,488;219,489;219,490;219,491;219,492;219,494;219,495;220,496;220,497;220,498;220,499;220,500;220,501;220,502;220,503;220,504;220,505;220,506;219,507;219,508;218,509;218,510;217,510;217,511;216,512;215,513;214,514;213,514;213,515;212,515;211,516;210,516;209,517;208,517;207,518;206,518;205,518;204,518;204,519;203,519;202,519;201,519;200,519;199,519;199,520;198,520;197,520;196,520;195,520;194,521;193,521;192,521;191,521;190,521;189,521;188,521;188,522;186,522;185,522;183,522;182,522;181,522;180,522;179,522;178,522;177,522;176,521;175,521;174,520;173,520;173,519;172,519;172,518;171,518;171,517;170,517;170,516;169,516;169,515;168,515;168,514;167,514;167,513;166,513;166,512;166,511;165,511;165,510;164,510;164,509;164,508;163,508;163,507;162,506;162,505;161,504;161,503;161,502;160,502;160,501;160,500;160,499;160,498;160,497;160,496;160,495;160,494;160,493;160,492;160,491;160,490;161,489;161,488;161,487;161,486;161,485;161,484;161,483;161,482;161,481;161,480;161,479;161,478;161,477;161,476;161,475;161,474;161,473;161,472;161,471;161,470;161,469;161,468;161,467;161,466;162,466;162,465;162,464;163,464;163,463;164,462;164,461;165,461;165,460;166,459;166,458;167,457;167,456;168,456;168,455;169,454;169,453;170,452;170,451;171,450;171,449;172,449;172,448;173,447;173,446;174,446;174,445;175,445;175,444;176,444;176,443;177,442;178,441;179,440;180,439;181,438;182,437;183,436;184,435;185,435;185,434;186,434;186,433;187,433;188,432;189,432;189,431;190,430;191,430;191,429;192,429;193,428;194,427;195,427;195,426;196,426;197,425;198,424;199,424;200,423;201,422;202,421;203,421;204,420;205,419;206,418;207,417;207,416;208,416;208,415;209,415;210,414;211,413;212,413;212,412;213,412;214,411;215,410;216,409;217,408;218,407;219,406;220,405;221,405;221,404;222,404;223,403;224,402;225,402;225,401;226,401;226,400;227,400;227,399;228,399;229,398;230,398;230,397;231,397;231,396;232,396;233,396;233,395;234,395;234,394;235,394;236,393;237,392;237,391;238,390;238,389;238,388;238,387;238,386;239,385;239,384;239,383;239,382;239,381;239,380;239,379;239,378;239,377;240,376;240,375;241,375;241,374;242,374;242,373;243,373;243,372;244,371;244,370;244,369;245,369;245,368;245,367;245,366;245,365;246,364;246,363;246,362;246,361;246,360;247,360;247,359;247,358;248,357;248,356;249,356;249,355;250,355;250,354;251,354;252,354;253,354;254,354;255,354;256,354;257,353;258,353;259,353;260,353;261,353;261,354;262,354;263,354;264,354;265,354;266,354;267,354;268,354;269,353;270,353;271,353;271,352;272,352;273,352;273,351;274,351;275,351;276,351;276,350;277,350;278,350;279,350;280,350;281,350;282,350;283,350;284,350;285,350;286,350;287,350;288,350;289,350;290,350;291,350;292,350;293,350;294,350;295,350;296,351;297,351;298,351;299,351;300,351;300,352;301,352;301,353;301,354;302,354;302,355;302,356;302,357;302,358;302,359;302,360;302,361;302,362;302,363;302,364;301,364;301,365;300,365;299,365;298,365;297,365;297,366;296,366;295,366;294,366;292,366;291,366;291,367;290,367;289,367;288,367;287,367;286,367;285,367;284,367;283,367;282,367;281,367;280,367;279,367;278,367;277,368;276,369;275,370;274,370;274,371;273,371;273,372;273,373;272,373;272,374;271,375;271,376;271,377;270,377;270,378;270,379;270,380;270,381;270,382;271,383;272,383;272,384;273,384;273,385;274,385;274,386;275,386;276,387;277,387;277,388;278,388;279,389;280,389;281,389;281,390;282,390;283,390;284,390;284,391;285,391;286,391;286,392;287,392;287,393;288,393;289,394;289,395;290,396;290,397;290,398;290,399;290,400;290,401;291,401;291,402;291,403;291,404;291,405;291,406;291,407;291,408;292,408;292,409;292,410;292,411;292,412;292,413;292,414;292,415;292,416;292,417;292,418;292,419;292,420;292,421;292,422;292,423;292,424;293,424;293,425;293,426;293,427;294,427;294,428;294,429;294,430;294,431;294,432;294,433;294,434;293,434;293,435;292,435;292,436;291,436;290,436;290,437;289,437;289,438;288,438;287,438;286,439;285,439;284,439;
Vein; POLYGON; 63, 72, 204; 173,487;172,487;172,486;171,485;171,484;170,484;170,483;169,483;169,482;168,482;168,481;167,481;166,481;166,480;165,480;164,480;163,480;162,480;162,479;161,479;160,479;160,478;159,478;158,478;157,478;157,477;156,477;156,476;155,476;154,475;153,475;153,474;152,474;152,473;151,473;151,472;150,472;150,471;149,471;148,470;148,469;147,469;146,468;145,467;144,466;143,465;143,464;142,464;142,463;141,463;141,462;140,462;139,462;139,461;138,461;137,460;136,460;135,459;134,459;133,459;132,459;131,459;130,459;129,459;128,459;127,459;126,459;125,459;124,459;123,459;122,459;121,459;120,459;119,459;118,459;117,459;116,459;115,459;115,460;114,460;113,460;112,460;111,460;110,460;109,460;108,460;108,461;107,461;106,461;105,461;104,461;103,461;102,461;101,462;100,462;99,462;98,462;97,462;96,462;95,462;94,462;93,462;92,462;91,462;90,462;90,461;89,461;89,460;88,460;88,459;88,458;88,457;89,457;89,456;89,455;90,455;90,454;91,454;91,453;92,453;93,452;94,452;95,452;96,452;96,451;97,451;98,451;99,451;99,450;100,450;101,450;102,450;103,449;104,449;105,449;105,448;106,448;107,448;108,447;109,447;110,447;110,446;111,446;112,446;113,446;114,446;115,446;116,446;117,446;118,446;119,446;120,446;121,446;122,446;123,446;124,446;125,446;126,446;127,446;128,446;129,445;130,445;131,445;132,445;132,444;133,444;134,444;135,443;136,443;136,442;137,442;138,442;138,441;139,441;140,441;140,440;141,440;142,440;142,439;143,439;144,438;145,438;145,437;146,437;147,437;147,436;148,436;148,435;149,435;150,434;151,434;151,433;152,433;153,433;153,432;154,432;155,432;155,431;156,431;156,430;157,430;158,430;158,429;159,429;160,429;160,428;161,428;162,428;163,427;164,427;165,427;165,426;166,426;167,426;168,425;169,425;170,424;171,424;172,424;173,423;174,422;175,422;176,421;177,421;178,421;178,420;179,420;180,420;180,419;181,419;182,419;183,418;184,418;185,417;186,417;186,416;187,416;188,416;188,415;189,415;190,414;191,414;191,413;192,413;192,412;193,412;194,412;194,411;195,411;196,411;197,410;198,410;199,409;200,409;200,408;201,408;202,408;202,407;203,407;203,406;204,406;205,405;206,405;206,404;207,404;208,403;209,402;210,402;211,401;212,401;212,400;213,400;213,399;214,399;215,398;216,397;217,396;218,395;219,394;220,393;221,393;221,392;222,392;222,391;223,391;223,390;224,390;224,389;225,389;226,388;227,388;227,387;228,387;229,386;230,386;231,385;232,385;233,384;234,384;235,384;236,384;237,384;238,384;239,384;240,384;241,384;242,383;243,383;244,383;245,383;246,383;247,383;247,384;248,384;249,385;250,386;250,387;251,388;251,389;252,389;252,390;252,391;252,392;252,393;252,394;252,395;252,396;252,398;252,399;252,400;251,400;251,401;251,402;251,403;250,404;250,405;250,406;249,407;249,408;248,409;248,410;247,411;247,412;246,413;245,414;245,415;244,416;244,417;243,418;242,419;241,420;241,421;240,422;239,422;238,424;237,424;236,426;235,427;232,429;231,430;230,431;229,432;228,433;226,434;225,435;224,435;223,436;222,437;222,438;221,438;220,439;219,439;219,440;218,440;218,441;217,441;216,441;215,441;215,442;214,442;213,442;212,442;211,442;210,442;209,442;207,443;206,443;205,443;204,444;203,444;202,444;200,444;200,445;199,445;198,445;197,445;196,445;195,446;194,446;194,447;193,447;192,448;191,449;190,450;189,451;189,452;188,452;188,453;187,454;187,455;187,456;186,457;186,458;186,459;185,460;185,461;185,462;185,463;184,463;184,464;184,465;184,466;183,466;183,467;183,468;183,469;184,470;185,470;186,471;
Specular reflection; POLYGON; 191, 91, 22; 80,668;79,668;78,668;77,668;76,668;75,668;74,668;73,668;72,668;71,668;71,669;70,669;69,669;68,669;67,669;66,669;66,670;65,670;65,671;65,672;64,672;64,673;64,674;64,675;63,676;63,677;63,678;62,678;62,679;62,680;61,681;61,682;61,683;61,684;61,685;61,686;61,687;61,688;62,688;63,688;64,688;65,689;66,689;67,689;68,689;69,689;70,689;71,689;72,689;73,689;74,689;75,689;76,689;77,689;78,689;79,689;80,689;81,688;82,688;83,688;84,688;85,687;86,687;
Specular reflection; POLYGON; 191, 91, 22; 90,667;90,666;90,665;90,664;90,663;90,662;90,661;89,661;88,660;87,660;87,659;86,659;86,658;85,658;84,658;84,657;83,657;82,656;81,656;80,656;79,656;78,656;77,656;76,656;75,656;74,656;73,656;72,656;72,655;71,655;70,655;69,655;69,654;68,654;68,653;67,653;66,652;66,651;66,650;65,650;65,649;65,648;65,647;65,646;65,645;65,644;65,643;65,642;66,642;66,641;67,641;68,641;69,641;70,641;71,641;72,641;73,641;74,641;75,641;76,641;77,641;78,641;79,641;80,641;81,641;82,641;83,641;84,641;85,641;86,641;87,641;88,641;89,641;89,642;90,642;91,642;91,643;92,643;92,644;93,644;93,645;94,645;94,646;95,646;95,647;95,648;95,649;95,650;95,651;95,652;95,653;95,654;95,655;95,656;95,657;95,658;94,658;94,659;94,660;94,661;94,662;93,662;93,663;93,664;93,665;93,666;93,667;93,668;94,669;94,670;95,671;95,672;96,673;96,674;97,674;97,676;98,676;98,677;99,679;
Vein; POLYGON; 63, 72, 204; 59,696;59,695;59,694;59,693;59,692;59,691;59,690;59,689;59,688;60,688;60,687;60,686;61,685;61,684;61,683;62,683;62,682;62,681;62,680;63,680;63,679;63,678;64,678;64,677;65,676;65,675;66,675;66,674;67,674;67,673;68,673;68,672;69,672;70,672;71,671;72,671;73,671;74,671;75,671;76,671;77,671;78,671;79,671;80,671;81,671;82,671;83,671;84,671;85,671;86,671;86,670;87,670;87,669;87,668;87,667;87,666;87,665;87,664;87,663;87,662;87,661;87,660;86,660;86,659;85,659;84,659;84,658;83,658;82,658;81,658;80,658;79,658;78,658;77,658;76,657;75,657;74,657;73,657;72,657;72,656;71,656;70,655;69,655;69,654;69,653;68,653;68,652;68,651;67,651;67,650;66,650;65,649;64,649;63,649;62,649;62,650;61,650;61,651;60,651;60,652;59,652;59,653;58,654;58,655;57,655;57,656;57,657;56,657;56,658;56,659;55,659;55,660;55,661;54,662;54,663;53,663;53,664;53,665;52,666;52,667;51,667;51,668;51,669;50,669;50,670;49,670;49,671;48,671;48,672;48,673;47,673;47,674;46,674;46,675;46,676;45,676;45,677;45,678;44,678;44,679;44,680;44,681;44,682;44,683;43,683;43,684;43,685;43,686;43,687;43,688;42,688;42,689;42,690;42,691;41,691;41,692;41,693;40,693;40,694;39,696;38,697;37,698;37,699;36,699;35,700;34,701;33,702;32,702;32,703;31,703;30,704;29,704;28,705;27,705;27,706;26,706;26,707;25,708;24,708;24,709;23,710;22,711;21,711;20,712;19,712;19,713;18,713;18,714;17,714;16,714;16,715;15,715;14,716;13,716;13,717;12,717;11,718;10,719;10,720;9,720;9,721;8,721;7,722;6,723;5,724;4,725;3,726;3,727;2,727;2,728;2,729;1,731;1,732;1,733;2,733;3,734;4,734;5,734;6,734;7,734;8,734;9,734;10,734;11,734;13,734;14,734;15,734;17,733;19,732;21,731;23,730;25,729;27,727;29,726;30,725;32,724;33,723;35,722;37,721;39,720;41,719;43,718;45,717;
Vein; POLYGON; 63, 72, 204; 95,644;95,643;94,643;93,643;92,643;91,643;90,643;89,643;88,643;87,643;86,643;85,643;84,643;83,643;82,643;81,643;80,643;79,643;78,643;77,643;76,643;75,643;74,643;73,643;72,643;72,642;71,642;70,641;69,641;69,640;68,640;68,639;68,638;68,637;68,636;69,635;70,634;71,632;72,631;74,629;77,628;79,625;82,623;83,622;85,620;87,618;89,616;91,613;92,611;92,610;93,610;93,609;93,608;94,608;94,607;95,607;96,606;97,606;98,605;99,605;100,604;101,604;102,603;103,602;104,601;106,601;107,600;108,600;109,600;110,599;111,599;112,599;113,599;114,599;115,599;116,599;117,599;118,600;119,600;120,600;121,600;122,601;123,601;124,601;125,602;126,602;127,603;128,604;128,605;128,606;128,607;128,608;129,609;129,611;129,612;129,613;129,614;130,615;130,616;131,617;131,618;132,619;132,620;133,621;134,622;135,623;137,624;
Vein; POLYGON; 63, 72, 204; 5,731;5,732;4,732;4,733;4,734;4,735;4,736;3,736;3,737;3,738;3,739;3,740;2,741;2,742;2,743;2,744;2,745;2,746;1,747;1,748;1,749;1,750;1,751;1,752;1,753;1,754;1,755;1,756;1,757;1,758;1,759;1,760;1,761;1,762;1,763;1,764;1,765;1,766;1,767;1,768;1,769;1,770;1,771;1,772;1,773;1,774;1,775;2,775;3,775;4,775;4,774;5,774;6,773;7,773;8,771;10,770;12,769;15,767;16,766;17,766;18,765;20,764;22,762;24,760;26,759;27,758;27,757;28,757;29,756;30,755;31,754;32,753;33,752;34,752;35,751;36,750;37,749;38,748;39,747;40,746;41,745;42,744;43,743;44,742;45,741;46,740;47,739;47,738;48,738;48,737;49,737;49,736;50,736;51,735;52,735;53,734;54,733;55,732;56,731;57,730;58,730;58,729;59,728;60,728;60,727;61,726;62,726;62,725;63,725;63,724;64,724;65,724;65,723;66,723;66,722;67,722;67,721;67,720;66,720;65,720;64,719;63,719;62,719;61,719;60,719;59,719;58,719;57,719;55,718;54,718;53,718;51,717;50,717;49,717;47,716;46,716;45,716;44,716;44,715;43,715;44,715;46,717;
Vein; POLYGON; 63, 72, 204; 152,690;153,691;153,692;154,692;155,693;156,694;157,694;157,695;158,695;159,695;159,696;160,696;161,697;162,697;162,698;163,698;164,698;164,699;165,699;166,699;167,700;168,700;169,700;170,700;171,700;172,700;173,700;173,701;174,701;175,701;175,702;176,702;177,702;178,702;178,703;179,703;180,703;181,703;181,704;182,704;183,704;184,705;185,705;185,706;186,706;187,706;187,707;188,707;189,707;190,707;190,708;191,708;192,708;193,708;194,708;195,708;196,708;197,708;198,708;199,708;200,708;201,708;202,708;203,708;204,708;205,708;206,708;207,708;208,708;209,708;210,708;211,708;211,707;212,707;212,706;212,705;212,704;212,703;211,703;211,702;210,701;209,700;209,699;208,699;207,698;206,698;206,697;205,697;204,696;203,696;202,696;202,695;201,695;200,695;199,695;198,695;197,695;196,694;195,694;194,694;193,694;192,693;191,693;190,692;189,692;188,692;187,691;186,691;185,691;184,691;184,690;183,690;182,690;181,690;180,690;179,689;178,689;177,689;176,688;175,688;174,687;173,687;172,686;171,685;170,685;169,683;167,682;164,680;161,679;159,678;156,677;153,677;151,676;149,676;147,676;146,675;145,675;147,675;149,675;151,675;
Vein; POLYGON; 63, 72, 204; 306,171;307,171;308,171;309,171;310,171;311,171;312,171;313,171;314,171;315,171;316,171;317,171;318,171;319,171;320,171;320,172;321,172;322,172;322,173;323,173;324,173;325,173;325,174;326,174;327,174;327,175;328,175;329,175;329,176;330,176;331,176;331,177;332,177;333,177;334,177;334,178;335,178;336,178;337,178;338,178;339,178;339,179;340,179;341,179;342,180;343,181;343,182;344,182;344,183;345,183;345,184;346,184;346,185;347,185;348,186;349,186;349,187;350,187;351,187;352,187;353,187;353,188;354,188;355,188;356,188;357,188;358,188;359,188;359,189;360,189;361,189;362,189;362,190;363,190;364,190;365,191;366,191;367,191;367,192;368,192;369,192;369,193;370,193;371,193;372,194;373,194;374,194;374,195;375,195;376,195;377,195;377,196;378,196;379,196;380,196;380,197;381,197;382,197;383,198;384,198;385,199;386,199;387,200;388,200;388,201;389,201;390,202;391,202;392,203;393,203;394,203;394,204;395,204;396,204;397,204;397,205;398,205;399,205;399,206;400,206;401,206;401,207;402,207;403,207;404,208;405,208;405,209;406,209;407,209;407,210;408,210;409,210;410,211;411,211;412,211;413,211;413,212;414,212;415,212;416,212;416,213;417,213;418,214;419,214;419,215;420,215;420,216;421,217;422,218;423,218;423,219;424,219;424,220;425,221;426,222;426,223;427,223;427,224;428,224;428,225;429,226;429,227;430,227;430,228;431,228;431,229;432,229;432,230;432,231;433,231;433,232;433,233;434,233;434,234;435,234;436,234;437,233;438,232;439,231;440,231;441,230;442,229;443,229;444,228;446,228;447,227;448,227;449,227;452,226;453,225;454,225;455,225;456,225;457,224;458,224;459,224;460,224;460,223;461,223;462,223;463,223;464,223;464,222;465,222;466,222;467,221;468,221;469,220;470,220;471,220;472,219;473,219;474,219;475,219;476,219;477,219;478,218;479,218;480,218;481,218;482,217;483,217;484,217;485,216;486,216;487,216;488,216;488,215;489,215;490,215;491,215;491,214;492,214;493,214;494,214;495,214;496,214;497,214;498,214;499,214;500,214;501,214;501,213;502,213;503,213;504,213;505,212;506,212;507,212;508,212;508,211;509,211;510,210;511,210;512,210;512,209;513,209;514,209;514,208;515,208;516,208;517,207;518,207;519,207;520,207;520,206;521,206;522,206;523,206;524,206;524,205;525,205;526,205;527,205;528,204;529,204;530,204;531,204;531,203;532,203;533,203;534,203;535,203;535,202;536,202;537,202;538,202;539,201;540,201;541,201;542,201;542,200;543,200;544,200;545,200;546,199;547,199;548,198;549,198;550,198;551,197;552,197;553,197;554,196;555,196;556,196;557,195;558,195;559,195;560,194;561,194;562,194;562,193;563,193;564,193;565,192;566,192;567,192;568,192;569,191;570,191;571,191;572,190;573,190;574,190;575,190;575,189;576,189;577,189;578,189;579,189;579,188;580,188;581,188;582,188;583,188;584,187;585,187;586,187;587,187;588,187;589,187;589,186;590,186;591,186;592,186;593,186;594,186;595,186;596,186;597,186;598,186;599,186;600,186;601,186;602,187;603,187;604,187;605,187;606,188;607,188;608,188;608,189;609,189;610,189;611,190;612,190;613,190;613,191;614,191;615,191;616,191;616,192;617,192;618,192;619,192;619,193;620,193;621,193;622,193;622,194;623,194;624,194;625,194;626,194;626,195;627,195;628,195;629,195;630,195;631,195;631,196;632,196;633,196;634,196;635,197;636,197;637,197;638,197;639,197;640,197;641,197;642,197;643,197;643,198;644,198;645,198;646,198;647,198;648,199;649,199;650,199;651,199;652,199;653,199;653,200;654,200;655,200;656,200;657,200;658,200;659,200;660,200;661,200;662,200;663,200;664,200;665,200;666,200;667,200;668,200;669,200;670,200;671,200;672,200;673,200;674,200;675,200;676,200;677,200;678,200;679,200;679,201;680,201;681,201;682,201;683,201;684,201;685,201;686,201;687,201;688,201;689,201;690,201;691,201;692,201;693,201;694,201;695,201;696,201;696,200;697,200;698,200;699,200;699,199;700,199;701,199;701,198;702,198;703,198;703,197;704,197;705,197;706,197;706,196;707,196;708,196;709,195;710,195;711,195;712,194;713,194;714,193;715,193;715,192;716,192;717,192;717,191;718,191;718,190;719,190;719,189;720,189;720,188;720,187;720,186;720,185;720,184;720,183;720,182;720,181;719,181;719,180;719,179;718,179;718,178;717,177;717,176;716,176;716,175;715,175;715,174;714,174;714,173;713,173;713,172;712,172;711,171;710,170;710,169;709,169;709,168;708,167;708,166;707,165;707,164;706,164;705,164;705,163;704,163;703,163;702,163;701,163;700,163;699,163;698,163;697,163;696,163;695,163;694,163;693,163;692,163;691,163;690,163;688,163;687,164;686,164;685,164;684,164;682,164;681,164;680,164;679,164;678,164;677,164;676,164;675,164;674,164;673,164;671,164;670,164;669,164;668,164;666,164;665,164;664,164;663,164;662,164;661,164;660,164;659,164;658,164;657,164;656,164;655,165;654,165;653,165;652,165;651,165;650,165;649,165;648,165;647,165;646,165;645,165;644,165;643,165;642,165;641,165;640,165;638,165;637,165;635,165;634,165;632,165;631,165;630,165;628,165;627,166;626,166;625,166;624,166;623,166;622,166;621,166;620,166;619,165;615,165;614,165;613,165;611,165;610,165;608,165;607,165;606,165;605,165;603,165;602,165;601,165;599,164;598,164;597,164;596,164;595,164;594,164;593,164;592,163;590,163;589,163;588,163;587,163;586,163;585,163;584,162;583,162;582,162;581,162;580,162;579,162;578,162;577,162;576,162;575,162;574,162;574,161;573,161;572,161;571,161;570,161;569,161;568,161;567,161;566,161;565,162;564,162;563,163;562,163;562,164;561,164;560,164;559,164;559,165;558,165;557,165;556,166;555,166;554,166;554,167;553,167;552,167;551,168;550,168;550,169;549,169;548,169;547,170;546,170;545,171;544,171;544,172;543,172;542,173;541,173;541,174;540,174;540,175;539,175;539,176;538,176;537,176;537,177;536,177;535,177;535,178;534,178;533,178;532,179;531,179;530,179;529,180;528,180;527,181;526,181;525,181;524,181;524,182;523,182;522,182;521,182;520,182;519,183;518,183;517,183;516,183;516,184;515,184;514,184;514,185;513,185;512,185;511,186;510,186;509,186;508,187;507,187;506,187;506,188;505,188;504,188;503,189;502,189;501,189;501,190;500,190;499,190;498,191;497,191;496,192;495,192;494,192;494,193;493,193;492,193;491,193;490,193;489,193;488,193;487,194;486,194;485,194;484,194;483,194;482,194;481,194;481,195;480,195;479,195;478,195;477,195;476,195;475,195;475,196;474,196;473,196;472,196;471,196;470,196;470,197;469,197;468,197;467,197;466,197;465,197;464,197;463,197;462,197;461,196;460,196;459,196;458,196;458,195;457,195;456,195;456,194;455,194;455,193;455,192;455,191;455,190;455,189;455,188;455,187;455,186;455,185;455,184;455,183;456,183;456,182;456,181;457,181;457,180;458,180;458,179;459,178;459,177;460,177;460,176;461,176;461,175;462,175;462,174;463,173;463,172;464,172;464,171;465,171;465,170;465,169;465,168;465,167;464,166;463,166;462,166;461,166;460,166;459,166;459,167;458,167;457,167;456,168;455,168;455,169;454,169;453,169;453,170;452,170;451,170;451,171;450,171;449,172;448,173;447,174;447,175;446,175;446,176;445,176;445,177;444,177;444,178;443,178;442,178;442,179;441,179;441,180;440,180;440,181;439,181;438,182;437,182;436,182;436,183;435,183;434,183;433,183;433,184;432,184;431,184;430,184;429,184;428,184;427,184;426,185;425,185;424,185;423,185;422,185;421,186;420,186;419,186;419,187;418,187;417,187;416,188;415,188;415,189;414,189;413,189;413,190;412,190;411,191;410,191;410,192;409,192;408,192;407,193;406,193;405,194;404,194;403,194;403,195;402,195;401,195;400,195;399,195;399,196;398,196;397,196;396,196;395,196;394,196;393,196;392,196;391,196;391,195;390,195;389,194;388,194;388,193;387,193;387,192;386,192;386,191;385,191;384,190;383,189;382,189;382,188;381,188;381,187;380,187;379,186;378,186;378,185;377,185;377,184;376,184;375,183;375,182;374,182;374,181;374,180;374,179;374,178;374,177;374,176;375,175;375,174;376,174;376,173;376,172;377,170;378,169;378,167;378,166;378,165;379,164;379,163;379,162;379,161;379,160;379,159;379,158;379,157;380,156;380,155;380,154;380,153;380,152;380,151;380,150;380,149;380,148;379,147;379,146;379,145;379,144;378,144;378,143;378,142;377,142;377,141;376,141;376,140;375,139;374,139;374,138;372,138;372,137;371,137;370,136;369,136;368,136;368,135;367,135;366,135;365,135;364,135;363,135;362,135;361,135;360,135;359,135;358,135;358,136;357,136;356,136;355,136;355,137;354,137;353,137;353,138;352,138;351,138;351,139;350,139;349,139;349,140;348,140;347,140;347,141;346,141;345,142;344,142;343,142;343,143;342,143;341,144;340,144;339,144;339,145;338,145;337,145;336,146;335,146;334,146;333,147;332,147;331,147;330,147;330,148;329,148;328,148;327,148;326,148;326,149;325,149;324,149;323,149;322,150;321,150;320,150;319,150;318,150;318,151;317,151;316,151;315,151;315,152;314,152;313,152;312,152;311,152;310,152;309,152;308,152;308,151;308,152;307,152;307,153;307,154;307,155;307,156;307,158;307,159;306,160;306,161;306,163;306,164;306,165;306,166;305,167;305,168;305,169;305,170;305,171;305,172;305,173;305,174;306,174;306,173;307,173;307,172;308,172;309,172;310,172;
Vein; POLYGON; 63, 72, 204; 426,101;427,100;428,100;429,99;430,99;431,98;432,97;433,96;434,96;436,95;437,94;438,93;439,92;440,91;440,89;441,88;442,87;443,86;443,85;443,84;444,82;444,81;444,80;444,79;444,78;444,77;444,76;443,75;443,74;442,74;442,73;442,72;443,71;444,70;445,70;446,69;447,68;449,68;450,67;452,66;453,65;455,64;456,63;458,62;459,62;461,61;462,60;463,59;465,59;466,58;467,57;468,57;469,56;470,55;471,55;472,54;473,54;474,53;475,53;477,52;478,51;480,50;481,49;483,48;484,48;486,47;487,46;489,45;491,44;492,43;493,43;494,42;495,41;496,41;496,40;497,40;497,39;498,39;499,39;500,38;501,38;502,38;502,37;503,37;504,37;504,36;505,36;506,36;506,35;507,35;508,35;508,34;509,34;510,33;511,32;512,32;513,31;514,31;515,30;516,30;517,29;518,28;520,27;521,26;522,26;522,25;523,25;523,24;524,24;525,24;526,24;527,23;528,23;529,22;530,21;532,20;533,19;534,19;534,18;535,17;535,16;536,16;536,15;537,15;538,15;538,14;539,14;540,13;541,12;542,12;543,11;543,10;544,10;545,10;545,9;546,9;547,9;548,9;548,8;549,8;550,8;551,8;552,8;553,7;554,7;555,7;556,7;557,7;557,6;558,6;559,6;560,6;561,5;562,5;563,4;564,4;564,3;565,3;566,3;566,2;567,2;568,1;569,1;570,1;571,1;572,0;573,0;574,0;575,0;576,0;577,0;578,0;579,0;580,1;581,1;582,1;583,1;583,2;584,2;585,2;586,2;587,3;588,3;589,3;590,3;591,3;592,3;593,3;594,3;595,3;596,3;597,3;598,3;599,3;600,3;601,3;602,3;603,3;604,3;605,3;606,2;607,2;608,2;609,2;610,2;611,2;612,2;613,2;614,3;615,3;616,3;617,3;617,4;618,4;618,5;617,5;616,5;616,6;615,6;614,6;614,7;613,7;612,7;611,8;610,9;609,9;608,10;608,11;607,11;607,12;606,12;606,13;605,13;604,14;603,14;603,15;602,15;601,16;600,16;600,17;599,17;598,17;598,18;597,18;597,19;596,19;595,20;594,20;594,21;593,21;592,22;591,22;590,22;590,23;589,23;588,23;587,23;586,24;585,24;584,24;584,25;583,25;582,25;581,25;581,26;580,26;579,26;578,26;577,26;576,26;576,27;575,27;574,27;573,27;572,28;571,28;570,28;569,28;568,28;567,29;566,29;565,29;564,29;564,30;563,30;562,30;562,31;561,31;560,31;560,32;559,32;559,33;558,34;558,35;558,36;558,37;558,38;558,39;559,39;559,40;559,41;560,41;560,42;561,42;562,42;562,43;562,44;561,44;561,45;560,45;559,45;558,45;557,45;557,46;556,46;555,46;554,46;553,47;552,47;551,48;550,48;549,48;548,49;547,49;546,49;545,49;544,49;543,49;542,49;541,49;540,49;539,50;538,51;537,51;537,52;536,52;535,53;534,53;533,53;533,54;532,54;532,55;531,55;530,56;529,57;529,58;529,59;529,60;529,61;530,61;530,62;531,62;532,62;532,63;533,63;534,63;535,63;535,64;536,64;537,64;538,64;539,64;540,65;541,65;542,65;543,65;544,65;545,64;546,64;547,64;548,64;549,63;550,63;551,63;552,63;553,63;554,63;555,63;556,63;557,63;558,63;559,63;560,63;561,63;562,63;563,63;564,63;565,63;566,63;567,63;568,63;569,63;570,63;571,63;572,63;573,63;574,63;575,63;576,63;577,63;578,63;578,62;579,62;580,62;581,62;581,61;582,61;583,61;584,61;584,60;585,60;586,60;586,59;587,59;588,58;589,58;590,57;590,56;591,56;592,55;593,54;594,53;595,53;595,52;596,52;596,51;596,50;597,50;597,49;597,48;597,47;597,46;596,46;596,45;596,44;596,43;596,42;597,41;598,41;599,41;600,41;601,40;602,40;603,40;604,40;605,40;606,40;607,40;608,40;609,39;610,39;611,39;611,38;612,38;613,37;614,37;614,36;615,36;616,35;617,35;618,34;619,34;620,33;621,33;621,32;622,32;622,31;623,31;623,30;624,30;625,29;626,29;626,28;627,28;627,27;628,27;629,26;630,26;630,25;631,25;631,24;632,24;633,23;634,22;635,22;635,21;636,21;636,20;637,19;637,18;638,18;638,17;639,17;639,16;640,16;641,16;642,16;642,15;643,15;645,14;646,13;648,13;649,12;650,12;650,11;651,11;652,11;652,10;653,10;654,10;654,9;655,9;656,8;657,8;658,7;659,7;660,7;660,6;661,6;662,5;663,5;664,5;664,4;665,4;666,4;667,3;668,3;669,3;669,2;670,2;671,2;672,1;673,1;674,1;675,0;676,0;677,-1;678,-1;679,-1;680,-2;681,-2;682,-2;683,-2;684,-2;685,-2;685,-1;686,-1;686,0;687,0;687,1;688,1;688,2;689,2;690,3;690,4;691,4;691,5;692,5;693,6;694,6;694,7;695,8;695,9;696,9;696,10;697,11;697,12;697,13;697,14;697,15;697,16;697,17;696,18;696,19;695,20;695,21;694,21;694,22;693,23;692,23;692,24;691,24;690,25;689,25;688,25;687,25;686,25;685,25;684,25;683,25;682,25;681,25;680,25;680,26;679,26;678,27;677,28;677,29;676,29;676,30;675,30;675,31;675,32;674,32;674,33;673,33;673,34;672,34;672,35;671,36;671,37;670,37;670,38;669,38;669,39;668,39;668,40;667,40;666,41;666,42;665,42;664,43;664,44;663,44;662,45;661,46;660,47;659,47;659,48;658,48;658,49;657,49;656,50;656,51;655,51;654,52;653,52;653,53;652,53;651,53;651,54;650,54;649,54;649,55;648,55;647,55;647,56;646,56;645,56;644,57;643,57;643,58;642,58;641,58;640,59;639,59;639,60;638,60;637,60;637,61;636,61;635,61;635,62;634,62;633,62;632,63;631,63;630,64;629,64;628,64;627,65;626,65;625,65;624,65;623,65;622,66;621,66;620,66;620,67;619,67;618,67;618,68;617,68;616,68;616,69;615,69;614,69;613,70;612,70;611,70;610,70;609,71;608,71;607,72;606,72;606,73;605,73;604,73;604,74;603,74;602,74;601,74;600,75;599,75;598,76;597,76;596,77;595,77;594,77;594,78;593,78;592,78;592,79;591,79;590,79;589,80;588,80;587,81;586,82;585,82;585,83;584,83;583,84;582,85;581,86;581,87;580,87;580,88;580,89;579,89;579,90;579,91;580,92;581,93;582,93;582,94;583,94;584,94;585,94;586,94;587,94;588,94;589,94;590,94;591,94;592,94;594,94;595,94;596,94;597,94;598,94;598,93;599,93;600,93;601,93;602,93;603,93;603,92;604,92;605,92;606,92;607,92;608,92;609,92;610,92;611,92;612,92;613,92;613,93;614,93;615,94;616,94;617,95;620,95;623,96;624,96;625,96;626,96;627,97;628,97;629,97;631,97;632,97;635,98;637,98;640,98;641,99;642,99;644,99;645,99;647,99;649,100;651,100;652,100;653,100;654,100;655,100;656,100;657,100;658,100;659,100;662,100;663,100;664,100;666,100;667,100;669,100;670,100;671,100;673,100;674,100;675,100;676,100;677,100;678,100;679,100;680,100;681,100;683,100;684,100;685,100;687,100;688,100;689,100;691,100;692,100;693,100;695,100;697,100;698,100;699,100;700,100;701,100;702,100;703,100;704,100;705,100;706,100;707,100;708,100;710,100;711,100;712,100;713,100;714,100;715,100;716,100;717,100;718,100;719,100;720,100;721,100;722,100;723,100;724,100;725,100;726,100;727,101;728,101;729,101;730,101;731,101;732,102;733,102;733,103;734,103;735,103;735,104;736,104;737,104;738,105;739,105;740,105;741,106;742,106;743,107;744,107;745,107;746,108;747,108;748,108;750,108;751,109;752,109;753,109;754,109;756,109;757,109;759,109;760,110;761,110;762,110;764,110;765,110;766,110;768,110;769,110;770,110;771,110;773,110;774,110;775,110;776,110;777,110;778,110;779,110;780,110;781,110;782,110;783,110;784,110;785,110;786,110;787,110;788,110;789,110;790,110;791,110;792,110;793,110;794,110;795,110;796,110;797,110;798,110;799,110;800,111;801,111;802,111;803,111;804,112;805,112;806,112;807,112;808,112;809,112;810,112;811,112;812,112;813,112;814,112;815,112;816,112;817,112;818,112;819,112;820,112;821,112;822,112;822,113;823,113;824,113;825,113;826,113;827,114;828,114;829,115;830,116;831,116;831,117;832,117;833,118;834,118;834,119;835,119;835,120;836,120;836,121;836,122;837,122;837,123;837,124;838,125;838,126;838,127;839,127;839,128;840,128;840,129;841,129;842,130;842,131;843,131;843,132;844,132;845,132;845,133;846,133;847,133;847,134;847,135;848,135;848,136;848,137;848,138;848,139;847,140;847,141;846,142;845,143;845,144;844,145;843,146;843,147;842,148;842,149;841,149;841,150;840,150;840,151;839,152;838,153;838,154;837,154;837,155;836,156;835,157;834,157;834,158;833,158;833,159;832,159;832,160;831,160;830,160;830,161;829,161;828,162;827,162;827,163;826,163;825,164;824,164;824,165;823,165;823,166;822,166;821,167;820,167;819,168;818,168;817,169;816,169;815,170;814,170;813,171;812,171;811,171;811,172;810,172;809,173;808,173;807,174;806,174;805,175;804,175;804,176;803,176;802,176;802,177;801,177;800,178;799,178;798,178;797,178;797,179;796,179;795,179;794,179;793,179;792,179;791,180;790,180;789,180;788,180;788,181;787,181;786,181;785,181;785,182;784,182;783,182;782,182;781,182;780,183;779,183;778,183;777,183;776,183;776,184;775,184;774,184;773,184;772,184;772,185;771,185;770,185;769,185;768,186;767,186;766,187;765,187;764,188;763,188;762,188;762,189;761,189;760,189;759,189;758,189;757,189;756,189;756,190;755,190;754,190;753,190;752,190;751,190;750,190;749,190;748,190;747,190;747,191;746,191;745,191;744,191;743,191;742,191;741,192;740,192;739,192;738,192;737,192;736,192;735,192;734,192;733,192;732,192;731,192;730,192;729,192;728,192;727,192;726,192;726,191;725,191;724,191;723,190;722,190;721,189;720,189;720,188;719,188;719,187;718,187;718,186;718,185;717,185;717,184;716,184;716,183;715,183;715,182;714,182;714,181;713,181;712,180;711,180;711,179;710,179;709,179;709,178;708,178;708,177;707,176;707,175;706,174;706,173;706,172;706,171;706,170;706,169;706,168;706,167;706,166;707,166;707,165;707,164;707,163;707,162;707,161;708,160;708,159;708,158;708,157;708,156;708,155;708,154;708,153;708,152;708,151;708,150;708,149;708,148;707,147;707,146;707,145;707,144;706,144;706,143;706,142;705,141;705,140;704,140;704,139;703,138;703,137;702,136;702,135;701,135;701,134;700,133;699,132;699,131;698,131;698,130;697,129;697,128;696,128;696,127;695,126;695,125;694,125;693,124;692,124;692,123;691,123;690,123;689,123;688,123;687,123;686,123;685,123;684,123;683,123;682,122;681,122;680,122;679,122;678,122;677,122;676,122;675,122;674,122;673,122;672,122;671,122;670,122;669,122;668,122;667,122;666,122;665,122;664,123;663,123;663,124;662,124;661,124;661,125;660,125;659,125;659,126;658,126;658,127;657,128;657,129;656,129;656,130;656,131;655,133;655,134;655,135;654,136;654,137;653,138;653,139;653,140;653,141;653,142;652,143;652,144;652,145;652,146;652,147;652,148;652,149;652,150;652,151;652,152;652,155;652,157;652,158;652,159;652,160;652,161;652,162;652,163;652,164;652,165;652,166;651,166;651,167;651,168;650,168;650,169;649,169;649,170;648,170;648,171;647,171;647,172;646,172;645,172;644,172;644,173;643,173;642,173;641,173;640,173;639,173;638,174;637,174;636,174;635,174;634,173;633,173;632,173;631,172;630,172;629,172;628,172;627,172;627,171;626,171;625,171;624,171;624,170;623,170;622,170;622,169;621,169;620,169;620,168;619,167;619,166;619,165;619,164;619,163;619,162;619,161;619,160;618,159;618,158;618,157;617,156;617,155;617,154;616,153;616,152;615,152;615,151;614,150;614,149;613,149;613,148;612,148;612,147;611,147;611,146;610,146;609,145;608,145;608,144;607,144;606,144;606,143;605,143;605,142;604,142;603,142;603,141;602,141;602,140;601,140;600,140;600,139;599,139;598,139;598,138;597,138;596,138;596,137;595,137;593,136;592,136;592,135;591,135;590,134;589,134;589,133;588,133;588,132;587,132;587,131;586,131;586,130;585,130;584,130;584,129;583,129;582,129;582,128;581,128;580,128;580,127;579,127;578,127;578,126;577,126;576,126;575,125;574,125;573,125;573,124;572,124;571,124;570,124;569,124;569,123;568,123;567,123;566,123;565,123;564,123;564,122;563,122;562,122;561,122;560,122;560,121;559,121;558,121;557,120;556,120;555,120;554,119;553,119;552,119;552,118;551,118;550,118;549,117;548,116;547,116;546,115;545,115;544,114;543,113;542,113;542,112;541,112;541,111;540,111;539,111;539,110;538,110;537,110;537,109;536,109;536,108;535,108;534,108;534,107;533,107;533,106;532,106;532,105;531,105;531,104;530,103;530,102;529,102;529,101;528,101;528,100;527,99;527,98;526,98;526,97;525,97;525,96;524,96;524,95;523,95;523,94;522,94;521,94;520,94;519,94;518,94;517,94;516,94;515,94;514,94;513,94;512,94;511,94;510,94;510,93;509,93;508,93;508,92;507,92;507,91;506,91;506,90;505,90;505,89;504,89;504,88;503,88;502,87;501,87;501,86;500,86;500,85;499,85;498,85;498,84;497,84;496,84;495,84;495,83;494,83;493,83;492,83;491,83;490,83;489,83;488,83;487,83;486,83;485,83;485,84;484,84;483,84;482,84;482,85;481,85;480,85;480,86;479,86;479,87;478,88;478,89;478,90;477,90;477,91;477,92;477,93;477,94;477,95;476,96;476,97;476,98;475,98;475,99;474,100;473,101;473,102;472,102;472,103;471,103;471,104;470,104;470,105;469,105;469,106;468,106;468,107;467,107;467,108;466,108;466,109;465,110;465,111;464,111;463,112;463,113;462,113;462,114;462,115;461,115;461,116;460,116;460,117;459,117;459,118;458,119;457,120;456,121;455,121;455,122;454,122;454,123;453,123;453,124;452,124;452,125;452,126;451,126;451,127;451,128;451,129;450,129;450,130;450,131;450,132;450,133;450,134;450,135;450,136;450,137;451,137;451,138;451,139;451,140;451,141;451,142;451,143;451,144;451,145;451,146;450,146;450,147;450,148;450,149;450,150;449,150;449,151;449,152;448,152;448,153;447,154;447,155;446,155;446,156;445,156;444,156;444,157;443,157;442,158;441,158;440,159;439,159;439,160;438,160;437,160;436,160;435,160;435,161;434,161;433,161;432,161;431,161;430,161;429,161;428,161;427,161;426,161;425,161;424,161;423,161;422,161;421,161;421,162;420,162;419,163;418,163;418,164;417,164;416,164;416,165;415,165;414,165;414,166;413,166;412,166;412,167;411,167;410,167;410,168;409,168;409,169;408,169;407,169;406,169;405,169;404,169;404,170;403,170;402,170;401,170;401,171;400,171;399,171;398,171;398,172;397,172;396,172;396,173;395,173;394,174;393,174;392,175;391,175;390,176;389,176;389,177;388,177;388,178;387,178;386,178;386,179;385,179;384,179;384,180;383,180;383,181;382,181;382,182;381,182;380,182;379,182;378,182;377,182;376,182;376,181;375,181;374,180;373,179;372,178;372,177;371,176;371,175;370,175;370,174;370,173;370,172;369,172;369,171;369,170;369,169;369,168;369,167;369,166;369,165;369,164;369,163;369,162;369,161;369,160;369,159;369,158;369,157;369,156;368,156;367,156;367,155;366,155;365,155;364,155;363,155;363,154;362,154;361,154;360,154;359,154;358,154;358,153;357,153;356,153;356,152;355,152;354,151;354,150;353,150;353,149;353,148;353,147;353,146;353,145;353,144;353,143;353,142;353,141;353,140;354,139;354,138;355,137;355,136;356,135;356,134;357,134;357,133;357,132;358,131;358,130;358,129;358,128;359,128;359,127;359,126;359,125;360,125;360,124;360,123;360,122;361,122;362,121;363,120;364,120;364,119;365,119;365,118;366,118;367,117;368,117;368,116;369,116;370,116;371,116;372,116;373,116;374,116;375,116;376,116;377,116;378,116;379,116;380,116;381,116;382,116;383,116;384,116;385,116;386,116;387,116;388,116;389,116;390,116;391,116;392,116;393,116;394,116;395,116;396,117;397,117;398,117;399,117;400,117;401,117;402,117;403,117;404,117;405,117;406,117;407,117;408,117;409,117;410,117;411,117;412,117;413,117;413,116;414,116;415,116;415,115;416,115;417,114;418,113;418,112;419,112;419,111;420,110;420,109;420,108;421,108;421,107;421,106;422,106;422,105;422,104;423,104;424,104;
Vein; POLYGON; 63, 72, 204; 455,150;456,150;457,151;458,151;459,151;460,151;461,151;462,151;463,151;464,151;465,151;467,150;468,150;468,149;470,148;471,148;472,147;472,146;472,145;473,145;473,144;473,143;474,143;474,142;475,142;475,141;476,141;477,141;477,140;478,140;479,139;480,138;480,137;481,137;481,136;481,135;481,134;481,133;481,132;481,131;481,130;481,129;481,128;481,127;481,126;481,125;481,124;482,124;482,123;482,122;482,121;483,121;483,120;483,119;484,118;484,117;485,116;485,115;486,114;486,113;487,112;488,111;489,110;490,109;491,108;492,107;493,107;494,106;495,105;496,105;497,105;498,104;500,103;501,103;502,102;504,101;506,101;507,100;509,99;511,98;513,97;514,96;516,96;518,95;520,94;521,94;523,93;524,93;525,93;527,92;529,92;531,92;533,92;534,92;536,92;537,92;539,92;540,92;541,92;542,92;543,92;544,92;545,92;546,92;547,92;548,92;549,92;550,92;551,92;552,92;553,92;554,92;555,92;556,92;557,93;558,93;559,93;560,93;561,93;562,93;563,93;564,93;565,94;566,94;567,94;568,94;569,94;570,94;571,95;572,95;573,95;574,96;575,96;576,96;577,97;578,97;579,97;579,98;580,98;581,98;581,99;581,100;582,100;583,100;583,101;584,101;584,102;585,102;586,103;587,103;587,104;588,104;588,105;589,105;590,105;590,106;591,106;592,107;593,108;594,108;594,109;596,110;597,110;597,111;598,111;599,111;599,112;600,112;601,113;602,113;603,114;604,114;604,115;605,115;605,116;606,116;607,116;607,117;608,117;609,118;610,118;610,119;611,119;611,120;612,120;612,121;613,121;613,122;614,122;615,122;615,123;616,123;616,124;617,124;617,125;618,125;618,126;619,126;619,127;620,127;620,128;621,128;621,129;621,130;622,130;622,131;623,131;623,132;623,133;624,133;624,134;624,135;624,136;624,137;624,138;625,138;625,139;625,140;625,141;626,142;626,143;627,144;627,145;627,146;628,147;628,148;628,149;629,150;629,151;629,152;630,153;630,154;630,155;630,156;631,157;631,158;631,159;631,160;632,161;632,162;632,163;632,164;632,165;632,166;632,167;632,168;632,169;631,170;631,171;630,172;629,173;628,174;627,175;625,177;623,178;622,180;620,181;619,181;618,182;616,182;613,182;611,182;610,181;608,181;605,181;604,181;602,181;601,181;601,182;600,182;599,183;598,183;597,183;596,183;595,183;594,183;593,183;592,182;591,182;590,182;589,182;588,182;587,182;586,182;584,181;583,181;582,180;581,180;580,180;579,179;578,179;577,179;576,179;575,178;574,178;573,178;572,178;571,178;570,178;568,177;567,177;566,176;565,176;564,176;563,176;562,176;561,175;560,175;560,174;559,173;559,172;558,172;558,171;557,171;557,170;556,169;556,168;555,168;555,167;554,166;553,166;553,165;552,164;552,163;552,162;551,162;551,161;551,160;551,159;551,158;551,157;551,156;550,155;550,154;549,152;548,152;548,151;548,150;547,150;546,150;545,150;544,150;543,150;542,150;542,149;541,149;540,149;539,149;538,149;537,149;535,149;533,149;532,149;530,149;529,149;527,149;525,149;522,150;520,150;519,150;516,151;515,151;513,152;512,152;511,153;510,153;509,154;508,154;507,155;506,155;506,156;505,156;504,156;504,157;503,157;502,158;501,158;501,159;500,159;499,159;498,160;497,160;495,161;494,162;493,163;492,163;491,164;490,164;489,165;488,165;488,166;487,166;486,166;485,166;485,167;484,167;483,167;482,168;481,168;480,168;480,169;479,169;478,169;477,170;476,170;475,171;474,171;473,171;473,172;472,172;471,173;470,173;469,174;468,174;467,175;466,176;465,176;465,177;464,177;464,178;463,178;463,179;462,179;461,180;460,180;460,181;459,181;458,181;458,182;457,182;456,182;455,182;454,182;453,182;452,182;451,182;450,182;450,181;450,180;449,180;449,179;449,178;449,177;449,176;449,175;449,174;449,173;449,172;449,171;448,171;448,170;448,169;448,168;447,167;447,166;446,166;446,165;445,165;445,164;444,163;444,162;443,161;442,160;441,159;440,158;440,157;439,157;439,156;438,156;438,155;437,155;437,154;437,153;437,152;438,152;439,152;439,151;440,151;441,151;442,151;443,151;444,151;445,150;446,150;447,150;448,150;449,149;450,149;451,149;452,149;453,148;454,148;455,148;456,148;457,147;458,147;459,147;459,148;460,148;460,149;461,149;
Vein; POLYGON; 63, 72, 204; 706,138;704,138;703,138;702,138;701,138;701,139;700,139;699,139;698,139;697,139;696,139;695,139;694,139;693,139;692,139;691,139;690,139;689,139;688,139;688,138;687,138;686,138;685,138;684,138;683,138;682,138;681,138;680,138;679,138;678,138;677,138;676,138;675,138;674,138;673,138;672,138;671,138;670,138;669,137;668,137;667,137;666,137;666,136;665,136;664,136;663,136;662,136;661,135;660,135;659,135;658,135;657,135;656,135;654,135;653,135;652,135;651,135;650,135;649,135;648,135;648,134;647,134;646,133;646,132;645,132;645,131;645,130;644,130;644,129;644,128;644,127;645,127;645,126;646,126;646,125;647,125;648,124;649,124;650,123;652,122;654,121;655,121;656,120;659,119;660,119;662,119;663,118;665,118;667,117;668,117;670,116;671,116;673,116;674,116;676,115;678,115;679,115;680,115;682,115;683,115;685,114;687,114;688,114;689,114;691,114;692,114;693,114;694,114;695,114;696,114;697,115;698,116;699,116;700,117;701,118;702,118;703,119;704,120;705,120;706,121;707,121;708,121;710,121;711,122;712,122;713,122;714,122;715,123;716,123;717,124;718,124;719,125;720,125;721,125;722,126;723,126;724,126;724,127;725,127;726,127;726,128;727,128;728,128;728,129;729,129;729,130;729,131;729,132;728,133;727,134;726,135;726,136;725,137;724,139;723,140;723,141;722,142;721,143;721,144;721,145;720,146;720,147;720,148;720,147;
Vein; POLYGON; 63, 72, 204; 704,167;703,166;702,166;701,165;700,165;699,165;698,164;697,164;696,164;696,163;695,163;694,163;694,162;693,162;693,161;692,161;692,160;691,160;690,160;689,160;688,160;688,159;687,159;686,159;686,158;685,158;684,158;683,158;682,158;682,157;681,157;680,157;679,157;678,156;677,156;676,156;676,155;675,155;674,155;674,154;673,154;672,154;672,153;671,153;670,153;669,153;668,152;667,152;666,152;665,151;664,151;663,151;662,151;659,151;657,151;656,151;654,151;653,151;652,152;650,152;650,153;649,153;648,154;647,154;646,155;646,156;645,156;645,157;644,157;644,158;644,159;644,160;645,161;645,162;646,163;646,164;647,165;647,166;648,167;649,168;650,168;651,169;653,169;654,170;656,170;657,170;661,170;663,170;664,170;665,170;666,170;667,170;669,170;670,170;671,170;672,170;673,169;674,169;675,169;676,169;677,169;678,169;679,169;680,169;682,169;683,169;684,169;686,169;688,169;689,169;690,169;691,169;694,169;697,169;699,168;700,168;701,168;702,168;703,168;703,167;704,167;705,167;706,167;707,167;708,167;708,166;709,166;710,166;711,166;712,166;712,167;712,168;713,168;713,169;
Vein; POLYGON; 63, 72, 204; 698,139;698,140;697,141;697,142;696,142;696,143;696,144;695,145;695,146;695,147;694,148;694,149;694,150;694,151;694,152;694,153;693,154;693,155;693,156;693,157;692,157;692,158;692,159;692,160;692,161;691,162;691,163;691,164;691,165;691,166;691,167;691,168;691,169;691,170;691,171;691,172;691,173;691,174;692,174;693,175;694,175;695,175;696,175;698,175;699,174;700,174;701,173;702,173;703,172;704,172;705,171;706,171;707,170;708,170;709,169;710,169;711,168;711,167;712,167;713,166;714,166;715,165;715,164;716,163;717,163;718,162;718,161;719,159;720,158;720,157;720,155;721,154;721,153;721,151;721,149;721,146;720,145;720,144;719,142;719,141;719,140;718,139;718,138;717,137;716,136;716,135;715,135;715,134;714,134;714,133;713,132;713,131;712,131;711,131;710,131;709,132;709,133;709,134;
Vein; POLYGON; 63, 72, 204; 697,157;696,156;695,156;694,156;693,155;692,155;691,155;690,154;689,154;688,154;688,153;687,153;686,153;686,152;685,152;684,152;683,152;682,152;681,152;680,152;680,151;679,151;678,151;677,151;677,150;676,150;675,150;674,150;674,149;673,149;672,148;671,148;671,147;670,147;669,147;668,147;667,147;666,147;665,147;664,147;663,147;662,147;661,147;661,148;660,148;659,148;658,148;658,149;657,149;656,149;656,150;655,150;654,151;653,151;652,152;651,152;651,153;650,153;650,154;649,155;649,156;648,156;648,157;647,157;647,158;647,159;647,160;647,161;647,162;647,163;648,164;649,164;650,164;651,165;652,165;653,165;655,166;657,166;658,166;659,166;660,167;662,167;663,167;665,167;666,167;668,167;669,167;671,167;674,167;675,167;677,167;678,168;679,168;680,168;681,168;682,168;684,168;685,168;686,168;687,168;688,168;689,168;690,168;691,168;692,168;693,168;694,168;695,167;696,167;697,167;698,167;699,167;700,167;701,167;702,167;703,167;704,167;705,167;706,167;707,167;708,167;709,167;
Vein; POLYGON; 63, 72, 204; 430,108;430,107;430,106;430,105;430,104;430,103;430,102;429,102;429,101;429,100;429,99;429,98;428,98;428,97;428,96;428,95;428,94;428,93;427,93;427,92;426,92;426,91;425,91;425,90;424,90;424,89;423,89;422,88;421,87;420,87;419,86;418,86;418,85;417,85;416,84;415,84;414,83;413,83;413,82;412,82;412,81;411,81;411,80;410,80;409,80;408,80;408,81;407,81;406,81;406,82;405,82;404,83;403,83;403,84;402,84;402,85;401,85;401,86;400,86;400,87;399,87;399,88;398,88;398,89;398,90;397,90;397,91;397,92;397,93;396,93;396,94;395,94;395,95;395,96;395,97;395,98;395,99;395,100;395,101;395,102;395,103;395,104;396,105;397,106;397,107;398,107;398,108;399,109;400,110;400,111;401,111;401,112;401,113;401,114;401,115;401,116;400,116;400,117;399,117;399,118;398,119;397,119;397,120;396,120;395,121;394,121;394,122;393,122;392,122;391,123;390,123;388,123;387,123;386,123;385,124;384,124;383,124;382,124;381,124;380,124;379,124;378,123;377,123;377,122;376,122;375,121;374,121;374,120;373,120;373,119;372,119;372,118;371,117;371,116;370,116;370,115;370,114;370,113;370,112;371,112;371,111;371,110;372,110;372,109;372,108;373,107;373,106;374,106;374,105;374,104;374,103;374,102;375,101;375,100;375,99;376,98;376,97;376,96;376,95;376,94;376,93;376,92;375,92;375,91;374,91;374,90;373,90;373,89;372,89;372,88;371,88;370,87;369,87;369,86;368,86;367,85;366,85;365,84;364,84;363,83;362,83;361,83;360,83;359,82;358,82;357,82;356,81;355,81;354,81;354,80;353,80;352,80;352,79;351,79;350,79;349,78;348,78;348,77;347,77;347,76;346,76;345,76;345,75;344,75;344,74;343,74;343,73;342,73;341,72;340,72;340,71;339,71;338,71;338,70;337,70;336,70;335,70;335,69;336,69;336,68;337,67;338,66;338,65;339,65;339,64;339,63;340,63;340,62;340,61;341,61;341,60;342,59;342,58;343,58;343,57;344,57;344,56;345,56;345,55;346,55;347,55;347,54;348,54;349,53;350,53;350,52;351,52;352,52;352,51;353,51;354,51;354,50;355,50;355,49;356,49;357,49;357,48;358,48;358,47;359,47;360,47;360,46;361,46;362,46;363,46;364,46;364,45;365,45;366,45;367,44;368,44;369,44;369,43;370,43;371,43;371,42;372,42;373,42;374,41;375,41;375,40;376,40;377,40;377,39;378,39;379,39;379,38;380,38;381,38;382,38;383,38;383,37;384,37;385,37;386,37;386,38;387,38;388,38;388,39;389,39;389,40;390,40;390,41;390,42;391,42;391,43;391,44;391,45;391,46;391,47;391,48;390,48;389,49;388,49;388,50;387,50;387,51;386,51;385,51;385,52;384,52;383,52;382,52;381,52;380,52;379,52;378,52;377,52;376,52;375,52;374,52;373,52;372,52;371,52;370,52;369,52;368,53;367,53;366,54;365,54;364,55;363,55;363,56;362,56;362,57;361,57;360,58;359,59;358,60;358,61;357,61;357,62;356,62;356,63;355,64;355,65;355,66;354,66;354,67;354,68;354,69;354,70;355,70;355,71;356,72;357,73;358,73;359,74;360,74;361,74;362,74;363,75;364,75;366,75;367,75;368,75;369,75;370,75;371,75;371,74;372,74;373,74;374,74;374,73;375,73;376,73;377,72;378,72;378,71;379,71;379,70;380,70;381,70;381,69;382,69;382,68;383,68;384,67;385,66;385,65;386,65;387,65;387,64;388,64;389,64;390,64;390,63;391,63;392,63;393,63;394,63;395,63;396,63;397,63;398,63;399,63;400,63;401,63;402,63;403,63;404,63;404,64;405,64;406,64;407,64;407,65;408,65;409,65;410,65;411,65;411,66;412,66;413,66;414,66;415,67;416,67;417,67;418,67;419,68;420,68;421,68;422,68;422,69;423,69;424,69;425,69;426,70;427,70;428,70;429,70;430,70;430,71;431,71;432,71;433,71;434,71;434,72;435,72;436,72;437,72;438,72;438,73;439,73;440,73;441,73;442,73;443,73;444,74;445,74;446,74;446,75;447,75;447,76;448,76;448,77;449,77;449,78;450,78;450,79;450,80;450,81;450,82;450,83;449,83;449,84;449,85;449,86;448,87;448,88;448,89;447,89;447,90;447,91;447,92;447,93;446,93;446,94;446,95;445,96;445,97;445,98;444,98;444,99;444,100;443,101;443,102;443,103;442,103;442,104;442,105;441,105;441,106;440,106;
Vein; POLYGON; 63, 72, 204; 420,78;422,77;423,77;426,76;427,75;428,74;430,74;431,73;433,73;434,73;435,72;437,72;439,71;440,71;442,70;444,70;446,69;447,68;450,67;452,66;454,65;456,64;458,63;460,62;463,60;464,59;466,58;468,57;470,56;471,56;473,55;474,54;475,54;476,53;477,53;478,53;479,52;480,52;481,52;482,51;483,51;484,51;485,50;486,49;487,49;488,48;489,47;490,46;491,46;492,45;492,44;493,44;494,43;495,42;496,42;496,41;497,41;497,40;498,40;499,40;500,39;501,39;501,38;502,38;503,37;504,37;504,36;505,36;506,36;507,35;508,34;509,33;510,33;511,32;512,32;513,31;514,31;516,30;517,30;518,29;519,29;520,29;521,28;522,28;523,27;525,26;528,25;529,24;531,23;532,22;533,22;534,21;535,21;536,20;536,19;537,19;538,19;539,18;540,17;541,17;542,17;543,16;544,16;545,16;546,15;547,15;548,15;549,14;550,14;551,14;551,15;551,16;551,17;551,18;551,19;551,20;551,21;550,22;550,23;549,24;548,25;547,26;546,28;545,29;544,30;543,31;542,33;541,34;540,36;539,37;538,38;536,39;535,40;534,42;532,43;531,44;530,45;529,46;527,47;525,49;524,50;522,51;520,52;518,53;516,54;514,55;512,57;511,58;509,59;508,60;506,61;505,62;503,63;502,64;501,65;500,66;499,67;498,67;497,68;496,69;494,70;493,71;492,71;491,72;490,72;488,73;487,73;486,74;485,74;484,74;483,75;482,75;480,76;479,76;477,77;476,78;474,78;472,79;471,80;469,81;468,82;467,82;466,83;466,84;465,84;465,85;466,85;467,86;468,86;469,87;
Vein; POLYGON; 63, 72, 204; 434,72;436,71;438,70;440,70;444,68;446,68;448,67;453,65;455,64;457,63;460,62;462,61;464,60;465,59;466,58;467,58;468,57;469,56;470,55;470,54;471,53;472,52;473,51;474,50;475,49;476,49;477,48;478,48;478,47;479,46;480,46;481,45;482,44;483,43;484,42;485,42;485,41;486,41;487,40;488,40;489,40;490,39;491,39;492,38;493,38;494,38;496,37;497,37;497,36;498,36;499,35;500,35;501,34;502,34;502,33;503,33;504,33;504,32;505,32;506,31;507,31;508,30;509,30;510,29;511,28;512,28;513,27;514,26;515,26;516,25;517,25;518,24;519,24;519,23;520,23;521,23;522,22;523,22;525,22;526,22;527,22;528,21;530,21;531,21;532,21;533,21;534,21;535,21;536,21;537,21;537,22;537,23;538,23;538,24;538,25;538,26;538,27;539,28;539,29;539,30;539,31;539,32;539,33;539,34;538,35;538,36;537,37;536,38;535,40;534,41;532,42;531,44;529,45;528,46;526,48;524,49;522,51;520,52;518,53;517,54;515,56;513,57;511,58;509,59;508,59;506,60;504,61;502,62;500,63;497,64;496,64;494,65;492,65;490,66;488,66;486,67;485,67;484,68;483,68;482,69;482,70;483,71;484,72;484,73;485,74;
Vein; POLYGON; 63, 72, 204; 490,126;489,126;488,126;487,126;486,126;485,126;485,127;484,127;483,127;482,127;481,127;481,126;481,125;481,124;480,124;480,123;480,122;479,122;479,121;478,121;478,120;478,119;477,119;477,118;477,117;476,117;476,116;476,115;475,115;475,114;474,114;474,113;473,112;473,111;472,111;472,110;471,110;470,110;470,109;469,109;468,108;467,108;467,107;466,107;466,106;465,106;465,105;465,104;465,103;465,102;465,101;466,100;467,99;467,98;468,97;469,96;470,95;471,94;472,93;473,92;473,91;474,90;475,89;476,88;477,87;478,87;478,86;479,85;480,84;481,83;482,83;483,82;484,81;485,80;486,80;487,79;488,79;488,78;489,78;490,78;491,78;492,77;493,77;494,77;495,77;496,77;497,77;498,77;499,77;500,77;501,77;502,77;503,77;504,77;505,77;505,78;506,78;507,78;507,79;508,79;509,80;510,80;511,81;512,82;513,82;514,83;515,84;516,84;517,85;518,85;519,86;520,86;520,87;522,87;522,88;523,88;524,89;525,89;525,90;526,91;526,92;527,92;527,93;527,95;527,96;527,97;527,98;527,100;527,101;527,102;527,103;527,105;526,106;526,107;525,108;525,109;524,110;524,111;524,112;523,113;523,114;523,115;523,116;523,117;523,118;522,119;522,120;
Vein; POLYGON; 63, 72, 204; 474,128;474,129;473,130;473,131;472,131;472,132;471,132;471,133;470,134;470,135;469,135;469,136;468,136;468,137;468,138;467,138;467,139;466,140;466,141;465,141;465,142;464,143;463,144;463,145;462,146;462,147;461,147;461,148;461,149;461,150;461,151;462,151;462,152;463,152;464,153;465,153;466,153;467,154;468,154;469,154;470,154;471,154;472,154;473,153;474,153;475,152;476,151;477,151;478,150;480,149;481,148;483,147;484,145;485,144;487,142;488,141;489,139;491,137;492,135;493,132;494,130;494,128;495,126;495,125;495,124;495,122;495,121;494,120;
Vein; POLYGON; 63, 72, 204; 460,105;460,106;459,106;459,107;458,107;458,108;457,108;457,109;456,109;455,110;455,111;454,112;453,113;453,114;452,114;452,115;451,116;450,117;450,118;449,118;449,119;448,120;447,121;447,122;446,123;445,124;445,125;444,126;444,127;443,127;443,128;442,129;442,130;441,130;441,131;440,131;440,132;439,133;439,134;439,135;438,135;438,136;438,137;438,138;438,139;439,139;440,139;441,139;442,139;443,139;444,139;445,139;446,138;447,137;448,137;449,136;450,135;451,134;452,133;453,132;454,131;455,130;457,129;457,128;458,127;459,126;460,125;461,124;462,123;462,122;463,122;463,121;464,120;465,119;465,118;466,117;467,117;468,116;469,115;470,114;471,113;472,112;473,111;475,110;476,109;477,108;478,107;479,106;480,105;482,104;482,103;483,103;484,102;485,101;486,101;485,101;484,101;483,100;482,100;481,100;480,100;479,100;478,99;477,99;476,99;475,99;475,98;474,98;473,98;472,98;471,98;471,97;470,97;469,97;468,97;469,97;470,99;
Specular reflection; POLYGON; 191, 91, 22; 665,132;664,132;663,132;662,132;661,132;661,133;660,133;659,133;658,133;657,133;657,134;656,134;655,134;654,135;653,135;653,136;652,136;652,137;652,138;651,138;651,139;650,140;650,141;649,141;649,142;649,143;649,144;649,145;650,145;651,145;651,146;652,146;653,146;653,147;654,147;655,147;655,148;656,148;657,148;658,148;659,148;659,149;660,149;661,149;662,149;662,150;663,150;664,150;664,151;665,151;666,151;667,152;668,152;669,152;670,152;671,153;672,153;673,153;674,153;675,153;676,153;677,153;678,153;679,153;680,153;681,153;682,153;683,153;684,153;684,154;685,154;686,154;687,154;688,155;689,155;690,155;690,156;691,156;692,156;693,156;693,157;694,157;695,157;696,157;697,157;697,156;698,155;698,154;698,153;698,152;698,151;698,150;698,149;698,148;698,147;698,146;697,146;697,145;697,144;696,143;696,142;695,142;695,141;694,140;693,139;692,138;691,138;691,137;690,137;689,137;688,136;687,136;686,136;685,135;684,135;683,135;682,135;682,134;681,134;680,134;679,134;678,134;678,133;677,133;676,133;675,133;674,133;673,133;672,133;671,133;671,132;670,132;669,132;668,132;668,133;667,134;667,135;
Specular reflection; POLYGON; 191, 91, 22; 461,123;461,124;460,125;459,126;459,127;458,127;458,128;457,128;457,129;456,129;456,130;455,130;455,131;455,132;454,132;454,133;453,133;453,134;452,135;452,136;451,137;451,138;450,139;450,140;449,141;449,142;449,143;449,144;450,144;450,145;451,145;452,145;452,146;453,146;454,146;455,146;456,146;457,146;458,145;459,145;459,144;460,144;461,144;461,143;462,143;462,142;463,142;463,141;464,141;464,140;465,140;465,139;466,138;466,137;467,137;467,136;467,135;468,135;468,134;469,133;469,132;470,132;470,131;470,130;471,130;471,129;472,128;472,127;473,127;473,126;474,125;475,125;475,124;475,123;476,123;476,122;476,121;477,121;477,120;477,119;477,118;478,118;478,117;478,116;478,115;478,114;478,113;477,113;477,112;476,112;475,112;474,112;473,112;472,113;471,113;470,114;469,114;469,115;468,115;467,116;466,116;466,117;465,117;465,118;465,119;465,120;465,121;465,122;
Vein; POLYGON; 63, 72, 204; 654,472;653,472;652,473;651,473;651,474;650,474;649,474;649,475;648,475;647,476;646,476;646,477;645,477;645,478;644,478;644,479;643,479;643,480;642,480;641,481;640,482;639,482;638,482;638,483;637,483;636,483;635,483;634,483;634,484;633,484;632,484;631,483;630,483;629,483;629,482;628,482;627,482;626,482;625,482;624,482;624,481;623,481;622,481;621,481;620,480;619,480;618,480;617,480;616,480;615,480;614,480;613,480;612,479;611,479;610,479;609,479;608,478;607,478;606,477;605,477;605,476;604,476;603,476;602,475;601,475;600,474;599,474;599,473;598,473;597,473;597,472;596,472;595,471;594,471;594,470;593,470;592,470;591,469;590,469;589,469;589,468;588,468;587,468;586,468;585,467;584,467;583,467;582,467;582,466;581,466;581,465;580,465;580,464;579,464;579,463;578,463;577,462;577,461;576,461;576,460;575,460;575,459;574,459;574,458;573,457;572,456;572,455;571,455;571,454;570,454;570,453;569,453;568,452;567,452;567,451;566,451;565,450;564,450;564,449;563,449;562,448;561,448;561,447;560,447;559,447;559,446;558,446;558,445;557,445;556,444;555,444;555,443;554,443;554,442;553,442;552,441;551,441;551,440;550,440;550,439;549,439;549,438;548,438;548,437;547,437;546,436;545,436;545,435;544,435;544,434;543,434;543,433;542,433;542,432;541,432;541,431;540,431;539,431;539,430;538,430;538,429;537,429;536,428;535,428;535,427;534,427;534,426;534,425;534,424;534,423;535,423;535,422;536,421;537,420;538,419;538,418;539,418;539,417;540,417;540,416;541,414;541,412;541,411;541,410;541,409;541,408;541,407;541,406;541,405;541,404;541,403;541,402;541,401;541,400;541,399;542,399;543,398;544,398;545,398;545,397;546,397;547,397;548,396;549,396;550,396;551,396;552,396;553,396;554,397;555,397;556,397;556,398;557,398;558,398;559,398;560,398;560,399;561,399;562,399;563,399;563,400;563,401;563,402;563,403;562,404;562,405;562,406;561,407;561,408;561,409;560,409;560,410;560,411;559,411;559,412;558,412;557,412;557,413;556,413;555,413;554,413;554,414;553,414;552,414;551,415;550,415;550,416;549,416;548,417;548,418;547,418;547,419;547,420;547,421;547,422;547,423;547,424;548,424;548,425;548,426;549,426;549,427;550,427;550,428;551,429;551,430;552,431;552,432;553,432;553,433;554,433;554,434;555,434;555,435;556,435;556,436;557,436;558,436;559,436;560,436;561,436;562,436;563,436;564,436;564,437;565,437;566,437;567,437;568,437;569,438;570,438;571,438;571,439;572,439;573,439;573,440;574,440;575,441;576,441;577,442;578,442;578,443;579,443;579,444;580,444;581,444;581,445;581,446;582,446;582,447;582,448;582,449;582,450;582,451;582,452;583,452;583,453;583,454;583,455;583,456;584,456;584,457;584,458;584,459;585,459;585,460;585,461;585,462;586,462;586,463;587,464;588,464;589,464;590,464;591,464;592,464;593,464;594,464;595,464;596,464;597,464;598,464;598,465;599,465;600,465;601,465;602,465;603,465;604,465;604,466;605,466;606,466;606,467;607,467;608,467;608,468;609,468;610,468;610,469;611,469;612,469;613,469;614,469;615,469;616,469;617,469;618,469;619,469;620,469;621,469;622,469;623,469;623,468;624,468;625,467;626,467;626,466;627,466;628,465;629,465;629,464;630,464;631,464;631,463;632,463;633,463;634,463;635,463;636,463;637,463;638,463;639,463;640,463;641,463;642,463;643,463;644,463;645,463;646,463;646,464;647,464;648,464;649,464;649,465;650,465;651,465;652,465;652,466;653,466;654,466;654,467;655,467;655,468;655,469;655,470;656,470;656,471;656,472;656,473;656,474;656,475;
Vein; POLYGON; 63, 72, 204; 658,477;659,477;660,477;660,478;661,478;662,478;663,478;663,477;663,476;664,476;664,475;664,474;664,473;664,472;664,471;663,471;663,470;663,469;663,468;662,468;662,467;661,466;660,466;660,465;659,465;659,464;658,464;658,463;657,463;656,462;655,462;654,461;654,460;653,460;652,460;652,459;651,459;650,459;650,458;649,458;648,458;648,457;647,457;647,456;646,456;646,455;645,455;644,454;643,454;643,453;642,453;642,452;641,452;641,451;640,451;639,450;638,450;638,449;637,449;637,448;636,448;636,447;635,447;634,446;633,446;633,445;632,445;631,444;630,444;630,443;629,443;629,442;628,442;627,441;626,441;626,440;625,440;625,439;624,439;623,438;622,437;621,436;620,435;619,434;618,433;617,433;617,432;616,431;615,430;614,430;614,429;613,428;612,427;611,427;611,426;610,426;610,425;609,425;608,425;607,424;606,424;605,424;604,424;603,424;602,424;601,424;600,424;599,424;598,424;597,424;596,424;595,423;594,423;594,422;593,422;593,421;592,421;592,420;591,420;591,419;590,419;590,418;589,417;588,417;588,416;587,415;586,414;586,413;585,413;585,412;584,412;583,411;582,411;581,410;580,410;579,409;578,409;577,409;576,408;575,408;574,408;573,408;572,408;571,408;571,407;570,407;569,407;569,406;568,406;567,406;567,405;566,404;565,403;564,403;564,402;563,402;562,402;561,402;560,402;559,402;559,403;558,403;557,403;557,404;556,404;556,405;555,405;555,406;554,406;554,407;554,408;553,408;553,409;553,410;553,411;553,412;553,413;553,414;554,415;555,415;555,416;556,416;557,416;557,417;558,417;559,417;560,418;561,418;562,418;563,418;564,418;565,418;566,418;567,418;568,418;569,418;570,418;571,419;572,419;573,419;574,419;575,419;576,419;577,420;578,420;578,421;579,421;580,422;581,423;581,424;582,424;582,425;583,425;583,426;584,426;584,427;585,427;585,428;586,428;586,429;587,429;587,430;588,431;588,432;589,432;589,433;589,434;589,435;589,436;589,437;589,438;589,439;589,440;590,440;591,440;592,440;593,440;594,440;595,440;596,440;597,440;598,440;599,440;599,439;600,439;601,439;602,439;603,439;604,439;605,439;606,439;607,439;608,439;608,440;609,440;610,440;610,441;611,441;612,442;613,442;613,443;613,444;614,444;614,445;615,445;615,446;616,446;616,447;617,447;617,448;617,449;618,449;618,450;619,450;619,451;619,452;619,453;619,454;620,454;620,455;620,456;621,456;621,457;621,458;621,459;621,460;621,461;621,462;622,462;622,463;622,464;622,465;622,466;622,467;623,467;623,468;623,469;624,469;624,470;625,470;626,470;627,470;627,471;628,471;629,471;630,471;631,471;632,471;632,470;633,470;634,470;635,470;636,470;637,470;638,470;639,470;640,470;641,470;642,470;643,470;643,471;644,471;645,471;646,471;646,472;647,472;648,472;649,472;649,473;650,473;651,473;651,474;652,474;652,475;652,476;653,476;653,477;654,477;654,478;655,478;655,480;
Vein; POLYGON; 63, 72, 204; 547,395;546,394;546,393;545,393;545,392;544,392;544,391;543,391;543,390;542,390;541,389;540,389;539,388;538,388;537,387;536,387;535,387;535,386;534,386;533,386;532,386;531,386;530,386;529,386;528,386;527,386;526,386;525,386;524,386;523,386;522,386;521,386;520,386;519,387;518,387;518,388;517,388;517,389;516,389;516,390;516,391;516,392;516,393;516,394;515,394;515,395;515,396;515,397;514,398;514,399;514,400;513,400;513,401;513,402;512,402;511,402;511,403;510,403;510,404;509,404;508,404;507,405;506,405;505,405;504,405;503,405;502,405;501,405;500,405;499,405;498,405;498,404;497,404;496,404;495,403;494,403;493,403;493,402;492,402;491,402;490,402;490,401;489,401;488,401;487,401;486,400;485,400;484,399;483,399;482,399;482,398;481,398;480,398;479,397;478,397;478,396;477,396;476,396;476,395;475,395;474,394;473,394;473,393;472,393;471,393;471,392;470,392;470,391;470,390;469,390;469,389;468,389;468,388;467,388;467,387;467,386;468,385;469,385;469,384;470,384;471,384;471,383;472,383;473,382;474,382;474,381;475,381;476,381;477,381;478,381;479,381;480,381;481,380;482,380;483,380;484,380;485,380;486,380;487,380;488,380;489,380;490,380;491,380;492,380;493,380;493,381;495,381;496,381;497,381;498,381;498,382;499,382;500,382;501,382;502,382;503,382;504,382;505,382;506,382;507,382;508,382;509,382;510,382;511,382;512,382;513,382;514,382;515,382;516,382;517,382;518,382;519,382;520,382;521,382;522,382;523,382;524,382;525,382;526,382;527,382;528,382;529,382;530,382;531,382;532,382;533,382;534,382;535,382;536,382;537,382;538,382;539,382;540,382;541,382;541,383;542,383;542,384;543,384;543,385;544,385;544,386;545,386;546,386;547,386;547,387;548,387;549,387;549,388;550,388;550,389;551,389;551,390;551,391;551,392;551,393;551,394;551,395;
Umbilical cord; POLYGON; 255, 242, 0; 281,92;280,93;279,95;278,96;277,98;275,99;274,101;273,102;273,104;272,105;271,106;271,107;271,108;270,109;270,110;269,111;269,112;269,113;268,114;268,116;267,117;267,118;266,119;266,120;265,121;265,122;264,123;264,124;264,125;263,126;263,127;262,128;262,129;262,130;261,131;261,133;260,133;260,134;259,135;259,136;258,137;258,139;257,139;257,140;256,141;256,142;255,143;255,144;254,145;254,146;254,147;253,148;253,149;252,151;252,152;251,153;251,154;251,155;250,156;250,157;250,158;250,159;250,160;249,160;249,161;249,162;249,163;249,164;249,165;249,166;249,167;249,168;249,169;249,170;249,171;248,172;248,173;248,174;248,175;248,176;248,177;248,178;248,179;248,180;248,181;247,181;247,182;247,183;247,184;247,185;247,186;247,187;247,188;247,189;247,190;247,191;247,192;247,193;247,194;247,195;247,196;246,197;246,198;246,199;246,200;246,201;246,202;245,203;245,204;245,205;244,206;244,207;244,208;244,209;244,210;243,211;243,212;243,213;243,214;242,215;242,216;242,217;242,218;242,219;242,220;242,221;242,222;242,223;242,224;242,225;242,226;242,227;242,228;243,228;243,229;243,230;243,231;243,232;243,233;243,234;243,235;244,236;244,237;244,238;244,239;244,240;244,241;244,242;244,243;245,244;245,245;245,246;245,247;245,248;245,249;245,250;245,251;246,252;246,253;246,254;246,255;246,256;246,257;246,258;246,259;246,260;246,261;246,262;246,263;246,264;247,265;247,266;247,267;247,268;247,269;247,270;247,271;247,272;247,273;247,274;246,274;246,275;246,276;246,277;246,278;246,279;245,279;245,280;245,281;244,282;244,283;244,284;243,285;243,286;242,287;242,288;242,289;241,289;241,290;240,290;239,290;239,291;238,291;238,292;237,292;237,293;236,293;235,294;234,295;233,295;233,296;232,296;231,296;231,297;230,297;229,297;228,297;228,298;227,298;226,298;225,298;225,299;224,299;223,299;222,299;221,299;221,300;220,300;219,300;218,300;217,301;216,301;215,301;214,302;213,302;212,302;211,302;210,302;210,303;209,303;208,303;207,303;206,303;205,303;204,303;203,303;202,303;201,303;200,303;199,303;198,303;197,303;196,303;195,303;194,303;193,303;192,303;191,303;190,303;189,303;188,303;187,303;186,303;185,303;184,303;183,303;182,303;181,303;180,303;179,303;178,303;177,303;176,303;175,303;174,303;173,303;172,303;171,302;170,302;169,302;168,301;167,301;166,301;166,300;165,300;164,300;163,299;162,299;162,298;161,298;160,297;159,297;158,296;157,296;157,295;156,295;155,295;155,294;154,293;153,292;153,291;152,291;152,290;152,289;151,288;151,287;151,286;151,285;151,284;151,283;151,282;151,281;151,280;151,279;151,278;151,277;152,277;152,276;152,275;153,274;153,272;154,272;154,271;154,269;155,268;155,267;155,266;155,265;156,265;156,264;156,263;156,262;157,261;157,260;157,259;158,259;158,258;158,257;158,256;159,256;159,255;159,254;159,253;159,252;160,252;160,251;160,250;161,249;161,248;161,247;162,247;162,246;162,245;162,244;163,243;163,242;164,241;164,240;164,239;165,238;165,237;165,236;166,235;166,234;166,233;166,232;166,231;166,230;166,229;166,228;166,227;167,227;167,226;167,225;167,224;167,223;167,222;167,221;167,220;167,219;167,218;167,217;167,216;167,215;167,214;167,213;167,212;167,211;167,210;167,209;167,208;167,207;167,206;167,205;167,204;167,203;167,202;167,201;167,200;167,199;167,198;167,197;167,196;167,195;167,194;167,193;167,192;166,191;166,190;166,189;166,188;165,188;165,187;165,186;165,185;164,184;164,183;163,182;163,181;162,181;162,180;161,179;161,178;160,178;160,177;159,176;159,175;158,175;158,174;157,174;157,173;156,172;155,171;154,170;153,169;152,169;152,168;151,168;151,167;150,167;149,166;148,165;148,164;147,164;147,163;147,162;147,161;147,160;147,159;147,158;148,158;148,157;149,157;150,156;151,155;152,155;152,154;153,154;154,154;155,153;156,153;157,152;158,152;159,152;160,151;161,151;162,151;163,151;164,150;165,150;166,150;167,150;168,150;169,150;169,149;170,149;171,149;172,149;172,148;173,148;174,147;175,146;175,145;176,145;176,144;177,143;177,142;178,142;178,141;179,141;179,140;180,139;181,138;182,137;183,137;183,136;184,136;184,135;185,135;185,134;186,134;186,133;187,133;187,132;188,131;188,130;188,129;189,129;189,128;189,127;189,126;189,125;190,125;190,124;190,123;190,122;190,121;190,120;190,119;190,118;190,117;190,116;190,115;190,114;190,113;190,112;190,111;190,110;190,109;190,108;190,107;190,106;190,105;191,105;191,104;192,104;193,103;194,103;194,102;195,102;196,102;197,101;199,100;200,100;201,99;202,99;203,98;204,98;205,98;206,97;207,97;208,97;209,97;210,96;211,96;212,96;213,95;214,95;215,95;216,94;217,94;218,94;219,93;220,93;221,93;222,92;223,92;224,92;224,91;225,91;226,91;227,91;228,90;229,90;230,90;231,90;232,90;233,89;234,89;235,89;236,88;238,88;239,88;240,88;241,88;242,87;243,87;244,87;245,87;247,87;248,87;249,87;250,87;251,86;253,86;254,86;255,86;256,86;257,86;258,86;259,86;260,86;261,86;262,86;263,86;264,86;265,85;266,85;267,85;268,85;269,85;270,85;271,85;272,85;273,85;274,85;275,85;276,85;277,85;278,85;279,85;280,85;281,85;282,85;282,86;282,87;283,87;283,88;283,89;283,90;283,91;283,92;283,93;283,94;283,95;283,96;282,96;282,97;281,98;281,99;281,100;282,100;
Artery, ICG; POLYGON; 34, 177, 76; 25,187;26,188;27,188;29,188;30,188;31,188;32,188;34,188;36,188;37,188;39,188;40,187;42,187;43,186;45,186;46,185;47,185;49,184;51,183;52,183;53,182;54,182;54,181;55,181;56,180;57,180;58,179;59,179;60,178;61,178;62,178;63,177;64,177;65,177;66,176;67,176;68,176;68,175;69,175;70,175;71,175;72,174;73,174;74,174;75,173;76,173;77,173;78,173;79,172;80,172;81,172;82,171;83,171;84,170;85,170;86,170;87,169;88,169;89,168;90,168;91,167;92,167;93,167;93,166;94,165;95,165;95,164;96,164;97,163;98,162;99,162;99,161;100,161;100,160;101,160;101,159;102,159;103,158;104,157;105,157;105,156;106,155;107,155;107,154;108,153;109,152;109,151;109,150;110,149;110,148;110,147;111,146;111,145;111,144;112,144;112,143;113,143;113,142;114,141;115,140;116,140;117,139;118,139;118,138;119,138;121,137;122,136;123,136;124,136;125,135;126,135;127,135;127,134;128,134;129,134;130,134;130,133;131,133;132,133;133,132;134,132;134,131;135,131;136,130;137,130;138,129;139,128;140,128;140,127;141,127;141,126;142,126;142,125;143,125;143,124;144,124;145,123;145,122;146,122;146,121;147,121;147,120;148,119;148,118;149,118;149,117;149,116;150,116;150,115;151,115;151,114;152,113;153,112;153,111;154,111;154,110;154,109;155,109;156,109;156,108;157,108;158,108;158,107;159,107;160,107;161,107;162,107;163,107;164,107;164,106;165,106;166,106;167,106;167,105;168,105;169,105;170,105;170,104;171,104;172,104;172,103;173,103;174,103;174,102;175,102;176,102;176,101;177,101;178,101;178,100;179,100;180,100;181,99;182,99;183,98;184,98;185,98;185,97;186,97;187,97;188,97;189,96;190,96;191,96;192,96;192,95;193,95;194,95;195,95;195,94;196,94;197,94;198,94;198,93;199,93;200,93;201,93;202,92;203,92;204,92;205,91;206,91;207,91;208,90;209,90;210,89;211,89;212,89;213,88;214,88;215,87;216,87;217,87;218,86;220,86;221,85;222,85;223,85;224,85;225,84;227,84;228,83;229,83;232,82;233,82;234,81;235,81;236,80;238,80;239,80;240,79;241,79;242,79;243,78;244,78;245,77;246,77;247,77;248,77;249,77;250,76;251,76;252,76;253,76;254,75;255,75;256,75;257,74;258,74;259,74;260,74;261,73;262,73;263,72;264,72;265,72;266,72;267,71;268,71;269,71;270,70;271,70;272,70;273,70;274,69;275,69;276,69;277,69;277,68;278,68;279,68;280,68;281,67;283,67;284,67;285,67;286,66;287,66;288,66;289,65;291,65;292,64;293,64;294,64;295,64;296,64;297,63;298,63;299,63;300,63;301,63;302,63;302,62;303,62;304,62;305,62;306,61;307,61;308,61;309,60;310,60;311,60;311,59;312,59;313,59;314,58;315,58;316,57;317,56;318,56;319,55;320,55;320,54;321,54;321,53;322,53;323,53;323,52;324,52;325,51;326,51;327,50;328,50;329,49;330,49;331,49;332,49;332,48;333,48;334,48;335,48;336,47;337,47;338,47;339,47;340,46;341,46;342,46;343,46;344,46;345,45;346,45;347,45;348,45;349,45;350,44;352,44;353,44;354,43;355,43;356,43;357,43;358,42;359,42;360,42;361,41;362,41;363,41;364,40;365,40;366,39;367,39;368,39;368,38;369,38;370,38;370,37;371,37;374,35;376,34;377,33;379,32;381,31;382,30;383,29;384,28;386,28;387,26;388,26;389,25;389,24;390,24;391,23;391,22;392,21;392,20;392,19;393,18;393,17;393,16;393,15;393,14;393,13;393,12;393,11;392,11;391,10;390,10;388,9;386,8;384,8;383,7;382,7;381,7;379,6;377,6;376,5;375,5;373,5;372,5;371,4;369,4;368,4;366,4;365,4;362,4;361,4;359,4;358,4;357,4;356,4;355,4;354,4;353,4;352,4;351,4;350,4;349,4;348,4;347,4;346,4;345,5;344,5;343,5;342,5;341,6;340,6;339,6;338,7;337,7;335,7;334,7;333,7;332,7;331,7;329,7;328,7;327,7;326,7;324,7;323,7;322,7;320,8;319,8;317,8;316,8;315,8;314,8;312,9;311,9;310,9;309,9;308,9;307,9;306,9;305,9;304,9;303,9;302,9;300,9;299,9;297,9;296,9;294,9;291,9;289,9;287,10;285,10;283,10;281,11;279,11;277,11;276,11;274,11;273,11;272,11;270,11;269,11;268,11;267,11;266,11;265,11;264,11;263,11;262,11;261,11;260,11;259,11;258,11;257,11;256,11;255,11;254,12;252,12;251,12;250,12;248,13;247,13;246,13;244,14;243,14;241,15;240,16;239,16;238,16;238,17;237,17;236,18;235,18;234,19;233,20;232,21;231,22;230,23;230,24;229,24;229,25;228,25;227,26;227,27;226,27;226,28;226,29;225,29;225,30;225,31;225,32;225,33;225,34;225,35;225,36;225,37;225,38;225,39;225,40;225,41;225,42;225,43;225,44;225,45;224,46;223,47;223,48;222,48;221,49;220,49;219,50;218,50;218,51;217,51;216,51;215,52;214,52;213,53;212,53;211,54;210,54;209,55;208,55;207,56;206,56;205,57;204,57;203,58;202,58;201,59;200,59;199,60;198,60;197,61;196,61;195,61;194,62;193,62;192,63;191,63;190,64;189,64;188,64;187,65;185,66;184,66;183,67;181,67;180,68;178,68;177,69;176,70;174,70;173,71;172,71;168,73;167,73;166,74;165,74;164,74;163,75;162,75;161,75;159,76;158,76;157,76;156,77;155,77;154,77;153,77;152,77;151,77;150,77;149,77;148,77;147,77;146,77;145,77;144,77;143,77;142,77;141,77;140,77;139,77;137,77;136,78;135,78;133,79;132,79;131,80;130,80;129,81;128,81;127,82;126,82;125,82;125,83;124,83;123,83;122,83;121,83;120,83;119,83;118,83;117,83;116,83;115,83;114,84;113,84;111,84;110,84;109,85;108,85;106,85;105,86;104,86;103,86;102,86;101,86;100,86;99,86;98,87;97,87;96,87;95,87;94,88;93,88;92,88;92,89;91,89;90,89;89,89;89,90;88,90;87,90;87,91;86,91;85,91;84,91;83,91;83,92;82,92;81,92;80,92;79,92;78,92;77,92;76,92;75,92;74,92;73,92;72,92;71,93;70,93;69,93;68,93;67,93;66,93;65,94;64,94;63,94;62,94;62,95;61,95;60,95;60,96;59,96;59,97;58,97;58,98;57,98;56,98;56,99;55,100;54,101;53,102;53,103;52,103;52,104;51,105;51,106;50,106;50,107;49,108;49,109;49,110;49,111;49,112;49,113;49,114;49,115;49,116;49,117;50,118;50,119;51,119;51,120;52,121;52,122;53,122;53,123;54,123;54,124;54,125;55,125;55,126;55,127;55,128;55,129;55,130;55,131;55,132;55,133;54,133;54,134;53,134;53,135;52,135;52,136;51,136;51,137;50,137;49,137;48,138;47,138;46,138;45,138;44,138;43,138;42,138;41,138;40,138;39,139;38,139;37,139;36,139;35,139;34,139;33,139;32,139;31,139;30,139;29,139;28,139;27,139;26,139;25,139;24,139;23,139;22,139;21,139;20,140;19,140;18,140;17,140;16,140;15,140;14,140;13,140;12,140;11,140;10,140;9,140;8,140;8,141;7,141;7,142;6,142;6,143;6,144;5,144;5,145;5,146;4,146;4,147;4,148;4,149;3,149;3,150;3,151;2,151;2,152;2,153;2,154;2,155;2,156;2,157;2,158;1,159;1,160;1,161;1,162;1,163;1,165;1,166;1,167;1,168;1,169;1,170;2,171;2,172;3,173;3,174;4,174;4,175;5,176;6,177;6,178;7,179;7,180;8,180;8,181;9,181;9,182;10,183;11,184;12,185;13,186;14,186;15,186;16,187;18,187;20,187;22,187;25,187;
Artery, ICG; POLYGON; 34, 177, 76; 140,87;139,87;138,87;137,87;136,87;135,87;134,87;133,87;132,87;131,87;130,87;129,88;128,88;127,88;126,88;125,88;125,89;124,89;123,89;122,89;121,89;120,89;120,88;121,88;121,87;122,87;122,86;123,86;124,85;125,84;126,83;127,83;128,82;128,81;129,81;130,80;131,79;132,79;133,78;134,77;135,77;136,76;138,75;139,74;141,74;141,73;143,73;144,73;145,72;146,72;147,72;148,72;149,72;150,72;151,72;153,72;154,72;155,72;156,72;157,72;158,72;160,71;161,71;162,71;163,70;164,70;165,69;166,69;167,68;168,67;169,66;170,66;171,65;172,64;173,63;174,62;175,62;176,61;177,60;178,60;178,59;179,59;180,59;181,59;182,59;183,59;184,59;185,59;186,59;188,59;189,58;190,58;192,58;194,57;195,56;197,56;199,55;200,55;202,54;203,54;205,53;206,53;207,53;208,53;209,53;210,53;211,52;212,52;213,52;214,52;215,52;216,51;217,50;218,50;219,49;220,48;221,48;221,47;222,46;223,46;223,45;223,44;224,44;224,43;225,43;225,42;225,41;226,41;226,40;226,39;226,38;226,37;226,36;226,35;226,34;226,33;226,32;225,32;225,31;225,30;224,29;224,28;223,27;223,26;223,25;222,24;222,23;221,22;221,21;220,21;220,19;219,18;218,17;218,16;217,16;217,15;216,14;216,13;216,12;216,11;217,11;218,11;218,10;220,10;221,9;222,8;223,8;225,8;226,7;227,7;230,6;231,6;233,6;235,5;237,5;238,5;240,5;242,5;244,4;246,4;248,4;249,4;251,4;253,4;254,4;255,4;256,4;258,4;259,4;260,4;261,5;262,5;263,5;264,5;265,5;266,6;267,6;268,6;269,6;270,6;272,6;273,6;274,6;275,6;276,6;277,6;279,6;280,6;281,6;282,6;284,6;285,6;286,6;288,6;289,6;291,6;292,6;294,5;296,5;297,5;299,5;301,5;303,4;304,4;306,4;308,3;310,3;312,3;313,3;316,3;317,3;319,3;320,3;322,3;323,3;325,3;328,3;329,3;330,3;331,3;332,3;334,3;335,3;336,4;337,4;338,4;339,4;340,4;341,4;342,4;343,4;344,4;345,4;345,5;345,6;345,7;345,8;345,9;345,10;345,11;344,12;344,13;343,14;343,15;343,16;342,16;341,17;341,18;340,19;339,20;338,21;337,21;336,22;335,23;333,24;332,25;331,26;330,26;328,27;327,28;325,28;324,29;322,29;321,30;319,30;317,30;315,31;312,32;310,32;308,32;305,33;303,34;301,35;299,35;297,36;295,37;293,37;291,38;290,39;288,39;288,40;287,40;286,40;285,41;284,41;283,41;282,42;281,42;280,42;279,42;278,43;277,43;276,44;272,45;271,46;269,46;268,47;267,48;265,49;264,49;262,50;261,51;260,52;258,52;257,53;256,54;254,55;253,55;251,56;249,57;247,58;244,59;242,60;239,60;237,61;234,62;232,63;230,64;225,66;223,67;221,68;219,69;217,70;215,71;213,72;210,74;207,75;205,76;202,77;200,78;197,79;195,80;193,80;192,80;191,81;192,81;193,82;195,82;
Artery, ICG; POLYGON; 34, 177, 76; 149,169;150,169;150,170;151,170;152,171;152,172;153,172;153,173;154,173;154,174;154,175;155,175;155,176;155,177;155,178;155,179;155,180;156,180;156,181;156,182;156,183;156,184;156,185;156,186;156,187;157,188;157,189;157,190;157,191;158,191;158,192;159,192;159,193;159,194;160,194;160,195;161,195;161,196;161,197;162,197;162,198;162,199;162,200;162,201;163,202;163,203;163,204;163,205;163,206;163,207;163,208;163,209;163,210;163,211;163,212;163,213;163,214;163,215;163,216;162,217;162,218;162,219;161,220;161,221;161,222;160,222;160,223;160,224;160,225;160,226;160,227;160,228;160,229;160,230;159,231;159,232;159,233;159,234;159,235;159,236;158,236;158,237;158,238;158,239;158,240;157,240;157,241;157,242;157,243;157,244;156,244;156,245;156,246;156,247;155,248;155,249;155,250;154,251;154,252;153,253;153,254;153,255;152,257;152,258;152,259;151,259;151,260;151,261;150,262;150,264;150,265;149,266;149,267;149,268;149,269;149,270;149,271;149,272;149,273;148,273;147,273;147,274;146,275;145,275;145,276;144,276;143,276;142,276;141,276;140,276;139,276;138,276;137,276;136,276;135,276;134,276;134,275;133,275;133,274;132,274;132,273;131,273;130,272;129,272;129,271;128,271;128,270;127,269;126,268;126,267;125,266;124,265;123,264;122,263;122,262;121,261;120,261;120,260;120,259;119,259;119,258;118,258;118,257;117,257;117,256;116,256;116,255;115,255;114,254;113,253;112,252;111,252;111,251;110,251;109,250;108,250;108,249;107,249;107,248;106,248;105,247;104,247;104,246;103,246;102,245;101,245;101,244;100,244;99,244;98,243;97,243;96,243;95,243;94,243;93,242;92,242;91,242;90,241;89,241;88,241;87,240;86,240;85,240;84,240;83,240;82,240;82,239;81,239;80,239;79,239;78,239;77,239;76,239;75,239;75,238;74,238;73,238;72,238;71,238;70,238;69,238;68,238;67,238;66,238;65,238;64,238;63,238;62,238;61,238;60,238;59,238;58,238;57,238;56,238;55,238;54,238;53,238;52,238;51,238;50,238;49,238;48,238;48,239;47,239;46,239;45,239;44,239;43,239;42,239;41,239;40,239;39,239;38,239;37,239;36,239;35,239;34,239;33,239;32,239;31,238;30,238;29,238;28,238;27,238;27,237;26,237;25,237;24,237;24,236;23,236;22,236;21,236;20,236;20,235;19,235;18,235;17,234;16,234;15,234;14,234;13,234;12,233;11,233;10,233;9,233;8,233;7,232;6,232;5,232;4,232;3,232;2,232;1,232;0,232;0,231;-1,231;-2,231;-3,230;-4,230;-4,229;-5,229;-5,228;-5,227;-5,226;-6,226;-6,225;-6,224;-6,223;-6,222;-6,221;-6,220;-6,219;-6,218;-6,217;-6,216;-6,215;-6,214;-6,213;-6,212;-6,211;-6,210;-6,209;-5,208;-5,207;-5,206;-5,205;-5,204;-5,203;-5,202;-5,201;-5,200;-4,200;-4,199;-4,198;-4,197;-4,196;-3,195;-3,194;-3,193;-3,192;-2,192;-2,191;-2,190;-2,189;-2,188;-2,187;-2,186;-1,186;-1,185;-1,184;-1,183;-1,182;0,181;1,180;1,179;2,178;3,178;3,177;4,176;5,175;6,174;7,173;8,172;9,172;9,171;10,171;10,170;11,170;12,170;12,169;13,169;14,169;14,168;15,168;16,167;17,167;18,166;19,165;20,165;21,165;21,164;22,164;23,164;24,164;25,164;26,164;27,164;27,163;28,163;29,163;30,163;31,163;32,163;33,163;34,163;35,164;36,164;37,165;38,165;38,166;39,166;40,166;40,167;41,167;41,168;42,168;42,169;42,170;42,171;42,172;42,173;42,174;43,174;43,175;43,176;43,177;44,177;44,178;44,179;44,180;45,181;45,182;45,183;45,184;45,185;45,186;45,187;45,188;45,189;45,190;45,191;44,192;44,193;44,194;44,195;44,196;43,196;43,197;43,198;43,199;43,200;43,201;43,202;43,203;44,203;44,204;45,204;46,204;47,204;47,205;48,205;49,205;50,205;50,206;51,206;52,206;52,207;53,207;54,207;54,208;55,208;56,208;56,209;57,210;58,211;59,211;59,212;60,212;60,213;61,213;61,214;62,214;63,214;63,215;64,215;65,215;66,215;67,215;68,215;69,215;70,215;71,214;72,214;73,214;74,214;74,213;75,213;76,213;77,213;77,212;78,212;78,211;79,211;79,210;80,210;80,209;81,209;81,208;81,207;82,206;82,205;82,204;82,203;82,202;82,201;82,200;82,199;82,198;82,197;83,197;84,197;85,196;86,196;87,196;88,196;89,196;90,196;91,196;92,196;93,196;94,196;95,197;96,197;96,198;97,198;97,199;98,199;98,200;99,200;99,201;100,201;100,202;100,203;101,203;101,204;102,204;102,205;103,206;103,207;104,207;104,208;105,208;106,208;106,209;107,209;117,211;118,211;119,211;120,211;121,211;122,211;123,211;124,211;125,211;126,211;127,211;128,211;129,211;130,211;131,210;132,210;133,209;134,209;134,208;135,208;135,207;136,207;137,206;138,206;138,205;139,204;139,203;140,203;140,202;140,201;140,200;140,199;140,198;140,197;140,196;139,196;139,195;138,195;137,195;137,194;136,194;135,193;134,193;133,193;133,192;132,192;131,192;131,191;130,191;129,191;128,190;127,190;126,189;125,189;125,188;124,188;123,188;123,187;122,187;121,187;121,186;120,186;119,186;119,185;118,185;117,185;117,184;116,184;115,184;115,183;114,183;113,183;112,183;111,183;111,182;110,182;109,182;108,182;107,182;106,182;105,182;104,182;103,182;102,182;101,182;101,181;100,181;99,181;99,180;98,180;97,179;96,178;95,177;94,177;94,176;93,175;92,174;92,173;91,173;91,172;91,171;91,170;91,169;91,168;91,167;91,166;91,165;92,165;92,164;92,163;93,163;93,162;94,161;94,160;95,159;95,158;96,158;96,157;97,156;97,155;98,155;98,154;99,154;99,153;100,152;100,151;101,151;101,150;102,150;102,149;103,148;103,147;104,147;104,146;105,146;105,145;105,144;106,144;106,143;107,142;107,141;108,141;108,140;108,139;109,139;109,138;109,137;110,137;110,136;111,136;111,135;112,135;112,134;113,134;113,133;114,133;114,132;115,132;115,131;116,131;117,131;117,130;118,130;119,130;120,129;121,129;122,128;123,128;124,128;125,128;126,128;126,127;127,127;128,127;129,127;130,127;131,127;132,127;133,127;134,127;135,127;136,128;137,128;138,128;138,129;139,129;140,129;141,130;142,130;143,131;144,131;145,131;145,132;146,132;146,133;147,133;147,134;148,134;148,135;149,135;149,136;150,137;150,138;151,138;151,139;151,140;152,140;152,141;152,142;152,143;153,143;153,144;153,145;153,146;152,146;152,147;151,147;151,148;150,148;149,149;148,149;148,150;147,150;147,151;146,152;145,153;145,154;144,154;144,155;143,155;143,156;143,157;142,157;142,158;142,159;142,160;142,161;143,161;143,162;144,162;144,163;145,163;145,164;146,164;146,165;147,165;147,166;148,166;148,167;149,167;149,168;150,168;150,169;151,169;151,170;152,171;152,172;153,172;154,173;154,174;155,175;155,176;
Artery, ICG; POLYGON; 34, 177, 76; 128,206;127,207;125,207;124,208;123,208;121,209;120,209;118,210;117,210;116,211;115,211;113,212;112,213;111,214;111,215;111,216;110,217;110,218;111,219;112,219;112,220;113,220;115,221;116,221;117,221;118,222;119,222;121,222;122,222;123,222;124,223;126,223;127,223;128,223;129,223;131,223;132,222;133,222;135,221;137,219;138,218;139,217;141,215;142,213;143,212;144,210;145,208;147,205;148,202;148,199;148,198;147,198;146,197;145,198;144,199;142,203;
Artery, ICG; POLYGON; 34, 177, 76; 135,197;134,198;133,200;132,202;131,203;131,204;130,206;130,207;129,208;129,209;130,210;130,211;131,212;132,212;133,213;134,214;135,214;136,214;136,215;137,215;138,215;138,214;139,214;139,213;140,212;140,211;141,210;141,208;142,207;142,205;142,204;143,202;143,201;143,199;144,198;144,197;144,196;144,195;144,194;143,194;142,194;141,194;
Artery, ICG; POLYGON; 34, 177, 76; 114,215;113,215;112,215;111,215;111,214;110,214;109,214;108,214;107,214;107,213;106,213;105,213;105,212;104,212;104,211;103,211;103,210;102,210;101,209;100,208;99,208;99,207;98,207;98,206;97,206;96,206;95,206;94,206;93,205;92,205;92,204;91,204;91,203;91,202;91,201;91,200;91,199;92,198;92,197;93,196;93,195;93,194;94,193;94,192;94,191;95,190;95,189;95,188;96,187;96,186;97,185;97,184;98,183;98,182;99,181;99,180;100,179;100,178;100,177;101,177;101,176;101,175;101,174;101,173;102,173;102,172;102,171;102,170;102,169;102,168;102,167;102,166;102,165;102,164;102,163;101,163;101,162;100,161;100,160;99,160;99,159;98,159;97,159;97,158;96,158;95,158;94,158;93,158;92,158;91,158;90,158;89,158;88,158;87,159;86,159;85,160;84,160;83,161;82,161;81,162;80,162;79,163;78,163;77,163;76,163;76,164;75,164;74,164;73,164;72,164;72,163;71,163;70,163;69,163;68,163;67,164;67,165;66,165;65,166;65,167;64,167;64,168;64,169;63,169;63,170;63,171;62,172;62,173;62,174;62,175;62,176;62,177;63,177;64,178;65,178;65,179;66,179;67,179;67,180;68,180;69,180;70,181;71,181;72,181;73,182;74,182;75,182;76,182;77,182;79,182;80,182;81,183;82,183;83,183;84,183;84,184;84,185;85,185;85,186;85,187;85,188;85,189;85,190;85,191;85,192;85,193;85,194;85,195;85,196;85,197;84,197;83,198;82,198;81,199;80,199;79,199;78,199;77,200;76,200;71,200;70,201;69,201;67,201;66,201;65,201;65,202;64,202;63,203;62,204;62,205;61,206;60,207;60,208;60,209;59,210;59,211;59,212;59,213;58,213;58,214;58,215;58,216;58,217;57,218;57,219;57,220;57,221;57,222;58,222;59,222;59,223;60,223;61,223;62,224;63,224;64,224;65,224;66,224;67,224;68,224;70,224;71,224;73,224;74,223;78,222;80,221;82,221;83,220;85,219;87,219;88,218;89,218;90,217;91,217;92,217;93,216;94,216;95,216;96,216;97,216;98,216;99,216;100,217;100,218;101,219;102,220;
Artery, ICG; POLYGON; 34, 177, 76; 79,206;78,205;78,204;78,203;78,202;78,201;78,200;78,199;78,198;78,197;78,196;78,195;77,194;77,193;77,192;77,191;77,190;77,189;76,188;76,187;76,186;76,185;75,185;75,184;75,183;75,182;75,181;75,180;75,179;75,178;75,177;75,176;75,175;75,174;75,173;75,172;75,171;76,171;77,171;78,171;79,171;80,171;81,171;82,171;83,172;84,172;85,173;86,174;87,174;87,175;87,176;88,177;88,178;89,179;89,180;90,181;90,182;90,183;91,184;91,185;91,186;91,187;92,188;92,189;92,190;93,191;93,192;93,193;93,194;93,195;93,196;93,197;93,198;93,199;92,200;92,201;92,202;91,203;91,206;91,207;91,209;91,210;
Artery, ICG; POLYGON; 34, 177, 76; 940,211;941,210;941,209;942,208;942,207;943,207;943,206;944,205;944,204;945,204;945,203;945,202;945,201;946,201;946,200;946,199;946,198;946,197;946,196;947,195;947,194;947,193;947,192;947,191;947,190;947,189;948,188;948,187;948,186;948,185;948,183;949,183;949,182;949,181;949,180;949,179;949,178;949,177;949,176;949,175;949,174;949,172;949,171;949,170;949,169;949,167;949,166;949,165;949,164;949,163;949,162;949,161;949,160;949,159;948,159;948,158;947,158;947,157;946,156;946,155;946,154;945,154;945,153;944,152;944,151;943,151;943,150;942,149;941,148;940,147;940,146;939,146;939,145;938,144;937,143;937,142;936,141;935,140;935,139;934,138;933,137;932,136;931,135;931,134;930,133;930,132;929,132;929,131;928,130;928,129;927,129;927,128;927,127;926,127;926,126;925,126;925,125;924,125;923,124;922,124;922,123;921,123;921,122;920,122;920,121;919,121;919,120;918,119;918,118;917,117;917,116;916,116;916,115;915,114;914,113;913,113;913,112;912,112;912,111;911,111;911,110;910,109;910,108;909,108;909,107;909,106;909,105;909,104;909,103;909,102;909,101;909,100;909,99;909,98;909,97;909,96;909,95;909,94;909,93;909,92;909,91;910,91;911,90;912,89;913,88;914,87;915,86;916,86;917,86;918,86;919,86;920,86;921,86;922,86;923,86;924,86;925,86;926,86;927,86;927,87;928,87;929,87;929,88;930,88;931,88;932,89;933,89;933,90;934,90;935,90;935,91;936,91;937,91;938,91;939,91;939,92;940,92;941,92;942,92;943,92;944,93;945,93;946,93;947,93;948,93;949,93;950,93;951,93;952,93;953,93;954,93;955,94;956,94;957,94;958,94;958,95;959,95;960,95;962,95;962,96;963,96;965,96;966,96;967,96;968,96;969,96;970,96;971,96;972,96;973,96;974,96;975,96;976,96;977,96;978,95;979,95;980,95;981,95;982,94;983,94;984,94;985,93;986,93;987,93;988,93;989,92;990,92;991,91;992,91;992,90;993,90;993,89;994,89;995,88;996,88;996,87;997,87;997,86;998,86;998,85;998,84;998,83;999,82;999,81;999,80;999,79;999,78;999,77;999,76;999,74;999,73;998,72;998,71;998,70;997,68;996,67;995,66;994,65;993,64;992,63;991,62;989,61;988,60;987,59;985,58;984,57;983,56;981,55;980,54;979,54;978,53;977,52;976,52;975,51;974,50;973,50;973,49;972,49;972,48;971,48;970,47;970,46;969,46;968,46;968,45;967,45;967,44;966,44;965,43;964,42;963,41;962,41;961,40;960,40;959,39;958,39;958,38;957,38;956,37;956,36;955,35;954,34;953,33;952,32;951,31;950,31;950,30;949,29;948,28;947,27;947,26;946,25;945,25;945,24;944,24;944,23;943,23;943,22;942,22;942,21;941,21;941,20;940,20;940,19;939,19;938,18;937,17;936,17;935,16;934,16;933,16;932,15;931,15;930,15;929,15;929,14;928,14;927,14;926,14;925,14;924,14;923,14;922,14;921,14;920,14;919,14;918,15;917,15;916,15;915,15;914,15;913,14;912,14;911,14;910,14;909,13;908,13;907,13;906,13;906,12;905,12;904,12;903,11;902,11;901,11;900,11;899,11;898,11;897,11;896,11;895,11;894,11;893,11;892,11;891,11;890,11;889,11;888,11;887,11;886,11;885,11;884,11;884,12;883,12;882,12;881,12;880,12;879,12;878,12;877,12;876,12;876,13;875,13;874,13;873,13;873,14;872,14;871,14;870,15;869,15;868,16;867,16;867,17;866,17;865,18;864,19;863,20;862,21;862,22;861,22;861,23;860,23;860,24;859,25;858,26;858,27;857,27;857,28;856,28;856,29;855,29;855,30;854,30;854,31;853,31;853,32;852,32;852,33;851,33;851,34;850,34;850,35;849,35;849,36;848,36;848,37;847,38;846,38;845,39;845,40;844,40;844,41;843,41;843,42;842,42;842,43;841,43;841,44;840,45;840,46;839,46;839,47;838,47;838,48;838,49;837,49;837,50;836,50;836,51;835,52;835,53;834,53;834,54;834,55;833,56;833,57;833,58;832,58;832,59;832,60;831,61;831,62;831,63;831,64;830,64;830,65;830,66;829,67;829,68;829,69;829,70;829,71;829,72;829,73;829,74;829,75;829,76;829,77;829,78;829,79;829,80;829,81;829,82;829,83;829,84;829,85;829,86;829,87;830,87;830,88;830,89;830,90;830,91;831,91;831,92;831,93;831,94;831,95;832,96;832,97;832,98;832,99;832,100;832,101;832,102;833,103;833,104;833,105;833,106;834,107;834,108;834,109;835,110;836,111;836,112;837,112;837,113;838,114;838,115;839,115;839,116;840,117;840,118;841,118;841,119;841,120;842,120;842,121;843,122;843,123;844,123;844,124;845,125;846,126;846,127;847,127;847,128;848,128;849,129;849,130;850,130;850,131;851,131;852,132;853,132;853,133;854,133;854,134;855,134;855,135;856,135;856,136;857,136;857,137;858,137;858,138;859,138;859,139;860,139;860,140;861,140;861,141;862,141;862,142;863,142;863,143;864,143;864,144;865,144;865,145;865,146;866,146;866,147;866,148;866,149;867,149;867,150;867,151;867,152;867,153;867,154;867,155;867,156;867,157;867,158;867,159;867,160;867,161;867,162;867,163;867,164;867,165;867,166;867,167;867,168;867,169;867,170;866,170;866,171;866,172;865,172;865,173;864,173;864,174;863,174;863,175;862,176;862,177;861,177;861,178;860,178;860,179;860,180;859,180;859,181;858,182;858,183;857,183;857,184;856,185;856,186;855,187;855,188;854,188;854,189;854,190;853,191;853,192;853,193;852,193;852,194;852,195;851,195;851,196;851,197;850,197;849,197;849,198;848,198;848,199;847,199;846,200;845,200;844,201;843,201;842,202;841,202;840,203;839,203;838,204;837,204;836,204;835,204;834,204;834,205;833,205;832,205;831,205;830,205;829,205;828,205;827,206;826,206;825,206;824,206;823,206;822,206;821,206;820,206;819,206;818,206;817,206;816,206;816,207;815,207;814,207;813,207;812,207;811,208;810,208;809,208;808,208;807,208;806,208;805,209;804,209;803,209;802,209;801,209;800,209;799,210;798,210;797,211;795,211;794,211;793,212;792,212;791,212;791,213;790,213;789,213;788,213;788,214;787,214;786,214;785,214;784,214;783,215;782,215;781,216;780,216;779,216;779,217;778,217;777,217;776,217;776,218;775,218;774,218;773,219;772,219;771,219;770,220;769,220;768,221;767,222;766,222;765,222;765,223;764,223;763,223;762,223;762,224;761,224;760,224;759,225;758,225;757,226;756,226;755,227;754,227;753,228;752,228;752,229;751,229;750,229;750,230;749,230;748,231;747,231;747,232;746,232;745,233;744,234;743,235;742,235;742,236;741,236;741,237;740,237;740,238;739,238;738,238;738,239;737,239;736,239;736,240;735,240;734,240;733,240;732,241;731,241;730,242;729,242;728,242;727,243;726,243;725,243;724,243;724,244;723,244;722,244;721,244;720,244;719,244;718,244;717,244;716,244;715,244;714,244;713,244;712,244;711,244;710,244;709,244;709,245;708,245;707,245;706,245;706,246;705,246;704,246;703,246;703,247;702,247;701,247;700,247;699,247;698,248;697,248;696,248;696,249;695,249;694,249;693,249;693,250;692,250;691,251;690,251;689,251;689,252;688,252;687,252;686,253;685,253;684,254;683,254;682,255;681,255;680,256;679,256;678,256;677,256;677,257;676,257;675,257;674,257;673,257;672,257;671,258;670,258;669,258;668,258;667,258;666,259;665,259;664,259;663,259;662,259;661,260;660,260;659,260;658,261;657,261;656,261;655,261;654,262;653,262;652,262;651,263;650,263;649,263;648,264;647,264;646,264;645,264;644,265;643,265;642,265;641,265;640,265;639,266;638,266;637,266;636,266;635,266;633,267;632,267;631,267;629,267;628,267;627,267;626,268;625,268;624,268;623,268;622,268;621,269;620,269;619,269;618,269;617,269;616,269;615,269;614,270;613,270;611,270;610,270;609,271;608,271;607,272;606,272;605,272;604,273;603,273;601,274;600,274;599,274;598,275;597,275;596,275;595,276;594,276;593,276;592,276;591,277;590,277;589,277;588,277;587,277;586,278;585,278;584,278;583,278;583,279;582,279;581,279;580,279;580,280;579,280;578,280;577,280;576,280;575,280;575,281;574,281;573,281;572,281;571,281;570,281;569,281;568,281;567,281;566,281;565,281;564,281;563,281;562,281;561,281;561,282;560,282;559,282;558,282;558,283;557,283;556,284;555,284;555,285;554,285;553,286;552,286;552,287;551,287;550,288;550,289;549,289;548,290;548,291;547,291;547,292;547,293;546,293;546,294;546,295;545,295;545,296;545,297;545,298;545,299;545,300;545,301;545,302;545,303;545,304;545,305;545,306;545,307;545,308;545,309;546,309;547,310;548,310;549,310;549,311;550,311;551,311;552,311;553,311;554,311;555,311;556,311;557,311;558,311;559,311;560,311;561,311;562,311;563,311;564,311;565,311;566,311;567,311;568,311;569,311;570,311;571,311;572,311;573,311;574,311;575,311;576,311;577,311;578,311;579,311;580,311;581,310;582,310;583,310;584,309;585,309;586,309;586,308;587,308;588,308;588,307;589,307;589,306;590,306;591,306;592,305;593,305;594,305;595,304;596,304;597,304;598,304;598,303;599,303;600,303;601,303;602,303;603,302;604,302;605,302;606,302;607,302;608,302;609,302;610,302;611,302;612,301;613,301;614,301;615,301;616,301;617,301;618,301;619,301;620,301;621,301;622,301;623,301;624,301;625,301;626,301;627,301;629,300;631,300;632,300;633,299;634,299;635,299;637,298;638,298;640,298;641,298;642,298;643,298;644,298;645,298;645,299;646,299;647,299;647,300;648,300;649,301;650,301;651,302;651,303;652,303;653,304;654,304;654,305;655,305;656,306;657,306;657,307;658,307;659,307;660,308;661,308;662,308;663,309;664,309;665,309;665,310;666,310;667,310;668,310;668,311;669,311;670,311;670,312;671,312;672,312;672,313;673,313;674,313;675,314;676,314;677,314;678,314;678,315;679,315;680,315;681,316;682,316;683,316;684,317;685,317;686,318;687,318;687,319;688,319;689,320;690,320;691,321;692,321;693,322;694,322;695,322;695,323;696,323;697,323;698,324;699,324;700,324;700,325;701,325;702,325;703,325;704,325;704,326;705,326;706,326;707,326;708,326;709,326;710,326;711,326;712,326;713,326;714,326;715,326;716,326;717,326;718,326;719,326;720,326;721,326;722,326;723,326;724,326;725,326;726,326;727,326;728,326;729,326;730,326;731,326;732,326;733,326;734,326;735,326;736,326;737,326;738,326;739,326;740,326;741,326;742,326;743,326;744,326;745,326;746,326;747,326;748,326;749,325;750,325;751,325;751,324;752,324;753,324;753,323;754,323;755,323;756,322;757,322;758,321;759,321;760,321;761,320;763,320;764,320;765,319;766,319;767,318;769,317;772,316;772,315;774,315;774,314;775,314;776,313;777,313;778,313;778,312;779,312;780,311;781,310;781,309;782,309;782,308;782,307;783,307;783,306;784,306;785,305;786,304;787,303;788,302;788,301;789,301;790,301;790,300;791,300;792,300;793,299;794,299;795,299;795,298;796,298;797,298;798,298;799,298;800,298;801,298;802,298;802,297;803,297;803,296;804,296;805,295;806,295;806,294;807,294;808,294;808,293;809,293;810,292;811,292;811,291;812,291;812,290;813,290;813,289;814,289;814,288;815,288;815,287;816,287;816,286;817,286;817,285;818,285;818,284;819,284;820,284;820,283;821,283;822,282;823,282;824,282;825,281;826,281;827,281;827,280;828,280;829,280;829,279;830,279;831,279;832,278;833,278;834,278;836,277;837,276;838,275;840,275;842,274;843,273;845,272;846,271;847,270;848,269;849,269;849,268;850,267;851,266;851,265;852,265;852,264;853,264;853,263;854,262;854,261;855,261;855,260;856,260;856,259;857,259;858,259;859,259;859,258;860,258;861,258;861,257;862,257;863,256;864,256;864,255;865,255;866,255;866,254;867,254;868,254;869,253;870,252;871,251;873,250;874,250;875,249;876,248;877,248;878,247;880,246;881,246;882,245;884,244;885,244;886,243;887,243;888,242;889,242;890,242;890,241;891,241;892,241;893,241;893,240;894,240;895,240;896,240;897,240;898,240;899,240;900,240;901,240;902,240;903,240;904,240;905,240;906,240;907,240;908,240;909,240;910,239;911,239;911,238;912,238;913,238;913,237;914,237;915,237;915,236;916,236;917,235;918,235;919,234;920,234;921,233;922,233;922,232;923,232;924,232;925,232;925,231;926,231;926,230;927,230;927,229;928,229;928,228;929,228;929,227;930,227;930,226;929,226;928,225;927,225;927,224;926,224;925,224;924,224;923,223;922,223;921,223;920,223;919,223;917,222;916,222;915,222;914,222;913,222;911,222;910,221;908,221;907,221;906,221;904,221;903,221;902,221;901,221;900,221;898,221;897,221;896,222;895,222;894,222;893,222;892,223;891,223;890,223;888,224;886,224;885,225;884,225;883,225;882,225;881,225;880,226;879,226;878,226;877,226;876,226;875,227;874,227;873,227;872,228;870,229;868,229;867,230;865,231;864,231;863,231;861,232;861,233;860,233;859,233;858,234;857,234;857,235;856,235;856,236;855,236;855,237;854,237;854,238;854,239;853,239;853,240;853,241;853,242;853,243;853,244;853,245;853,246;853,247;852,247;852,248;852,249;852,250;851,250;851,251;850,251;849,252;848,252;847,252;847,253;846,253;845,253;845,254;844,254;843,254;843,255;842,255;841,255;840,256;839,256;838,256;838,257;837,257;836,257;835,258;834,258;833,259;832,259;831,259;830,260;829,260;828,261;827,261;826,261;825,261;824,261;823,261;822,261;821,261;820,261;819,261;818,261;817,260;816,260;815,260;814,260;813,260;812,260;811,260;810,260;809,260;808,260;807,260;807,261;806,261;805,261;804,261;803,261;802,261;801,261;800,261;799,261;798,261;797,261;796,261;795,261;794,261;793,260;792,260;791,259;790,259;789,258;788,258;787,258;787,257;786,257;785,257;784,256;783,256;782,256;782,255;781,255;780,255;780,254;779,254;779,253;779,252;780,251;781,250;781,249;782,249;782,248;783,248;783,247;784,246;785,245;786,245;786,244;787,244;787,243;788,243;788,242;789,242;790,242;790,241;791,241;791,240;792,240;793,239;794,239;795,239;795,238;796,238;797,237;798,237;799,237;800,237;801,237;801,236;802,236;803,236;804,236;805,236;806,236;807,236;808,236;809,236;810,236;810,235;811,235;812,235;813,235;814,235;815,235;816,234;817,234;818,234;819,234;820,233;822,232;823,232;824,231;825,231;826,231;827,230;828,230;829,230;830,230;831,230;832,230;833,230;833,229;834,229;835,229;836,229;837,228;838,228;839,228;840,228;841,228;842,228;843,228;844,228;845,228;845,227;846,227;847,227;848,226;849,226;849,225;850,225;851,224;851,223;852,223;852,222;853,221;854,220;854,219;855,219;855,218;856,218;856,217;857,217;858,217;858,216;859,216;859,215;860,215;861,215;861,214;862,214;863,214;864,213;865,213;866,213;866,212;867,212;868,212;869,212;869,211;870,211;871,211;872,210;873,210;874,210;874,209;875,209;876,209;876,208;877,208;878,208;878,207;879,207;880,207;881,207;881,206;882,206;883,206;883,205;884,205;885,205;885,204;886,204;887,203;888,203;888,202;889,202;889,201;890,201;890,200;891,200;891,199;892,199;892,198;892,197;892,196;892,195;892,194;892,193;892,192;892,191;892,190;892,189;891,189;891,188;891,187;891,186;891,185;891,184;892,184;892,183;892,182;893,182;893,181;893,180;894,180;894,179;895,178;895,177;896,177;896,176;896,175;897,175;897,174;897,173;898,173;898,172;899,172;899,171;900,171;900,170;901,170;901,169;902,169;902,168;903,167;904,166;904,165;905,165;905,164;906,164;906,163;907,163;907,162;908,162;908,161;909,161;909,160;910,160;911,160;911,159;912,159;913,158;914,158;915,158;916,157;917,157;918,157;918,158;919,158;920,158;920,159;921,159;921,160;922,160;922,161;923,161;923,162;924,162;924,163;925,163;925,164;926,165;926,166;926,167;927,167;927,168;927,169;927,170;928,170;928,171;928,172;928,173;928,174;928,175;927,175;927,176;927,177;926,177;926,178;926,179;925,179;925,180;925,181;924,181;924,182;923,183;923,184;923,185;922,185;922,186;922,187;921,187;921,188;921,189;921,190;920,190;920,191;920,192;920,193;920,194;920,195;920,196;920,197;920,198;920,199;920,200;920,201;921,201;922,202;923,202;923,203;924,203;925,203;925,204;926,204;927,205;928,205;929,205;929,206;930,206;931,206;932,206;933,206;934,206;935,206;935,207;936,207;937,208;938,208;938,209;939,209;939,210;
Artery, ICG; POLYGON; 34, 177, 76; 854,240;853,240;853,239;852,239;851,239;851,238;850,238;849,238;848,238;848,237;847,237;846,237;845,237;845,236;844,236;843,236;842,236;841,236;841,235;840,235;840,234;839,234;838,234;838,233;837,232;837,231;837,230;836,230;836,229;836,228;836,227;836,226;836,225;836,224;837,224;837,223;838,223;838,222;839,221;840,220;840,219;841,219;842,218;842,217;843,217;844,216;845,215;846,214;846,213;847,213;847,212;848,212;849,211;850,210;851,210;852,209;853,209;854,209;854,208;855,208;856,208;857,207;858,207;859,207;859,206;860,206;861,206;861,205;862,205;863,204;864,204;864,203;865,203;865,202;866,202;866,201;867,200;868,199;869,199;869,198;870,198;870,197;871,197;872,196;873,195;874,194;875,193;876,192;877,192;877,191;878,191;879,191;879,190;880,190;881,190;881,189;882,189;883,189;883,188;884,188;885,188;886,188;887,187;888,187;889,186;890,186;891,186;892,186;892,185;893,185;894,185;895,185;896,185;897,185;898,185;899,185;900,185;901,186;902,186;903,186;904,186;905,186;906,186;907,187;908,187;909,187;910,187;911,187;912,187;913,187;914,187;915,187;916,187;917,186;918,186;919,186;920,186;921,186;922,186;923,186;924,186;925,186;926,186;927,186;927,187;928,187;929,188;930,188;930,189;931,189;931,190;932,191;932,192;932,193;932,194;932,195;932,196;932,197;932,198;932,199;932,200;932,201;932,202;932,203;932,204;932,205;932,206;932,207;932,208;932,209;932,210;932,211;932,212;932,213;932,214;932,215;931,215;931,216;931,217;930,218;930,219;929,219;929,220;928,220;928,221;927,222;927,223;926,223;926,224;925,224;925,225;924,225;924,226;923,226;923,227;923,228;923,229;
Artery, ICG; POLYGON; 34, 177, 76; 943,206;943,207;943,208;943,209;943,210;943,211;943,212;943,213;942,213;942,214;942,215;941,216;941,217;940,217;940,218;939,219;939,220;938,221;938,222;937,223;936,224;936,225;935,225;935,226;935,227;934,227;934,228;933,229;932,230;931,231;931,232;930,232;930,233;929,233;928,234;927,234;926,234;926,235;925,235;924,235;924,236;923,236;922,236;921,236;920,236;919,236;919,235;918,235;917,235;917,234;916,234;915,234;914,233;913,233;912,232;911,232;910,231;909,231;908,231;908,230;907,230;906,230;906,229;905,229;905,228;905,227;905,226;906,225;907,224;908,223;909,222;913,219;915,218;917,216;920,215;923,213;925,212;
Artery, ICG; POLYGON; 34, 177, 76; 750,314;750,315;749,317;749,318;749,319;748,320;748,321;747,322;747,323;746,324;746,325;745,325;745,326;744,327;744,328;743,329;743,330;742,331;742,332;741,332;741,333;741,334;740,334;740,335;739,335;738,335;737,335;737,336;736,336;735,336;734,337;733,337;732,337;731,338;730,338;729,338;728,338;727,339;726,339;725,339;724,339;723,340;722,340;721,340;720,340;718,341;716,341;715,341;714,342;713,342;712,342;710,343;709,343;708,343;707,343;706,344;705,344;703,344;702,345;701,345;700,345;699,346;697,346;696,346;695,347;694,347;692,347;691,348;690,348;689,349;688,349;687,349;686,350;685,350;684,350;683,350;683,351;682,351;680,351;679,351;678,352;677,352;676,352;675,353;674,353;673,353;672,353;671,354;670,354;669,354;668,354;667,354;666,355;665,355;664,355;663,355;662,355;661,355;660,355;659,355;658,355;657,355;656,355;655,355;654,355;653,356;652,356;651,356;650,356;649,356;648,356;647,357;646,357;645,357;644,357;643,358;642,358;641,358;640,358;639,358;638,358;638,359;637,359;636,359;635,359;634,359;633,359;632,359;631,360;630,360;629,361;628,361;627,361;625,362;624,362;623,362;622,362;621,362;620,362;619,362;617,363;616,363;615,363;614,363;613,364;612,364;611,364;610,364;609,365;608,365;607,365;606,365;605,365;604,365;603,365;602,365;601,365;600,366;598,366;597,366;596,366;594,366;593,366;592,366;591,367;589,367;588,367;587,367;586,367;585,367;584,367;583,368;582,368;581,368;580,368;579,368;578,368;577,368;576,368;576,369;575,369;574,369;573,369;572,369;571,369;570,369;569,370;568,370;567,370;566,370;565,370;564,370;563,370;562,370;561,370;560,370;559,370;558,370;557,370;556,370;555,370;554,370;553,370;552,371;551,371;550,371;549,371;548,371;547,372;546,372;545,372;544,372;543,372;542,372;541,372;541,373;540,373;539,373;538,373;537,373;536,373;536,374;535,374;534,374;533,374;532,374;532,375;531,375;530,375;529,375;528,375;527,375;526,375;525,375;524,375;523,375;522,375;521,375;520,375;519,375;518,375;517,375;516,375;515,375;515,376;514,376;513,376;512,376;511,377;510,377;509,377;508,377;508,378;507,378;506,378;505,378;504,379;503,379;502,379;501,379;500,379;499,379;498,379;497,379;497,380;496,380;495,380;494,380;493,380;492,380;491,380;490,380;490,381;489,381;488,381;487,381;486,381;485,381;484,381;483,381;482,381;481,381;480,381;479,381;478,381;477,380;476,380;475,380;474,379;473,379;472,379;471,379;471,378;470,378;469,378;468,377;467,377;467,376;466,376;466,375;466,374;465,373;465,372;465,371;465,370;465,369;465,368;465,367;465,366;465,365;465,364;466,363;466,362;467,362;467,361;468,360;469,359;470,359;470,358;471,358;472,357;473,357;474,356;475,356;476,355;477,355;478,355;478,354;479,354;480,354;481,354;482,354;483,354;484,354;485,354;486,354;487,354;488,354;489,354;490,353;491,353;492,353;493,353;494,353;495,353;496,353;497,353;498,353;498,352;499,352;500,352;501,352;502,351;503,351;504,351;504,350;505,350;506,349;507,349;508,349;509,348;510,348;510,347;511,347;512,347;513,347;513,346;514,346;515,346;515,345;516,345;517,345;517,344;518,344;519,344;519,343;520,343;520,342;521,342;521,341;522,341;522,340;523,339;523,338;524,338;524,337;525,337;525,336;525,335;526,335;526,334;526,333;527,333;527,332;527,331;528,331;528,330;529,329;529,328;529,327;530,327;530,326;531,325;531,324;532,324;532,323;533,322;534,321;534,320;535,320;536,319;537,318;538,317;539,316;540,315;541,314;542,314;542,313;543,313;544,312;545,311;546,310;547,310;548,309;550,308;551,308;551,307;552,306;553,306;554,305;555,304;556,304;556,303;557,303;558,302;559,302;560,301;561,301;562,301;562,300;564,300;565,299;566,299;567,298;568,298;570,297;571,297;572,296;573,296;574,296;574,295;575,295;576,295;577,295;578,295;579,295;580,295;581,295;582,295;582,294;583,294;584,294;585,294;586,294;587,294;588,294;589,294;589,295;590,295;591,295;592,296;593,296;594,296;594,297;595,297;596,297;596,298;597,298;597,299;598,299;598,300;599,300;599,301;600,301;600,302;601,302;601,303;602,304;602,305;603,306;603,307;603,308;603,309;603,311;602,312;602,313;601,314;600,315;600,316;599,317;598,318;598,319;597,319;597,320;597,321;596,321;596,322;596,323;595,323;595,324;594,325;594,326;593,326;593,327;592,328;591,329;591,330;590,331;590,332;590,333;590,334;591,334;592,335;593,335;594,335;595,335;596,335;596,336;597,336;598,336;599,336;600,336;601,336;602,336;603,336;604,336;605,336;606,336;607,336;608,336;609,336;611,335;612,335;613,335;615,334;616,334;617,334;619,334;620,333;621,333;622,333;623,333;624,333;625,333;626,333;627,333;628,333;629,333;630,333;631,332;632,332;633,332;633,331;634,331;635,331;636,331;636,330;637,330;638,330;639,329;640,329;640,328;641,328;642,328;642,327;643,327;643,326;644,326;644,325;645,324;645,323;645,322;645,321;645,320;645,319;645,318;646,318;646,317;646,316;646,315;646,314;647,314;647,313;647,312;648,311;648,310;648,309;649,309;649,308;650,307;650,306;651,306;652,305;653,304;654,304;655,304;656,303;657,303;658,303;659,302;660,302;661,302;663,301;664,301;666,301;667,300;668,300;669,300;671,300;672,299;673,299;675,299;676,298;677,298;679,298;681,297;683,297;684,296;686,296;687,295;689,295;691,295;692,294;694,294;695,294;696,294;698,294;699,294;701,293;702,293;703,293;704,293;705,293;706,293;707,293;708,293;709,293;711,293;712,293;713,293;714,293;715,293;717,293;718,293;719,293;721,293;722,293;723,293;724,293;725,293;726,293;727,293;728,293;729,293;730,293;732,293;733,293;734,294;735,294;736,294;737,294;739,295;740,295;741,296;742,296;742,297;743,297;744,298;745,299;746,299;747,300;748,301;749,302;750,302;751,303;752,304;753,305;754,306;755,307;756,308;757,309;758,310;759,311;
Artery, ICG; POLYGON; 34, 177, 76; 618,335;617,334;616,334;615,333;614,333;613,332;612,332;612,331;611,331;610,330;609,330;608,329;607,328;606,328;605,327;604,327;603,327;602,326;601,326;600,326;599,326;598,325;597,325;596,324;595,324;594,324;594,323;593,323;592,323;590,322;589,322;588,322;587,322;586,322;585,322;584,322;583,322;583,323;582,323;581,324;580,325;580,326;579,327;579,328;579,329;579,330;579,331;579,332;579,334;579,335;580,336;581,337;582,339;583,340;584,341;586,342;588,343;590,344;592,345;594,346;597,347;600,348;602,349;605,350;608,351;612,352;618,355;621,357;
Artery, ICG; POLYGON; 34, 177, 76; 268,147;269,148;270,149;271,150;271,151;272,152;272,153;273,153;273,154;273,155;274,155;274,156;275,157;275,158;276,158;276,159;276,160;276,161;277,161;277,162;277,163;277,164;277,165;277,166;277,167;277,168;277,169;277,170;277,171;277,172;277,173;277,174;277,175;277,176;277,177;277,178;277,179;277,180;278,180;278,181;278,182;279,182;280,182;281,182;282,182;283,182;284,181;285,181;287,181;288,180;289,180;290,180;291,179;292,179;294,178;295,178;296,178;297,178;299,177;300,177;301,177;302,177;304,176;305,176;306,176;307,176;308,176;309,176;310,176;311,176;312,176;313,176;313,177;314,177;315,177;316,177;317,177;318,177;318,178;319,178;320,178;321,178;322,179;323,179;324,179;325,179;326,179;327,180;328,180;329,180;330,180;331,181;332,181;333,181;333,182;334,182;335,182;335,183;336,183;337,183;337,184;338,184;339,184;340,185;341,185;342,186;343,186;343,187;344,187;345,187;346,188;347,188;348,189;349,189;350,190;351,190;352,191;353,192;354,192;355,193;356,193;357,194;358,194;359,194;360,195;361,195;362,196;363,196;363,197;364,197;365,197;365,198;366,198;367,198;367,199;368,199;368,200;369,200;370,200;370,201;371,201;372,201;373,201;373,202;374,202;375,203;376,203;376,204;377,204;378,204;378,205;379,205;380,206;381,206;382,207;383,207;383,208;384,208;384,209;385,209;386,209;386,210;387,210;388,211;389,211;389,212;390,212;391,212;392,212;393,213;394,213;395,213;396,213;396,214;397,214;398,214;398,215;399,215;400,215;400,216;401,216;402,216;402,217;403,217;404,218;405,219;406,219;406,220;407,220;407,221;408,221;408,222;409,222;409,223;410,223;410,224;411,225;411,226;412,226;412,227;413,228;413,229;414,230;414,231;415,231;415,232;415,233;416,233;416,234;416,235;417,235;417,236;417,237;418,237;418,238;418,239;419,240;419,241;420,241;420,242;420,243;421,243;421,244;421,245;422,245;422,246;423,247;423,248;423,249;424,249;424,250;424,251;425,251;425,252;425,253;426,253;426,254;426,255;426,256;427,256;427,257;427,258;427,259;428,259;428,260;428,261;428,262;429,262;429,263;429,264;429,265;429,266;430,266;430,267;430,268;430,269;431,270;431,271;431,272;431,273;431,274;431,275;432,275;432,276;432,277;432,278;432,279;432,280;432,281;432,282;432,283;432,284;433,284;433,285;433,286;433,287;433,288;433,289;433,290;433,291;433,292;433,293;433,294;433,295;433,296;433,297;433,298;433,299;432,299;432,300;432,301;432,302;432,303;431,303;431,304;431,305;430,306;430,307;429,308;429,309;428,309;428,310;427,311;426,312;425,314;424,315;423,316;422,317;421,317;421,318;420,318;419,318;418,318;417,318;416,318;415,318;414,317;412,317;412,316;410,316;409,315;408,314;407,314;406,313;405,312;404,311;403,310;402,309;401,308;400,306;399,305;398,304;397,302;396,301;395,299;394,298;393,297;392,295;391,294;391,293;390,292;389,291;389,290;388,288;388,287;388,286;387,285;387,284;386,283;386,282;386,281;385,280;385,279;384,278;384,277;384,275;383,274;383,273;382,272;382,271;381,270;381,269;380,268;379,267;378,265;377,263;376,262;376,261;375,260;374,260;374,259;373,257;372,256;371,254;370,253;369,252;369,251;368,250;367,249;366,248;366,247;365,247;365,246;364,246;363,245;362,245;362,244;361,244;360,244;360,243;359,243;359,242;358,241;358,240;357,240;357,239;356,239;356,238;355,237;355,236;354,236;354,235;353,235;353,234;352,234;352,233;351,233;351,232;350,232;349,231;348,230;347,230;346,229;345,229;344,229;343,228;342,228;341,228;340,228;339,228;338,228;337,228;336,228;335,228;334,227;333,227;331,227;330,227;329,227;327,227;326,227;325,227;324,227;322,227;321,227;320,227;320,228;319,228;318,228;317,228;316,228;315,229;314,229;313,229;313,230;312,230;311,231;310,231;310,232;309,232;308,232;308,233;307,233;307,234;306,234;305,234;305,235;305,236;304,236;304,237;304,238;303,239;303,240;303,241;302,241;302,242;302,243;302,244;302,245;302,246;302,247;302,248;302,249;303,250;303,251;304,251;304,252;305,253;305,254;306,255;306,256;307,256;307,257;307,258;308,258;308,259;308,260;308,261;309,261;309,262;309,263;309,264;309,265;309,266;309,267;309,268;309,269;309,270;308,270;308,271;308,272;307,273;307,274;306,274;306,275;305,275;305,276;304,276;304,277;303,277;302,277;302,278;301,278;300,278;299,278;299,279;298,279;297,279;296,280;295,280;294,280;293,280;292,280;291,280;290,280;289,280;288,280;287,280;286,281;285,281;284,281;283,281;282,281;281,282;280,282;278,282;277,282;276,283;275,283;274,283;273,283;272,284;271,284;270,284;269,284;268,284;267,284;266,284;265,284;264,284;263,284;262,284;261,283;260,283;260,282;259,282;258,281;257,280;256,280;255,279;255,278;254,277;253,277;253,276;252,275;252,274;251,274;251,273;250,272;250,271;249,270;249,269;249,268;248,267;248,266;248,265;247,264;247,263;246,262;246,261;246,260;245,259;245,258;245,257;245,256;245,255;245,254;245,253;245,252;245,251;245,250;245,249;245,248;245,247;245,246;245,245;245,244;245,243;245,242;245,241;245,240;245,239;245,238;245,237;245,236;245,235;245,234;245,233;245,232;245,231;245,230;245,229;245,228;245,227;245,226;245,225;245,224;245,223;245,222;245,221;245,220;245,219;245,218;245,217;245,216;245,215;245,214;245,213;244,212;244,210;244,209;244,208;244,207;244,206;244,205;244,204;244,203;244,202;244,201;244,200;245,199;245,198;245,197;245,196;245,195;246,194;246,193;246,192;247,192;247,191;248,190;248,189;248,188;249,188;249,187;249,186;250,185;250,184;250,183;250,182;250,181;251,180;251,179;251,178;251,177;251,176;251,175;251,174;251,173;251,172;251,171;251,170;251,169;251,168;251,167;251,166;251,165;251,164;251,163;251,162;251,161;251,160;251,159;252,157;252,156;252,155;253,154;253,153;253,152;254,152;254,151;255,151;255,150;256,150;256,149;257,149;258,149;258,148;259,148;260,148;260,147;261,147;263,146;264,146;265,145;266,145;267,145;268,144;269,144;270,144;271,144;272,144;273,144;274,145;275,146;
Artery, ICG; POLYGON; 34, 177, 76; 359,245;358,246;357,247;356,248;355,248;355,249;354,250;351,253;351,254;350,255;350,256;350,257;349,257;349,258;348,258;347,259;346,259;345,259;343,259;341,260;340,260;339,260;338,260;336,260;335,260;334,260;333,260;332,260;331,260;330,260;329,260;327,260;326,259;325,259;324,259;323,259;322,258;321,258;320,258;319,258;319,257;318,257;317,257;316,256;315,256;314,256;313,255;311,255;310,255;308,255;307,255;306,255;305,255;304,255;302,255;301,256;300,256;300,257;299,257;298,258;297,259;297,260;297,261;296,261;296,262;296,263;296,264;296,265;297,265;297,266;298,267;299,268;299,269;300,270;300,271;301,272;302,273;302,274;303,274;303,275;304,275;305,276;306,277;308,277;309,278;310,278;312,278;313,279;314,279;315,279;317,280;319,280;320,280;321,280;323,280;324,280;325,280;327,280;329,280;331,280;332,280;333,280;334,280;335,280;336,280;337,280;338,280;339,280;340,280;341,281;342,281;343,281;344,281;345,281;347,281;348,281;349,281;351,281;352,281;353,281;355,281;358,281;362,280;363,280;365,279;367,279;369,278;370,278;372,277;373,277;374,276;375,276;376,275;376,274;377,274;377,273;378,271;378,270;378,269;379,267;379,266;379,264;380,262;380,260;380,258;380,257;380,255;380,253;380,252;380,250;380,249;380,248;380,246;380,245;379,244;379,243;379,242;378,242;378,241;377,241;376,241;375,241;374,241;373,241;372,241;371,241;371,242;370,242;
Artery, ICG; POLYGON; 34, 177, 76; 354,250;353,250;352,251;351,251;350,252;349,252;348,252;347,253;346,253;345,253;344,254;343,254;342,254;342,255;341,255;340,255;339,255;338,256;337,256;336,256;335,256;335,257;334,257;333,257;332,257;331,257;331,258;330,258;329,258;328,259;327,259;326,260;325,260;324,261;323,261;322,262;322,263;322,264;323,265;323,266;324,267;324,268;325,268;326,269;327,269;328,269;328,270;329,270;330,270;331,270;332,270;333,270;335,270;336,270;338,270;340,270;342,270;344,270;348,268;350,267;352,267;354,266;357,265;359,264;361,263;363,262;365,261;367,260;369,258;372,257;374,256;377,255;
Artery, ICG; POLYGON; 34, 177, 76; 311,281;313,281;313,282;315,282;316,283;317,283;318,283;319,284;321,284;322,285;323,285;324,286;326,287;327,287;328,287;329,288;330,288;331,288;332,289;333,289;333,290;334,290;335,291;336,291;337,291;338,292;339,292;339,293;340,293;341,293;341,294;342,294;343,294;344,295;345,295;345,296;346,296;346,297;347,297;348,298;349,298;349,299;350,299;350,300;351,300;351,301;352,301;352,302;353,302;353,303;354,303;354,304;355,305;355,306;356,306;356,307;357,307;357,308;358,308;358,309;359,309;359,310;360,310;360,311;361,311;361,312;362,312;362,313;362,314;363,314;363,315;363,316;363,317;363,318;363,319;363,320;363,321;363,322;363,323;363,324;363,325;363,326;363,327;363,328;363,329;363,330;363,331;363,332;363,333;363,334;364,335;365,335;366,336;367,336;368,336;368,337;369,337;370,337;371,337;372,337;373,337;374,337;376,337;377,337;378,337;379,337;380,337;381,337;382,336;383,336;384,336;385,336;386,336;387,336;388,336;389,336;390,336;391,335;392,335;393,335;394,335;395,335;396,335;397,335;398,335;399,335;400,335;401,335;402,335;403,335;404,334;405,334;406,334;407,334;408,334;409,334;410,333;411,333;412,332;413,332;414,332;415,331;416,331;417,331;418,331;418,330;419,330;420,330;421,329;422,329;423,329;424,328;425,328;426,328;427,327;428,327;429,326;430,326;431,326;432,325;433,325;434,324;435,324;436,323;437,323;438,322;439,322;440,322;441,321;442,321;443,320;444,320;445,319;446,319;447,318;448,318;448,317;449,317;450,317;450,316;451,316;451,315;452,315;452,314;453,314;453,313;454,313;454,312;455,312;455,311;456,311;456,310;457,309;458,309;459,308;460,308;460,307;461,307;462,306;463,306;463,305;464,305;464,304;465,304;465,303;466,303;466,302;467,302;467,301;468,301;468,300;469,300;469,299;469,298;469,297;469,296;469,295;469,294;469,293;469,292;468,291;468,290;468,289;467,289;467,288;466,287;466,286;465,286;465,285;464,284;463,283;462,282;461,281;460,281;460,280;459,280;458,279;457,278;456,278;456,277;455,277;454,276;453,275;453,274;452,274;452,273;451,273;451,272;450,271;450,270;449,270;449,269;449,268;448,268;448,267;448,266;447,266;447,265;447,264;446,263;446,262;446,261;445,261;445,260;445,259;444,259;444,258;444,257;443,256;442,255;442,254;441,253;440,252;439,251;439,250;438,249;437,248;436,247;435,246;435,245;434,245;433,244;433,243;432,243;431,242;430,241;430,240;429,240;429,239;428,239;428,238;427,238;426,237;426,236;425,236;425,235;424,235;424,234;423,233;422,233;422,232;421,232;421,231;420,230;419,229;419,228;418,228;418,227;417,227;417,226;416,226;416,225;415,225;415,224;414,224;414,223;413,223;413,222;412,221;411,220;411,219;410,219;410,218;409,218;408,217;407,217;407,216;406,216;405,216;404,216;404,215;403,215;402,215;401,215;400,215;400,214;399,214;398,214;397,214;396,214;395,214;394,214;393,214;392,214;392,215;391,216;391,217;390,217;390,218;390,219;389,219;389,220;389,221;388,222;388,223;388,224;387,225;387,226;387,227;387,228;386,229;386,230;386,231;386,232;386,233;386,234;385,235;385,236;385,237;384,238;384,239;384,240;384,242;384,243;
Artery, ICG; POLYGON; 34, 177, 76; 531,321;530,322;529,322;528,322;527,322;526,322;525,323;524,323;523,323;522,323;522,322;521,322;520,322;519,322;518,322;517,322;516,321;515,321;514,321;513,321;512,321;511,321;510,321;509,322;508,322;507,322;506,322;505,323;504,323;503,323;502,324;501,324;499,324;498,325;497,325;496,325;495,325;494,325;493,325;492,325;492,326;491,326;490,326;489,326;489,327;488,327;488,328;488,329;487,329;487,330;487,331;486,331;486,332;485,332;485,333;484,333;484,334;483,334;483,335;482,335;481,335;481,336;480,336;479,336;478,336;478,337;477,337;476,337;475,337;474,337;473,337;472,337;472,336;472,335;472,334;472,333;472,332;472,331;472,330;472,329;472,328;472,327;472,326;472,325;472,324;472,323;471,323;471,322;470,321;469,321;468,321;467,321;466,321;465,321;463,321;462,321;461,321;460,321;459,321;458,321;456,322;455,322;454,322;453,323;452,323;451,323;450,323;449,323;448,323;447,323;446,323;445,323;444,323;443,322;442,322;441,322;440,321;439,320;438,320;438,319;437,318;437,317;437,316;436,315;436,314;436,313;436,312;436,311;437,310;437,309;438,308;438,307;438,306;439,306;439,305;439,304;440,303;441,301;441,300;442,300;442,299;443,298;444,297;444,296;444,295;445,295;445,294;445,293;446,293;446,292;447,291;447,290;448,290;448,289;449,289;449,288;450,288;451,288;452,288;453,288;454,288;455,288;456,288;457,288;458,288;459,288;460,288;461,288;462,288;463,288;464,288;466,289;467,289;469,290;470,291;472,291;474,292;475,292;476,293;477,293;478,294;479,294;480,294;481,294;482,294;483,295;484,295;485,295;486,295;487,295;488,295;489,295;490,295;491,295;492,295;493,295;494,295;495,295;496,295;497,295;498,295;499,295;501,295;502,295;503,295;506,295;509,294;510,294;511,294;512,294;514,293;515,293;516,293;517,293;519,293;520,293;521,293;522,293;524,293;525,292;526,292;528,292;529,292;531,291;532,291;534,291;536,290;537,290;539,290;540,289;542,289;543,289;544,289;545,289;546,289;547,289;548,289;549,289;550,289;551,289;552,289;553,289;555,289;556,290;557,290;559,290;560,290;562,290;563,290;564,290;565,290;567,290;568,290;569,290;570,290;570,291;570,292;570,293;570,294;569,294;569,295;569,296;568,296;568,297;568,298;568,299;567,300;567,301;566,302;566,303;565,304;565,305;564,306;563,307;563,308;562,309;561,310;561,312;560,313;559,314;558,315;558,316;557,317;556,318;555,319;555,320;554,320;554,321;553,321;
Artery, ICG; POLYGON; 34, 177, 76; 465,318;464,318;463,318;462,318;461,318;460,318;459,318;458,318;457,318;456,318;455,318;454,318;453,317;452,317;451,316;450,316;449,316;449,315;448,315;447,315;447,314;446,314;446,313;445,313;445,312;445,311;446,310;446,309;447,308;447,307;448,307;448,306;449,305;450,305;450,304;451,303;452,303;453,303;454,302;455,302;457,302;458,302;459,302;461,302;462,302;464,302;466,302;467,302;469,303;470,304;472,305;474,306;476,308;478,309;479,311;481,312;
Artery, ICG; POLYGON; 34, 177, 76; 500,353;499,353;499,354;498,354;497,354;496,354;495,354;495,355;494,355;493,355;492,355;492,356;491,356;490,357;489,357;489,358;488,358;487,358;486,358;485,358;484,358;483,358;482,358;481,358;480,358;479,358;478,358;478,357;477,357;476,356;476,355;475,355;475,354;474,354;474,353;473,353;473,352;473,351;472,351;472,350;471,349;471,348;471,347;471,346;471,345;471,344;471,343;472,342;473,341;474,340;475,339;476,338;476,337;477,337;478,336;478,335;479,335;479,334;479,333;479,332;478,332;477,332;476,332;475,332;474,332;474,333;473,333;473,334;472,334;471,335;470,336;469,337;468,337;468,338;468,339;467,339;467,340;466,341;466,342;465,343;465,344;464,344;464,345;464,346;463,346;463,347;463,348;463,349;463,350;463,351;463,352;464,353;464,354;465,355;465,356;466,357;466,358;467,358;467,359;468,359;468,360;469,361;470,361;470,362;471,363;472,363;473,364;474,364;476,365;478,365;479,365;482,365;484,365;485,366;486,366;487,366;490,366;491,366;493,367;495,367;496,367;498,367;500,367;
Artery, ICG; POLYGON; 34, 177, 76; 467,372;466,372;465,372;464,372;464,371;463,371;463,370;463,369;463,368;462,368;462,367;462,366;461,365;461,364;460,363;460,362;459,362;459,361;458,360;457,360;457,359;456,359;455,359;454,359;453,359;452,359;451,359;450,359;449,359;448,359;447,359;446,359;445,359;444,359;443,359;442,359;441,359;440,359;439,359;438,359;438,358;437,358;437,357;436,357;436,356;436,355;435,355;435,354;434,354;434,353;434,352;433,352;433,351;432,351;432,350;431,350;431,349;430,349;429,349;429,348;428,348;427,348;426,347;425,347;424,347;423,347;422,347;421,347;420,347;419,348;418,348;417,349;416,349;415,350;414,350;414,351;413,351;412,351;411,352;410,353;409,353;408,354;407,354;406,354;406,355;405,355;404,355;404,356;403,356;402,356;402,357;401,357;400,357;399,357;398,357;397,357;397,358;396,358;395,358;394,358;393,358;392,358;391,359;390,359;389,359;388,359;387,359;386,359;385,359;384,359;383,359;382,359;381,359;380,359;379,359;378,359;377,359;376,359;375,359;374,359;373,359;372,359;372,360;371,360;370,360;368,360;367,360;366,360;365,360;364,360;363,360;362,360;362,359;361,359;360,359;359,358;358,358;357,358;357,357;356,357;355,357;355,356;354,356;354,355;353,355;353,354;352,354;351,353;350,352;350,351;349,351;349,350;348,349;348,348;348,347;348,346;348,345;348,344;348,343;348,342;348,341;349,341;349,340;349,339;349,338;350,337;350,336;351,335;351,334;351,333;352,333;352,332;353,331;353,330;354,330;354,329;354,328;355,328;355,327;356,326;356,325;356,324;357,323;357,322;357,321;358,320;358,319;359,318;359,317;360,316;360,315;361,315;361,314;362,313;363,313;363,312;364,311;365,311;366,310;367,309;368,309;369,308;370,307;371,307;372,306;374,306;375,305;376,305;377,305;378,304;379,304;380,303;381,303;383,303;384,303;385,302;386,302;388,302;389,301;390,301;391,301;393,300;394,300;395,300;397,299;398,299;399,299;400,298;401,298;403,298;404,298;405,297;406,297;407,297;409,297;410,296;412,296;413,296;415,295;416,295;417,295;419,295;420,294;422,294;423,294;424,294;425,294;426,294;427,294;427,293;428,293;429,293;430,293;431,293;432,293;433,293;434,293;436,293;438,293;439,293;440,293;441,293;442,293;443,293;444,293;445,293;445,294;446,294;447,294;448,294;449,294;449,295;450,295;451,295;451,296;452,296;453,296;454,297;455,297;456,297;456,298;457,298;458,298;458,299;458,300;458,301;458,302;458,303;458,304;457,305;457,306;456,306;456,307;456,308;455,308;455,309;454,309;454,310;453,310;453,311;452,311;452,312;451,312;451,313;450,313;450,314;449,315;448,315;448,316;447,317;446,318;446,319;445,319;445,320;444,321;444,322;443,323;443,324;443,325;442,326;442,327;442,328;442,329;442,330;442,331;442,332;442,333;442,334;442,335;442,336;442,337;443,337;443,338;444,338;445,338;446,339;447,339;448,340;449,340;449,341;450,341;451,341;451,342;452,342;453,342;453,343;454,343;455,343;456,343;456,344;457,344;458,344;459,344;460,344;461,343;462,342;463,342;463,341;465,340;466,339;467,337;468,335;469,334;470,333;470,332;470,331;471,331;471,330;472,330;473,330;474,330;475,330;475,331;476,331;476,332;477,332;477,333;477,334;477,335;477,336;477,337;477,338;477,339;477,340;476,340;476,341;475,341;475,342;474,343;474,344;473,344;473,345;473,346;472,347;472,348;472,349;471,350;471,351;471,352;471,353;471,354;471,355;471,356;471,357;471,358;472,359;472,360;473,361;473,362;474,363;475,364;475,365;476,365;476,366;477,366;478,368;479,369;480,369;480,370;481,370;481,372;482,373;482,374;483,376;
Artery, ICG; POLYGON; 34, 177, 76; 842,659;843,659;845,659;846,659;847,659;848,659;849,659;850,659;851,659;852,659;853,659;854,659;855,659;856,659;857,659;858,659;859,659;859,660;860,660;861,660;862,660;863,660;864,660;864,659;865,659;866,659;867,658;868,658;869,658;869,657;870,657;871,657;872,656;873,656;874,656;875,656;876,655;877,655;878,655;879,654;880,654;881,653;882,653;883,653;884,652;885,652;886,651;887,651;888,650;889,650;890,649;891,649;891,648;892,648;893,648;893,647;894,647;895,647;896,646;897,646;898,646;898,645;899,645;900,645;900,644;901,644;902,643;903,643;903,642;904,642;904,641;905,641;906,641;906,640;907,640;908,639;909,639;909,638;910,638;911,638;911,637;912,637;913,636;914,635;915,635;915,634;916,634;917,633;917,632;918,632;918,631;919,631;919,630;920,630;920,629;921,629;921,628;922,628;922,627;923,627;923,626;924,626;924,625;925,625;925,624;926,624;926,623;927,622;928,621;928,620;929,620;929,619;930,618;930,617;931,617;931,616;931,615;932,615;932,614;932,613;933,613;933,612;934,611;934,610;935,609;935,608;935,607;936,607;936,606;937,605;937,603;939,597;939,596;939,595;939,594;939,593;939,592;939,591;938,591;938,590;938,589;937,589;937,588;937,587;936,587;936,586;935,586;935,585;935,584;934,584;934,583;934,582;933,581;933,580;932,579;932,578;932,577;932,576;932,575;931,575;931,574;931,573;931,572;930,572;930,571;929,570;929,569;928,569;928,568;927,568;927,567;926,567;926,566;925,566;925,565;924,564;923,564;923,563;922,562;921,561;921,560;920,560;920,559;919,558;919,557;918,557;918,556;917,555;917,554;916,553;916,552;915,551;915,550;914,550;914,549;913,548;913,547;912,547;911,546;910,546;910,545;909,545;908,545;908,544;907,544;907,543;906,542;905,541;904,540;904,539;903,539;903,540;902,540;902,541;901,542;901,543;900,543;900,544;899,544;898,544;898,545;897,545;897,546;896,546;896,547;895,547;894,548;893,548;893,549;892,549;891,550;890,550;890,551;889,551;888,551;888,552;887,552;886,552;886,553;885,553;884,554;883,554;882,555;881,555;880,556;879,556;879,557;878,557;877,557;877,558;876,558;875,558;875,559;874,559;873,559;873,560;872,560;871,560;871,561;870,561;869,561;869,562;868,562;868,563;867,563;867,564;866,564;865,564;865,565;865,566;865,567;865,568;866,568;866,569;867,570;868,571;869,572;870,573;871,574;871,575;872,575;873,576;873,577;874,578;875,579;875,580;876,581;876,582;876,583;876,584;875,585;875,586;874,586;874,587;874,588;873,588;873,589;872,589;872,590;871,590;871,591;870,591;870,592;869,592;869,593;868,593;868,594;867,594;866,594;866,595;865,595;864,595;863,596;862,596;861,596;860,597;859,597;858,597;857,598;856,598;855,598;855,599;854,599;853,599;853,600;852,600;851,600;850,600;849,600;848,600;847,600;846,600;845,600;844,600;843,601;842,601;841,601;840,601;839,601;839,602;838,602;837,602;837,603;837,604;836,604;836,605;836,606;836,607;836,608;836,609;836,610;836,611;836,612;836,613;835,613;835,614;835,615;835,616;835,617;834,617;834,618;834,619;834,620;833,620;833,621;833,622;833,623;832,623;832,624;832,625;831,625;831,626;831,627;830,627;830,628;830,629;830,630;830,631;830,632;830,633;830,634;830,635;830,636;830,637;830,638;830,639;830,640;831,641;831,642;831,643;831,644;831,645;831,646;831,647;831,648;831,649;831,650;831,651;831,652;831,653;831,654;831,655;831,656;831,657;832,657;833,657;833,658;834,658;835,658;836,658;837,658;838,658;839,658;840,658;841,659;842,659;843,659;844,659;845,659;846,659;847,659;848,659;849,659;850,659;851,659;852,659;852,660;853,661;
Artery, ICG; POLYGON; 34, 177, 76; 905,632;906,632;907,631;908,631;909,631;910,631;911,631;912,631;913,631;914,631;915,631;916,631;917,631;918,631;918,630;919,630;920,630;920,629;921,629;922,629;922,628;923,628;924,628;924,627;925,627;926,626;927,625;928,625;928,624;929,624;929,623;930,622;931,621;931,620;932,620;932,619;933,618;933,617;934,616;934,615;935,614;935,613;936,612;936,611;937,611;937,610;937,609;938,609;938,608;938,607;939,607;939,606;939,605;940,605;940,604;940,603;940,602;941,602;941,601;941,600;941,599;941,598;941,597;941,596;941,595;941,594;941,593;941,592;941,591;941,590;941,589;941,588;940,588;940,587;940,586;939,586;939,585;939,584;938,584;938,583;937,582;937,581;936,581;936,580;935,580;935,579;934,579;934,578;933,578;933,577;932,577;932,576;931,576;931,575;931,574;930,574;930,573;930,572;929,572;929,571;929,570;929,569;928,569;928,568;928,567;927,567;927,566;927,565;926,564;925,563;924,562;923,561;922,561;922,560;921,559;920,559;920,558;919,558;918,557;917,556;916,556;915,555;914,555;914,554;912,554;912,553;911,553;
Artery, ICG; POLYGON; 34, 177, 76; 871,603;872,603;873,602;874,601;874,600;874,599;873,599;873,598;872,597;872,596;871,596;871,595;870,594;869,593;869,592;868,592;868,591;868,590;867,590;867,589;867,588;867,587;866,587;866,586;866,585;866,584;866,583;866,582;866,581;866,580;866,579;865,579;865,578;865,577;864,576;864,575;864,574;863,574;863,573;862,573;862,572;861,572;861,571;860,571;860,570;859,570;859,569;858,569;858,568;858,567;857,567;857,566;856,566;856,565;855,564;854,563;854,562;853,562;853,561;852,560;852,559;851,559;851,558;850,557;850,556;849,556;848,555;847,554;846,553;845,552;844,551;843,550;842,549;841,549;840,548;839,547;838,547;838,546;837,546;836,546;836,545;835,545;835,544;834,544;834,543;834,542;833,542;833,541;832,541;831,540;830,540;830,539;829,538;828,538;828,537;827,537;827,536;826,536;826,535;825,535;824,535;824,534;823,534;822,534;821,534;820,533;819,533;818,533;818,532;817,532;816,532;816,531;815,531;814,531;813,530;812,530;811,529;810,529;809,529;809,528;808,528;807,528;806,527;805,527;805,526;804,526;803,525;802,525;801,524;800,524;799,524;798,523;797,523;796,523;795,522;794,522;793,522;793,521;792,521;791,521;791,520;790,520;789,520;788,520;788,519;787,519;786,519;785,519;784,519;783,519;782,519;782,518;781,518;780,518;779,518;778,518;777,518;776,518;775,518;774,518;773,518;772,518;771,518;770,518;769,518;769,519;768,519;767,519;766,519;766,520;765,520;764,520;764,521;763,521;762,521;762,522;761,522;760,522;759,522;758,522;758,523;757,523;756,523;755,523;754,523;753,523;752,523;751,523;750,523;750,522;749,522;749,521;748,520;748,519;747,518;747,517;746,517;746,516;746,515;746,514;745,514;745,513;745,512;745,511;745,510;745,509;744,509;744,508;744,507;744,506;744,505;744,504;744,503;744,502;744,501;744,500;744,499;744,498;744,497;744,496;744,495;744,494;744,493;744,492;744,491;744,490;744,489;745,489;745,488;745,487;745,486;746,486;746,485;746,484;747,484;747,483;748,483;748,482;749,482;749,481;750,481;751,480;752,480;753,479;754,479;755,478;756,478;757,478;757,477;758,477;759,477;760,477;761,477;762,477;763,477;764,477;765,477;766,478;767,478;768,478;769,478;769,479;770,479;771,479;772,479;773,480;774,480;775,480;776,480;777,481;778,481;779,481;780,481;781,482;782,482;783,482;784,482;785,482;785,483;786,483;787,483;788,483;789,483;790,483;791,483;791,484;792,484;793,484;794,484;795,484;796,484;797,484;798,484;799,484;799,485;800,485;801,485;802,485;803,485;804,485;804,486;805,486;806,486;807,486;808,486;808,487;809,487;810,487;811,487;812,487;813,487;814,487;814,488;815,488;816,488;817,488;817,489;818,489;819,489;819,490;820,490;820,491;821,491;822,491;822,492;823,492;824,492;824,493;825,493;826,493;826,494;827,494;827,495;828,495;829,495;830,496;831,496;831,497;832,497;833,497;834,498;835,498;836,499;837,499;838,499;839,500;840,500;841,500;842,500;843,500;844,501;845,501;846,501;847,502;848,502;849,502;849,503;850,503;851,503;852,504;853,504;854,505;855,505;856,505;857,505;858,505;859,506;860,506;861,506;862,506;863,506;864,506;865,507;866,507;867,507;868,507;869,508;870,508;871,508;872,508;873,509;874,509;875,509;876,509;877,509;878,509;879,509;880,510;881,510;882,510;883,510;884,510;884,511;885,511;885,512;886,512;886,513;887,513;887,514;887,515;888,516;888,517;888,518;889,519;889,520;890,520;890,521;891,522;892,523;892,524;893,524;893,525;894,525;895,527;895,528;896,528;896,529;897,530;897,531;898,532;898,533;899,534;899,535;900,536;901,538;902,539;902,540;903,541;904,542;905,544;906,544;907,545;908,546;909,547;910,549;911,550;911,552;912,553;912,554;912,555;
Artery, ICG; POLYGON; 34, 177, 76; 809,493;808,493;808,492;808,491;807,491;807,490;806,490;806,489;805,489;804,489;804,488;803,488;802,488;801,487;800,487;800,486;799,486;798,485;797,485;796,484;795,484;795,483;794,483;793,483;792,483;792,482;791,482;790,482;789,482;788,482;787,481;786,481;785,481;784,481;784,480;783,480;782,480;781,480;780,480;779,480;778,480;777,480;777,479;776,479;775,479;775,478;774,477;773,477;773,476;772,476;772,475;771,475;770,474;769,474;769,473;768,473;767,472;766,472;766,471;765,471;764,470;763,470;763,469;762,469;761,469;760,469;760,468;759,468;758,468;757,468;756,467;755,467;754,467;753,467;752,467;751,467;750,467;749,467;748,467;747,467;746,467;745,467;744,467;743,467;743,466;742,466;741,466;740,466;739,466;738,466;737,466;736,466;735,466;734,466;733,466;732,466;731,466;730,466;729,466;728,467;727,467;726,467;725,467;724,467;724,468;723,468;722,468;721,468;721,469;720,469;719,469;719,470;718,470;718,471;717,471;717,472;716,472;716,473;715,473;715,474;714,474;714,475;713,475;712,475;712,476;711,476;710,477;709,477;709,478;708,478;707,478;707,479;706,479;706,480;705,480;704,481;703,481;702,482;701,482;701,483;700,483;699,483;699,484;698,484;697,484;697,485;696,485;695,485;694,485;694,486;693,486;692,486;691,486;690,486;689,486;688,486;687,487;686,487;685,487;684,487;683,487;683,488;682,488;681,488;680,488;679,488;678,488;677,488;676,488;675,488;674,488;673,489;672,489;671,489;670,489;669,489;669,490;668,490;667,490;667,491;666,491;665,491;665,492;664,492;664,493;664,494;664,495;663,495;663,496;663,497;663,498;663,499;663,500;663,501;663,502;664,502;664,503;665,503;665,504;666,505;666,506;667,506;667,507;668,507;668,508;669,508;670,508;671,508;672,508;673,508;674,508;675,508;676,507;677,507;678,506;679,506;679,505;680,505;680,504;681,504;682,504;683,504;683,503;684,503;685,503;685,502;686,502;687,502;687,501;688,501;689,501;690,501;691,501;692,501;693,501;694,501;695,501;696,501;697,501;698,501;699,501;700,501;701,501;702,501;702,502;703,502;704,502;704,503;705,503;705,504;705,505;705,506;705,507;706,507;706,508;706,509;706,510;706,511;706,512;706,513;706,514;706,515;705,516;705,517;705,518;705,519;704,519;704,520;704,521;704,522;705,522;706,522;707,522;708,522;709,522;710,522;711,522;712,521;713,521;714,521;714,520;715,520;716,520;717,520;718,519;719,519;720,519;721,518;722,518;723,518;724,518;725,518;726,518;726,517;727,517;728,517;729,517;730,517;731,517;731,516;732,516;733,516;734,515;735,515;736,515;737,515;737,514;738,514;739,514;740,514;741,514;742,514;743,514;744,514;745,514;746,514;747,514;748,514;749,514;750,514;751,514;752,514;753,514;754,514;755,514;756,514;757,514;758,514;759,514;760,514;761,514;762,514;763,514;764,514;765,514;767,514;768,514;769,514;770,514;771,514;772,514;773,514;774,513;775,513;776,513;777,513;778,513;779,513;780,513;781,513;782,513;783,514;784,514;785,515;786,516;
Artery, ICG; POLYGON; 34, 177, 76; 468,478;469,478;470,479;471,480;472,480;473,481;474,481;475,482;476,482;477,483;478,483;479,483;480,483;480,484;481,484;482,484;483,484;484,484;485,485;486,485;487,486;488,486;488,487;489,487;490,488;491,488;491,489;492,489;492,490;493,490;493,491;494,491;495,491;496,492;497,492;498,492;499,492;500,492;500,493;501,493;502,493;503,493;503,494;504,494;505,494;505,495;506,495;506,496;507,496;508,496;508,497;509,497;510,497;510,498;511,498;512,498;513,498;513,499;514,499;515,499;516,499;517,499;518,499;519,499;520,499;521,499;522,499;523,500;524,500;525,500;526,500;527,500;528,500;528,501;529,501;530,501;531,501;531,502;532,502;533,502;533,503;534,503;535,503;535,504;536,504;537,504;538,504;539,505;540,505;541,505;542,505;543,505;544,505;545,505;545,504;546,504;547,504;548,504;549,504;549,503;550,503;551,503;551,502;552,502;552,501;553,501;554,501;554,500;555,500;555,499;556,498;557,498;557,497;558,497;558,496;558,495;559,495;559,494;560,493;560,492;561,491;561,490;562,489;562,488;563,487;563,486;563,485;564,485;564,484;564,483;564,482;565,482;565,481;566,480;566,479;567,479;567,478;568,478;568,477;569,477;569,476;570,476;571,476;572,476;573,476;574,476;575,476;576,476;577,476;578,476;579,476;579,477;580,477;581,477;581,478;582,478;582,479;583,479;583,480;584,480;584,481;584,482;585,482;585,483;585,484;585,485;585,486;586,486;586,487;586,488;586,489;586,490;586,491;586,492;586,493;586,494;586,495;586,496;586,497;586,498;587,499;587,500;587,501;588,502;588,503;589,503;589,504;590,505;590,506;591,506;591,507;591,508;592,509;592,510;592,511;593,511;593,512;593,513;593,514;594,514;594,515;594,516;595,516;595,517;596,517;596,518;597,518;597,519;597,520;598,520;598,521;599,521;599,522;599,523;600,523;600,524;601,525;601,526;602,526;603,527;604,527;605,528;606,528;607,529;608,529;609,529;609,530;610,530;611,530;612,530;613,531;614,531;615,531;616,532;617,532;618,532;619,532;620,532;621,532;622,532;623,532;623,533;624,533;625,533;626,533;627,533;628,533;629,533;630,533;631,533;632,533;633,533;634,533;635,533;636,533;637,533;638,533;638,534;639,534;640,534;641,534;642,534;643,534;644,534;645,534;646,534;647,534;648,534;649,534;650,534;651,534;652,534;653,534;655,534;656,534;657,534;657,535;658,535;659,535;660,535;661,535;662,535;663,535;663,536;664,536;665,536;666,536;667,537;668,537;669,537;670,537;670,538;671,538;672,538;673,538;674,538;675,538;676,538;677,538;678,538;679,538;680,538;681,539;682,539;683,539;684,539;685,539;686,539;687,539;688,539;689,539;690,539;691,539;692,539;693,539;694,539;695,539;696,539;697,538;698,538;699,538;700,538;701,538;702,538;703,538;704,537;705,537;706,537;707,537;708,537;709,537;710,537;711,537;712,537;713,537;714,537;715,537;716,537;717,537;718,537;719,537;719,536;720,536;721,536;722,536;722,535;723,535;724,535;725,535;726,535;727,535;727,534;728,534;728,533;729,533;729,532;729,531;730,531;730,530;730,529;730,528;730,527;730,526;730,525;730,524;730,523;730,522;730,521;730,520;730,519;729,518;729,517;729,516;728,516;728,515;728,514;727,514;727,513;726,513;725,512;724,512;723,512;722,512;721,512;720,511;719,511;718,511;717,511;716,511;715,511;714,511;713,511;712,511;711,511;710,511;709,511;709,512;708,513;708,514;708,515;708,516;708,517;708,518;708,519;708,520;708,521;708,522;708,523;708,524;708,525;708,526;708,527;708,528;707,528;707,529;706,530;705,530;704,530;703,530;702,530;701,530;700,530;699,530;698,530;698,529;697,529;696,529;695,529;694,529;693,529;692,529;691,529;690,529;689,529;688,528;687,528;686,528;685,528;685,527;684,527;684,526;684,525;684,524;684,523;684,522;684,521;684,520;684,519;684,518;684,517;684,516;684,515;684,514;684,513;684,512;684,511;684,510;684,509;684,508;684,507;684,506;684,505;683,504;683,503;682,503;682,502;681,502;681,501;680,501;680,500;679,500;678,500;677,499;676,499;675,499;675,498;674,498;673,498;673,497;672,497;671,497;671,496;670,496;670,495;669,495;668,495;668,494;667,494;666,494;665,494;664,494;663,495;663,496;663,497;662,497;662,498;662,499;662,500;662,501;662,502;662,503;661,503;661,504;661,505;661,506;661,507;660,507;660,508;660,509;659,509;658,509;658,510;657,510;656,510;655,510;654,510;653,510;652,510;651,510;650,510;650,509;649,509;648,509;647,509;647,508;646,508;645,508;644,508;644,507;643,507;642,507;641,506;640,505;640,504;639,503;639,502;639,501;639,500;639,499;639,498;639,497;639,496;639,495;639,494;639,493;639,492;639,491;639,490;639,489;638,489;638,488;637,487;636,487;636,486;635,486;634,486;633,485;632,485;632,484;631,484;630,484;629,483;628,483;627,482;626,482;625,481;624,481;623,480;622,480;621,480;621,479;620,479;619,479;618,479;617,478;616,478;615,478;614,478;614,477;613,477;612,477;611,477;610,476;609,476;608,476;607,476;606,475;605,475;604,475;603,475;602,475;601,475;600,475;600,474;599,474;598,474;598,473;597,473;596,473;596,472;595,472;594,472;594,471;593,471;592,471;591,471;590,471;589,471;588,471;587,471;586,471;585,471;584,471;583,471;582,471;581,471;580,471;579,471;578,471;578,470;577,470;576,470;575,470;574,470;573,470;572,470;571,470;570,469;569,469;568,469;567,469;566,469;565,469;564,469;564,468;563,468;562,468;561,468;560,468;559,468;558,467;557,467;556,467;556,466;555,466;555,465;554,465;553,465;552,464;551,464;551,463;550,463;549,462;548,462;547,461;546,461;545,460;544,460;543,459;542,459;542,458;541,458;540,458;539,457;538,457;537,457;537,456;536,456;535,456;534,455;533,455;532,454;531,453;530,453;530,452;529,452;529,451;528,451;528,450;527,450;527,449;527,448;526,448;526,447;525,447;525,446;524,446;524,445;523,445;523,444;522,444;522,443;521,443;521,442;520,442;520,441;519,441;518,440;517,440;517,439;516,439;516,438;515,438;514,437;513,436;512,435;511,435;511,434;510,434;509,433;508,433;507,432;506,432;506,431;505,431;504,431;504,430;504,431;504,432;504,433;503,434;503,435;503,436;502,437;502,438;502,439;501,439;501,440;500,441;500,442;499,443;499,444;498,444;498,445;497,446;497,447;496,447;496,448;495,448;495,449;494,449;494,450;493,451;492,451;492,452;491,452;491,453;490,453;490,454;489,454;489,455;488,455;488,456;487,456;487,457;486,457;485,458;484,459;484,460;483,460;482,461;482,462;481,462;481,463;480,463;479,464;479,465;478,466;477,467;476,468;476,469;475,469;475,470;474,471;473,472;472,472;472,473;471,473;470,473;470,474;471,474;472,474;473,474;475,475;
Artery, ICG; POLYGON; 34, 177, 76; 749,472;748,472;748,471;747,471;747,470;746,470;745,469;744,469;744,468;743,468;742,468;741,468;740,468;739,468;738,468;737,468;736,468;735,468;734,468;733,468;732,468;731,468;730,468;729,469;728,469;727,469;726,469;725,469;724,469;723,469;722,469;721,469;720,469;719,469;718,469;718,470;717,470;716,470;715,470;715,471;714,471;714,472;713,472;713,473;712,473;712,474;711,474;711,475;711,476;710,476;710,477;709,477;709,478;708,479;708,480;707,480;707,481;706,481;705,481;705,482;704,482;703,482;702,483;701,483;700,483;699,484;698,484;697,484;696,484;695,485;694,485;693,485;692,485;691,485;690,485;689,485;688,485;687,484;686,484;685,484;684,484;683,484;683,483;682,483;681,483;680,483;680,482;679,482;678,482;677,482;676,482;675,482;674,482;673,482;672,482;671,482;670,482;669,481;668,481;667,481;666,480;665,480;665,479;664,479;663,478;662,478;661,478;660,478;660,479;660,480;660,481;660,482;660,483;660,484;660,485;660,486;660,487;660,488;660,489;661,490;661,491;661,492;662,493;663,494;663,495;664,495;664,496;666,496;667,497;668,498;669,498;670,499;671,499;672,500;673,500;674,500;676,501;677,501;678,501;679,501;681,502;682,502;683,502;685,502;686,502;687,502;688,501;690,501;691,501;692,500;693,500;695,500;696,500;697,500;698,500;699,500;699,499;701,499;702,499;704,499;705,498;707,498;710,497;714,495;717,494;724,491;726,491;727,491;728,491;731,491;733,491;735,491;737,490;739,489;741,488;742,486;743,485;744,485;745,484;746,484;747,484;748,484;
Artery, ICG; POLYGON; 34, 177, 76; 590,511;590,512;589,512;589,513;588,514;587,514;587,515;586,515;586,516;585,516;584,516;583,517;582,517;581,518;580,518;580,519;579,519;579,520;578,521;578,522;577,522;577,523;577,524;576,524;576,525;576,526;577,526;578,526;579,526;580,526;582,527;584,527;585,527;586,527;588,527;591,528;595,528;596,528;598,528;602,528;604,528;605,528;609,528;610,528;611,528;612,528;613,528;613,529;614,529;615,529;615,530;616,530;616,531;617,532;618,533;619,534;620,534;
Artery, ICG; POLYGON; 34, 177, 76; 483,479;482,479;481,479;480,479;479,479;478,479;477,479;476,479;475,479;474,479;473,479;472,479;471,479;470,479;469,479;468,479;468,478;467,478;466,478;465,478;464,478;464,477;463,477;462,477;462,476;461,476;461,475;461,474;461,473;461,472;461,471;461,470;461,469;461,468;461,467;462,467;463,466;464,466;465,465;466,465;467,464;468,464;469,463;470,463;471,462;472,462;472,461;473,461;474,460;475,460;475,459;476,459;476,458;477,458;478,457;478,456;479,456;479,455;480,455;480,454;480,453;481,453;481,452;481,451;481,450;482,449;482,448;482,447;483,447;483,446;483,445;483,444;483,443;483,442;483,441;483,440;483,439;482,438;482,437;482,436;481,436;481,435;480,435;480,434;479,434;479,433;478,433;477,433;476,432;475,432;474,432;473,432;472,432;471,432;471,431;470,431;469,431;468,431;467,431;466,431;465,431;464,431;463,431;462,431;461,431;460,431;459,431;458,431;457,431;456,431;455,431;454,431;453,431;452,431;451,431;450,432;449,432;448,432;448,433;447,433;446,433;445,433;444,433;443,433;442,433;442,434;441,434;440,434;439,434;438,434;437,434;436,434;435,434;434,434;433,434;432,434;431,434;430,434;429,434;428,434;428,435;427,435;426,435;425,435;424,435;423,435;422,435;421,435;420,435;419,435;418,435;417,435;416,436;415,436;414,436;413,436;412,437;411,437;411,438;410,438;409,438;409,439;408,439;407,439;406,440;405,440;405,441;404,441;403,441;403,442;402,442;402,443;401,443;401,444;400,444;400,445;399,445;399,446;399,447;398,447;398,448;398,449;398,450;397,450;397,451;397,452;397,453;397,454;396,454;396,455;396,456;395,456;395,457;394,457;394,458;393,458;393,459;392,460;391,461;391,462;390,462;389,463;389,464;388,464;388,465;387,466;387,467;386,467;386,468;385,468;384,468;383,469;382,469;381,469;380,469;379,470;378,470;377,470;376,470;375,470;374,470;373,470;372,470;371,470;369,470;368,470;367,470;366,470;365,470;364,470;362,470;361,470;360,470;359,470;358,470;357,469;356,469;355,469;353,469;353,468;352,468;351,468;350,468;349,467;348,467;347,467;347,466;346,466;346,465;345,465;344,465;344,464;343,464;343,463;342,463;342,462;342,461;341,461;341,460;340,460;340,459;339,459;339,458;338,457;337,456;336,455;335,455;335,454;334,454;334,453;333,453;333,452;332,452;331,452;331,451;330,451;329,451;329,450;328,450;327,450;327,449;326,449;325,449;324,448;323,448;322,447;321,447;320,446;319,445;318,445;317,444;316,444;316,443;315,443;315,442;314,442;314,441;313,441;313,440;312,440;312,439;311,438;311,437;310,436;310,435;310,434;309,433;309,432;309,431;308,429;308,428;308,427;308,425;307,425;307,424;307,423;307,422;307,421;307,420;306,419;306,418;306,417;306,416;306,415;306,414;306,413;306,412;307,411;307,410;308,409;308,408;309,408;309,407;309,406;310,406;310,405;310,404;311,403;311,402;312,402;312,401;313,400;313,399;314,399;314,398;315,397;315,396;316,395;316,394;317,394;317,393;318,393;318,392;319,392;320,392;321,392;321,391;322,391;323,391;324,391;325,391;326,391;327,391;328,391;329,391;330,391;331,391;332,391;333,391;334,391;335,391;336,391;337,391;338,392;339,392;340,392;341,392;342,392;343,392;344,392;345,392;346,392;347,392;348,392;349,392;350,392;351,392;352,392;353,392;354,392;355,392;356,392;357,392;358,392;358,391;359,391;360,390;361,389;361,388;362,388;362,387;362,386;362,385;362,384;362,383;363,382;363,381;363,380;363,378;363,376;364,375;364,374;364,373;365,372;365,371;366,369;366,368;367,368;367,367;367,366;368,366;368,365;369,365;369,364;370,364;371,364;371,363;372,363;373,363;373,362;374,362;375,361;376,361;377,361;378,360;379,360;381,359;382,359;383,358;384,358;385,357;386,357;387,357;388,356;389,356;390,355;391,355;392,355;393,355;393,354;394,354;395,354;396,354;397,354;398,354;399,354;400,354;401,354;402,354;403,354;404,354;405,354;405,355;406,355;406,356;406,357;406,358;406,359;406,360;406,361;406,362;406,363;406,364;405,364;405,365;405,366;404,367;404,368;404,369;403,370;403,371;402,372;402,373;401,374;401,375;400,375;400,376;399,377;398,378;398,379;397,379;397,380;396,381;396,382;395,382;395,383;394,384;393,384;393,385;393,386;392,386;392,387;391,388;390,389;389,390;389,391;388,391;388,392;388,393;387,393;387,394;387,395;387,396;387,397;386,397;386,398;386,399;386,400;386,401;386,402;385,403;385,404;385,405;385,406;385,407;385,408;385,409;386,409;387,409;387,410;388,410;388,411;389,411;390,411;391,411;392,412;393,412;394,412;395,412;396,412;397,413;398,413;399,413;400,413;401,413;402,413;403,413;405,413;406,413;407,413;408,414;410,414;411,414;412,414;413,414;414,415;415,415;416,415;417,415;418,416;419,416;420,416;421,416;422,417;423,417;424,417;425,417;425,418;426,418;427,418;428,419;430,420;431,420;432,421;433,421;434,421;435,422;436,422;437,422;438,422;439,422;440,423;441,423;442,423;443,423;444,423;445,423;446,423;447,423;448,423;449,423;449,424;450,424;451,424;452,424;453,425;454,425;455,425;455,426;456,426;457,426;458,426;459,427;461,427;462,427;463,427;464,427;465,427;465,428;466,428;467,428;468,428;469,428;470,429;471,429;472,429;473,429;474,429;475,429;476,429;477,429;478,429;479,429;480,429;481,429;482,429;483,429;484,430;485,430;486,430;487,430;487,431;488,431;489,431;489,432;490,432;491,432;491,433;492,433;492,434;493,434;493,435;494,435;494,436;495,436;495,437;496,437;496,438;497,438;497,439;498,439;498,440;499,440;499,441;500,441;500,442;501,442;501,443;502,443;502,444;503,444;503,445;504,446;504,447;505,448;505,449;505,450;505,451;506,451;506,452;506,453;506,454;505,454;504,454;
Artery, ICG; POLYGON; 34, 177, 76; 510,441;509,441;509,440;508,440;508,439;508,438;507,438;507,437;506,437;506,436;505,436;504,435;503,435;502,435;502,434;501,434;500,434;499,434;499,433;498,433;497,433;496,432;495,432;494,432;493,431;492,431;491,431;490,430;489,430;488,430;488,429;487,429;486,429;486,428;485,428;484,428;484,427;483,427;482,426;481,426;481,425;480,425;479,424;478,424;478,423;477,423;476,422;475,422;474,421;473,421;472,421;471,420;470,420;469,420;468,420;468,419;467,419;466,419;465,419;464,419;463,419;462,419;461,419;460,419;459,419;458,419;457,419;456,419;455,419;454,419;453,419;452,419;451,419;450,419;449,419;448,419;448,420;447,420;446,420;446,421;445,421;445,422;444,422;444,423;443,423;443,424;443,425;442,425;442,426;442,427;442,428;442,429;443,430;444,431;445,432;446,432;447,433;448,433;449,433;450,434;451,434;452,434;453,434;454,434;455,434;456,435;457,435;458,435;459,435;461,435;463,435;464,435;465,435;466,435;467,435;468,435;469,435;470,435;471,435;472,435;473,435;474,435;475,435;476,435;477,435;477,436;478,436;479,436;480,436;481,436;481,437;482,437;483,438;484,438;485,439;486,440;487,440;488,441;489,441;490,441;491,442;493,443;494,443;495,444;496,444;497,445;498,445;499,446;499,447;500,447;501,448;501,449;502,449;503,450;504,450;504,451;505,451;506,452;507,453;508,454;509,454;509,455;510,455;511,456;512,457;513,457;514,458;515,459;516,459;516,460;517,460;517,461;
Artery, ICG; POLYGON; 34, 177, 76; 401,422;400,422;399,422;398,421;398,420;398,419;399,418;400,417;400,416;401,415;402,414;402,413;403,413;403,412;404,411;404,410;405,410;405,409;406,409;407,408;408,408;408,407;409,407;409,406;410,406;410,405;411,405;411,404;412,404;412,403;413,403;413,402;414,401;415,401;415,400;416,400;416,399;417,399;417,398;418,398;419,398;420,397;421,397;421,396;422,396;423,395;424,395;424,394;425,394;425,393;426,393;427,392;428,392;428,391;429,391;429,390;430,390;430,389;431,389;431,388;432,388;432,387;433,387;433,386;434,386;434,385;435,384;435,383;436,383;436,382;437,382;437,381;438,381;438,380;439,380;439,379;440,378;440,377;440,376;441,376;441,375;442,374;442,373;443,372;443,371;444,370;444,369;445,368;445,367;445,366;446,365;446,364;446,363;447,362;447,361;447,360;447,359;447,358;447,357;447,356;447,355;447,354;447,353;446,352;445,352;444,352;443,352;442,352;441,352;440,352;440,353;439,353;438,354;437,355;436,356;436,357;435,357;435,358;434,359;434,360;433,360;433,361;433,362;433,363;432,363;432,364;432,365;432,366;432,367;432,368;432,369;431,369;431,370;431,371;431,372;430,372;430,373;429,373;429,374;429,375;428,375;428,376;427,376;426,377;425,377;425,378;424,378;423,378;422,379;421,379;420,379;419,379;418,379;417,379;416,379;415,379;414,379;413,379;413,378;412,378;412,377;411,377;410,376;410,375;409,375;409,374;408,373;408,372;408,371;408,370;408,369;408,368;408,367;409,367;409,366;410,365;411,364;412,363;413,362;414,361;415,360;416,359;417,358;417,357;418,357;418,356;419,355;419,354;420,354;420,353;421,352;421,351;421,350;421,349;422,348;422,347;422,346;422,345;422,344;422,343;422,342;421,341;420,340;419,339;419,338;418,337;417,336;416,336;415,335;414,334;413,334;412,334;412,333;411,333;410,333;409,333;408,333;407,333;407,334;406,334;406,335;405,336;404,337;404,338;403,338;402,339;402,340;401,341;400,342;399,343;399,344;398,345;398,346;397,347;396,348;396,349;395,350;395,351;395,352;394,353;394,354;394,355;393,355;393,356;393,357;393,358;392,358;392,359;392,360;392,361;391,362;391,363;391,364;391,365;391,366;390,366;390,367;390,368;390,369;390,370;390,371;389,371;389,372;389,373;388,373;388,374;387,375;387,376;386,377;386,378;385,379;385,380;384,380;384,381;384,382;383,383;383,384;382,385;382,386;382,387;381,388;381,389;380,390;380,391;379,391;379,392;379,393;378,394;377,395;377,396;376,397;376,399;375,400;374,401;373,402;373,403;372,405;372,406;371,408;370,409;370,410;369,412;368,413;368,415;367,417;366,419;366,420;366,422;365,424;365,426;365,428;365,429;365,431;365,432;365,433;366,434;367,435;368,436;369,437;371,437;372,437;374,437;375,437;377,437;380,437;382,436;386,435;389,434;393,433;397,433;
Artery, ICG; POLYGON; 34, 177, 76; 12,825;13,825;14,824;15,823;16,822;17,822;18,821;19,820;20,820;21,819;22,819;24,818;24,817;25,817;26,817;27,816;28,816;29,815;30,815;31,814;32,813;33,813;34,812;35,811;36,810;37,810;37,809;38,809;39,808;40,808;41,807;42,806;43,806;44,805;45,805;45,804;47,803;48,803;48,802;49,802;50,802;50,801;51,801;51,800;52,800;53,800;53,799;54,799;55,798;56,797;57,797;57,796;58,796;59,796;59,795;60,795;61,794;62,794;63,793;64,793;64,792;65,792;66,792;67,791;68,791;69,791;69,790;70,790;71,790;72,789;73,789;74,789;74,788;75,788;76,788;76,787;77,787;79,786;80,785;81,785;82,784;83,784;84,784;84,783;85,783;86,783;87,783;88,783;88,782;89,782;90,782;91,782;91,781;92,781;93,781;94,781;95,780;96,780;97,780;98,780;98,779;100,779;101,778;102,778;102,777;103,777;103,776;104,775;104,774;104,773;104,772;104,771;104,770;104,769;103,769;103,768;102,768;102,767;101,767;100,767;100,766;99,766;98,766;97,766;96,766;95,766;94,766;93,766;92,766;91,766;90,766;90,767;89,767;89,768;88,768;87,768;87,769;86,769;85,769;84,770;83,770;82,770;81,771;80,771;79,771;78,771;77,771;76,771;75,771;74,771;74,772;73,772;72,772;71,772;70,772;70,773;69,773;68,773;67,773;66,773;65,773;64,773;63,773;62,773;61,773;60,772;59,772;59,771;58,771;57,771;57,770;56,770;56,769;55,769;55,768;54,767;54,766;53,766;53,765;53,764;52,764;52,763;52,762;52,761;52,760;52,759;52,758;52,757;52,756;52,755;52,754;53,753;53,752;54,751;54,750;55,750;55,749;56,748;57,747;58,747;59,746;60,746;61,746;61,745;62,745;63,745;64,745;65,745;66,745;67,745;68,745;69,745;70,745;71,744;72,744;73,744;74,744;75,744;76,744;77,744;78,744;79,744;80,743;81,743;82,743;83,743;84,743;85,743;86,742;87,742;88,742;89,742;90,741;91,741;92,740;93,740;94,740;95,740;95,739;96,739;97,739;98,739;99,739;100,739;101,738;102,738;103,738;104,738;105,738;106,738;107,738;108,738;109,738;110,738;111,738;112,737;113,737;114,737;115,737;116,737;117,737;118,737;119,737;120,737;121,737;122,737;123,737;124,737;125,737;126,737;127,737;128,737;129,737;130,737;130,738;131,738;132,738;133,738;134,738;135,738;136,738;136,739;137,739;138,739;139,739;140,739;140,740;141,740;142,740;143,740;144,740;145,740;145,741;146,741;147,741;148,741;149,742;150,742;151,742;152,742;153,742;154,742;154,743;155,743;156,743;157,743;158,743;159,743;160,743;161,743;162,743;163,744;164,744;165,744;166,744;167,744;168,744;169,744;170,744;171,744;172,744;173,745;174,745;175,745;176,745;177,745;178,745;179,745;180,745;181,746;182,746;183,746;184,746;185,746;186,746;187,746;188,746;189,746;190,746;191,746;192,747;193,747;194,747;195,747;196,747;197,747;198,747;199,747;200,747;201,746;202,746;203,746;204,745;205,745;206,745;206,744;207,744;207,743;208,743;208,742;209,742;209,741;210,740;210,739;210,738;211,738;211,737;211,736;211,735;212,734;212,733;212,732;212,731;213,730;213,729;213,728;213,727;213,726;213,725;213,724;213,723;213,722;213,721;213,720;213,719;213,718;213,717;213,716;213,715;213,714;213,713;213,712;212,711;212,710;211,709;211,708;210,708;209,708;209,707;208,707;207,707;206,707;205,707;204,707;203,707;202,707;201,707;200,707;199,707;198,707;197,707;196,707;195,707;194,707;193,707;192,707;191,707;190,707;189,707;188,707;187,707;186,707;185,708;184,708;183,708;182,708;181,708;180,708;179,708;178,708;177,708;176,708;175,708;174,708;173,707;172,707;171,707;170,707;169,707;168,706;167,706;166,706;166,705;165,705;164,705;163,704;162,704;161,703;160,703;159,703;159,702;158,702;157,701;156,701;156,700;155,700;154,699;153,699;152,698;151,698;150,698;150,697;149,697;148,697;147,697;146,697;145,697;144,697;143,697;142,697;141,697;140,697;139,697;138,697;137,697;136,697;135,697;135,698;134,698;133,698;132,698;131,698;131,699;130,699;129,699;128,700;127,700;127,701;126,701;125,702;124,702;124,703;123,703;122,704;121,704;121,705;120,705;120,706;119,706;118,707;117,707;116,708;115,708;114,708;114,709;113,709;112,709;112,710;111,710;110,710;109,710;108,711;107,711;106,711;106,712;105,712;104,712;103,712;103,713;102,713;101,713;100,713;99,713;99,714;98,714;97,714;96,714;95,714;94,714;93,714;92,714;91,715;90,715;89,715;88,715;87,716;86,716;85,716;84,716;83,716;82,716;81,716;80,716;79,716;79,717;78,717;77,717;76,717;75,717;74,717;73,717;73,718;72,718;71,718;70,718;70,719;69,719;68,719;67,720;66,720;65,720;65,721;64,721;63,721;62,722;61,722;60,722;59,722;59,723;58,723;57,723;57,724;56,724;55,724;55,725;54,725;53,725;53,726;52,727;52,728;51,728;51,729;50,730;50,731;49,731;49,732;49,733;49,734;48,734;48,735;47,737;47,738;47,739;47,740;46,740;46,741;46,742;45,742;45,743;44,743;44,744;43,745;42,745;42,746;41,746;41,747;40,747;40,748;39,748;38,748;38,749;37,749;37,750;36,750;35,750;35,751;34,751;34,752;33,752;33,753;32,753;32,754;31,754;31,755;30,755;30,756;29,756;29,757;28,757;27,758;26,758;26,759;25,759;24,760;24,761;23,761;22,762;21,762;21,763;20,764;19,764;18,765;17,766;16,767;15,767;15,768;14,768;13,769;12,769;12,770;11,770;11,771;10,771;10,772;9,772;9,773;8,773;8,774;7,774;7,775;6,775;6,776;6,777;6,778;5,779;5,780;5,781;5,782;5,783;5,784;5,785;5,786;5,787;5,788;5,789;4,790;4,791;4,792;4,793;4,794;4,795;4,796;4,797;4,798;4,799;4,800;4,801;4,802;4,803;4,804;4,805;4,806;4,807;4,808;4,809;4,810;4,811;4,812;4,813;4,814;4,815;4,816;4,817;4,818;4,819;4,820;4,821;5,821;5,822;5,823;5,824;6,825;6,826;7,826;8,827;9,827;11,827;
Artery, ICG; POLYGON; 34, 177, 76; 63,791;64,791;65,790;66,789;67,789;68,789;69,789;70,789;71,789;72,789;73,789;74,789;75,789;76,789;77,789;78,789;79,789;80,789;81,789;82,789;83,789;84,789;84,788;85,788;86,788;87,788;88,788;88,787;89,787;90,787;91,787;92,787;93,786;95,786;96,786;97,786;98,785;99,785;100,785;102,785;103,785;105,784;106,784;107,784;108,784;109,784;110,783;111,783;112,783;113,783;114,783;115,782;116,782;117,782;118,782;119,782;120,782;121,782;122,782;123,782;124,782;126,782;127,782;128,782;129,782;130,782;130,781;131,781;132,781;134,781;135,781;136,781;137,781;138,781;139,781;140,781;141,781;142,781;143,781;144,781;145,781;146,780;148,780;150,780;151,780;152,780;153,780;154,780;155,780;156,780;157,780;158,780;159,780;160,780;161,780;162,780;163,780;164,781;165,781;166,781;167,781;168,781;169,781;170,781;170,782;171,782;172,782;173,782;173,783;174,783;175,783;176,783;177,783;177,784;178,784;179,784;180,784;181,784;181,785;182,785;183,785;184,785;184,786;185,786;186,786;188,787;189,787;190,787;191,787;192,788;193,788;194,788;195,788;196,788;197,789;198,789;199,789;200,789;200,790;201,790;202,790;202,791;203,791;204,791;204,790;205,790;205,789;206,789;206,788;207,788;207,787;208,786;208,785;208,784;209,784;209,783;209,782;209,781;210,780;210,779;210,778;211,777;211,776;211,775;211,774;211,773;212,773;212,772;212,771;212,770;212,769;212,768;212,767;212,766;212,765;212,764;212,763;212,761;212,760;212,759;211,758;211,757;211,756;210,755;210,754;209,754;209,753;209,752;208,752;208,751;207,751;207,750;206,750;206,749;205,749;205,748;204,748;203,748;203,747;202,747;201,747;200,747;199,746;198,746;197,746;196,746;195,746;194,746;193,746;192,746;191,746;190,746;189,746;188,746;187,746;186,746;185,746;184,746;183,745;182,745;181,744;180,744;180,743;179,743;178,743;178,742;177,742;176,742;175,741;174,741;173,741;172,741;171,741;170,741;169,741;169,740;168,740;167,740;166,740;165,740;164,740;163,740;162,740;161,740;160,740;159,740;158,740;157,740;157,739;156,739;155,739;154,739;153,739;152,739;151,739;150,739;149,739;148,739;147,739;146,739;145,739;144,739;143,739;142,739;141,739;140,739;139,739;138,739;137,739;137,738;136,738;135,738;134,738;134,737;133,737;132,737;131,737;130,737;130,736;129,736;128,736;127,736;126,736;126,735;125,735;124,735;123,735;122,734;121,734;120,734;119,734;118,734;117,734;116,734;115,734;114,734;114,735;113,735;112,736;111,736;111,737;110,737;109,738;109,739;109,740;109,741;109,742;109,743;110,743;111,743;111,744;112,744;113,745;114,745;115,746;116,747;117,748;117,749;118,749;118,750;119,750;119,751;120,751;120,752;120,753;120,754;120,755;120,756;120,757;120,758;120,759;119,759;119,760;118,760;117,761;116,761;116,762;115,762;114,762;114,763;113,763;112,763;111,764;110,764;109,764;108,764;108,765;107,765;106,765;105,765;104,765;103,765;102,765;101,765;100,765;99,765;98,765;97,765;96,765;95,765;94,765;93,765;92,765;91,765;90,765;89,765;88,765;87,765;85,766;84,766;83,766;82,766;81,766;80,767;80,768;80,770;80,771;80,772;81,774;82,776;84,780;
Artery, ICG; POLYGON; 34, 177, 76; 690,1147;670,1147;664,1147;
Artery, ICG; POLYGON; 34, 177, 76; 465,996;466,996;467,997;468,997;469,997;470,997;471,997;472,997;473,997;474,997;475,997;476,997;477,997;478,997;479,997;480,997;480,998;481,998;482,998;482,999;483,999;484,999;484,1000;485,1000;486,1000;487,1000;487,1001;488,1001;489,1001;489,1002;490,1003;489,1003;489,1004;489,1005;489,1006;488,1006;488,1007;488,1008;488,1009;487,1010;487,1011;487,1012;486,1012;486,1013;486,1014;486,1015;485,1015;485,1016;485,1017;485,1018;484,1018;484,1019;484,1020;483,1020;482,1020;482,1021;481,1021;480,1021;479,1021;478,1021;478,1022;477,1022;476,1022;475,1022;474,1022;473,1022;472,1022;471,1022;470,1022;469,1022;468,1022;467,1022;466,1022;465,1022;464,1022;463,1021;462,1021;461,1020;460,1020;459,1020;459,1019;458,1019;457,1019;457,1018;455,1018;454,1018;453,1018;453,1017;452,1017;451,1017;450,1017;449,1017;448,1017;447,1017;446,1017;446,1016;445,1016;444,1016;443,1016;442,1016;441,1016;441,1015;440,1015;439,1015;438,1015;437,1015;436,1015;435,1015;434,1014;433,1014;432,1014;432,1013;431,1013;430,1013;430,1012;429,1012;428,1012;428,1011;427,1011;426,1010;425,1010;424,1010;424,1009;423,1009;422,1009;422,1008;421,1008;420,1008;420,1007;419,1007;418,1007;418,1006;417,1006;416,1006;416,1005;415,1005;414,1005;413,1005;413,1004;412,1004;411,1004;411,1003;410,1003;410,1002;409,1002;408,1002;408,1001;407,1001;406,1001;406,1000;405,1000;404,999;403,998;402,997;401,996;400,996;400,995;399,995;399,994;398,994;398,993;397,993;397,992;396,992;395,992;395,991;394,991;393,991;392,991;391,991;390,991;390,990;389,990;388,990;387,990;386,990;385,990;384,990;383,990;382,990;381,989;380,989;379,989;379,988;378,988;377,988;377,987;376,987;375,987;374,987;374,988;374,989;374,990;374,991;374,992;374,993;373,994;373,995;373,996;373,997;373,998;373,999;373,1000;373,1001;374,1001;374,1002;374,1003;375,1003;375,1004;376,1004;376,1005;377,1005;377,1006;378,1006;378,1007;379,1007;380,1008;381,1008;382,1009;383,1009;384,1009;385,1009;385,1010;386,1010;387,1010;388,1010;388,1011;389,1011;390,1011;391,1011;392,1011;393,1011;393,1012;394,1012;395,1012;396,1013;397,1013;397,1014;398,1014;399,1014;400,1015;401,1015;402,1015;403,1016;404,1016;405,1016;406,1016;406,1017;407,1017;408,1017;409,1017;410,1017;411,1017;411,1018;412,1018;413,1018;414,1018;414,1019;415,1019;416,1019;417,1019;417,1020;418,1020;419,1020;420,1021;421,1021;422,1021;422,1022;423,1022;424,1022;425,1022;425,1023;426,1023;427,1023;428,1023;429,1023;430,1023;431,1023;432,1023;433,1023;434,1023;435,1023;436,1023;437,1023;438,1023;439,1023;440,1023;441,1023;442,1023;443,1023;444,1023;445,1023;446,1023;447,1023;448,1023;449,1023;449,1022;450,1022;450,1021;451,1021;451,1020;452,1020;452,1019;453,1018;453,1017;453,1016;454,1016;454,1015;455,1015;
Artery, ICG; POLYGON; 34, 177, 76; 457,1007;456,1007;456,1006;455,1006;455,1005;454,1005;454,1004;453,1004;453,1003;452,1003;452,1002;451,1002;450,1001;449,1001;449,1000;448,1000;448,999;447,999;447,998;447,997;447,996;446,996;446,995;446,994;446,993;447,993;448,992;449,992;449,991;450,991;451,991;451,990;452,990;453,990;454,990;455,990;456,990;457,990;458,990;459,990;459,991;460,991;461,991;462,991;463,991;464,991;465,991;466,991;467,991;467,992;468,992;469,992;469,993;470,993;471,994;472,995;473,995;474,996;474,997;475,997;476,998;476,999;476,1000;477,1001;477,1002;477,1003;478,1004;478,1005;479,1005;479,1006;480,1006;
Artery, ICG; POLYGON; 34, 177, 76; 377,1005;377,1004;376,1004;375,1003;374,1003;374,1002;373,1002;373,1001;372,1001;371,1000;371,999;370,999;370,998;369,998;369,997;368,996;367,995;366,994;365,994;365,993;364,993;364,992;363,992;362,991;361,990;360,990;360,989;359,989;358,988;358,987;357,987;357,986;356,985;355,984;354,983;353,983;353,982;352,982;352,981;351,981;350,980;349,980;349,979;348,979;347,979;347,978;346,978;345,978;344,977;343,977;342,977;341,976;340,976;339,976;339,975;338,975;337,974;336,974;336,973;335,973;335,972;334,972;334,971;333,971;333,970;333,969;332,968;332,967;332,966;331,965;331,964;331,963;331,962;331,961;331,960;332,960;332,959;333,959;334,958;335,958;335,957;336,957;337,956;338,956;339,955;340,955;341,954;342,954;343,954;344,954;344,953;345,953;346,953;347,952;348,952;349,951;350,951;351,951;352,951;352,950;353,950;354,950;354,949;355,949;356,949;357,949;357,948;358,948;359,948;359,947;360,947;361,947;362,947;363,947;364,947;365,947;366,947;367,947;368,947;369,947;370,947;371,947;372,947;373,947;374,948;375,948;376,948;377,948;378,948;378,949;379,949;380,949;381,949;381,950;382,950;382,951;383,951;383,952;384,953;384,954;385,954;385,955;386,955;386,956;387,956;387,957;388,957;388,958;389,958;389,959;390,959;390,960;391,960;392,961;393,961;393,962;394,962;395,962;395,963;396,963;397,963;397,964;398,964;399,964;400,964;400,965;401,965;402,965;403,965;403,966;404,966;405,966;405,967;406,967;407,967;407,968;408,968;408,969;409,969;410,969;410,970;411,970;411,971;412,971;412,972;413,972;413,973;413,974;414,974;414,975;413,975;412,975;411,975;410,975;409,975;408,975;407,975;406,975;405,975;404,975;404,974;403,974;402,974;401,973;399,972;398,972;397,971;396,971;396,970;394,970;393,970;393,969;392,969;391,969;390,969;389,969;388,970;388,971;388,972;387,972;387,973;387,974;387,975;387,976;387,977;387,978;387,979;387,980;387,981;388,981;388,982;389,983;389,984;390,985;390,986;391,986;391,987;392,988;393,988;393,989;394,990;395,990;395,991;396,991;397,992;397,993;398,994;
Artery, ICG; POLYGON; 34, 177, 76; 443,991;441,991;441,990;439,990;438,989;437,989;436,989;436,988;435,988;434,988;434,987;433,987;432,986;431,986;430,986;429,985;428,985;427,985;426,985;425,985;425,984;424,984;423,984;422,984;422,983;421,983;420,983;419,982;418,982;417,981;417,980;416,980;416,979;415,979;415,978;414,978;413,977;412,977;412,976;411,976;410,975;409,975;408,974;407,974;406,973;405,972;404,972;404,971;403,971;402,971;403,971;405,971;406,971;408,971;409,971;410,971;412,971;415,971;416,971;419,971;420,972;421,972;422,972;423,972;424,972;424,973;425,973;426,973;426,974;427,974;428,974;429,974;429,975;430,975;431,975;432,975;432,976;433,976;434,976;435,977;436,977;437,978;439,979;439,980;440,980;441,981;442,981;442,982;443,982;444,983;445,984;446,985;447,986;448,987;449,988;450,989;451,989;452,990;453,990;455,991;456,991;457,992;458,992;458,993;459,993;459,994;460,994;460,995;460,996;461,997;461,998;461,999;461,1000;462,1000;
Artery, ICG; POLYGON; 34, 177, 76; 339,969;338,969;338,968;337,968;337,967;336,967;336,966;336,965;335,965;335,964;334,963;334,962;333,961;333,960;332,959;332,958;332,957;331,957;331,956;331,955;330,955;330,954;330,953;329,953;329,952;328,952;328,951;327,951;327,950;327,949;326,949;326,948;325,948;325,947;324,947;324,946;323,946;322,945;322,944;321,944;321,943;320,943;320,942;319,942;318,941;317,940;316,939;316,938;315,938;315,937;314,937;314,936;313,936;313,935;312,935;312,934;311,934;311,933;310,933;310,932;309,932;309,931;308,931;308,930;307,930;307,929;307,928;306,928;306,927;305,927;305,926;305,925;304,925;304,924;303,924;303,923;303,922;302,922;302,921;301,921;301,920;301,919;300,919;300,918;299,918;299,917;298,916;298,915;297,915;297,914;296,914;296,913;295,913;294,912;293,912;293,911;292,911;292,910;291,910;290,909;289,909;289,908;288,908;287,907;286,906;285,906;285,905;284,905;283,904;282,904;282,903;281,903;281,902;280,902;280,901;280,900;279,900;279,899;279,898;278,898;278,897;278,896;277,895;277,894;277,892;276,891;276,890;276,889;276,888;276,887;276,886;276,885;275,884;275,883;275,882;275,881;275,880;275,879;275,878;275,877;275,876;275,875;275,874;275,873;275,872;275,871;275,870;275,869;275,868;275,867;275,866;275,865;275,864;275,863;275,862;275,861;275,860;274,860;274,859;274,858;274,857;274,856;273,855;273,854;272,853;271,852;270,852;270,851;269,851;268,850;267,850;266,849;265,849;264,849;264,848;263,848;262,848;261,848;260,847;259,847;259,846;258,846;257,846;257,845;256,845;256,844;255,844;254,844;254,843;253,843;253,842;252,842;251,841;250,840;249,840;249,839;248,839;248,838;247,838;247,837;246,837;245,836;244,836;244,835;243,834;242,834;242,833;241,833;240,832;239,831;238,831;238,830;237,830;237,829;236,828;235,827;234,826;233,825;233,824;232,824;232,823;231,822;231,821;230,821;230,820;229,819;228,818;228,817;227,817;227,816;226,816;226,815;225,815;225,814;224,814;224,813;223,813;223,812;222,811;222,810;221,810;220,809;219,809;219,808;218,808;217,808;217,807;216,807;215,806;214,805;213,804;212,804;212,803;211,802;211,801;210,801;210,800;209,800;209,799;209,798;209,797;208,797;208,796;208,795;208,794;208,793;208,792;208,791;208,790;208,789;208,787;208,786;208,785;209,785;210,784;211,784;211,783;212,783;212,782;213,782;213,781;214,781;214,780;215,780;216,780;216,779;217,779;218,779;218,778;219,778;220,778;220,777;221,777;222,777;223,776;224,776;225,776;226,776;227,776;228,776;229,776;230,776;231,776;232,777;233,777;235,778;236,778;238,779;239,780;240,780;241,780;242,781;243,781;244,782;245,782;246,783;247,783;248,783;248,784;249,784;250,784;251,785;252,785;253,786;254,786;255,787;256,787;256,788;257,788;257,789;257,790;257,791;258,791;258,792;258,793;258,794;258,795;258,796;258,797;258,798;258,799;258,800;258,801;258,802;258,803;258,804;258,805;258,806;258,807;258,808;258,809;258,810;258,811;258,812;258,813;258,814;258,815;258,816;257,816;257,817;257,818;257,819;257,820;257,821;257,822;257,823;257,824;257,825;258,825;258,826;259,826;260,826;260,827;261,827;261,828;262,828;262,829;263,829;263,830;264,830;265,831;266,832;267,832;267,833;268,833;269,833;269,834;270,834;271,834;272,834;273,834;274,834;275,835;276,835;277,835;278,835;279,835;280,835;281,835;282,835;283,835;284,835;285,835;286,835;287,835;288,835;289,836;290,836;290,837;291,837;292,837;292,838;293,838;293,839;294,839;295,839;295,840;296,840;296,841;297,841;297,842;297,843;298,843;298,844;299,844;299,845;299,846;299,847;299,848;298,848;297,848;296,849;295,849;294,849;293,849;293,850;292,850;291,850;290,851;289,851;288,851;288,852;287,852;286,852;286,853;286,854;286,855;286,856;286,857;286,858;286,859;286,860;286,861;286,862;286,863;286,864;286,865;286,866;286,867;285,867;285,869;285,870;285,871;285,872;285,873;285,874;285,875;285,876;285,877;285,878;285,879;285,880;285,881;285,882;285,883;286,884;287,884;287,885;288,885;289,886;290,886;291,887;291,888;292,888;293,889;294,890;295,890;296,891;297,891;298,892;299,893;300,893;300,894;301,894;302,895;303,895;304,895;304,896;305,896;306,896;306,897;307,897;308,897;308,898;309,898;310,898;311,899;312,899;313,899;315,899;316,900;317,900;318,900;319,900;320,901;321,901;322,901;322,902;323,902;324,902;324,903;325,904;325,905;325,906;326,906;326,907;326,908;326,909;326,910;327,910;327,911;328,911;328,912;329,913;329,914;330,914;330,915;331,915;331,916;331,917;331,918;332,918;332,919;333,920;333,921;334,921;333,921;333,922;332,922;332,923;331,923;331,924;331,925;330,925;330,926;330,927;330,928;330,929;330,930;330,931;330,932;330,933;330,934;331,934;331,935;331,936;332,936;332,937;333,937;333,938;334,939;334,940;335,940;335,941;336,941;337,942;338,942;338,943;339,943;339,944;340,944;340,945;341,945;342,946;343,946;343,947;344,947;345,947;345,948;346,948;347,948;348,949;349,949;349,950;350,950;350,951;351,951;351,952;352,952;352,953;353,953;353,954;354,955;354,956;355,957;355,958;355,959;355,960;355,961;355,962;355,963;355,964;355,965;355,966;355,967;355,968;355,969;355,970;355,969;
Artery, ICG; POLYGON; 34, 177, 76; 365,949;365,948;365,947;364,946;364,945;364,944;364,943;364,942;364,941;364,940;364,939;364,938;364,937;365,937;365,936;366,935;367,934;368,934;368,933;369,933;370,933;371,933;372,933;373,933;374,933;375,933;376,934;376,935;377,935;377,936;377,937;377,938;377,939;377,941;377,942;377,943;377,944;378,945;378,946;378,947;378,948;378,949;378,951;378,952;377,954;377,956;376,956;376,957;376,958;375,959;375,960;375,961;
Artery, ICG; POLYGON; 34, 177, 76; 339,949;338,949;338,948;338,947;337,947;337,946;337,945;336,945;336,944;336,943;336,942;336,941;336,940;337,940;337,939;338,939;338,938;339,938;339,937;340,937;340,936;341,936;342,935;342,934;343,934;343,933;344,933;344,932;345,932;345,931;346,931;346,930;347,930;347,929;348,929;348,928;349,927;350,927;350,926;351,926;351,925;352,925;352,924;353,924;353,923;354,922;354,921;354,920;354,919;354,918;354,917;353,917;353,916;353,915;352,914;352,913;351,912;351,911;350,910;349,909;349,908;348,908;348,907;347,907;347,906;346,906;346,905;345,904;345,903;344,903;344,902;343,901;342,900;342,899;341,899;341,898;340,898;340,897;339,896;339,895;338,895;338,894;338,893;337,892;337,891;337,890;336,890;336,889;335,888;335,887;334,887;334,886;333,886;333,885;332,885;332,884;331,884;331,883;331,882;330,882;330,881;329,880;329,879;328,879;328,878;327,878;327,877;326,876;325,875;325,874;324,874;324,873;323,872;322,871;322,870;321,870;321,869;321,868;321,867;320,867;320,866;320,865;320,864;320,863;320,862;320,861;320,860;320,859;320,858;320,857;320,856;320,855;320,854;320,853;320,852;320,851;320,850;320,849;321,849;321,848;321,847;321,846;321,845;321,844;321,843;321,842;321,841;321,840;321,839;321,838;321,837;321,836;321,835;321,834;321,833;321,832;321,831;321,830;321,829;321,827;321,826;321,825;321,824;321,823;321,822;321,821;320,819;320,818;319,817;319,816;319,815;318,814;317,813;316,812;316,811;315,811;315,810;314,809;313,808;312,807;312,806;311,806;311,805;310,804;309,804;308,802;308,801;307,801;307,800;307,799;306,799;306,798;305,797;304,796;304,795;303,795;303,794;302,794;301,793;300,793;300,792;299,792;299,791;298,791;297,791;297,790;296,790;295,789;293,789;293,788;292,788;291,788;290,787;289,787;288,787;286,786;285,786;284,785;283,785;282,785;280,784;279,784;278,784;277,784;276,783;274,783;273,783;272,783;271,783;270,783;269,783;268,783;267,783;266,783;265,783;264,783;263,783;262,783;261,783;260,783;259,784;258,785;257,786;257,787;257,788;256,788;256,789;256,790;256,791;256,792;256,793;256,794;257,794;257,795;257,796;258,797;258,798;259,799;259,800;260,801;260,802;261,802;261,803;262,803;263,803;263,804;264,804;265,804;266,804;267,804;268,804;269,804;270,804;271,804;272,804;273,804;274,804;275,804;276,804;277,804;278,804;279,804;280,804;281,804;282,804;283,804;284,804;284,805;285,805;285,806;286,806;287,807;287,808;288,808;289,809;289,810;290,811;291,812;291,813;291,814;291,815;291,816;291,817;291,818;291,819;291,820;290,820;290,821;289,822;289,823;288,823;287,824;286,824;286,825;285,825;285,826;284,826;283,827;282,827;282,828;281,828;281,829;280,829;280,830;279,830;279,831;278,831;278,832;277,832;277,833;277,834;277,835;277,836;277,837;277,838;277,839;277,840;278,840;278,841;279,841;280,842;281,842;282,843;283,843;284,843;285,843;286,843;287,843;288,843;289,843;290,844;291,844;292,844;293,844;294,844;295,844;295,845;296,845;297,845;297,846;298,846;299,846;299,847;300,847;300,848;301,848;301,849;302,849;302,850;303,850;303,851;304,851;304,852;305,852;305,853;306,854;306,855;307,855;307,856;308,857;308,858;309,858;309,859;309,860;310,860;310,861;310,862;310,863;311,863;311,864;311,865;311,866;311,867;311,868;311,869;311,870;311,871;310,872;310,873;310,874;309,874;309,875;309,876;308,876;308,877;308,878;308,879;308,880;308,881;308,882;308,883;308,884;308,885;308,886;308,887;308,888;308,889;308,890;308,891;308,892;308,893;308,894;309,894;309,895;309,896;309,897;310,897;310,898;310,899;311,899;311,900;311,901;312,901;312,902;313,903;313,904;314,904;314,905;315,905;315,906;316,907;316,908;317,908;317,909;318,909;318,910;319,910;319,911;320,912;320,913;321,913;321,914;321,915;322,916;322,917;323,917;323,918;324,919;324,920;325,921;325,922;325,923;325,924;324,924;323,924;322,924;321,925;320,925;319,925;319,926;318,926;317,926;317,927;318,927;319,927;319,928;320,928;
Artery, ICG; POLYGON; 34, 177, 76; 299,901;299,900;300,900;300,899;301,899;301,898;302,898;302,897;302,896;303,896;303,895;304,894;304,893;305,893;305,892;306,891;306,890;307,890;307,889;308,888;308,887;308,885;309,884;309,883;309,882;309,881;310,880;310,879;310,878;310,877;310,876;310,875;309,875;309,874;309,873;309,872;308,872;308,871;308,870;307,870;307,869;306,869;305,868;305,867;304,867;303,866;302,866;301,866;301,865;300,865;299,865;299,864;298,864;297,864;296,864;296,863;295,863;294,863;293,863;292,863;291,863;290,863;289,863;288,863;288,862;287,862;286,862;285,862;285,861;284,861;283,861;283,860;282,860;282,859;281,859;281,858;281,857;281,856;281,855;281,854;281,853;282,853;282,852;283,851;283,850;284,850;284,849;285,848;286,847;287,847;287,846;288,846;289,845;290,845;291,844;292,843;293,843;295,842;296,841;298,841;300,840;301,840;302,840;303,840;304,840;305,840;306,841;307,841;307,842;308,843;309,844;310,844;311,845;311,846;312,846;313,848;314,848;315,849;315,850;316,851;316,852;316,853;317,853;317,854;317,855;317,856;317,857;317,858;317,859;317,860;318,861;318,863;318,864;318,865;318,866;318,867;318,868;318,869;318,870;318,871;318,872;318,873;319,873;319,874;319,875;319,876;319,877;319,878;319,879;319,880;319,881;320,883;320,885;320,887;320,891;320,896;320,897;320,900;320,903;320,904;320,906;319,907;319,908;318,909;318,910;317,910;
Artery, ICG; POLYGON; 34, 177, 76; 272,841;271,841;270,841;269,841;268,841;267,841;266,841;265,841;264,840;264,839;263,839;263,838;263,837;263,836;262,836;262,835;262,834;262,833;262,832;262,831;262,830;262,829;262,828;262,827;263,826;263,825;264,825;264,824;265,824;265,823;266,823;266,822;267,822;267,821;268,821;268,820;269,820;269,819;270,818;270,817;271,817;271,816;272,816;272,815;273,815;274,814;275,814;275,813;276,813;277,812;278,811;279,810;280,809;280,808;281,807;281,806;281,805;281,804;281,803;281,802;280,801;280,800;279,800;279,799;278,799;278,798;277,798;276,797;274,796;273,796;272,795;271,795;270,794;269,794;267,793;266,793;265,793;264,793;263,793;262,793;261,793;260,793;259,794;258,794;258,795;257,795;257,796;257,797;256,797;256,798;256,799;255,800;255,801;255,802;254,802;254,803;254,804;253,804;253,805;253,806;253,807;252,808;252,809;252,810;251,811;251,812;250,813;250,814;250,815;250,816;250,817;250,818;250,819;250,820;250,821;251,821;251,822;252,823;252,824;253,825;253,826;254,827;254,828;255,828;255,829;256,829;256,830;257,831;257,832;258,833;258,834;259,834;260,835;260,836;261,837;261,838;262,839;263,841;263,842;264,843;
Artery, ICG; POLYGON; 34, 177, 76; 290,823;289,823;289,822;289,821;288,821;288,820;287,819;287,818;286,817;286,816;285,816;285,815;285,814;284,813;284,812;284,811;284,810;284,809;284,808;283,807;283,806;283,805;283,804;282,804;282,803;282,802;282,801;282,800;283,800;284,800;285,800;286,800;288,800;289,800;291,800;293,801;295,802;297,803;299,805;301,806;303,808;304,809;306,810;307,811;308,813;309,814;310,814;310,815;310,816;310,817;310,818;310,819;
Artery, ICG; POLYGON; 34, 177, 76; 237,787;236,786;235,785;234,784;233,783;232,783;232,782;231,782;231,781;230,781;230,780;229,780;229,779;228,779;228,778;228,777;227,777;227,776;227,775;227,774;227,773;228,772;228,771;228,770;228,769;228,768;229,768;229,767;229,766;229,765;229,764;229,763;229,762;229,761;229,760;229,759;229,758;229,757;229,756;229,755;228,755;228,754;228,753;228,752;228,751;228,750;228,749;228,748;228,747;228,746;228,745;228,744;228,743;228,742;228,741;229,741;229,740;229,739;229,738;229,737;229,736;229,735;230,735;230,734;230,733;230,732;230,731;230,730;230,729;230,728;230,727;230,726;230,725;230,724;230,723;230,722;230,721;230,720;230,719;230,718;230,717;229,716;229,715;229,714;228,713;228,712;228,711;227,711;227,710;227,709;226,708;226,707;225,707;225,706;224,706;224,705;223,705;223,704;222,704;221,704;220,704;220,703;219,703;218,703;217,703;216,703;215,703;214,703;213,703;213,704;212,704;211,704;210,705;209,705;208,706;207,706;207,707;206,707;205,707;205,708;204,708;203,708;202,709;201,710;200,710;199,711;197,712;196,712;195,713;194,714;193,715;193,717;192,718;191,719;191,720;190,722;190,723;190,724;190,725;189,726;189,727;189,728;189,729;189,730;189,731;189,732;190,733;190,734;190,735;191,738;191,739;191,740;191,742;191,743;191,744;191,745;190,747;190,748;190,749;190,750;189,753;189,754;189,755;189,756;189,758;189,759;189,760;189,762;188,763;188,764;188,765;188,766;188,768;188,769;188,770;188,771;188,772;188,773;188,774;188,775;188,776;189,777;189,778;190,779;191,780;192,781;193,781;194,782;195,782;196,782;197,783;198,783;199,783;200,784;201,784;202,785;203,785;203,786;204,786;204,787;205,787;205,788;205,789;206,790;206,791;207,791;207,792;208,793;209,794;210,794;210,795;211,795;212,796;213,796;214,796;215,796;216,796;217,796;218,797;219,797;220,797;221,797;222,797;223,797;224,797;225,797;226,797;227,797;228,797;229,797;230,797;
Artery, ICG; POLYGON; 34, 177, 76; 233,787;233,786;233,785;233,784;233,783;233,782;233,781;233,780;233,779;234,779;235,779;235,780;236,780;237,780;238,780;239,780;240,780;241,780;242,780;242,779;243,779;244,779;244,778;245,778;245,777;246,777;246,776;246,775;247,775;247,774;247,773;247,772;247,771;247,770;247,769;247,768;247,767;247,766;247,765;247,764;247,763;246,763;246,762;246,761;246,760;246,759;246,758;246,757;246,756;246,755;246,754;246,753;246,752;247,751;247,750;248,749;248,748;248,747;249,747;249,746;249,745;250,744;250,743;250,742;251,742;251,741;251,740;251,739;252,738;252,737;252,736;252,735;252,734;252,733;253,732;253,731;253,729;254,728;254,727;254,726;254,725;255,724;255,723;256,722;256,721;257,720;257,719;258,719;259,719;260,719;261,719;261,720;262,720;262,721;262,722;263,722;263,723;263,724;263,725;264,725;264,726;264,727;264,728;264,729;264,730;264,731;264,732;264,733;264,734;263,735;263,736;263,737;263,738;262,739;262,740;262,741;262,742;262,743;262,744;262,745;262,746;262,747;262,748;262,749;262,750;262,751;262,752;262,753;262,754;263,754;263,755;263,756;264,757;264,758;264,759;265,760;265,761;265,762;266,762;266,763;266,764;266,765;266,766;267,766;267,767;267,768;268,769;268,770;268,771;269,772;269,773;269,774;269,775;269,776;269,777;270,778;270,779;270,780;270,781;270,782;270,783;270,784;270,785;270,786;271,787;271,788;271,789;271,790;272,790;272,791;272,792;273,792;
Artery, ICG; POLYGON; 34, 177, 76; 262,776;262,774;262,773;262,772;262,771;262,770;262,769;262,768;262,767;262,766;262,765;262,764;262,763;262,762;262,761;262,760;262,759;262,758;262,757;262,756;263,756;263,755;263,754;264,754;264,753;265,753;265,752;266,752;266,751;267,750;267,749;268,749;268,748;269,748;269,747;270,747;270,746;271,746;271,745;272,745;273,745;274,744;275,744;275,743;276,743;276,742;277,742;277,741;278,741;278,740;279,740;279,739;280,738;280,737;281,737;281,736;282,736;282,735;283,735;284,734;285,734;285,733;286,733;286,732;287,732;288,731;289,731;289,730;290,730;290,729;291,729;291,728;292,728;292,727;293,727;293,726;294,726;294,725;295,725;295,724;296,724;296,723;296,722;297,722;297,721;297,720;297,719;298,719;298,718;298,717;298,716;298,715;298,714;299,714;299,713;299,712;299,711;299,710;299,709;299,708;300,707;300,706;301,705;301,704;302,703;302,702;303,701;304,700;304,699;304,698;305,698;305,697;305,696;306,695;306,694;306,693;306,692;306,691;306,690;306,689;306,688;306,687;306,686;305,686;305,685;305,684;305,683;305,682;305,681;304,680;304,679;304,678;304,677;304,676;303,676;303,675;303,674;302,674;302,673;302,672;301,672;301,671;300,671;299,671;299,670;298,670;297,670;296,670;295,670;294,669;293,669;292,669;291,669;291,668;290,668;289,668;288,668;287,668;286,668;286,667;285,667;284,667;283,667;282,667;281,667;280,668;279,668;278,669;277,669;277,670;276,670;276,671;275,671;275,672;274,672;274,673;273,673;273,674;273,675;272,675;272,676;272,677;271,677;271,678;271,679;271,680;271,681;271,682;271,683;271,684;271,685;271,686;270,686;270,687;269,687;268,687;268,688;267,688;266,688;265,688;264,688;263,688;262,688;261,688;260,688;259,688;258,688;257,688;256,688;255,688;254,688;253,688;252,688;251,688;250,688;249,688;248,688;247,688;246,688;245,688;244,688;243,688;242,688;240,688;239,689;238,689;237,689;236,689;235,689;234,690;233,690;232,690;231,691;230,691;229,691;229,692;228,692;227,692;227,693;226,693;225,694;224,694;224,695;223,695;222,697;221,698;220,699;219,700;218,701;218,702;217,703;217,704;216,705;216,706;216,707;215,708;215,709;215,711;214,711;214,712;214,713;214,714;214,715;214,716;214,717;214,718;214,719;214,720;215,720;215,721;216,722;217,722;217,723;218,723;218,724;219,724;220,724;221,724;221,725;222,725;223,725;224,725;225,725;226,725;227,725;228,725;229,725;230,725;231,725;232,725;233,725;234,725;236,725;237,725;238,725;239,725;239,726;240,726;240,727;240,728;240,729;240,730;240,731;240,732;240,733;240,734;240,735;241,735;241,736;241,737;242,737;242,738;242,739;243,739;243,740;244,740;244,741;245,742;246,743;247,744;247,745;248,746;249,746;249,747;250,748;251,748;251,749;252,749;252,750;252,751;252,752;252,753;253,753;254,754;
Artery, ICG; POLYGON; 34, 177, 76; 242,733;241,734;240,734;239,734;238,735;237,735;236,735;235,735;234,735;233,734;232,734;231,734;230,734;229,734;228,734;227,734;226,733;225,733;225,732;224,732;223,732;223,731;222,731;222,730;221,729;221,728;221,727;220,727;220,726;220,725;221,724;222,723;223,722;225,721;226,719;228,718;230,717;231,716;233,715;234,714;236,713;237,712;238,712;239,711;241,711;242,711;244,711;245,711;247,711;249,711;252,711;254,712;257,713;260,715;263,717;
Artery, ICG; POLYGON; 34, 177, 76; 291,674;291,673;290,673;290,672;289,672;289,671;288,671;288,670;287,670;287,669;286,668;286,667;285,667;285,666;284,665;284,664;284,663;283,663;283,662;283,661;283,660;283,659;283,658;283,657;283,656;283,655;283,654;283,653;283,652;283,651;283,650;283,649;283,648;283,647;283,646;283,645;283,644;283,643;283,642;283,641;283,640;283,639;282,639;282,638;282,637;282,636;281,635;281,634;280,633;280,632;280,631;279,630;279,629;278,628;278,627;277,626;277,625;277,624;276,624;276,623;276,622;276,621;275,621;275,620;275,619;275,618;274,618;274,617;274,616;274,615;274,614;274,613;274,612;274,611;274,610;274,609;274,608;274,607;274,606;274,605;274,604;274,603;274,602;274,601;275,600;275,599;275,598;276,597;276,596;276,595;277,595;277,594;278,593;278,592;278,591;279,591;279,590;280,589;280,588;281,587;282,586;283,585;284,584;285,584;286,583;286,582;287,581;288,580;289,579;289,578;290,577;290,576;291,576;291,575;292,575;292,574;293,573;294,572;295,571;296,570;297,570;297,569;298,569;298,568;299,568;300,566;300,565;301,565;301,564;302,563;302,562;303,562;303,561;304,560;304,559;305,559;305,558;306,558;307,557;307,556;308,556;308,555;309,555;309,554;309,553;310,553;310,552;310,551;311,550;311,549;311,548;312,548;312,547;312,546;312,545;312,544;312,543;312,542;312,541;312,540;312,539;312,538;311,538;311,537;310,536;309,535;308,534;308,533;307,533;307,532;306,531;305,530;305,529;304,529;304,528;303,528;302,527;301,527;300,527;299,527;298,527;297,527;296,527;295,527;294,527;293,527;292,527;291,527;290,527;289,527;288,527;287,527;286,527;285,527;284,527;283,527;282,527;281,527;280,526;279,526;278,526;277,526;276,526;275,525;274,525;273,525;272,525;271,525;270,525;270,524;269,524;268,524;267,524;266,524;265,524;264,524;263,524;262,524;261,524;260,524;259,524;259,525;258,525;257,525;256,525;255,525;254,525;253,525;252,525;251,525;250,525;249,525;248,525;247,525;246,525;245,525;244,525;243,525;243,526;242,526;241,526;241,527;240,527;240,528;239,528;239,529;238,530;237,531;237,532;236,533;236,534;235,534;235,535;234,535;234,536;233,536;233,537;232,537;232,538;231,538;231,539;230,539;230,540;229,540;229,541;228,541;228,542;227,542;227,543;226,544;225,544;225,545;225,546;224,546;224,547;223,548;223,549;223,550;223,551;223,552;223,553;223,554;223,555;223,556;223,557;223,558;223,559;223,560;223,561;223,562;223,563;223,564;223,565;223,566;223,567;223,568;223,569;223,570;223,571;223,572;223,573;223,574;223,575;223,576;223,577;223,578;223,579;223,580;222,580;222,581;222,582;222,583;222,584;222,585;222,586;222,587;221,588;221,589;221,590;221,591;221,592;221,593;221,594;221,595;221,596;221,597;221,598;221,599;221,600;221,601;221,602;221,603;221,604;221,605;221,606;222,606;222,607;222,608;223,608;223,609;223,610;223,611;224,611;224,612;224,613;225,613;225,614;225,615;225,616;226,616;226,617;226,618;226,619;227,620;227,621;227,622;227,623;227,624;227,625;227,626;227,627;227,628;228,629;228,630;228,631;228,632;229,633;229,634;229,635;229,636;229,637;229,638;229,639;229,640;229,641;230,641;230,642;230,643;230,644;230,645;230,646;230,647;230,648;230,649;231,649;231,650;231,651;231,652;231,653;231,654;232,654;232,655;232,656;232,657;232,658;232,659;232,660;232,661;232,662;232,664;232,665;232,666;232,667;232,668;232,669;232,670;233,671;233,672;233,673;233,674;233,675;233,676;233,677;234,677;234,678;234,679;234,680;234,681;234,682;234,683;235,684;235,685;235,686;235,687;235,688;235,689;235,690;235,691;234,691;234,692;234,693;234,694;234,695;234,696;234,697;234,698;234,699;234,700;234,701;235,702;236,702;236,703;237,704;238,704;238,705;239,705;239,706;240,706;241,707;242,707;242,708;243,708;244,708;244,709;245,709;246,709;247,709;248,709;249,710;250,710;251,710;252,710;253,710;254,710;255,710;256,710;257,710;258,710;260,710;261,710;263,710;
Vein; POLYGON; 63, 72, 204; 806,585;806,586;807,586;807,587;807,588;808,588;808,589;809,590;809,591;810,591;810,592;811,592;811,593;812,593;812,594;813,594;814,595;815,595;815,596;816,596;816,597;817,597;818,597;819,597;819,598;820,598;821,598;822,598;823,599;824,599;825,599;826,599;827,599;828,599;829,599;830,599;831,599;832,599;833,599;834,599;835,599;836,599;837,599;837,600;838,600;839,600;840,600;841,600;842,600;843,600;844,600;845,600;846,600;847,600;848,600;849,600;850,600;851,600;852,600;853,600;854,600;855,600;855,599;856,599;856,598;857,598;857,597;858,597;858,596;859,596;859,595;860,594;860,593;861,592;861,591;861,590;862,590;862,589;862,588;862,587;862,586;862,585;862,584;862,583;862,582;862,581;862,580;862,579;862,578;861,578;861,577;861,576;860,576;860,575;859,574;859,573;858,573;858,572;857,572;857,571;856,570;856,569;855,569;854,568;854,567;853,567;853,566;852,566;852,565;851,565;850,565;850,564;849,564;849,563;848,563;848,562;847,562;846,562;846,561;845,561;844,561;843,560;842,560;841,560;840,560;839,560;838,560;838,559;837,559;836,559;835,559;834,558;833,558;832,558;831,558;831,557;830,557;829,557;828,557;828,556;827,556;826,556;825,555;824,555;823,555;823,554;822,554;821,554;821,553;820,553;820,552;819,552;818,552;818,551;817,551;816,550;815,550;815,549;814,549;814,548;813,548;812,547;811,546;810,545;810,544;809,544;808,544;808,543;807,543;807,542;806,542;806,541;805,541;804,540;803,540;803,539;802,539;801,539;801,538;800,538;799,537;798,537;798,536;797,536;796,536;795,535;794,535;794,534;793,534;792,533;791,533;790,532;789,532;788,532;788,531;787,531;786,530;785,530;784,530;783,530;782,530;781,530;780,530;779,530;778,530;778,529;777,529;776,529;775,529;774,529;773,529;772,529;771,529;770,529;770,528;769,528;768,528;767,527;766,527;765,527;764,527;764,526;763,526;762,526;761,526;761,525;760,525;759,525;758,525;757,525;756,525;755,525;754,525;753,525;752,525;751,525;751,526;750,526;749,526;748,527;747,527;746,527;746,528;745,528;744,528;744,529;743,529;742,529;742,530;741,530;741,531;740,531;739,531;739,532;738,532;737,532;736,532;736,533;735,533;734,533;733,533;732,533;731,533;730,533;729,533;728,533;728,534;727,534;727,535;726,535;726,536;725,537;725,538;725,539;725,540;725,541;725,542;725,543;725,544;725,545;725,546;726,546;726,547;727,547;727,548;728,548;729,549;730,549;730,550;731,550;732,550;733,550;733,551;734,551;735,551;736,551;736,552;737,552;738,552;738,553;739,553;740,553;740,554;741,554;741,555;742,555;742,556;743,556;744,557;745,557;745,558;746,558;747,559;748,559;748,560;749,560;750,560;751,561;752,561;753,561;753,562;754,562;755,562;756,562;756,563;757,563;758,563;759,563;760,563;761,563;762,563;763,563;764,563;765,563;766,562;766,561;767,561;767,560;767,559;767,558;768,558;768,557;768,556;769,555;769,554;770,553;770,552;770,551;771,551;771,550;771,549;772,549;773,548;774,548;775,547;776,547;777,547;778,547;779,547;780,546;781,546;782,546;783,546;784,546;785,546;786,545;787,545;788,545;789,545;790,545;791,545;792,545;793,545;793,546;794,546;795,546;795,547;796,547;797,548;798,548;798,549;799,549;800,550;801,550;801,551;802,551;803,551;803,552;804,552;804,553;805,553;806,554;806,555;807,555;807,556;808,556;808,557;808,558;809,558;809,559;809,560;810,561;810,562;810,563;810,564;810,565;810,566;810,567;810,568;809,568;808,568;807,568;806,568;806,569;805,569;804,569;803,569;803,570;802,570;801,570;801,571;800,571;800,572;800,573;800,574;800,575;800,576;800,577;801,578;802,579;803,580;804,581;804,582;805,582;805,583;806,583;806,584;807,584;807,585;808,586;809,588;810,588;811,589;813,592;
Artery, ICG; POLYGON; 34, 177, 76; 863,596;863,595;864,595;864,594;864,593;865,593;865,592;865,591;865,590;865,589;865,588;865,587;865,586;865,585;864,585;864,584;864,583;864,582;864,581;864,580;863,580;863,579;863,578;863,577;863,576;863,575;862,575;862,574;862,573;862,572;861,572;861,571;861,570;860,570;860,569;859,569;859,568;858,568;858,567;857,567;856,567;855,566;854,566;853,565;852,565;851,565;851,564;850,564;849,564;848,564;847,564;847,563;846,563;845,563;844,563;844,562;843,562;842,562;841,562;840,562;839,562;838,562;838,561;837,561;836,561;835,561;834,561;833,561;833,560;832,560;831,560;831,559;830,559;829,559;828,558;827,558;826,558;826,557;825,557;824,557;824,556;823,556;822,556;822,555;821,555;821,554;820,554;820,553;819,553;819,552;818,552;818,551;817,551;817,550;816,550;816,549;815,549;815,548;814,548;814,547;813,547;813,546;812,546;812,545;811,545;811,544;810,544;809,543;808,543;808,542;807,542;806,542;805,541;804,541;803,540;802,540;801,540;801,539;800,539;799,539;798,539;797,538;796,538;795,538;794,538;793,538;793,537;792,537;791,537;790,537;790,536;789,536;788,536;787,535;786,535;785,535;785,534;784,534;783,534;783,533;782,533;781,533;780,532;779,532;778,532;777,532;776,532;775,532;774,532;773,532;772,532;771,532;771,531;770,531;769,531;768,531;767,531;766,531;766,530;765,530;764,530;763,530;763,529;762,529;761,529;761,528;760,528;760,527;760,526;760,525;760,524;760,523;761,523;761,522;762,522;762,521;763,521;763,520;764,520;765,519;766,519;767,519;767,518;768,518;769,518;770,517;771,517;772,517;773,517;774,517;775,517;776,517;778,517;779,517;781,517;783,517;785,517;786,516;788,516;790,516;791,516;792,516;794,516;795,516;796,517;798,517;799,518;800,518;802,518;804,519;805,519;806,520;808,520;809,521;811,521;812,522;814,522;815,523;816,523;818,524;819,524;821,525;822,525;824,526;826,526;828,526;830,527;832,527;833,527;835,527;837,528;838,528;840,528;841,529;842,529;844,530;845,531;846,531;847,532;848,532;850,533;851,533;853,534;855,534;857,535;858,535;860,536;861,536;863,537;864,537;866,538;867,538;868,539;869,540;870,541;870,542;871,542;871,543;871,544;872,545;872,546;872,547;872,548;873,549;873,550;873,551;873,552;874,553;874,554;874,555;875,555;875,556;875,557;876,558;876,559;877,559;877,560;878,560;878,561;879,561;879,562;880,562;880,563;881,563;881,564;882,565;882,566;883,566;883,567;884,567;884,568;885,569;885,570;886,570;886,571;886,572;887,573;887,574;888,575;888,576;888,577;888,578;888,579;888,580;888,581;888,582;888,583;888,584;888,585;887,586;887,587;887,588;886,589;886,590;885,590;884,590;883,590;882,590;881,590;880,591;879,591;879,592;878,592;878,593;877,593;876,594;876,595;875,596;875,597;874,597;874,598;874,599;873,599;873,600;873,601;873,602;872,602;872,603;872,604;872,605;872,606;873,606;
Artery, ICG; POLYGON; 34, 177, 76; 863,597;863,596;863,595;863,594;863,593;863,592;863,591;863,590;863,589;863,588;863,587;863,586;863,585;863,584;863,583;862,583;862,582;862,581;862,580;861,580;861,579;861,578;860,577;860,576;860,575;859,574;858,573;858,572;857,571;857,570;857,569;856,568;856,567;856,566;856,565;856,564;857,563;858,563;859,562;860,562;861,561;862,561;863,561;864,561;865,561;866,561;867,561;868,561;869,561;870,562;871,562;872,563;873,564;873,566;874,567;875,569;875,570;875,572;875,574;876,576;876,578;876,580;876,581;876,584;877,586;877,588;877,591;877,593;877,595;877,597;877,599;877,601;877,602;877,604;877,605;877,606;877,607;877,608;878,608;880,608;
Artery, ICG; POLYGON; 34, 177, 76; 467,478;467,479;467,480;467,481;467,482;467,483;467,484;468,485;468,486;469,486;470,487;471,487;471,488;472,488;473,488;474,488;475,488;476,488;477,488;478,488;479,488;480,488;481,488;482,488;483,488;484,488;485,488;486,487;487,487;488,487;489,487;490,487;491,487;492,487;493,487;493,488;494,488;494,489;495,490;495,491;496,491;496,492;496,493;497,493;497,494;498,494;498,495;498,496;499,496;499,497;500,497;500,498;501,498;501,499;502,499;502,500;503,500;503,501;504,501;504,502;505,503;505,504;506,504;506,505;507,505;508,505;508,506;509,506;510,507;511,507;512,507;513,507;514,507;515,507;516,507;517,507;518,507;519,507;520,507;521,507;521,508;522,508;523,508;524,508;525,508;526,508;527,508;528,508;529,508;530,508;531,509;532,509;533,509;534,509;534,510;535,510;536,510;536,511;537,511;538,511;539,511;540,511;541,511;542,511;543,511;544,511;545,511;545,510;546,510;547,510;547,509;548,509;548,508;549,507;549,506;550,506;550,505;551,505;551,504;551,503;552,503;552,502;553,502;553,501;554,500;554,499;555,498;555,497;555,496;555,495;556,495;556,494;556,493;556,492;556,491;556,490;556,489;556,488;556,487;556,486;555,486;555,485;555,484;554,483;554,482;553,482;553,481;552,481;552,480;551,479;550,478;549,478;549,477;548,477;547,476;546,476;545,475;544,475;543,475;541,475;540,474;539,474;537,474;535,475;533,476;532,477;531,477;531,478;
Artery, ICG; POLYGON; 34, 177, 76; 228,688;228,687;229,687;229,686;230,685;230,684;231,683;231,682;231,681;232,680;232,679;232,678;232,677;233,676;233,675;233,674;233,673;233,672;233,671;233,670;233,669;233,668;233,667;233,666;233,665;233,664;233,663;233,662;233,661;233,660;232,660;232,659;232,658;232,657;231,656;231,655;231,654;230,654;230,653;230,652;229,651;229,650;228,649;228,648;227,647;227,646;227,645;227,644;227,643;227,642;226,641;226,640;226,639;226,638;226,637;226,636;226,635;226,634;225,634;225,633;225,632;225,631;225,630;224,629;224,628;224,627;224,626;224,625;223,625;223,624;223,623;223,622;223,621;223,620;223,619;223,618;222,618;222,617;222,616;222,615;222,614;222,613;222,612;222,611;222,610;222,609;222,608;222,607;222,606;222,605;222,604;222,603;222,602;221,601;221,600;221,599;221,598;221,597;221,596;221,595;221,594;221,593;221,592;221,591;221,590;221,589;221,588;221,587;221,586;220,585;220,584;220,583;220,582;220,581;220,580;220,579;220,578;220,577;220,576;220,575;220,574;220,573;220,572;220,571;220,570;220,569;220,568;220,567;220,566;220,565;220,564;221,564;221,563;221,562;221,561;221,560;222,560;222,559;222,558;222,557;223,557;223,556;223,555;223,554;223,553;224,553;224,552;224,551;224,550;224,549;224,548;224,547;225,546;225,545;225,544;225,543;225,542;225,541;226,541;226,540;227,539;228,539;228,538;229,538;230,538;231,538;231,537;232,537;233,537;234,537;234,536;235,536;236,536;237,536;237,535;238,535;239,535;239,534;240,534;241,534;242,533;243,532;244,532;245,532;246,531;247,531;247,530;248,530;249,530;250,530;251,530;251,531;252,531;252,532;252,533;253,534;253,535;253,536;253,538;253,539;253,540;253,541;253,543;253,545;253,547;253,549;253,551;253,553;253,555;253,557;253,559;253,562;253,564;253,566;253,568;253,570;253,572;252,574;252,576;252,578;252,579;252,581;252,583;252,585;252,586;251,590;251,592;251,594;251,598;251,600;251,603;251,605;251,608;251,610;251,613;251,615;251,617;251,619;251,622;251,623;252,625;252,627;252,628;252,630;252,632;252,634;252,635;252,636;252,638;252,639;252,641;252,642;252,644;252,645;252,647;252,648;253,650;253,651;253,653;253,654;253,656;253,659;254,661;254,662;254,664;254,666;254,668;254,670;254,673;254,675;254,677;254,679;254,680;254,681;254,682;254,683;254,684;255,684;256,683;
Artery, ICG; POLYGON; 34, 177, 76; 220,698;220,697;221,697;221,696;221,695;221,694;221,693;221,692;221,691;221,690;221,689;222,689;222,688;222,687;222,686;223,686;223,685;223,684;224,684;224,683;225,682;225,681;225,680;226,680;226,679;227,678;227,677;228,677;228,676;229,676;229,675;229,674;230,674;230,673;230,672;230,671;230,670;230,669;230,668;230,667;230,666;230,665;230,664;230,663;230,662;229,661;229,660;229,659;229,658;228,658;228,657;228,656;228,655;228,654;227,653;227,652;227,651;226,650;225,648;225,647;225,646;225,644;224,643;224,642;224,641;224,640;223,639;223,638;223,637;223,636;223,635;223,634;223,633;223,632;224,631;224,629;225,628;225,627;225,626;225,625;226,624;226,622;226,621;227,620;227,619;227,618;227,617;228,617;228,616;228,615;229,615;230,614;230,613;231,613;232,613;232,612;233,612;234,612;235,613;236,613;236,614;237,614;238,616;239,617;240,618;240,619;241,621;242,622;242,623;243,625;243,627;244,628;244,630;245,633;246,635;246,637;247,640;248,642;248,645;249,648;249,650;250,653;250,655;251,660;251,662;251,664;251,666;251,668;251,670;251,672;251,673;252,675;252,676;252,678;252,679;252,680;252,681;252,682;252,683;252,684;252,685;251,686;250,687;250,689;249,690;249,691;248,692;248,693;247,695;247,696;246,697;245,698;245,699;245,700;244,700;244,699;244,698;
Artery, ICG; POLYGON; 34, 177, 76; 233,687;233,686;233,685;232,683;232,682;232,681;232,680;231,679;231,678;231,677;231,676;230,676;230,675;230,674;230,673;229,673;229,672;229,671;229,670;229,669;229,668;229,667;229,666;228,666;228,665;228,664;228,663;228,662;228,661;228,660;228,659;227,658;227,657;227,656;227,655;226,654;226,653;226,651;226,650;225,649;225,648;225,647;225,646;225,645;225,644;225,642;225,641;225,640;225,639;225,638;225,637;225,636;225,634;226,633;226,631;226,630;227,629;227,627;228,626;229,624;230,622;230,621;231,620;232,620;232,619;233,618;234,618;235,618;236,619;237,620;238,621;240,623;240,624;241,625;242,626;242,627;243,629;244,630;244,632;245,634;245,636;245,639;246,641;246,644;246,648;246,651;246,655;247,659;247,662;247,666;248,669;248,672;249,677;250,679;250,680;250,682;251,683;251,684;251,685;251,686;251,687;251,688;252,688;
Artery, ICG; POLYGON; 34, 177, 76; 224,680;224,679;224,678;223,677;223,676;223,675;223,674;223,673;223,672;223,671;223,670;223,669;223,668;223,667;223,666;223,665;223,664;223,663;223,662;223,661;223,660;223,659;223,658;223,657;223,656;223,655;223,654;223,653;223,652;223,651;223,650;223,649;223,648;223,647;222,646;222,645;222,644;222,643;222,642;221,641;221,640;221,639;221,638;221,637;221,636;221,635;221,634;221,633;221,632;221,631;221,630;220,629;220,628;220,627;220,626;220,625;220,624;220,623;219,622;219,621;219,620;219,619;219,618;219,617;219,616;219,615;218,615;218,614;218,613;218,612;218,611;218,610;217,610;217,609;217,608;217,607;217,606;217,605;217,604;217,603;217,602;217,601;217,600;217,599;217,598;217,597;217,596;216,595;216,594;216,593;216,592;216,591;216,590;216,589;216,588;216,587;216,586;216,585;216,584;216,583;216,582;216,581;216,580;216,579;216,578;216,577;216,576;216,575;216,574;216,573;216,572;215,571;215,570;215,569;215,568;215,567;215,566;215,565;215,564;215,563;215,562;216,562;216,561;216,560;216,559;217,558;217,557;218,557;218,556;219,555;219,554;220,554;220,553;221,553;221,552;222,551;223,550;223,549;224,549;224,548;225,548;225,547;226,547;226,546;227,546;228,545;229,545;230,545;231,545;232,545;233,545;234,545;235,545;236,545;237,545;238,546;239,547;239,548;240,550;241,553;242,554;242,557;243,559;243,562;244,565;245,569;245,573;245,577;246,582;246,587;246,592;246,596;246,600;246,603;246,606;245,608;245,611;245,614;245,616;245,618;245,620;245,622;245,624;245,626;245,628;245,629;245,631;245,633;245,635;245,637;245,639;245,641;245,643;245,645;245,648;245,649;245,650;245,651;
Artery, ICG; POLYGON; 34, 177, 76; 223,697;224,695;224,694;225,693;225,692;226,691;226,690;227,689;227,688;228,687;228,686;228,685;229,684;229,683;229,682;229,680;230,679;230,678;230,677;230,676;230,674;230,673;230,672;230,671;229,670;229,669;229,668;228,667;228,666;227,665;227,664;226,663;226,662;226,661;226,660;226,659;226,658;226,657;226,656;226,655;226,654;226,653;226,652;226,651;226,650;225,649;225,648;225,647;225,646;225,645;225,644;225,643;225,642;225,641;225,640;225,639;225,638;225,637;225,636;225,635;225,634;224,634;224,633;224,632;224,631;224,630;224,629;224,628;223,627;223,626;223,625;223,624;223,623;223,622;223,621;223,620;223,619;222,618;222,617;222,616;222,615;222,614;222,613;222,612;222,611;222,610;222,609;222,608;222,607;222,606;222,605;222,603;222,602;221,602;221,600;221,599;221,598;221,597;221,596;221,595;221,594;220,593;220,592;220,591;220,590;219,589;219,588;219,587;219,586;219,585;219,584;219,583;219,582;219,581;219,580;219,578;219,577;219,575;219,574;219,573;219,572;219,571;219,570;219,568;219,567;220,566;220,565;220,564;220,563;220,562;221,562;221,561;221,560;221,559;221,558;221,557;221,556;222,555;222,554;222,553;222,552;222,551;222,550;223,549;223,548;223,547;224,546;225,545;225,544;226,544;226,543;227,543;227,542;228,542;228,541;229,541;229,540;230,540;231,539;231,538;232,538;233,537;233,536;234,536;234,535;235,535;235,534;236,534;237,533;238,533;238,532;239,532;240,532;240,531;241,531;242,531;243,531;244,530;245,530;246,530;247,530;248,530;249,530;250,530;251,530;252,530;253,530;253,531;254,531;255,531;255,532;256,532;256,533;257,533;257,534;258,536;258,537;258,538;258,539;258,540;258,542;258,544;258,547;258,549;258,552;258,556;258,559;257,563;256,566;256,570;255,574;255,578;254,581;254,584;253,587;253,589;253,590;253,591;252,593;252,594;251,595;251,596;250,596;250,597;250,598;250,599;
Vein; POLYGON; 63, 72, 204; 209,683;210,683;210,684;211,684;211,685;212,685;213,686;214,686;214,687;215,687;216,687;217,687;218,687;218,686;218,685;219,685;219,684;220,684;220,683;221,683;221,682;221,681;221,680;221,679;221,678;221,677;221,676;221,675;221,674;221,673;221,672;221,671;221,670;221,669;221,668;221,667;221,666;221,665;221,664;221,663;221,662;221,661;221,660;221,659;221,658;221,657;221,656;221,655;221,654;221,653;221,652;221,651;221,650;221,649;221,648;221,647;221,646;221,645;221,644;221,643;221,642;221,641;221,640;221,639;221,638;221,637;221,636;221,635;221,634;221,633;221,632;221,631;221,630;221,629;220,628;220,627;220,626;220,625;220,624;220,623;219,623;219,622;219,621;219,620;218,620;218,618;218,617;217,617;217,616;217,615;217,614;216,613;216,612;216,611;216,610;216,609;216,608;215,607;215,606;215,605;215,604;215,603;215,602;215,601;215,600;214,600;214,599;214,598;214,597;214,596;214,595;214,594;214,593;214,592;214,591;214,590;214,589;214,588;214,587;214,586;214,585;214,584;214,583;214,582;214,581;214,580;214,579;214,578;214,577;214,576;214,575;214,574;214,573;214,572;214,571;214,570;214,569;214,568;213,568;213,567;213,566;213,565;213,564;213,563;213,562;213,561;213,560;213,559;214,559;214,558;214,557;215,557;215,556;216,556;216,555;217,555;217,554;218,553;218,552;219,552;219,551;220,551;220,550;220,549;221,549;221,548;222,548;222,547;223,547;223,546;223,545;224,545;224,544;225,544;225,543;225,542;226,542;226,541;227,541;227,540;228,540;228,539;229,538;230,537;230,536;231,536;231,535;232,535;232,534;233,534;233,533;234,533;234,532;235,532;235,531;236,531;236,530;237,529;237,528;238,528;238,527;238,526;239,526;239,525;239,524;239,523;240,523;240,522;240,521;241,521;241,520;241,519;241,518;241,517;241,516;241,515;241,514;241,513;241,512;240,511;239,511;239,510;238,510;238,509;237,509;236,509;235,509;234,508;233,508;232,508;230,508;229,508;228,509;226,509;224,511;221,512;220,513;219,514;217,515;215,516;214,517;213,517;213,518;212,518;212,519;211,519;211,520;210,520;210,521;209,521;209,522;208,523;207,523;207,524;206,525;205,526;204,527;203,528;203,529;202,530;202,531;200,534;199,537;197,540;196,544;196,546;196,547;195,554;194,556;194,561;194,565;194,568;193,570;193,574;193,579;193,582;194,587;195,590;196,593;198,595;200,597;202,599;
Vein; POLYGON; 63, 72, 204; 145,532;145,531;144,530;144,529;144,528;143,528;143,527;143,526;143,525;143,524;144,523;144,522;145,522;145,521;145,520;145,519;146,519;146,518;146,517;146,516;147,515;147,514;147,513;147,512;148,512;148,511;148,510;149,509;149,508;149,507;149,506;150,506;150,505;150,504;150,503;151,502;151,501;151,500;151,499;151,498;152,498;152,497;153,496;153,495;154,495;154,494;155,494;156,494;156,493;157,493;158,493;158,492;159,492;160,492;161,492;162,492;164,492;165,493;166,493;167,494;168,495;169,496;171,497;172,498;172,499;173,501;174,502;175,504;175,505;176,507;176,509;176,511;176,513;176,516;176,519;176,522;175,525;175,527;174,530;173,533;173,536;173,538;172,540;172,542;171,544;171,546;171,547;170,548;170,549;
Vein; POLYGON; 63, 72, 204; 145,520;145,519;145,518;145,517;145,516;146,516;146,515;146,514;147,514;147,513;147,512;148,512;148,511;148,510;149,509;149,508;149,507;150,506;150,505;150,504;150,503;150,502;151,501;151,499;151,498;151,497;151,496;151,495;151,494;151,493;151,492;151,491;151,490;151,489;152,488;152,487;153,486;154,486;154,485;156,483;157,483;158,482;159,482;160,482;162,481;163,481;164,480;167,480;168,480;170,480;172,480;175,480;
Vein; POLYGON; 63, 72, 204; 537,428;536,428;535,428;534,428;533,428;532,428;531,428;530,428;529,428;528,428;527,428;526,428;525,428;524,428;523,428;522,428;521,427;520,427;519,427;518,427;517,426;516,426;515,426;514,425;513,425;512,424;511,424;511,423;510,423;509,423;509,422;508,422;507,422;507,421;506,421;506,420;505,420;504,419;503,419;502,418;501,418;500,418;499,418;498,417;497,417;496,417;496,416;495,416;494,416;493,416;493,415;492,415;491,415;490,415;490,414;489,414;488,414;487,414;487,413;486,413;485,413;484,413;483,412;482,412;481,411;480,411;479,410;478,410;477,409;476,409;475,408;474,408;474,407;473,407;472,406;472,405;471,405;471,404;471,403;470,403;470,402;470,401;469,401;469,400;468,400;468,399;467,399;466,399;466,398;465,398;465,397;464,397;464,396;463,396;463,395;463,394;463,393;464,393;464,392;465,392;466,391;466,390;467,390;468,389;469,389;469,388;470,387;471,387;471,386;472,386;473,385;474,385;475,384;476,383;477,382;478,382;478,381;479,381;479,380;480,380;481,380;482,380;483,380;484,380;485,380;486,381;487,381;488,382;489,382;489,383;490,383;491,384;492,384;492,385;493,385;493,386;494,386;494,387;495,387;496,388;497,388;497,389;498,389;498,390;499,390;499,391;500,391;500,392;500,393;501,393;501,394;501,395;501,396;502,396;502,397;502,398;502,399;502,400;503,400;503,401;503,402;504,402;504,403;505,403;505,404;506,404;506,405;507,405;507,406;508,406;508,407;508,408;509,408;509,409;509,410;509,411;510,411;510,412;511,413;512,413;512,414;513,414;514,414;515,414;515,415;516,415;517,415;518,415;519,415;520,415;520,416;521,416;522,416;523,416;524,416;524,417;525,417;526,417;527,417;528,417;529,417;530,418;531,418;532,418;533,418;533,419;534,419;535,419;536,419;536,420;537,420;537,421;538,421;539,421;539,422;540,422;541,422;541,423;542,423;543,423;543,424;544,424;
Artery, ICG; POLYGON; 34, 177, 76; 349,40;350,39;351,39;352,39;353,39;354,39;354,38;355,38;356,38;357,38;358,38;359,38;360,38;361,38;362,38;363,38;363,39;364,39;365,39;366,39;367,39;369,39;370,39;371,39;372,39;373,39;374,39;375,39;376,39;377,39;378,39;379,39;380,39;381,39;382,39;382,38;383,38;384,38;385,38;385,37;386,37;387,37;387,36;388,36;389,35;390,35;391,35;392,34;393,34;394,34;394,33;395,33;396,33;397,32;398,32;399,32;400,32;401,31;402,31;403,31;404,31;405,30;406,30;407,30;408,30;409,29;410,29;411,29;412,29;413,29;413,28;414,28;415,28;416,28;417,27;418,27;419,27;419,26;420,26;421,26;422,26;422,25;423,25;424,25;425,25;425,24;426,24;427,24;428,24;429,23;430,23;431,23;432,23;432,22;433,22;434,22;435,22;436,22;437,22;438,21;439,21;440,21;441,21;442,20;443,20;444,20;445,19;446,19;447,19;448,19;448,18;449,18;450,18;451,18;452,18;452,17;453,17;454,17;455,17;456,16;457,16;458,16;459,16;460,16;461,16;462,15;463,15;464,15;465,15;466,15;467,14;468,14;469,14;470,14;471,13;472,13;473,13;474,13;474,12;475,12;476,12;477,11;478,11;479,11;480,11;480,10;481,10;482,10;483,10;484,10;486,9;487,9;488,8;489,8;490,8;491,8;491,7;492,7;493,7;493,6;494,6;495,5;496,5;496,4;497,4;497,3;496,3;495,3;494,2;493,2;492,2;491,2;490,2;488,2;487,2;486,2;484,1;481,1;479,1;477,1;475,1;474,1;473,1;472,1;471,1;470,1;469,1;468,1;467,1;466,1;466,2;465,2;464,2;463,2;462,2;461,2;460,2;459,2;458,2;456,2;455,3;454,3;453,3;452,3;451,3;450,3;449,3;448,3;447,3;446,3;445,3;444,3;443,3;442,3;441,3;440,3;439,3;438,3;437,3;435,3;434,3;433,3;433,4;431,4;430,4;429,4;428,4;427,4;426,4;425,4;424,4;423,4;422,4;421,4;420,4;419,4;418,4;414,5;413,5;412,5;411,5;410,5;408,5;407,5;406,5;405,5;404,5;403,5;402,5;401,5;400,5;399,5;398,5;397,5;396,5;395,5;394,5;393,5;392,5;391,4;390,4;388,4;387,4;386,4;385,4;384,4;383,4;382,4;381,4;380,4;379,4;378,4;377,4;376,4;375,4;374,4;373,4;372,4;371,4;370,4;369,4;368,4;367,4;366,4;364,4;363,4;361,4;359,4;357,4;356,4;355,4;354,4;353,4;352,5;351,5;351,6;350,6;350,7;349,8;349,9;348,10;348,11;348,12;348,13;348,14;348,15;348,16;349,17;350,19;
Stroma, ICG; POLYGON; 255, 255, 255; 17,717;18,717;18,716;19,716;20,715;21,714;22,713;22,712;23,712;23,711;24,710;24,709;25,708;25,707;26,706;26,705;27,704;27,703;28,703;28,702;29,701;30,700;30,699;31,699;32,699;33,699;33,698;34,698;34,697;35,697;36,697;36,696;37,696;37,695;38,694;38,693;38,692;39,692;39,691;39,690;40,690;40,689;40,688;41,688;41,687;41,686;42,686;42,685;43,685;43,684;44,683;44,682;45,681;45,680;46,679;46,678;46,677;47,677;47,676;47,675;48,674;48,673;49,673;49,672;50,671;50,670;51,669;52,668;52,667;53,667;53,666;54,666;54,665;54,664;55,664;55,663;56,663;56,662;56,661;57,660;57,659;57,658;58,658;58,657;58,656;59,655;59,654;59,653;60,653;60,652;60,651;61,650;61,649;62,648;62,647;63,646;63,645;64,644;64,643;64,642;65,641;65,640;66,639;67,638;67,637;68,636;68,635;69,635;69,634;70,633;70,632;71,631;71,630;71,629;72,629;72,628;73,628;73,627;74,626;75,626;75,625;76,625;76,624;77,624;77,623;77,622;78,622;78,621;79,620;79,619;80,619;80,618;81,618;81,617;82,617;82,616;82,615;83,615;83,614;84,613;84,612;84,611;85,611;85,610;85,609;86,609;86,608;87,607;88,606;88,605;89,604;89,603;90,603;90,602;91,601;91,600;91,599;91,598;92,597;92,596;92,595;93,594;93,593;94,592;94,591;95,590;95,589;95,588;95,587;95,586;96,586;96,585;96,584;96,583;97,582;97,581;97,580;98,580;98,579;98,578;99,578;99,577;99,576;100,576;100,575;100,574;101,574;101,573;101,572;102,572;102,571;102,570;102,569;102,568;102,567;103,567;103,566;103,565;103,564;104,563;104,562;104,561;104,560;104,559;104,558;105,558;105,557;105,556;105,555;106,555;106,554;107,553;108,552;109,551;110,551;110,550;111,550;112,549;113,548;114,547;115,547;116,546;117,546;117,545;118,545;118,544;119,544;120,543;121,542;122,542;123,541;123,540;124,540;124,539;125,539;125,538;126,538;126,537;127,536;128,535;128,534;129,534;129,533;130,532;131,531;131,530;132,530;132,529;133,529;133,528;134,528;134,527;134,526;135,525;135,524;136,523;136,522;136,521;137,521;137,520;137,519;137,518;138,517;138,516;138,515;138,514;139,513;139,512;139,511;140,511;140,510;140,509;141,508;141,507;141,506;142,506;142,505;142,504;143,503;143,502;146,497;146,496;146,495;147,494;147,493;148,492;148,491;148,490;149,489;149,488;149,487;149,486;149,485;149,484;149,483;149,482;149,481;149,480;148,480;148,479;148,478;148,477;147,476;147,475;146,474;146,473;145,472;145,471;145,470;144,470;144,469;144,468;143,468;143,467;142,467;142,466;141,466;141,465;140,465;139,465;139,464;138,464;137,463;136,463;135,463;134,462;133,462;132,462;131,462;130,461;129,461;128,461;127,461;126,461;125,461;124,461;123,461;122,461;121,461;120,461;119,461;118,461;117,461;116,461;115,461;114,462;113,462;112,462;111,462;110,462;109,463;108,463;107,463;106,463;106,464;105,464;104,464;104,465;103,465;102,465;102,466;101,466;100,467;99,467;98,467;97,467;97,468;96,468;95,468;94,468;93,468;92,468;91,468;90,468;89,468;88,468;87,468;86,468;85,468;84,468;83,468;82,467;81,467;80,467;79,466;78,466;77,466;76,466;75,466;74,465;73,465;72,465;71,465;70,465;69,465;68,465;67,465;66,465;65,465;64,465;63,465;62,465;61,465;60,465;59,465;58,465;57,465;56,466;55,466;54,466;54,467;53,467;52,467;51,468;50,468;49,469;48,470;47,470;47,471;46,471;46,472;45,473;44,474;44,475;43,475;43,476;42,477;42,478;41,478;41,479;41,480;41,481;41,482;41,483;41,484;41,485;41,486;41,487;41,488;42,488;42,489;42,490;43,490;43,491;43,492;43,493;43,494;43,495;43,496;42,497;41,497;40,498;39,498;39,499;38,499;37,499;36,500;35,501;34,501;33,502;32,502;32,503;31,503;29,505;28,505;27,506;26,507;25,507;24,508;23,508;22,508;21,509;20,509;19,510;18,510;17,510;15,511;14,511;13,511;13,512;12,512;11,512;10,512;9,512;8,512;8,513;7,513;7,514;7,515;6,515;6,516;6,517;5,518;5,519;5,520;5,521;5,522;5,523;5,524;5,525;5,526;5,527;5,528;5,529;5,530;5,531;5,532;5,533;5,534;6,536;6,537;6,538;7,539;7,540;7,541;7,542;8,543;8,544;8,545;8,546;9,547;9,548;9,549;9,550;9,551;9,552;9,553;9,554;9,555;9,556;9,557;9,558;9,559;9,560;9,561;9,562;9,563;8,564;8,566;8,567;7,568;7,569;7,570;7,571;7,572;6,572;6,573;6,574;6,575;6,576;5,577;5,578;5,579;5,580;5,581;4,581;4,582;4,583;4,584;4,585;4,586;4,587;3,588;3,589;3,590;2,591;2,592;2,593;2,594;2,596;1,597;1,598;1,599;1,600;1,601;1,602;1,603;1,604;1,605;1,606;1,607;1,608;1,609;1,611;1,612;0,613;0,614;0,615;0,616;0,617;0,618;0,619;0,620;0,621;0,622;0,623;0,624;0,625;0,626;0,627;0,628;0,629;0,630;0,631;0,632;0,633;0,634;0,635;0,636;0,637;0,638;0,639;0,640;-1,641;-1,642;-1,643;-1,644;-1,645;-1,646;-1,647;-1,648;-1,649;-1,650;-1,651;-1,652;-1,653;-1,654;-1,655;-1,656;-1,657;-1,658;-1,659;-1,660;-1,661;0,662;0,663;0,664;0,665;1,666;1,667;1,668;1,669;1,670;2,671;2,672;2,673;2,674;2,675;3,675;3,676;3,677;3,678;4,678;4,679;4,680;4,681;4,682;4,683;5,684;5,685;5,686;5,687;5,688;5,689;5,690;5,691;5,692;5,693;4,693;4,694;4,695;4,696;4,697;3,698;3,699;3,700;2,701;2,702;2,703;1,704;1,705;1,706;1,707;1,708;1,709;1,710;1,711;1,712;1,713;1,714;1,715;2,715;3,715;4,715;5,715;7,715;
Stroma, ICG; POLYGON; 255, 255, 255; 86,597;86,596;87,595;87,594;87,593;88,592;88,590;89,590;89,588;90,587;91,586;91,585;92,584;92,583;93,582;93,581;94,580;95,579;95,578;95,577;96,577;96,576;96,575;97,574;97,573;98,573;98,572;98,571;99,571;99,570;100,570;101,570;102,570;102,569;103,569;103,568;104,568;104,567;105,567;105,566;106,566;106,565;106,564;107,564;107,563;107,562;108,562;108,561;109,561;109,560;110,560;110,559;111,558;112,558;112,557;112,556;113,556;113,555;114,555;114,554;115,554;115,553;116,553;117,552;118,551;119,550;120,549;121,548;122,548;122,547;123,547;123,546;124,546;124,545;125,545;126,544;127,544;127,543;128,543;128,542;129,542;129,541;130,541;131,540;132,539;133,538;133,537;134,537;134,536;135,535;135,534;136,534;136,533;137,533;137,532;138,531;138,530;139,529;139,528;140,528;140,527;141,526;141,525;141,524;141,523;142,523;142,522;142,521;142,520;143,520;143,519;143,518;144,518;144,517;144,516;145,516;145,515;145,514;146,514;146,513;146,512;147,511;147,510;147,509;148,508;148,507;149,506;149,505;150,504;150,503;151,502;151,501;151,500;151,499;152,498;152,496;152,495;152,494;153,493;153,492;153,491;154,490;154,489;155,488;155,487;155,486;155,485;155,484;155,483;155,481;155,480;155,479;155,478;154,477;154,476;153,476;153,475;152,474;152,473;151,473;151,472;150,472;149,471;149,470;148,470;148,469;147,469;147,468;146,468;146,467;145,467;145,466;144,466;143,465;142,465;142,464;141,464;140,464;136,464;133,464;129,465;122,469;118,471;115,473;111,475;108,478;104,480;102,483;100,487;97,492;94,497;88,509;87,512;86,515;
Stroma, ICG; POLYGON; 255, 255, 255; 98,474;97,474;96,473;95,472;94,472;94,471;93,471;92,471;92,470;91,470;90,469;89,469;88,469;88,468;87,468;86,468;85,467;84,467;84,466;83,465;83,464;83,463;82,462;82,461;82,460;82,459;82,458;83,457;83,456;84,456;84,455;85,454;86,453;87,453;87,452;88,451;89,451;89,450;90,450;90,449;91,449;91,448;92,448;93,447;94,447;95,447;96,447;97,447;98,447;100,447;101,447;102,447;102,446;103,446;104,446;104,445;105,444;106,444;106,443;106,442;107,441;107,440;107,439;107,438;106,438;106,437;105,437;104,437;104,436;102,436;101,436;100,435;99,435;98,435;97,435;96,435;95,435;94,435;93,435;92,435;91,435;90,435;89,435;88,436;87,436;87,437;86,437;85,438;84,438;84,439;83,439;82,440;81,441;80,441;79,442;78,442;78,443;77,443;76,443;75,443;74,444;73,444;72,444;71,444;70,444;69,444;68,444;67,445;66,445;65,445;64,445;63,445;62,445;61,445;60,445;59,445;58,445;57,445;56,445;56,444;55,444;54,444;54,443;53,443;53,442;52,442;51,442;51,441;50,441;49,441;49,440;48,440;48,439;47,439;47,438;47,437;46,437;46,436;46,435;45,435;45,434;45,433;45,432;45,431;45,430;46,429;46,428;47,427;47,426;48,425;48,424;49,423;49,422;49,421;50,421;50,420;51,419;51,418;52,418;52,417;53,416;54,415;56,414;57,413;58,412;59,412;59,411;60,411;61,411;61,410;62,410;62,409;62,408;62,407;62,406;61,406;61,405;60,405;60,404;59,403;59,402;58,402;57,401;56,400;55,399;54,398;53,397;53,396;52,396;51,395;50,394;49,394;48,394;47,394;46,394;45,394;44,394;43,394;42,394;41,394;40,394;39,394;37,394;36,394;35,394;34,394;33,394;32,394;31,394;30,393;29,393;28,393;27,392;26,392;26,391;25,391;24,390;24,389;23,389;23,388;23,387;23,386;23,385;23,384;23,383;23,382;23,381;24,380;24,379;25,378;25,377;25,376;26,375;26,374;26,373;27,373;27,372;27,371;28,371;28,370;29,370;30,369;31,369;31,368;32,368;33,367;34,367;35,367;36,367;37,367;38,367;39,368;40,368;41,369;42,370;43,370;43,371;44,372;45,372;46,373;46,374;47,375;48,375;48,376;49,377;50,378;51,379;52,379;52,380;53,380;54,380;55,380;56,380;57,380;58,380;59,379;60,378;60,377;61,377;61,376;62,375;62,374;62,373;63,373;63,372;63,371;64,369;64,368;65,367;65,366;65,365;65,364;66,362;66,361;66,360;66,359;67,359;67,358;67,357;68,357;68,356;69,355;70,355;70,354;71,354;72,354;73,354;74,354;75,354;76,354;77,354;78,354;79,354;80,354;81,354;82,354;83,354;84,354;85,354;86,354;87,354;88,354;89,354;90,354;91,354;92,354;93,354;94,354;95,353;96,353;97,353;98,353;98,352;99,352;100,352;100,351;101,351;102,351;104,350;105,349;106,349;108,348;109,347;110,347;111,346;112,346;113,346;114,345;115,345;116,345;117,345;118,344;119,344;120,344;121,343;122,343;123,343;124,342;125,342;126,342;127,342;128,342;128,341;129,341;131,341;132,340;133,340;135,340;137,339;138,339;139,338;140,338;141,338;142,338;144,337;146,337;147,337;148,337;148,336;149,336;150,336;151,336;151,335;152,335;153,334;154,334;155,334;155,333;156,333;156,332;157,332;157,331;158,331;158,330;158,329;159,328;159,327;159,326;159,325;159,324;159,323;159,322;159,321;159,319;159,318;159,317;159,316;159,315;159,314;159,313;159,312;159,311;159,310;159,309;159,308;158,308;158,307;158,306;158,305;157,304;157,303;156,303;156,302;155,302;155,301;154,301;154,300;153,300;153,299;152,299;152,298;151,298;151,297;150,297;149,296;148,295;147,295;146,294;145,294;144,293;143,293;142,293;142,292;141,292;140,292;139,291;138,291;137,290;136,290;135,290;134,289;133,289;132,289;131,288;130,288;129,288;129,287;128,287;127,287;126,287;125,286;124,285;123,285;121,284;120,284;119,284;119,283;118,283;117,282;116,281;115,281;115,280;114,280;114,279;113,279;113,278;112,278;112,277;111,276;110,275;110,274;109,274;109,273;109,272;108,272;108,271;108,270;107,269;107,268;107,267;106,267;106,266;106,265;105,265;105,264;105,263;104,263;104,262;104,261;103,261;103,260;102,259;102,258;101,258;101,257;100,256;99,256;99,255;98,254;97,253;96,252;95,251;94,251;94,250;93,250;93,249;92,249;91,248;90,248;89,248;88,248;87,247;86,247;85,247;84,247;83,247;82,247;81,247;80,247;79,247;78,247;77,247;76,247;76,246;75,246;74,246;73,246;72,246;71,246;70,246;69,246;68,246;67,246;66,246;65,246;64,246;63,246;62,246;61,246;60,246;59,246;59,245;58,245;57,245;56,245;55,245;54,245;53,245;52,245;51,245;50,245;49,245;48,245;47,245;46,245;45,245;44,245;43,245;42,245;41,245;40,245;39,245;38,245;37,245;37,244;36,244;35,244;34,244;33,244;32,244;32,243;31,243;30,243;29,243;28,242;27,242;27,241;26,241;25,241;25,240;24,240;23,240;22,240;22,239;21,239;20,238;19,238;19,237;18,237;17,236;16,236;15,236;14,235;13,235;12,235;11,235;10,235;10,236;9,236;8,236;7,236;7,237;6,237;5,237;5,238;4,238;4,239;4,240;4,241;4,242;4,243;4,244;4,245;4,246;4,247;4,248;4,249;4,250;4,251;4,252;4,253;5,253;5,254;5,255;5,256;5,257;6,257;6,258;6,259;6,260;6,261;6,262;6,263;6,264;6,265;6,266;6,267;6,268;6,269;6,270;6,271;6,272;6,273;5,274;5,275;5,276;5,278;5,279;5,280;5,281;5,282;5,283;5,284;5,285;5,286;5,287;5,288;5,289;5,290;5,291;5,292;5,293;5,294;5,295;5,296;5,297;5,298;5,299;5,300;5,301;5,302;5,303;5,304;5,305;6,306;6,307;6,308;6,309;6,310;6,311;6,312;6,313;6,314;6,315;6,316;6,317;6,318;7,319;7,320;7,321;7,322;7,323;7,324;7,325;7,326;8,326;8,327;8,328;8,329;8,330;8,331;9,331;9,332;9,333;9,334;9,335;10,336;10,337;10,338;10,339;10,340;10,341;10,342;10,343;10,344;10,345;10,346;10,347;11,348;11,349;11,350;11,351;11,352;11,353;11,354;11,355;11,356;11,357;11,358;11,359;11,360;11,361;11,362;11,363;10,364;10,365;10,366;10,367;9,367;9,368;8,368;8,369;8,370;7,371;7,372;6,372;6,373;6,374;5,375;5,376;4,378;4,379;4,380;3,381;3,382;3,383;2,384;2,385;2,386;2,387;2,388;2,389;2,390;2,391;2,392;2,393;2,394;2,395;2,396;2,397;2,398;2,399;2,400;2,401;2,402;2,403;2,405;2,406;2,407;2,408;2,409;2,410;2,411;2,412;2,413;2,414;2,415;1,416;1,417;1,418;1,419;0,420;0,421;0,422;0,423;0,424;-1,425;-1,426;-1,427;-1,428;-1,429;-1,430;-1,431;-1,432;-1,433;-1,434;-1,436;-1,437;-1,438;-1,439;-1,440;-1,441;-1,442;-1,443;-1,444;-1,445;-1,446;-1,447;-1,448;-1,449;-1,450;-1,451;-2,451;-2,452;-2,453;-2,454;-2,455;-2,456;-2,457;-2,458;-2,459;-1,460;-1,461;-1,462;0,462;0,463;1,463;1,464;2,464;2,465;3,465;3,466;4,466;5,466;5,467;6,467;7,467;8,467;9,467;9,468;10,468;11,468;12,468;13,468;13,469;14,469;15,469;16,469;17,469;18,469;19,469;19,470;20,470;21,470;22,470;23,470;24,470;25,470;26,470;27,470;28,470;29,470;30,470;31,470;32,470;33,470;34,470;35,470;36,470;37,470;38,470;39,470;40,470;41,470;42,471;43,471;44,471;45,471;46,472;47,472;48,472;48,473;49,473;50,474;51,474;52,475;53,476;53,477;54,478;54,479;55,480;55,481;56,482;56,483;56,484;56,485;57,485;57,486;57,487;58,488;58,489;59,489;59,490;60,490;60,491;61,491;61,492;62,492;63,492;63,493;64,493;65,493;65,494;66,494;67,494;68,494;69,494;69,495;70,495;71,495;72,495;73,495;74,495;75,495;76,495;77,495;78,495;80,495;81,495;82,494;83,494;84,493;85,492;86,491;87,491;88,490;89,489;89,488;90,487;91,487;91,486;92,485;93,485;94,485;95,485;95,486;
Stroma, ICG; POLYGON; 255, 255, 255; 88,445;88,444;89,444;89,443;90,443;90,442;91,442;92,441;93,441;94,441;95,441;96,441;97,441;98,441;99,441;100,441;101,441;101,442;102,442;103,442;104,443;105,443;106,443;107,443;107,444;108,444;109,444;110,444;111,444;111,445;112,445;113,445;114,446;115,446;116,447;117,447;118,447;119,447;120,447;120,448;121,448;122,448;123,448;124,448;125,447;126,447;127,447;128,446;129,446;130,445;131,445;131,444;132,444;133,444;133,443;134,443;135,442;136,442;136,441;137,441;138,441;138,440;139,440;140,440;141,440;142,440;143,439;144,439;145,439;146,439;147,438;148,438;149,438;149,437;150,437;151,436;152,436;152,435;153,435;154,434;155,434;156,433;157,433;157,432;158,432;159,431;160,431;161,430;162,430;163,429;164,429;165,428;166,427;167,427;167,426;168,426;169,426;169,425;170,425;170,424;171,424;171,423;172,423;173,422;174,421;175,421;175,420;176,420;177,419;178,419;178,418;179,418;180,418;180,417;181,417;182,416;183,416;183,415;184,415;185,414;186,414;186,413;187,413;188,412;189,412;190,411;191,411;192,410;193,410;194,409;195,409;196,408;197,408;197,407;198,407;199,407;199,406;200,406;200,405;201,405;202,404;203,404;203,403;204,403;205,402;206,402;206,401;207,401;207,400;208,400;209,399;210,398;211,398;211,397;212,396;213,396;213,395;214,395;214,394;215,394;215,393;216,393;217,392;218,392;218,391;219,391;219,390;220,390;221,389;222,388;223,387;225,386;225,385;226,384;227,383;230,381;231,380;232,379;233,378;233,377;234,376;234,375;235,374;235,373;236,372;236,371;237,371;237,370;238,370;238,369;239,368;239,367;240,367;240,366;241,366;241,365;242,365;242,364;243,363;243,362;244,362;244,361;245,361;245,360;246,360;246,359;247,359;247,358;248,358;248,357;249,357;249,356;250,356;250,355;250,354;251,354;251,353;252,352;252,351;252,350;253,350;253,349;253,348;254,348;254,347;254,346;255,346;255,345;256,345;256,344;257,344;257,343;257,342;258,342;258,341;259,340;259,339;260,339;260,338;260,337;261,337;261,336;261,335;262,335;262,334;263,333;263,332;263,331;264,331;264,330;264,329;265,329;265,328;265,327;265,326;266,326;266,325;266,324;266,323;267,323;267,322;267,321;268,321;268,320;268,319;268,318;269,317;269,316;269,315;269,314;269,313;269,312;269,311;270,310;270,309;270,308;270,307;270,306;270,305;270,304;270,303;270,302;270,301;270,300;270,299;270,298;270,297;269,297;269,296;269,295;268,295;268,294;267,294;267,293;266,293;266,292;265,292;264,292;263,292;262,292;261,292;260,292;259,292;258,292;257,292;256,292;255,292;254,292;254,293;253,293;252,293;252,294;251,294;250,294;249,295;248,295;247,295;247,296;246,296;245,296;244,296;244,297;243,297;242,297;241,298;240,298;239,298;238,299;237,299;236,300;235,300;234,301;233,301;232,301;231,301;230,302;229,302;228,302;227,303;226,303;225,303;224,304;223,304;222,304;221,304;220,305;219,305;218,305;217,305;216,305;216,306;215,306;214,306;213,306;212,306;211,306;210,307;209,307;208,307;207,307;206,307;205,307;204,307;203,307;202,307;202,308;201,308;200,308;199,308;198,308;197,308;196,308;195,308;194,308;193,308;192,308;191,308;190,308;189,308;188,308;187,308;186,308;185,308;184,308;184,307;183,307;182,306;181,306;180,306;180,305;179,305;178,305;177,305;176,304;175,304;174,304;173,304;172,304;171,304;170,304;169,304;168,304;168,303;167,303;166,303;165,303;164,303;163,302;162,302;161,302;160,302;159,302;158,302;158,301;157,301;156,301;155,301;154,301;153,300;152,300;151,300;150,300;149,300;148,300;147,300;146,300;146,301;146,302;146,303;146,304;146,305;146,306;146,307;146,308;146,309;146,310;146,311;146,312;146,313;146,314;146,315;146,316;146,317;146,318;146,319;147,319;147,320;147,321;148,321;148,322;148,323;147,323;146,323;145,323;145,324;144,324;143,324;142,324;142,325;141,325;140,325;139,326;138,326;138,327;137,327;137,328;136,328;136,329;135,330;135,331;135,332;135,333;135,334;136,334;136,335;136,336;137,336;137,337;138,337;139,338;139,339;140,339;140,340;141,340;141,341;142,341;143,341;143,342;144,342;145,342;145,343;146,343;147,343;148,343;148,344;149,344;150,344;151,344;152,345;153,345;154,345;155,345;155,346;156,346;157,346;157,347;158,348;158,349;159,349;159,350;159,351;159,352;159,353;159,354;158,355;158,356;157,356;157,357;156,357;156,358;155,358;155,359;154,359;154,360;153,360;153,361;152,361;151,362;150,362;150,363;149,363;148,364;147,364;146,364;146,365;145,365;145,366;146,366;146,367;147,367;147,368;148,368;148,369;149,369;149,370;150,370;150,371;151,372;151,373;152,373;152,374;153,374;153,375;154,375;154,376;155,376;155,377;156,377;156,378;157,378;157,379;158,379;159,379;159,380;160,380;160,381;161,381;161,382;162,382;162,383;163,383;163,384;163,385;163,386;163,387;163,388;163,389;163,390;163,391;163,392;163,393;163,394;162,394;162,395;162,396;162,397;161,398;161,399;161,400;160,400;160,401;159,402;159,403;158,404;158,405;157,405;157,406;156,407;156,408;155,408;155,409;154,409;154,410;153,410;152,411;151,412;150,412;150,413;149,413;148,413;147,414;146,414;145,414;145,415;144,415;144,416;143,416;143,417;142,417;142,418;142,419;142,420;142,421;142,422;142,423;142,424;142,425;142,426;142,427;142,428;142,429;142,430;142,431;142,432;141,432;141,433;141,434;140,434;140,435;139,436;139,437;138,437;137,437;137,438;136,438;135,438;134,438;134,439;133,439;132,439;131,439;130,439;129,439;129,440;128,440;127,440;126,440;125,440;124,440;123,440;122,440;121,440;120,440;120,439;119,439;118,439;117,439;116,439;115,439;114,439;113,439;112,439;111,439;110,439;109,438;108,438;107,438;106,437;105,437;104,437;103,437;102,437;102,438;101,438;101,439;100,439;100,440;100,441;101,441;101,442;102,443;103,443;104,444;105,445;
Stroma, ICG; POLYGON; 255, 255, 255; 319,537;318,538;318,539;318,540;317,540;317,541;316,542;316,543;315,543;315,544;314,544;314,545;313,545;313,546;312,547;311,548;310,549;309,550;308,551;307,552;306,553;305,554;305,555;304,555;304,556;304,557;303,557;303,558;302,558;302,559;301,559;301,560;300,561;300,562;299,562;299,563;298,564;298,565;297,565;297,566;296,566;296,567;296,568;295,568;294,569;294,570;293,571;293,572;292,572;292,573;291,573;291,574;290,575;289,576;289,577;288,577;288,578;287,578;287,579;286,580;285,581;285,582;284,582;284,583;283,584;283,585;282,586;282,587;281,588;281,589;281,590;280,590;280,591;280,592;280,593;280,594;279,595;279,596;279,597;279,598;279,599;279,600;279,601;278,601;278,602;278,603;278,604;278,605;277,606;277,607;277,608;277,609;277,610;277,611;277,612;277,613;277,614;277,615;277,616;277,617;277,618;277,619;277,620;277,621;277,622;277,623;278,623;278,624;279,625;280,625;280,626;281,626;281,627;282,627;282,628;283,628;284,629;284,630;285,630;285,631;286,631;286,632;287,632;287,633;287,634;287,635;287,636;287,637;287,638;287,639;287,640;287,641;287,642;287,643;287,644;287,645;287,646;287,647;287,648;287,649;287,650;287,651;287,652;287,653;287,654;287,655;287,656;287,657;287,658;287,659;288,659;288,660;289,661;289,662;290,662;290,663;291,663;291,664;292,664;292,665;293,665;294,665;294,666;295,666;296,666;296,667;297,667;298,667;299,667;299,668;300,668;301,668;302,668;302,669;303,669;304,669;305,669;306,669;307,669;308,668;309,668;310,667;311,667;312,667;313,667;314,666;315,666;316,666;317,666;318,665;319,665;320,665;321,664;322,664;323,664;324,663;325,663;326,663;326,662;327,662;327,661;328,661;329,660;330,659;331,658;331,657;332,657;332,656;333,656;334,655;335,653;336,652;337,651;337,650;338,649;339,649;339,648;340,647;341,646;341,645;342,645;342,644;342,643;342,642;343,642;343,641;343,640;343,639;343,638;344,637;344,636;344,635;344,634;344,633;344,632;344,631;344,630;344,629;344,628;344,627;344,626;344,625;344,624;345,624;345,623;345,622;345,621;345,620;346,620;346,619;346,618;347,617;348,616;348,615;349,614;349,613;350,613;350,612;351,611;351,610;352,609;353,609;353,608;354,608;354,607;355,607;356,607;357,607;358,607;359,606;360,606;361,605;362,605;363,605;363,604;364,604;365,603;366,603;366,602;367,602;368,601;369,601;369,600;370,600;371,599;372,598;372,597;373,597;373,596;374,596;374,595;374,594;375,594;375,593;375,592;375,591;376,591;376,590;376,589;376,588;376,587;376,586;376,585;376,584;376,583;376,582;376,581;376,580;376,579;376,578;376,577;376,576;376,575;376,574;376,573;376,572;376,571;376,570;376,569;375,569;375,568;375,567;375,566;375,565;375,564;374,563;374,562;374,561;374,560;374,559;374,558;373,558;373,557;373,556;373,555;373,554;373,553;374,552;374,551;375,551;376,551;376,550;377,550;378,550;378,549;379,549;380,549;381,548;382,548;382,547;383,547;384,547;384,546;385,546;386,545;387,544;388,543;389,543;389,542;390,542;390,541;391,541;391,540;392,540;392,539;393,539;393,538;394,538;395,538;395,537;396,537;396,536;397,535;397,534;397,533;398,533;398,532;398,531;398,530;399,530;399,529;399,528;399,527;399,526;399,525;399,524;399,523;399,522;399,521;399,520;398,520;398,519;398,518;397,518;397,517;396,516;395,516;395,515;394,515;394,514;393,514;392,514;391,514;390,514;389,514;388,514;388,513;387,513;387,512;386,511;386,510;385,510;385,509;384,509;384,508;383,507;383,506;382,506;382,505;381,505;381,504;380,504;380,503;379,503;379,504;378,504;378,505;377,505;377,506;376,506;375,507;374,507;374,508;373,508;372,508;371,508;370,508;369,508;368,508;367,508;366,508;365,508;364,508;363,508;362,508;362,507;361,507;360,507;360,506;359,506;358,506;358,505;357,505;357,504;356,504;355,503;355,502;354,502;354,501;354,500;353,500;353,499;352,499;352,498;351,498;351,497;350,496;349,496;349,495;348,495;347,495;346,495;346,496;346,497;346,498;346,499;347,499;348,500;
Stroma, ICG; POLYGON; 255, 255, 255; 391,514;392,514;393,514;393,513;394,513;395,513;395,512;396,512;397,512;397,511;398,511;399,510;400,510;401,509;402,509;403,509;404,509;405,509;406,509;407,508;408,508;409,508;410,508;411,507;412,507;413,507;414,507;415,507;416,507;417,507;418,507;419,507;420,507;421,507;422,507;423,507;424,507;425,507;425,508;426,508;427,508;428,508;429,508;430,508;431,508;432,508;433,507;435,507;436,507;437,507;438,507;439,507;440,506;441,506;442,506;443,506;444,505;445,505;446,504;447,504;448,503;449,503;449,502;450,502;450,501;451,501;451,500;451,499;452,499;452,498;452,497;452,496;453,496;454,495;455,495;456,495;457,494;458,494;459,494;460,493;461,493;462,493;463,493;464,493;465,493;466,493;467,492;468,492;469,492;470,492;471,492;472,492;473,492;474,492;475,492;476,492;477,492;478,492;478,493;479,493;480,493;481,493;482,493;483,493;484,493;484,494;485,494;486,494;487,494;488,494;488,495;489,495;490,495;491,496;492,496;493,496;493,497;494,497;495,497;496,498;497,498;498,499;499,499;499,500;500,500;500,501;501,501;501,502;502,503;502,504;503,504;503,505;503,506;504,506;504,507;504,508;504,509;504,510;504,511;504,512;504,513;504,514;504,515;504,516;504,517;504,518;504,519;503,520;503,521;503,522;502,523;502,524;501,525;501,526;500,527;499,528;498,529;498,530;497,531;497,532;496,533;496,534;495,535;495,536;494,537;494,538;493,538;493,540;492,541;491,542;490,543;490,544;488,545;487,546;486,547;485,548;484,549;482,550;481,551;480,551;479,552;477,553;476,553;475,553;473,554;472,554;471,554;469,555;468,555;467,555;466,555;465,555;464,556;463,556;462,556;461,556;460,556;459,556;458,556;457,556;456,556;455,556;454,556;453,556;452,556;450,556;449,556;448,556;447,556;446,556;445,556;444,556;443,556;442,556;441,556;440,556;439,556;438,556;437,556;436,555;434,555;433,555;433,554;432,554;431,554;430,553;429,553;429,552;428,551;427,551;427,550;426,550;426,549;425,548;424,547;423,546;422,545;421,545;421,544;420,544;419,544;419,543;418,543;417,542;416,542;415,541;414,541;413,541;412,540;411,540;410,540;409,540;409,539;408,539;407,539;406,539;405,539;404,539;403,539;402,538;401,538;400,538;399,538;398,538;397,538;396,538;395,538;394,538;393,538;392,538;391,538;390,538;389,538;387,538;385,537;383,537;382,537;380,536;379,536;378,536;377,536;377,537;
Stroma, ICG; POLYGON; 255, 255, 255; 413,546;413,547;414,548;414,549;414,550;414,551;414,552;414,553;414,554;414,555;414,556;414,557;414,558;414,559;414,560;413,560;413,561;413,562;412,562;412,563;412,564;411,564;411,565;411,566;410,566;410,567;409,568;409,569;408,569;408,570;407,571;406,572;406,573;405,573;404,574;403,574;403,575;402,575;401,576;400,576;399,576;398,576;397,576;396,576;395,576;394,576;393,576;392,576;391,576;390,575;389,575;389,574;388,574;387,574;387,573;386,573;385,573;385,572;384,572;384,571;383,571;383,570;382,569;382,568;381,568;381,567;380,566;380,565;379,564;378,563;378,562;377,562;377,561;376,561;375,560;374,560;374,559;373,559;372,559;371,559;370,559;370,560;369,560;368,561;367,561;367,562;366,562;366,563;365,563;365,564;364,565;363,566;363,567;362,567;362,568;362,569;362,570;362,571;362,572;362,573;362,574;362,575;362,576;362,577;362,578;362,579;362,580;362,581;362,582;362,583;362,584;362,585;362,586;362,587;362,588;361,588;361,589;360,589;360,590;359,590;359,591;358,591;358,592;357,592;357,593;356,593;356,594;355,594;354,595;353,595;352,596;352,597;351,597;350,598;349,599;349,600;348,600;348,601;348,602;347,602;347,603;347,604;346,604;346,605;346,606;346,607;346,608;346,609;346,610;346,611;347,611;347,612;348,612;348,613;349,613;350,614;351,614;352,615;353,615;354,616;355,616;356,616;357,616;359,617;360,617;361,617;362,617;363,617;364,618;365,618;366,618;367,618;367,619;368,619;369,619;370,619;371,619;372,618;373,618;374,617;375,617;376,617;377,616;378,616;379,615;380,615;381,615;382,614;383,614;384,614;385,613;386,613;387,613;388,612;389,612;391,611;392,611;393,611;394,610;395,610;397,610;398,610;399,610;400,609;401,609;403,609;404,609;405,609;407,609;408,609;410,609;411,609;413,609;415,609;416,609;418,609;419,609;421,609;422,608;424,608;426,607;427,607;428,606;429,606;431,606;432,605;433,605;434,604;435,604;436,603;437,603;438,603;439,602;441,601;442,601;443,600;445,600;446,599;447,599;448,598;449,598;450,597;451,597;453,596;454,595;455,595;456,594;457,594;457,593;458,593;458,592;459,591;459,590;460,589;461,589;462,587;462,586;462,585;463,584;464,583;465,582;465,581;466,580;467,579;467,578;468,578;468,577;469,576;469,575;470,574;470,573;471,572;471,571;471,570;472,569;472,568;473,567;473,566;473,565;474,564;474,563;475,562;475,561;476,560;476,558;477,557;477,556;477,555;477,554;478,553;478,552;478,551;478,550;478,549;478,548;478,547;477,547;477,546;476,546;475,545;474,544;473,544;472,543;471,543;471,542;470,542;469,541;468,541;467,540;466,540;465,539;464,539;463,538;462,538;461,538;460,538;459,538;457,537;456,537;455,537;454,537;452,537;451,536;449,536;448,536;447,535;446,535;445,535;443,535;442,535;441,534;440,534;439,534;438,534;437,534;436,534;435,534;434,534;433,534;432,534;431,534;430,535;429,535;429,536;428,536;428,537;427,538;426,539;425,539;424,540;423,541;422,542;422,543;421,543;421,544;421,545;421,546;422,547;423,547;
Stroma, ICG; POLYGON; 255, 255, 255; 421,533;420,533;419,533;418,533;417,533;416,534;415,534;415,535;414,535;414,536;414,537;413,537;413,538;413,539;412,539;412,540;412,541;411,542;411,543;411,544;411,545;411,546;411,547;411,548;411,549;411,550;412,551;413,552;413,553;414,554;415,555;416,555;416,556;417,557;418,558;419,559;420,560;421,561;422,561;423,561;424,561;425,561;426,561;427,561;428,560;429,559;432,557;433,556;434,555;434,554;435,553;436,551;436,550;437,548;437,547;437,545;437,544;437,542;436,541;435,539;435,538;434,537;433,536;432,535;431,534;430,534;
Stroma, ICG; POLYGON; 255, 255, 255; 373,622;373,623;374,623;374,624;375,624;375,625;376,625;377,626;378,627;379,627;379,628;380,629;380,630;381,630;381,631;381,632;381,633;382,634;382,635;382,636;382,637;382,638;382,639;382,640;382,641;382,642;382,643;382,644;381,645;381,646;380,646;380,647;379,647;379,648;378,648;378,649;377,649;377,650;376,650;376,651;375,651;375,652;374,652;373,653;372,653;371,653;371,654;370,654;369,654;368,654;367,654;366,654;365,654;364,654;364,653;363,653;362,653;361,653;360,652;359,652;358,652;358,651;357,651;356,650;355,650;355,649;354,649;353,649;353,648;352,648;351,648;351,647;350,647;349,646;348,646;347,646;347,645;346,645;345,645;344,645;344,644;343,644;342,644;341,644;340,644;339,644;339,645;338,645;337,645;337,646;336,646;335,646;335,647;334,647;333,648;332,648;332,649;331,649;330,650;329,650;329,651;328,651;327,651;327,652;326,652;326,653;325,653;324,653;324,654;323,655;322,655;322,656;321,656;321,657;320,657;319,658;318,658;318,659;317,659;317,660;316,660;316,661;315,661;315,662;315,663;315,664;315,665;315,666;315,667;314,668;314,669;314,670;313,671;313,672;313,673;312,674;312,675;312,676;311,677;311,678;311,679;310,680;310,681;310,682;309,682;309,683;309,684;308,685;308,686;307,687;307,688;306,688;306,689;306,690;305,691;305,692;305,693;304,694;304,695;304,696;303,696;303,697;303,698;303,699;303,700;303,701;303,702;303,703;303,704;304,704;304,705;304,706;305,706;305,707;306,707;306,708;307,708;307,709;308,709;308,710;309,710;310,710;311,711;312,711;313,711;313,712;314,712;315,712;316,712;316,713;317,713;318,713;319,713;320,713;321,713;322,713;323,713;324,713;325,713;326,713;327,713;328,713;329,713;330,713;331,713;332,713;333,713;334,713;334,714;335,714;336,714;337,715;338,715;339,715;340,715;341,716;342,716;343,716;344,717;345,717;346,717;347,718;348,718;349,718;350,718;350,719;351,719;352,719;353,719;354,719;355,719;356,719;356,720;357,720;358,720;359,720;360,720;361,720;361,721;362,721;363,721;363,722;364,722;365,722;366,723;367,723;368,723;369,723;370,723;371,723;372,723;373,723;374,723;375,723;376,723;377,723;378,723;379,723;380,723;381,723;382,723;383,723;383,724;384,724;385,724;386,725;387,725;388,726;389,726;390,727;391,727;392,727;392,728;393,728;394,728;394,729;395,729;396,729;397,729;397,730;398,730;399,730;400,730;401,730;402,730;403,730;404,730;405,730;406,730;407,730;408,730;409,730;410,730;411,730;412,730;413,730;414,730;415,730;416,730;417,730;418,730;419,730;420,730;421,730;422,730;423,729;424,729;425,729;426,729;427,728;428,728;429,728;430,728;431,728;432,727;433,727;434,727;435,727;436,727;437,727;438,727;439,726;440,726;441,726;442,726;443,726;444,726;445,725;446,725;447,725;448,725;449,725;450,725;451,725;452,725;453,725;454,726;455,726;456,726;457,726;458,726;459,726;460,726;461,726;462,726;463,727;464,727;465,727;466,727;467,727;468,727;469,728;470,728;471,728;472,728;473,728;474,728;475,728;476,728;478,728;479,728;480,728;481,728;482,728;484,728;485,728;486,728;487,728;488,728;489,728;490,728;490,729;491,729;492,729;492,730;493,730;493,731;494,731;495,731;495,732;496,732;497,733;497,734;498,734;498,735;499,735;499,736;500,736;501,737;502,737;503,738;504,738;505,738;506,738;507,739;508,739;509,739;510,739;511,739;512,739;513,739;514,739;515,739;516,739;517,739;518,739;519,739;520,739;521,739;522,739;523,740;524,740;525,740;526,740;527,740;528,740;529,740;530,741;531,741;532,741;533,741;534,742;535,742;536,742;538,742;539,742;540,742;542,742;543,742;544,742;545,742;547,742;550,743;559,743;560,743;561,743;563,743;564,743;566,743;567,743;568,743;570,743;571,743;572,743;574,743;575,743;576,743;577,743;578,743;579,743;580,743;581,743;582,743;583,743;585,743;586,743;587,743;589,742;590,742;592,742;593,742;594,742;596,742;597,742;598,742;600,742;601,742;602,742;604,742;605,742;607,741;608,741;609,741;611,740;613,740;614,739;616,739;618,738;620,737;621,736;623,736;625,735;627,735;629,734;631,734;633,733;635,733;637,732;639,731;641,731;644,730;646,729;648,728;651,728;654,726;656,725;658,724;661,723;663,722;664,721;666,720;668,719;669,717;670,716;671,715;672,713;673,712;674,711;675,709;676,708;677,707;677,706;678,705;679,704;680,703;681,702;683,701;684,699;686,698;687,697;689,696;690,694;692,693;693,691;695,690;696,689;697,688;698,687;699,685;700,684;700,683;701,682;701,681;702,680;702,679;702,678;703,677;704,676;705,676;705,674;706,673;707,673;708,672;708,671;709,670;710,670;710,669;711,668;711,667;711,666;712,666;712,664;712,663;712,662;712,661;712,660;712,658;712,657;712,655;712,654;712,653;711,652;710,650;710,649;709,648;708,647;708,646;707,646;707,645;706,644;705,643;704,642;703,641;703,640;702,640;701,639;701,638;700,637;699,636;699,635;698,634;697,634;697,633;696,632;696,631;695,631;695,630;694,629;693,628;692,628;692,627;692,626;691,626;691,625;690,625;690,624;689,623;689,622;689,621;688,620;688,619;688,618;688,617;688,616;688,615;688,614;688,613;688,612;688,611;688,610;688,609;688,608;688,607;688,606;688,605;688,604;688,603;687,603;687,602;687,601;687,600;687,599;687,598;687,597;687,596;687,595;688,594;688,593;689,593;689,592;690,592;690,591;691,591;691,590;692,590;693,590;693,589;694,589;695,589;695,588;696,588;697,588;698,587;699,587;700,587;700,586;701,586;702,585;703,584;704,583;705,583;705,582;706,582;706,581;707,581;708,581;708,580;709,580;710,580;711,580;712,580;713,580;714,579;715,579;716,579;717,579;718,578;719,578;720,578;720,577;721,577;722,577;722,576;723,576;724,576;724,575;725,575;726,574;727,574;728,573;729,573;729,572;730,572;731,571;732,571;732,570;733,570;733,569;733,568;734,567;734,566;734,565;734,564;734,563;733,563;733,562;732,561;732,560;731,560;731,559;730,559;730,558;729,558;729,557;728,557;728,556;727,556;727,555;726,555;725,554;724,553;723,553;723,552;722,552;722,551;721,551;720,550;719,549;718,549;718,548;717,548;716,547;715,546;715,545;714,545;714,544;713,544;713,543;712,543;712,542;711,542;710,541;709,540;708,540;708,539;707,539;706,539;705,539;704,539;703,539;702,539;701,539;700,539;699,539;698,539;697,539;696,539;695,539;694,539;693,539;692,539;691,539;691,540;690,540;689,540;688,541;687,541;686,541;686,542;685,542;684,543;684,544;683,544;683,545;683,546;683,547;683,548;683,549;683,550;683,551;683,552;683,553;683,554;683,555;683,556;683,557;683,558;683,559;684,560;684,561;684,562;684,563;684,564;684,565;684,566;684,567;684,568;684,569;683,569;683,570;682,570;681,571;680,571;679,571;678,571;677,572;676,572;675,572;674,572;673,572;672,572;671,572;670,572;669,572;668,572;667,572;666,572;665,572;664,572;663,572;662,572;661,572;660,572;659,572;658,572;657,572;657,571;656,571;655,570;655,569;655,568;655,567;655,566;654,566;654,565;654,564;654,563;654,562;654,561;654,560;654,559;654,558;654,557;654,556;654,555;654,554;654,553;654,552;653,552;653,551;652,551;651,550;650,550;649,550;648,550;648,549;647,549;646,549;645,549;644,549;643,549;642,549;641,549;640,549;640,550;639,550;638,550;637,550;637,551;636,551;635,552;634,552;634,553;633,553;633,554;632,555;632,556;631,556;631,557;631,558;631,559;630,559;630,560;630,561;629,561;629,562;629,563;629,564;629,565;629,566;629,567;629,568;629,569;630,569;630,570;630,571;631,571;631,572;631,573;631,574;632,574;632,575;632,576;632,577;632,578;632,579;632,580;632,581;632,582;632,583;632,584;632,585;631,585;631,586;630,586;630,587;629,587;629,588;628,588;628,589;627,589;626,589;626,590;625,590;625,591;624,591;623,591;623,592;622,592;621,592;620,592;619,592;619,591;618,591;617,591;617,590;616,590;616,589;615,589;615,588;614,587;613,586;613,585;613,584;612,584;612,583;612,582;612,581;612,580;612,579;612,578;612,577;613,577;613,576;613,575;613,574;613,573;612,573;612,572;611,572;610,572;609,572;609,571;608,571;607,571;606,571;605,571;604,570;603,570;602,570;601,570;600,570;599,570;598,570;597,570;596,570;595,570;594,570;593,570;593,571;592,571;591,571;590,571;589,571;589,572;588,572;587,572;586,572;585,573;584,573;583,573;582,574;581,574;580,574;580,575;579,575;578,575;577,575;576,575;576,576;575,576;574,576;573,576;572,576;571,576;571,577;570,577;569,577;568,577;567,577;566,577;565,577;564,577;563,577;562,577;561,577;560,577;559,577;559,576;558,576;558,575;557,575;557,574;556,574;556,573;555,573;555,572;555,571;555,570;554,570;554,569;554,568;553,568;553,567;553,566;552,566;552,565;552,564;552,563;551,562;551,561;551,560;551,559;550,559;550,558;549,557;548,556;548,555;547,555;546,554;545,554;544,554;543,554;542,554;541,554;540,554;539,554;538,554;537,554;536,554;535,554;534,554;533,554;532,554;531,554;530,554;529,554;528,554;527,554;526,554;525,554;524,554;524,555;522,555;521,555;520,555;519,555;517,555;516,555;515,556;514,556;513,556;512,556;511,557;510,557;509,558;508,558;507,558;506,559;505,559;504,559;504,560;503,560;502,560;501,560;501,561;500,561;499,561;499,562;498,562;497,562;497,563;496,564;496,565;496,566;496,567;495,567;495,568;495,571;495,572;495,574;495,575;495,576;495,577;495,578;495,579;495,580;495,581;495,582;495,583;495,584;495,585;495,586;495,587;495,588;494,588;493,589;492,589;491,590;490,591;489,591;488,592;487,593;486,593;485,594;484,594;483,595;482,595;481,595;480,596;479,596;478,596;478,597;477,597;476,598;475,598;474,599;473,599;472,600;471,600;470,601;469,601;468,601;467,601;466,601;465,601;464,601;463,601;462,601;462,602;461,602;460,602;459,602;458,602;457,602;456,602;455,602;454,603;453,603;452,603;451,603;450,603;449,603;448,603;446,603;445,603;443,603;442,603;441,604;439,604;438,604;436,604;435,604;434,604;433,604;432,604;431,604;430,604;429,604;428,603;427,603;426,603;425,603;424,603;423,603;423,602;422,602;421,602;419,602;417,602;416,602;414,602;412,602;410,602;408,602;406,603;405,603;404,603;403,603;402,603;401,604;400,604;399,604;398,604;397,604;396,604;395,605;394,605;393,605;392,605;391,605;390,605;389,605;388,606;387,606;385,606;384,606;383,606;383,607;382,607;381,607;381,608;380,608;379,609;379,610;378,610;378,611;377,611;377,612;375,613;375,614;374,614;374,615;374,616;376,617;
Stroma, ICG; POLYGON; 255, 255, 255; 381,626;381,625;380,625;379,624;379,623;378,623;378,622;377,622;377,621;376,621;375,621;374,621;373,621;372,621;371,621;370,621;369,621;368,621;367,621;366,621;365,621;365,622;364,622;363,622;362,622;361,622;360,622;359,622;358,622;357,622;356,622;355,623;354,623;353,623;352,623;351,623;350,623;350,624;349,624;348,624;347,624;346,624;345,624;344,624;343,623;342,623;341,623;340,622;339,622;338,622;338,621;337,621;336,621;336,620;335,620;335,619;335,618;335,617;335,616;336,615;337,614;337,613;338,612;340,611;341,610;342,609;343,608;344,608;346,607;347,606;348,605;350,604;351,603;353,602;354,602;356,601;357,600;359,600;360,599;362,599;363,599;365,599;367,599;368,599;370,600;372,600;374,601;376,602;378,603;380,604;382,605;383,606;385,607;386,608;387,608;388,609;389,609;390,610;391,610;392,611;393,612;393,613;394,613;394,614;395,615;395,616;395,617;395,619;
Stroma, ICG; POLYGON; 255, 255, 255; 375,626;375,627;375,628;376,629;376,630;376,631;376,632;376,633;376,634;377,635;377,636;377,637;377,638;378,639;378,640;378,641;379,643;379,644;379,646;380,647;380,648;380,650;380,651;381,652;381,653;381,655;381,656;382,656;382,657;382,658;383,658;384,659;385,659;386,659;387,659;387,658;388,658;389,657;390,656;391,656;392,655;393,653;394,652;396,651;397,650;398,648;399,647;400,645;401,643;402,639;402,634;402,629;402,627;401,625;398,622;394,621;389,620;384,620;380,620;377,621;376,622;374,623;373,625;371,628;
Stroma, ICG; POLYGON; 255, 255, 255; 378,646;377,646;376,646;375,646;374,646;373,646;372,646;371,647;370,648;369,649;368,650;367,651;366,652;365,655;365,658;364,660;364,661;364,662;365,664;365,665;367,666;368,667;370,668;371,668;374,668;375,668;376,668;377,668;379,668;380,667;382,666;383,664;385,663;386,661;388,659;389,657;391,656;392,654;393,653;393,651;394,650;394,648;394,647;394,645;394,644;393,642;392,641;391,640;390,639;389,638;388,638;387,638;385,638;384,638;383,638;382,639;381,640;381,642;380,643;379,645;
Stroma, ICG; POLYGON; 255, 255, 255; 372,661;371,661;371,660;370,660;369,659;368,659;367,658;366,658;365,657;364,657;363,656;362,656;361,656;360,656;360,655;359,655;359,654;358,654;358,653;357,652;356,651;355,650;354,649;353,648;352,647;351,646;349,644;348,643;347,642;346,641;345,640;344,640;344,639;343,638;343,637;342,636;342,635;341,635;341,634;340,634;340,633;339,633;339,632;338,632;337,632;336,632;336,633;336,634;335,634;335,635;334,636;334,637;334,638;333,638;333,640;333,641;333,642;333,645;333,648;334,651;335,655;336,658;337,660;338,661;339,663;340,664;342,666;343,667;344,668;346,669;348,670;349,671;351,672;353,673;354,673;356,674;358,674;359,674;361,674;363,674;364,674;366,674;368,674;
Stroma, ICG; POLYGON; 255, 255, 255; 328,687;327,687;326,687;325,687;325,686;324,686;323,686;322,686;321,686;320,686;320,685;319,685;318,685;317,685;316,684;315,684;314,684;313,684;312,684;311,684;311,683;310,683;309,683;309,682;308,682;308,681;307,681;306,680;305,680;305,679;304,679;303,679;303,678;302,678;302,677;301,677;301,676;300,676;300,675;299,674;299,673;298,673;298,672;298,671;297,671;297,670;297,669;297,668;297,667;297,666;297,665;297,664;297,663;298,662;298,661;299,660;300,659;300,658;301,658;302,657;303,656;303,655;304,654;305,654;306,653;307,653;308,652;309,652;311,652;312,652;313,652;315,652;316,652;318,652;319,653;320,654;322,655;323,657;324,658;325,659;326,661;327,663;327,665;328,666;329,668;330,670;330,672;331,673;331,675;331,676;332,678;332,679;332,681;332,682;333,683;333,684;333,685;334,686;334,687;335,688;
Stroma, ICG; POLYGON; 255, 255, 255; 384,633;383,633;383,634;382,634;382,635;381,636;381,637;380,638;379,640;378,641;378,642;377,643;377,644;376,645;376,646;375,647;374,647;374,648;374,649;373,650;373,651;372,652;372,653;372,654;372,655;372,656;372,657;373,658;374,658;374,659;375,659;376,660;377,660;378,660;379,661;380,661;381,661;382,661;384,662;385,662;386,662;387,662;389,662;391,662;393,662;394,662;396,661;397,660;399,660;400,659;401,658;402,657;402,656;403,655;403,654;403,653;403,652;403,650;
Stroma, ICG; POLYGON; 255, 255, 255; 560,590;559,589;558,588;557,588;557,587;556,587;555,586;555,585;554,585;554,584;553,583;552,582;552,581;551,581;551,580;550,580;550,579;549,578;549,577;548,577;548,576;547,576;547,575;546,574;545,573;545,572;545,571;545,570;546,570;546,569;546,568;547,568;547,567;547,566;548,565;548,564;548,563;548,562;549,562;549,561;549,560;550,560;550,559;550,558;551,558;551,557;551,556;552,556;552,555;553,554;553,553;554,553;554,552;555,551;555,550;556,549;556,548;557,548;557,547;557,546;557,545;557,544;558,544;558,542;558,541;558,540;558,539;558,538;558,537;558,536;557,536;556,535;555,535;555,534;554,534;553,534;553,533;552,533;551,533;550,533;549,533;549,532;548,532;547,532;546,532;545,532;544,532;543,532;542,532;541,532;540,532;540,531;539,531;538,531;537,530;536,530;536,529;535,529;534,529;534,528;533,528;533,527;532,527;532,526;532,525;532,524;532,523;532,522;532,521;532,520;532,519;532,518;532,517;532,516;531,515;531,514;531,513;530,512;530,511;529,511;529,510;528,510;528,509;527,509;527,508;526,508;526,507;525,507;524,507;523,507;522,506;521,506;520,506;519,506;518,506;517,506;516,506;515,506;514,506;514,505;513,505;512,505;511,505;510,505;509,505;508,506;507,506;506,506;505,506;504,506;503,506;502,506;501,506;500,506;499,506;498,506;497,506;496,506;495,506;494,507;493,507;492,507;491,507;491,508;490,508;490,509;489,509;488,510;488,511;487,511;487,512;487,513;486,514;485,515;484,517;483,518;482,520;480,522;479,523;478,525;477,527;476,528;474,530;474,531;473,532;472,533;471,534;470,535;468,536;467,537;467,538;466,538;465,539;465,540;464,541;463,542;463,543;463,544;462,544;462,545;462,546;462,547;461,547;461,548;461,549;460,550;460,551;459,553;459,554;458,555;458,556;457,557;457,558;456,559;456,560;454,562;454,563;453,564;452,565;451,566;450,566;449,567;449,568;448,568;448,569;447,570;447,571;446,571;446,572;445,573;445,574;444,574;444,575;443,575;443,576;442,577;441,578;439,580;439,581;438,581;437,582;437,583;435,585;433,587;432,589;430,591;428,594;427,596;426,598;426,600;426,601;426,603;426,606;426,607;426,608;427,610;428,611;430,612;431,613;433,614;435,615;437,616;439,617;442,618;444,619;446,620;449,621;451,622;453,622;455,623;458,624;460,624;462,625;465,625;467,625;471,625;474,625;477,625;481,625;484,625;488,625;491,625;494,625;497,625;499,625;501,624;503,624;505,623;506,623;507,622;508,622;509,621;509,620;511,619;511,618;512,617;513,616;514,615;515,614;516,613;517,612;518,612;
Stroma, ICG; POLYGON; 255, 255, 255; 554,587;553,587;552,587;551,587;552,587;553,587;554,587;555,587;556,587;558,586;559,586;560,586;561,585;562,584;564,584;565,583;566,582;567,582;568,581;570,580;571,580;572,579;573,578;574,577;575,577;576,576;577,576;578,576;578,575;579,575;580,575;581,575;581,574;581,573;581,572;581,571;581,570;581,569;581,568;580,567;580,566;579,565;578,564;578,563;577,563;577,562;576,561;575,560;575,559;574,559;574,558;573,558;572,558;572,557;571,557;570,556;569,555;568,555;568,554;567,554;566,554;565,554;564,554;563,554;562,554;561,553;560,553;559,552;558,552;557,551;556,551;556,550;555,550;555,549;555,548;555,547;555,546;555,545;555,544;556,544;556,543;557,542;558,541;559,540;560,540;560,539;561,539;561,538;562,538;562,537;563,537;564,536;565,536;566,536;567,536;568,536;569,535;570,535;571,535;572,534;573,534;574,534;575,534;576,533;577,533;578,533;579,533;580,533;581,533;582,533;583,533;584,533;584,532;585,532;586,532;587,532;588,532;589,532;590,532;591,532;592,532;593,532;594,532;595,532;596,533;597,533;598,533;599,533;600,533;601,534;602,534;603,534;604,534;605,534;606,534;607,534;608,534;609,534;610,534;611,534;612,534;613,534;614,534;615,534;616,534;617,534;618,534;619,534;620,534;621,533;622,533;623,533;624,533;625,533;626,533;627,532;628,532;629,532;630,532;631,532;632,532;633,532;634,532;635,532;636,531;637,531;638,531;639,531;640,531;641,531;642,531;643,531;644,531;645,532;646,532;647,532;648,533;649,533;650,533;650,534;651,534;652,534;652,535;653,536;653,537;653,538;653,539;653,540;653,541;653,542;653,543;653,544;654,544;654,545;654,546;654,547;654,548;654,549;654,550;653,551;653,552;653,553;652,553;652,554;652,555;651,555;650,556;649,557;648,557;647,557;647,558;646,558;645,558;644,558;643,558;642,558;641,558;641,559;640,559;639,559;638,559;637,559;637,560;636,560;635,560;634,560;633,560;633,561;632,561;631,561;630,561;629,561;628,562;627,562;626,562;625,562;624,562;623,562;622,562;621,562;621,563;620,563;619,563;618,563;617,563;617,564;616,564;615,564;614,565;614,566;613,566;613,567;612,568;612,569;611,570;611,571;611,572;610,572;610,573;610,574;610,575;609,575;609,576;609,577;609,578;609,579;608,579;608,580;608,581;608,582;608,583;608,584;608,585;608,586;608,587;608,588;608,589;608,590;608,591;608,592;608,593;608,594;607,595;607,596;606,598;605,600;604,601;603,602;602,604;601,604;600,605;599,606;598,607;597,607;596,608;595,608;594,609;593,609;593,610;592,610;592,611;593,611;594,611;596,611;597,611;
Stroma, ICG; POLYGON; 255, 255, 255; 624,588;623,588;622,588;621,589;620,589;619,589;619,590;618,590;617,591;616,591;615,592;614,592;613,593;612,593;611,594;610,595;609,596;608,597;608,598;607,599;607,600;606,601;606,602;606,603;606,604;606,605;606,606;607,607;608,608;609,609;611,609;612,609;613,609;615,609;616,609;618,609;619,609;621,609;622,609;624,608;625,608;626,607;627,606;628,606;630,605;631,604;632,603;633,602;634,602;635,601;636,601;
Stroma, ICG; POLYGON; 255, 255, 255; 664,574;665,574;665,573;666,573;667,573;667,572;668,572;669,572;669,571;670,571;671,571;671,570;672,570;673,569;674,569;675,568;676,568;676,567;677,567;678,566;679,566;680,565;681,565;682,565;683,564;684,564;685,564;686,564;687,564;688,565;689,566;689,567;690,568;690,569;691,570;691,571;691,572;691,573;691,574;691,575;691,576;691,577;690,578;689,580;688,581;687,582;685,583;684,585;680,587;677,590;675,591;674,592;671,594;670,595;668,596;666,596;664,597;662,598;661,599;660,599;
Stroma, ICG; POLYGON; 255, 255, 255; 696,590;696,591;696,592;696,593;696,594;696,595;696,596;696,597;696,598;696,599;696,600;696,601;696,602;696,603;697,603;697,604;698,604;698,605;699,606;700,607;701,607;701,608;702,608;702,609;703,609;704,610;705,610;705,611;706,612;707,612;707,613;708,613;708,614;709,614;709,615;709,616;710,616;710,617;711,617;711,618;711,619;712,619;713,620;713,621;714,621;714,622;715,622;715,623;716,623;716,624;717,624;717,625;718,625;719,626;719,627;720,627;720,628;721,628;722,629;723,629;723,630;724,631;725,632;725,633;726,634;726,635;727,635;727,636;727,637;728,638;728,639;729,639;729,640;729,641;729,642;730,642;730,643;730,644;730,645;731,646;731,647;731,648;731,649;731,650;731,651;731,652;732,653;732,654;732,655;732,656;732,658;732,660;732,661;732,663;732,664;733,666;733,667;733,669;733,670;733,672;733,673;733,675;733,676;733,677;733,679;733,680;733,681;733,682;733,683;733,684;733,685;733,686;732,686;732,687;732,688;732,689;731,689;731,690;730,690;730,691;730,692;729,692;729,693;728,694;727,695;727,696;726,696;726,697;725,697;725,698;724,698;724,699;723,700;722,701;721,702;720,702;720,703;719,703;718,704;717,704;716,705;715,705;714,706;713,706;712,706;712,707;711,707;710,707;709,707;708,708;707,708;706,708;705,709;704,709;703,709;703,710;702,710;701,711;700,711;699,711;699,712;698,712;697,712;697,713;696,713;695,713;694,713;693,713;692,713;691,714;690,714;689,714;688,714;687,714;686,715;685,715;684,715;683,715;682,715;681,715;680,715;679,715;678,715;677,716;676,716;675,716;674,716;673,716;672,716;671,716;670,716;669,716;668,715;667,715;666,714;665,713;664,713;664,712;663,712;663,711;662,710;661,709;660,708;660,707;660,706;659,705;659,704;659,703;659,702;659,701;659,699;659,698;659,697;659,695;659,694;659,693;659,692;659,691;659,690;659,689;659,688;659,687;659,686;659,685;660,684;660,683;661,682;662,681;662,680;663,679;664,679;664,678;665,677;665,676;666,676;666,675;666,674;667,673;667,672;667,671;667,670;668,670;669,670;
Stroma, ICG; POLYGON; 255, 255, 255; 703,621;703,620;703,619;703,618;703,617;703,615;703,614;703,613;703,612;703,611;703,610;703,609;702,609;702,608;702,607;702,606;701,605;701,604;701,603;700,603;700,602;700,601;700,600;699,600;699,599;699,598;699,597;699,596;698,596;698,595;698,594;698,593;697,592;697,591;697,590;696,590;696,589;695,589;695,588;694,588;694,587;693,587;692,587;692,586;691,586;690,586;689,586;689,585;688,585;687,585;686,585;685,584;684,584;683,584;682,584;681,584;680,584;679,584;678,584;677,585;676,586;675,586;674,588;673,589;672,590;671,592;670,594;669,596;668,598;667,600;667,602;666,605;666,608;666,611;667,614;669,618;670,621;672,625;674,629;676,632;678,635;680,639;683,642;686,645;688,647;
Stroma, ICG; POLYGON; 255, 255, 255; 734,578;735,578;736,578;737,578;737,579;738,579;739,579;740,580;741,580;741,581;742,581;743,582;744,583;745,583;746,584;747,584;748,584;748,585;749,585;750,585;751,585;751,586;752,586;753,586;754,586;755,586;756,586;756,585;757,585;758,585;758,584;759,584;760,584;761,584;762,584;763,584;764,584;765,584;766,584;766,585;767,585;767,586;768,586;768,587;769,587;769,588;770,588;771,589;772,590;773,591;774,591;774,592;775,592;775,593;776,593;776,594;777,594;777,595;777,596;778,596;778,597;779,597;779,598;779,599;780,599;780,600;781,600;781,601;782,601;782,602;783,602;783,603;784,603;785,603;785,604;786,604;787,604;787,605;788,605;789,606;790,606;791,607;793,607;794,607;795,607;796,607;797,607;798,607;798,606;799,606;800,605;801,605;801,604;802,604;802,603;803,603;804,602;805,601;806,601;806,600;806,599;807,599;807,598;807,597;807,596;807,595;807,594;807,593;807,592;806,591;806,590;805,589;805,588;804,587;804,586;803,585;803,584;802,583;801,582;800,581;799,581;799,580;798,580;797,580;796,580;795,580;794,579;793,579;792,579;792,578;791,578;790,578;789,578;788,578;787,578;786,578;785,578;784,578;783,578;782,577;781,577;780,577;779,577;778,576;777,576;776,576;776,575;775,575;775,574;774,574;774,573;773,573;773,572;772,572;772,571;771,571;770,570;769,570;769,569;768,569;768,568;767,568;767,567;766,567;765,566;764,566;763,566;762,565;761,565;760,565;759,564;758,564;757,564;757,563;756,563;755,563;754,562;753,562;752,561;751,561;750,561;749,560;748,560;747,560;747,559;746,559;745,559;745,558;744,558;743,558;743,557;742,557;742,556;741,556;741,555;740,555;739,555;739,554;738,554;737,554;736,553;735,553;735,552;734,552;733,551;732,551;732,550;731,550;730,550;730,549;729,549;728,548;727,548;727,547;726,547;725,546;724,545;723,544;722,544;722,543;721,543;721,542;720,541;719,541;718,540;717,540;717,539;716,539;715,539;714,539;713,539;712,539;711,539;710,539;709,539;708,539;708,540;707,540;706,540;706,541;705,541;704,541;704,542;703,542;702,543;702,544;701,544;701,545;700,546;700,547;700,548;700,549;700,550;700,551;700,552;701,553;701,554;702,555;702,556;703,557;703,558;704,559;704,560;705,560;705,561;706,561;706,562;707,563;707,564;708,565;709,566;709,567;710,567;710,568;711,569;712,570;713,571;713,572;714,572;715,572;715,573;716,573;717,573;718,574;719,574;721,575;723,575;726,576;
Stroma, ICG; POLYGON; 255, 255, 255; 861,462;861,463;860,464;860,465;859,466;859,467;859,468;858,468;858,469;857,469;857,470;856,470;855,470;854,470;853,470;852,470;851,470;850,470;849,470;848,470;848,471;847,471;846,471;846,472;845,472;845,473;844,473;844,474;843,474;843,475;842,475;842,476;841,476;841,477;841,478;840,478;840,479;840,480;840,481;840,482;840,483;840,484;839,484;839,485;839,486;838,487;838,488;837,489;837,490;836,490;836,491;835,492;835,493;835,494;834,494;834,495;834,496;834,497;834,498;835,499;836,499;836,500;837,501;838,502;839,502;839,503;840,503;841,503;842,503;842,504;843,504;844,504;845,504;846,504;847,504;848,504;849,504;850,504;851,504;852,504;853,504;854,504;855,504;856,504;857,504;858,504;859,504;859,505;860,505;861,505;861,506;862,506;863,506;864,506;864,507;865,507;866,507;866,508;867,508;867,509;868,509;869,509;869,510;870,510;871,511;872,511;873,511;874,511;875,511;876,511;877,511;878,511;879,511;880,511;881,511;882,511;883,511;884,511;885,510;886,510;887,510;888,509;889,509;890,509;891,509;892,509;893,509;894,508;895,508;896,508;897,508;898,508;899,508;900,508;901,507;902,507;903,507;904,507;905,506;906,506;907,506;908,506;909,506;910,506;911,506;912,506;913,506;914,506;915,506;916,506;917,506;918,506;919,506;920,506;921,506;922,506;923,506;924,506;925,506;926,506;927,506;928,506;929,506;929,507;930,507;931,507;932,507;933,507;934,507;935,507;936,507;937,507;938,507;939,507;940,507;941,507;942,507;943,507;944,507;945,507;946,507;947,507;947,508;948,508;949,508;950,508;951,509;952,509;953,509;953,510;954,510;955,510;955,511;956,511;956,512;957,512;957,513;958,514;958,515;959,515;959,516;960,516;960,517;960,518;961,519;961,520;961,521;961,522;961,523;961,524;961,525;961,526;961,527;961,528;961,529;961,530;961,531;961,532;961,533;961,534;960,536;959,537;959,538;959,539;958,540;958,541;957,542;957,543;956,543;956,544;955,545;954,546;953,547;953,548;952,549;951,550;950,550;950,551;949,552;949,553;948,554;948,555;947,556;947,557;947,558;947,559;947,560;947,561;947,562;947,563;948,563;948,564;949,564;950,565;951,566;952,567;953,567;954,568;956,568;957,569;958,569;959,570;961,571;962,571;963,572;965,572;966,572;968,573;969,573;971,573;972,573;974,573;975,573;977,573;978,573;979,573;980,573;981,573;982,573;983,573;984,572;985,571;986,570;987,569;988,568;989,567;990,566;991,564;992,563;993,561;994,560;995,558;995,557;996,555;996,553;997,552;997,550;997,548;998,547;999,545;999,543;1000,542;1000,540;1001,539;1002,538;1002,536;1003,535;1004,534;1004,532;1005,531;1006,530;1006,529;1007,528;1008,527;1009,526;1009,525;1010,524;1011,523;1011,521;1012,520;1012,519;1012,518;1013,517;1013,516;1013,514;1013,512;1013,511;1013,510;1013,509;1013,508;1013,507;1013,506;1013,505;1014,504;1014,503;1014,502;1014,501;1014,500;1015,499;1015,498;1015,497;1015,496;1015,495;1015,494;1015,493;1015,491;1015,490;1015,489;1015,488;1015,487;1015,486;1015,484;1015,482;1015,481;1015,480;1015,479;1014,479;1014,478;1014,477;1014,476;1013,474;1012,473;1012,471;1010,470;1010,469;1009,468;1008,466;1007,465;1007,464;1006,463;1006,462;1006,461;1005,460;1005,459;1004,458;1004,457;1003,456;1003,455;1002,454;1002,453;1002,452;1001,451;1001,450;1001,449;1000,448;1000,447;1000,446;1000,445;999,443;999,442;998,441;998,439;998,438;998,436;998,435;997,434;997,431;997,429;997,426;997,425;997,424;997,421;997,419;997,418;997,417;997,416;997,414;997,413;997,412;997,411;998,411;998,410;998,409;998,408;999,408;999,407;999,406;1000,406;1000,405;1000,404;1001,403;1001,402;1002,401;1002,400;1002,399;1003,398;1003,397;1003,396;1003,395;1004,394;1004,393;1004,392;1005,391;1005,390;1006,389;1006,388;1006,387;1006,386;1006,385;1007,384;1007,383;1007,382;1007,381;1007,380;1008,379;1008,378;1007,377;1006,377;1006,376;1005,375;1004,375;1004,374;1003,374;1003,373;1002,373;1001,373;1000,373;999,373;998,372;997,372;996,372;995,372;993,372;992,371;991,371;990,371;989,370;988,369;987,369;986,368;985,367;984,366;984,365;983,365;983,364;982,364;981,362;980,361;979,360;978,359;977,358;976,357;975,357;975,356;974,355;973,355;973,354;972,354;972,353;971,353;971,352;970,352;970,351;969,351;969,350;969,349;969,348;969,347;969,346;969,345;969,344;969,343;968,342;968,341;968,340;968,339;968,338;968,337;968,336;968,335;968,334;968,333;968,332;968,331;968,330;968,329;968,328;968,327;968,326;968,325;968,324;968,323;968,322;968,321;968,320;968,319;968,318;968,317;968,316;968,315;968,313;968,312;968,311;968,310;968,309;968,308;968,307;968,306;968,305;968,304;968,303;968,302;969,302;969,301;970,301;970,300;970,299;971,299;971,298;971,297;973,295;974,294;976,293;976,292;977,291;978,291;978,290;979,290;979,289;980,289;980,288;981,288;981,287;982,287;982,286;983,285;984,284;985,283;985,282;985,281;986,280;987,279;987,278;988,277;989,276;989,275;989,274;990,271;990,270;991,269;991,268;991,267;992,265;992,264;992,263;992,262;993,260;993,259;993,258;993,257;994,254;994,252;994,251;994,249;994,247;994,244;993,242;993,239;993,234;992,233;992,231;991,229;990,227;988,225;987,224;986,223;984,221;982,220;980,219;979,219;978,219;978,218;977,218;975,218;974,218;973,218;972,218;971,218;970,218;968,218;967,218;966,218;965,218;962,218;961,218;960,219;958,219;957,219;957,220;956,220;955,220;954,220;953,221;952,221;951,221;951,222;950,222;949,222;948,223;947,223;946,224;945,225;944,225;942,226;942,227;941,227;940,228;938,229;936,230;935,231;933,233;932,233;929,235;929,236;928,237;927,238;926,239;925,240;923,241;922,242;921,243;920,244;920,245;919,245;918,246;917,246;917,247;916,247;915,248;914,249;913,249;912,250;911,250;910,250;909,251;908,251;907,251;906,251;905,252;904,252;903,253;902,253;901,253;900,254;899,254;898,254;896,255;894,255;892,256;890,256;889,256;886,257;885,257;884,257;883,257;882,257;881,257;880,257;879,257;878,258;876,259;874,260;873,260;872,261;871,261;867,263;866,264;865,264;864,265;863,265;863,266;862,266;861,266;861,267;860,267;859,268;858,269;857,269;856,270;854,271;852,272;850,273;849,274;848,274;848,275;846,276;845,277;844,278;842,278;842,279;840,280;838,282;838,283;836,284;835,285;833,287;832,288;831,289;831,290;830,290;830,291;830,292;829,293;829,294;830,295;831,295;833,296;834,297;835,297;836,298;838,299;839,300;843,302;844,302;850,305;851,305;852,305;853,306;854,306;855,307;856,307;857,307;859,308;860,309;861,309;863,310;865,310;868,311;869,311;873,312;874,313;875,313;876,313;876,314;877,314;877,315;878,315;879,315;880,315;880,316;881,316;882,316;883,317;885,318;886,319;887,320;888,321;889,321;890,322;891,323;892,323;892,324;893,325;893,326;893,327;894,328;894,329;894,330;894,331;895,332;895,333;895,334;895,335;895,336;895,337;895,338;895,339;896,339;896,340;896,341;897,343;897,344;897,345;898,345;898,346;898,347;899,347;899,348;900,349;901,350;902,351;903,352;903,353;904,353;904,354;905,354;905,355;906,355;906,356;907,357;908,358;908,359;909,360;909,361;910,362;910,363;911,363;911,364;911,365;911,366;911,367;911,368;911,369;911,370;911,371;911,372;911,373;911,374;911,375;911,377;910,377;910,378;910,379;910,380;909,381;909,382;909,383;908,384;908,385;908,386;907,387;907,388;907,389;906,389;906,390;906,391;905,391;905,392;905,393;905,394;905,395;904,395;904,396;904,397;904,398;905,398;905,399;906,399;907,399;908,400;909,400;910,401;911,401;911,402;912,402;913,402;913,403;914,403;915,404;916,404;917,405;918,405;918,406;919,406;919,407;920,407;920,408;921,408;922,408;923,408;924,408;925,408;926,408;927,408;928,408;929,408;930,408;932,408;934,408;936,408;938,409;939,409;940,409;941,409;943,409;944,409;945,409;945,410;946,410;947,410;947,411;948,411;948,412;949,412;949,413;949,414;949,415;949,416;950,417;950,418;950,419;950,420;950,421;950,422;951,423;951,424;951,425;951,426;951,427;951,428;951,429;951,430;951,431;951,432;951,433;951,434;951,435;950,435;950,436;950,437;949,438;949,439;948,439;948,440;947,441;946,441;946,442;945,442;944,443;943,443;943,444;942,444;941,444;941,445;939,445;938,446;937,446;937,447;936,447;935,447;934,447;933,447;932,448;931,448;930,448;929,448;928,448;927,449;926,449;925,449;924,449;923,449;922,449;921,449;920,449;919,449;918,449;917,449;916,449;915,449;914,449;913,449;912,449;911,449;910,449;909,449;908,449;907,449;906,449;905,449;904,449;903,449;902,449;901,449;900,449;899,449;898,449;897,449;896,449;895,449;895,448;894,448;894,447;893,447;892,447;891,447;891,446;890,446;889,446;888,446;887,446;886,446;885,446;884,446;883,446;882,446;881,446;880,446;879,446;878,446;877,446;876,446;875,446;874,446;873,446;872,446;871,446;870,446;869,446;868,446;867,446;867,447;866,447;865,447;865,448;864,448;864,449;863,449;863,450;862,450;862,451;862,452;861,453;861,454;861,455;861,456;861,457;861,458;861,459;862,459;862,460;863,460;863,461;864,461;866,463;
Stroma, ICG; POLYGON; 255, 255, 255; 934,445;933,445;932,445;931,445;930,445;929,445;928,444;927,444;926,443;925,443;925,442;924,442;924,441;923,441;923,440;922,440;921,439;920,439;919,439;918,439;917,439;916,439;915,438;914,438;914,437;913,437;913,436;913,435;912,435;912,434;912,433;912,432;912,431;912,430;911,429;911,428;911,427;911,426;911,425;911,424;911,423;911,422;911,421;911,420;911,419;912,418;912,417;912,416;913,415;913,414;913,413;914,413;914,411;915,410;916,409;917,407;918,406;918,405;919,404;919,403;919,402;919,401;919,400;919,399;919,398;919,397;918,396;917,395;917,394;916,394;916,393;915,393;915,392;914,392;913,391;912,391;911,391;911,390;910,390;909,390;908,389;907,389;906,389;905,389;904,389;903,390;902,390;901,390;900,390;900,391;899,391;898,391;898,392;897,392;896,392;896,393;895,393;895,394;894,394;894,395;893,395;893,396;892,396;892,397;892,398;892,399;892,400;892,401;892,402;892,403;892,404;892,405;892,406;893,407;893,408;893,409;894,409;894,410;895,411;895,412;895,413;896,413;896,414;896,415;897,415;897,416;898,416;898,417;899,417;899,418;900,419;900,420;901,421;901,422;901,423;902,423;902,424;902,425;902,426;902,427;903,427;903,428;903,429;903,430;903,431;904,432;904,433;904,435;904,436;904,437;904,438;904,440;904,441;904,442;904,443;903,444;903,445;903,446;902,447;902,448;901,448;901,449;900,450;899,451;898,452;897,452;897,453;896,453;896,454;895,454;895,455;895,456;894,456;894,457;894,458;894,459;893,459;893,460;893,461;893,462;893,463;893,464;893,465;894,466;894,467;895,467;896,468;897,468;898,469;899,469;900,470;901,470;902,470;903,471;904,471;905,471;906,472;907,472;908,472;909,472;910,472;911,472;912,472;913,472;915,472;916,473;917,473;918,473;920,473;921,473;922,473;923,473;924,473;925,473;926,473;927,473;928,473;929,473;930,473;931,472;932,472;933,472;935,471;936,471;937,470;938,470;939,469;940,469;940,468;941,468;942,468;943,467;943,466;944,466;945,465;945,464;946,463;946,462;947,461;947,460;947,459;947,458;947,457;946,456;946,455;945,455;945,454;944,453;943,452;942,452;942,451;941,451;941,450;940,450;940,451;940,452;
Stroma, ICG; POLYGON; 255, 255, 255; 924,439;925,439;925,438;926,438;927,438;928,438;929,438;929,437;930,437;931,437;932,437;933,436;934,436;935,436;935,435;936,435;937,435;937,434;938,434;938,433;939,433;939,432;939,431;940,431;940,430;940,429;940,428;940,427;940,426;940,425;940,424;940,423;940,422;940,421;939,421;938,421;938,420;937,420;936,420;936,419;935,419;934,419;933,419;932,420;931,420;930,420;929,420;929,421;928,421;927,421;926,421;926,422;925,422;924,422;923,422;922,422;922,423;921,423;920,423;919,423;918,423;917,423;916,423;915,423;914,423;913,423;912,423;911,423;910,423;909,423;908,423;908,422;907,422;907,421;907,420;906,419;906,418;906,417;906,416;906,415;906,414;906,412;906,411;906,409;907,408;907,406;908,405;909,404;910,403;911,402;913,401;915,399;916,398;918,397;919,396;920,396;922,395;924,394;925,394;925,393;929,392;930,392;932,392;933,391;934,391;935,391;937,391;938,391;939,391;941,391;942,391;943,391;944,391;945,391;946,391;947,392;948,392;949,393;950,394;951,394;953,395;954,396;955,396;956,397;957,398;958,399;959,399;960,400;960,401;960,402;961,403;962,405;963,406;963,407;964,408;964,410;965,411;965,412;965,414;965,415;965,417;965,418;965,419;965,420;965,421;965,422;965,424;965,425;964,426;964,428;964,429;964,430;964,432;964,433;963,434;963,435;963,437;963,438;963,439;963,440;963,441;962,442;962,443;962,444;962,445;962,446;961,447;961,448;961,449;961,450;960,451;960,452;960,453;960,454;959,455;959,456;958,457;958,458;957,459;957,460;956,461;955,462;954,463;952,465;951,466;949,466;947,467;946,467;944,467;942,468;940,468;938,468;936,468;934,468;933,468;930,468;926,467;924,466;923,466;922,466;921,466;920,465;919,465;918,465;917,464;916,464;916,463;915,463;915,462;914,462;914,461;913,461;913,460;912,460;912,459;911,458;911,457;911,456;912,455;913,455;914,454;915,454;915,453;916,453;917,452;919,451;920,451;921,451;922,450;923,450;924,450;926,450;
Stroma, ICG; POLYGON; 255, 255, 255; 913,407;912,407;912,408;911,408;911,409;910,409;909,409;908,410;907,410;906,411;905,412;904,412;904,413;903,413;902,414;901,414;900,414;899,414;898,414;898,413;897,413;896,412;895,412;894,412;893,412;892,411;891,411;890,411;889,411;889,410;888,410;888,409;887,408;887,407;887,406;887,405;886,405;886,404;886,403;885,403;885,402;885,401;884,401;884,400;883,400;882,399;881,399;880,398;879,398;879,397;878,397;878,396;877,396;877,395;876,395;876,394;875,394;875,393;874,393;874,392;874,391;874,390;874,389;874,388;874,387;874,386;873,386;873,385;873,384;873,383;873,382;873,381;873,380;872,379;872,378;872,377;871,376;871,375;870,374;870,373;869,373;869,372;868,372;868,371;867,371;866,371;865,371;864,370;863,370;862,370;861,370;860,370;859,370;858,370;857,370;856,370;855,370;854,370;854,371;853,371;853,372;852,372;852,373;851,373;851,374;850,374;850,375;849,375;849,376;849,377;848,377;848,378;848,379;847,379;846,379;846,380;845,380;844,380;843,381;842,381;841,381;840,382;839,382;838,382;837,382;836,382;834,382;833,382;832,382;831,382;830,381;829,381;828,381;827,381;827,380;826,380;825,380;825,379;825,378;824,378;824,377;824,376;824,375;824,374;824,373;824,372;824,371;824,370;824,369;824,368;824,367;824,366;824,365;824,364;824,363;824,362;824,361;824,360;824,359;824,358;824,357;823,356;822,356;822,355;821,355;821,354;820,354;819,354;818,354;817,353;816,353;815,353;814,353;813,353;812,352;811,352;810,352;809,352;808,352;808,351;807,351;806,351;805,351;804,350;803,350;802,350;801,350;800,350;799,350;798,349;797,349;796,349;795,349;794,349;794,348;793,348;792,348;791,348;791,347;790,347;789,347;789,346;788,346;787,346;787,345;786,345;786,344;785,344;785,343;784,343;784,342;783,342;783,341;783,340;782,340;782,339;782,338;782,337;782,336;782,335;782,334;781,334;781,333;781,332;781,331;781,330;781,329;781,328;781,327;781,326;781,325;781,324;781,323;781,322;782,322;782,321;783,320;783,319;784,319;784,318;785,317;785,316;786,316;786,315;787,315;787,314;788,313;789,312;790,311;791,310;791,309;792,309;792,308;792,307;793,307;793,306;794,306;794,305;795,304;795,303;796,303;797,302;798,301;799,300;800,299;801,299;802,298;803,297;804,297;805,296;806,295;808,294;810,294;813,293;817,292;821,291;822,290;823,290;824,290;825,289;826,289;827,288;828,288;830,288;831,287;832,287;833,287;833,286;834,286;837,285;838,285;840,284;842,283;844,283;847,281;849,281;850,280;852,279;853,279;856,277;857,277;858,277;860,276;862,275;863,275;865,274;866,274;869,273;870,273;872,272;873,272;875,271;876,271;878,271;879,271;880,271;882,270;883,270;884,270;885,270;886,270;888,270;889,270;890,270;892,270;893,270;894,270;895,270;898,269;899,269;900,269;901,269;903,269;904,269;906,269;910,269;911,269;913,269;914,269;917,269;918,268;919,268;921,268;923,268;924,268;925,268;926,268;927,268;927,269;928,269;929,270;930,271;931,272;931,273;932,274;933,276;933,278;934,281;934,282;935,284;935,285;935,288;935,289;935,290;935,291;935,292;935,293;935,294;935,295;935,296;935,298;935,299;935,300;935,301;935,302;935,303;935,304;935,305;935,306;935,307;935,309;935,310;935,311;935,312;935,313;935,314;935,315;935,316;935,317;935,318;935,319;935,320;934,320;934,321;933,323;933,324;932,325;932,326;931,327;931,328;931,329;931,330;931,331;931,332;931,333;931,334;931,335;931,336;931,337;931,338;932,339;932,340;933,343;934,344;934,345;936,348;937,349;937,351;938,352;939,353;939,354;940,356;940,357;941,358;941,360;942,361;942,362;942,363;942,365;942,366;942,367;942,368;942,369;942,370;942,372;942,374;942,375;942,376;942,378;942,380;942,381;942,384;941,385;940,387;940,388;939,388;938,390;937,391;935,392;934,393;933,393;932,394;931,395;930,395;930,396;929,396;929,397;929,398;929,399;
Stroma, ICG; POLYGON; 255, 255, 255; 949,352;949,351;949,350;949,349;949,348;950,348;950,347;951,347;951,346;952,346;953,345;954,344;955,343;956,342;957,342;958,342;959,342;960,342;961,342;962,342;962,343;963,343;964,343;965,343;965,344;966,344;967,344;968,344;969,345;970,345;971,345;971,346;972,346;973,346;974,346;974,347;975,347;976,347;977,347;978,347;978,348;979,348;980,348;981,349;982,349;983,350;984,350;985,350;985,351;986,351;986,352;987,352;987,353;988,353;988,354;989,354;990,354;991,355;992,355;993,356;993,357;994,357;995,358;995,359;995,360;996,360;996,361;996,362;997,362;997,363;997,364;998,365;998,366;998,367;998,368;998,369;999,370;999,371;999,372;999,373;999,374;999,375;1000,376;1000,377;1000,378;1001,379;1001,380;1002,381;1002,382;1002,384;1002,385;1002,386;1002,387;1002,388;1002,389;1001,390;1000,391;998,393;997,393;996,394;995,395;994,395;993,396;992,397;991,397;989,398;988,398;986,398;985,399;984,399;983,399;981,399;980,399;979,399;978,399;977,399;976,399;975,399;975,400;975,401;975,402;975,403;
Stroma, ICG; POLYGON; 255, 255, 255; 980,361;981,361;982,361;982,360;983,360;984,360;985,360;986,359;987,359;988,359;989,358;990,358;991,358;991,357;992,357;993,357;993,356;994,356;995,356;996,356;996,355;997,355;998,355;999,355;1000,355;1000,354;1000,353;1000,352;1001,351;1001,350;1001,349;1001,348;1001,347;1001,346;1001,345;1001,344;1001,343;1001,342;1001,341;1001,340;1001,339;1001,338;1001,337;1001,336;1000,335;1000,334;999,333;999,332;998,331;998,330;997,330;997,329;996,329;996,328;995,328;995,327;994,327;994,326;993,325;992,325;992,324;991,324;991,323;990,323;989,323;989,322;988,322;987,321;986,321;986,320;985,320;984,320;984,319;983,319;982,319;982,318;981,318;980,318;979,318;978,318;977,318;976,318;975,318;974,318;973,318;972,318;971,318;971,319;970,319;969,319;968,320;967,320;966,320;965,320;964,320;963,320;962,319;962,318;961,318;961,317;961,316;960,315;960,314;960,313;959,311;959,310;959,309;958,308;958,307;958,305;958,304;958,303;958,302;958,301;958,300;958,298;959,297;959,296;959,295;960,293;960,292;961,291;961,290;962,289;962,288;963,287;963,285;964,285;965,283;965,282;966,281;967,280;967,279;968,278;969,277;969,275;970,274;970,273;971,272;971,271;971,270;971,269;972,268;972,267;972,266;972,265;972,264;972,263;973,262;973,261;973,260;973,259;973,258;974,257;974,255;975,254;975,253;976,252;976,251;977,250;978,249;978,248;979,248;980,247;981,246;981,245;982,245;982,244;983,244;984,244;984,243;985,243;986,243;987,243;988,243;989,243;989,244;990,244;991,245;991,246;992,246;993,247;994,248;994,249;995,249;996,250;996,251;996,252;996,253;997,254;997,255;997,256;997,257;997,258;997,259;997,260;997,261;997,262;997,263;997,264;997,265;997,266;997,267;998,268;998,269;998,270;998,271;998,272;999,272;999,273;1000,274;1000,275;1000,276;1001,276;1001,277;1001,278;1002,279;1002,280;1002,281;1003,281;1003,282;1003,283;1004,284;1004,285;1004,286;1005,286;1005,287;1005,288;1006,289;1006,290;1006,291;1007,292;1007,293;1008,293;1008,294;1008,295;1009,295;1009,296;1009,297;1010,297;1010,298;1010,299;1011,300;1011,301;1011,302;1011,303;1011,304;1011,305;1011,306;1012,306;1012,307;1012,308;1012,309;1012,310;1012,311;1012,312;1013,313;1013,314;1013,315;1013,316;1013,317;1014,317;1014,318;1014,319;1014,320;1014,321;1015,322;1015,323;1015,324;1015,325;1016,326;1016,327;1016,328;1016,329;1016,330;1016,331;1016,332;1017,332;1017,333;1017,334;1017,335;1017,336;1017,337;1017,338;1017,339;1017,340;1017,341;1017,342;1017,343;1017,344;1017,345;1017,346;1017,347;1017,348;1017,349;1017,350;1016,351;1016,352;1016,353;1016,354;1016,355;1016,356;1016,357;1016,358;1016,359;1016,360;1016,361;1016,362;1016,363;1016,364;1016,365;1016,366;1015,366;1015,367;1015,368;1015,369;1015,370;1015,371;1014,373;1014,375;1014,376;1014,377;1014,379;1014,380;1013,381;1013,383;1013,384;1013,386;1012,388;1012,389;1012,390;1012,391;1012,392;1012,393;1012,394;1012,395;1012,396;1012,397;1012,398;1013,399;1013,400;1013,401;1013,402;1013,403;1014,403;1014,404;1014,405;1014,406;1014,407;1014,408;1014,409;1014,410;1014,411;1014,412;1014,413;1014,414;1014,415;1014,417;1015,418;1015,419;1015,420;1015,421;1016,422;1016,423;1016,424;1016,425;1017,426;1017,427;1017,428;1018,429;1018,430;1018,431;1018,432;1019,433;1019,434;1019,435;1019,436;1019,437;1019,438;1019,439;1019,440;1019,441;1019,442;1019,444;1019,445;1018,446;1018,447;1018,448;1018,449;1017,451;1017,452;1016,453;1016,454;1016,455;1016,456;1015,456;1015,457;1015,458;1015,459;1015,460;1014,460;1014,461;1014,462;1014,463;1013,464;1013,465;1013,466;1013,467;1013,468;1013,469;1013,470;1013,471;1013,472;1013,473;1013,474;1013,475;1012,476;1012,477;1012,478;1012,480;1012,481;1012,482;1012,483;1012,484;1012,485;1013,486;1013,487;1013,488;1013,489;1013,490;1013,491;1013,492;1013,493;1012,493;1012,494;1011,494;1010,495;1009,495;1008,495;1007,496;1006,496;1005,496;1004,496;1002,496;1001,496;1000,496;999,496;998,496;997,495;996,495;994,494;993,493;992,493;989,491;988,490;987,488;985,487;984,486;983,485;982,484;981,483;980,482;979,481;978,480;977,480;976,478;975,477;974,476;973,475;973,474;972,472;971,470;969,465;969,463;968,460;968,457;968,455;968,452;968,451;968,449;968,447;968,446;968,444;968,443;968,442;968,441;969,440;969,439;969,438;970,437;972,434;973,432;974,431;975,429;976,427;977,426;978,424;979,423;979,422;980,421;980,420;981,419;981,418;981,417;981,416;981,415;981,414;981,413;982,412;982,411;982,409;982,408;982,406;982,405;982,404;982,403;982,402;982,401;982,400;981,399;981,398;980,398;980,397;979,396;979,395;978,394;978,393;977,391;977,390;976,388;976,387;976,385;975,383;975,382;975,381;974,379;974,378;974,377;974,376;974,375;974,374;974,373;975,373;976,373;977,373;977,374;978,375;
Stroma, ICG; POLYGON; 255, 255, 255; 1007,465;1007,466;1007,468;1007,469;1007,470;1007,472;1007,473;1008,474;1008,476;1008,477;1008,478;1008,479;1008,481;1009,482;1009,483;1009,484;1009,485;1009,486;1010,487;1010,488;1010,489;1010,490;1011,490;1011,492;1011,493;1011,494;1011,495;1011,496;1011,497;1011,498;1010,498;1010,499;1010,500;1010,501;1009,502;1009,503;1009,504;1009,505;1009,506;1008,507;1008,508;1008,509;1008,510;1008,511;1008,512;1008,513;1008,514;1008,515;1008,516;1008,517;1008,518;1008,519;1008,520;1008,521;1008,522;1008,523;1008,524;1008,525;1008,526;1008,527;1008,528;1008,529;1008,530;1009,531;1009,532;1009,533;1010,533;1010,534;1011,535;1011,536;1011,537;1012,538;1012,539;1012,540;1013,540;1013,541;1013,542;1013,543;1013,544;1014,545;1014,546;1014,547;1014,549;1014,550;1014,551;1014,552;1014,553;1014,554;1014,555;1014,556;1014,557;1014,558;1014,559;1014,560;1014,562;1014,563;1014,564;1014,565;1014,566;1014,568;1014,569;1014,571;1014,572;1013,574;1013,575;1013,577;1012,578;1012,580;1011,581;1011,583;1010,584;1010,586;1010,587;1009,589;1009,590;1009,592;1009,593;1009,595;1008,596;1008,597;1008,598;1008,599;1008,600;1009,602;1009,603;1010,604;1010,605;1011,606;1011,607;1011,608;1011,609;1012,610;1012,611;1012,613;1012,614;1012,615;1012,616;1012,618;1012,619;1012,620;1012,621;1012,623;1012,624;1012,625;1013,626;1013,627;1013,628;1013,630;1013,631;1014,632;1014,633;1014,634;1014,636;1014,637;1014,638;1014,639;1014,640;1014,641;1014,643;1014,644;1014,645;1015,646;1015,647;1015,648;1015,649;1015,650;1016,651;1016,652;1016,653;1016,654;1016,656;1016,657;1016,658;1016,660;1016,661;1016,663;1016,664;1016,665;1016,666;1016,667;1016,669;1016,670;1016,671;1016,672;1016,673;1016,675;1016,676;1016,678;1016,679;1015,681;1015,682;1015,684;1014,685;1014,687;1014,689;1014,690;1014,692;1014,693;1014,695;1014,696;1014,697;1014,699;1014,700;1014,701;1014,703;1013,704;1013,705;1013,706;1013,708;1012,709;1012,710;1012,711;1011,713;1011,714;1011,716;1010,717;1010,719;1009,721;1008,723;1008,725;1007,727;1006,729;1005,731;1005,733;1004,735;1003,736;1003,738;1003,739;1002,740;1002,742;1001,743;1001,744;1001,745;1000,747;1000,748;999,749;998,750;998,751;997,753;996,754;995,755;994,756;993,757;993,758;992,759;991,760;991,761;991,762;990,762;990,763;989,764;988,765;988,766;988,767;987,768;987,769;986,770;986,771;985,772;985,773;984,773;984,774;983,775;982,776;982,777;981,778;980,779;979,780;978,781;977,782;976,783;975,784;974,785;973,786;972,787;971,788;971,789;970,789;969,790;969,791;968,791;968,792;967,793;966,794;966,795;965,796;964,797;963,798;962,799;962,800;961,801;960,802;959,803;958,804;957,805;956,806;956,807;955,808;954,809;953,810;953,811;952,812;951,813;951,814;950,814;950,815;949,815;949,816;948,817;947,817;946,818;946,819;945,820;944,820;944,821;943,822;942,822;942,823;941,824;940,825;940,826;939,826;938,827;937,828;936,829;936,830;935,831;934,832;933,833;933,834;932,834;932,835;931,835;931,836;930,837;930,838;929,839;928,840;928,841;928,842;927,843;926,844;926,845;926,846;925,846;925,847;925,848;924,848;924,849;924,850;923,850;923,851;923,852;922,852;922,853;921,853;921,854;920,854;920,855;919,855;918,855;917,855;916,854;915,854;915,853;913,853;913,852;912,852;911,851;910,850;909,850;908,849;907,849;907,848;906,848;905,847;904,847;903,846;902,846;901,845;900,845;899,844;898,844;897,844;896,843;895,843;894,843;892,843;891,843;890,843;889,843;888,843;887,843;885,843;884,843;883,843;882,844;881,844;880,844;879,845;878,845;877,845;876,845;875,845;874,845;873,845;872,845;871,845;870,845;869,845;869,846;868,846;868,847;867,847;867,848;866,848;866,849;865,849;865,850;865,851;864,851;864,852;864,853;863,853;863,854;862,855;862,856;861,856;861,857;861,858;860,858;860,859;859,859;859,860;858,860;858,861;857,861;857,862;856,862;855,863;854,863;853,864;852,864;852,865;851,865;850,865;850,866;849,866;848,866;847,866;846,866;846,867;845,867;844,867;843,868;842,868;841,868;840,868;839,869;838,869;837,869;836,869;835,869;834,869;834,870;833,870;832,870;831,870;830,870;829,870;828,870;827,870;826,870;825,870;824,870;823,870;822,870;821,870;820,870;819,870;818,870;817,870;816,870;815,870;814,871;813,871;812,871;811,871;810,871;809,871;808,871;807,871;806,871;806,872;805,872;804,872;803,872;803,871;802,871;801,871;801,870;800,870;799,869;798,869;798,868;798,867;798,866;797,864;797,863;797,862;797,861;797,860;797,859;796,858;795,857;795,856;794,856;794,855;793,855;793,854;792,854;792,853;791,853;791,852;790,852;790,851;790,850;791,850;791,849;792,849;793,848;794,847;795,847;795,846;796,846;797,846;798,845;799,845;799,844;801,843;802,843;803,842;804,841;805,841;806,839;807,839;808,838;809,837;810,836;810,835;811,835;811,834;811,833;811,832;812,832;812,831;812,830;812,829;812,828;812,827;812,826;812,825;812,824;812,823;812,822;812,821;812,820;812,819;812,818;812,817;812,816;813,814;813,813;813,812;813,810;813,809;813,808;813,807;813,805;814,804;814,803;816,802;816,801;817,800;818,799;819,798;820,797;821,796;822,795;823,794;824,793;826,792;826,791;827,790;828,789;829,788;830,787;831,786;832,785;833,784;834,783;835,782;837,779;838,777;839,776;840,774;841,772;842,771;843,771;846,769;849,767;850,767;852,766;854,765;856,764;858,764;860,763;861,762;862,762;864,761;865,760;866,760;867,760;868,760;869,760;870,760;871,760;872,760;873,760;874,761;876,761;877,761;878,761;879,761;880,762;881,762;882,762;883,762;884,762;885,762;886,762;886,761;887,760;887,759;888,759;888,758;889,757;890,756;890,755;890,754;891,754;891,753;891,752;891,751;891,750;891,749;892,748;892,747;893,746;893,745;894,745;894,744;895,744;895,743;896,742;896,741;897,740;898,739;899,738;900,737;901,737;902,736;904,735;905,734;907,734;909,734;909,733;910,733;911,733;913,733;914,733;915,733;916,733;918,733;920,733;922,733;923,733;924,733;925,733;926,733;928,733;929,733;930,732;931,732;932,732;933,732;934,732;935,732;936,731;937,731;938,731;939,731;940,730;941,730;942,730;943,730;944,730;945,729;946,729;947,729;948,729;949,729;950,729;951,729;952,729;953,729;954,729;954,728;955,728;956,728;957,728;958,727;959,727;960,727;961,727;962,727;963,727;964,726;965,726;966,726;966,725;967,725;968,725;968,724;969,724;970,724;971,724;972,723;973,723;973,722;974,722;974,721;975,721;975,720;976,720;976,719;977,719;977,718;978,718;979,717;979,716;980,716;980,715;981,714;981,713;981,712;982,712;982,711;982,710;983,709;983,708;983,707;983,706;983,705;983,704;983,703;983,702;984,702;984,701;984,700;984,699;984,698;983,697;983,696;982,695;981,694;981,693;980,693;980,692;979,692;978,692;978,691;977,691;977,690;976,690;976,689;975,689;974,689;974,688;973,688;973,687;972,687;971,686;971,685;970,685;970,684;969,684;969,683;968,683;968,682;968,681;967,680;967,679;967,678;966,677;966,676;965,675;965,674;965,673;964,672;964,671;964,670;964,669;964,668;964,667;964,666;964,665;964,664;964,663;964,662;964,661;965,661;965,660;966,660;966,659;967,659;968,659;968,658;969,658;970,658;971,658;971,657;972,657;973,657;974,657;974,656;975,656;976,655;977,655;977,654;978,654;979,653;980,652;981,651;981,650;982,650;982,649;982,648;983,647;983,646;984,645;984,644;984,643;985,643;985,642;985,641;985,640;985,639;985,638;986,638;986,636;986,635;986,634;986,633;987,633;987,632;987,631;987,630;987,629;987,628;987,627;987,626;987,625;987,624;987,623;987,622;987,621;987,620;987,619;987,618;986,618;986,617;986,616;986,615;985,615;985,614;985,613;985,612;984,612;984,611;983,610;983,609;982,608;982,607;981,606;981,605;980,605;980,604;979,604;978,604;978,603;977,603;976,603;976,602;975,601;974,601;973,601;973,600;972,600;971,599;970,599;969,598;968,598;967,598;967,597;966,597;965,596;964,596;963,595;962,595;962,594;961,594;960,593;959,592;958,592;957,591;956,590;956,589;955,589;955,588;954,587;953,586;952,585;952,584;951,583;951,582;950,581;950,580;949,579;949,578;949,577;948,576;948,573;948,572;947,571;947,569;947,566;947,563;947,561;947,559;947,558;947,556;947,553;948,551;948,548;948,546;948,544;948,543;948,541;948,539;948,538;948,537;948,535;948,533;948,530;948,528;948,526;948,523;948,521;948,520;948,518;949,515;949,514;949,512;949,511;949,509;949,507;949,506;949,504;950,503;950,499;950,498;951,497;951,496;952,494;953,492;954,491;955,490;956,489;958,488;960,486;962,485;963,483;964,482;966,481;967,479;968,477;969,476;970,474;971,473;972,471;973,469;974,468;974,467;975,465;976,463;976,462;977,460;977,459;977,457;978,455;978,454;978,452;978,450;978,449;979,448;979,447;980,446;981,445;982,444;983,444;984,444;985,444;986,444;987,444;988,444;989,444;990,444;991,443;992,443;993,443;994,443;
Stroma, ICG; POLYGON; 255, 255, 255; 969,591;968,591;967,592;966,592;964,593;963,593;962,594;961,594;960,595;959,595;958,596;957,596;956,596;955,596;954,596;953,596;952,596;951,596;950,596;949,596;949,595;948,595;947,595;947,594;946,594;945,594;944,593;943,593;942,592;941,592;941,591;940,590;939,589;939,588;938,587;938,586;938,585;937,585;937,584;937,583;937,582;936,582;936,581;936,580;936,579;935,578;935,577;935,576;935,575;935,574;934,574;934,573;934,572;933,571;933,570;932,569;932,568;931,568;931,567;930,566;930,565;929,565;929,564;928,563;928,562;927,562;927,561;926,561;926,560;925,559;924,558;923,557;923,556;923,555;922,555;922,554;921,554;921,553;920,553;920,552;919,552;919,551;918,551;917,550;916,550;916,549;915,549;915,548;914,548;914,547;913,547;913,546;912,546;911,546;911,545;910,545;909,544;909,543;908,543;908,542;907,542;907,541;906,541;906,540;905,540;905,539;904,539;904,538;903,538;903,537;902,536;901,535;901,534;900,534;900,533;899,533;899,532;898,531;897,531;897,530;896,530;896,529;895,529;894,528;893,527;893,526;892,525;891,524;890,522;889,521;889,519;888,518;888,516;887,515;887,514;886,512;885,510;884,509;883,508;883,507;883,506;882,505;882,503;881,502;881,501;881,500;881,499;882,498;882,497;883,497;884,496;885,495;886,495;888,494;890,494;891,493;893,493;896,492;898,492;901,491;904,491;907,491;911,490;914,490;918,490;921,490;924,490;927,490;930,490;932,490;935,491;938,491;940,491;942,491;944,491;946,491;948,491;951,491;953,492;954,492;956,492;957,493;958,493;959,493;960,493;960,494;961,494;962,495;963,495;964,495;964,496;965,496;966,497;967,497;968,498;969,498;969,499;970,499;970,500;971,501;971,502;971,503;971,504;971,505;972,506;972,507;972,509;972,510;972,511;972,513;972,514;972,516;972,517;972,518;972,520;972,521;971,523;971,524;971,526;971,527;971,529;970,531;970,532;969,535;969,537;969,538;968,541;968,543;968,545;967,548;966,552;966,554;965,557;965,561;964,564;963,567;962,570;961,573;960,575;958,578;957,580;956,581;956,582;955,582;955,583;955,584;955,585;956,586;957,587;958,588;960,589;
Stroma, ICG; POLYGON; 255, 255, 255; 989,603;989,602;988,601;988,600;987,600;987,599;986,599;986,598;985,598;985,597;984,597;983,596;982,596;981,595;980,595;979,595;978,595;977,595;976,595;975,595;974,595;973,595;972,596;971,596;970,597;969,598;968,599;968,600;967,601;967,602;966,604;965,605;965,606;964,607;964,608;964,609;963,609;963,610;962,610;962,611;961,611;961,612;961,613;960,613;960,614;960,615;959,615;959,616;959,617;958,617;958,618;958,619;957,620;957,621;957,622;956,623;956,624;956,625;955,626;955,627;954,628;954,629;953,629;953,630;952,631;951,632;951,633;950,634;949,635;949,636;948,637;948,638;948,639;948,640;948,641;948,642;948,643;948,644;948,645;949,645;949,646;949,647;950,648;950,649;951,649;952,650;953,651;954,652;955,652;956,653;957,653;958,654;959,654;960,655;961,655;962,656;963,656;964,656;965,656;966,656;967,656;967,657;968,657;969,657;970,657;971,657;971,658;972,658;972,659;972,660;973,660;973,661;973,662;973,663;973,664;973,665;974,665;974,666;974,667;974,668;975,669;975,670;976,670;976,671;976,672;977,672;977,673;977,674;978,674;978,675;979,675;979,676;980,676;980,677;980,678;981,678;981,679;982,679;982,680;982,681;983,681;983,682;983,683;984,683;984,684;984,685;985,686;985,687;985,688;985,689;986,689;986,690;986,691;986,692;986,693;986,694;986,695;986,696;986,697;985,697;985,698;985,699;985,700;985,701;984,701;984,702;984,703;983,703;982,702;981,701;981,699;980,698;980,697;979,697;979,696;978,695;977,695;977,694;976,694;976,693;975,693;974,693;973,693;972,693;971,693;970,693;969,693;968,694;968,695;967,696;966,697;965,698;965,699;964,699;964,700;964,701;963,702;963,703;963,704;962,704;962,705;962,706;961,706;961,707;961,708;961,709;961,710;961,711;961,712;961,713;961,714;961,715;961,716;961,717;962,717;962,718;963,718;964,719;965,719;965,720;966,720;966,721;967,721;967,722;968,723;968,724;969,725;969,726;969,727;969,728;969,729;968,730;967,731;966,732;965,732;964,733;963,734;962,734;961,735;958,737;957,738;956,739;955,740;953,742;952,743;950,744;948,745;947,747;946,747;946,748;945,749;944,750;943,751;942,752;941,753;940,754;939,755;938,756;937,757;936,757;936,758;935,758;934,758;933,759;932,759;931,759;930,759;929,760;927,760;926,761;925,761;922,761;921,762;920,762;918,762;917,763;916,763;914,764;913,764;911,764;910,764;909,765;908,765;907,765;906,765;905,765;904,766;903,766;902,766;901,766;900,766;899,765;898,765;897,765;896,764;895,764;895,763;894,763;893,762;892,762;892,761;892,760;892,759;893,759;893,758;894,757;895,756;896,756;896,755;897,755;897,754;898,753;898,752;899,752;899,751;900,750;900,749;901,749;901,748;901,747;902,746;902,745;902,744;902,743;902,742;903,741;903,740;903,739;903,738;903,737;902,736;902,735;902,734;901,733;901,732;900,732;900,731;899,731;899,730;898,729;898,728;897,728;897,727;896,727;896,726;896,725;895,724;895,723;895,722;894,722;894,721;893,720;893,719;892,718;892,717;892,716;892,715;892,714;892,713;892,712;892,711;892,710;892,709;891,709;891,708;891,707;890,707;890,706;889,706;889,705;888,704;887,704;887,703;886,702;885,702;885,701;884,701;883,700;882,700;882,699;881,699;880,698;879,698;878,697;877,697;876,697;875,696;874,696;873,695;873,694;872,694;871,693;871,692;870,692;870,691;870,690;869,690;869,689;869,688;869,687;869,686;870,686;870,685;871,684;871,683;872,683;872,682;873,681;874,680;875,679;876,679;876,678;877,678;877,677;878,677;879,676;880,675;881,675;881,674;882,674;883,673;884,673;884,672;885,672;885,671;886,670;887,670;887,669;888,669;888,668;889,668;889,667;890,667;890,666;891,666;891,665;892,664;892,663;892,662;892,661;892,660;892,659;892,658;892,657;892,656;892,655;892,654;892,653;892,652;892,651;892,650;892,649;893,649;893,648;893,647;894,646;895,646;896,646;897,646;898,646;899,645;900,645;901,645;902,644;903,643;904,643;904,642;905,642;906,641;907,641;908,640;909,640;909,639;910,639;911,638;912,638;912,637;913,637;913,636;914,636;915,635;916,634;917,634;917,633;918,632;919,631;919,630;920,630;920,629;921,629;921,628;922,628;923,627;923,626;924,625;925,625;925,624;926,624;926,623;926,622;927,622;927,621;928,621;928,620;928,619;929,619;929,618;930,617;931,616;931,615;932,614;932,613;932,612;932,611;933,610;933,609;933,608;933,607;934,607;934,606;935,605;935,604;936,604;936,603;937,602;937,601;938,600;938,599;938,598;939,597;939,596;939,595;939,594;940,593;940,592;940,591;941,590;942,589;942,588;943,587;943,586;944,585;945,584;945,583;946,582;947,581;948,580;949,579;950,578;950,577;951,576;952,575;953,574;954,573;954,572;955,572;955,571;956,570;957,570;957,569;958,569;959,568;960,567;961,567;962,567;963,566;964,566;965,566;966,565;967,565;968,565;969,565;970,565;971,565;972,565;973,565;974,565;975,565;976,564;977,564;978,564;979,564;980,564;981,564;982,564;983,564;984,564;984,565;985,565;985,566;986,567;986,568;987,568;988,569;989,570;989,571;990,571;990,572;991,572;991,573;991,574;991,575;991,576;991,577;990,578;990,579;989,581;989,583;988,585;987,587;
Stroma, ICG; POLYGON; 255, 255, 255; 972,589;971,589;970,589;969,589;969,590;968,590;967,590;966,591;965,591;965,592;964,592;964,593;963,593;962,594;961,595;960,595;960,596;959,596;959,597;958,597;957,598;956,599;956,600;955,600;955,601;955,602;955,603;955,604;954,605;954,606;954,607;954,608;954,609;954,610;954,611;954,612;954,613;954,614;954,615;955,616;955,617;955,618;955,619;955,620;956,621;956,622;956,623;956,624;957,624;957,625;957,626;957,627;957,628;958,628;958,629;958,630;958,631;958,632;959,633;959,634;959,635;959,636;959,637;959,638;959,639;959,640;959,641;959,642;959,643;959,644;959,645;960,646;960,647;960,648;960,649;960,650;960,651;961,652;961,653;961,655;961,656;961,658;960,660;960,662;959,664;959,665;958,667;958,668;957,669;957,670;956,670;955,671;954,671;952,671;951,671;950,671;949,671;948,671;947,671;946,671;944,671;942,671;940,671;936,671;934,671;932,670;930,668;929,666;928,664;927,662;927,661;927,659;926,657;926,655;926,654;927,651;927,649;928,648;929,644;930,643;931,641;932,640;933,638;934,637;934,635;935,634;936,633;937,632;938,631;939,630;941,630;942,629;943,629;
Stroma, ICG; POLYGON; 255, 255, 255; 899,731;898,731;898,732;898,733;897,733;897,734;897,735;896,736;896,737;895,738;895,739;894,740;894,741;893,741;893,742;893,743;892,743;892,744;891,745;891,746;890,746;889,746;889,747;888,747;888,748;887,748;886,749;885,749;884,749;884,750;883,750;882,750;881,750;880,750;880,749;879,749;878,749;878,748;877,748;876,748;875,747;874,747;873,747;872,747;871,746;870,746;869,746;868,746;867,746;866,746;865,746;864,746;863,746;862,746;861,746;860,746;859,746;858,746;857,746;856,747;855,747;854,748;853,749;852,749;851,750;850,750;849,751;848,751;847,751;846,752;845,752;844,753;843,753;842,754;840,754;839,755;837,756;836,757;834,757;833,758;832,759;831,759;830,760;829,760;828,760;828,761;827,761;826,762;825,762;825,763;824,763;824,764;823,765;822,765;822,766;821,766;821,767;820,768;819,768;819,769;818,769;818,770;817,771;816,772;815,773;814,774;814,775;813,776;813,777;812,777;812,778;811,779;811,780;810,781;810,782;809,782;808,783;807,784;807,785;806,785;806,786;805,786;805,787;804,787;804,788;803,789;803,790;802,790;802,791;801,792;801,793;801,794;800,794;800,795;800,796;800,797;800,798;800,799;800,800;800,801;800,802;800,803;800,804;800,805;800,806;800,807;801,808;801,809;802,809;802,810;803,811;803,812;804,812;804,813;805,814;805,815;806,815;806,816;807,816;807,817;808,818;809,818;810,819;811,819;812,819;812,820;813,820;814,820;815,820;816,820;817,820;819,820;820,820;821,820;823,820;824,820;826,820;828,819;829,819;832,818;833,817;835,817;837,816;839,816;841,815;844,815;846,814;848,813;850,812;852,812;854,811;856,810;858,809;860,808;862,807;863,806;864,805;866,804;867,803;868,802;870,802;872,800;874,800;875,799;877,798;880,797;883,795;884,794;887,792;888,791;890,789;892,788;893,787;894,786;896,784;899,782;901,779;902,778;902,776;903,775;904,773;904,771;905,770;905,768;905,766;906,765;906,764;906,763;906,762;906,761;906,760;906,759;906,757;907,756;907,755;907,754;907,753;907,752;907,751;907,750;906,750;905,750;904,750;904,749;904,748;904,747;
Stroma, ICG; POLYGON; 255, 255, 255; 892,741;890,742;887,744;887,745;885,746;883,747;881,749;880,750;879,750;878,750;877,751;876,751;876,752;875,752;874,752;873,752;872,753;871,753;870,753;869,753;869,752;869,751;868,750;868,749;867,748;866,747;866,745;865,744;865,743;865,742;865,741;865,740;865,739;865,738;865,737;865,736;865,735;865,734;865,733;865,732;865,731;865,730;865,729;865,728;865,727;865,726;865,725;866,725;866,724;866,723;866,722;867,722;867,721;867,720;868,720;868,719;869,719;870,717;871,716;871,715;872,714;872,713;873,712;873,711;874,711;875,709;875,707;876,706;876,705;877,703;877,702;877,701;877,699;877,697;877,696;877,695;877,694;877,693;877,692;877,691;876,690;876,689;875,687;874,687;873,686;872,685;871,684;870,684;869,683;868,683;867,682;866,682;865,682;864,682;862,682;861,682;859,682;858,682;857,683;856,683;855,683;854,684;853,684;852,684;851,685;849,686;848,686;848,687;847,687;846,688;845,689;845,690;843,692;843,693;842,694;842,695;842,696;842,697;842,699;842,700;842,701;842,702;841,703;841,704;841,705;841,706;840,706;840,707;840,708;840,709;840,710;840,711;840,712;841,712;841,713;842,714;842,715;843,715;843,716;844,717;844,718;844,719;844,720;844,721;844,722;843,722;842,722;841,723;840,724;839,725;838,725;838,726;837,727;836,728;836,729;835,730;834,732;833,733;832,735;832,736;831,737;830,739;830,740;829,742;829,743;829,744;829,745;829,746;828,747;828,748;828,749;828,750;828,751;828,752;828,754;828,755;828,756;828,757;828,758;829,759;829,760;829,761;830,762;830,763;831,764;831,765;832,766;832,767;833,768;833,769;834,770;835,771;836,771;836,772;837,773;838,773;839,774;840,775;841,776;842,776;843,777;844,777;845,778;846,778;847,779;848,780;849,780;850,780;851,781;853,781;854,781;855,782;856,782;857,782;858,783;859,783;860,783;861,783;863,784;864,784;865,784;866,784;868,784;869,784;870,783;871,783;873,782;874,781;876,780;877,779;878,778;880,778;881,777;883,776;884,775;886,774;887,773;889,773;891,772;893,771;895,769;897,767;899,765;904,759;905,757;905,755;904,755;904,756;903,757;903,758;903,759;903,760;
Stroma, ICG; POLYGON; 255, 255, 255; 877,750;877,749;876,748;876,747;875,746;875,745;874,745;874,744;873,743;873,742;873,741;872,740;872,739;871,738;871,737;871,736;870,736;870,735;869,734;869,733;869,732;868,731;868,730;868,729;867,729;867,728;867,727;867,726;866,726;866,725;865,725;864,725;863,725;862,725;861,725;861,726;860,727;859,728;859,730;858,731;858,733;857,734;857,736;856,738;856,740;855,742;855,743;855,745;854,747;854,749;854,750;854,752;854,753;854,754;855,756;855,757;856,758;857,759;858,760;859,761;860,762;861,763;862,764;863,764;865,765;866,765;868,765;870,765;871,765;873,765;876,765;878,765;
Stroma, ICG; POLYGON; 255, 255, 255; 883,699;881,700;881,701;880,701;879,702;878,703;877,703;877,704;876,704;875,705;874,705;873,705;872,705;871,705;870,705;869,705;868,705;867,706;866,706;865,706;864,706;863,707;862,707;861,707;860,708;859,708;858,708;857,709;856,709;855,709;854,710;853,710;853,711;852,711;851,711;850,712;849,713;848,713;847,714;846,715;846,716;845,716;845,717;845,718;844,718;844,719;843,719;843,720;843,721;842,721;842,722;841,722;841,723;840,723;840,724;839,724;838,724;837,724;837,723;836,723;836,722;835,722;834,721;834,720;833,720;833,719;832,719;832,718;831,718;831,717;830,717;830,716;829,716;829,715;828,715;828,714;827,714;826,713;825,713;824,712;823,712;822,712;822,711;821,711;820,711;819,712;818,713;818,714;817,714;817,715;816,715;816,716;815,717;815,718;814,718;814,719;814,720;813,721;813,722;813,723;812,724;812,725;812,726;812,727;812,728;811,728;811,729;811,730;810,730;809,731;808,731;807,731;806,731;806,732;805,732;804,732;803,732;802,732;801,732;800,732;799,732;798,732;797,732;796,732;795,732;794,732;793,732;792,732;791,732;790,732;789,732;788,732;787,732;787,733;786,733;785,733;785,734;784,734;783,735;782,735;782,736;781,736;781,737;780,737;780,738;779,739;779,740;778,741;778,742;778,743;777,743;777,744;777,745;777,746;776,746;776,747;776,748;775,749;775,750;775,751;775,752;775,753;776,753;777,753;777,754;778,754;779,754;780,754;781,755;782,755;783,755;784,755;785,755;786,755;787,755;788,755;789,755;790,755;791,755;792,755;793,755;794,755;795,755;796,756;797,756;798,756;799,756;800,756;801,756;802,756;803,756;804,756;805,757;806,757;807,757;808,757;808,758;808,759;808,760;808,761;808,762;808,763;808,768;809,768;809,769;809,770;809,771;810,772;810,773;810,774;811,775;811,776;812,777;812,778;812,779;813,779;813,780;813,781;814,782;814,783;815,784;815,785;815,786;816,787;816,788;816,789;816,790;816,791;816,792;816,793;816,794;816,795;816,796;816,797;816,798;815,798;815,799;814,799;814,800;813,800;813,801;812,802;811,802;811,803;810,804;809,804;809,805;808,805;808,806;807,806;807,807;806,807;805,807;805,808;804,808;803,808;802,808;801,808;800,808;799,808;798,808;797,808;796,808;795,808;794,808;793,807;792,807;791,807;790,806;789,806;788,806;787,806;786,806;785,806;784,806;783,806;782,806;782,805;781,805;780,805;779,805;778,805;777,805;776,805;775,805;774,805;773,805;773,806;772,806;771,806;770,806;769,806;768,806;767,806;766,806;765,806;764,806;763,806;762,806;761,806;760,806;759,806;758,806;757,805;756,805;755,805;754,805;753,804;752,803;751,803;750,802;749,802;749,801;748,800;747,800;746,799;746,798;745,797;744,797;744,796;743,796;742,795;741,794;740,793;739,793;739,792;738,791;737,791;737,790;736,789;736,788;736,787;736,786;736,785;736,784;736,783;736,782;736,781;736,780;736,779;736,778;736,777;736,776;736,775;736,774;735,774;735,773;735,772;735,771;734,771;734,770;734,769;733,769;733,768;732,767;732,766;731,766;731,765;730,764;729,764;729,763;728,762;728,761;727,761;727,760;726,760;726,759;725,759;725,758;724,758;724,757;724,756;723,756;723,755;723,754;723,753;723,752;723,751;723,750;723,749;723,748;723,747;723,746;723,745;723,744;723,743;723,742;723,741;723,740;723,739;723,738;723,737;723,736;724,736;724,735;724,734;724,733;725,733;725,732;726,731;726,730;727,730;727,729;728,728;728,727;729,727;729,726;730,726;730,725;731,725;731,724;732,724;732,723;732,722;733,722;733,721;734,720;734,719;735,718;735,717;736,716;737,715;737,714;738,714;738,713;739,712;740,711;740,710;741,709;741,708;742,707;742,706;743,706;743,705;744,704;745,703;745,702;746,701;746,700;747,699;748,698;749,697;749,696;750,695;750,694;751,693;752,692;753,691;753,690;754,690;755,689;756,688;757,688;758,687;759,686;760,686;761,685;762,685;763,684;764,684;765,684;766,683;767,683;768,683;768,682;769,682;770,682;771,682;772,682;773,681;774,681;775,681;776,681;777,681;778,681;779,681;780,681;781,681;781,682;782,682;783,682;783,683;784,683;785,683;786,684;787,684;788,684;789,684;790,684;791,684;792,684;793,684;794,683;795,683;796,682;797,681;798,680;799,680;799,679;800,679;800,678;801,678;801,677;802,676;803,676;803,675;804,675;805,674;805,673;806,672;806,671;807,671;807,670;808,670;808,669;809,669;810,669;810,668;811,668;812,667;813,667;814,667;815,667;816,667;817,667;818,667;819,667;820,667;821,667;822,667;822,666;823,666;824,665;825,665;826,665;826,664;827,664;828,664;829,664;830,664;831,664;832,664;833,664;834,664;835,664;836,664;837,664;838,664;839,664;840,664;841,664;842,663;843,663;844,663;845,663;846,663;847,663;848,663;849,663;850,663;851,663;853,663;854,663;855,662;856,662;857,662;858,662;860,661;861,661;862,661;862,660;863,660;864,660;865,659;866,659;866,658;867,658;868,657;869,657;869,656;870,656;870,655;870,654;871,654;871,653;871,652;871,651;872,651;872,650;873,650;874,649;875,649;876,648;877,648;878,648;879,648;880,647;881,647;882,647;883,647;884,646;885,646;887,646;888,646;890,646;891,646;892,646;893,646;894,646;895,646;896,646;897,646;898,646;899,646;900,646;901,647;902,647;903,647;904,647;906,647;907,648;908,648;909,649;910,649;911,650;911,651;912,651;912,652;912,653;913,653;913,654;913,655;913,656;913,657;914,659;914,660;914,661;915,661;915,662;915,663;915,664;915,665;916,665;916,666;916,667;916,668;916,669;916,670;916,671;916,672;916,673;916,674;915,674;915,675;915,676;914,676;914,677;913,677;913,678;912,678;911,679;910,679;909,680;908,680;907,681;906,681;906,682;905,682;904,682;904,683;903,683;903,684;902,684;901,684;901,685;900,685;900,686;899,686;898,687;897,688;896,688;896,689;895,690;894,691;894,692;893,692;893,694;893,695;893,696;
Stroma, ICG; POLYGON; 255, 255, 255; 840,735;840,736;839,737;839,738;838,739;838,740;837,741;837,742;837,743;836,744;836,745;835,745;835,746;834,746;833,747;832,747;831,747;830,748;829,748;829,747;828,746;828,745;827,745;827,744;827,743;826,743;826,742;826,741;825,741;825,740;824,740;824,739;823,738;823,737;822,737;822,736;821,736;820,736;819,735;818,735;817,735;816,735;815,735;815,736;814,736;814,737;814,738;813,738;813,739;813,740;812,740;812,741;812,742;811,743;811,744;811,745;810,745;810,746;810,747;810,748;809,748;809,749;808,750;807,751;807,752;806,752;806,753;805,753;804,754;803,754;803,755;802,755;802,756;801,756;800,757;799,757;798,758;797,759;796,760;796,761;795,761;795,762;794,763;794,764;794,765;794,766;794,767;794,768;794,769;794,770;794,771;794,772;794,773;794,774;795,775;796,776;797,777;798,778;800,779;801,779;802,780;804,780;805,781;807,781;808,781;810,781;811,781;812,781;813,781;815,781;816,781;818,781;819,781;821,781;823,781;826,781;829,781;831,780;834,780;838,779;841,778;846,777;849,776;853,775;
Stroma, ICG; POLYGON; 255, 255, 255; 834,739;834,738;833,737;833,736;832,736;832,735;831,735;831,734;830,734;830,733;829,733;828,733;828,732;827,732;826,732;826,733;825,733;824,734;824,735;823,735;823,736;822,736;822,737;822,738;821,738;821,739;820,739;820,740;820,741;820,742;820,743;820,745;820,746;820,747;820,748;820,749;821,750;821,751;822,752;822,753;823,754;824,755;824,756;825,756;826,756;826,757;827,757;829,757;830,757;832,757;834,757;836,757;839,756;842,755;844,755;847,754;850,753;853,752;855,752;858,751;861,750;
Stroma, ICG; POLYGON; 255, 255, 255; 897,841;897,842;897,843;898,844;898,845;898,846;898,847;898,848;898,849;898,850;898,851;898,852;897,852;897,853;897,854;896,855;896,856;895,857;895,858;895,859;894,859;894,860;892,861;892,862;891,863;890,863;888,864;887,866;886,867;885,867;885,868;884,869;883,870;882,871;881,871;880,872;879,872;878,872;878,873;877,873;876,873;875,873;875,874;874,874;873,874;872,874;871,875;870,875;869,875;869,876;868,876;867,876;867,877;866,877;865,877;864,878;863,878;863,879;862,879;861,879;861,880;860,881;859,881;858,882;857,882;857,883;856,883;855,884;854,884;853,885;852,886;851,886;851,887;850,888;849,888;849,889;848,889;848,890;847,890;846,890;846,891;845,891;844,891;843,891;842,892;841,892;840,892;839,892;838,892;837,892;836,892;835,892;834,892;833,892;832,892;831,892;830,892;830,893;829,893;829,894;828,894;828,895;827,895;826,896;825,897;825,898;824,899;824,900;823,900;823,902;822,902;822,903;821,904;821,905;820,905;820,906;819,907;818,909;817,910;817,911;816,912;815,914;814,916;813,916;812,918;811,919;810,920;809,921;808,922;807,922;807,923;806,923;805,924;804,924;804,925;803,925;802,925;801,926;799,927;798,928;797,928;795,930;794,930;793,930;792,930;791,931;790,931;789,931;789,932;788,932;787,932;786,932;785,932;785,933;784,933;783,933;782,933;781,933;780,933;779,933;778,933;777,934;776,934;776,935;775,935;775,936;774,936;773,936;772,937;771,937;771,938;770,938;769,938;769,939;768,939;768,940;767,940;767,941;767,942;767,943;767,944;767,945;767,946;768,947;768,948;769,949;770,950;770,951;771,951;771,952;772,952;772,953;772,954;773,954;773,955;773,956;773,957;773,958;773,959;773,960;772,960;772,961;771,961;771,962;770,962;770,963;769,964;769,965;768,965;768,966;767,967;766,968;766,969;765,969;764,970;763,971;762,972;761,972;760,973;759,974;758,974;757,975;756,975;756,976;755,976;754,976;754,977;753,977;752,977;751,977;750,978;749,978;748,978;747,979;746,979;745,979;744,980;743,980;742,980;741,980;740,980;739,980;738,980;737,980;736,980;735,980;733,980;732,980;731,980;730,980;729,980;728,980;727,980;726,979;725,979;724,979;723,979;723,978;722,978;721,978;720,978;719,978;718,978;717,978;717,977;716,977;715,977;714,977;714,976;713,976;712,976;712,975;711,975;710,975;709,974;708,974;707,974;706,973;705,973;705,972;704,972;703,972;702,972;701,971;700,971;697,971;696,970;695,970;693,970;691,970;689,970;688,970;687,970;684,970;683,970;682,970;680,970;677,969;674,969;673,968;672,968;670,967;669,967;667,966;664,965;663,965;661,964;659,964;657,963;656,963;654,962;652,962;650,962;648,962;647,962;645,962;643,962;641,962;637,962;635,962;633,962;628,962;626,962;624,962;622,962;620,962;618,962;616,962;614,963;610,963;608,964;606,964;603,964;601,964;599,964;597,964;595,964;593,964;591,964;587,964;583,964;582,964;579,964;578,964;576,964;570,965;568,965;566,965;562,965;560,964;558,964;556,964;554,963;552,963;550,963;549,963;547,963;545,962;544,962;542,962;541,962;540,962;537,962;536,961;535,961;534,961;533,960;532,960;531,960;530,960;529,960;527,960;526,961;525,962;524,962;523,963;522,963;522,964;521,965;520,965;520,966;519,966;518,966;518,967;517,967;516,967;516,968;515,968;515,969;514,969;513,970;512,971;512,972;512,973;512,974;512,975;512,976;512,977;512,978;512,979;512,980;512,981;513,981;513,982;513,983;513,984;513,985;512,985;512,986;511,986;511,987;510,987;510,988;509,988;509,989;508,989;508,990;507,990;506,991;506,992;505,992;505,993;504,993;504,994;503,994;503,995;503,996;503,997;502,997;502,998;502,999;502,1000;502,1001;502,1002;502,1003;502,1004;502,1005;502,1006;502,1007;503,1007;503,1008;504,1008;504,1009;505,1009;506,1009;507,1010;508,1010;509,1011;510,1011;511,1011;512,1011;513,1011;514,1012;515,1012;516,1012;517,1012;518,1012;519,1012;519,1013;521,1013;522,1013;523,1013;524,1013;525,1013;526,1014;527,1014;528,1014;528,1015;529,1015;530,1015;531,1015;531,1016;532,1016;533,1016;534,1016;535,1016;536,1016;537,1017;538,1017;539,1017;540,1017;541,1017;542,1017;543,1017;544,1017;545,1017;546,1017;547,1017;548,1017;549,1017;550,1017;551,1017;552,1017;553,1017;554,1017;555,1017;556,1017;557,1017;559,1017;561,1017;562,1017;563,1017;564,1017;565,1017;567,1017;568,1017;571,1017;572,1017;573,1017;574,1017;575,1017;576,1017;577,1017;578,1017;579,1017;580,1017;581,1018;582,1018;583,1018;583,1019;584,1019;585,1019;586,1020;587,1020;588,1020;589,1020;590,1021;591,1021;592,1021;594,1021;595,1021;596,1021;597,1021;598,1021;599,1021;600,1021;601,1021;602,1021;603,1021;604,1021;605,1021;606,1022;607,1022;608,1022;609,1022;610,1022;611,1023;612,1023;613,1023;614,1023;615,1023;616,1023;617,1023;618,1023;619,1023;620,1023;621,1023;622,1023;623,1023;624,1023;625,1023;626,1023;627,1023;628,1023;629,1023;630,1023;631,1023;632,1023;633,1023;634,1023;635,1023;636,1023;636,1022;637,1022;638,1022;639,1022;640,1022;641,1022;642,1022;643,1022;644,1022;645,1022;646,1022;647,1022;648,1022;649,1022;650,1022;651,1022;652,1022;653,1022;654,1022;655,1022;656,1022;656,1021;657,1021;658,1021;659,1021;660,1021;661,1021;661,1020;662,1020;663,1020;664,1020;665,1020;666,1020;667,1020;668,1020;669,1020;670,1020;671,1020;672,1020;673,1020;674,1020;675,1020;676,1020;677,1020;678,1020;679,1020;680,1020;681,1020;682,1020;683,1020;684,1020;685,1020;686,1020;687,1020;688,1021;689,1021;690,1021;691,1021;692,1021;693,1021;694,1021;695,1021;696,1021;697,1021;698,1021;699,1021;700,1021;701,1021;702,1021;703,1021;704,1021;705,1021;706,1021;707,1021;708,1021;709,1021;710,1021;711,1021;712,1021;713,1021;714,1021;715,1021;716,1021;717,1021;718,1021;720,1021;721,1021;722,1021;723,1021;724,1021;725,1021;726,1021;727,1021;728,1021;729,1021;730,1021;731,1021;732,1021;733,1021;734,1021;735,1021;736,1021;737,1021;737,1020;738,1020;739,1020;740,1020;741,1020;742,1020;742,1019;743,1019;744,1019;744,1018;745,1018;746,1018;747,1018;748,1018;749,1018;750,1017;751,1017;752,1016;753,1016;754,1016;754,1015;756,1015;757,1015;757,1014;759,1014;761,1014;763,1013;764,1013;766,1012;767,1012;768,1011;771,1010;774,1008;777,1006;779,1005;780,1004;781,1004;782,1003;783,1003;783,1002;784,1002;785,1001;786,1001;786,1000;787,1000;787,999;788,999;789,998;790,997;791,997;791,996;792,996;792,995;793,995;794,994;795,993;796,992;797,992;797,991;798,990;799,990;800,989;801,988;802,987;803,986;804,986;804,985;805,985;806,985;806,984;807,984;808,983;809,982;810,981;810,980;811,980;812,979;812,978;812,977;813,977;813,976;813,975;814,974;814,973;814,972;815,971;815,970;816,969;816,968;817,968;817,967;817,966;818,966;818,965;819,964;820,963;820,962;821,962;821,961;822,960;823,960;823,959;824,958;825,957;826,956;827,956;828,955;828,954;829,954;830,953;831,952;832,951;833,951;833,950;834,950;834,949;835,948;836,947;837,947;837,946;838,946;838,945;839,945;840,944;841,944;841,943;842,943;843,942;844,942;844,941;845,941;845,940;846,940;846,939;847,939;847,938;848,938;849,938;849,937;850,937;851,936;852,936;852,935;853,935;854,934;855,933;856,933;857,932;858,931;859,930;860,929;861,928;862,927;862,926;863,925;864,924;864,923;865,923;865,922;865,921;866,921;866,920;866,919;866,918;866,917;866,916;866,915;866,914;866,913;866,912;866,911;866,910;866,909;866,908;867,907;867,906;868,906;868,905;869,905;869,904;870,904;870,903;871,903;871,902;872,902;872,901;873,901;873,900;874,900;875,899;876,898;877,897;878,897;878,896;879,896;879,895;880,895;881,895;882,895;883,894;884,894;885,893;886,893;887,892;888,892;889,892;890,891;891,891;892,890;893,890;894,890;895,890;896,889;897,889;898,889;899,888;900,888;901,888;902,888;903,887;904,887;905,887;906,887;907,887;908,887;909,887;910,887;911,887;912,887;913,887;914,887;915,887;916,887;917,887;918,887;919,887;920,887;921,887;922,887;923,886;924,886;925,886;926,885;927,885;928,884;929,884;930,883;931,883;932,882;933,882;934,881;935,881;936,880;937,879;938,878;939,877;940,877;941,876;942,875;943,875;943,874;945,873;946,873;946,872;947,872;948,871;949,871;949,870;950,870;951,869;952,868;953,868;953,867;955,866;957,865;958,864;959,864;960,863;961,862;962,861;963,861;964,860;965,859;966,858;967,858;968,858;968,857;969,857;970,856;971,855;972,855;972,854;973,854;973,853;974,852;975,851;976,851;977,850;977,849;978,849;978,848;979,848;980,847;980,846;981,846;981,845;982,845;982,844;983,844;983,843;984,843;984,842;985,842;985,841;986,841;987,840;987,839;988,839;989,838;989,837;990,837;990,836;991,835;991,834;992,834;992,833;993,833;993,832;994,831;994,830;995,830;995,829;996,829;996,828;996,827;997,826;997,825;998,825;998,824;998,823;999,822;999,821;999,820;1000,819;1000,818;1000,817;1001,816;1001,815;1001,814;1001,813;1002,812;1002,811;1002,810;1002,809;1002,808;1002,807;1002,806;1002,805;1002,804;1002,803;1002,802;1002,801;1002,800;1003,799;1003,798;1003,797;1003,796;1003,795;1003,794;1004,793;1004,792;1004,791;1004,790;1004,789;1004,788;1004,787;1005,787;1005,786;1005,785;1005,784;1005,783;1005,782;1006,781;1006,780;1006,779;1006,778;1006,777;1007,777;1007,776;1007,775;1007,774;1007,773;1007,772;1008,771;1008,770;1008,769;1009,768;1009,767;1010,766;1010,765;1010,764;1010,763;1011,762;1011,761;1011,760;1011,759;1012,758;1012,757;1012,756;1012,755;1013,754;1013,752;1013,751;1014,750;1014,748;1014,747;1015,745;1015,744;1016,743;1016,742;1016,740;1016,739;1017,738;1017,737;1017,736;1018,736;1018,735;1018,734;1018,733;1018,732;1019,731;1019,730;1019,729;1019,728;1019,727;1019,726;1019,725;1019,724;1019,723;1019,722;1019,721;1019,720;1019,719;1019,718;1019,717;1019,716;1019,713;1019,711;1019,709;1019,708;1019,706;1019,704;1018,702;1018,701;1017,699;1016,697;1015,695;1014,693;1014,692;1013,691;1013,690;1012,689;1012,687;1011,686;1010,685;1009,684;1009,683;1008,682;1007,682;1006,681;1006,680;1005,680;1004,680;1003,680;1002,680;1001,681;1000,682;999,683;998,684;997,686;996,688;994,690;993,693;992,695;989,701;988,704;988,705;988,706;988,707;988,708;988,710;988,711;988,713;988,715;988,716;988,717;988,718;988,719;988,720;988,722;988,723;988,724;988,725;987,726;987,728;987,729;987,730;987,731;987,733;987,734;986,735;986,736;986,737;985,738;985,739;984,740;984,742;983,743;982,744;982,745;980,748;979,750;977,753;974,757;973,758;969,763;966,766;964,769;961,773;958,777;956,780;954,783;953,785;952,786;951,786;951,787;950,787;949,788;948,788;947,789;946,789;945,790;944,791;942,791;941,792;940,792;939,793;937,793;936,794;934,794;932,795;927,797;925,798;923,799;920,800;919,801;916,801;915,802;913,802;912,803;910,803;909,803;907,804;906,805;904,805;904,806;903,806;902,807;901,808;900,808;900,809;900,810;900,811;900,812;900,813;900,814;900,819;900,820;900,822;901,824;901,825;901,826;901,827;901,828;901,829;900,830;900,831;901,831;902,831;
Stroma, ICG; POLYGON; 255, 255, 255; 888,829;888,830;888,831;888,835;888,836;888,837;889,840;890,840;891,841;892,842;892,843;893,843;893,844;893,845;894,845;894,846;894,847;894,848;894,849;894,850;894,851;893,852;892,854;891,856;890,857;889,858;888,858;888,859;887,860;887,861;886,861;886,862;885,862;885,863;885,864;884,865;884,866;884,867;884,868;884,869;883,870;883,872;883,873;883,875;883,876;883,877;884,878;884,879;885,879;886,879;887,879;888,879;890,879;891,879;892,879;893,879;895,878;896,877;898,876;899,875;901,873;903,871;905,868;907,865;909,862;913,856;915,852;916,849;918,845;919,841;920,838;920,834;920,826;920,822;919,818;919,815;918,812;917,810;915,807;914,806;913,806;912,806;911,806;911,808;909,809;908,811;906,814;
Stroma, ICG; POLYGON; 255, 255, 255; 894,857;893,858;892,859;892,860;891,861;890,861;890,862;889,862;888,863;887,864;886,865;885,866;884,867;883,868;882,869;881,869;880,870;879,871;878,871;877,872;877,873;876,873;875,873;874,874;873,874;872,875;871,875;870,875;869,876;868,876;867,876;866,877;865,877;864,877;863,878;862,879;861,880;859,881;858,882;857,882;855,884;853,885;852,886;850,887;849,888;848,888;848,889;847,889;847,890;848,890;848,891;848,892;849,892;849,893;850,894;851,895;852,896;853,896;854,896;855,897;857,897;858,897;861,897;862,896;864,896;866,895;868,894;869,892;872,891;874,889;876,887;879,885;882,883;885,880;889,877;892,874;898,869;901,867;904,865;906,863;907,862;908,861;909,860;909,859;909,858;909,857;909,856;909,855;909,854;909,853;909,851;909,850;909,849;909,848;909,846;909,845;909,844;909,843;909,842;909,841;908,841;908,840;907,839;907,838;906,837;906,836;905,836;905,837;905,838;905,839;905,840;
Stroma, ICG; POLYGON; 255, 255, 255; 893,833;892,834;891,837;890,839;889,841;888,843;888,845;887,849;886,850;886,851;886,854;885,855;885,856;885,858;885,859;885,860;885,861;886,861;886,862;887,862;888,863;889,863;890,863;891,863;892,863;893,863;894,863;895,861;896,860;898,859;899,857;900,855;901,853;902,851;903,849;903,847;904,845;904,843;904,842;904,840;904,839;904,837;903,836;902,834;901,833;900,832;899,831;898,830;897,829;896,828;895,828;894,828;893,830;892,831;
Stroma, ICG; POLYGON; 255, 255, 255; 821,821;820,821;819,820;818,820;817,820;816,819;815,819;814,819;813,819;812,819;811,819;810,819;809,819;808,819;807,819;806,819;806,818;805,818;804,818;803,818;803,817;802,817;801,817;800,817;799,817;798,817;797,817;797,818;796,818;795,818;794,818;793,818;792,819;791,819;791,820;790,820;790,821;790,822;789,822;789,823;789,824;789,825;789,826;789,827;789,828;789,829;789,830;789,831;789,832;789,833;790,834;791,834;791,835;792,835;793,835;793,836;794,836;795,837;796,837;797,837;797,838;798,838;799,838;800,839;801,839;802,840;803,840;804,841;805,842;806,842;806,843;807,843;808,843;808,844;808,845;808,846;807,847;806,847;805,848;804,848;803,848;803,849;802,849;801,849;801,850;800,850;799,850;798,850;797,850;796,850;795,850;794,850;794,849;793,849;792,848;791,848;791,847;790,847;789,846;788,846;788,845;787,845;786,844;785,844;785,843;784,843;784,842;783,842;783,841;782,841;781,841;781,840;780,840;779,840;778,841;777,841;777,842;776,842;775,842;774,843;773,843;772,843;772,844;771,844;770,844;770,845;769,845;769,846;768,846;767,847;767,848;766,848;766,849;765,849;765,850;765,851;765,852;765,853;764,853;764,854;764,855;764,856;764,857;764,858;764,859;764,860;764,861;763,861;763,862;763,863;762,863;762,864;761,865;761,866;760,866;759,867;758,867;757,868;756,868;755,868;754,868;753,868;752,868;751,869;750,869;750,870;749,870;748,871;748,872;747,872;746,873;745,874;744,875;743,876;743,877;742,878;741,879;741,880;740,881;740,882;739,882;739,883;738,883;738,884;738,885;738,886;738,887;738,888;738,889;738,890;738,891;738,892;738,893;737,894;737,896;736,897;736,899;736,900;735,901;735,902;734,904;734,905;733,906;732,907;731,909;731,910;730,911;730,912;729,912;729,913;728,913;728,914;727,915;726,915;726,916;725,917;724,917;724,918;723,918;722,918;721,918;720,919;719,919;718,919;717,919;717,920;716,920;715,921;714,921;714,922;713,922;713,923;712,923;712,924;711,924;711,925;710,925;709,926;708,926;708,927;707,927;707,928;706,928;706,929;705,930;705,931;704,931;704,932;703,932;703,933;703,934;703,935;702,936;702,937;702,938;702,939;703,939;703,940;703,941;703,942;704,942;704,943;704,944;704,945;704,946;704,947;704,948;704,949;704,950;704,954;704,955;704,956;704,957;704,958;704,959;704,960;704,961;704,962;704,963;704,964;704,965;704,966;704,967;704,968;704,969;704,970;704,971;704,972;704,973;703,973;703,974;702,974;702,975;701,975;701,976;700,976;700,977;699,977;698,977;697,978;696,978;695,978;694,978;693,978;692,978;691,978;691,979;690,979;689,979;688,979;687,979;687,980;686,980;685,980;684,980;683,980;681,980;680,980;679,980;678,980;677,980;676,980;675,980;674,980;673,980;672,980;671,980;670,980;669,980;668,980;667,980;666,980;665,980;664,980;663,980;662,980;661,980;660,979;659,979;658,979;657,979;656,979;655,978;654,978;653,978;652,978;651,977;650,977;649,977;649,976;648,976;647,975;646,975;645,974;644,974;643,974;642,974;641,974;640,974;639,974;638,974;637,974;636,974;635,974;634,974;633,974;633,975;632,975;631,975;630,976;629,976;628,976;627,976;626,976;625,976;624,976;623,976;622,975;621,975;620,975;619,975;618,974;617,974;616,974;615,974;614,974;613,974;612,974;610,974;609,974;608,974;607,974;606,974;605,974;603,974;602,974;601,974;600,974;598,973;597,973;596,973;595,973;594,972;593,972;592,972;591,972;590,972;588,972;587,972;586,972;585,972;584,972;583,972;582,972;581,972;580,972;579,972;578,972;577,972;576,972;575,972;574,972;573,971;572,971;571,970;570,970;569,969;568,969;567,969;566,969;565,969;564,969;563,969;562,969;561,969;560,969;559,969;557,969;556,969;555,970;554,970;554,971;553,971;552,972;551,972;551,973;550,973;549,974;548,974;547,975;546,975;545,976;544,976;544,977;543,977;542,978;541,978;540,979;539,979;539,980;538,980;537,981;536,981;536,982;535,982;535,983;534,983;533,983;533,984;532,984;531,984;530,984;529,984;529,985;528,985;527,985;526,985;525,986;524,986;523,986;522,987;521,987;520,987;519,987;519,988;518,988;517,988;516,988;516,987;516,986;516,985;516,984;515,984;515,983;514,983;514,982;513,982;513,981;512,981;511,980;510,980;510,979;509,979;509,978;508,978;507,977;506,977;506,976;505,976;504,976;504,975;503,975;502,975;502,974;501,974;501,973;500,972;499,971;498,970;497,969;497,968;496,968;496,967;495,966;495,965;494,965;494,964;493,963;492,962;491,961;491,960;490,960;490,959;490,958;489,958;489,957;488,957;488,956;488,955;487,955;487,954;487,953;487,952;487,951;486,951;486,950;486,949;486,948;486,947;486,946;486,945;486,944;486,943;486,942;486,941;486,940;487,939;487,938;487,937;488,936;488,935;488,934;488,933;489,933;489,932;489,931;490,930;490,929;491,929;491,928;492,928;492,927;493,926;494,926;494,925;495,925;495,924;496,923;497,922;498,922;498,921;499,921;500,921;500,920;501,920;502,919;503,919;503,918;504,918;505,917;506,917;507,916;508,916;509,915;510,915;511,914;512,914;513,913;514,913;515,912;516,912;517,911;518,911;519,910;520,910;521,910;522,909;523,909;524,909;525,908;526,908;527,907;528,907;528,906;529,906;530,906;531,905;532,905;533,905;533,904;534,904;535,904;536,904;536,903;537,903;537,902;538,902;538,901;539,901;539,900;540,900;540,899;541,898;542,897;542,896;543,896;543,895;543,894;544,894;544,893;544,892;544,891;544,890;544,889;544,888;544,887;544,886;543,886;543,885;543,884;542,884;542,883;542,882;542,881;542,880;542,879;543,879;543,878;544,878;544,877;545,877;546,876;547,876;548,876;549,876;550,876;551,876;552,876;553,876;554,876;555,875;556,875;557,875;558,875;559,874;560,874;560,873;561,873;562,873;562,872;563,872;563,871;563,870;563,869;563,868;563,867;563,866;562,866;562,865;562,864;562,863;561,863;561,862;561,861;561,860;561,859;561,858;561,857;561,856;561,855;560,855;560,854;560,853;559,852;559,851;558,851;558,850;557,850;557,849;556,848;556,847;556,846;555,846;555,845;555,844;555,843;555,842;556,841;557,841;558,840;558,839;559,839;560,838;561,838;562,838;563,838;564,838;565,838;566,837;567,837;568,837;569,837;570,837;571,837;572,836;573,836;574,836;575,836;576,836;577,835;578,835;579,835;580,835;581,834;582,834;583,834;584,834;585,834;586,834;587,833;588,833;589,833;590,833;591,833;592,833;593,833;594,832;595,832;596,832;597,832;598,832;599,832;600,832;601,832;602,832;603,832;604,832;605,832;606,831;607,831;609,831;610,831;611,831;612,831;613,831;614,831;615,831;616,831;617,831;618,831;619,831;620,831;621,831;622,831;623,831;624,831;625,831;626,831;627,831;628,831;629,831;630,831;631,831;632,831;633,831;634,831;635,831;636,831;637,831;638,831;639,831;640,831;641,831;642,831;642,832;643,832;644,833;645,833;645,834;646,834;647,835;648,835;648,836;648,837;649,837;649,838;649,839;649,840;650,840;650,841;650,842;651,842;651,843;652,843;652,844;653,844;653,845;654,845;654,846;655,846;655,847;655,848;656,848;656,849;656,850;657,850;657,851;658,852;658,853;659,853;659,854;660,854;660,855;661,855;661,856;662,856;663,856;664,856;665,856;666,856;666,855;667,855;667,854;668,854;668,853;669,853;670,853;670,852;671,852;672,851;673,851;674,850;675,850;676,850;676,849;677,849;678,849;678,848;679,848;679,847;680,847;680,846;681,846;681,845;681,844;682,844;682,843;682,842;683,842;683,841;683,840;683,839;683,838;683,837;683,836;683,835;684,835;684,834;684,833;684,832;684,831;684,830;684,829;684,828;684,827;684,826;683,826;683,825;683,824;683,823;682,822;682,821;681,820;681,819;681,818;680,818;680,817;680,816;680,815;679,815;679,814;679,813;679,812;679,811;678,810;678,809;678,808;678,807;678,806;678,805;678,804;679,804;679,803;679,802;679,801;680,800;680,799;680,798;680,797;680,796;680,795;680,794;680,793;680,792;680,791;680,790;680,789;680,788;680,787;680,786;680,785;680,784;681,784;681,783;681,782;682,782;682,781;682,780;683,780;683,779;684,778;685,777;686,776;687,776;687,775;688,775;689,775;690,775;690,774;691,774;692,774;693,774;694,774;694,773;695,773;696,773;697,773;697,772;698,772;699,771;700,771;700,770;701,770;701,769;702,769;702,768;703,768;703,767;704,767;704,766;705,766;706,765;707,765;707,764;708,764;709,764;710,763;711,763;711,762;712,762;713,762;713,761;714,761;715,761;715,760;716,760;716,759;717,759;718,759;718,758;719,758;719,757;720,756;721,755;721,754;722,753;722,752;722,751;722,750;722,749;722,748;722,747;722,746;722,745;722,744;722,743;722,742;721,742;721,741;721,740;721,739;720,739;720,738;720,737;719,737;718,736;717,735;716,734;715,733;714,732;714,731;713,731;712,730;711,729;711,728;710,727;710,726;709,725;709,724;709,723;709,722;709,720;709,719;709,718;709,717;709,716;709,715;709,714;709,713;709,712;709,711;709,710;709,709;709,708;709,707;710,706;710,705;710,704;710,703;711,702;711,701;711,700;711,699;711,698;711,697;712,696;712,695;713,694;714,693;715,693;715,692;716,692;717,691;718,691;719,690;720,689;721,689;721,688;722,687;723,687;723,686;724,686;724,685;725,685;725,684;726,683;727,683;727,682;728,681;728,680;729,680;729,679;729,678;729,677;730,676;730,675;730,674;730,672;730,671;730,670;730,669;730,668;730,667;730,666;730,665;731,665;731,664;731,663;731,662;732,662;732,661;733,661;733,660;734,660;734,659;735,659;736,658;737,658;737,657;738,657;739,656;740,656;741,656;742,656;743,656;744,656;745,656;746,656;748,655;749,654;750,653;751,653;752,653;752,652;753,652;754,652;754,651;755,651;756,651;756,650;757,650;758,650;759,650;759,649;760,649;761,649;762,649;762,648;763,648;764,648;765,648;765,647;766,647;767,647;768,647;769,647;770,647;771,647;772,647;773,647;774,647;775,647;776,647;777,648;778,648;779,648;780,649;781,649;782,649;782,650;783,650;783,651;783,652;784,652;784,653;784,654;785,654;785,655;785,656;786,656;786,657;786,658;786,659;786,660;786,661;786,662;786,663;786,664;786,665;786,666;786,667;786,668;786,669;786,670;785,671;785,672;785,673;785,674;785,675;785,676;785,677;786,678;787,678;787,679;788,679;789,679;790,679;790,680;791,680;792,680;793,680;794,680;795,681;796,681;797,681;798,681;799,681;800,681;801,681;802,681;803,681;804,681;805,681;806,681;807,681;808,681;809,681;810,681;811,681;812,681;813,681;814,681;815,681;816,681;817,681;817,682;818,682;818,683;819,683;819,684;820,685;820,686;821,686;821,687;821,688;822,688;822,689;822,690;822,691;822,692;822,693;822,694;822,695;821,695;821,696;821,697;820,697;820,698;819,699;819,700;818,701;817,702;817,703;816,704;815,705;815,706;814,706;814,707;813,707;812,709;811,710;810,711;810,712;809,712;809,713;808,714;807,714;807,715;806,715;806,716;806,717;805,717;805,718;804,718;804,719;804,720;804,721;804,722;804,723;804,724;804,725;804,726;804,727;804,728;804,729;803,729;803,730;802,730;802,731;801,731;801,732;800,732;799,733;798,733;797,733;797,734;796,734;795,734;794,735;793,735;792,735;791,736;790,736;789,736;788,736;788,737;787,737;786,737;785,737;785,738;784,738;783,738;783,739;782,739;781,740;780,741;780,742;779,742;779,743;779,744;778,744;778,745;777,746;777,747;777,748;776,748;776,749;776,750;776,751;775,752;775,753;775,754;775,755;775,756;775,757;775,758;775,759;776,760;777,761;778,761;779,762;780,762;781,762;782,763;783,763;784,763;785,764;786,764;787,764;788,765;789,765;790,765;791,765;791,766;792,766;794,766;795,766;796,767;797,767;798,767;799,768;800,768;801,768;803,769;804,769;805,769;807,769;808,769;810,769;811,769;813,769;814,769;816,769;817,769;818,769;819,769;820,769;821,769;822,769;823,769;825,770;826,770;826,771;827,771;828,772;829,772;829,773;830,773;831,774;832,774;832,775;833,775;834,776;835,777;836,777;836,778;837,779;837,780;838,781;838,782;838,783;839,784;840,785;840,786;841,787;841,788;842,789;842,790;842,791;843,792;843,793;843,794;843,797;843,798;843,799;843,801;843,802;843,803;843,806;843,807;843,808;843,809;843,811;842,812;842,813;841,814;841,815;840,815;840,816;839,816;838,817;837,818;836,819;835,820;835,821;834,822;834,823;834,824;833,825;832,826;832,827;832,828;833,828;
Stroma, ICG; POLYGON; 255, 255, 255; 834,675;833,675;832,675;831,675;830,675;829,675;829,674;828,674;828,673;828,672;828,671;827,671;827,670;827,669;827,668;827,667;827,666;827,665;827,664;827,663;827,662;827,661;827,660;827,659;827,658;827,657;828,657;828,656;828,655;828,654;828,653;828,652;828,651;828,650;828,649;828,648;828,647;828,646;828,645;828,644;827,643;827,642;827,641;827,640;827,639;827,638;827,637;827,636;827,635;827,634;827,633;827,632;827,631;827,630;827,629;827,628;827,627;827,626;827,625;827,624;827,623;826,623;826,622;825,622;824,622;823,622;822,622;821,622;820,622;819,622;818,622;818,621;817,621;816,621;816,620;815,620;814,620;814,619;813,619;812,618;811,618;811,617;810,617;810,616;810,615;810,614;810,613;810,612;810,611;810,610;810,609;810,608;810,607;810,606;810,605;811,605;811,604;811,603;811,602;811,601;811,600;811,599;811,598;811,597;811,596;811,595;811,594;810,594;810,593;810,592;809,592;808,591;807,591;807,590;806,590;805,590;804,590;803,590;802,590;801,590;800,590;799,590;798,590;797,590;796,590;796,591;795,591;794,591;794,592;793,592;793,593;792,593;792,594;791,594;791,595;790,595;790,596;789,596;789,597;788,597;787,597;787,598;787,599;786,599;786,600;785,601;785,602;785,603;785,604;784,604;784,605;784,606;784,607;784,608;784,609;784,610;784,611;784,612;785,612;785,613;785,614;786,614;787,615;787,616;788,616;788,617;789,617;789,618;789,619;790,620;790,621;790,622;790,623;790,624;790,625;790,626;790,627;790,628;789,628;789,629;788,630;788,631;787,631;786,632;785,633;785,634;784,634;784,635;783,635;783,636;782,636;782,637;781,638;781,639;780,639;780,640;779,641;778,642;778,643;777,643;776,644;775,645;774,646;773,648;772,649;771,650;769,652;768,653;767,655;766,656;766,657;765,658;765,660;764,660;764,661;764,663;764,664;764,665;764,666;764,667;764,668;764,669;764,670;765,670;765,671;766,671;766,672;767,673;768,674;768,675;769,676;769,677;770,678;770,679;771,681;772,682;772,683;773,684;774,685;774,686;775,686;776,688;777,689;778,689;779,690;780,690;781,690;782,690;783,690;784,690;785,690;786,690;787,690;788,690;789,689;790,689;790,688;791,688;792,688;792,687;792,686;793,686;793,685;793,684;793,683;793,682;793,681;793,680;793,679;792,678;791,678;791,677;790,677;789,676;788,676;788,675;787,675;787,674;786,674;786,673;785,673;785,672;784,671;784,670;784,669;783,669;783,668;783,667;783,666;783,665;784,664;784,663;784,662;784,661;785,661;785,660;785,659;785,658;785,657;786,656;786,655;786,654;786,653;787,653;788,653;789,652;790,652;791,652;792,651;793,651;794,650;795,650;795,649;796,649;797,648;798,647;799,646;800,645;800,644;801,644;801,643;802,643;802,642;803,641;803,640;804,640;804,639;805,639;805,638;806,638;806,637;807,637;807,636;808,636;809,635;810,634;811,634;811,633;812,633;812,632;813,632;814,632;814,631;815,631;817,630;818,630;819,630;820,630;820,631;821,631;821,632;822,632;822,633;823,633;823,634;824,634;824,635;824,636;824,637;824,638;824,639;824,640;823,640;823,641;823,642;823,643;822,643;822,644;822,645;822,646;822,647;822,648;822,649;822,650;822,651;823,651;823,652;823,653;823,654;823,655;823,656;823,657;822,657;822,658;822,659;822,660;821,661;821,662;821,663;820,663;820,664;820,665;819,665;819,666;819,667;818,668;818,669;818,670;817,670;817,671;817,672;816,672;816,673;816,674;816,675;816,676;815,676;815,677;815,678;815,679;816,679;816,680;817,681;817,682;818,682;818,683;819,684;819,685;820,685;821,686;822,686;822,687;823,687;824,687;825,688;826,688;827,688;828,688;828,689;829,689;830,689;831,689;832,689;833,689;834,689;835,689;836,689;837,689;838,689;840,688;841,688;842,687;844,686;845,686;846,685;847,685;848,684;850,684;851,683;852,683;853,682;854,682;855,682;856,682;857,682;857,683;857,684;857,685;857,686;
Stroma, ICG; POLYGON; 255, 255, 255; 858,662;857,662;856,662;855,662;854,662;853,662;852,662;851,662;850,662;849,662;849,661;848,661;847,661;846,661;845,661;844,661;843,661;842,661;841,661;841,662;840,662;839,663;838,663;838,664;837,664;836,664;835,664;834,664;834,663;834,662;833,662;833,661;833,660;832,659;832,658;832,657;831,657;831,656;831,655;830,654;830,653;830,652;830,651;830,650;830,649;830,648;830,647;830,646;830,645;830,644;830,643;830,642;830,641;830,640;831,639;831,638;831,637;831,636;831,635;831,634;831,633;831,632;831,631;831,630;831,629;831,628;831,627;831,626;831,625;831,624;831,623;831,622;831,621;830,621;830,620;830,619;830,618;829,618;829,617;828,617;828,616;827,616;827,615;826,615;825,614;824,614;823,614;822,614;821,614;820,614;819,614;818,614;818,615;818,616;818,617;817,617;817,618;817,619;817,620;816,621;816,622;816,623;816,625;816,626;816,628;816,630;816,632;816,634;816,637;817,639;817,640;818,642;819,643;820,644;821,645;822,646;823,647;824,648;825,649;826,650;826,651;827,652;828,653;828,654;829,655;829,656;830,657;830,660;831,661;831,662;831,664;831,665;831,667;832,668;832,670;832,671;832,672;832,674;832,675;833,676;833,677;833,678;833,679;834,679;834,680;834,681;835,681;836,681;837,681;838,681;838,682;842,684;847,687;
Stroma, ICG; POLYGON; 255, 255, 255; 859,659;858,659;857,659;856,659;855,659;854,659;853,659;852,659;851,659;850,659;849,659;849,660;848,660;847,660;846,660;845,660;844,660;843,660;842,660;841,660;841,659;840,659;839,659;838,659;837,658;836,658;836,657;835,657;834,657;834,656;833,656;832,656;831,656;830,657;829,657;829,658;828,659;827,659;827,660;826,660;826,661;825,661;825,662;824,662;824,663;823,663;822,664;822,665;821,665;821,666;820,667;820,668;820,669;820,670;820,671;820,672;821,673;821,674;823,675;824,676;825,676;826,677;827,677;829,678;830,678;834,679;836,680;838,680;841,680;844,680;848,680;851,680;855,680;
Stroma, ICG; POLYGON; 255, 255, 255; 807,675;806,674;805,674;804,674;803,674;802,674;801,674;800,674;799,674;798,674;797,674;796,674;795,674;794,674;793,674;792,673;791,673;790,673;789,673;788,673;787,674;786,674;785,675;784,676;782,677;781,677;780,678;779,679;778,680;776,681;775,682;774,683;773,684;771,685;770,685;769,686;768,687;768,688;767,689;767,690;768,691;769,692;771,692;773,692;778,693;780,693;783,693;785,693;788,693;791,693;794,693;797,693;801,693;805,693;810,693;815,693;
Stroma, ICG; POLYGON; 255, 255, 255; 737,749;737,748;737,747;738,746;738,745;738,744;738,743;738,742;738,741;737,740;737,739;736,739;736,738;735,738;734,737;734,736;733,736;732,735;731,735;731,734;730,733;729,732;728,731;727,730;726,729;725,729;724,728;723,728;722,728;721,728;720,728;719,728;718,728;717,728;716,728;715,728;714,728;713,728;712,728;711,728;710,728;709,728;708,728;707,728;706,728;705,728;704,728;703,728;703,729;702,729;702,730;701,730;701,731;700,731;700,732;699,733;699,734;698,735;698,736;697,736;697,737;697,738;696,738;696,739;696,740;695,740;695,741;695,742;694,742;694,743;694,744;694,745;694,746;694,747;694,748;694,749;695,749;695,750;695,751;696,751;696,752;697,752;697,753;698,754;699,754;699,755;700,756;701,756;701,757;702,757;702,758;703,758;703,759;704,759;705,760;706,761;707,761;707,762;708,762;708,763;709,763;709,764;710,765;711,766;711,767;712,768;712,769;713,770;713,771;713,772;713,773;713,774;713,775;713,776;713,777;713,778;713,779;713,780;713,781;713,782;713,783;712,784;712,785;711,785;711,786;711,787;710,787;710,788;710,789;709,789;709,790;709,791;708,791;708,792;707,792;707,793;706,794;705,795;705,796;704,796;703,797;702,798;701,798;701,799;700,799;699,799;699,800;698,800;697,800;697,801;696,801;695,802;694,802;694,803;693,803;692,803;691,803;690,803;689,803;688,803;687,803;686,803;685,803;685,802;684,802;684,801;683,801;683,800;682,800;682,799;681,799;681,798;680,798;680,797;679,797;679,796;678,796;677,795;676,794;675,794;675,793;674,793;674,792;673,792;672,791;671,791;671,790;670,790;670,789;669,789;668,789;668,788;667,788;667,787;666,787;666,786;665,786;665,785;664,785;664,784;663,784;662,784;661,784;661,783;660,783;659,783;658,783;657,783;656,783;655,783;654,783;653,783;653,782;653,781;653,780;653,779;653,778;652,777;652,776;652,775;652,774;652,773;651,773;651,772;651,771;650,770;650,769;650,768;649,768;649,767;648,766;648,765;647,765;646,764;645,763;644,762;643,762;642,761;641,761;640,760;639,760;638,759;637,759;636,758;635,758;634,758;633,758;632,758;631,758;630,758;629,758;628,758;627,758;626,758;625,758;624,758;623,758;622,758;621,758;620,758;619,758;618,758;617,758;616,758;615,758;614,758;613,758;612,758;611,758;610,758;609,758;608,758;607,758;606,758;605,758;604,758;603,758;602,758;599,758;598,759;595,759;593,759;592,759;590,759;588,759;586,759;585,759;582,759;580,759;578,759;577,758;573,758;572,758;570,758;568,758;567,758;566,758;564,758;563,758;561,758;560,757;559,757;558,756;557,755;556,755;556,754;555,753;555,752;554,751;554,749;553,748;553,747;553,746;552,745;552,743;551,742;550,740;549,739;548,737;548,736;547,734;547,733;547,732;547,731;547,730;547,729;547,728;548,727;549,725;550,724;551,722;553,721;554,719;556,718;558,716;560,714;562,712;564,709;567,707;570,705;572,703;575,701;578,698;581,696;584,695;586,693;589,691;592,690;594,688;597,687;599,686;602,685;604,683;606,682;608,681;610,680;612,679;613,678;615,677;617,676;619,675;621,674;622,673;624,673;625,673;627,673;628,673;630,673;632,673;633,673;635,673;637,673;639,673;642,673;644,672;646,672;648,672;650,671;652,671;654,670;655,670;657,670;658,670;660,669;661,669;663,669;664,669;665,669;667,669;668,669;669,669;671,669;672,669;673,669;675,669;676,670;678,670;679,670;681,671;683,671;684,671;688,672;692,673;696,673;700,674;703,675;705,676;708,678;712,681;715,682;719,683;725,684;729,685;733,686;735,686;736,687;737,687;739,688;740,689;741,689;742,690;743,691;744,692;745,693;745,694;746,695;747,696;747,697;748,697;749,698;750,699;751,700;752,701;753,702;754,703;755,704;756,704;757,705;758,707;759,708;759,709;760,710;761,711;762,712;763,714;763,715;764,716;765,717;766,718;767,719;768,720;768,722;769,723;769,724;770,725;771,727;771,728;771,730;771,731;772,733;772,734;772,740;772,742;772,746;771,749;769,752;766,757;765,759;764,760;763,761;762,761;761,761;760,762;759,762;759,763;758,763;758,764;757,764;757,765;757,766;756,766;756,767;755,768;754,769;753,769;751,771;750,771;749,772;748,772;747,772;747,771;746,771;746,770;745,769;744,769;743,769;742,768;741,768;741,767;740,767;739,766;738,766;738,765;737,764;737,763;736,762;736,761;735,761;735,760;735,759;734,759;734,758;734,757;735,756;736,755;739,751;740,750;740,749;
Stroma, ICG; POLYGON; 255, 255, 255; 714,729;713,729;713,730;712,730;711,730;710,730;710,731;710,732;709,732;708,732;707,732;706,732;706,733;705,733;704,734;704,735;703,735;703,736;703,737;702,737;702,739;701,739;701,740;701,741;700,742;700,743;699,743;699,744;699,745;699,746;698,746;698,747;698,748;698,749;698,750;698,751;698,752;697,753;697,754;697,755;697,756;697,757;697,758;696,759;696,760;696,761;695,761;694,761;694,762;693,762;692,762;691,762;689,761;688,761;686,760;685,760;683,759;682,758;680,758;679,757;677,756;676,756;675,755;674,754;673,753;672,751;671,750;671,749;670,748;670,746;670,744;669,743;669,741;669,739;669,737;670,735;671,733;672,732;673,730;675,726;677,724;678,722;680,720;682,718;683,715;685,713;687,711;688,709;690,707;691,706;692,704;693,703;695,702;696,701;697,701;698,700;698,699;699,699;700,698;702,697;703,697;704,697;705,697;706,697;707,697;708,697;710,697;711,697;712,697;713,698;715,699;716,699;717,700;718,701;719,703;720,704;720,705;721,705;721,706;722,707;723,708;724,709;725,710;726,711;
Stroma, ICG; POLYGON; 255, 255, 255; 687,789;686,789;685,789;684,789;683,789;682,789;681,789;680,789;679,789;678,789;677,789;676,789;675,789;674,789;673,789;672,789;671,789;670,789;669,789;668,789;668,788;667,788;666,788;666,787;665,787;664,787;663,787;663,786;662,786;661,786;660,786;659,786;658,787;657,787;657,788;656,788;655,789;654,789;653,790;652,791;652,792;651,792;651,793;650,793;650,794;649,794;649,795;649,796;649,797;649,798;649,799;650,799;650,800;650,801;650,802;651,802;651,803;651,804;652,805;652,806;653,806;653,807;654,807;654,808;655,809;655,810;656,810;657,811;658,812;659,813;659,814;660,814;660,815;660,816;660,817;661,817;661,818;661,819;661,820;661,821;661,822;661,823;661,824;661,825;661,826;661,827;661,828;661,829;661,830;661,831;661,832;661,833;661,834;661,835;661,836;661,837;661,838;661,839;661,840;661,841;661,842;661,844;661,845;661,846;661,847;660,848;660,849;660,850;660,851;660,852;660,853;659,854;659,855;659,856;658,857;658,858;657,859;656,860;655,861;654,862;653,863;652,863;651,864;650,865;648,865;648,866;647,866;646,867;645,867;643,867;642,868;641,868;640,868;639,868;638,868;637,868;636,868;635,868;634,868;633,868;632,868;631,867;630,866;629,866;628,865;627,865;626,864;625,864;624,863;623,863;622,862;621,861;620,861;619,860;618,860;617,859;616,859;615,859;613,858;612,858;611,858;610,857;609,857;606,857;604,857;603,857;602,857;600,857;599,857;598,858;597,858;596,858;596,857;595,857;595,856;594,856;594,855;593,855;593,854;592,854;591,853;590,853;590,852;589,852;588,852;587,852;587,851;586,851;585,851;584,851;583,851;582,851;581,850;580,850;579,850;578,850;577,850;576,850;575,850;575,849;574,849;573,848;572,848;572,847;571,847;571,846;570,846;569,845;568,845;568,844;567,844;566,843;565,842;564,842;564,841;564,840;564,839;565,839;565,838;565,837;565,836;566,836;566,835;566,834;566,833;566,832;566,831;566,830;567,830;567,829;567,828;567,827;567,826;567,825;567,824;567,823;566,822;566,821;566,820;566,819;566,818;566,817;566,816;565,816;565,815;564,814;564,813;563,813;563,812;563,811;562,810;561,809;561,808;560,808;560,807;559,807;559,806;558,806;558,805;557,805;557,804;556,804;555,803;554,803;554,802;553,802;552,802;551,801;550,801;549,801;548,801;547,801;546,801;545,801;544,801;543,801;542,801;540,801;539,801;538,801;537,801;536,801;535,801;534,801;533,801;532,801;530,801;529,801;528,801;526,801;525,801;524,801;523,800;521,800;520,800;519,800;517,800;516,799;515,799;514,799;513,799;512,799;511,798;510,798;509,798;508,797;507,797;506,797;505,796;504,796;503,796;502,795;501,795;500,795;499,794;498,794;497,793;496,793;495,792;494,792;493,791;492,790;491,789;490,788;490,787;491,786;492,786;492,785;493,785;493,784;494,784;494,783;495,783;495,782;496,781;496,780;496,779;497,778;497,777;497,776;497,775;496,775;496,774;495,773;492,771;491,770;489,768;488,767;487,767;486,766;485,765;484,764;483,764;483,763;482,763;481,762;480,761;479,761;478,760;477,759;476,759;476,758;475,758;474,758;474,757;473,757;472,756;472,755;471,755;471,754;470,754;469,753;468,753;468,752;467,752;466,752;465,752;464,752;463,752;462,752;461,752;460,752;459,752;458,752;457,752;456,752;455,752;454,752;453,751;452,751;451,751;450,750;449,750;448,749;447,748;446,748;445,747;444,746;443,745;442,744;441,742;440,741;439,740;438,738;437,737;436,735;435,734;435,732;434,731;434,729;433,727;433,725;432,724;432,722;431,720;431,718;431,717;430,714;430,713;430,711;430,710;430,708;430,707;430,705;431,703;431,702;432,700;433,698;434,696;436,694;437,692;439,690;442,685;446,680;451,676;453,674;456,673;461,669;466,666;468,665;471,664;477,662;483,660;490,658;498,657;501,656;510,656;513,656;517,656;523,656;526,656;529,657;535,658;538,659;540,660;542,661;545,662;547,663;550,664;551,665;553,666;555,666;557,667;559,668;560,668;562,669;563,669;564,670;565,670;567,671;568,672;569,672;570,673;572,673;573,674;575,674;576,674;578,675;579,675;582,675;586,675;588,675;590,675;594,675;598,675;602,676;606,677;610,680;612,682;614,684;616,686;617,686;618,687;619,688;620,689;621,690;621,691;621,692;621,693;621,694;622,695;622,696;623,697;624,698;624,699;625,700;626,701;627,701;627,702;628,703;629,704;630,704;630,705;631,705;631,706;632,706;633,707;634,708;635,708;635,709;636,709;636,710;636,711;637,713;637,714;637,715;637,716;637,717;636,718;635,720;634,722;633,722;633,723;632,724;632,725;630,726;629,728;629,729;628,730;627,730;627,731;626,732;625,733;624,733;623,734;622,734;621,735;620,735;619,736;617,736;617,737;616,737;616,738;615,738;614,739;613,739;612,740;611,741;610,741;609,742;609,743;608,744;607,745;606,745;606,746;605,747;604,748;603,749;603,750;602,750;602,751;602,752;601,753;600,754;600,755;599,756;599,757;599,758;598,758;598,759;598,760;598,761;598,762;598,763;598,764;598,765;598,766;599,768;600,768;601,770;603,771;605,773;606,774;607,774;608,774;608,775;609,775;610,775;610,776;611,776;612,776;612,777;613,777;614,777;614,778;615,778;616,778;617,778;618,778;619,778;620,778;621,778;622,778;623,778;624,778;625,778;626,778;627,778;628,778;629,778;630,778;631,778;632,778;633,778;634,778;635,777;637,777;638,777;639,776;641,775;642,773;644,772;645,770;646,769;647,768;647,767;648,765;649,763;649,762;650,761;650,760;650,759;651,758;651,757;651,756;651,755;652,755;652,754;652,753;653,753;653,752;654,752;655,752;656,752;657,752;659,752;661,754;663,755;664,757;665,757;667,759;669,760;671,761;672,761;677,764;681,766;683,766;684,766;686,767;688,768;689,768;690,768;692,769;693,770;694,771;695,773;696,775;696,776;697,777;698,779;699,780;700,781;700,782;701,783;702,785;702,786;702,787;
Stroma, ICG; POLYGON; 255, 255, 255; 617,785;616,785;616,784;615,784;614,783;613,782;613,781;612,781;612,780;612,779;611,779;611,778;611,777;611,776;611,775;611,774;611,773;611,772;611,771;612,770;612,769;612,768;612,766;613,765;613,763;614,762;614,760;615,759;615,758;616,756;616,755;617,754;617,753;617,752;617,751;617,749;617,748;617,747;617,746;616,745;615,743;614,742;613,741;611,739;610,738;608,737;606,736;605,735;603,735;601,735;598,734;596,734;593,734;591,734;589,735;587,735;585,736;583,737;581,739;579,740;577,741;575,743;573,745;571,746;569,748;568,749;567,750;566,752;566,753;566,754;566,756;567,757;569,759;572,760;575,762;578,764;581,765;585,767;588,769;592,771;595,772;599,774;602,776;605,778;608,779;611,781;617,783;620,784;622,786;
Stroma, ICG; POLYGON; 255, 255, 255; 620,788;620,787;619,787;619,786;619,785;619,784;618,783;618,782;618,781;618,780;618,779;618,778;618,777;618,776;618,775;618,774;617,774;617,773;617,772;616,771;615,770;615,769;614,769;613,768;612,767;611,766;610,766;609,765;608,765;607,764;606,763;605,763;603,763;602,763;600,763;599,763;597,764;596,764;595,765;593,766;592,767;591,768;590,769;589,770;588,771;588,772;587,773;587,774;586,776;586,777;586,778;586,780;587,781;587,783;588,784;591,788;593,789;594,791;596,793;598,794;600,796;602,797;604,798;606,798;609,799;611,800;613,800;616,800;
Stroma, ICG; POLYGON; 255, 255, 255; 579,843;578,842;577,841;576,841;576,840;575,839;574,838;573,837;573,836;572,836;572,835;571,835;571,834;570,833;570,832;569,832;569,831;568,830;568,829;568,828;567,828;567,827;567,826;567,825;567,824;566,823;565,823;565,822;564,822;563,821;562,821;561,821;561,820;560,820;560,819;559,819;558,819;557,818;556,818;555,818;554,818;553,818;552,818;551,818;550,818;549,818;548,818;547,818;546,819;545,819;545,820;544,820;543,821;542,821;542,822;541,822;540,823;539,823;539,824;538,824;538,825;537,825;537,826;537,827;536,827;536,828;536,829;536,830;536,831;536,832;536,833;536,834;536,835;536,836;536,837;537,838;537,839;537,840;537,841;537,842;538,842;538,843;538,844;539,844;539,845;539,846;540,846;540,847;540,848;539,848;538,848;537,848;537,849;536,849;535,849;535,850;534,850;533,851;532,851;532,852;531,853;531,854;531,855;530,855;530,856;530,857;530,858;530,859;531,859;531,860;532,861;532,862;533,862;533,863;534,863;535,864;536,864;536,865;536,866;537,866;537,867;537,868;537,869;537,870;536,870;536,871;535,871;535,872;535,873;534,873;534,874;534,875;533,875;533,876;533,877;532,877;531,878;530,879;529,879;528,879;527,879;526,879;525,879;524,879;524,878;523,878;522,878;521,877;520,877;519,877;518,877;517,877;516,877;515,877;514,877;513,877;512,878;512,879;511,879;511,880;511,881;510,881;510,882;510,883;510,884;509,884;509,885;509,886;509,887;509,888;509,889;510,889;510,890;511,891;512,892;513,892;514,893;515,893;517,894;518,894;519,895;521,895;522,895;523,895;524,896;525,896;526,896;526,897;527,897;527,898;528,898;528,899;528,900;528,901;528,902;527,903;527,904;526,904;525,905;525,906;524,907;523,907;523,908;522,908;522,909;521,909;520,910;519,911;518,911;517,912;516,912;516,913;515,913;514,913;513,913;512,913;511,913;510,913;509,913;508,913;507,913;506,913;505,913;504,913;504,914;503,914;503,915;502,915;502,916;501,916;501,917;500,917;500,918;499,918;498,918;498,919;498,920;497,920;497,921;496,921;495,922;494,923;493,923;493,924;492,925;491,925;491,926;491,927;490,927;490,928;489,929;489,930;488,931;488,932;488,933;488,934;488,935;488,936;489,936;489,937;489,938;489,939;489,940;489,941;489,942;489,943;489,944;488,944;488,945;487,945;486,945;485,945;484,945;483,945;482,945;482,944;481,944;480,944;479,943;478,943;478,942;477,942;477,941;476,941;475,940;474,940;474,939;473,939;473,938;472,938;472,937;472,936;471,936;471,935;471,934;470,934;470,933;470,932;470,931;470,930;470,929;469,929;469,928;469,927;469,926;469,925;470,925;470,924;470,923;471,923;472,923;473,922;474,922;475,922;476,922;477,921;478,921;479,920;480,920;481,920;482,920;482,919;483,919;484,919;485,919;486,919;486,918;487,918;488,917;489,916;489,915;490,915;490,914;490,913;490,912;491,911;491,910;491,909;491,908;491,907;491,906;490,905;490,904;489,904;489,903;488,902;487,901;487,900;486,900;485,900;485,899;484,899;484,898;483,898;483,897;482,897;482,896;481,896;481,895;480,895;480,894;479,894;479,893;480,892;481,892;482,891;483,890;484,890;485,889;487,888;488,888;489,887;490,886;491,886;492,886;493,886;494,886;495,886;496,886;497,886;497,885;498,885;498,884;499,884;499,883;499,882;500,881;500,880;500,879;500,878;500,877;500,876;500,875;500,874;500,873;500,872;500,871;500,870;499,870;499,869;499,868;499,867;499,866;498,865;498,864;497,863;496,863;496,862;495,862;494,862;494,861;493,861;493,860;492,860;491,860;490,860;490,859;489,859;488,859;488,858;487,858;486,858;486,857;485,857;484,857;484,856;483,856;482,856;481,855;480,855;480,854;479,854;478,853;477,852;476,852;476,851;475,851;475,850;474,850;475,850;475,849;476,849;477,848;478,847;479,846;480,846;481,845;482,844;483,843;484,842;485,842;485,841;486,841;487,840;487,839;488,839;488,838;489,838;489,837;489,836;489,835;489,834;489,833;489,832;489,831;489,830;489,829;489,828;489,827;489,826;489,825;488,825;488,824;487,823;486,822;485,821;484,821;484,820;483,820;482,819;481,819;481,818;480,818;479,817;478,816;477,816;477,815;476,815;476,814;475,814;474,814;474,813;473,813;472,813;472,812;471,812;470,812;470,811;469,811;469,810;468,810;467,810;467,809;467,808;466,808;466,807;466,806;466,805;466,804;466,803;466,802;466,801;466,800;466,799;467,798;467,797;468,796;468,795;469,794;470,793;470,792;471,792;471,791;472,790;472,789;473,789;474,788;475,788;476,788;476,787;477,787;478,786;479,785;480,784;481,783;482,783;483,782;485,781;485,780;486,780;487,779;488,778;489,778;490,778;490,777;491,777;492,776;493,776;494,775;495,774;496,773;496,772;497,771;497,770;498,769;498,768;499,768;500,767;501,766;502,765;503,765;506,763;510,761;512,760;513,760;517,758;521,758;524,757;527,757;528,757;529,757;532,757;533,758;534,758;535,758;536,759;537,759;538,759;539,760;540,760;541,761;542,761;543,761;543,762;544,762;545,763;546,764;548,765;550,766;551,767;553,768;555,769;558,771;559,772;561,774;563,775;564,776;565,777;566,777;567,777;568,777;570,778;571,778;572,779;573,780;574,780;575,781;575,782;576,782;577,784;578,785;578,786;579,786;580,787;581,788;582,789;583,789;584,790;586,793;588,795;590,797;593,801;594,802;596,804;597,806;598,809;599,810;600,811;600,814;601,815;601,817;602,818;602,820;602,822;602,823;603,825;603,826;603,828;603,829;603,831;603,832;603,834;603,835;602,837;602,838;602,839;601,840;601,841;600,843;600,844;599,846;598,847;597,848;596,848;595,848;594,849;592,849;590,850;587,851;584,853;586,854;589,854;
Stroma, ICG; POLYGON; 255, 255, 255; 495,781;495,780;495,779;495,778;495,777;495,776;495,775;495,774;495,773;495,772;495,771;495,770;495,769;495,768;495,767;494,767;494,766;494,765;493,764;492,763;491,763;490,762;489,762;488,762;487,761;486,761;485,760;484,760;483,760;482,759;481,759;480,759;479,759;478,759;477,758;476,758;475,757;474,757;473,756;472,756;471,756;470,756;469,756;469,755;468,755;467,755;466,755;466,756;465,756;464,757;463,758;462,759;462,760;461,760;460,761;459,762;459,763;458,764;458,765;457,766;456,767;456,768;455,769;455,770;455,771;455,772;455,773;456,774;457,775;457,776;458,776;458,777;459,777;460,778;460,779;461,779;461,780;462,780;462,781;463,781;463,782;464,782;465,783;465,784;466,784;466,785;467,785;467,786;468,786;469,787;470,787;470,788;471,788;471,789;472,789;472,790;473,790;473,791;474,791;474,792;475,792;475,793;476,793;477,794;478,795;479,795;479,796;480,797;481,798;481,799;482,799;482,800;482,801;483,801;483,802;483,803;483,804;483,805;482,806;482,807;481,807;480,807;480,808;479,808;478,808;478,809;477,809;476,809;475,810;474,810;473,810;472,810;471,810;470,810;469,810;468,810;467,810;466,810;465,810;464,810;463,810;463,809;462,809;461,809;460,808;459,808;458,807;457,807;456,807;456,806;455,806;454,806;453,806;452,806;451,806;450,806;449,806;448,806;447,806;446,807;446,808;445,808;445,809;444,810;444,811;444,812;443,812;443,813;443,814;443,815;443,816;443,817;443,818;443,819;443,820;443,821;444,822;444,823;445,824;445,825;446,825;446,826;447,826;447,827;448,827;449,827;449,828;450,828;451,828;451,829;452,829;453,829;454,829;455,829;456,829;457,830;458,830;459,830;461,830;462,830;463,830;464,831;465,831;466,831;467,831;468,831;470,831;471,831;473,831;474,831;475,831;476,832;477,832;478,833;478,834;479,834;479,835;479,836;480,836;480,837;480,838;481,838;481,839;481,840;481,841;481,842;481,843;481,844;481,845;481,846;480,846;480,847;479,847;478,847;478,848;477,848;476,849;475,849;474,849;473,849;472,849;471,849;470,849;469,849;468,849;467,849;467,848;466,848;465,848;464,847;463,847;462,847;461,847;461,846;460,846;459,846;458,846;457,846;456,846;455,846;454,846;453,846;453,847;452,847;451,847;450,847;450,848;449,848;448,848;447,848;446,848;445,848;444,848;443,849;442,849;441,849;440,849;439,849;438,850;437,850;436,850;435,850;434,851;433,851;432,851;431,852;430,852;429,852;428,853;427,853;426,853;425,853;425,854;424,854;423,855;422,855;421,856;420,856;419,856;418,857;417,857;416,857;415,858;414,858;413,858;412,858;411,858;410,858;409,857;409,856;408,856;407,855;407,854;406,853;406,852;405,851;405,850;405,849;405,848;405,847;404,847;404,846;404,845;404,844;404,843;404,842;404,841;404,840;404,839;404,838;404,837;404,836;405,836;405,835;405,834;406,834;406,833;406,832;407,831;407,830;408,829;408,828;408,827;408,826;408,825;409,824;409,823;409,822;410,821;410,820;410,819;410,818;410,817;411,817;411,816;411,815;412,815;412,814;413,813;413,812;414,812;414,811;415,811;415,810;416,810;416,809;417,809;417,808;418,808;418,807;419,807;419,806;420,805;421,805;421,804;421,803;422,803;422,802;422,801;423,800;423,799;423,798;424,797;424,796;424,795;424,794;424,793;424,792;424,791;424,790;424,789;423,789;423,788;423,787;422,787;422,786;422,785;421,785;421,784;421,783;420,783;420,782;419,782;419,781;418,781;418,780;417,780;417,779;417,778;417,777;418,777;418,776;419,776;419,775;420,775;420,774;421,774;421,773;422,773;423,773;423,772;424,772;425,771;426,771;426,770;427,770;427,769;428,769;428,768;429,768;429,767;430,766;430,765;431,765;431,764;431,763;431,762;431,761;432,760;432,759;432,758;432,757;432,756;433,756;433,755;433,754;433,753;433,752;433,751;433,750;433,749;433,748;433,747;433,746;433,745;433,744;433,743;433,742;433,741;432,740;432,739;432,738;431,738;431,737;431,736;430,735;430,734;429,734;429,733;428,732;428,731;427,731;427,730;426,729;426,728;425,727;425,726;424,726;424,725;424,724;423,723;423,722;423,720;423,719;423,717;423,716;423,715;424,713;425,711;426,709;428,707;429,705;430,704;432,703;433,702;434,701;436,700;437,699;438,698;440,697;441,696;442,696;443,695;445,695;446,694;447,694;448,693;450,693;451,693;452,692;453,692;454,692;455,692;456,692;457,692;458,692;459,692;460,692;461,692;462,692;463,692;464,692;465,692;466,692;467,692;468,692;469,692;470,692;471,692;472,692;473,693;474,693;475,693;477,693;478,693;479,694;480,694;481,694;483,694;484,694;485,694;486,694;487,695;488,695;489,695;490,696;491,697;492,697;492,698;493,699;494,700;495,701;496,702;497,702;497,703;498,704;499,704;500,705;500,706;501,707;502,708;502,709;503,710;504,712;505,715;506,717;506,719;507,721;507,723;508,725;509,726;510,728;510,729;511,730;512,732;512,733;513,734;513,735;514,737;514,738;515,739;515,741;515,742;516,743;516,745;516,746;516,747;516,749;516,750;516,751;516,752;516,753;516,755;516,756;516,758;515,760;514,761;513,763;512,765;511,768;511,769;510,771;509,772;509,774;508,775;507,776;507,777;506,778;506,779;505,779;505,780;504,780;504,781;504,782;505,783;505,784;505,785;505,786;505,787;505,788;505,789;504,791;503,792;502,793;501,793;501,794;500,794;499,794;498,794;497,793;496,792;495,792;495,791;494,791;493,790;493,789;492,789;492,788;492,787;491,786;491,785;491,784;492,784;493,785;
Stroma, ICG; POLYGON; 255, 255, 255; 489,762;488,762;487,762;486,762;485,762;485,761;484,761;483,761;482,761;481,761;480,761;479,761;478,761;477,761;476,761;475,761;474,761;473,761;472,761;471,761;470,761;469,761;468,761;467,762;466,762;465,762;463,762;462,762;461,762;459,761;458,761;457,760;456,760;455,760;455,759;454,759;453,759;453,758;452,758;451,757;451,756;451,755;451,754;451,753;452,752;453,750;454,748;455,746;456,744;458,742;459,740;460,738;462,736;463,734;464,732;465,730;467,727;468,726;470,724;472,722;475,721;478,719;481,718;484,716;487,716;489,715;492,715;495,715;497,716;499,717;501,718;502,720;503,721;505,722;506,723;506,724;508,726;509,727;510,729;511,730;
Stroma, ICG; POLYGON; 255, 255, 255; 444,746;443,746;442,746;441,746;440,746;439,746;438,746;437,746;436,746;435,746;434,746;433,746;432,746;431,746;430,746;429,746;428,746;427,746;426,746;425,746;424,746;423,746;422,747;421,747;420,747;419,747;419,748;418,748;417,748;416,748;415,749;414,749;414,750;413,750;412,750;412,751;411,751;410,751;409,751;408,751;407,751;406,751;405,751;404,751;403,751;402,751;401,751;400,751;399,751;399,750;398,750;397,750;397,749;396,749;395,749;395,748;394,748;393,748;392,748;391,748;390,748;389,748;388,748;387,748;386,748;386,749;385,749;384,749;383,749;382,749;381,749;380,749;380,748;379,748;379,747;379,746;378,745;378,744;378,743;377,743;377,742;377,741;377,740;376,740;376,739;376,738;375,737;375,736;374,735;374,734;373,734;373,733;372,733;372,732;371,732;370,732;370,731;369,731;368,731;368,730;367,730;366,730;365,730;365,729;364,729;363,729;362,729;361,729;360,729;359,729;358,729;357,729;357,730;356,730;355,730;354,730;353,730;353,731;352,731;352,732;351,732;351,733;351,734;351,735;351,736;351,737;351,738;350,739;350,740;350,741;350,742;350,743;350,744;350,745;349,745;349,746;348,747;348,748;347,748;346,748;346,747;345,747;344,747;344,746;343,746;342,746;341,746;340,746;339,746;339,745;338,745;337,745;336,745;336,744;335,744;334,743;334,742;333,742;333,741;333,740;332,740;332,739;332,738;331,737;331,736;331,735;330,734;330,733;330,732;329,732;329,731;329,730;328,729;328,728;327,727;327,726;326,726;326,725;325,725;325,724;324,724;324,723;323,723;322,722;321,722;320,722;319,722;318,722;317,722;316,722;315,722;314,722;313,722;312,722;311,722;310,722;310,721;309,721;308,721;307,721;306,721;305,720;304,720;303,720;302,719;301,719;301,718;300,718;300,717;300,716;299,716;299,715;298,715;298,714;298,713;297,713;297,712;297,711;297,710;297,709;297,708;297,707;297,706;297,705;298,705;298,704;298,703;298,702;298,701;298,700;298,699;299,698;299,697;299,696;300,695;300,694;301,693;302,692;303,691;304,689;306,688;307,686;309,685;311,683;312,682;314,680;316,679;317,678;319,676;320,676;322,674;324,673;325,672;327,671;330,670;332,669;334,668;336,667;338,666;340,665;342,664;344,663;346,663;347,662;349,662;351,662;353,662;355,662;357,662;359,662;362,662;365,662;368,662;371,662;374,662;377,662;380,662;383,662;385,662;386,662;388,662;391,663;393,663;395,663;397,663;399,663;401,663;404,664;407,664;409,664;411,664;413,665;415,665;417,666;419,666;421,667;423,667;424,668;425,668;427,669;428,669;430,670;431,670;432,670;434,671;435,671;437,672;439,672;440,673;442,673;443,673;445,674;446,675;447,675;449,676;450,677;451,678;452,679;453,680;454,681;455,682;456,683;457,684;458,685;459,686;459,687;460,687;461,688;462,688;462,689;463,689;464,689;465,690;466,691;467,692;467,693;468,694;468,695;469,696;469,697;470,697;470,698;471,698;472,699;473,700;474,701;475,702;475,703;476,704;476,705;477,705;477,706;477,707;478,708;478,709;478,710;478,711;479,712;479,713;479,714;479,715;479,716;479,717;479,719;479,720;479,721;479,722;479,723;479,724;479,725;479,726;479,727;479,728;478,728;478,729;478,730;477,731;477,732;476,733;476,734;475,734;475,735;474,736;473,737;472,738;471,738;470,739;469,739;468,740;467,741;466,742;465,743;464,744;463,745;462,746;462,747;461,747;460,747;459,747;458,747;457,747;456,747;455,747;454,747;454,748;
Stroma, ICG; POLYGON; 255, 255, 255; 384,736;383,736;383,737;383,738;382,738;382,739;382,740;382,741;382,742;382,743;382,744;382,745;382,746;382,747;382,748;382,749;382,750;382,751;382,752;382,753;382,754;382,755;382,756;382,757;382,758;381,758;381,759;381,760;381,761;380,761;380,762;380,763;380,764;379,764;379,765;379,766;379,767;379,768;379,769;379,770;379,771;380,771;380,772;380,773;381,773;381,774;381,775;382,775;382,776;382,777;383,777;383,778;383,779;383,780;384,780;384,781;384,782;384,783;384,784;384,785;383,786;382,787;382,788;381,788;381,789;380,790;380,791;379,791;379,792;378,792;378,793;378,794;378,795;378,796;378,797;378,798;379,798;379,799;379,800;380,800;380,801;380,802;381,802;381,803;381,804;382,805;382,806;382,807;382,808;383,808;383,809;383,810;383,811;384,812;384,813;384,814;385,815;385,816;385,817;385,818;385,819;385,820;385,821;385,822;385,823;385,824;385,825;385,826;385,827;385,828;385,829;385,830;386,831;386,832;386,833;386,834;386,835;387,835;387,836;387,837;387,838;387,839;387,840;387,841;388,841;388,842;388,843;388,844;387,844;386,844;386,845;385,845;384,845;383,845;382,845;381,845;380,845;379,845;378,845;377,845;376,845;375,844;374,844;373,844;372,844;372,843;371,843;371,842;370,841;370,840;369,840;369,839;368,838;368,837;368,836;368,835;368,834;368,833;368,832;368,831;368,830;368,829;368,828;368,827;368,826;368,825;368,824;368,823;368,822;368,821;368,820;368,819;368,818;368,817;368,816;368,815;368,814;368,813;367,812;367,811;367,810;366,810;366,809;366,808;365,807;365,806;364,805;364,804;363,804;363,803;363,802;363,801;363,800;363,799;363,798;362,798;362,797;362,796;361,795;361,794;361,793;360,793;360,792;360,791;360,790;360,789;360,788;360,787;360,786;360,785;360,784;360,783;360,782;360,781;360,780;360,779;360,778;360,777;360,776;359,776;359,775;358,775;358,774;357,773;356,773;356,772;355,771;354,770;353,769;352,769;352,768;351,768;350,768;350,767;349,767;348,766;347,766;346,765;345,764;344,764;344,763;343,763;343,762;342,761;341,760;341,759;340,759;340,758;339,757;338,757;338,756;337,755;336,754;336,753;335,752;334,751;334,750;333,749;333,748;332,747;332,746;331,745;331,744;330,743;330,742;330,741;330,740;330,739;330,738;330,736;331,735;331,734;332,733;333,731;334,731;334,730;335,730;336,730;337,730;338,730;339,730;339,731;340,731;341,731;342,731;343,731;343,732;344,732;344,733;345,733;345,734;345,735;346,736;346,737;346,738;346,739;346,740;346,741;346,742;346,743;346,744;346,745;347,746;347,747;347,748;348,748;348,749;348,750;349,750;349,751;349,752;350,752;351,752;351,753;352,753;352,754;353,754;354,755;355,755;356,755;356,756;358,756;360,757;361,757;362,758;363,758;364,758;365,758;365,759;366,759;367,759;368,759;369,759;370,758;371,757;372,756;372,755;373,755;373,754;374,754;374,753;375,753;375,752;376,752;376,751;377,750;377,749;377,748;377,747;377,746;377,745;377,743;377,742;377,741;377,740;377,739;377,738;377,737;377,736;376,735;376,734;376,733;375,733;375,732;375,731;374,731;374,730;374,729;375,729;376,729;377,729;378,729;379,729;381,729;
Stroma, ICG; POLYGON; 255, 255, 255; 424,765;423,765;423,764;422,764;421,764;420,763;419,763;418,763;417,763;416,763;415,763;414,763;413,763;412,763;411,763;410,763;409,763;408,763;407,763;406,763;405,764;404,764;403,765;402,765;401,765;401,766;400,766;399,766;398,766;397,766;396,766;395,766;394,766;393,766;392,766;391,766;390,766;389,766;389,765;388,765;387,765;387,764;386,764;385,764;384,763;383,763;382,763;381,763;381,764;380,764;379,765;379,766;378,766;378,767;377,767;377,768;376,770;375,771;375,772;374,773;374,774;374,775;374,776;374,777;374,778;374,779;375,779;375,780;376,780;376,781;377,781;378,782;379,782;379,783;380,783;381,784;382,784;383,785;384,785;385,785;385,786;386,786;387,786;388,786;389,786;390,786;390,785;391,785;392,785;393,785;393,784;394,784;395,784;396,784;397,784;398,784;399,783;400,783;401,783;402,783;403,783;403,782;404,782;405,782;406,782;407,782;408,782;408,781;409,781;410,781;411,780;412,780;413,780;414,780;415,780;416,780;417,781;418,781;418,782;419,782;419,783;420,783;420,784;421,784;421,785;423,786;423,787;424,787;425,787;425,788;426,788;427,789;428,789;429,790;430,790;431,790;432,790;432,789;433,789;433,788;434,788;434,787;435,787;435,786;436,786;437,785;437,784;438,783;439,782;439,780;440,779;440,778;440,777;441,776;441,775;441,774;442,773;442,772;442,771;442,770;442,769;441,768;441,767;440,767;440,766;439,765;438,764;436,763;435,763;433,763;432,763;431,763;429,764;426,765;426,766;426,767;426,768;
Stroma, ICG; POLYGON; 255, 255, 255; 412,830;411,830;410,830;409,830;408,830;407,830;406,830;405,830;404,830;403,830;402,830;401,830;400,830;399,830;398,829;397,829;396,829;395,829;394,829;393,829;393,828;392,828;392,827;391,827;390,827;389,827;388,827;387,827;386,827;385,827;384,827;384,828;383,828;383,829;382,830;382,831;381,831;381,832;381,833;381,834;381,835;380,836;380,837;380,838;380,839;380,840;380,841;380,842;380,843;380,844;381,844;381,845;381,846;381,847;382,847;382,848;382,849;382,850;382,851;382,852;382,853;382,854;382,855;382,856;382,857;382,858;383,859;384,860;385,860;386,860;386,861;387,861;388,861;389,861;390,861;391,861;391,862;392,862;393,862;394,862;395,862;396,862;397,862;397,861;398,861;399,861;400,860;401,859;402,859;403,858;405,857;406,856;407,856;407,855;408,854;409,854;410,853;411,853;412,852;413,852;413,851;414,851;415,851;416,850;417,849;418,849;418,848;419,848;419,847;420,847;421,847;421,846;421,845;422,844;422,843;422,842;422,841;422,840;422,839;422,838;421,837;421,836;420,836;420,835;419,834;418,834;417,834;417,833;416,833;415,833;414,834;414,835;
Stroma, ICG; POLYGON; 255, 255, 255; 491,885;490,885;490,884;489,884;488,883;487,883;486,882;485,882;484,882;483,882;482,882;481,882;481,881;480,881;479,881;478,880;477,880;476,880;476,879;475,879;474,879;473,878;472,878;471,877;470,877;469,876;468,876;467,875;466,875;465,875;465,874;464,874;463,874;462,874;461,874;460,874;459,874;458,874;457,873;456,873;455,873;454,873;454,872;453,872;452,872;451,872;450,872;449,872;448,872;447,872;446,872;445,872;444,872;443,873;442,873;442,874;441,875;440,876;440,877;440,878;440,879;439,879;439,880;439,881;439,882;440,882;441,882;441,883;442,883;443,883;444,883;445,884;446,884;447,884;448,884;449,884;450,884;451,884;452,884;453,884;454,884;455,884;456,883;457,883;458,883;459,883;460,883;461,883;462,883;463,883;464,883;465,883;466,883;467,883;468,883;469,883;469,884;470,884;471,884;472,884;473,884;474,884;475,884;476,885;477,885;478,885;478,886;479,886;480,886;480,887;481,887;481,888;482,888;482,889;483,889;484,889;484,890;485,890;486,891;487,891;487,892;488,892;489,892;489,893;490,893;491,893;491,894;492,894;493,894;494,894;494,895;495,895;496,895;497,895;498,894;498,893;499,893;499,892;500,892;501,892;502,892;
Stroma, ICG; POLYGON; 255, 255, 255; 489,912;489,913;488,914;488,915;487,915;487,916;486,916;486,917;485,917;485,918;484,918;484,919;483,919;482,919;481,919;480,919;479,919;479,920;478,920;477,920;476,920;475,920;474,920;473,920;472,920;471,920;470,920;469,920;469,919;468,919;467,918;466,918;466,917;465,917;465,916;464,915;463,914;463,913;462,913;462,912;461,912;461,911;460,910;459,909;458,908;457,908;457,907;456,907;455,907;455,906;454,906;453,905;453,904;452,904;452,903;452,902;452,901;452,900;452,899;452,898;452,897;452,896;452,895;452,894;452,893;452,892;452,891;452,890;453,890;453,889;453,888;453,887;453,886;453,885;453,884;453,883;453,882;452,882;452,881;451,881;450,880;449,880;448,880;447,880;446,880;446,881;445,881;445,882;444,882;443,883;443,884;443,885;442,885;442,886;442,887;441,887;441,888;440,888;440,889;439,889;438,889;438,890;437,890;436,891;435,891;435,892;434,892;434,893;433,893;433,894;432,894;431,894;430,894;429,894;428,894;427,894;426,894;425,894;424,894;423,894;422,894;421,894;420,894;419,894;418,894;418,893;417,893;416,893;416,892;415,892;414,892;414,891;413,891;413,890;412,890;412,889;411,889;411,888;411,887;410,887;410,886;410,885;410,884;409,884;409,883;409,882;408,882;408,881;407,881;406,881;405,881;404,881;403,881;402,881;402,880;401,880;400,880;400,879;399,879;398,879;398,878;397,878;397,877;396,877;396,876;395,875;394,874;393,874;393,873;393,872;392,872;392,871;391,870;391,869;391,868;391,867;391,866;391,865;391,864;391,863;391,862;391,861;391,860;391,859;391,858;391,857;391,856;390,856;390,855;389,854;388,854;388,853;387,853;386,853;385,853;384,853;384,854;383,854;383,855;383,856;383,857;382,858;382,859;382,860;382,861;382,862;382,863;381,863;381,864;381,865;381,866;381,867;381,868;381,869;381,870;381,871;381,872;381,873;381,874;382,875;382,876;383,876;383,877;384,877;385,878;386,879;387,879;387,880;388,880;389,881;390,881;390,882;391,882;392,883;393,883;394,883;394,884;395,884;396,884;396,885;397,885;397,886;398,886;398,887;399,887;400,888;401,888;401,889;402,890;402,891;402,892;403,892;403,893;403,894;403,895;404,896;404,897;404,898;404,899;405,900;405,901;406,902;406,903;407,903;407,904;408,905;409,905;409,906;410,906;411,906;412,906;412,907;413,907;414,907;415,907;416,907;417,907;418,907;418,908;419,908;420,908;421,908;422,908;422,909;423,909;424,909;425,909;425,910;426,910;427,910;428,910;429,911;430,911;431,911;432,912;433,912;434,912;435,912;436,912;437,912;438,912;439,912;440,913;441,913;442,913;442,914;443,914;444,914;445,914;445,915;446,915;447,915;448,916;449,917;450,917;450,918;451,918;452,918;453,919;454,919;454,920;455,920;456,920;456,921;457,921;458,921;458,922;459,922;459,923;460,923;461,923;462,924;463,924;464,924;464,925;465,925;466,925;467,926;468,926;468,927;469,927;470,928;471,928;472,928;473,928;474,928;475,928;476,928;477,928;478,928;479,928;480,928;481,928;482,928;483,928;484,928;485,928;486,929;487,929;488,929;489,930;491,931;493,932;494,933;496,934;497,935;498,936;499,936;500,936;500,937;501,937;502,937;503,937;504,937;505,937;506,937;507,936;508,936;509,935;509,934;510,934;511,933;511,932;512,932;512,931;513,930;514,929;514,928;515,928;515,927;516,926;516,925;517,924;517,923;518,923;518,922;519,920;519,919;520,918;520,917;520,916;520,915;519,915;518,915;517,914;516,914;515,913;514,913;514,912;513,912;513,911;511,911;510,911;509,911;508,911;507,911;506,911;505,911;504,911;503,911;502,912;501,912;500,912;500,913;499,913;498,914;497,914;497,915;496,915;496,916;495,916;495,917;494,917;494,918;494,919;493,919;492,919;492,920;491,920;490,920;488,920;487,920;485,920;485,919;484,919;483,919;484,919;
Stroma, ICG; POLYGON; 255, 255, 255; 497,934;497,933;496,933;495,933;494,933;494,932;493,932;492,932;491,932;490,932;489,932;488,932;487,932;486,932;485,932;484,932;483,932;482,932;481,932;480,932;479,932;478,932;477,932;476,932;475,932;474,932;473,932;472,932;471,932;470,932;470,931;469,931;468,931;467,931;466,931;465,931;465,930;464,930;463,930;462,930;461,930;460,930;460,929;459,929;458,929;457,929;457,928;456,928;455,928;454,928;453,928;452,928;451,928;450,928;449,928;448,927;447,927;446,926;445,926;444,925;443,925;442,925;441,924;440,924;439,924;438,924;438,923;437,923;436,923;435,923;435,922;434,922;433,922;433,921;432,921;431,920;430,920;430,919;429,919;428,918;427,918;426,917;425,917;425,916;424,916;423,915;422,914;421,914;421,913;420,913;420,912;419,912;418,911;417,911;417,910;416,910;415,910;415,909;414,909;414,908;414,907;415,907;416,907;416,906;417,906;417,905;418,905;419,905;419,904;420,904;421,904;422,904;422,903;423,903;424,903;425,903;426,903;427,903;428,903;429,903;430,903;431,903;432,903;433,904;434,904;435,904;436,904;437,904;438,904;439,904;440,905;441,905;442,905;442,906;443,906;444,907;445,907;446,908;447,909;448,909;449,910;450,910;451,910;451,911;452,911;453,911;453,912;454,912;455,912;455,913;456,913;457,914;458,914;459,915;460,915;461,915;462,915;463,916;464,916;465,916;466,916;467,916;468,916;469,916;470,916;471,916;472,916;473,916;474,916;475,916;476,916;476,917;477,917;478,917;479,917;479,918;480,918;480,919;481,919;482,920;483,921;483,922;484,922;484,923;484,924;485,924;485,925;486,925;486,926;487,926;488,926;488,927;489,927;490,927;491,927;492,927;493,927;494,927;495,926;496,926;497,925;498,924;499,924;500,924;500,923;501,923;502,923;502,922;503,922;504,922;505,922;506,922;507,922;508,922;509,922;510,923;511,923;512,923;512,924;513,924;514,924;514,925;515,925;516,925;517,925;518,925;
Stroma, ICG; POLYGON; 255, 255, 255; 532,907;532,906;531,906;530,905;529,905;529,904;528,904;527,904;527,903;526,903;525,902;524,902;523,902;523,901;522,901;521,901;520,901;519,901;518,901;517,902;516,903;516,904;515,905;514,906;514,907;513,908;513,909;512,913;512,917;512,921;513,923;514,925;517,927;518,927;521,927;523,927;525,927;527,926;531,925;534,925;536,924;539,923;541,923;543,922;
Stroma, ICG; POLYGON; 255, 255, 255; 13,838;12,838;11,838;10,838;9,838;8,838;7,838;7,839;6,840;5,841;5,842;4,843;4,844;4,845;4,846;4,847;4,848;4,849;4,850;3,851;3,852;3,853;3,854;3,855;3,856;3,857;3,858;3,859;3,860;3,861;3,862;3,863;3,864;3,865;3,866;3,867;3,868;3,869;3,870;3,871;3,872;3,873;3,874;3,875;3,876;3,877;3,878;3,879;3,880;3,881;3,882;3,883;3,884;3,885;3,886;3,887;3,888;3,889;3,890;3,891;3,892;3,893;3,894;2,895;2,896;2,897;2,898;2,899;2,900;2,901;2,902;2,904;3,904;3,905;3,906;4,907;4,908;4,909;5,910;5,911;5,912;6,913;6,914;6,915;7,916;7,917;7,918;8,919;8,920;8,921;8,922;9,922;9,923;9,924;10,925;10,926;11,927;11,928;11,929;11,930;11,931;11,932;12,933;12,934;12,935;12,936;12,937;12,938;12,939;12,940;12,941;12,942;13,942;13,943;13,944;13,945;13,946;13,947;13,948;13,949;13,950;13,951;13,952;13,953;13,954;13,956;13,957;13,958;13,959;13,960;13,961;13,962;13,963;14,965;14,966;14,967;14,968;14,970;15,970;15,971;15,972;16,973;16,974;17,975;17,976;18,977;18,978;19,979;19,980;20,980;20,982;21,982;21,983;21,984;22,985;22,986;23,987;23,988;23,989;23,990;24,990;24,991;24,992;24,993;25,993;25,994;26,995;26,996;27,996;27,997;28,997;29,998;30,998;30,999;31,999;31,1000;32,1000;32,1001;33,1001;33,1002;34,1002;34,1003;35,1003;36,1004;37,1005;38,1005;39,1006;40,1006;41,1006;41,1007;42,1007;43,1007;44,1007;44,1008;45,1008;46,1008;47,1008;48,1008;49,1009;50,1009;51,1009;52,1009;52,1010;53,1010;54,1010;55,1010;56,1011;57,1011;58,1011;59,1011;60,1011;61,1011;62,1011;63,1011;64,1011;64,1012;65,1012;66,1012;67,1012;68,1012;69,1012;70,1012;71,1012;71,1011;72,1011;73,1011;73,1010;74,1010;75,1010;75,1009;76,1009;77,1009;77,1008;78,1008;79,1008;80,1007;81,1006;82,1006;83,1005;84,1004;85,1004;85,1003;86,1003;87,1002;88,1001;89,1001;89,1000;90,1000;90,999;91,998;92,997;92,996;93,995;93,994;94,993;94,992;95,991;95,990;95,989;95,988;95,987;95,986;94,986;93,985;92,985;92,984;91,983;91,982;90,981;89,980;89,979;88,979;88,978;88,977;87,977;87,976;87,975;86,975;86,974;86,973;86,972;86,971;86,970;85,970;85,969;85,968;85,967;85,966;86,966;86,965;87,964;87,963;88,962;88,961;89,961;89,960;90,959;90,958;91,958;91,957;91,956;92,955;92,954;92,953;93,953;93,952;93,951;94,951;94,950;95,949;95,948;96,948;96,947;97,946;97,945;98,944;98,943;99,942;99,941;99,940;100,940;100,939;100,938;101,937;101,936;101,935;102,935;102,934;102,933;102,932;103,931;103,930;103,929;103,928;104,928;104,927;104,926;104,925;104,924;104,923;104,922;104,921;104,920;103,919;103,918;103,917;102,917;102,916;102,915;102,914;102,913;102,912;102,911;102,910;102,909;102,908;102,907;102,906;102,905;102,904;102,903;103,903;103,902;104,902;104,901;105,901;105,900;106,900;107,900;108,900;109,900;109,899;110,899;111,899;112,898;113,898;113,897;114,897;114,896;115,895;116,894;116,893;117,893;117,892;118,892;118,891;119,891;119,890;120,890;120,889;121,889;122,888;123,887;124,887;124,886;125,886;125,885;126,885;127,884;128,883;129,882;130,881;131,880;131,879;132,879;132,878;132,877;133,877;133,876;133,875;133,874;133,873;133,872;133,871;133,870;133,869;133,868;133,867;133,866;133,865;132,865;132,864;132,863;132,862;132,861;132,860;131,859;131,858;131,857;131,856;131,855;131,854;131,853;130,853;130,852;130,851;129,850;129,849;128,848;128,847;127,847;127,846;127,845;127,844;127,843;127,842;127,841;128,840;128,839;129,839;129,838;130,838;130,837;131,837;131,836;132,836;133,835;134,835;135,835;135,834;136,834;137,834;138,834;138,833;139,833;140,833;140,832;141,832;142,831;143,831;143,830;144,830;144,829;145,829;145,828;146,827;146,826;147,825;147,824;147,823;148,823;148,822;148,821;148,820;148,819;148,818;149,817;149,816;150,816;150,815;151,815;152,814;153,814;153,813;154,813;155,813;155,812;156,812;156,811;157,811;158,810;159,810;159,809;160,809;160,808;161,808;162,807;163,807;163,806;164,806;164,805;165,805;165,804;166,804;166,803;166,802;166,801;166,800;166,799;166,798;166,797;166,796;166,795;166,794;165,794;165,793;164,793;164,792;163,791;162,791;161,790;160,790;160,789;159,789;159,788;158,788;157,788;156,787;155,787;154,787;153,787;152,787;151,787;150,787;149,787;148,787;147,787;146,787;145,787;144,787;143,787;142,787;142,788;141,788;140,788;139,788;138,788;137,788;136,788;135,788;134,788;133,788;132,788;131,788;130,788;129,788;128,788;127,788;126,788;125,788;124,788;123,788;122,788;121,788;120,788;119,788;118,788;117,788;116,788;115,788;114,789;113,789;112,789;111,789;110,789;109,789;108,789;107,789;106,789;105,789;104,789;103,789;102,789;101,789;100,789;99,789;98,789;97,789;96,789;95,789;94,789;93,789;92,789;92,790;91,790;90,790;89,791;88,791;87,791;86,791;85,792;84,792;83,792;82,792;81,792;81,793;80,793;79,793;78,793;77,793;76,793;75,793;74,793;73,793;72,793;71,793;70,793;69,794;68,794;67,794;66,794;65,794;64,794;63,794;62,794;61,794;60,795;59,795;59,796;58,796;57,796;56,797;55,797;54,797;53,797;53,798;52,798;51,798;51,799;50,799;49,800;49,801;48,801;48,802;48,803;48,804;48,805;48,806;48,807;48,808;48,809;48,810;49,811;49,812;50,812;50,813;51,813;51,814;52,814;52,815;53,815;54,815;55,815;56,815;57,815;58,815;59,815;59,814;60,813;61,813;61,812;62,812;62,811;63,811;63,810;64,810;65,810;65,809;66,809;66,808;67,808;67,807;68,807;68,806;69,805;70,805;71,804;72,803;72,802;73,802;74,801;75,801;76,801;76,800;77,800;78,800;79,800;79,799;80,799;81,799;82,799;83,799;83,800;84,800;85,800;86,800;86,801;87,801;88,801;88,802;89,802;90,802;90,803;91,803;92,804;93,804;93,805;94,805;94,806;95,806;95,807;96,807;96,808;97,808;97,809;97,810;98,810;98,811;99,811;99,812;100,813;100,814;101,814;101,815;102,815;102,816;102,817;103,817;103,818;104,818;104,819;105,819;105,820;106,820;106,821;106,822;107,822;107,823;107,824;107,825;107,826;107,827;107,828;107,829;107,830;107,831;107,832;107,833;106,834;106,835;106,836;106,837;106,838;105,838;105,839;105,840;105,841;105,842;105,843;104,844;104,845;104,846;104,847;104,848;104,849;103,849;103,850;103,851;103,852;103,853;103,854;102,855;102,856;102,857;102,858;101,858;101,859;100,860;100,861;99,861;99,862;98,863;97,863;97,864;96,865;95,865;94,865;93,866;91,866;90,866;89,866;88,866;87,866;86,866;85,866;84,866;83,866;82,866;81,866;80,865;79,865;79,864;78,864;78,863;77,863;76,862;75,862;75,861;74,861;73,860;72,860;72,859;71,859;71,858;71,857;70,856;70,855;70,854;69,854;69,853;69,852;68,852;68,851;68,850;68,849;68,848;68,847;68,846;68,845;68,844;68,843;68,842;68,841;68,840;68,839;68,838;68,837;69,836;69,835;69,834;69,833;69,832;69,831;69,830;69,829;68,829;67,829;66,829;65,829;64,829;63,829;62,829;61,829;60,829;59,829;58,829;58,830;57,830;57,831;56,831;55,832;54,833;53,834;52,835;51,836;51,837;50,837;50,838;49,838;49,839;48,839;48,840;47,840;46,840;46,841;45,841;44,841;44,842;43,842;42,843;41,843;40,843;39,844;38,844;37,844;36,844;35,845;34,845;33,845;32,845;31,845;30,845;29,845;29,844;28,844;28,843;27,843;27,842;26,842;26,841;25,841;25,840;24,839;24,838;23,838;23,837;23,836;22,836;22,835;21,834;21,833;20,833;20,832;20,831;19,831;19,830;18,830;18,829;17,829;16,829;16,828;15,828;15,827;14,827;14,826;13,826;12,826;11,826;10,826;10,827;10,828;9,828;9,829;9,830;9,831;8,831;8,832;8,833;8,834;8,835;8,836;8,838;8,839;9,841;
Stroma, ICG; POLYGON; 255, 255, 255; 88,871;87,871;86,871;85,871;84,871;83,871;82,871;81,871;80,871;79,871;78,871;77,871;76,871;76,870;75,870;75,869;74,869;74,868;73,867;73,866;73,865;73,864;73,863;73,862;73,861;73,860;73,859;73,858;73,857;73,856;73,855;72,854;72,853;72,852;72,851;71,850;71,849;71,848;70,847;70,846;69,846;69,845;68,844;67,843;67,842;66,842;65,841;65,840;64,839;63,838;62,837;61,837;61,836;60,836;59,837;59,838;59,839;59,840;58,841;58,843;57,845;57,846;56,848;56,850;55,852;54,853;54,855;53,857;52,858;52,860;51,863;51,865;51,867;51,868;52,870;53,872;55,873;57,875;59,878;61,880;63,882;
Stroma, ICG; POLYGON; 255, 255, 255; 89,862;88,862;86,863;85,863;83,864;81,864;80,864;76,865;74,865;72,866;70,866;68,867;67,868;65,868;64,869;63,870;62,871;62,872;61,873;60,874;60,875;59,876;59,877;59,879;59,880;58,881;58,882;58,883;58,885;58,886;58,887;58,889;58,890;59,891;59,892;60,893;62,894;63,895;65,896;67,897;68,897;71,897;
Stroma, ICG; POLYGON; 255, 255, 255; 125,877;126,877;127,877;128,877;129,877;129,878;130,879;130,880;131,880;131,881;132,881;133,881;134,881;134,882;135,882;136,882;137,882;137,883;138,883;139,883;140,883;141,883;141,884;142,884;143,884;144,884;144,885;144,886;144,887;144,888;144,889;144,890;144,891;144,892;144,893;144,894;144,895;144,896;144,897;144,898;144,899;144,900;145,900;145,901;146,901;147,901;147,902;148,902;149,902;150,902;150,901;151,901;152,900;153,900;154,899;155,899;155,898;156,898;157,897;158,896;159,896;160,895;161,894;162,894;162,893;163,893;164,893;164,892;165,892;166,891;167,891;167,890;168,890;169,889;170,888;171,887;172,887;172,886;173,886;173,885;174,885;175,884;176,883;177,882;177,881;178,881;179,880;179,879;180,879;180,878;181,878;181,877;182,877;182,876;183,876;183,875;184,874;184,873;185,873;185,872;185,871;186,871;186,870;186,869;187,868;187,867;187,866;188,866;188,865;188,864;188,863;188,862;188,861;188,860;188,859;188,858;188,857;188,856;188,855;188,854;188,853;188,852;188,851;189,851;189,850;189,849;190,849;190,848;190,847;191,847;191,846;191,845;192,845;192,844;192,843;192,842;193,842;193,841;193,840;194,839;194,838;194,837;195,837;195,836;196,835;197,834;198,834;199,834;200,834;201,834;202,834;203,833;204,833;205,833;206,833;207,832;208,832;209,832;209,831;210,831;211,831;212,830;213,830;213,829;214,829;214,828;215,828;215,827;215,826;215,825;215,824;215,823;215,822;214,821;214,820;214,819;214,818;213,818;213,817;213,816;212,815;212,814;212,813;211,812;211,811;211,810;211,809;210,809;210,808;209,807;209,806;209,805;208,804;208,803;207,802;207,801;206,800;206,799;205,799;205,798;204,797;204,796;204,795;203,795;203,794;202,793;201,792;200,792;200,791;199,791;198,791;197,791;196,791;195,790;194,790;192,790;191,789;190,789;189,789;188,788;187,788;186,788;185,787;184,787;183,786;182,786;181,785;180,785;180,784;179,784;179,783;178,783;178,782;177,782;176,782;175,782;174,782;173,782;172,782;171,782;170,782;169,782;169,783;168,783;167,784;166,785;165,785;165,786;164,786;164,787;163,787;162,788;160,790;159,791;158,792;157,792;157,793;156,794;156,795;156,796;156,797;156,798;157,798;158,799;159,800;160,800;161,801;162,802;163,803;164,803;165,803;165,804;166,804;167,805;168,805;169,806;170,806;171,807;172,807;172,808;173,808;173,809;174,809;174,810;175,810;175,811;175,812;176,813;176,814;176,815;176,816;176,817;176,818;176,819;176,820;176,821;176,822;176,823;176,824;176,825;176,826;176,827;176,828;176,829;176,830;176,831;176,832;176,833;176,834;176,835;175,835;175,836;175,837;174,837;174,838;174,839;173,839;173,840;173,841;172,841;172,842;171,842;171,843;170,844;169,845;168,846;168,847;167,847;166,848;165,849;164,850;163,850;163,851;162,851;161,852;160,852;160,853;159,853;158,854;157,854;156,855;155,855;154,855;153,855;152,855;151,855;150,855;149,855;148,855;147,855;146,855;145,855;144,855;143,855;142,855;141,855;140,854;139,854;137,854;136,854;135,854;134,854;133,854;132,854;131,854;130,854;129,854;128,854;127,854;126,854;125,855;125,856;125,857;125,858;125,860;125,862;126,864;128,867;130,870;133,873;
Stroma, ICG; POLYGON; 255, 255, 255; 129,943;128,943;128,944;127,944;127,945;126,945;126,946;126,947;126,948;127,949;128,949;128,950;129,950;130,950;130,951;131,951;132,952;133,953;134,953;134,954;135,954;135,955;136,955;137,956;137,957;138,957;138,958;138,959;138,960;138,961;138,962;138,963;138,964;138,965;138,966;138,967;138,968;138,969;138,970;138,971;138,972;137,972;137,973;137,974;137,975;137,976;136,976;136,977;135,978;134,978;134,979;133,979;133,980;132,980;131,980;130,980;129,980;128,980;127,980;126,980;126,979;125,979;123,979;122,979;121,978;120,978;119,978;118,977;117,977;116,976;115,975;114,974;113,973;112,972;111,972;111,971;110,971;110,970;109,969;108,969;108,968;107,967;106,967;106,966;105,966;104,965;103,964;102,963;101,962;100,962;100,961;99,960;98,960;97,959;96,959;96,958;95,958;94,958;93,958;93,957;92,957;91,957;90,957;89,957;88,957;87,958;86,958;85,958;84,959;83,959;82,960;81,960;80,960;79,961;78,961;77,961;76,961;76,962;75,962;74,962;74,963;73,964;73,965;73,966;73,967;72,967;72,968;72,969;72,970;72,971;72,972;72,973;72,974;72,976;73,977;73,978;73,979;74,981;74,982;75,983;75,985;75,986;76,987;76,988;77,989;78,990;78,991;79,991;79,992;80,992;80,993;81,994;82,995;82,996;83,997;83,998;84,999;84,1000;85,1000;85,1001;84,1001;84,1002;83,1002;82,1003;81,1003;81,1004;80,1004;80,1005;79,1006;79,1007;79,1008;79,1009;80,1009;80,1010;81,1010;82,1010;83,1010;84,1010;85,1011;86,1011;87,1011;88,1011;89,1011;90,1011;91,1012;93,1012;94,1012;95,1011;96,1011;97,1011;98,1011;99,1010;100,1010;101,1010;102,1010;103,1010;104,1010;105,1010;106,1010;107,1010;108,1010;108,1011;109,1011;110,1011;111,1011;112,1011;113,1011;114,1011;115,1011;116,1011;117,1011;118,1011;119,1011;120,1011;121,1011;122,1011;123,1011;124,1011;125,1010;126,1010;127,1010;128,1010;129,1009;130,1009;131,1009;132,1008;133,1008;134,1007;135,1007;135,1006;135,1005;136,1005;136,1004;136,1003;136,1002;136,1001;136,1000;136,999;135,999;135,998;135,997;135,996;135,995;135,994;135,993;135,992;136,992;136,991;137,991;137,990;137,989;138,988;138,987;139,987;139,986;139,985;140,985;140,984;141,983;141,982;142,981;142,980;143,980;143,979;144,979;144,978;145,978;146,978;146,977;147,977;148,977;149,977;150,977;151,977;152,977;153,977;154,977;155,977;156,977;157,977;158,977;159,977;160,977;161,977;162,977;163,977;164,977;165,977;165,976;166,976;167,976;168,976;169,976;170,976;171,976;172,976;173,975;174,975;175,975;176,974;177,974;177,973;178,973;179,973;179,972;180,972;181,971;182,971;183,971;183,970;184,970;184,969;185,969;186,969;186,968;187,968;187,967;188,967;188,966;189,966;190,966;190,965;191,965;192,964;193,964;193,963;194,963;194,962;195,962;195,961;196,961;196,960;197,960;197,959;198,959;198,958;198,957;199,957;199,956;200,956;200,955;201,954;202,953;202,952;203,952;203,951;204,950;204,949;205,949;206,948;207,948;207,947;208,947;208,946;209,946;209,945;210,944;211,943;211,942;212,942;213,941;213,940;214,940;214,939;215,938;215,937;216,937;216,936;216,935;217,935;217,934;217,933;217,932;217,931;218,930;218,929;217,929;216,929;215,929;214,929;213,930;212,930;211,930;210,930;209,931;208,931;207,932;206,932;205,933;204,933;203,933;203,934;202,934;201,934;200,934;199,934;198,934;197,934;196,934;195,934;194,934;194,933;193,933;193,932;193,931;193,930;193,929;193,928;193,927;194,927;194,926;194,925;195,925;195,924;196,924;197,923;198,923;198,922;199,922;200,921;201,921;202,920;203,920;204,919;205,919;206,918;207,918;208,918;209,918;210,918;211,918;212,918;213,918;214,918;215,918;215,919;216,919;217,919;218,919;219,919;220,919;221,919;221,918;222,918;223,918;223,917;224,917;224,916;225,916;226,915;227,915;227,914;228,914;229,914;229,913;230,913;230,912;231,911;232,911;232,910;233,909;234,909;235,909;235,908;236,908;237,908;237,907;238,907;238,906;239,906;240,906;240,905;241,905;242,905;242,904;243,904;244,904;244,903;245,903;245,902;246,902;247,902;247,901;248,901;249,900;250,900;250,899;251,899;251,898;252,898;252,897;253,897;253,896;254,896;254,895;255,895;255,894;255,893;256,893;256,892;256,891;257,890;257,889;257,888;256,888;256,887;255,887;254,887;253,887;252,887;251,887;250,887;250,888;249,888;248,888;248,889;247,889;246,889;246,890;245,890;244,890;244,891;243,891;242,892;241,892;240,893;239,893;239,894;238,894;237,894;237,895;236,895;236,896;236,897;235,897;235,898;234,898;233,898;233,899;232,899;232,900;231,900;231,901;230,901;229,901;229,902;228,902;227,902;226,902;225,903;224,903;223,904;222,904;222,905;221,905;220,905;220,906;219,906;218,906;218,907;217,907;216,907;215,907;214,907;213,907;212,907;211,907;210,907;210,906;209,906;208,906;208,905;207,905;207,904;206,904;206,903;205,902;205,901;204,900;204,899;204,898;203,898;203,897;203,896;203,895;203,894;204,893;204,892;205,892;205,891;206,891;206,890;207,890;207,889;208,889;208,888;209,888;209,887;210,886;211,886;211,885;213,882;214,881;214,880;215,879;215,878;216,877;216,876;217,876;217,875;217,874;218,873;218,872;218,871;218,870;219,870;219,869;220,868;221,868;221,867;222,867;223,867;223,866;224,866;225,866;226,865;227,865;228,864;229,864;230,864;231,863;232,863;232,862;233,862;233,861;234,861;235,860;235,859;236,859;236,858;237,858;237,857;237,856;238,856;238,855;238,854;239,854;239,853;240,852;240,851;241,851;241,850;242,850;242,849;242,848;243,848;243,847;243,846;244,845;244,844;244,843;244,842;244,841;244,840;243,840;243,839;243,838;242,838;242,837;242,836;241,836;241,835;241,834;240,833;240,832;240,831;239,831;239,830;239,829;238,828;238,827;237,826;237,825;237,824;236,823;236,822;236,821;235,821;235,820;235,819;234,818;233,817;232,816;232,815;231,814;231,813;230,813;230,812;229,811;228,811;228,810;227,810;227,809;226,809;225,808;224,807;223,807;223,806;222,806;221,806;220,806;219,806;218,806;217,806;216,806;215,806;214,806;213,806;212,806;211,806;210,806;209,806;208,806;207,806;206,806;205,806;205,807;204,807;204,808;203,808;203,809;202,810;202,811;201,811;201,812;201,813;200,813;200,814;200,815;199,815;199,816;199,817;198,817;198,818;197,818;197,819;197,820;196,821;196,822;196,823;196,824;196,825;196,826;196,827;197,827;197,828;198,828;199,829;200,829;200,830;201,830;202,830;202,831;203,831;204,831;204,832;205,832;206,832;206,833;207,833;208,833;209,834;210,834;211,835;212,835;213,836;213,837;214,837;214,838;214,839;214,840;214,841;215,841;215,842;215,843;215,844;215,845;215,846;215,847;216,848;216,849;216,850;216,851;216,852;216,853;216,854;216,855;216,856;216,857;216,858;215,858;215,859;214,859;213,859;212,859;212,860;211,860;210,860;209,860;208,860;207,860;206,860;205,860;204,860;203,860;203,861;202,861;201,861;200,861;199,861;198,861;197,861;196,861;196,862;195,862;194,862;193,862;192,862;192,863;191,863;190,863;189,863;188,863;188,864;187,864;187,865;187,866;187,867;188,868;188,869;189,869;190,869;190,870;191,870;191,871;192,871;193,871;193,872;194,872;195,872;196,872;197,872;197,873;198,873;199,873;200,873;200,874;201,874;201,875;202,875;202,876;202,877;202,878;202,879;201,879;201,880;200,880;200,881;199,881;199,882;198,882;198,883;197,883;197,884;196,884;196,885;195,886;195,887;194,887;194,888;193,889;193,890;192,890;192,891;191,892;191,893;190,893;190,894;190,895;190,896;190,897;189,897;189,898;189,899;188,899;188,900;187,901;187,902;186,902;186,903;185,904;185,905;184,905;184,906;183,907;183,908;182,908;182,909;181,910;181,911;180,912;180,913;179,914;179,915;178,916;178,917;177,918;177,919;176,919;176,920;176,921;176,922;175,922;175,923;175,924;175,925;175,926;175,927;175,928;175,929;175,930;174,930;174,931;174,932;173,932;173,933;173,934;172,934;171,934;171,935;170,935;169,936;168,936;168,937;167,937;167,938;166,938;166,939;165,939;164,940;163,941;163,942;162,942;162,943;161,943;161,944;160,945;160,946;159,946;159,947;158,947;158,948;157,948;157,949;156,949;155,949;155,950;154,950;153,950;152,950;151,950;150,950;149,950;148,950;147,950;146,950;145,950;144,949;143,949;142,948;141,948;141,947;140,947;140,946;140,945;140,944;140,943;141,942;141,941;142,940;142,939;142,938;143,937;143,936;144,936;144,935;145,934;146,933;146,932;147,932;147,931;148,931;148,930;149,930;149,929;150,929;151,928;152,927;152,926;153,925;154,925;155,923;155,922;156,922;156,921;156,920;157,920;157,919;157,918;158,917;158,916;158,915;158,914;158,913;158,912;158,911;159,911;159,910;159,909;159,908;159,907;159,906;159,905;159,904;159,903;159,902;159,901;159,900;159,899;159,898;159,897;159,896;159,895;159,894;158,894;158,893;157,892;157,891;156,891;155,890;155,889;154,889;153,889;153,888;152,888;151,888;151,887;150,887;149,887;148,887;148,886;147,886;146,886;146,887;145,887;145,888;145,889;144,889;144,890;144,891;143,891;143,892;143,893;143,894;143,895;143,896;143,897;142,897;142,898;142,899;142,900;142,901;141,902;141,903;141,904;141,905;141,906;141,907;141,908;141,909;141,910;141,911;141,912;141,913;141,914;142,914;142,915;142,916;142,917;142,918;143,918;143,919;143,920;143,921;143,922;143,923;143,924;143,925;143,926;142,926;142,927;142,928;141,928;141,929;141,930;140,930;139,931;139,932;138,932;138,933;138,934;137,934;137,935;136,935;136,936;136,937;135,937;135,938;134,938;134,939;134,940;133,940;133,941;132,941;132,942;132,943;131,943;131,944;130,944;130,945;129,945;129,946;
Stroma, ICG; POLYGON; 255, 255, 255; 262,902;263,902;263,903;264,903;264,904;265,904;266,904;267,905;268,905;269,905;269,906;270,906;271,906;271,907;272,907;273,908;274,909;274,910;275,910;275,911;276,911;276,912;277,912;277,913;278,913;278,914;279,915;279,916;280,916;280,917;281,917;281,918;282,918;282,919;283,919;283,920;284,920;284,921;284,922;285,922;285,923;285,924;286,924;286,925;286,926;287,926;287,927;287,928;288,928;288,929;288,930;289,930;289,931;290,931;291,932;292,932;292,933;293,933;294,934;295,934;296,934;296,935;297,935;298,935;299,935;300,935;301,935;302,935;303,934;303,933;303,932;303,931;303,930;303,929;303,928;303,927;303,926;303,925;302,925;302,924;302,923;301,922;301,921;300,921;299,920;298,920;297,920;297,919;296,919;295,919;294,919;293,918;292,918;292,917;291,917;290,916;289,916;289,915;288,915;288,914;287,913;286,912;285,912;285,911;284,911;284,910;283,910;283,909;282,909;282,908;281,908;281,907;280,907;280,906;279,906;279,905;278,904;278,903;277,903;277,902;276,902;276,901;276,900;275,900;275,899;274,898;274,897;274,896;273,896;273,895;273,894;273,893;273,892;272,891;272,890;272,889;272,888;272,887;272,886;272,885;271,885;271,884;271,883;271,882;271,881;271,880;270,880;270,879;270,878;270,877;270,876;269,876;269,875;269,874;269,873;269,872;270,872;270,871;270,870;270,869;271,869;271,868;271,867;271,866;272,866;272,865;272,864;272,863;272,862;272,861;272,860;272,859;272,858;272,857;272,856;272,855;272,854;271,854;271,853;270,853;270,852;269,852;269,851;268,851;268,850;267,850;267,849;267,848;266,848;266,847;265,847;265,846;264,846;264,845;263,845;263,844;262,844;262,843;261,843;261,842;260,842;260,841;259,841;258,840;257,840;257,839;256,839;255,838;254,838;254,837;253,837;252,836;251,836;250,835;249,835;248,835;247,835;246,834;245,834;244,834;243,834;242,834;241,834;240,834;239,834;238,834;237,834;237,835;236,835;235,835;235,836;234,837;234,838;234,839;234,840;234,841;234,842;234,843;234,844;234,845;234,846;235,846;235,847;236,847;236,848;237,848;238,848;238,849;239,849;240,849;241,849;242,849;243,849;243,850;244,850;245,850;246,850;247,850;248,850;248,851;249,851;250,851;251,851;252,851;253,851;254,851;255,851;255,852;256,852;256,853;257,853;257,854;258,855;258,856;258,857;259,857;259,858;259,859;259,860;259,861;259,862;259,863;259,864;259,865;259,866;258,866;258,867;258,868;257,868;257,869;256,869;256,870;255,870;255,871;254,871;253,872;252,873;251,873;251,874;250,874;250,875;249,875;249,876;248,876;248,877;247,878;247,879;246,879;246,880;246,881;246,882;246,883;246,884;246,885;246,886;246,887;246,888;246,889;246,890;246,891;247,892;247,893;248,893;248,894;249,895;250,896;251,897;252,898;253,898;254,899;255,899;255,900;257,900;257,901;258,901;258,902;259,902;260,903;261,904;262,904;263,905;
Stroma, ICG; POLYGON; 255, 255, 255; 143,1002;144,1002;145,1003;145,1004;146,1004;147,1004;147,1005;148,1005;149,1005;150,1005;151,1005;152,1005;153,1005;154,1005;155,1005;156,1005;157,1005;158,1005;159,1005;160,1005;161,1005;162,1005;163,1005;164,1005;164,1004;165,1004;166,1003;167,1003;168,1002;169,1002;169,1001;170,1001;171,1001;172,1001;173,1000;174,1000;174,999;175,999;175,998;176,998;177,998;178,998;178,999;178,1000;178,1001;179,1001;179,1002;179,1003;179,1004;180,1004;180,1005;180,1006;180,1007;181,1007;181,1008;181,1009;182,1010;182,1011;183,1012;183,1013;183,1014;183,1015;183,1016;183,1017;182,1017;182,1018;181,1018;181,1019;180,1019;179,1019;178,1019;177,1019;176,1019;175,1019;174,1018;173,1018;172,1018;171,1018;170,1018;169,1018;168,1018;167,1018;166,1018;165,1018;164,1018;163,1018;162,1018;161,1018;160,1018;159,1018;158,1018;157,1018;156,1018;155,1018;154,1018;153,1018;152,1018;151,1018;150,1018;149,1018;148,1018;147,1017;146,1017;145,1017;144,1017;144,1018;143,1018;142,1018;142,1019;141,1019;140,1019;139,1019;138,1019;137,1019;136,1019;136,1018;135,1018;135,1017;134,1017;134,1016;133,1016;132,1015;131,1015;130,1015;130,1014;129,1014;128,1013;127,1012;126,1012;126,1011;126,1010;125,1010;125,1009;125,1008;125,1007;124,1007;124,1006;124,1005;124,1004;124,1003;123,1003;123,1002;123,1001;123,1000;123,999;123,998;123,997;123,996;123,995;123,994;123,993;123,992;123,991;124,991;124,990;125,989;126,989;126,988;127,988;128,987;129,987;130,987;131,987;132,987;133,987;133,986;134,986;135,986;136,986;137,986;137,987;138,987;138,988;139,988;139,989;140,989;140,990;141,991;141,992;142,993;142,994;143,995;143,996;144,996;144,997;
Stroma, ICG; POLYGON; 255, 255, 255; 272,1020;273,1020;274,1020;275,1020;276,1021;277,1021;278,1021;279,1021;280,1021;281,1021;282,1021;283,1021;284,1021;285,1021;285,1022;286,1022;287,1022;288,1022;289,1022;290,1022;291,1022;292,1022;293,1022;294,1022;295,1022;296,1022;297,1022;298,1022;299,1021;300,1021;301,1021;302,1021;303,1021;304,1021;305,1021;306,1021;307,1021;308,1021;308,1020;309,1020;310,1020;311,1020;312,1020;313,1019;314,1019;315,1019;316,1019;317,1019;318,1018;319,1018;320,1018;320,1017;321,1017;322,1017;323,1016;324,1016;325,1016;325,1015;326,1015;327,1015;327,1014;328,1014;328,1013;329,1013;329,1012;330,1012;330,1011;331,1011;331,1010;331,1009;331,1008;331,1007;331,1006;331,1005;331,1004;330,1004;330,1003;331,1003;332,1003;333,1002;334,1002;335,1002;336,1002;337,1002;338,1002;339,1002;339,1001;340,1001;341,1001;342,1001;342,1000;343,1000;344,1000;345,1000;346,1000;347,1000;348,1000;349,1000;350,1000;351,1000;352,1000;353,1000;354,1000;354,1001;355,1001;356,1001;357,1001;357,1002;358,1002;359,1002;360,1002;360,1003;361,1003;362,1003;363,1003;364,1003;364,1002;364,1001;364,1000;364,999;364,998;364,997;363,997;363,996;363,995;362,995;362,994;361,994;361,993;360,993;360,992;359,992;358,991;357,991;357,990;356,990;355,989;354,989;354,988;353,988;353,987;352,987;352,986;351,986;350,985;349,985;349,984;348,983;347,982;346,981;345,980;344,979;344,978;343,978;342,977;341,977;341,976;340,976;339,976;339,975;338,975;338,974;337,974;336,974;336,973;335,973;334,973;334,972;333,972;333,971;332,971;331,971;331,970;330,970;329,970;328,970;327,970;327,971;327,972;326,972;326,973;325,974;324,975;324,976;323,977;323,978;322,979;322,980;321,980;321,981;321,982;320,983;319,984;318,985;318,986;317,987;317,988;316,988;316,989;316,990;315,990;315,991;314,991;314,992;313,992;312,992;312,993;311,993;311,994;310,995;309,995;309,996;308,997;307,997;307,998;306,998;306,999;305,999;305,1000;304,1000;304,1001;303,1001;302,1002;301,1003;300,1003;300,1004;299,1004;299,1005;298,1005;297,1005;297,1006;296,1006;295,1006;294,1006;293,1006;292,1006;291,1006;290,1006;289,1006;288,1006;287,1006;286,1006;285,1006;284,1006;283,1006;282,1006;281,1006;280,1006;279,1006;278,1006;277,1006;276,1006;275,1006;274,1006;274,1007;
Stroma, ICG; POLYGON; 255, 255, 255; 471,291;471,292;471,293;471,294;472,294;472,295;473,295;474,295;475,295;476,295;476,296;477,296;478,296;479,296;480,296;481,296;482,296;483,296;484,296;485,296;486,296;487,296;488,296;489,296;490,296;491,296;492,296;493,296;494,296;495,296;496,296;497,295;498,295;499,295;500,295;501,295;501,294;502,294;503,294;504,294;504,293;505,293;506,293;506,292;507,292;508,292;509,292;510,292;511,292;512,292;513,292;513,291;514,291;515,291;516,291;517,291;518,291;519,291;522,290;523,290;524,290;525,290;527,289;528,289;529,289;531,289;532,289;533,289;534,289;535,289;536,289;537,289;538,289;539,289;540,289;541,289;542,289;543,289;544,289;545,289;546,289;547,289;547,288;548,288;549,288;551,288;552,288;553,288;555,288;555,287;556,287;557,287;558,287;559,287;560,287;561,287;562,286;563,286;564,286;565,286;566,286;567,286;567,285;568,285;570,285;571,285;572,284;573,284;574,284;575,284;576,283;577,283;578,283;579,282;580,281;581,281;582,281;582,280;583,280;584,279;585,279;585,278;586,278;586,277;587,277;588,277;589,276;590,276;591,275;592,275;592,274;593,274;594,274;595,273;596,273;597,273;598,272;599,272;600,271;601,271;602,271;603,270;604,270;605,270;606,270;607,270;608,269;609,269;610,269;611,269;613,268;614,268;615,268;616,267;617,267;618,267;618,266;619,266;620,266;621,266;622,266;622,265;623,265;624,265;625,264;626,264;627,264;628,263;629,263;629,262;630,262;631,262;632,262;633,261;634,261;635,261;636,261;637,261;637,260;638,260;639,260;640,259;641,259;642,259;643,259;644,258;645,258;646,258;647,258;648,257;650,257;652,257;653,256;657,256;659,256;662,255;663,255;664,255;666,254;667,254;668,253;669,253;670,253;671,253;671,252;672,252;673,252;674,252;674,251;675,251;676,251;677,250;678,250;679,250;680,249;681,249;682,249;683,249;684,249;685,248;686,248;687,248;688,248;689,248;690,247;691,247;692,247;693,247;694,247;695,247;696,247;696,246;697,246;698,246;699,246;700,246;701,246;702,246;703,245;704,245;705,245;706,245;706,244;707,244;708,244;709,243;710,243;711,242;712,242;713,242;714,242;715,241;717,241;718,240;719,240;720,240;721,240;722,239;723,239;724,239;724,238;726,238;727,238;727,237;728,237;729,237;729,236;730,236;731,236;731,235;732,235;733,234;734,234;735,234;736,233;737,233;738,233;740,232;741,231;742,231;743,231;743,230;744,230;745,230;745,229;746,229;747,229;748,228;749,228;750,227;751,227;752,227;753,226;754,226;755,226;756,226;756,225;757,225;758,225;759,224;760,224;760,223;761,223;762,223;762,222;763,221;764,221;765,220;766,220;766,219;767,219;768,219;768,218;769,218;770,217;771,217;772,216;773,216;774,215;777,214;779,213;780,212;781,212;782,212;783,211;784,211;785,211;785,210;786,210;787,210;788,210;789,210;790,209;791,209;792,209;792,208;793,208;794,208;795,208;796,208;797,208;798,208;799,208;800,208;801,208;802,208;803,208;804,208;805,208;806,208;807,208;808,208;809,208;810,208;811,208;812,207;813,207;814,207;814,206;815,206;816,206;817,206;817,205;818,205;819,205;820,205;821,204;822,204;823,204;824,204;824,203;825,203;826,203;827,203;828,203;828,202;829,202;830,202;831,202;832,202;832,201;833,201;834,201;835,201;835,200;836,200;837,200;838,200;838,199;839,199;840,199;841,199;841,198;842,198;843,198;843,197;844,197;845,196;846,195;847,195;847,194;848,193;849,192;850,191;850,190;851,190;851,189;852,189;852,188;853,188;853,187;853,186;853,185;854,185;854,184;854,183;855,182;855,181;856,181;856,180;857,179;857,178;858,177;859,176;859,175;860,175;860,174;861,173;861,172;861,171;862,171;862,170;862,169;862,168;862,167;862,166;862,165;862,164;862,163;862,162;862,161;862,160;862,159;862,158;862,157;862,156;862,155;862,154;862,153;861,153;861,152;860,151;860,150;859,150;859,149;858,148;857,147;857,146;856,146;856,145;855,145;855,144;854,144;854,143;853,142;852,141;851,141;850,140;849,140;848,140;847,140;846,140;845,140;844,141;843,141;842,142;839,144;837,146;836,147;835,148;835,149;834,149;834,150;833,150;833,151;832,151;832,152;831,153;830,154;829,156;828,156;828,157;827,158;826,160;825,161;824,162;824,163;823,164;822,164;822,165;821,165;821,166;820,166;820,167;819,167;818,168;817,168;817,169;816,169;815,169;814,170;813,170;813,171;811,172;809,173;808,174;807,174;804,175;803,176;801,176;799,177;798,178;797,178;796,179;795,179;794,179;794,180;793,180;792,180;792,181;791,181;790,181;789,181;789,182;788,182;787,182;787,183;786,183;785,183;784,183;783,184;781,184;780,184;779,184;778,185;777,185;775,185;773,185;772,186;769,186;768,186;768,187;767,187;766,187;765,187;764,187;763,188;762,188;761,188;760,188;759,188;758,189;757,189;756,189;756,190;755,190;754,190;753,191;752,191;752,192;751,192;750,193;749,194;749,195;748,196;748,197;747,198;747,199;747,200;746,200;746,201;746,202;745,202;745,203;744,204;744,205;743,206;743,207;742,208;742,209;742,210;741,210;741,211;740,211;739,212;738,212;738,213;737,214;736,214;736,215;735,215;735,216;734,216;733,217;732,217;732,218;731,218;730,219;729,219;729,220;728,220;727,220;726,221;725,221;724,221;724,222;723,222;722,222;721,223;720,223;719,223;718,224;717,224;716,224;715,225;714,225;713,225;712,226;711,226;710,226;709,226;708,226;707,227;706,227;705,227;704,227;703,227;702,228;701,228;700,228;699,229;698,229;696,229;695,230;694,230;693,230;692,230;691,230;690,230;689,230;689,231;688,231;687,231;686,231;685,231;684,231;683,231;682,231;681,231;680,231;679,230;678,230;677,230;676,230;675,230;674,230;673,230;672,230;671,230;670,229;669,229;668,229;667,229;666,229;665,229;664,229;663,229;662,229;661,229;660,229;659,229;658,229;657,229;656,229;656,230;655,230;654,230;653,230;652,230;652,231;651,231;650,231;649,232;648,232;647,232;646,233;645,233;644,233;643,233;643,234;642,234;641,234;640,234;639,235;638,235;637,235;636,236;635,236;634,236;633,236;632,237;631,237;630,237;629,238;628,238;627,238;626,239;625,239;624,239;624,240;623,240;622,240;621,240;621,241;620,241;619,241;618,241;617,242;616,242;615,242;614,242;613,243;612,243;611,243;610,243;609,243;609,244;608,244;607,244;606,244;605,245;604,245;603,245;602,245;601,245;600,245;599,245;598,245;598,246;597,246;596,246;595,246;594,246;593,246;592,246;591,246;590,246;589,246;588,246;587,246;586,246;585,246;584,246;583,246;582,246;581,246;580,246;579,245;578,245;577,244;576,244;576,243;575,243;575,242;574,242;574,241;573,241;573,240;573,239;572,239;572,238;572,237;572,236;572,235;572,234;572,233;573,233;573,232;574,232;574,231;575,230;575,229;576,229;576,228;577,228;577,227;578,227;578,226;579,226;579,225;580,224;581,223;582,222;583,221;583,220;584,220;584,219;585,219;586,219;586,218;587,218;588,217;589,217;590,217;591,217;592,216;593,216;594,216;595,216;595,215;596,215;597,215;598,215;599,215;600,214;601,214;602,214;603,214;603,213;604,213;605,213;606,212;607,212;608,212;609,212;610,211;611,211;612,211;613,211;614,210;615,210;616,210;617,209;618,209;619,209;620,209;621,209;622,209;622,208;623,208;624,208;625,208;626,208;627,207;628,207;629,207;630,207;630,206;631,206;632,206;633,206;633,205;634,205;635,205;636,205;637,205;638,204;639,204;640,204;641,204;642,204;642,203;643,203;644,203;645,203;644,203;644,202;643,202;642,202;641,201;640,201;639,201;638,200;637,200;636,199;635,199;634,199;633,198;632,198;631,197;630,197;629,197;628,197;628,196;627,196;626,196;626,195;625,195;624,195;624,194;623,194;622,193;621,193;620,193;619,192;618,192;617,192;617,191;616,191;615,190;614,190;613,190;613,189;612,189;611,189;610,189;610,188;609,188;608,188;607,188;606,188;605,188;604,187;603,187;602,187;601,187;600,187;599,187;598,187;597,187;596,187;595,187;594,187;593,187;592,187;592,188;591,188;590,188;590,189;589,189;588,190;587,191;586,191;586,192;585,192;584,192;583,192;582,192;582,193;581,193;580,193;579,193;578,193;577,193;576,193;575,193;574,194;573,194;572,194;571,194;570,194;570,195;569,195;568,195;567,195;566,195;565,196;564,196;563,197;562,197;561,197;560,197;559,197;558,198;557,198;556,198;555,199;554,199;553,199;552,199;551,200;550,200;549,200;548,200;547,200;546,201;545,201;544,201;543,201;542,202;541,202;540,202;540,203;539,203;538,203;537,203;537,204;536,204;535,204;534,204;533,204;533,205;532,205;531,205;530,205;529,206;528,206;527,206;526,206;525,207;524,207;523,207;522,207;521,207;520,207;519,207;519,208;518,208;517,208;516,208;515,208;514,208;513,208;512,209;511,209;510,209;509,209;508,209;507,209;506,209;505,209;504,209;504,210;503,210;502,210;501,210;500,210;499,210;498,210;497,210;497,211;495,211;494,211;493,211;493,212;492,212;491,212;490,212;489,212;489,213;488,213;487,213;486,214;484,214;483,215;482,215;481,215;481,216;480,216;479,216;478,217;477,217;476,217;476,218;475,218;474,218;473,219;472,219;471,219;471,220;470,220;469,221;468,221;467,222;466,222;465,222;465,223;464,223;463,223;463,224;462,224;461,224;461,225;460,225;459,225;459,226;458,226;457,227;456,227;455,228;454,228;453,228;452,229;451,229;450,229;450,230;449,230;448,230;448,231;447,231;446,232;445,232;444,233;443,233;442,233;442,234;441,234;440,234;440,235;439,236;438,237;438,238;438,239;437,239;437,240;437,241;437,242;436,242;436,243;436,244;436,245;437,246;437,247;438,248;438,249;438,250;439,250;439,251;440,252;440,253;441,253;441,254;442,254;442,255;443,255;443,256;444,256;444,257;445,258;445,259;446,259;446,260;447,260;447,261;447,262;448,262;448,263;449,263;449,264;450,264;450,265;451,265;452,266;453,266;453,267;454,267;454,268;455,268;455,269;456,270;457,271;457,272;458,272;458,273;459,273;459,274;460,274;460,275;461,275;461,276;462,277;463,278;464,279;465,280;465,281;466,281;466,282;467,282;467,283;468,283;469,284;470,284;470,285;471,285;472,286;473,286;474,287;475,287;476,288;477,288;478,288;478,289;
Stroma, ICG; POLYGON; 255, 255, 255; 463,253;462,253;461,252;460,252;459,252;458,252;457,252;456,252;455,252;454,252;450,253;449,253;448,254;447,254;446,255;445,255;444,255;443,255;442,256;441,256;440,256;439,256;439,255;440,255;440,256;441,257;441,258;442,258;442,259;443,260;443,261;444,261;444,262;445,263;445,264;446,265;446,266;447,267;448,268;448,269;449,269;449,270;450,270;450,271;451,271;451,272;452,272;452,273;453,274;453,275;454,275;454,276;454,277;454,278;455,278;455,279;455,280;456,280;456,281;457,281;457,282;458,282;459,282;460,283;461,283;462,283;463,283;463,284;464,284;465,284;465,285;466,285;466,286;467,287;468,288;469,289;470,289;470,290;471,290;471,291;472,292;473,292;473,293;474,293;475,294;476,294;476,295;477,295;479,296;480,296;481,296;481,297;483,297;484,297;485,297;486,297;487,297;491,296;492,296;494,295;495,294;496,293;497,293;497,292;498,292;499,291;500,290;501,289;501,288;502,287;503,286;503,283;
Stroma, ICG; POLYGON; 255, 255, 255; 614,67;613,67;612,67;611,67;610,67;609,67;609,68;608,68;607,68;606,68;605,69;604,69;603,69;602,70;601,70;600,70;599,70;598,71;597,71;596,71;596,72;595,72;594,73;593,73;592,73;592,74;591,74;591,75;590,75;590,76;589,76;588,77;587,77;586,78;585,78;585,79;584,80;583,81;583,82;582,82;582,83;581,84;580,85;580,86;579,87;578,88;578,89;577,89;577,90;576,90;576,91;575,92;575,93;575,94;576,94;577,94;578,94;579,94;580,94;581,94;582,94;583,94;584,94;585,94;586,94;587,94;588,95;589,95;590,95;591,95;592,95;593,95;594,96;595,96;596,96;597,96;598,96;599,96;600,96;601,96;602,96;603,96;604,96;605,95;606,95;607,95;608,95;609,95;610,95;611,95;612,95;613,95;614,95;615,95;616,95;617,95;618,95;619,95;620,95;621,95;621,94;622,94;623,94;624,94;625,94;626,94;627,94;628,94;629,94;630,94;631,94;632,94;633,93;634,93;635,93;636,93;637,93;638,93;639,93;640,93;641,93;642,93;643,93;644,93;645,93;646,93;647,93;648,93;650,93;651,93;652,93;653,93;654,94;655,94;656,94;657,94;658,95;659,95;660,95;661,95;662,95;663,95;664,95;665,95;666,95;667,95;668,95;669,95;671,95;672,96;673,96;674,96;675,96;676,96;677,96;678,96;679,96;680,96;681,96;682,96;683,96;684,96;685,96;686,96;687,96;688,96;689,97;691,97;692,97;693,97;694,97;695,97;696,97;697,97;698,97;699,97;700,97;700,98;701,98;702,98;703,99;704,99;705,99;705,100;706,100;707,100;708,100;709,101;710,101;711,101;712,101;713,101;714,101;715,101;716,101;717,101;718,101;719,101;720,101;721,101;722,101;724,101;725,101;726,101;727,101;728,101;729,101;731,101;732,101;733,101;734,101;735,101;736,101;737,101;738,101;739,101;740,101;741,101;742,101;743,101;744,100;745,100;746,100;747,100;748,100;749,100;750,100;751,100;752,100;753,100;754,100;755,100;756,100;757,100;758,100;759,100;760,100;761,101;762,101;763,101;764,101;765,101;766,101;768,101;769,101;771,102;772,102;773,102;774,102;775,102;776,103;777,103;778,103;779,104;780,104;781,105;782,105;782,106;783,106;784,107;785,107;785,108;786,108;787,108;788,108;789,108;790,108;791,108;792,108;793,108;794,108;795,108;796,108;797,108;798,108;799,108;800,108;801,108;802,108;803,108;804,109;805,109;806,109;807,109;808,109;809,109;810,109;811,109;812,109;813,109;814,109;815,109;816,109;817,109;818,109;819,109;819,110;820,110;821,110;822,110;822,111;823,111;824,111;825,111;826,111;827,111;828,111;829,111;829,110;830,109;830,108;830,107;830,106;830,105;830,104;830,103;830,102;830,101;830,100;830,99;830,98;830,97;829,97;829,96;829,95;829,94;829,93;828,91;828,90;827,89;827,88;827,87;826,87;826,86;825,85;824,84;823,83;822,82;821,81;820,81;820,80;819,80;818,80;817,80;817,79;816,79;815,79;814,79;813,79;812,79;812,80;811,80;810,80;809,80;809,79;810,79;810,78;811,77;812,77;812,76;813,75;814,74;815,74;815,73;816,73;817,72;818,71;819,70;820,70;820,69;821,69;821,68;822,68;822,67;823,67;823,66;824,66;825,65;825,64;826,64;826,63;827,63;827,62;828,62;828,61;829,60;830,59;831,58;831,57;832,56;832,55;833,55;833,54;834,53;834,52;835,52;835,51;836,51;836,50;837,50;837,49;838,48;838,47;838,46;839,46;839,45;840,45;840,44;841,44;841,43;842,43;843,42;844,41;845,40;846,39;847,38;848,37;848,36;849,35;850,35;850,34;851,33;852,32;852,31;853,31;853,30;854,30;854,29;855,29;855,28;856,27;856,26;857,26;857,25;857,24;857,23;858,23;858,22;859,22;859,21;859,20;860,20;860,19;861,19;862,18;862,17;863,17;863,16;864,16;864,15;865,14;866,14;866,13;867,13;867,12;868,12;868,11;869,11;870,10;871,10;872,10;872,9;872,8;871,8;870,8;869,8;868,8;867,8;866,8;865,8;864,8;863,8;862,8;861,7;860,7;859,7;858,7;857,7;856,7;856,6;855,6;854,6;853,6;853,5;852,5;851,5;850,5;849,5;848,5;848,6;847,6;846,6;846,7;845,7;844,7;843,8;842,8;841,9;840,10;839,10;838,11;837,11;837,12;836,12;836,13;835,13;834,14;833,14;832,15;831,16;830,16;830,17;829,17;829,18;828,18;827,19;826,20;826,21;825,21;825,22;824,22;824,23;823,23;822,24;821,24;820,25;819,25;818,26;817,26;816,26;815,26;814,26;813,26;812,26;811,26;810,26;810,27;809,27;808,27;808,28;807,28;806,28;806,29;805,29;805,30;804,30;804,31;803,32;802,33;802,34;801,36;800,37;800,38;799,38;799,39;798,40;797,41;797,42;796,43;796,44;795,44;795,45;794,46;794,47;793,48;793,49;792,49;792,50;792,51;791,52;791,53;791,54;790,55;790,56;790,57;789,57;789,58;789,59;789,60;789,61;788,62;788,63;788,64;788,65;787,65;787,66;787,67;787,68;786,69;786,70;786,71;785,71;785,72;784,72;784,73;784,74;783,74;783,75;783,76;782,76;782,77;782,78;781,78;781,79;780,79;780,80;779,81;779,82;778,82;777,83;776,83;776,84;775,84;775,85;774,85;774,86;773,86;772,86;772,87;771,87;771,88;770,88;769,88;769,89;768,89;767,89;767,90;766,90;765,90;765,91;764,91;763,91;763,92;762,92;761,93;760,93;760,94;759,94;758,94;757,95;756,95;755,95;754,95;753,95;753,94;752,94;751,94;750,94;749,93;748,93;747,93;746,93;746,92;745,92;744,92;743,92;742,91;741,91;740,91;739,91;738,91;737,91;736,91;735,91;734,91;733,91;732,91;731,91;730,92;729,92;728,92;727,92;726,92;725,92;725,91;724,91;723,91;722,90;721,89;720,89;720,88;720,87;720,86;720,85;720,84;720,83;720,82;720,81;721,81;721,80;721,79;722,79;722,78;723,77;725,76;726,74;727,73;728,72;729,71;730,70;731,70;732,69;732,68;733,67;734,66;735,66;735,65;736,65;737,65;737,64;738,64;739,64;740,63;741,62;743,61;744,60;746,59;747,58;748,57;749,56;750,55;751,55;751,54;752,54;752,53;753,53;754,52;755,52;755,51;756,51;757,50;758,50;758,49;759,49;762,48;763,47;764,47;766,46;767,45;769,43;771,42;774,40;775,38;777,37;779,36;780,34;781,32;782,32;782,31;783,31;783,30;784,29;785,28;786,27;787,26;788,26;789,25;790,25;790,24;791,24;791,23;791,22;792,22;792,21;792,20;793,20;793,19;794,18;794,17;794,16;795,16;795,15;795,14;795,13;795,12;794,11;793,11;792,11;791,10;790,10;789,10;788,10;787,10;786,9;785,9;784,9;783,8;781,8;780,7;779,7;778,7;777,7;776,7;775,7;774,7;773,7;772,6;771,6;770,6;769,6;768,6;767,6;766,6;765,6;764,6;763,6;762,6;761,6;760,6;759,6;758,6;757,6;756,6;755,6;755,5;754,5;753,5;752,5;751,5;750,5;749,5;748,5;747,5;746,5;745,5;744,5;743,5;742,5;741,5;740,5;738,5;737,5;736,5;734,5;733,5;731,5;729,5;726,5;724,5;723,5;722,5;721,5;721,4;720,4;719,4;718,4;717,4;716,4;715,4;714,4;713,4;711,4;710,4;709,5;708,5;707,5;706,6;705,6;705,7;704,7;703,8;702,8;701,9;700,10;699,10;698,11;697,12;696,12;695,14;695,15;694,16;694,17;693,17;692,18;691,19;690,20;689,21;688,21;688,22;687,22;686,23;685,23;685,24;684,24;683,25;682,27;681,27;680,29;679,30;678,30;678,31;677,31;676,32;675,32;675,33;674,33;673,34;672,35;671,35;670,36;669,37;668,38;667,38;666,39;665,40;664,41;663,42;662,42;661,43;660,44;660,45;659,45;659,46;658,46;657,47;656,48;656,49;655,49;655,50;654,50;654,51;653,51;653,52;652,53;651,53;651,54;650,54;650,55;649,56;648,56;648,57;647,57;646,58;645,58;644,58;644,59;643,59;642,59;641,59;640,60;639,60;638,60;637,61;636,61;635,61;633,62;632,63;631,63;630,64;629,64;628,64;627,65;626,65;625,65;625,66;624,66;623,66;622,66;621,66;620,66;619,66;616,67;614,67;613,67;614,67;614,68;
Stroma, ICG; POLYGON; 255, 255, 255; 788,62;788,61;787,61;787,60;787,59;786,59;786,58;785,58;785,57;784,56;783,55;782,55;782,54;781,54;780,54;780,53;779,53;778,52;777,52;776,52;775,52;774,52;773,52;772,52;771,52;770,52;769,52;768,52;767,52;766,53;765,53;764,53;763,53;762,54;761,54;760,55;759,55;758,55;758,56;757,56;756,56;755,56;754,56;754,57;753,57;752,57;751,57;750,57;749,57;748,57;747,57;746,57;745,57;745,58;744,58;743,58;742,58;742,57;741,57;740,57;740,56;739,56;739,55;739,54;739,53;739,52;740,51;740,50;741,49;743,47;744,46;745,44;748,41;749,40;751,38;752,37;754,36;756,34;757,33;758,32;760,31;761,30;762,29;765,28;766,27;767,26;768,26;769,25;771,24;772,24;773,23;774,22;775,21;776,21;777,20;778,20;779,20;780,20;781,20;782,20;783,20;784,20;785,20;786,20;787,20;788,20;788,21;789,21;790,21;790,22;791,22;792,22;793,22;793,23;794,23;795,23;795,24;796,24;797,25;798,25;798,26;799,26;800,26;801,26;802,26;803,27;804,27;805,27;806,27;807,27;808,27;809,27;810,27;812,27;814,26;815,26;816,26;817,25;819,25;820,24;821,23;822,23;824,22;826,20;829,18;829,17;830,17;830,16;831,16;832,16;832,15;833,15;833,14;834,14;835,13;836,13;837,13;837,12;838,12;840,12;841,12;842,12;842,13;842,14;842,15;842,16;841,17;841,18;840,20;840,21;839,22;838,23;838,24;837,25;837,26;836,26;836,27;835,28;835,29;834,29;834,30;834,31;833,32;832,33;832,34;831,36;830,37;830,38;829,39;829,40;828,41;827,42;827,43;826,44;824,46;824,47;823,48;822,49;822,50;822,51;821,53;821,54;821,55;822,55;822,56;823,56;823,57;824,58;825,59;825,60;826,61;826,62;826,63;827,64;828,65;828,66;828,67;828,68;828,69;828,70;828,71;828,72;828,73;828,74;828,75;827,75;827,76;827,77;826,77;826,78;826,79;825,80;825,82;824,84;823,85;823,86;823,87;821,91;820,91;820,92;819,93;818,94;817,94;816,95;815,95;814,95;813,95;812,95;811,95;810,94;809,94;807,94;804,93;802,92;800,90;799,89;797,85;796,83;795,80;795,81;
Stroma, ICG; POLYGON; 255, 255, 255; 764,95;763,95;762,95;760,95;759,95;758,95;756,95;755,95;754,95;753,94;751,94;750,94;749,94;747,94;746,94;745,94;744,94;743,94;741,94;740,94;739,95;738,95;737,95;736,96;735,96;734,96;733,97;732,97;732,98;732,99;732,100;732,101;733,101;734,102;735,102;736,103;737,104;738,104;738,105;739,105;741,106;743,106;746,106;747,106;748,107;749,107;750,107;751,107;752,108;753,108;754,108;756,108;757,108;758,108;759,108;760,108;761,108;762,108;763,108;764,108;765,109;766,109;768,109;769,109;770,109;772,109;774,109;775,109;777,109;779,109;780,109;781,109;782,109;783,109;784,109;785,109;785,108;786,108;787,108;788,108;789,107;790,107;791,106;792,106;792,105;791,104;790,104;789,103;787,102;786,102;785,101;783,100;782,99;781,98;778,97;777,97;775,96;773,96;771,95;770,95;767,95;766,95;765,95;764,96;
Stroma, ICG; POLYGON; 255, 255, 255; 928,89;927,89;927,88;926,88;925,87;924,87;923,87;923,86;922,86;921,86;920,86;919,86;919,87;918,87;917,88;917,89;916,89;915,90;914,91;914,92;913,92;913,93;912,93;912,94;911,94;911,95;910,96;909,96;909,97;909,98;909,99;909,100;909,101;909,102;910,103;910,104;911,104;911,105;911,106;912,106;912,107;913,107;913,108;913,109;914,109;914,110;914,111;915,111;915,112;916,112;916,113;917,114;918,114;918,115;919,115;920,116;921,116;921,117;922,117;922,118;923,118;924,118;924,119;925,119;926,120;927,120;928,120;929,121;930,121;930,122;931,122;932,122;932,123;933,123;933,124;934,124;935,125;935,126;936,126;936,127;937,127;937,128;937,129;938,129;938,130;939,131;939,132;940,132;941,133;942,133;942,134;942,135;943,135;944,136;944,137;945,137;945,138;945,139;945,140;945,141;945,142;945,143;945,144;945,145;945,146;945,147;945,148;945,149;945,150;945,151;945,152;945,153;945,154;945,155;945,156;945,157;945,158;945,159;945,160;946,160;946,161;946,162;946,163;947,163;947,164;947,165;948,165;948,166;948,167;949,167;949,168;950,169;950,170;950,171;951,171;951,172;951,173;952,173;952,174;952,176;952,177;952,178;952,180;952,181;951,182;951,183;950,184;950,185;948,188;948,190;947,192;946,193;946,194;946,195;945,197;945,198;944,199;944,200;944,201;944,202;943,202;943,203;943,204;943,205;943,206;943,207;942,208;942,209;942,210;942,211;942,212;942,213;942,214;941,214;941,215;941,216;941,217;941,218;940,219;940,220;940,221;939,222;939,223;939,224;939,225;939,226;939,228;938,229;938,230;938,231;938,232;938,233;937,234;937,235;937,236;937,237;937,238;936,238;936,239;937,240;937,241;938,241;938,242;939,242;939,243;940,243;940,244;941,244;942,245;943,245;944,246;945,246;946,246;947,246;948,247;949,248;950,249;951,249;951,250;952,250;953,250;953,251;954,251;955,251;956,251;957,251;958,251;959,251;960,251;961,251;962,251;963,251;964,251;965,251;966,250;967,250;968,250;969,250;971,250;972,249;973,249;974,249;975,249;977,248;978,248;979,248;980,248;981,248;982,248;983,248;984,248;985,249;986,250;987,250;988,251;988,252;989,252;989,253;989,254;989,255;990,255;990,256;991,256;991,257;992,258;992,259;992,260;992,261;993,261;993,262;993,263;993,264;993,265;993,266;993,267;992,268;992,269;992,270;992,271;991,271;991,272;991,273;991,274;990,275;990,276;990,277;990,278;989,278;989,279;989,280;989,281;989,282;989,283;989,284;989,285;989,286;989,287;989,288;989,289;989,290;989,291;990,291;990,292;991,292;992,292;993,292;993,291;995,290;996,290;997,290;998,289;1000,289;1001,289;1002,289;1002,288;1003,288;1004,288;1005,288;1006,288;1006,287;1007,287;1008,287;1009,287;1008,287;1008,286;1008,285;1009,285;1009,284;1010,284;1011,284;1011,283;1012,282;1012,281;1013,281;1013,280;1014,280;1014,279;1015,279;1015,278;1016,278;1016,277;1017,276;1017,275;1017,274;1018,274;1018,273;1018,272;1018,271;1018,270;1018,269;1018,268;1018,267;1018,266;1018,265;1018,264;1018,263;1018,262;1018,261;1018,260;1018,259;1018,258;1018,257;1018,256;1018,255;1018,254;1018,253;1018,252;1018,251;1018,250;1018,249;1018,248;1018,247;1018,246;1018,245;1018,244;1018,243;1018,242;1018,241;1018,240;1018,239;1018,238;1018,237;1018,236;1018,235;1018,234;1018,233;1018,232;1018,231;1018,230;1018,229;1018,228;1018,227;1018,226;1018,225;1017,224;1017,223;1017,222;1017,221;1017,220;1017,219;1017,218;1016,217;1016,216;1016,215;1016,214;1016,213;1016,212;1016,211;1016,210;1016,209;1016,208;1016,207;1016,206;1016,205;1016,204;1016,203;1016,202;1016,201;1016,200;1016,199;1016,198;1016,197;1016,196;1017,195;1017,194;1017,193;1017,192;1017,191;1017,190;1017,189;1017,188;1017,187;1017,186;1017,185;1017,184;1017,183;1017,182;1017,181;1017,180;1017,179;1017,178;1017,177;1018,177;1018,176;1018,175;1018,174;1018,173;1018,172;1018,171;1018,170;1018,169;1018,168;1018,167;1018,166;1018,165;1018,164;1018,163;1019,162;1019,161;1019,160;1019,159;1019,158;1019,157;1020,157;1020,156;1020,155;1020,154;1020,153;1020,152;1021,151;1021,150;1021,149;1021,148;1022,148;1022,147;1022,146;1022,145;1022,144;1022,143;1022,142;1022,141;1022,140;1022,139;1022,138;1021,138;1021,137;1021,136;1021,135;1020,135;1020,134;1020,133;1019,133;1019,132;1018,132;1017,132;1016,132;1015,132;1014,132;1013,133;1012,133;1011,134;1010,134;1009,134;1008,135;1007,135;1006,136;1005,136;1004,136;1003,136;1002,137;1001,137;1000,137;999,137;998,137;997,137;996,137;995,137;995,136;994,136;993,135;992,135;992,134;991,134;991,133;990,132;990,131;990,130;990,129;990,128;991,127;992,127;992,126;993,126;993,125;994,125;995,124;996,123;997,122;998,121;998,120;999,120;999,119;1000,119;1000,118;1000,117;1001,117;1001,116;1002,116;1002,115;1002,114;1003,114;1003,113;1004,113;1004,112;1004,111;1005,111;1005,110;1005,109;1006,109;1006,108;1007,108;1007,107;1008,106;1008,105;1009,105;1009,104;1010,104;1011,103;1012,102;1012,101;1013,101;1013,100;1013,99;1013,98;1012,98;1012,97;1012,96;1011,96;1011,95;1010,95;1010,94;1009,93;1009,92;1008,92;1008,91;1007,91;1007,90;1006,90;1006,89;1005,89;1005,88;1004,88;1003,88;1002,88;1001,89;1000,89;999,91;998,91;998,92;997,92;997,93;995,93;995,94;994,94;993,94;993,95;992,95;991,95;991,96;990,96;989,97;988,97;987,97;986,98;984,98;983,98;981,98;980,98;978,98;977,98;976,98;975,98;974,98;973,98;972,98;971,98;970,98;969,98;968,98;967,98;966,98;965,98;964,98;963,98;962,98;961,98;960,98;959,97;958,97;957,97;957,96;956,96;955,96;955,95;954,95;953,94;952,94;951,94;950,94;949,94;948,94;947,94;946,94;945,94;944,93;943,93;942,93;941,93;940,93;939,93;937,93;936,93;935,93;934,93;934,92;933,92;931,92;931,91;930,91;928,90;927,90;926,89;924,88;923,88;921,86;920,85;
Stroma, ICG; POLYGON; 255, 255, 255; 946,213;946,212;945,211;945,210;945,209;944,209;944,208;944,207;943,206;943,205;943,204;942,203;942,202;942,201;942,200;943,200;943,199;944,198;944,197;945,197;945,196;946,195;946,194;947,193;948,192;948,191;949,191;949,190;950,190;950,189;950,188;950,187;950,186;950,185;950,184;950,183;950,182;950,181;950,180;950,179;949,179;949,178;949,177;948,176;948,175;948,174;947,173;947,172;946,172;946,171;946,170;945,169;944,168;944,167;943,167;943,166;942,166;942,165;942,164;941,163;941,162;941,161;940,161;940,160;940,159;940,158;940,157;939,156;939,155;939,154;939,153;939,152;938,152;938,151;938,150;937,150;937,149;937,148;936,148;936,147;935,147;935,146;934,146;934,145;933,145;933,144;932,144;932,143;931,143;931,142;930,142;930,141;929,140;929,139;928,139;927,138;926,137;926,136;925,135;925,134;924,133;924,132;924,131;923,131;923,130;923,129;923,128;923,127;923,126;923,125;923,124;923,123;923,122;923,121;923,120;923,119;923,118;924,118;924,117;924,116;925,116;926,116;927,115;928,115;929,115;930,115;931,115;932,115;933,115;934,116;935,116;936,116;936,117;937,117;938,118;939,118;940,119;941,119;942,119;942,120;943,120;944,121;945,121;945,122;946,122;947,122;947,123;948,123;948,124;949,124;949,125;950,125;951,126;952,127;952,128;953,128;953,129;954,130;955,131;955,132;955,133;955,134;956,137;956,139;956,140;956,142;956,144;956,146;956,147;956,149;956,151;956,152;956,154;956,156;956,157;956,159;956,161;955,162;955,164;954,166;954,167;954,170;954,172;954,173;954,174;954,175;954,176;954,177;954,178;955,178;
Stroma, ICG; POLYGON; 255, 255, 255; 1005,155;1005,154;1006,154;1006,153;1006,152;1007,152;1007,151;1007,150;1007,149;1007,148;1007,147;1007,146;1007,145;1007,144;1007,143;1007,142;1007,141;1007,140;1006,140;1006,139;1006,138;1005,138;1005,137;1005,136;1004,136;1004,135;1003,134;1003,133;1002,132;1001,131;1000,131;1000,130;999,130;998,130;997,130;996,130;995,130;994,130;993,130;992,130;991,130;990,130;989,130;989,131;988,131;987,132;986,132;986,133;985,133;984,134;983,134;982,135;982,136;981,137;980,138;979,139;979,140;979,141;978,142;978,143;978,144;978,145;977,146;977,147;977,149;977,151;977,153;977,155;977,157;977,159;978,161;978,163;978,166;979,168;979,171;980,174;
Stroma, ICG; POLYGON; 255, 255, 255; 946,199;945,200;945,201;944,201;944,202;943,202;943,203;942,204;942,205;941,205;941,206;941,207;941,208;941,209;941,210;941,211;941,212;941,213;941,214;941,215;940,216;940,217;940,218;940,219;940,220;940,221;939,222;939,224;939,225;939,226;939,227;939,228;938,229;938,230;938,231;937,231;937,232;936,232;936,233;935,233;935,234;934,234;934,235;933,236;933,237;932,238;931,239;931,240;930,240;930,241;929,241;928,242;927,242;926,242;925,242;924,242;923,242;922,242;921,242;920,242;919,243;918,243;917,243;915,243;914,243;913,243;912,244;911,244;910,244;909,244;908,244;907,244;906,244;905,244;904,244;903,244;902,244;901,244;900,244;899,244;898,244;897,244;896,244;895,245;893,245;892,245;891,245;890,245;889,245;888,245;887,245;886,245;885,245;884,245;883,245;882,245;881,245;880,245;879,245;878,245;878,246;877,246;876,247;875,247;874,248;873,248;873,249;872,249;872,250;871,250;871,251;870,251;869,251;869,252;868,252;867,253;866,254;865,254;865,255;864,256;863,256;863,257;862,257;861,258;860,258;860,259;859,259;859,260;858,260;857,260;856,261;855,261;854,262;853,263;852,263;851,264;850,264;849,265;848,265;847,266;846,266;845,266;844,267;843,267;842,268;841,268;840,269;839,269;838,270;836,271;835,271;834,272;833,273;832,274;831,274;830,275;829,276;828,277;827,278;826,279;826,280;825,280;824,281;823,281;822,281;822,282;821,282;820,283;819,284;818,284;817,285;815,286;814,287;813,288;812,288;811,289;810,290;810,291;809,292;808,292;807,293;806,294;805,294;804,295;804,296;803,296;802,297;801,298;800,299;799,299;799,300;798,301;798,302;797,303;797,304;796,305;796,306;796,307;797,307;797,308;798,308;799,308;800,309;801,309;802,309;803,310;804,310;806,310;807,310;809,310;811,310;813,310;815,310;818,310;820,310;823,310;826,309;829,308;832,308;835,307;839,306;842,305;845,304;848,303;851,303;854,302;857,301;860,301;862,300;867,298;871,296;873,295;876,293;879,291;882,290;885,288;888,286;893,283;895,282;897,281;899,280;901,279;902,279;903,278;904,277;906,277;907,276;908,275;911,272;913,271;915,269;917,266;920,264;922,262;924,260;926,258;927,257;929,256;930,255;931,254;932,254;933,254;934,254;935,254;937,253;938,253;941,251;943,249;947,246;949,245;950,245;951,244;952,243;953,242;954,241;955,239;956,238;957,237;958,236;958,235;959,234;959,233;959,232;959,231;959,230;958,230;958,229;957,229;956,229;955,229;955,228;954,228;953,228;952,228;951,228;950,228;949,228;948,227;947,227;946,227;945,227;944,227;943,228;942,228;940,229;939,229;938,230;936,231;935,232;934,232;933,233;932,233;931,233;930,233;929,233;
Stroma, ICG; POLYGON; 255, 255, 255; 931,240;930,240;929,240;928,240;927,240;926,240;925,240;924,240;923,240;922,240;921,240;919,240;918,240;917,241;916,241;915,241;914,241;913,241;912,242;911,242;910,242;909,242;908,242;907,242;906,243;905,243;904,244;903,244;902,245;901,245;900,246;899,246;899,247;898,247;897,248;896,248;895,249;894,250;893,250;892,251;892,252;891,252;891,253;890,254;889,255;889,256;889,257;889,258;889,259;889,260;889,261;890,261;890,262;891,263;892,264;893,264;894,265;895,266;897,267;898,267;899,267;901,268;903,268;904,268;907,268;909,268;911,268;914,267;917,266;920,265;927,262;930,260;933,258;936,256;938,254;941,252;942,251;943,249;943,248;943,247;943,246;
Stroma, ICG; POLYGON; 255, 255, 255; 942,215;941,216;940,217;937,219;935,220;934,221;932,224;929,226;928,228;928,230;927,230;927,231;927,232;926,232;926,233;925,233;924,234;923,234;922,235;921,236;920,236;919,237;918,237;917,238;916,238;915,239;914,239;914,240;913,240;912,241;911,241;910,242;909,243;908,244;907,245;906,245;905,246;904,247;903,247;902,247;902,248;901,248;900,249;899,249;898,250;897,250;897,251;896,251;895,251;894,252;893,252;892,253;891,253;890,253;889,254;888,254;887,254;886,254;885,254;884,254;883,254;883,255;883,256;883,257;884,258;885,259;886,259;887,260;888,260;889,261;890,261;891,262;892,262;894,263;895,263;897,264;898,264;899,264;901,265;902,265;904,265;906,265;908,265;910,265;912,264;914,264;917,263;919,262;922,261;924,259;927,258;929,257;931,255;934,253;936,252;937,251;939,249;940,248;941,247;942,245;942,244;943,244;943,243;943,242;943,241;943,240;943,239;944,238;944,237;944,236;944,235;944,234;944,233;
Stroma, ICG; POLYGON; 255, 255, 255; 876,378;876,379;875,379;875,380;874,381;873,382;873,383;873,384;873,385;872,386;872,387;872,388;872,389;872,390;871,390;871,391;870,391;870,392;869,393;868,393;868,394;867,394;867,395;866,395;865,396;864,396;864,397;863,397;863,398;862,398;861,398;861,399;860,399;859,399;858,399;857,399;856,399;855,399;854,399;853,399;852,398;851,398;850,398;849,398;849,397;848,397;848,396;847,396;846,395;845,395;845,394;844,394;844,393;843,393;842,392;841,392;841,391;840,391;840,390;839,390;839,389;838,389;837,389;836,389;835,389;834,389;833,389;833,390;832,391;832,392;831,392;831,393;830,393;830,394;830,395;829,395;829,396;828,397;828,398;828,399;828,400;827,400;827,401;827,402;827,403;827,404;828,404;828,405;829,406;829,407;829,408;830,408;830,409;831,409;832,410;833,410;833,411;834,411;834,412;835,412;836,412;836,413;837,413;838,413;838,414;839,414;840,414;840,415;841,415;842,415;843,415;843,416;844,416;845,416;846,416;847,416;848,416;849,416;850,416;851,416;852,416;852,415;853,415;854,415;855,414;856,414;857,414;858,414;859,414;860,414;861,414;861,413;862,413;863,413;864,412;865,411;866,411;866,410;867,410;868,410;868,409;869,409;870,409;870,408;871,408;872,407;873,407;874,407;875,407;876,407;877,406;878,406;879,406;880,406;881,406;882,406;883,406;884,406;885,406;886,406;887,406;889,406;890,406;891,406;892,406;892,407;893,407;893,408;
Stroma, ICG; POLYGON; 255, 255, 255; 687,485;686,485;685,485;684,485;683,485;683,484;682,484;681,483;680,482;680,481;679,481;679,480;678,480;678,479;677,479;677,478;676,478;675,477;674,477;673,476;672,476;672,475;671,475;670,474;669,474;668,473;667,473;666,472;665,471;664,471;664,470;663,470;663,469;662,469;662,468;661,468;661,467;660,466;660,465;659,465;659,464;658,463;658,462;657,462;657,461;656,461;656,460;655,460;655,459;654,459;654,458;653,458;653,457;652,457;652,456;651,456;651,455;650,454;649,454;649,453;648,452;647,452;647,451;646,451;646,450;645,450;645,449;644,449;644,448;643,447;642,447;642,446;641,446;641,445;640,445;640,444;639,444;638,443;637,443;637,442;636,442;635,441;634,441;633,440;632,440;632,439;631,439;631,438;630,438;629,438;628,437;627,437;626,436;625,436;624,436;624,435;623,435;622,435;621,435;620,434;619,434;619,433;618,433;617,433;617,432;617,431;617,430;616,430;616,429;615,428;615,427;614,427;614,426;613,425;613,424;612,424;612,423;611,423;611,422;610,422;610,421;609,421;609,420;608,420;607,420;606,420;605,420;605,419;604,419;603,419;602,419;601,419;601,418;600,418;599,418;598,418;597,418;596,417;595,417;594,417;593,417;592,417;592,416;591,416;590,416;590,415;589,415;589,414;589,413;588,413;588,412;587,412;587,411;586,411;586,410;585,409;585,408;584,408;584,407;583,407;583,406;582,406;581,405;580,404;579,404;579,403;578,403;578,402;577,402;577,401;576,401;576,400;575,400;574,400;573,400;573,399;572,399;571,399;570,399;569,399;568,399;568,398;567,398;566,398;565,398;564,398;563,398;563,397;562,397;561,397;561,396;560,396;559,396;558,395;557,394;556,394;555,393;555,392;554,392;553,391;552,391;552,390;551,389;550,388;549,388;548,388;548,387;547,387;546,387;546,386;545,386;544,386;543,386;542,386;541,386;540,386;539,386;539,385;538,385;537,385;536,385;535,385;534,385;533,385;532,385;532,384;531,384;530,384;529,384;527,384;526,384;525,383;524,383;523,383;522,383;521,383;520,383;519,384;518,384;517,384;516,384;515,384;515,383;514,383;513,383;513,382;513,381;514,381;515,381;515,380;516,380;517,380;519,380;522,379;524,378;528,377;529,377;531,376;532,376;534,376;535,376;535,375;536,375;538,375;539,375;540,375;541,375;541,374;542,374;543,374;544,374;545,374;546,373;547,373;548,373;549,373;550,373;551,373;552,372;553,372;554,372;555,372;556,372;557,371;558,371;559,371;560,371;561,371;562,371;563,371;563,370;564,370;565,370;566,370;567,369;568,369;569,369;570,369;571,369;571,368;572,368;573,368;574,368;575,368;576,368;577,368;578,368;579,368;580,368;581,368;582,368;583,368;584,368;585,367;586,367;587,367;588,367;589,367;590,367;591,366;592,366;593,366;595,366;597,365;598,365;599,365;600,365;601,365;602,365;603,365;604,365;605,365;606,365;607,365;608,364;609,364;610,364;611,364;612,364;613,363;614,363;615,363;616,363;617,363;618,363;619,363;620,363;621,363;622,363;623,363;624,363;625,363;626,363;627,363;628,362;629,362;630,362;631,362;632,362;633,362;634,362;635,361;636,361;637,361;638,360;639,360;640,360;641,359;642,359;643,359;643,358;644,358;645,358;646,357;647,357;648,357;649,356;650,356;651,356;652,356;652,355;653,355;654,355;655,355;656,355;657,355;658,355;659,355;660,355;661,355;662,355;663,355;664,355;665,355;666,354;667,354;668,354;669,354;669,353;670,353;671,353;672,352;673,352;674,352;675,352;675,351;676,351;678,351;679,350;680,350;681,350;682,349;683,349;684,349;685,348;686,348;687,348;688,348;689,348;690,348;691,348;691,349;692,349;692,350;693,350;693,351;693,352;694,352;694,353;694,354;694,355;694,356;693,356;693,357;692,357;692,358;691,358;691,359;690,359;690,360;689,360;688,361;687,361;687,362;686,362;686,363;685,363;684,363;684,364;683,364;683,365;682,365;681,366;680,366;680,367;679,367;679,368;678,368;677,369;676,369;676,370;675,370;674,371;673,371;672,372;672,373;671,373;671,374;671,375;671,376;671,377;671,378;671,379;671,380;671,381;672,382;672,383;672,384;673,384;673,385;674,385;675,385;676,385;677,385;678,385;679,385;680,385;681,385;682,385;683,385;684,386;685,386;686,386;687,386;688,387;688,388;688,389;688,390;688,391;688,392;687,393;687,394;687,395;687,396;687,397;687,398;687,399;687,400;687,401;687,402;687,403;687,404;687,405;687,406;687,407;687,408;686,408;686,409;686,410;685,410;685,411;684,411;683,411;682,411;681,411;680,412;679,412;678,412;677,412;677,413;676,413;675,413;675,414;674,414;673,415;672,416;671,416;671,417;670,417;670,418;669,418;669,419;669,420;668,420;668,421;668,422;668,423;668,424;668,425;668,426;668,427;668,428;668,429;668,430;668,431;668,432;668,433;668,434;669,434;669,435;669,436;670,437;670,438;671,438;671,439;672,440;672,441;673,441;674,442;674,443;675,443;675,444;676,444;677,444;678,444;679,445;680,445;681,446;682,446;683,447;684,447;684,448;685,448;686,448;686,449;687,449;687,450;688,450;688,451;689,451;689,452;690,452;690,453;691,453;691,454;691,455;692,455;692,456;693,456;694,457;694,458;695,459;696,459;696,460;697,460;697,461;698,461;698,462;699,463;699,464;700,464;700,465;701,465;701,466;701,467;701,468;701,469;701,470;701,471;701,472;701,473;701,474;700,474;700,475;700,476;700,477;699,477;699,478;699,479;698,479;698,480;698,481;697,481;697,482;696,482;696,483;695,483;694,483;694,484;693,484;693,485;692,485;691,485;690,485;
Stroma, ICG; POLYGON; 255, 255, 255; 697,482;698,482;699,482;700,481;701,481;702,481;703,481;703,480;704,480;705,480;706,480;707,480;707,479;708,479;708,478;709,478;709,477;710,477;710,476;711,476;712,476;713,476;713,475;714,475;715,474;715,473;716,472;716,471;717,470;717,469;718,468;719,467;719,466;720,466;721,466;722,466;723,466;724,466;725,466;726,466;727,466;728,466;729,466;730,466;730,467;731,467;732,467;733,467;734,467;735,467;736,467;737,467;738,467;739,467;740,467;741,467;742,467;743,467;744,467;745,467;746,467;747,467;748,467;749,467;750,466;751,466;752,466;752,465;753,465;753,464;754,464;754,463;754,462;754,461;754,460;754,459;754,458;753,457;753,456;752,456;752,455;751,454;750,453;749,453;749,452;748,452;747,451;746,451;745,451;744,451;743,451;743,450;742,450;741,450;740,450;739,450;738,450;737,451;736,451;735,452;734,452;734,453;733,453;732,453;731,453;730,453;729,454;728,454;727,454;726,454;725,455;724,455;723,455;722,455;721,455;720,454;719,454;718,454;717,454;716,453;715,453;714,453;713,452;712,451;711,451;710,449;709,449;709,448;708,448;708,447;707,447;707,446;706,446;706,445;706,444;706,443;706,442;705,442;704,442;703,442;702,442;701,442;700,442;699,442;698,442;697,442;696,442;696,443;695,443;694,443;693,443;692,443;692,444;691,444;690,444;689,444;688,444;687,444;686,444;685,444;684,444;683,444;682,443;681,443;680,442;679,442;679,441;678,441;677,441;677,440;676,440;675,440;674,439;673,439;672,439;672,438;671,438;671,437;670,437;670,436;670,435;670,434;670,433;670,432;671,431;671,430;672,428;672,427;673,427;673,426;674,424;674,423;675,422;675,420;676,419;676,418;676,417;677,416;677,415;677,414;678,414;678,413;678,412;678,411;679,411;679,410;680,410;680,409;682,409;682,408;683,408;684,408;685,407;686,407;687,406;688,406;689,406;689,405;690,405;690,404;691,404;691,403;692,403;692,402;693,402;694,401;695,401;695,400;696,400;696,399;697,399;698,398;699,398;699,397;699,396;700,396;701,395;701,394;701,393;701,392;701,391;701,390;701,389;701,388;700,387;699,387;698,387;697,387;696,387;695,387;694,387;693,387;692,387;691,387;690,387;689,387;688,387;687,387;686,387;685,387;685,386;685,385;684,385;684,383;683,382;683,380;682,379;682,377;681,376;681,375;680,374;680,373;679,373;678,372;677,371;676,370;675,370;674,370;673,370;671,370;670,370;668,371;665,372;664,373;663,373;661,374;659,375;658,376;657,376;656,377;655,378;654,379;653,380;652,381;652,382;651,383;651,384;650,385;650,386;650,387;650,388;649,389;649,390;649,391;649,392;649,393;648,394;648,396;648,397;648,398;648,400;648,401;648,403;648,404;648,405;648,406;648,407;648,409;649,410;649,411;649,412;649,413;649,414;649,415;650,416;650,417;650,418;650,419;651,420;651,421;651,422;651,423;651,424;651,425;651,426;651,427;651,428;652,428;652,429;652,430;652,431;653,432;653,433;654,435;655,439;656,441;657,443;657,445;658,447;658,449;658,454;659,455;659,457;660,459;660,460;661,460;661,461;662,461;662,462;663,462;663,463;664,463;664,464;665,464;666,465;667,465;668,466;669,466;670,467;671,467;672,467;673,468;674,468;675,469;676,469;677,470;678,471;678,472;679,473;680,473;680,474;681,474;683,475;684,476;685,476;686,477;
Stroma, ICG; POLYGON; 255, 255, 255; 696,401;697,401;698,401;699,400;700,400;701,400;701,399;702,399;703,399;704,399;704,398;705,398;706,398;706,397;707,397;708,397;709,397;710,397;711,397;712,397;713,397;714,397;715,397;716,397;717,396;718,396;719,396;719,395;720,395;721,395;721,394;722,394;722,393;723,393;724,393;724,392;724,391;724,390;724,389;724,388;724,387;723,387;722,386;721,386;721,385;720,385;719,385;719,384;718,384;717,384;717,383;716,383;715,383;714,383;713,383;712,383;711,384;710,384;709,384;708,384;707,384;706,384;705,384;704,384;703,384;702,384;701,384;700,384;699,384;698,384;697,384;696,384;695,385;694,385;693,385;693,386;692,386;692,387;691,387;691,388;
Stroma, ICG; POLYGON; 255, 255, 255; 785,345;784,345;784,346;783,346;782,346;782,347;781,347;780,347;780,348;779,348;778,348;777,348;776,348;775,348;774,348;773,348;772,348;771,348;771,349;770,349;769,349;768,349;767,349;766,350;765,350;764,350;763,351;762,351;761,351;761,352;760,352;760,353;760,354;760,355;760,356;760,357;760,358;760,359;761,360;761,361;761,362;762,362;762,363;762,364;762,365;763,365;763,366;764,367;764,368;765,368;765,369;766,369;766,370;767,370;767,371;768,371;769,371;769,372;770,372;771,373;772,373;772,374;773,374;773,375;774,375;774,376;775,376;775,377;776,378;776,379;776,380;776,381;776,382;775,383;774,383;773,383;772,383;771,383;770,383;769,383;768,383;767,383;766,383;765,383;764,383;763,382;762,382;762,381;761,381;761,380;760,380;759,379;758,379;758,378;757,378;757,377;756,377;756,376;755,376;755,375;754,375;754,374;753,373;753,372;752,372;752,371;751,371;751,370;750,370;750,369;749,369;749,368;748,367;748,366;747,366;747,365;747,364;746,364;746,363;745,363;745,362;744,362;743,362;742,362;741,362;740,362;739,362;738,362;738,361;737,361;736,361;735,360;734,360;733,359;732,359;731,359;730,358;729,358;728,358;727,358;726,358;725,357;724,357;723,357;722,356;721,356;721,355;720,355;720,354;719,353;718,352;717,352;717,351;716,351;715,351;715,350;714,350;713,350;712,350;711,350;710,350;709,350;708,350;707,350;706,350;705,350;704,350;704,351;703,351;702,351;701,352;700,352;699,352;699,353;698,353;697,353;696,354;695,354;694,354;693,354;692,354;691,354;690,354;689,354;688,354;687,354;686,353;685,353;685,352;685,351;685,350;686,350;686,349;687,349;688,349;689,348;690,348;691,348;692,347;693,347;694,347;695,347;696,346;697,346;698,346;699,346;701,345;702,345;703,344;704,344;705,344;706,343;707,343;708,343;709,342;710,342;711,342;712,342;713,342;714,342;715,341;716,341;717,341;718,341;718,340;719,340;721,340;722,340;723,340;724,340;725,340;725,339;726,339;727,339;728,339;729,338;730,338;731,337;732,337;733,336;734,336;734,335;735,335;736,335;737,335;738,335;739,335;740,335;741,335;741,334;742,334;742,333;742,332;742,331;743,331;743,330;744,330;744,329;745,329;745,328;746,328;746,327;747,327;747,326;748,326;749,326;749,325;750,325;751,325;752,325;752,324;753,324;754,324;755,324;756,324;756,323;757,323;758,323;759,323;760,322;761,322;762,322;763,321;764,321;765,320;766,320;767,319;768,319;768,318;769,318;770,317;771,317;772,316;773,316;774,316;775,316;775,315;776,315;777,314;778,314;778,313;779,313;779,312;780,311;781,310;782,309;783,308;784,307;785,306;786,305;787,304;787,303;789,303;790,302;791,301;792,301;793,300;794,299;795,299;796,298;797,298;798,298;799,298;800,298;801,298;802,298;803,298;804,298;805,299;805,300;806,300;806,301;807,302;807,303;807,304;807,305;808,305;808,306;808,307;808,308;808,309;808,310;808,311;807,312;807,313;807,314;807,315;807,316;807,317;807,318;807,319;807,320;807,321;807,322;807,323;806,323;806,324;806,325;806,326;806,327;805,328;805,329;805,330;805,331;804,331;804,332;804,333;803,333;803,334;802,334;802,335;801,336;800,336;800,337;799,337;799,338;798,338;797,339;796,340;795,340;794,341;793,341;793,342;792,342;793,342;794,341;
Stroma, ICG; POLYGON; 255, 255, 255; 741,404;741,405;740,406;740,407;739,407;739,408;739,409;739,410;739,411;739,412;739,413;739,414;739,415;739,416;739,417;740,417;740,418;741,418;741,419;742,419;742,420;743,420;743,421;744,421;745,421;745,422;746,422;747,422;748,422;748,423;749,423;750,423;751,423;752,423;753,422;754,421;755,421;755,420;756,420;757,419;758,419;758,418;759,418;760,418;760,417;761,416;761,415;761,414;761,413;761,412;761,411;761,410;761,409;761,408;761,407;760,407;760,406;759,406;759,405;758,405;757,404;756,404;755,403;754,403;753,403;753,402;752,402;751,402;750,402;750,401;749,401;748,400;747,399;746,399;
Stroma, ICG; POLYGON; 255, 255, 255; 756,447;757,447;758,447;759,447;760,447;761,447;762,447;763,447;763,448;764,448;764,449;765,449;765,450;765,451;766,451;766,452;766,453;766,454;766,455;766,456;766,457;766,458;766,459;766,460;766,461;766,462;766,463;765,463;765,464;765,465;764,466;763,466;763,467;762,467;761,467;760,467;759,467;758,467;757,467;756,467;755,467;754,467;754,466;753,466;752,466;751,466;751,465;750,465;749,465;748,465;748,464;747,464;746,464;746,463;745,463;745,462;744,462;744,461;743,461;742,461;742,460;741,460;741,459;741,458;741,457;741,456;741,455;741,454;742,454;742,453;742,452;743,452;743,451;744,451;744,450;745,450;745,449;746,449;747,449;748,449;749,449;750,449;751,449;752,450;753,450;754,450;
Stroma, ICG; POLYGON; 255, 255, 255; 479,42;478,43;477,44;476,44;476,45;475,45;475,46;474,46;473,47;473,48;472,48;471,49;470,50;469,51;468,52;468,53;467,53;466,53;466,54;465,54;465,55;464,55;464,56;463,56;463,57;462,58;461,58;461,59;460,59;460,60;459,60;459,61;458,61;457,61;457,62;456,62;456,63;455,63;454,63;454,64;453,64;452,64;451,65;450,65;449,65;448,66;447,66;446,66;445,66;444,67;443,67;442,67;441,67;440,68;439,68;438,68;437,68;436,68;435,68;434,68;433,68;432,68;431,68;430,68;429,68;428,68;427,68;426,68;425,68;424,68;423,68;422,68;421,68;420,68;419,68;418,68;417,68;417,67;416,67;415,67;414,66;413,66;413,65;412,65;412,64;411,64;411,63;410,63;410,62;409,62;409,61;408,61;407,61;406,60;404,60;403,60;402,60;401,60;400,60;399,60;398,60;397,60;396,60;396,59;395,59;394,59;393,58;392,58;391,58;391,57;390,57;389,57;389,56;388,56;388,55;388,54;388,53;389,53;389,51;390,51;390,50;390,49;391,49;391,48;392,48;392,47;393,46;393,45;394,45;394,44;395,44;395,43;396,42;397,41;397,40;398,40;399,40;399,39;401,39;402,39;402,38;404,38;405,37;406,37;407,37;408,36;409,36;410,36;410,35;411,35;412,35;412,34;413,34;413,33;414,33;415,33;416,33;416,32;417,32;418,32;419,31;420,31;421,30;422,30;422,29;423,29;424,28;425,28;426,27;427,27;427,26;428,26;429,25;430,25;431,25;435,23;436,23;437,23;438,22;441,22;442,21;443,21;445,20;446,20;447,19;448,19;449,19;450,19;451,18;452,18;453,18;454,18;455,18;456,18;457,18;458,18;459,19;459,20;460,21;460,22;461,22;461,23;462,23;462,24;463,25;463,26;463,27;464,27;464,28;464,29;465,29;465,30;465,31;466,31;466,32;467,32;468,32;468,33;469,33;470,33;470,34;471,34;472,34;473,34;474,34;475,34;476,34;476,33;477,33;478,33;479,33;479,32;480,32;481,32;482,32;482,31;483,31;484,31;484,30;485,30;486,30;486,29;487,29;488,29;489,28;490,28;491,27;492,27;493,26;494,25;495,25;495,24;496,24;497,23;498,22;499,22;499,21;501,20;502,19;503,19;503,18;504,18;505,17;506,17;507,16;508,16;509,15;510,15;511,15;512,14;513,14;514,14;515,13;516,13;517,13;517,12;519,12;520,12;521,11;522,11;523,10;524,10;525,10;526,9;527,9;527,8;528,8;529,8;529,7;530,7;531,6;532,6;532,5;533,5;533,4;534,4;535,4;536,4;536,3;537,3;538,3;539,3;540,3;541,3;542,3;542,4;543,4;543,5;543,6;542,6;542,7;541,7;540,8;539,9;536,11;534,12;533,13;532,14;530,15;529,15;528,16;527,17;526,17;525,18;524,18;523,19;522,19;521,19;520,20;519,20;518,20;517,21;516,22;515,22;513,23;512,24;511,24;511,25;510,25;509,26;508,26;507,26;507,27;506,27;505,27;505,28;504,28;503,28;503,29;502,29;501,29;501,30;500,30;500,31;498,31;497,32;496,32;494,33;492,34;491,34;489,35;488,35;486,36;485,37;484,37;484,38;483,38;482,39;481,40;480,40;480,41;479,41;478,42;477,43;476,43;474,45;473,46;472,47;470,48;470,49;
Stroma, ICG; POLYGON; 255, 255, 255; 302,156;302,157;302,158;302,159;302,160;302,161;302,162;302,163;303,164;303,165;303,166;303,167;304,167;304,168;304,169;304,170;304,171;303,172;303,173;302,174;302,175;301,176;301,177;300,177;300,178;300,179;299,179;299,180;298,180;297,180;296,180;295,179;294,179;293,179;292,178;291,178;290,177;289,177;288,176;287,176;286,175;285,175;284,175;282,173;281,173;280,172;279,171;278,170;277,170;276,169;276,168;276,167;276,166;276,165;276,164;276,163;276,162;276,161;277,160;277,159;277,158;277,157;277,156;277,155;277,154;277,153;277,152;277,151;277,150;276,150;276,149;275,148;274,148;273,148;273,147;272,147;271,147;270,147;269,147;268,147;267,147;266,147;265,147;264,147;263,147;262,147;262,146;261,146;261,145;259,144;259,143;259,142;259,141;259,140;259,139;259,138;259,137;260,136;260,135;261,134;261,133;261,132;262,132;262,131;262,130;263,130;263,129;263,128;264,128;264,127;264,126;265,126;265,125;265,124;266,123;266,122;266,121;267,120;267,119;267,118;268,118;268,117;268,116;268,115;269,115;269,114;270,114;270,113;271,112;271,111;272,111;272,110;273,110;273,109;273,108;274,108;274,107;275,107;275,106;276,105;276,104;277,104;277,103;277,102;278,101;278,100;278,99;278,98;279,98;279,97;279,96;280,95;280,94;280,93;281,93;281,92;281,91;282,90;282,89;282,88;283,88;283,87;284,87;285,85;286,83;287,82;287,81;288,81;288,80;289,79;290,78;291,77;291,76;292,76;292,75;293,74;294,73;295,72;296,71;296,70;297,70;297,69;298,69;298,68;299,67;300,66;301,66;302,65;303,64;305,62;306,61;307,60;308,60;308,59;309,58;310,58;311,57;312,56;312,55;313,55;314,54;315,54;315,53;316,53;316,52;317,52;318,52;318,51;319,51;320,51;320,50;321,50;322,49;323,49;323,48;324,48;325,47;326,47;326,46;327,46;328,46;329,46;330,46;331,46;332,46;333,46;334,46;335,46;337,46;338,46;339,46;340,46;341,46;342,46;343,46;344,46;345,46;345,47;345,48;345,49;345,50;344,51;344,52;344,53;343,53;343,54;343,56;342,56;342,57;342,58;341,59;341,60;341,61;340,61;340,62;340,63;339,63;339,64;339,65;338,65;338,66;338,67;338,68;338,69;339,69;339,70;340,70;341,71;342,72;343,73;344,74;345,75;345,76;346,76;346,77;347,77;347,78;348,78;349,79;350,79;350,80;351,80;351,81;352,81;352,82;353,82;354,83;355,83;356,84;357,84;358,84;358,85;359,85;360,85;361,85;361,86;362,86;363,86;364,87;365,87;366,87;366,88;367,88;368,88;368,89;368,90;369,90;369,91;369,92;369,93;369,94;369,95;369,96;369,97;369,98;368,98;367,98;366,98;366,99;364,99;362,99;360,99;356,98;353,97;351,96;347,95;346,95;344,94;342,94;340,93;338,93;336,93;334,93;333,93;332,93;331,93;330,93;329,93;327,93;326,93;325,93;324,93;323,93;322,93;322,94;321,94;320,94;318,95;317,96;316,96;315,97;314,98;313,98;312,98;311,99;310,99;309,99;308,99;307,99;306,99;305,99;304,99;303,99;302,99;301,99;299,99;298,99;295,100;294,101;292,101;291,102;290,103;289,103;288,104;287,104;287,105;286,106;285,107;284,107;284,108;283,109;282,109;281,110;280,110;279,111;278,112;277,112;277,113;277,114;276,115;276,116;275,116;275,117;275,118;275,119;274,120;274,121;274,122;274,123;274,124;274,125;274,126;275,127;275,128;276,128;276,129;277,130;277,131;278,132;279,133;279,134;280,134;280,135;281,136;283,137;283,138;284,138;284,139;285,139;285,140;286,141;287,142;288,143;289,143;289,144;290,144;291,144;291,145;292,145;292,146;293,146;294,146;295,146;296,146;297,146;298,146;299,146;300,146;301,146;302,146;303,146;304,146;305,146;306,146;307,145;308,145;309,145;310,144;311,144;312,144;313,144;313,145;313,146;313,147;313,148;313,149;313,150;313,151;313,152;312,152;
Stroma, ICG; POLYGON; 255, 255, 255; 360,105;361,106;361,107;361,108;362,108;362,109;362,110;363,111;363,112;364,112;365,112;366,112;367,112;368,112;368,111;369,111;369,110;370,110;370,109;371,109;371,108;372,107;372,106;373,106;373,105;373,104;373,103;374,102;374,101;374,100;374,99;374,98;374,97;374,96;374,95;374,94;374,93;374,92;374,91;374,90;374,89;374,88;374,87;374,86;373,86;372,85;371,84;370,84;370,83;369,83;368,82;367,82;366,82;365,82;364,82;363,82;363,83;362,83;361,83;360,83;359,83;358,83;357,83;356,83;355,83;354,83;353,83;353,82;352,82;351,82;350,82;349,81;348,81;347,81;346,81;345,80;344,80;343,80;342,79;341,79;340,79;339,79;338,79;337,79;336,79;335,79;334,79;333,79;331,79;330,79;329,79;328,79;327,79;326,79;325,79;324,80;323,80;322,80;321,80;320,80;319,81;318,81;317,81;316,81;315,81;315,82;314,82;313,82;312,82;312,83;311,83;310,83;310,84;309,84;308,85;308,86;307,86;307,87;306,87;306,88;306,89;305,89;305,90;305,91;304,92;304,93;303,93;303,94;303,95;303,96;303,97;303,98;303,99;303,100;304,100;304,101;305,101;306,102;307,102;308,102;309,102;310,102;311,102;312,102;313,102;314,102;315,102;316,102;317,102;318,101;319,101;320,101;321,101;321,100;322,100;323,100;324,100;325,99;326,99;327,98;328,98;329,98;329,97;330,97;331,97;332,97;333,97;334,97;335,96;336,96;337,96;338,96;339,96;340,96;341,96;342,96;343,96;344,96;345,96;345,97;346,97;347,97;348,98;349,99;350,100;350,101;351,101;351,102;352,102;352,103;352,104;353,104;354,105;354,106;354,107;355,108;
Stroma, ICG; POLYGON; 255, 255, 255; 493,963;493,964;493,965;493,966;493,967;493,968;494,968;494,969;495,969;495,970;496,970;496,971;497,972;498,973;498,974;499,974;500,974;500,975;501,975;501,976;502,976;503,976;503,977;504,977;505,977;506,978;507,978;508,978;509,979;510,979;511,979;511,980;512,980;513,980;514,980;514,981;515,981;516,982;516,983;516,984;516,985;516,986;516,987;516,988;516,989;515,989;515,990;514,990;514,991;513,992;513,993;512,994;512,995;511,995;510,995;509,995;508,995;507,995;506,995;505,995;504,995;503,995;502,995;501,995;500,995;499,995;498,995;497,995;496,995;496,994;495,994;494,994;493,994;492,994;491,994;490,994;489,994;488,994;487,994;486,994;485,994;484,994;484,995;483,995;483,996;482,996;482,997;481,997;481,998;480,998;480,999;479,999;479,1000;478,1000;478,1001;478,1002;477,1002;477,1003;477,1004;477,1005;477,1006;477,1007;478,1007;478,1008;479,1008;479,1009;480,1009;480,1010;481,1010;482,1010;482,1011;483,1011;484,1011;485,1011;486,1012;487,1012;488,1012;489,1012;490,1012;491,1012;492,1012;493,1012;494,1012;494,1013;495,1013;495,1014;496,1014;496,1015;497,1015;497,1016;498,1016;498,1017;499,1017;500,1018;501,1018;501,1019;502,1019;503,1019;504,1019;505,1019;506,1019;507,1019;508,1019;509,1019;510,1018;511,1018;512,1018;513,1017;514,1017;515,1017;516,1017;516,1016;517,1016;518,1016;519,1016;520,1016;521,1015;522,1015;523,1015;524,1015;525,1015;526,1015;527,1015;528,1015;529,1015;530,1015;531,1015;532,1015;533,1015;534,1015;535,1015;536,1015;537,1015;538,1015;539,1015;540,1015;541,1015;541,1016;542,1016;543,1016;544,1016;545,1017;546,1017;547,1017;547,1018;548,1018;549,1018;550,1018;551,1018;552,1018;553,1018;554,1018;555,1018;556,1017;557,1017;558,1017;559,1017;560,1017;562,1017;564,1017;566,1017;567,1017;570,1017;572,1018;574,1018;576,1019;578,1019;579,1019;580,1019;582,1019;583,1019;584,1018;586,1017;587,1016;587,1015;589,1012;589,1010;590,1007;590,1005;591,1003;591,1001;591,999;591,994;591,992;590,989;588,986;588,984;587,983;586,982;584,981;583,981;582,981;581,981;580,981;578,982;577,983;576,985;574,986;
Artery, ICG; POLYGON; 34, 177, 76; 462,471;461,471;461,472;461,473;460,473;460,474;460,475;459,475;459,476;459,477;458,477;458,478;458,479;458,480;457,480;457,481;457,482;456,483;456,484;455,484;455,485;455,486;454,486;454,487;455,487;455,488;456,488;457,488;458,488;459,488;460,488;461,488;462,488;463,488;464,488;465,488;466,488;467,488;468,488;470,488;471,488;471,487;472,487;473,487;474,487;475,487;476,487;477,487;478,487;479,487;480,487;481,487;482,488;483,488;483,489;484,489;484,490;485,490;486,490;486,491;487,491;488,492;489,492;489,493;490,494;491,494;491,495;492,495;493,495;493,496;494,496;494,497;495,497;496,497;496,498;497,498;498,499;499,499;500,500;501,500;501,501;502,501;503,501;503,502;504,502;504,503;505,503;506,503;506,504;507,504;508,504;508,505;509,505;510,506;511,506;512,506;512,507;513,507;514,507;515,507;516,508;517,508;517,509;518,509;519,509;520,510;521,510;521,511;522,511;523,511;523,512;524,512;524,513;525,513;526,514;527,514;528,514;529,514;529,515;530,515;531,515;532,515;533,515;533,516;534,516;535,516;536,516;537,516;538,516;539,515;539,514;540,514;540,513;541,512;541,511;542,511;542,510;543,508;543,507;544,506;544,505;544,504;544,503;544,502;544,501;544,500;543,499;542,499;542,498;541,498;540,497;539,496;538,496;537,495;536,494;535,494;534,493;533,492;532,492;530,490;529,490;529,489;528,488;527,487;526,487;525,486;525,485;524,484;522,482;521,482;520,480;519,479;518,478;517,478;515,476;514,476;513,475;512,475;511,474;510,474;509,473;508,473;507,472;506,472;506,471;505,471;504,470;503,469;502,468;501,467;500,467;499,466;498,465;497,465;496,464;495,464;494,464;494,463;493,463;492,463;492,464;492,465;493,466;494,467;
Artery, ICG; POLYGON; 34, 177, 76; 528,457;527,456;527,455;527,454;526,454;526,453;526,452;525,452;525,451;524,450;523,449;523,448;522,448;522,447;521,447;521,446;520,446;520,445;519,445;519,444;518,444;518,443;517,443;517,442;516,442;516,441;515,441;515,440;514,440;514,439;514,438;513,438;513,437;512,437;512,436;511,435;511,434;510,434;510,433;509,433;508,432;507,432;507,431;506,431;505,431;505,430;504,430;503,430;503,429;502,429;501,429;501,428;500,428;499,428;498,428;497,427;496,427;495,427;494,426;493,426;492,425;491,425;491,424;490,424;489,424;488,423;487,423;487,422;486,422;485,422;485,421;484,421;483,420;482,420;481,419;480,419;479,419;479,418;478,418;477,418;476,418;475,418;474,418;473,419;472,419;471,419;470,420;469,420;468,420;467,420;466,420;465,420;464,420;463,420;462,420;461,420;461,419;460,419;459,419;458,419;457,419;456,419;455,419;454,419;453,419;452,419;451,419;450,419;449,419;448,419;447,419;446,419;445,419;444,419;443,419;442,419;441,419;440,419;439,419;439,418;438,418;437,418;437,417;436,417;435,417;435,416;434,416;434,415;433,415;433,414;432,414;432,413;431,413;431,412;430,412;430,411;429,411;428,410;427,410;427,409;426,409;425,409;425,408;424,408;423,408;423,407;422,407;421,406;420,406;419,406;419,405;418,405;417,404;416,404;415,404;415,403;414,403;413,403;412,403;411,402;410,402;409,402;408,402;407,402;406,402;405,402;404,402;403,402;402,402;401,402;401,403;400,403;400,404;399,404;399,405;398,406;397,407;397,408;396,409;396,410;395,411;395,412;394,413;394,414;394,415;393,416;393,417;393,418;393,419;393,420;393,421;393,422;393,423;393,424;394,425;395,426;396,426;397,426;397,427;398,427;399,427;400,427;401,427;402,427;403,427;404,427;405,427;406,427;406,428;407,428;408,428;409,428;410,428;411,428;412,428;413,428;414,428;415,428;416,428;417,428;418,428;419,428;420,428;421,428;422,428;423,428;424,428;425,428;426,428;427,428;428,428;429,428;430,428;431,428;432,428;433,428;435,428;436,428;437,428;438,428;439,428;440,428;441,428;442,428;443,428;444,428;445,428;446,428;447,428;448,428;449,428;450,428;450,429;451,429;452,429;453,429;454,429;455,429;456,429;457,429;458,429;458,428;459,428;460,428;461,428;462,428;463,428;464,428;465,428;466,428;467,429;468,429;469,429;470,429;471,429;472,429;473,430;474,430;475,430;475,431;476,431;477,432;478,432;479,433;480,433;481,434;482,434;484,435;485,435;486,435;487,436;488,436;491,438;492,438;493,439;494,440;495,441;496,442;497,443;497,444;498,444;499,445;500,446;501,447;502,449;503,451;503,452;504,453;504,454;505,456;505,457;506,458;506,459;507,460;508,461;509,462;510,463;511,463;512,464;513,465;514,466;516,467;517,468;518,470;520,471;
Vein; POLYGON; 63, 72, 204; 593,467;592,467;591,467;590,467;589,467;588,467;587,467;586,467;585,467;584,467;584,466;583,466;582,466;581,466;580,466;579,466;578,466;577,466;576,466;575,466;574,466;573,466;572,465;571,465;570,465;570,464;569,464;568,464;568,463;567,463;566,463;565,463;564,462;563,462;562,462;561,462;560,462;559,461;558,461;558,460;557,460;556,460;555,459;554,459;553,459;552,458;551,458;551,457;550,457;549,456;548,456;548,455;547,455;546,454;545,454;545,453;544,453;544,452;543,452;543,451;542,451;541,450;541,449;540,449;539,449;539,448;538,448;538,447;537,447;537,446;536,446;536,445;535,445;535,444;534,444;534,443;533,442;533,441;532,441;532,440;531,440;531,439;530,439;529,438;528,438;528,437;527,437;526,437;526,436;525,436;524,436;523,436;522,435;521,435;520,435;519,435;518,435;517,435;516,435;516,434;515,434;514,434;513,434;513,433;512,433;512,432;511,432;510,432;510,431;509,431;508,431;508,430;507,430;506,430;506,429;505,429;505,428;504,428;503,428;503,427;502,427;501,426;500,426;500,425;499,425;498,425;498,424;497,424;497,423;496,423;496,422;495,422;495,421;494,421;493,421;493,420;492,420;492,419;491,419;490,418;489,418;489,417;488,417;487,417;487,416;486,416;485,416;484,416;483,416;483,415;482,415;481,415;480,415;479,415;478,415;477,415;476,414;475,414;474,414;473,414;473,413;472,413;471,413;470,413;470,412;469,412;468,412;468,411;467,411;467,410;466,410;466,409;466,408;465,408;465,407;465,405;465,404;465,402;465,401;465,400;465,399;465,398;466,397;467,396;468,396;468,395;469,395;470,395;471,395;472,395;473,395;475,395;476,395;477,395;478,395;480,396;481,396;482,396;483,396;486,397;487,397;488,398;489,398;490,398;491,399;492,399;493,399;494,400;495,400;496,400;497,400;497,401;498,401;499,401;500,401;500,402;501,402;502,402;503,403;504,403;505,403;506,404;506,405;507,405;507,406;508,407;509,408;510,408;510,409;511,409;511,410;512,410;512,411;513,412;513,413;514,413;514,414;515,414;515,415;516,415;516,416;517,416;517,417;518,417;519,418;520,418;520,419;521,419;522,419;522,420;523,420;524,420;525,420;525,421;526,421;527,421;528,421;529,421;530,422;531,422;532,422;533,423;534,423;535,423;536,423;536,424;537,424;538,424;539,424;539,425;540,425;541,425;541,426;542,426;543,426;544,427;545,427;546,427;546,428;547,428;547,429;548,429;549,430;550,430;550,431;551,431;551,432;552,432;552,433;553,434;553,435;554,435;555,436;555,437;556,437;556,438;557,439;558,439;558,440;559,440;560,441;561,441;561,442;562,442;563,443;564,443;564,444;565,444;566,444;567,445;568,445;569,446;570,446;571,447;572,447;573,447;575,448;576,448;577,449;579,449;580,450;581,450;583,450;583,451;584,451;585,451;586,451;586,452;587,452;587,453;588,453;589,454;589,455;590,455;590,456;591,456;591,457;592,457;592,458;
Vein; POLYGON; 63, 72, 204; 654,463;654,462;654,461;654,460;653,459;653,458;652,458;652,457;651,456;650,456;649,455;648,455;647,454;646,454;645,453;644,453;643,452;642,451;641,451;640,450;639,450;639,449;638,449;637,449;637,448;636,448;636,447;635,447;635,446;634,445;634,444;633,444;633,443;632,443;632,442;631,442;631,441;630,441;630,440;629,440;628,439;627,439;626,438;625,438;625,437;624,437;623,437;622,436;622,435;621,435;620,434;619,434;619,433;618,433;618,432;617,432;617,431;616,431;616,430;615,430;615,429;614,429;614,428;613,428;613,427;612,427;611,426;610,425;609,424;608,424;608,423;607,422;606,421;605,420;604,419;603,418;602,418;602,417;601,417;601,416;600,416;599,415;598,415;597,414;596,414;595,414;594,413;593,413;592,413;591,413;590,413;589,412;588,412;587,411;586,410;585,410;585,409;584,409;584,408;583,408;582,407;581,406;580,406;580,405;579,405;578,405;578,404;577,404;576,403;575,403;574,402;573,402;572,401;571,401;570,401;569,400;568,400;567,399;566,399;565,399;564,398;563,398;562,397;561,397;561,396;560,396;559,395;558,395;558,394;557,394;556,393;555,393;554,392;553,392;553,391;552,391;551,390;551,389;550,389;550,388;549,388;548,388;548,387;547,387;547,386;546,386;545,386;544,386;543,386;543,387;543,388;542,389;542,390;542,391;542,392;542,393;542,394;542,395;542,396;542,397;542,398;543,398;543,399;543,400;544,400;545,401;545,402;546,402;546,403;547,403;548,404;549,404;549,405;550,405;551,405;552,405;553,406;554,406;555,406;556,407;557,407;558,407;559,407;560,408;561,408;562,409;563,409;564,409;565,410;566,410;567,411;568,411;569,412;570,412;571,412;571,413;572,413;573,414;574,414;574,415;575,415;575,416;576,416;576,417;577,417;578,417;578,418;579,418;580,419;581,420;582,421;583,421;584,421;586,422;588,423;589,423;590,424;591,424;591,425;592,425;592,426;593,426;593,427;594,427;595,428;596,428;597,428;597,429;598,429;598,430;599,430;599,431;600,431;600,432;601,432;601,433;602,433;602,434;603,435;604,436;605,437;606,437;609,439;610,440;611,441;613,442;614,442;616,443;617,444;619,445;620,446;622,447;623,447;623,448;624,448;624,449;625,449;625,450;626,450;626,451;626,452;627,452;627,454;628,454;628,455;629,456;629,457;630,457;631,458;631,459;632,459;632,460;633,461;635,462;636,463;639,463;639,464;640,464;642,465;643,466;645,467;646,467;647,467;648,468;649,468;650,469;651,469;652,470;653,471;654,472;654,473;655,473;655,474;655,475;655,476;655,477;655,478;655,479;656,479;656,480;657,481;658,482;659,482;661,484;662,485;663,485;664,485;665,485;666,485;667,486;668,486;669,486;670,487;671,487;672,487;673,487;674,487;675,487;675,486;676,486;677,486;678,485;679,485;679,484;680,484;680,483;680,482;680,481;680,480;679,479;677,477;676,476;675,475;674,474;673,473;670,471;669,469;668,468;666,467;665,467;664,467;662,467;660,467;660,469;660,470;
Artery, ICG; POLYGON; 34, 177, 76; 616,530;615,531;614,531;613,531;613,532;612,532;611,532;610,533;609,533;608,533;607,533;606,533;605,533;604,533;603,533;602,533;601,533;600,533;599,533;598,533;597,533;596,533;595,532;594,532;593,532;592,532;591,532;590,532;589,532;588,532;587,532;587,531;586,531;586,530;585,530;584,529;583,529;582,529;582,528;581,528;580,528;579,528;578,528;578,527;579,527;580,526;581,526;582,526;582,525;583,525;584,525;585,524;586,524;587,524;588,524;589,523;590,523;591,523;593,523;594,523;595,523;597,523;598,523;600,523;601,523;603,523;604,523;606,523;607,523;609,523;610,524;611,524;612,524;613,524;614,524;615,525;
Artery, ICG; POLYGON; 34, 177, 76; 294,532;294,531;294,530;294,529;294,528;295,528;295,527;295,526;296,525;296,524;296,523;296,522;296,521;297,521;297,520;297,519;298,519;298,518;299,518;299,517;300,517;300,516;301,516;301,515;302,515;303,514;304,514;305,514;305,513;306,513;307,513;308,513;309,513;310,513;311,512;312,512;313,512;313,511;314,511;315,511;315,510;315,509;316,509;316,508;316,507;316,506;316,505;316,504;316,503;316,502;316,501;316,500;316,499;316,498;316,497;315,497;314,497;313,497;312,497;311,497;310,497;309,497;308,497;307,497;306,497;306,498;305,498;304,498;303,498;302,498;301,498;300,498;300,497;299,497;299,496;299,495;299,494;299,493;299,492;299,491;299,490;299,489;299,488;299,487;300,486;300,485;300,484;300,483;301,483;301,482;301,481;301,480;301,479;301,478;301,477;302,477;302,476;303,476;303,475;304,475;304,474;305,474;305,473;306,473;307,473;307,472;308,472;308,471;309,471;310,470;311,470;311,469;312,469;313,468;314,467;315,467;315,466;316,465;317,465;318,464;319,464;319,463;320,463;321,462;322,462;323,462;324,461;325,460;326,460;326,459;327,459;327,458;328,458;329,457;330,456;331,455;332,454;332,453;333,453;333,452;334,451;334,450;335,450;335,449;335,448;335,447;335,446;335,445;335,444;334,443;333,441;332,440;331,439;331,438;330,438;330,437;329,436;328,434;327,433;326,432;325,431;324,430;323,429;323,428;322,428;322,427;321,427;321,426;320,426;320,425;319,425;319,424;318,424;317,424;316,423;315,423;315,422;314,422;313,422;312,421;311,421;310,421;309,421;308,421;307,421;306,421;305,421;305,422;304,422;303,423;302,424;301,424;301,425;301,426;300,426;300,427;299,427;299,428;298,429;298,430;297,430;297,431;296,432;296,433;295,433;295,434;295,435;294,435;294,436;294,437;294,438;293,438;293,439;292,440;292,441;291,441;291,442;291,443;290,444;289,445;289,446;289,447;288,447;288,448;287,449;287,450;287,451;286,451;286,452;286,453;285,454;285,455;285,456;285,457;284,457;284,458;284,459;284,460;284,461;284,462;284,463;284,464;284,465;284,466;284,467;284,468;284,469;284,470;285,471;285,472;285,473;285,474;286,474;286,475;286,476;286,477;287,477;287,478;287,479;287,480;287,481;287,482;288,482;288,483;288,484;288,485;288,486;288,487;288,488;288,489;289,490;289,491;289,492;289,493;289,494;289,495;289,496;289,497;289,498;288,498;288,499;288,500;288,501;287,502;287,503;287,504;286,504;286,505;285,506;285,507;285,508;284,508;284,510;283,511;283,512;283,513;282,513;282,514;281,516;280,519;279,521;278,522;278,523;277,524;277,525;277,526;276,528;276,529;276,530;276,531;275,532;275,533;275,534;275,535;275,536;276,536;277,537;278,537;278,538;279,538;280,538;280,539;281,539;282,539;283,539;283,540;284,540;285,540;286,540;287,540;288,540;289,540;
Artery, ICG; POLYGON; 34, 177, 76; 275,525;274,525;273,525;272,525;271,525;271,524;270,524;270,523;269,523;269,522;269,521;268,519;268,518;268,517;268,516;268,515;268,514;268,513;269,512;269,510;269,509;270,509;270,508;270,507;270,506;270,505;270,504;270,503;271,502;271,501;271,500;271,499;271,498;271,497;271,496;271,495;271,494;271,493;271,492;271,491;271,490;271,489;271,488;271,487;271,486;271,485;271,484;271,483;271,482;271,481;271,480;272,480;272,479;273,479;273,478;274,478;275,477;277,477;280,476;281,475;282,475;282,474;284,473;285,473;286,471;287,471;287,470;288,469;288,468;289,468;289,467;290,466;291,465;292,463;293,463;293,461;294,461;294,460;294,459;295,458;295,457;295,456;295,455;295,454;295,453;294,453;294,452;293,452;293,451;292,451;291,451;291,450;290,450;289,450;288,450;287,450;286,450;285,450;284,451;283,451;282,452;281,452;281,453;280,453;280,454;279,454;278,454;278,455;277,455;277,456;276,456;275,457;274,457;274,458;273,458;273,459;272,459;272,460;271,460;270,461;269,461;269,462;268,462;268,463;267,463;266,463;266,464;265,464;265,465;264,465;263,466;262,466;262,467;261,467;261,468;260,468;259,468;259,469;258,469;258,470;257,470;257,471;256,471;255,471;255,472;255,473;255,474;255,475;255,476;255,477;255,478;255,479;255,480;255,481;254,482;254,483;254,484;254,485;254,486;254,487;254,488;254,489;254,490;253,490;253,491;253,492;253,493;252,493;252,494;252,495;251,495;251,496;250,496;250,497;249,498;249,499;248,499;248,500;247,501;247,502;246,502;246,503;246,504;246,505;245,505;245,507;245,508;244,509;244,510;244,511;244,512;244,513;243,514;243,515;243,516;243,517;243,518;243,519;243,520;243,521;243,522;243,523;243,524;243,525;243,526;243,527;243,528;244,528;244,529;244,530;244,531;244,533;245,533;245,534;245,535;246,535;246,536;247,536;247,537;248,537;249,537;250,537;251,537;252,537;253,537;254,537;255,537;256,537;258,537;259,536;260,536;262,535;264,535;265,534;266,534;267,534;269,533;270,533;271,533;272,533;273,533;274,533;275,533;276,534;277,534;279,535;280,535;
Artery, ICG; POLYGON; 34, 177, 76; 400,448;400,449;401,450;401,451;401,452;402,452;402,453;402,454;402,455;402,456;402,457;403,458;403,459;403,460;403,461;402,461;402,462;402,463;401,463;400,464;400,465;399,465;399,466;398,466;398,467;397,468;397,469;396,469;396,470;395,470;395,471;394,471;394,472;393,472;393,473;392,473;392,474;391,474;390,474;389,474;388,474;388,475;387,475;386,475;385,475;384,475;384,476;383,476;382,476;381,476;380,476;380,477;379,477;378,477;377,477;377,478;376,478;375,478;375,479;374,479;374,480;373,480;373,481;373,482;372,483;372,484;372,485;371,485;371,486;370,486;370,487;369,487;368,487;367,487;367,488;366,488;365,488;364,488;363,488;362,488;361,488;360,488;359,488;358,488;357,488;356,488;355,488;354,488;353,488;353,487;352,487;351,487;350,487;349,487;348,487;347,487;346,487;345,487;344,487;343,487;342,487;342,486;341,486;340,486;339,486;338,486;337,485;336,485;335,485;335,484;334,484;333,484;333,483;332,483;331,483;330,483;329,483;328,482;327,482;326,482;325,482;324,482;323,482;323,481;322,481;321,481;320,481;319,481;318,481;317,481;316,481;315,481;314,481;313,481;313,480;312,480;311,480;310,480;309,480;309,479;308,479;307,479;306,479;306,478;305,478;304,478;304,477;303,477;303,476;303,475;303,474;303,473;303,472;303,471;304,471;304,470;305,468;306,468;307,467;308,465;310,463;311,462;312,460;313,459;314,458;315,457;316,455;318,454;321,451;324,449;327,447;330,445;335,441;337,440;338,439;339,439;341,439;342,439;343,439;346,440;347,440;348,440;351,440;354,440;355,440;356,440;358,440;359,441;361,441;363,441;364,441;366,441;367,441;368,441;369,441;370,441;372,441;374,441;375,441;376,441;377,441;378,441;379,441;380,441;381,441;382,441;383,441;384,441;385,442;
Artery, ICG; POLYGON; 34, 177, 76; 315,480;315,481;314,482;314,483;313,484;313,485;313,486;312,486;312,487;312,488;312,489;311,490;311,491;310,492;310,493;310,494;309,494;309,495;308,496;308,497;307,498;307,499;307,500;306,500;306,501;306,502;306,503;305,504;305,505;305,506;305,507;305,508;306,508;306,509;307,509;307,510;308,510;308,511;309,511;310,511;311,511;312,511;312,510;313,509;314,509;314,508;315,508;315,507;316,507;317,506;318,506;318,505;320,504;321,503;322,502;323,501;324,501;324,500;325,500;325,499;326,499;327,499;328,498;329,497;330,497;331,496;332,496;333,495;334,495;335,495;335,494;336,494;337,493;338,492;340,490;341,489;342,488;343,486;344,486;344,485;345,484;346,483;347,482;348,480;349,478;351,476;352,475;352,474;352,473;353,472;353,471;353,470;353,469;353,468;353,467;353,466;353,465;353,464;351,463;350,462;349,462;347,461;346,461;345,460;343,459;341,459;339,459;338,458;336,458;332,458;327,458;325,459;317,462;313,465;312,466;308,468;307,470;307,471;307,473;311,474;
Artery, ICG; POLYGON; 34, 177, 76; 336,478;335,478;335,479;334,479;333,479;332,480;331,481;330,482;329,482;328,483;327,484;326,485;325,486;324,486;324,487;323,488;322,489;321,489;321,490;320,490;320,491;319,491;319,492;318,492;318,493;317,493;317,494;316,494;316,495;316,496;316,497;315,498;315,499;315,500;315,501;315,502;315,503;315,504;315,505;315,506;315,507;315,508;315,509;315,510;315,511;315,512;316,512;316,513;316,514;317,514;317,515;317,516;318,516;318,517;318,518;318,519;319,519;319,520;319,521;320,521;320,522;321,522;321,523;322,523;323,523;324,523;325,523;326,523;327,522;328,522;329,521;330,521;330,520;331,520;332,519;333,519;333,518;334,518;334,517;335,516;336,515;336,514;337,514;337,513;337,512;338,511;338,510;339,510;339,508;340,508;340,507;340,506;341,505;341,504;341,503;341,502;342,502;343,502;343,501;344,501;345,501;346,501;347,501;348,501;348,502;349,502;350,502;351,502;352,502;353,502;354,502;355,502;356,502;356,501;357,501;358,501;358,500;359,500;359,499;359,498;360,498;360,497;361,497;361,496;361,495;362,495;362,494;362,493;362,492;362,491;362,490;362,489;362,488;362,487;362,486;362,485;362,484;362,483;362,482;362,481;362,480;362,478;362,477;362,476;362,475;361,474;360,473;359,472;358,471;358,470;357,470;356,470;355,469;354,469;352,469;350,470;349,470;347,470;345,471;343,471;341,471;339,472;338,472;337,472;338,472;
Artery, ICG; POLYGON; 34, 177, 76; 311,527;311,528;310,529;310,530;309,531;308,532;307,534;306,535;305,536;305,537;304,538;304,539;304,540;303,540;303,541;302,542;302,543;302,544;303,544;304,544;305,544;306,544;307,543;308,543;308,542;309,542;310,542;310,541;311,541;311,540;313,540;314,539;317,536;319,535;321,533;323,532;324,531;325,530;326,530;327,529;328,528;328,527;329,527;329,526;329,525;329,524;329,523;329,522;329,521;329,520;328,519;327,518;326,518;325,517;324,517;323,517;322,517;321,517;320,517;320,518;319,519;319,520;319,521;319,522;319,523;
Artery, ICG; POLYGON; 34, 177, 76; 441,369;441,370;441,371;441,372;441,373;441,374;441,375;441,376;441,377;441,378;441,379;441,380;442,380;442,381;442,382;443,382;443,383;444,383;444,384;445,384;445,385;445,386;445,387;445,388;445,389;445,390;444,390;444,391;443,391;443,392;442,393;441,394;440,395;440,396;439,396;439,397;438,397;438,398;438,399;437,399;437,400;437,401;437,402;437,403;437,404;437,405;438,406;438,407;438,408;438,409;438,410;437,410;437,411;436,411;435,412;434,412;433,413;432,413;431,414;430,414;428,415;426,416;425,417;424,417;423,418;422,419;421,419;420,419;419,420;418,420;417,420;416,420;416,421;415,421;413,421;412,422;411,422;410,422;409,422;408,422;407,422;406,422;405,422;404,422;403,422;403,421;402,421;401,420;400,420;400,419;399,419;399,418;398,418;398,417;398,416;398,415;398,414;398,413;399,412;400,411;401,410;401,409;402,408;402,407;403,406;404,405;404,404;405,404;405,403;406,402;407,401;408,399;408,398;409,398;409,397;410,396;410,395;411,395;411,394;412,394;412,393;413,393;413,392;414,392;414,391;415,391;416,390;416,389;417,389;418,388;419,387;420,386;422,385;423,384;427,381;428,380;429,379;430,378;431,377;431,376;432,376;433,375;434,375;435,374;436,373;439,373;440,372;
Vein; POLYGON; 63, 72, 204; 592,470;591,470;590,470;589,470;588,470;587,470;586,470;586,471;585,471;584,471;583,471;582,471;581,471;581,470;580,470;579,470;578,470;578,469;577,469;576,469;575,469;574,469;573,469;572,469;571,469;570,469;569,469;568,469;567,469;566,469;565,468;564,468;563,468;562,468;561,468;560,468;560,467;559,467;558,467;557,467;557,466;556,466;555,466;554,466;554,465;553,465;552,465;551,465;551,464;550,464;549,464;548,463;547,463;546,463;546,462;545,462;545,461;544,460;543,460;542,459;541,459;541,458;540,458;539,458;539,457;538,457;537,457;537,456;536,456;535,456;534,456;533,455;532,455;531,454;530,454;529,453;528,453;528,452;527,451;526,450;525,449;525,448;524,448;524,447;523,446;523,445;523,444;522,444;522,443;521,442;520,441;520,440;519,440;518,439;516,437;515,436;514,436;513,435;512,434;511,433;510,432;509,432;508,431;507,430;506,430;505,429;504,429;503,428;502,428;502,427;501,427;500,427;500,426;499,426;498,426;498,425;497,425;496,425;495,424;494,424;493,424;492,424;492,423;491,423;490,423;490,422;489,422;488,422;487,422;486,422;486,421;485,421;484,421;483,421;483,420;482,420;481,420;480,419;479,419;478,419;477,419;476,419;475,419;474,419;473,419;472,418;471,418;470,418;469,418;468,418;468,417;467,417;466,417;465,417;465,416;464,415;464,414;464,413;464,412;464,411;465,411;465,410;465,409;465,408;465,407;466,407;466,406;466,405;466,404;466,403;466,402;466,401;466,400;466,399;465,399;465,398;464,398;464,397;463,397;463,396;462,396;461,396;460,395;459,395;458,395;457,395;456,395;455,395;454,395;453,395;453,396;452,396;451,396;451,397;450,397;449,397;448,397;447,397;446,397;445,397;444,396;444,395;444,394;444,393;444,392;444,391;444,390;445,390;445,389;446,389;447,389;447,388;448,388;449,388;450,388;451,388;451,387;452,387;453,387;454,387;455,386;456,386;457,386;458,386;459,386;460,386;461,386;462,386;463,386;463,385;463,384;463,383;463,382;463,381;463,380;463,379;462,378;462,377;462,376;463,376;464,376;465,376;466,376;467,376;468,376;469,376;470,376;471,376;472,376;472,377;473,377;474,378;475,379;476,379;476,380;477,381;477,382;478,382;478,383;479,383;479,384;480,385;481,386;482,387;482,388;483,388;484,389;485,389;485,390;486,390;486,391;487,391;488,392;489,393;490,394;491,395;492,396;492,397;493,397;493,398;494,399;494,400;494,401;495,402;495,403;495,404;495,405;496,405;496,406;496,407;497,407;497,408;498,408;498,409;499,409;499,410;500,410;500,411;501,411;502,412;503,412;503,413;504,413;504,414;505,414;506,414;506,415;507,415;508,415;508,416;509,416;510,416;511,417;512,417;513,417;513,418;514,418;514,419;515,419;516,419;516,420;517,420;518,421;519,421;519,422;520,422;520,423;521,423;522,424;523,424;524,425;525,426;526,426;526,427;527,427;528,427;528,428;529,428;530,428;531,429;532,429;533,429;533,430;534,430;535,430;536,430;536,431;537,431;538,431;538,432;539,432;539,433;539,434;540,434;540,435;540,436;540,437;541,437;541,438;541,439;542,439;542,440;543,441;544,442;545,443;545,444;546,444;547,444;547,445;548,445;549,446;550,446;551,446;551,447;553,447;554,447;555,448;556,449;557,449;558,449;559,450;560,450;561,451;562,451;563,452;564,452;565,452;565,453;567,453;568,453;569,453;569,454;570,454;571,454;572,454;572,455;573,455;574,455;574,456;575,456;576,456;576,457;577,457;578,457;579,457;580,457;580,458;581,458;582,459;583,459;584,459;585,459;586,459;587,459;588,459;589,459;589,460;
Vein; POLYGON; 63, 72, 204; 585,436;584,437;583,437;583,438;582,439;581,440;580,441;579,442;579,443;578,444;578,445;578,446;577,447;577,448;576,448;576,449;576,450;575,451;575,452;575,453;575,454;576,454;577,454;578,454;579,454;580,454;582,453;583,452;584,452;584,451;585,451;586,451;587,450;588,450;588,449;589,449;590,448;591,448;591,447;592,447;592,446;593,445;594,444;594,443;594,442;594,440;594,439;594,438;593,438;593,437;592,437;591,437;591,436;590,436;589,436;588,436;587,436;586,436;
Vein; POLYGON; 63, 72, 204; 583,433;582,433;582,432;581,432;581,431;580,430;580,429;579,429;579,428;578,428;578,427;577,427;577,426;576,426;575,424;573,423;571,421;569,420;569,419;568,419;567,418;567,417;568,417;569,417;570,417;571,417;573,417;574,417;575,417;576,417;577,417;578,417;579,417;580,418;582,418;583,418;584,419;585,419;585,420;586,420;587,421;587,422;589,425;590,427;591,429;591,430;592,431;592,432;592,433;593,433;
Vein; POLYGON; 63, 72, 204; 327,373;327,372;328,372;329,372;330,372;331,372;332,372;333,372;334,372;334,371;335,371;336,371;337,371;338,371;338,372;339,372;339,373;340,373;340,374;340,375;340,376;340,377;340,378;340,379;339,379;339,380;339,381;339,382;338,383;338,384;338,385;338,386;338,387;338,388;338,389;339,389;340,389;340,388;340,387;341,387;341,386;341,385;341,384;341,382;341,381;341,379;341,378;341,377;341,376;341,375;341,374;341,373;341,372;341,371;341,370;341,369;341,368;341,367;341,366;341,365;341,364;342,364;342,363;342,362;343,362;343,361;343,360;344,360;344,359;344,358;345,358;345,357;345,356;346,355;346,354;346,353;346,352;346,351;346,350;346,349;346,348;346,347;346,346;346,345;346,344;346,343;346,342;346,341;346,340;346,339;346,338;346,337;346,336;346,335;346,334;346,333;347,333;347,332;348,332;348,331;349,330;349,329;350,329;350,328;350,327;350,326;351,325;351,324;351,323;351,322;351,321;351,320;351,319;351,318;351,317;351,316;351,315;350,315;350,314;350,313;350,312;349,312;349,311;349,310;348,310;348,309;348,308;347,308;347,307;347,306;346,306;346,305;345,304;345,303;344,303;344,302;343,301;342,300;342,299;341,298;340,297;339,296;338,296;338,295;337,295;336,294;335,294;334,293;333,293;332,293;332,292;331,292;330,292;329,292;328,292;327,292;326,292;325,292;324,291;323,291;322,291;321,291;320,291;319,291;318,290;317,290;316,290;315,290;314,289;313,289;312,289;311,289;310,289;310,288;309,288;308,288;307,288;306,288;306,287;305,287;304,287;303,287;302,287;302,286;301,286;300,286;299,286;298,286;297,286;296,286;295,286;294,286;293,286;292,286;291,286;290,286;289,286;288,286;287,286;286,287;285,287;284,287;283,287;282,287;281,287;280,288;279,288;278,288;277,288;276,289;275,289;274,289;274,290;273,290;272,290;272,291;271,291;271,292;270,292;270,293;270,294;269,294;269,295;268,296;268,297;268,298;267,299;267,300;267,301;267,302;266,302;266,303;266,304;266,305;266,306;267,306;267,307;267,308;267,309;268,310;268,311;268,312;268,313;269,315;269,316;269,317;269,318;270,318;270,319;271,319;271,320;272,320;273,320;274,320;275,320;276,320;277,320;278,320;279,320;280,320;282,320;283,320;285,320;286,320;288,320;289,320;291,320;292,321;293,321;294,322;295,322;295,323;296,323;296,324;296,325;297,325;297,326;298,327;299,328;299,329;299,330;300,330;300,331;300,332;301,333;301,334;301,335;301,337;302,338;302,340;303,342;303,344;303,345;303,346;303,347;304,348;304,349;304,350;304,351;305,352;305,353;305,354;306,354;306,355;307,355;307,356;308,357;309,357;309,358;311,358;312,359;
Specular reflection; POLYGON; 191, 91, 22; 327,381;327,382;327,383;327,384;327,385;327,386;327,387;327,388;327,389;327,390;328,390;329,390;330,390;331,390;331,389;332,389;332,388;332,387;333,387;333,386;334,385;334,384;334,383;334,382;334,381;334,380;335,379;335,378;335,377;335,376;335,375;335,374;335,373;335,372;334,372;333,372;332,372;331,372;331,373;331,374;331,375;331,376;331,377;331,378;332,378;
