Specular reflection; POLYGON; 191, 91, 22; 319,758;318,757;317,756;316,755;314,754;313,754;311,753;310,753;308,753;300,751;299,751;298,751;297,751;296,751;291,751;290,751;289,751;288,751;287,752;286,752;285,752;283,753;282,754;281,755;281,756;281,757;281,758;280,759;280,760;280,761;280,764;281,764;281,765;281,766;282,766;283,767;284,767;284,768;285,768;286,768;287,769;288,769;289,769;289,770;290,770;291,770;292,771;295,772;297,772;298,772;300,772;301,773;302,773;303,773;304,773;305,773;306,774;309,775;310,775;311,775;312,776;313,776;314,776;315,776;319,776;320,776;322,776;327,777;329,777;331,776;333,773;333,772;333,771;333,770;332,767;331,765;330,764;329,763;328,763;327,762;325,762;323,762;322,761;313,760;311,760;310,760;310,761;310,762;312,763;
Specular reflection; POLYGON; 191, 91, 22; 429,748;428,748;427,748;426,748;424,748;418,750;417,750;416,750;415,750;414,751;413,751;412,751;410,752;409,752;406,752;405,753;404,753;403,753;402,753;402,754;401,754;400,754;399,755;398,755;397,756;394,758;393,758;392,759;391,759;391,760;390,760;390,761;389,761;389,762;389,763;389,764;389,765;389,766;389,767;390,767;390,768;391,768;391,769;392,770;393,770;393,771;397,771;398,771;399,771;402,771;409,771;410,771;411,771;421,771;424,770;425,770;427,770;428,770;429,770;431,770;432,770;433,769;435,769;438,769;440,769;441,769;442,769;443,769;444,769;445,769;446,769;447,769;451,769;452,769;453,768;454,768;455,768;456,768;457,768;458,768;459,768;460,768;463,768;469,768;470,768;471,768;472,768;477,767;478,767;479,767;480,766;481,766;482,765;483,764;484,763;484,762;484,761;484,760;482,758;481,757;480,756;480,755;479,755;479,754;478,753;477,753;476,752;475,752;470,751;468,751;467,751;465,751;463,751;461,751;459,751;457,751;455,751;453,751;451,751;449,751;439,751;425,752;425,753;425,754;426,755;427,756;
Specular reflection; POLYGON; 191, 91, 22; 546,760;545,760;543,760;533,760;532,760;530,761;527,762;525,762;524,763;523,763;521,764;520,765;519,765;518,766;517,767;516,767;515,768;515,769;516,770;517,770;517,771;518,771;519,772;520,772;521,773;522,773;523,774;526,775;527,775;528,776;529,776;530,776;532,777;533,777;534,777;535,777;536,777;537,778;539,778;541,778;542,778;545,778;547,778;550,778;559,773;559,772;559,771;560,770;560,769;560,768;559,767;558,766;557,765;556,764;554,763;548,762;539,760;537,760;535,760;534,760;534,761;534,762;
Specular reflection; POLYGON; 191, 91, 22; 576,774;575,774;574,774;573,774;572,773;571,773;570,773;568,773;565,773;564,773;562,774;561,774;560,774;559,775;558,775;557,775;556,776;555,776;552,776;551,776;550,776;549,776;548,776;547,776;546,776;545,776;544,776;543,776;542,776;541,776;537,777;537,778;536,778;535,778;535,779;534,779;533,779;533,780;532,780;532,781;531,781;531,782;531,783;532,783;533,784;534,784;536,784;538,785;539,785;540,786;541,786;542,786;544,786;545,786;547,786;548,786;550,786;555,786;568,786;570,786;572,785;573,785;580,784;582,784;583,784;584,784;584,783;584,782;583,780;583,779;583,778;582,777;582,776;581,776;580,775;577,775;568,776;567,777;565,777;
Specular reflection; POLYGON; 191, 91, 22; 623,806;622,806;621,806;620,806;620,805;619,805;617,805;615,805;614,805;613,805;612,805;608,805;606,806;605,806;604,807;603,807;603,808;604,808;604,809;604,810;604,811;605,811;605,812;607,813;608,814;609,814;609,815;610,815;611,816;613,817;622,822;623,822;624,823;625,824;626,824;627,824;627,825;628,825;629,826;630,826;632,827;633,828;634,828;634,829;635,830;635,831;636,831;637,832;638,833;639,833;639,834;640,834;640,835;642,835;642,836;643,836;644,836;645,836;646,836;647,836;648,836;649,836;650,836;651,836;652,836;653,836;656,836;656,835;656,834;656,833;656,832;656,831;656,830;654,826;653,825;652,824;650,823;649,822;647,821;645,820;643,819;641,818;634,813;633,812;632,811;630,810;629,809;627,808;626,807;624,807;623,807;620,807;618,807;614,811;615,814;
Specular reflection; POLYGON; 191, 91, 22; 703,867;702,867;701,866;700,865;699,865;698,865;698,864;696,863;691,862;689,862;686,862;685,862;683,862;681,863;678,864;677,864;677,865;676,865;675,866;674,866;673,866;673,867;672,867;672,868;672,869;672,870;672,871;672,872;673,872;673,873;674,874;674,875;675,875;676,877;678,879;679,880;680,881;681,881;682,882;683,883;684,884;685,884;686,885;687,886;688,886;689,887;700,895;705,900;706,901;710,905;711,905;712,906;713,906;715,906;717,907;717,908;718,908;719,909;720,909;723,909;728,909;729,909;730,909;731,909;732,909;733,909;734,908;735,907;736,907;736,906;739,903;740,902;740,901;740,900;740,899;739,898;738,897;731,891;726,887;724,886;723,885;721,884;719,884;718,883;716,882;714,881;711,880;692,873;681,870;679,869;675,868;673,868;669,867;675,868;678,869;
Specular reflection; POLYGON; 191, 91, 22; 752,914;752,915;751,916;750,917;750,918;750,919;749,920;749,921;749,922;749,923;749,924;752,925;753,926;754,926;756,927;757,927;758,928;759,929;768,931;769,931;770,931;772,930;774,929;775,928;777,928;777,927;779,926;780,925;780,924;780,923;780,922;780,921;779,921;778,920;778,919;774,917;771,916;768,916;766,916;764,915;762,915;760,915;758,915;756,915;755,915;755,916;
Specular reflection; POLYGON; 191, 91, 22; 783,945;782,945;781,946;780,946;780,947;779,947;779,948;778,948;778,949;777,950;777,951;777,952;777,953;777,954;777,955;777,957;777,958;778,959;781,962;782,963;782,964;791,968;792,968;797,969;804,969;805,969;807,969;808,968;809,967;810,967;811,967;812,966;813,965;814,964;814,963;814,962;813,961;813,960;812,959;811,958;809,956;807,955;802,951;800,950;798,949;797,948;796,947;794,946;793,946;792,946;
Specular reflection; POLYGON; 191, 91, 22; 825,777;824,777;823,777;821,778;819,778;818,779;816,779;814,780;807,782;806,782;804,782;803,783;802,783;801,784;800,785;799,785;798,786;798,787;798,788;798,794;798,796;798,798;798,800;799,803;799,805;800,806;801,809;801,811;802,812;803,814;805,817;805,818;806,819;806,820;806,821;806,822;806,823;805,824;805,825;803,826;802,826;802,827;802,828;801,828;800,831;798,832;797,833;794,835;793,835;790,837;787,839;786,840;786,841;785,841;785,842;785,843;784,843;784,845;784,846;783,847;783,848;783,849;783,850;783,851;783,852;783,853;784,855;785,856;785,857;786,857;786,858;788,860;793,864;794,865;795,866;796,866;815,875;819,876;820,876;825,876;826,875;831,874;834,874;835,874;835,873;836,873;839,872;839,871;840,871;840,870;841,869;842,869;842,868;844,866;844,865;845,865;846,864;846,863;847,862;847,861;847,860;847,859;847,858;846,858;846,857;845,856;843,855;842,854;841,853;840,852;838,851;837,850;835,847;834,846;828,839;827,838;826,837;826,836;825,836;823,834;823,833;822,833;822,832;821,832;821,831;820,831;820,830;820,829;821,829;821,828;822,828;823,827;824,827;826,827;827,827;828,827;829,826;830,826;831,826;831,825;832,825;832,824;833,824;833,823;834,823;834,822;835,822;836,821;837,821;838,820;841,819;842,819;842,818;843,818;844,818;845,818;846,818;848,818;849,818;850,818;851,818;852,818;854,819;855,820;856,820;857,820;858,821;859,821;860,821;860,822;862,822;863,822;864,823;865,823;866,823;866,824;867,825;868,825;868,826;869,826;869,827;870,828;870,829;871,830;871,831;872,833;873,834;873,835;874,835;874,836;875,837;876,838;877,839;878,840;879,840;880,841;881,841;882,842;883,842;884,842;885,842;886,842;888,843;889,843;890,844;892,844;893,844;897,844;898,844;899,845;900,845;901,845;902,845;903,845;904,845;905,845;906,845;907,845;908,845;909,845;910,845;911,845;912,844;913,844;914,843;915,843;916,843;916,842;917,842;918,842;920,840;920,839;921,838;922,837;923,836;923,835;924,834;924,833;925,833;925,832;925,830;925,829;925,828;925,827;925,826;925,825;925,824;925,823;925,822;925,821;925,820;925,819;924,818;924,814;923,813;922,812;921,811;919,810;917,809;916,808;915,808;915,807;914,807;913,807;912,806;911,806;910,806;907,805;906,805;901,805;897,804;896,803;896,802;895,802;895,801;894,801;894,800;893,800;892,799;891,798;890,797;889,797;889,796;888,795;888,794;888,793;888,792;888,791;888,790;889,789;889,788;890,787;891,787;891,786;892,785;893,784;893,781;894,781;894,780;895,779;896,778;896,777;899,773;899,772;900,771;900,770;900,769;901,769;901,768;901,767;901,766;901,765;901,764;901,763;901,762;901,761;901,760;901,759;901,758;901,757;900,756;900,755;900,754;899,754;899,753;898,752;898,751;897,751;896,750;896,749;894,749;894,748;893,748;892,747;892,746;891,746;890,745;889,744;888,743;887,743;886,742;885,742;882,742;881,742;877,741;876,741;875,741;874,741;873,741;872,740;871,740;870,740;869,740;868,739;867,739;866,739;865,739;865,738;864,738;862,738;861,738;860,738;859,738;857,738;856,738;855,738;854,739;853,739;853,740;853,741;852,742;852,743;852,745;852,746;853,749;854,754;854,755;855,756;855,757;856,758;857,759;857,760;858,761;859,761;860,763;860,768;859,769;858,769;857,769;856,769;855,769;854,769;853,769;852,769;851,769;850,769;849,769;848,769;847,769;846,769;844,769;843,769;842,769;841,769;840,769;839,769;838,769;837,769;836,769;835,769;834,769;831,771;824,785;825,788;
Specular reflection; POLYGON; 191, 91, 22; 1001,881;1001,880;1000,879;999,878;998,878;997,876;996,876;995,876;994,876;992,876;991,876;990,876;989,876;988,876;987,876;986,876;985,876;984,876;983,876;982,876;981,876;980,876;979,876;978,876;977,876;976,876;975,876;974,877;973,877;972,878;971,878;970,879;969,880;968,880;967,880;966,881;965,881;964,882;963,882;962,882;961,882;960,882;959,882;958,881;957,880;956,879;955,879;952,876;951,876;949,873;944,868;943,867;943,866;942,866;941,865;941,864;940,864;940,863;939,863;939,862;938,862;938,861;937,861;937,860;936,860;935,859;933,859;932,858;931,858;930,858;929,858;928,858;926,858;925,858;924,858;923,858;922,858;921,858;920,858;919,858;918,858;917,858;916,858;915,858;914,858;913,859;912,859;912,860;911,860;910,861;910,862;909,862;909,863;908,863;908,864;908,865;907,866;906,869;906,870;905,871;905,872;904,873;904,874;904,875;903,876;902,877;901,878;900,878;899,878;899,879;897,879;897,880;896,880;896,881;895,882;895,883;894,883;894,884;893,884;893,885;892,885;892,886;891,886;891,887;890,887;890,888;889,888;889,889;888,890;888,891;887,891;887,892;887,893;886,896;886,897;886,898;886,899;886,900;886,901;886,902;886,903;887,904;887,905;888,905;889,906;889,907;890,908;891,908;892,909;893,909;894,910;896,912;897,912;898,913;899,913;900,914;901,914;902,915;903,915;905,915;906,916;907,916;908,916;909,916;911,917;912,917;916,917;917,917;919,918;920,918;922,918;928,920;929,920;930,920;931,920;932,920;933,920;934,920;936,920;937,920;938,919;939,919;940,919;940,918;941,918;941,917;941,916;941,915;941,914;942,914;942,913;942,912;
Specular reflection; POLYGON; 191, 91, 22; 952,922;952,923;953,924;954,925;955,925;955,926;956,926;957,927;958,928;959,928;960,929;961,929;962,930;963,931;964,931;965,931;965,932;966,932;967,932;968,932;969,932;970,932;971,932;972,933;973,933;974,934;975,934;976,934;978,934;979,934;980,934;983,935;985,935;986,935;988,935;990,935;991,935;992,935;993,935;996,935;997,935;998,935;999,935;1000,935;1001,935;1001,934;1002,934;1003,934;1004,933;1005,933;1006,933;1006,932;1007,932;1007,931;1008,931;1008,930;1009,930;1010,929;1010,928;1011,927;1012,926;1012,925;1013,923;1013,922;1014,918;1014,917;1014,914;1014,912;1013,910;1013,909;1012,904;1011,902;1010,899;1010,898;1009,897;1008,896;1008,895;1007,894;1007,893;1006,893;1006,892;1005,892;1005,891;1004,891;1003,891;1003,890;1002,890;1001,889;1000,889;998,888;997,887;996,887;995,887;993,885;992,885;989,885;988,885;987,885;986,885;985,885;984,886;980,888;979,890;
Specular reflection; POLYGON; 191, 91, 22; 985,886;984,886;982,886;981,886;980,886;979,887;976,887;966,890;963,890;961,891;960,891;958,891;957,892;956,892;954,893;953,893;952,894;950,894;949,895;948,895;947,896;946,897;945,897;944,898;943,899;943,900;942,901;940,902;939,903;938,904;937,905;936,905;936,906;935,907;934,907;933,908;933,909;932,910;932,911;932,912;933,913;933,914;934,915;934,916;935,917;935,918;935,919;936,920;936,921;936,922;937,922;937,923;939,923;940,924;941,924;947,926;948,926;949,926;950,926;951,927;952,927;953,927;954,927;955,927;956,928;957,928;959,928;960,928;961,928;964,928;966,928;967,929;969,929;970,929;972,929;974,929;975,929;977,928;979,928;981,927;982,926;984,925;986,924;987,923;989,922;990,921;992,920;993,919;993,917;994,916;995,914;995,913;995,912;996,910;996,909;996,907;996,905;996,903;995,902;995,900;994,899;993,898;992,897;990,897;989,897;987,897;
Specular reflection; POLYGON; 191, 91, 22; 1005,878;1004,878;1003,877;1002,877;1001,877;1000,876;998,876;997,876;995,876;994,876;992,876;990,876;988,876;986,877;984,878;983,879;981,880;979,881;978,883;976,884;975,886;974,887;974,889;984,894;989,895;992,895;994,896;996,897;998,897;999,897;1000,898;1001,898;1002,898;1002,899;
Specular reflection; POLYGON; 191, 91, 22; 949,934;948,934;948,933;947,933;947,932;946,932;944,932;944,931;943,931;942,931;941,931;940,931;939,931;938,931;937,931;936,931;935,931;934,931;933,931;932,931;930,931;929,930;928,930;927,930;926,930;925,930;924,930;923,930;921,931;920,932;917,935;917,936;916,936;916,937;915,938;915,939;915,940;914,940;914,941;914,942;914,943;914,944;914,946;914,947;915,947;915,948;916,949;916,950;917,951;917,952;917,953;918,953;919,956;920,956;920,957;921,957;922,958;922,959;923,959;924,960;925,961;926,961;926,962;930,965;932,966;933,966;935,967;935,968;936,968;937,968;938,969;939,969;940,969;941,970;942,970;943,970;944,971;945,971;946,971;947,972;948,972;949,972;949,973;950,974;951,975;952,975;953,976;954,976;955,976;956,976;957,976;958,976;959,976;960,976;961,977;962,977;963,977;965,978;966,978;967,978;968,978;969,978;970,978;971,978;974,978;979,965;978,963;978,960;976,956;976,954;975,953;974,952;973,950;970,947;968,946;966,945;964,943;957,939;955,937;949,934;946,932;939,930;935,930;931,933;931,937;
Specular reflection; POLYGON; 191, 91, 22; 935,965;934,965;932,966;931,966;930,967;929,968;928,968;928,969;927,970;926,971;926,972;926,973;926,974;926,975;926,976;926,977;927,977;927,978;927,979;927,980;928,980;928,981;928,982;928,983;929,983;931,987;931,988;932,989;932,990;933,990;934,991;934,992;935,992;935,993;936,993;937,994;938,994;939,994;940,994;941,994;941,995;942,995;943,995;944,995;945,995;946,995;946,996;947,996;948,996;949,996;950,996;951,996;952,996;953,996;954,995;955,995;956,995;956,994;957,994;958,993;958,992;959,992;960,983;960,981;960,978;960,977;959,975;959,974;958,973;957,972;957,971;956,970;955,970;953,969;952,969;950,968;948,967;946,967;944,967;941,967;939,967;938,967;936,967;934,968;934,970;
Specular reflection; POLYGON; 191, 91, 22; 760,690;759,690;758,690;757,691;755,691;754,692;752,693;750,693;749,694;747,695;746,695;745,696;743,697;742,697;741,698;740,698;739,698;738,699;737,699;736,699;735,700;734,700;733,700;732,701;731,701;730,702;729,702;728,703;728,704;728,705;728,706;728,715;728,716;728,717;728,718;728,719;729,720;730,721;731,723;732,725;733,726;734,726;734,727;735,727;736,727;737,727;738,728;739,728;740,728;741,728;742,728;744,728;745,729;746,729;748,729;749,729;750,729;751,730;753,730;754,730;755,730;756,730;758,730;759,730;760,730;761,730;763,730;764,730;765,730;766,730;767,729;768,729;769,728;770,728;770,727;771,727;772,726;772,725;773,724;774,723;775,723;776,721;778,716;778,715;778,714;778,712;778,711;778,710;778,708;777,707;777,706;777,704;777,702;776,702;775,701;775,700;774,700;773,699;772,699;770,698;768,697;766,697;764,696;762,696;760,695;758,695;757,695;756,694;755,694;
Specular reflection; POLYGON; 191, 91, 22; 785,669;784,669;783,669;775,671;773,671;771,672;770,673;769,674;768,675;766,677;765,678;765,679;765,681;765,682;765,683;765,685;765,686;765,687;765,688;766,689;767,690;768,691;770,692;771,693;773,693;774,694;776,695;778,695;779,696;780,696;781,697;782,697;783,697;785,698;786,698;788,698;789,698;790,698;791,698;792,697;793,696;795,695;796,693;797,692;799,691;800,689;801,688;802,686;803,685;804,684;804,683;804,682;804,681;804,680;804,679;803,678;802,677;800,675;799,674;797,673;795,672;794,671;793,670;785,668;776,673;
Specular reflection; POLYGON; 191, 91, 22; 830,670;829,670;827,670;826,670;824,671;823,671;821,672;820,672;819,672;817,672;816,672;816,673;815,673;814,673;813,673;812,673;808,673;805,673;805,674;801,675;800,675;794,680;794,681;791,683;791,684;791,685;791,686;791,687;791,688;792,689;793,689;794,690;794,691;795,691;796,692;797,692;798,693;801,695;802,696;803,696;805,697;806,698;807,699;808,699;810,700;811,701;812,701;813,702;814,703;815,703;816,703;817,704;818,704;819,704;821,705;822,705;823,705;825,705;826,706;828,706;830,706;831,706;832,706;834,706;837,706;850,700;851,699;851,698;851,697;851,695;851,693;851,691;851,690;851,688;851,686;850,684;849,681;849,680;848,679;848,678;848,677;847,676;847,675;846,674;845,672;844,672;843,671;842,670;840,669;839,669;836,669;834,669;831,669;829,669;826,669;823,670;820,671;816,674;813,678;812,680;811,682;810,684;
Specular reflection; POLYGON; 191, 91, 22; 839,697;836,697;834,697;832,697;830,698;828,699;826,699;825,700;822,702;821,703;821,704;820,705;820,706;820,707;820,708;820,709;821,711;822,712;822,713;823,714;824,715;826,716;827,717;828,719;830,720;831,721;833,722;835,722;836,723;838,724;840,724;846,725;848,725;853,723;855,721;857,719;857,718;858,716;859,714;859,712;860,709;861,707;861,706;862,704;862,703;862,702;862,701;862,700;860,699;859,698;858,698;857,697;854,697;853,697;852,697;850,697;850,698;
Specular reflection; POLYGON; 191, 91, 22; 980,799;979,799;978,799;977,800;976,801;974,801;973,802;972,803;971,804;970,804;968,806;967,807;966,807;966,808;964,810;964,811;964,812;964,813;964,814;965,815;966,816;966,817;967,817;967,819;968,820;968,821;968,822;969,822;969,823;969,824;969,825;969,826;969,827;969,828;970,828;970,829;970,830;970,831;970,833;970,834;970,835;969,836;969,837;968,837;968,838;967,839;967,840;967,841;967,842;967,843;967,844;968,844;968,845;969,845;970,846;971,846;971,847;972,847;973,848;974,848;975,848;977,849;978,849;979,849;979,850;980,850;981,850;982,850;983,850;984,850;985,850;986,850;987,850;988,850;989,850;990,850;992,851;993,851;994,851;996,851;997,851;998,851;999,851;1000,851;1000,850;1001,850;1003,849;1004,849;1006,847;1007,847;1008,847;1008,846;1009,846;1009,845;1010,845;1010,844;1010,843;1011,842;1011,841;1012,840;1012,839;1013,839;1013,838;1013,837;1014,837;1014,836;1015,835;1015,834;1015,833;1015,832;1016,832;1016,831;1016,830;1016,829;1016,828;1016,827;1016,826;1015,826;1015,825;1015,824;1013,819;1008,811;1007,810;1004,809;1004,808;1003,808;1002,808;1001,807;1000,807;1000,806;999,806;999,805;998,805;998,804;997,803;996,802;995,801;994,801;992,800;991,800;990,800;988,799;987,799;986,799;985,799;985,798;984,798;983,798;982,798;982,797;981,797;980,797;979,797;978,798;977,801;
Specular reflection; POLYGON; 191, 91, 22; 967,758;966,758;965,757;964,757;963,757;962,757;961,757;960,756;959,756;958,756;957,756;955,756;954,756;953,755;952,755;951,755;950,755;949,755;948,755;947,755;946,755;945,755;944,755;943,755;942,755;941,756;940,756;939,756;938,756;937,757;936,757;936,758;934,761;934,762;933,763;933,764;933,765;933,766;933,767;933,768;934,769;935,770;935,771;936,772;937,773;938,773;938,774;939,774;940,775;941,776;942,777;943,778;944,778;944,779;945,780;946,780;946,781;947,781;947,782;948,782;949,782;950,783;951,783;952,783;953,784;954,784;955,785;956,785;956,786;957,786;957,787;958,787;958,788;959,789;961,790;966,793;967,793;969,793;970,794;971,794;972,794;973,795;974,795;975,795;975,796;976,796;977,796;978,797;979,797;980,797;981,797;982,797;983,797;984,797;986,797;987,797;988,797;989,797;990,797;991,797;992,797;993,797;993,796;994,796;994,795;995,795;995,794;996,794;996,793;996,792;996,791;996,790;996,789;996,788;996,787;995,786;995,784;994,783;994,781;993,779;993,778;992,776;991,774;990,773;988,770;987,769;985,768;984,767;982,766;981,765;979,764;977,763;975,763;970,761;967,761;954,760;954,761;953,762;952,763;951,764;951,765;
Specular reflection; POLYGON; 191, 91, 22; 963,780;962,780;961,779;960,779;959,779;958,779;957,779;956,779;955,780;954,780;953,780;952,780;951,780;950,781;949,781;948,781;947,781;946,781;945,782;944,782;943,782;942,782;941,782;940,783;939,783;938,783;937,783;936,783;923,787;922,787;921,788;920,788;918,789;917,789;916,790;916,791;916,792;916,793;916,794;916,795;917,795;917,796;917,797;917,798;917,799;918,799;918,800;919,801;919,802;920,802;920,803;921,804;922,805;923,805;924,806;925,807;926,808;927,808;928,809;929,810;931,810;933,811;942,812;947,812;949,812;952,812;954,811;955,810;957,810;959,809;960,808;962,807;965,805;966,803;968,802;969,801;970,799;970,798;971,797;971,795;971,794;971,793;971,792;970,791;969,790;968,789;967,788;966,788;964,787;962,786;960,785;959,785;957,784;955,784;953,783;950,783;948,783;947,783;945,783;943,783;942,784;940,785;939,786;
Specular reflection; POLYGON; 191, 91, 22; 967,806;964,805;963,805;962,805;961,805;960,805;960,804;959,804;958,804;957,804;956,804;955,804;955,803;954,803;953,803;952,803;951,803;950,803;949,803;948,803;947,803;946,804;944,804;943,804;942,805;941,805;940,806;939,806;938,807;937,808;937,809;937,810;937,811;938,812;939,813;940,814;943,815;944,816;945,817;947,817;948,818;949,819;950,819;951,820;952,820;954,820;955,820;956,821;957,821;958,821;959,821;960,821;963,821;970,821;972,820;973,820;974,820;976,819;977,819;978,818;979,817;980,816;981,815;981,814;981,813;981,812;981,811;980,810;979,809;978,809;977,808;975,808;973,808;971,808;969,808;967,808;965,808;964,808;962,808;961,809;
Specular reflection; POLYGON; 191, 91, 22; 457,630;456,630;455,630;444,631;439,634;438,635;437,636;437,637;437,638;437,639;437,640;437,643;438,651;438,652;439,653;440,654;441,654;442,655;443,656;445,656;446,657;448,657;450,658;452,658;454,658;456,658;458,658;460,658;461,658;463,658;465,658;467,657;468,656;468,655;469,655;470,654;470,653;470,652;471,651;471,650;471,649;472,648;473,647;473,646;474,645;474,644;474,643;474,642;475,641;475,640;475,639;475,638;474,636;474,635;473,634;472,633;472,632;471,632;470,631;469,631;468,631;467,631;465,631;461,632;459,633;456,634;454,637;
Specular reflection; POLYGON; 191, 91, 22; 251,644;250,643;249,643;248,643;247,643;245,643;244,644;243,644;242,645;240,645;239,646;238,647;237,648;236,649;235,649;234,650;234,651;233,652;232,653;231,654;230,655;229,657;228,660;228,661;228,662;228,663;228,664;229,665;229,666;230,667;230,668;231,668;231,669;232,670;232,671;233,672;233,673;234,673;234,674;235,674;236,675;237,676;238,676;238,677;239,677;240,677;241,677;242,677;243,677;243,676;244,676;245,676;245,675;246,675;247,675;247,674;248,674;250,672;255,665;255,663;256,661;257,655;257,654;257,652;257,651;256,651;255,651;254,650;253,650;251,650;249,649;248,649;246,649;245,649;244,648;243,648;242,648;243,648;
Specular reflection; POLYGON; 191, 91, 22; 334,625;333,625;332,625;331,625;330,625;329,625;328,626;326,626;325,627;317,630;316,630;315,630;314,631;313,631;312,631;311,631;310,631;309,631;308,631;307,632;306,632;305,632;305,633;304,633;303,634;302,635;301,636;300,636;300,637;299,637;298,638;296,638;295,639;293,640;292,640;291,641;290,641;290,642;289,643;289,644;286,647;286,648;286,649;286,650;285,651;285,652;285,653;284,653;284,654;284,655;284,656;284,657;284,658;284,659;284,660;284,661;285,662;285,663;285,664;286,664;286,665;287,666;288,667;289,667;290,668;291,668;293,669;295,669;297,669;298,669;299,669;300,669;301,669;302,669;306,669;308,669;309,669;312,669;313,669;314,669;315,669;316,669;317,669;318,669;319,668;320,668;321,668;322,667;323,667;324,666;325,666;326,665;327,665;327,664;328,664;329,663;330,663;330,662;332,661;332,660;333,659;334,659;335,658;336,658;336,657;337,657;338,656;338,655;339,655;339,654;340,654;341,654;342,654;343,654;345,654;346,654;347,655;348,655;349,655;350,655;351,655;352,655;353,655;354,655;355,655;356,655;357,655;358,655;359,654;360,654;361,654;362,654;363,654;364,654;365,653;366,653;367,653;367,652;368,652;369,652;370,651;371,651;372,650;373,649;374,649;375,648;376,648;377,647;378,647;379,647;380,647;381,647;381,646;382,646;383,646;385,645;386,644;389,642;392,640;393,639;394,638;395,637;395,636;396,635;397,635;397,634;398,634;398,633;399,633;399,632;400,631;400,630;401,630;401,629;402,628;403,627;403,626;404,626;404,625;405,625;405,624;406,624;408,619;409,617;409,616;410,614;410,613;411,612;412,610;412,609;412,608;413,607;413,606;412,605;412,604;411,604;411,603;411,602;411,601;410,600;410,599;410,598;410,597;409,597;409,596;408,596;407,595;406,595;405,595;405,594;404,594;403,594;402,594;401,593;400,593;399,593;398,593;397,593;396,593;396,592;395,592;394,592;393,592;392,592;391,592;390,593;389,593;388,593;380,597;379,597;378,597;378,598;377,598;377,599;377,600;377,601;376,602;376,603;376,604;375,604;375,605;375,606;375,607;375,608;375,609;375,610;375,611;375,612;375,613;376,613;376,614;377,614;377,615;377,616;377,617;377,618;377,619;376,619;376,620;376,621;375,621;375,622;374,623;373,624;372,625;369,626;368,626;367,626;366,626;365,626;364,626;363,626;362,626;360,626;359,626;358,626;357,626;356,627;355,627;354,627;353,627;352,627;351,628;350,628;349,628;348,628;347,628;346,628;345,628;344,628;343,628;342,628;341,628;340,628;339,628;338,628;337,628;336,628;334,628;333,628;332,628;331,628;330,628;330,629;331,630;331,631;333,634;
Specular reflection; POLYGON; 191, 91, 22; 345,657;344,658;343,659;341,660;340,661;339,662;337,663;336,663;335,664;334,665;333,665;332,666;330,667;328,670;328,671;328,672;327,673;327,675;327,676;327,677;327,678;327,679;327,680;328,680;328,681;329,682;330,683;331,683;331,684;332,684;333,685;334,685;335,685;336,685;337,685;338,686;339,686;340,686;341,686;342,686;343,686;344,686;345,686;346,686;347,686;348,686;349,686;350,686;351,686;352,686;353,686;354,685;355,685;356,685;357,684;358,684;359,684;359,683;360,683;360,682;361,682;361,681;362,678;362,677;362,676;362,675;361,674;360,673;359,672;358,670;357,669;356,667;355,665;354,663;352,661;351,660;350,658;349,657;348,656;347,655;346,655;344,655;343,659;
Specular reflection; POLYGON; 191, 91, 22; 384,647;384,646;383,646;383,645;383,644;382,644;381,644;380,644;379,644;378,644;376,644;375,645;373,646;371,647;368,648;367,650;365,651;363,652;361,654;360,655;359,657;358,658;357,659;356,660;356,661;355,662;355,663;355,664;355,665;355,666;357,668;358,668;358,669;359,669;360,670;361,670;363,671;364,671;365,671;366,671;367,672;368,672;369,672;370,672;371,672;372,672;374,672;375,671;377,671;378,671;380,670;382,670;383,669;385,669;387,668;388,668;390,667;391,666;392,665;393,664;394,663;394,662;395,661;395,660;395,659;395,658;395,656;395,655;395,654;395,651;395,650;393,648;389,647;387,646;384,646;379,646;374,646;372,647;366,650;366,653;
Specular reflection; POLYGON; 191, 91, 22; 413,656;410,655;409,655;408,655;407,655;403,655;401,655;400,656;398,656;395,658;393,659;391,660;390,661;388,662;386,663;385,663;384,664;383,665;382,665;381,666;381,667;380,667;380,668;379,668;379,669;378,670;378,671;378,672;377,673;377,674;377,675;377,676;376,677;376,679;376,681;376,682;376,683;377,684;378,684;378,685;379,685;379,686;380,686;380,687;381,687;381,688;382,688;382,689;383,689;383,690;384,690;384,691;385,691;386,691;387,691;387,692;388,692;389,692;390,692;391,692;392,693;393,693;394,693;394,694;395,694;396,695;397,695;397,696;401,697;402,697;403,697;403,698;404,698;405,699;405,700;406,700;406,701;407,701;407,702;408,702;409,702;410,702;411,702;412,702;413,702;414,702;415,702;416,702;417,702;418,702;419,702;420,701;421,701;422,701;423,700;424,700;425,700;426,699;427,699;428,698;429,697;430,697;431,697;431,696;432,696;432,695;433,695;433,694;433,693;434,692;434,691;434,690;434,689;435,687;435,686;435,685;435,684;435,683;435,682;435,681;436,680;436,679;436,678;436,677;436,676;437,675;437,674;437,673;437,672;437,671;438,668;439,668;439,667;440,666;440,665;441,665;441,664;442,664;442,663;443,663;443,662;443,661;444,660;444,659;444,658;444,657;445,656;445,655;445,654;446,653;446,652;446,651;447,650;447,649;447,648;447,647;447,646;447,645;448,645;448,644;448,642;449,641;449,640;449,639;449,638;449,637;449,635;449,634;449,633;449,632;449,631;449,630;448,629;448,628;447,628;447,627;446,627;445,626;444,626;444,625;443,625;442,625;441,624;440,624;439,624;439,623;438,623;437,623;436,622;435,622;434,622;433,622;432,622;431,622;430,622;429,622;428,622;427,623;426,623;424,623;421,624;420,624;419,624;418,625;417,625;416,625;415,626;414,626;413,627;412,627;411,627;411,628;410,628;409,628;409,629;408,629;407,630;406,630;406,631;406,632;405,632;405,633;405,634;404,635;404,636;404,637;404,638;404,639;404,640;404,641;404,642;404,644;404,645;404,646;404,647;405,648;408,653;408,654;409,655;409,656;410,657;411,658;411,659;412,659;412,660;413,660;414,661;415,662;416,663;417,663;419,664;421,665;
Specular reflection; POLYGON; 191, 91, 22; 449,687;448,687;446,688;444,689;443,690;442,690;441,691;440,691;439,692;438,693;437,693;437,694;436,694;436,695;436,696;435,697;435,698;435,699;435,700;435,707;436,709;437,710;438,710;438,711;439,711;440,711;440,712;441,712;442,712;443,713;444,713;445,713;446,713;448,714;449,714;451,714;453,714;454,714;456,714;458,714;459,714;460,713;461,713;461,712;462,712;463,712;463,711;464,711;464,710;465,709;466,708;467,707;468,706;468,705;468,704;468,703;468,702;468,701;467,699;466,698;464,696;463,695;462,694;460,692;459,691;457,690;456,689;456,688;455,687;446,693;
Specular reflection; POLYGON; 191, 91, 22; 577,688;576,687;575,687;574,687;572,687;571,687;570,687;569,687;568,687;567,687;566,687;565,687;557,691;556,691;554,694;553,695;552,698;551,699;551,700;551,702;551,703;551,704;551,705;551,706;552,707;553,708;554,709;555,710;556,710;556,711;557,711;557,712;558,712;559,712;560,712;560,713;561,713;562,713;563,713;564,713;565,713;566,713;568,713;569,712;570,712;572,712;573,712;574,711;575,711;576,710;577,709;579,709;579,708;580,707;581,706;581,705;582,704;582,703;583,702;583,701;583,700;581,698;578,697;577,697;575,696;573,696;571,695;570,695;569,694;568,694;567,694;566,694;
Specular reflection; POLYGON; 191, 91, 22; 867,668;866,669;864,670;862,672;861,673;859,675;858,676;857,677;856,678;855,678;855,679;855,680;854,681;854,682;854,683;854,684;855,685;855,686;856,686;857,687;858,688;859,689;859,690;860,690;861,691;862,692;863,692;864,693;867,694;875,694;877,693;880,692;881,692;882,691;883,690;885,689;886,688;886,687;887,686;887,685;888,683;888,681;888,679;888,677;888,675;888,673;887,671;887,669;885,666;884,665;882,665;878,665;876,666;873,667;870,668;867,669;863,671;860,672;858,674;855,675;853,677;850,678;849,679;848,680;
Specular reflection; POLYGON; 191, 91, 22; 807,735;805,736;803,737;801,738;799,740;797,741;794,743;793,744;792,745;792,746;791,747;791,748;790,749;790,750;790,751;791,752;792,753;793,754;793,755;794,755;795,756;795,757;796,758;797,758;798,759;799,760;800,760;801,760;802,761;804,761;806,762;807,762;808,762;809,762;810,762;811,762;812,762;813,762;814,762;816,762;817,762;818,762;820,762;821,762;822,762;823,762;824,762;825,762;826,762;827,761;827,760;828,759;828,758;829,757;829,756;831,750;831,749;830,749;829,748;827,748;826,747;825,747;823,746;822,745;820,744;819,743;817,742;816,741;815,741;813,740;812,739;811,739;809,739;805,739;803,739;802,740;801,742;
Specular reflection; POLYGON; 191, 91, 22; 747,746;745,748;745,749;744,750;743,751;743,752;743,753;743,754;743,755;743,756;743,757;743,758;747,761;750,762;752,763;753,763;754,763;756,763;757,764;758,764;760,764;761,764;763,764;765,764;767,764;770,764;771,764;775,762;776,762;777,761;778,760;778,759;779,758;780,752;779,748;778,747;778,746;777,745;776,744;774,744;773,743;771,743;769,743;767,744;765,745;763,745;758,748;
Specular reflection; POLYGON; 191, 91, 22; 678,733;677,733;676,733;676,734;675,734;674,735;673,736;673,737;673,738;672,738;672,739;672,740;671,741;670,742;670,743;669,744;668,745;668,746;667,748;666,749;665,750;664,751;664,752;664,753;663,755;663,756;663,757;663,758;663,759;663,761;664,762;664,765;665,768;666,768;666,769;666,770;667,771;667,772;667,773;668,773;668,774;668,775;668,776;669,776;669,777;670,778;671,778;671,779;672,779;672,780;672,781;673,781;673,782;673,783;674,783;674,784;675,784;675,785;676,785;677,785;678,786;679,786;680,786;681,786;681,785;682,785;683,785;684,784;685,783;685,782;686,782;687,781;688,780;688,779;689,779;690,778;691,777;691,776;692,775;692,774;693,773;693,771;694,770;694,768;695,764;695,762;696,761;696,759;696,758;696,757;696,755;696,754;696,753;696,752;696,751;695,750;694,748;693,748;692,746;690,745;689,745;688,744;686,743;684,743;683,742;680,741;678,741;677,740;675,740;675,741;675,742;675,744;
Specular reflection; POLYGON; 191, 91, 22; 591,869;591,868;590,868;589,868;589,867;588,867;587,867;586,867;585,867;584,867;583,868;582,868;580,868;578,869;576,869;575,870;574,870;573,871;572,871;571,872;570,872;569,873;568,874;568,875;568,876;568,877;568,878;568,879;568,880;569,881;570,882;571,883;572,884;573,885;575,886;576,887;577,887;578,888;587,889;591,888;593,887;594,887;595,886;596,885;597,884;598,883;599,881;600,880;601,879;601,878;602,877;603,876;603,875;603,874;603,872;603,871;602,871;600,870;599,870;597,869;596,869;594,868;592,868;591,868;590,868;589,868;586,868;585,868;584,868;
Specular reflection; POLYGON; 191, 91, 22; 537,900;535,900;534,901;531,902;529,902;528,903;527,903;525,904;524,905;523,905;522,906;521,907;520,907;520,908;519,908;519,909;518,909;518,910;517,910;517,911;516,911;516,912;515,912;514,913;513,914;513,915;512,915;512,916;512,917;511,917;511,918;511,919;511,920;512,920;512,921;512,922;513,922;513,923;514,923;514,924;515,924;515,925;516,925;517,926;520,927;521,927;522,928;523,928;524,929;525,929;526,929;527,929;528,929;529,929;530,929;531,929;532,929;533,929;534,929;535,929;536,929;537,929;538,929;539,929;541,929;542,929;546,929;547,929;551,929;552,929;553,928;554,928;554,927;555,926;556,924;557,924;557,923;557,922;558,922;558,921;559,920;559,919;559,918;559,917;558,916;556,915;556,913;555,912;554,911;553,909;552,908;549,905;542,900;541,899;540,899;539,899;538,899;537,899;537,900;536,900;
Specular reflection; POLYGON; 191, 91, 22; 530,859;529,860;528,860;528,861;527,861;525,862;524,862;523,863;522,863;521,864;519,865;518,866;516,867;515,868;514,869;512,870;511,870;510,872;509,872;508,874;508,875;508,876;507,877;506,878;505,879;504,879;503,879;503,880;502,880;501,881;501,882;500,882;500,883;499,883;499,884;498,885;497,886;497,887;496,887;495,888;494,888;493,889;492,889;491,890;490,890;489,890;488,890;487,890;486,890;485,890;482,890;481,891;480,891;479,891;478,892;477,892;476,892;475,893;474,893;473,893;472,893;471,893;469,893;469,892;468,892;467,891;466,891;465,890;464,889;463,888;459,887;458,887;456,887;453,888;452,889;451,889;451,890;450,890;449,891;449,892;448,892;448,893;447,894;447,895;446,895;446,896;446,897;444,898;443,899;442,899;442,900;441,901;440,901;440,902;439,902;439,903;438,904;437,905;437,906;436,907;436,908;435,908;435,909;434,910;433,911;432,915;432,916;432,917;433,918;433,919;434,919;435,920;435,921;437,922;439,924;440,924;440,925;441,925;442,925;443,926;444,926;445,926;446,926;448,926;451,926;453,926;454,926;456,926;457,926;459,926;460,926;461,926;462,927;463,927;464,927;465,927;466,927;467,927;467,928;468,928;469,928;470,928;471,928;471,929;472,929;473,929;474,929;474,930;475,930;475,931;476,931;476,932;477,932;478,932;479,932;480,932;482,933;483,933;484,934;485,935;487,936;488,937;489,938;490,939;490,940;491,940;492,942;492,943;493,944;494,944;494,945;495,945;495,946;496,946;496,947;497,947;497,948;498,948;498,949;499,949;499,950;500,950;501,951;501,952;502,952;506,954;507,954;508,954;510,955;512,956;513,956;515,958;517,959;518,960;519,960;521,960;522,961;523,961;524,961;524,962;525,962;526,962;527,963;528,963;529,964;530,964;531,964;532,964;533,964;534,964;535,964;536,964;537,964;538,964;539,964;540,963;541,963;542,963;543,963;544,963;545,963;546,963;547,963;548,963;549,963;550,963;551,963;551,962;552,962;553,962;554,962;555,961;558,960;559,960;561,959;562,959;563,958;564,958;567,957;570,956;570,955;571,955;572,954;573,954;574,954;575,953;576,952;577,952;578,951;579,951;579,950;580,949;581,949;582,947;582,946;582,945;582,944;583,943;583,942;583,941;583,940;583,939;583,938;583,937;583,936;583,935;583,934;583,933;582,931;582,930;582,928;581,927;581,925;580,924;580,923;579,922;579,921;578,920;577,917;576,916;576,915;576,914;575,913;575,912;575,911;574,910;574,909;573,908;572,907;571,906;567,899;567,898;567,897;567,896;567,895;567,894;566,893;565,892;565,891;564,890;563,890;563,889;562,888;561,887;561,886;560,886;560,885;559,884;558,883;558,882;557,882;557,881;557,880;556,879;556,878;556,877;555,876;555,875;554,875;554,874;553,873;553,872;552,872;552,871;551,871;550,870;549,869;549,868;548,867;547,866;547,865;544,861;543,861;542,860;541,860;539,860;538,860;537,860;535,860;534,860;533,860;532,860;531,860;530,860;529,860;528,860;526,861;524,863;523,864;522,865;522,867;521,868;
Specular reflection; POLYGON; 191, 91, 22; 404,823;403,823;400,823;398,823;396,823;395,823;393,824;390,825;383,829;382,830;377,833;373,834;372,835;370,836;368,836;366,838;365,838;364,839;362,840;361,841;360,842;359,842;358,843;358,844;357,845;356,846;355,847;355,848;354,848;353,848;352,848;352,849;352,850;352,851;352,852;352,853;351,854;351,855;351,857;351,858;351,859;351,860;351,861;353,862;353,863;353,864;354,864;354,865;355,865;355,866;355,867;356,867;356,868;357,869;357,870;358,870;359,871;360,871;361,871;361,872;362,872;363,873;364,873;364,874;365,874;366,874;366,875;367,875;367,876;367,877;367,878;367,879;366,879;364,877;363,877;362,876;361,876;360,875;359,874;358,873;357,873;356,872;355,871;354,871;354,870;353,870;352,869;351,869;350,868;349,868;348,868;348,867;347,867;346,867;345,867;344,867;343,868;340,870;339,871;338,872;337,872;336,873;336,874;335,875;335,876;334,877;333,878;332,879;332,880;331,880;331,881;330,881;330,882;329,882;328,883;327,883;327,884;326,884;325,885;324,885;324,886;323,886;322,887;321,887;320,888;320,889;319,889;319,890;318,890;318,891;318,892;318,894;318,895;318,896;317,897;317,898;316,899;316,900;316,901;316,902;315,902;315,903;315,904;315,905;314,905;314,906;314,907;314,908;313,909;313,910;313,911;313,912;313,913;313,914;314,914;314,915;315,915;315,916;316,916;316,917;317,917;319,918;322,918;323,918;324,917;326,917;327,916;328,916;329,916;330,915;331,915;333,914;334,914;335,914;336,913;337,913;338,913;339,913;340,912;341,912;342,911;343,910;344,910;345,909;346,908;347,908;348,906;349,905;349,904;350,903;350,902;350,901;350,900;350,899;350,898;350,897;350,896;350,895;350,894;350,893;351,892;351,891;351,890;352,890;352,889;352,888;352,887;353,887;353,886;354,886;355,886;356,886;357,886;357,887;358,887;359,887;359,888;360,888;361,889;362,889;363,890;364,890;365,890;366,890;370,891;371,891;372,891;373,891;376,891;377,891;380,891;381,891;382,891;383,891;384,892;385,892;385,893;386,893;387,893;387,894;388,894;388,895;389,895;390,896;391,896;391,897;392,897;393,897;394,897;396,897;397,897;398,897;399,897;400,896;401,896;401,895;402,895;402,894;403,894;404,893;405,892;406,892;406,891;407,891;407,890;408,890;409,890;409,889;410,889;411,889;411,888;412,888;412,887;413,887;413,886;414,886;414,885;415,884;416,884;416,883;417,882;418,881;419,881;419,880;420,880;421,877;423,873;423,872;423,871;424,869;424,868;425,867;425,866;425,865;426,864;426,863;426,862;426,861;427,861;427,860;427,859;427,858;427,857;427,856;427,855;427,854;427,853;427,852;427,851;427,850;427,849;427,848;427,847;427,846;427,845;427,844;427,843;427,842;427,841;427,840;427,839;426,838;426,837;426,836;426,835;426,834;426,833;425,833;425,832;425,831;425,830;424,830;424,829;424,828;422,826;421,826;419,825;418,825;417,824;416,824;415,824;414,823;413,823;412,823;411,823;409,823;407,823;406,823;404,824;402,824;401,825;400,826;398,828;397,829;397,830;397,832;
Specular reflection; POLYGON; 191, 91, 22; 440,813;438,813;437,814;436,814;435,815;434,816;433,817;433,818;432,819;431,820;431,821;430,829;431,831;432,832;433,833;434,834;436,836;438,837;439,838;441,838;442,839;444,839;446,839;447,839;449,839;453,837;455,836;457,834;458,832;460,830;461,829;462,827;463,825;463,824;463,823;463,822;463,821;462,820;461,819;461,818;460,818;459,817;458,817;457,817;456,817;455,818;
Specular reflection; POLYGON; 191, 91, 22; 607,708;606,708;605,708;603,708;602,708;600,708;598,709;597,710;595,711;593,712;591,713;588,714;587,715;585,716;583,717;581,718;580,719;578,721;577,721;576,722;575,723;574,724;573,725;572,726;572,727;572,728;572,729;572,730;572,731;573,732;574,733;576,736;577,736;577,737;578,737;579,737;580,737;581,737;582,737;583,737;584,737;585,737;586,737;587,737;588,737;590,737;591,737;592,737;594,737;595,737;597,737;598,736;600,736;602,735;603,734;605,733;607,731;609,730;611,729;613,727;615,726;616,725;617,724;618,723;619,722;619,721;619,720;620,719;620,717;620,716;620,715;620,714;620,713;620,712;620,711;619,711;618,711;616,712;614,714;612,715;610,717;
Specular reflection; POLYGON; 191, 91, 22; 786,632;785,631;784,631;783,631;782,631;780,630;779,630;778,630;776,630;775,630;774,631;773,631;772,631;772,632;771,633;770,634;770,635;769,635;769,636;768,636;768,637;767,637;766,638;766,639;765,640;765,641;764,642;764,643;764,644;764,645;764,646;764,647;764,648;764,649;765,650;766,651;767,652;768,653;769,653;770,653;771,654;772,654;773,655;775,655;779,656;799,656;800,656;801,656;802,655;803,654;804,654;804,653;805,653;805,652;805,651;806,648;806,646;806,644;806,643;805,642;804,641;804,640;803,639;801,639;799,639;
Specular reflection; POLYGON; 191, 91, 22; 717,310;716,311;715,311;714,311;713,311;712,311;711,311;710,311;709,312;708,312;706,312;705,313;704,313;703,314;702,314;700,314;699,315;698,316;697,316;696,317;695,317;694,318;693,319;692,319;692,320;691,320;690,321;689,322;689,323;689,324;689,325;688,325;688,326;688,327;688,328;687,328;687,329;687,330;686,330;686,331;685,331;684,334;683,335;682,336;682,337;681,337;681,338;681,339;681,340;681,341;681,342;682,343;682,344;683,344;683,345;683,346;684,346;684,347;684,348;685,348;685,349;686,349;686,350;688,350;695,351;696,351;698,351;699,351;701,351;702,350;704,350;705,350;707,349;708,349;709,349;710,348;711,348;712,348;713,348;714,347;715,347;716,347;717,347;718,347;719,346;720,346;721,346;722,346;723,345;724,345;725,345;726,345;727,345;728,345;728,344;729,344;730,344;731,344;732,343;733,343;734,343;735,342;736,342;737,342;738,341;739,341;740,340;741,340;742,340;742,339;743,339;744,339;750,336;753,324;753,323;753,322;753,321;753,320;753,319;753,318;753,317;752,317;752,316;751,316;750,316;749,315;748,315;746,315;745,314;743,314;741,314;739,314;736,314;734,314;732,314;730,314;727,314;725,314;724,314;722,315;720,316;719,316;717,317;716,318;715,318;714,319;713,319;712,320;713,320;
Specular reflection; POLYGON; 191, 91, 22; 715,313;714,313;712,314;711,314;709,315;707,315;706,316;704,316;702,317;701,317;700,318;699,318;698,319;697,319;696,320;695,320;694,320;693,321;692,321;691,321;690,322;689,322;688,322;687,323;686,323;685,324;684,324;682,325;681,326;680,327;679,327;679,328;678,329;676,337;676,339;676,340;676,341;677,341;677,342;683,343;685,343;686,343;687,343;688,343;689,343;692,343;693,343;694,344;695,344;696,344;697,344;700,344;701,344;703,343;704,343;708,342;710,341;712,341;713,340;715,339;716,338;717,338;718,337;719,337;719,336;720,336;
Specular reflection; POLYGON; 191, 91, 22; 319,224;318,226;317,227;316,228;314,230;313,231;312,232;309,239;309,240;310,241;311,241;312,242;313,242;313,243;314,243;315,244;316,244;317,244;318,244;319,244;320,244;321,244;322,244;332,241;333,240;335,239;336,239;339,237;340,236;343,234;343,233;344,232;345,230;345,229;346,228;346,227;346,226;347,225;347,224;347,223;346,223;345,223;343,223;341,223;339,223;327,225;319,227;317,227;317,228;317,229;318,230;
Specular reflection; POLYGON; 191, 91, 22; 233,367;232,366;231,366;230,366;229,366;228,366;228,367;227,367;226,367;225,367;225,368;224,368;223,368;222,369;221,369;220,370;218,371;217,372;216,372;215,373;214,374;214,375;213,376;213,377;213,378;213,380;213,381;213,386;213,388;213,389;213,390;214,391;214,392;215,393;215,394;216,395;217,396;218,396;218,397;219,397;220,398;220,399;221,399;221,400;221,401;222,401;222,402;223,402;224,402;225,402;226,402;227,402;228,402;229,402;230,402;232,400;237,394;238,393;238,391;239,390;240,389;240,388;240,387;241,386;241,385;241,384;241,383;242,382;242,381;242,380;242,379;242,377;242,376;242,374;242,373;242,372;242,370;242,369;242,368;242,367;242,366;240,366;239,366;237,366;234,366;232,367;228,368;226,369;223,369;220,370;217,371;214,372;212,372;210,373;209,373;209,374;209,375;209,376;210,377;211,378;
Specular reflection; POLYGON; 191, 91, 22; 180,414;169,425;167,430;167,432;168,432;168,433;
Specular reflection; POLYGON; 191, 91, 22; 198,424;198,423;199,422;199,421;199,420;199,419;199,416;181,424;180,425;
Specular reflection; POLYGON; 191, 91, 22; 192,413;192,411;191,411;186,410;169,419;163,435;164,436;164,437;165,438;166,439;167,439;168,440;168,441;169,442;
Specular reflection; POLYGON; 191, 91, 22; 200,429;200,428;200,427;200,426;199,425;198,423;198,422;197,420;197,419;197,418;195,415;168,425;175,438;
Specular reflection; POLYGON; 191, 91, 22; 183,420;182,421;181,421;178,423;173,426;173,427;172,427;172,428;171,429;171,430;171,431;171,432;171,433;171,434;171,435;171,436;171,437;171,438;172,439;172,440;172,441;173,442;173,443;174,444;175,445;176,445;176,446;177,447;178,447;179,448;181,448;182,448;183,448;185,448;186,448;187,448;188,447;190,446;191,445;192,443;193,442;194,440;195,438;196,437;197,435;198,434;199,432;200,431;201,429;201,428;202,428;202,427;203,426;203,425;203,424;202,423;201,422;200,422;199,421;198,421;197,420;196,420;195,420;190,420;174,430;174,431;173,433;
Specular reflection; POLYGON; 191, 91, 22; 183,428;182,428;179,428;178,428;177,429;175,430;174,431;173,432;171,433;170,434;169,435;168,437;167,438;166,439;163,442;156,448;155,449;154,450;154,451;154,452;154,453;153,454;153,455;153,457;153,458;153,459;152,460;152,461;152,462;152,463;152,464;152,465;152,466;152,467;152,468;152,469;153,471;154,473;155,474;155,475;156,475;156,476;156,477;157,477;158,477;158,478;159,478;160,478;161,479;161,480;162,480;162,481;162,482;162,483;160,485;160,486;159,487;159,488;158,488;158,489;157,490;157,491;156,491;156,492;155,493;155,494;154,495;154,496;154,497;154,498;153,498;153,499;153,500;153,501;153,502;153,503;153,504;153,505;153,506;153,507;153,508;153,509;154,510;154,511;155,511;155,512;156,512;157,513;157,514;158,514;159,514;159,515;160,515;160,516;161,516;165,519;166,520;167,520;167,521;168,521;169,521;170,521;171,521;172,521;173,521;174,521;175,521;176,521;177,521;178,521;179,521;181,521;182,521;183,521;184,521;185,521;186,521;187,521;188,521;188,520;189,519;190,519;191,518;192,517;192,516;193,515;194,514;195,514;196,513;196,512;197,511;197,510;198,509;198,508;198,507;198,506;198,505;198,504;198,503;197,501;197,500;197,499;197,498;197,496;197,495;197,490;195,490;195,489;194,489;193,489;193,488;194,488;195,489;196,490;197,490;197,491;198,491;198,492;199,492;200,493;201,493;202,493;203,493;204,493;206,493;207,493;208,493;209,493;212,493;213,493;214,493;215,493;216,493;217,493;219,492;220,491;221,491;222,490;224,488;226,484;227,484;227,483;227,482;228,481;228,480;228,479;228,478;228,477;227,476;227,475;226,475;225,474;225,473;224,472;223,471;223,470;222,470;221,469;220,468;219,468;219,467;218,467;218,466;217,466;217,465;218,465;219,465;220,465;221,465;224,465;225,465;226,465;227,465;228,465;229,465;230,465;231,465;232,465;233,465;234,465;235,465;236,465;237,465;238,465;239,465;240,465;241,465;241,466;242,466;242,467;243,467;244,467;246,468;247,468;248,467;253,465;254,465;255,464;256,464;256,463;257,463;258,462;261,460;262,460;263,459;264,459;265,459;266,459;267,459;268,459;269,459;270,459;271,459;272,459;273,459;274,458;275,458;276,458;277,458;
Specular reflection; POLYGON; 191, 91, 22; 298,458;299,458;300,458;301,458;302,458;303,458;304,458;311,460;312,461;313,462;314,462;314,463;315,463;316,463;317,463;318,463;319,463;319,464;320,464;321,464;322,464;323,465;324,465;325,465;326,465;330,465;331,465;332,465;333,465;334,465;335,465;336,465;336,464;337,464;338,464;338,463;339,462;340,461;341,460;341,459;342,459;342,458;342,457;343,457;343,456;343,455;343,454;343,453;343,452;343,451;343,450;343,449;343,448;343,447;343,446;342,444;341,443;340,440;335,432;335,431;334,430;333,429;331,427;330,426;330,425;329,424;328,424;327,423;326,422;325,422;324,421;323,421;322,421;322,420;321,420;320,419;319,419;318,419;316,418;315,418;314,418;312,417;310,417;308,416;307,416;306,415;305,414;304,414;303,413;302,412;301,412;300,411;299,410;298,410;297,410;296,409;295,409;294,409;293,409;292,409;291,409;290,409;289,409;288,409;287,410;286,410;284,410;283,410;282,410;281,410;275,409;270,409;269,409;267,409;266,409;265,409;264,409;263,410;262,410;261,411;260,411;259,411;258,412;257,412;256,413;255,414;254,414;253,414;253,415;252,415;251,415;250,415;249,415;248,415;247,415;246,416;244,416;243,416;242,416;240,417;239,417;238,417;237,417;236,417;235,418;234,418;233,418;232,418;231,419;230,419;229,419;228,419;227,419;226,420;225,420;224,420;223,420;222,421;221,421;220,422;219,422;218,423;217,424;216,424;212,427;212,428;212,429;212,430;212,431;212,432;212,433;212,434;212,435;212,436;212,437;212,438;211,438;211,439;211,440;210,442;210,444;210,445;210,447;210,449;211,450;212,451;213,453;214,454;216,455;220,457;225,459;
Specular reflection; POLYGON; 191, 91, 22; 312,491;311,491;308,492;306,492;304,493;303,494;301,495;298,496;297,497;295,499;292,500;291,501;289,502;288,503;287,504;287,506;286,507;286,508;286,509;286,510;286,511;287,512;287,513;288,514;289,514;289,515;290,516;291,516;292,517;293,517;294,517;295,518;296,518;297,518;298,518;300,518;301,518;303,518;305,518;307,517;308,517;310,516;312,515;314,513;315,512;317,511;318,509;319,508;320,506;322,504;323,503;324,501;328,497;329,496;329,495;330,495;330,494;328,495;320,496;317,496;316,497;314,497;313,497;312,497;311,497;310,497;309,498;309,499;
Specular reflection; POLYGON; 191, 91, 22; 249,552;248,552;247,552;243,552;242,553;241,553;240,554;238,555;236,556;235,557;233,558;232,559;230,560;228,561;227,563;226,564;225,565;224,566;223,567;223,568;222,569;222,570;222,571;223,572;224,573;225,573;226,574;228,575;230,575;231,575;233,576;235,576;236,576;238,577;239,577;241,577;242,577;244,577;246,577;248,577;250,576;253,575;255,573;257,572;259,570;261,568;263,567;264,565;265,564;266,563;266,562;266,561;265,560;264,560;254,560;251,560;245,560;243,560;241,560;
Specular reflection; POLYGON; 191, 91, 22; 418,558;417,557;416,557;414,557;413,557;411,557;402,560;392,565;390,567;389,568;388,569;388,570;387,571;387,572;387,573;387,574;387,575;388,575;388,576;390,578;393,582;393,583;394,583;395,584;396,585;397,585;398,585;402,587;403,587;404,587;405,588;406,588;407,588;408,588;409,588;410,588;412,588;413,588;414,588;416,588;417,588;419,588;420,588;422,588;431,586;432,585;433,584;435,583;442,577;442,576;442,575;441,574;440,573;440,572;439,571;438,569;437,568;435,566;434,565;432,563;429,561;427,560;424,559;422,558;419,557;416,557;413,557;410,557;408,557;406,559;404,560;402,561;401,563;400,565;400,566;
Specular reflection; POLYGON; 191, 91, 22; 324,567;323,568;322,569;320,569;317,572;316,572;313,575;312,576;311,576;310,577;309,578;308,579;308,580;308,581;308,582;308,583;308,584;308,585;309,587;310,588;311,590;313,592;314,593;316,593;317,593;318,593;320,593;323,593;325,593;327,592;330,591;332,590;333,589;335,588;337,587;338,587;339,586;340,585;340,584;341,584;341,580;339,576;339,574;337,572;336,571;336,570;334,569;333,569;333,570;332,571;332,572;331,574;330,576;
Specular reflection; POLYGON; 191, 91, 22; 355,593;355,592;355,591;354,591;353,591;352,591;351,591;350,591;349,592;348,593;346,593;345,594;344,595;343,596;342,597;341,599;340,600;339,601;338,602;337,603;336,604;335,606;334,607;334,608;334,609;334,610;334,611;334,612;353,620;356,620;357,619;358,618;360,617;361,616;366,611;366,610;367,609;367,608;367,607;366,604;364,602;364,601;363,600;362,598;360,596;359,594;358,593;357,592;356,591;355,591;353,590;351,592;
Specular reflection; POLYGON; 191, 91, 22; 56,638;54,640;51,643;50,645;46,652;45,656;45,657;45,658;45,660;44,663;38,674;37,675;36,676;36,677;36,678;35,681;34,683;34,684;34,686;31,700;27,705;27,706;26,706;21,715;20,717;20,718;20,719;19,721;14,732;14,733;14,734;14,735;14,737;14,738;14,739;14,740;11,743;10,743;10,744;9,745;9,746;8,746;8,747;8,749;7,757;7,758;7,759;7,760;7,761;7,765;7,771;6,772;6,773;6,774;6,775;6,776;6,778;8,782;8,783;8,784;8,786;9,790;11,794;11,795;11,798;11,799;11,802;11,805;11,806;13,809;16,817;16,818;17,820;18,820;19,821;20,822;23,826;24,827;25,828;26,828;28,830;29,830;30,830;31,830;32,830;33,829;36,826;42,814;44,795;44,794;44,793;44,790;45,780;46,770;46,768;46,766;46,764;46,763;46,761;46,756;46,755;46,753;45,747;45,746;44,746;43,736;43,733;43,732;42,731;42,728;42,727;42,726;42,725;42,724;44,721;45,719;46,719;49,716;50,715;52,713;60,701;61,699;61,698;63,695;63,694;64,691;64,690;64,688;67,685;68,684;68,683;69,682;69,681;70,680;70,679;71,677;72,672;73,671;73,670;74,669;74,668;75,667;76,665;77,655;77,654;77,653;77,652;78,650;81,642;81,641;82,640;82,639;82,634;82,631;82,625;82,624;82,623;81,621;80,621;80,620;79,620;79,619;78,619;74,621;73,621;73,622;72,622;
Specular reflection; POLYGON; 191, 91, 22; 59,630;59,631;59,632;58,633;58,636;57,636;57,637;56,638;55,639;54,641;59,655;
Specular reflection; POLYGON; 191, 91, 22; 710,794;708,796;706,797;701,802;701,803;700,805;700,806;700,808;700,809;704,814;705,815;707,817;708,818;709,819;711,820;716,822;718,823;723,823;724,823;726,823;728,822;729,821;731,820;734,817;732,801;731,799;730,798;729,796;729,795;727,793;727,792;726,792;725,791;720,793;
Specular reflection; POLYGON; 191, 91, 22; 521,707;519,707;518,707;517,706;516,706;514,706;513,706;512,706;511,707;509,707;508,707;506,708;505,709;503,710;501,711;500,712;498,714;496,715;494,717;492,718;490,720;488,722;487,723;484,725;483,726;482,728;481,729;480,730;479,731;479,732;479,733;479,734;479,735;480,736;481,737;482,738;483,738;484,739;485,740;486,740;488,742;490,743;493,744;494,744;496,745;498,745;500,746;501,746;503,746;505,746;507,746;509,746;510,746;512,746;513,746;517,746;518,746;519,746;523,743;527,721;526,719;524,717;522,716;520,714;518,713;516,713;514,712;513,712;512,712;511,712;510,712;509,712;509,713;509,715;
Specular reflection; POLYGON; 191, 91, 22; 256,795;252,798;251,799;248,801;247,802;246,803;245,805;244,806;244,807;243,808;243,809;243,810;243,811;243,812;243,813;243,814;243,816;244,817;245,818;246,820;247,821;248,822;250,824;252,825;254,826;256,827;258,827;260,828;263,828;265,828;267,828;269,827;271,826;273,825;275,823;276,822;282,808;282,806;281,804;279,802;274,799;272,799;266,799;260,806;
Specular reflection; POLYGON; 191, 91, 22; 309,986;308,986;307,987;306,987;299,994;299,995;299,998;299,999;299,1000;299,1001;300,1002;301,1002;303,1003;304,1003;306,1004;308,1005;309,1005;310,1005;316,1006;321,1006;323,1006;324,1005;326,1005;327,1004;328,1003;329,1002;330,1000;331,997;331,995;331,994;331,992;331,991;330,990;329,989;328,988;327,987;326,986;325,986;324,986;322,985;321,985;320,985;318,985;317,985;
Specular reflection; POLYGON; 191, 91, 22; 71,924;71,925;71,926;71,928;71,930;71,932;71,940;71,943;71,945;71,946;71,947;71,948;71,949;71,950;71,951;71,952;72,953;72,954;72,955;72,956;73,957;73,958;74,959;74,960;74,961;75,962;75,963;76,964;77,964;77,965;78,965;79,965;81,967;83,969;84,969;84,970;85,970;86,970;89,967;90,964;90,963;91,961;91,960;92,959;92,958;92,957;92,956;92,955;92,954;92,952;92,951;93,949;93,948;93,947;93,945;93,944;93,943;93,942;93,941;93,940;93,939;93,938;93,937;92,936;92,935;92,934;92,933;91,932;91,931;91,930;90,928;90,927;90,926;89,925;89,924;87,920;84,916;84,915;83,914;81,911;80,909;79,908;78,907;78,906;77,905;77,904;75,904;74,904;73,905;72,906;71,906;69,908;68,909;67,910;66,911;65,912;64,913;61,922;61,924;61,929;64,937;
Specular reflection; POLYGON; 191, 91, 22; 694,952;692,952;689,952;687,952;685,952;683,953;681,954;679,954;677,955;675,956;673,957;672,957;670,958;669,958;667,959;666,959;664,959;663,959;662,959;661,959;660,959;659,959;657,959;656,959;653,960;651,960;650,960;648,961;647,961;645,962;644,962;642,963;641,963;637,965;635,965;634,965;633,965;633,966;632,966;632,967;631,967;630,967;629,969;626,971;625,971;624,972;623,973;622,973;620,974;619,975;618,976;617,977;617,978;617,979;617,980;617,981;617,982;617,983;617,984;617,985;617,986;617,987;617,988;618,988;619,989;619,990;620,990;621,991;622,992;623,993;623,994;624,994;625,996;629,1000;630,1001;631,1001;632,1002;633,1002;634,1002;635,1002;636,1002;637,1002;638,1002;640,1003;648,1003;652,1003;654,1002;655,1002;656,1002;657,1002;658,1002;659,1002;660,1002;661,1002;662,1002;663,1002;664,1002;665,1002;666,1002;667,1002;668,1001;669,1001;670,1000;671,1000;673,998;674,998;675,997;676,997;676,996;677,996;677,995;678,995;679,994;681,993;682,991;683,990;683,989;684,989;684,988;684,987;685,987;685,986;686,986;688,984;691,983;692,983;693,983;694,983;695,982;696,982;697,982;699,982;700,981;701,981;702,981;703,981;704,980;705,980;706,980;710,979;711,978;712,978;712,977;713,977;714,976;715,975;716,974;716,973;717,973;718,972;718,971;719,970;719,969;720,969;720,968;720,967;721,964;722,963;722,962;722,961;722,960;722,959;722,958;722,957;722,956;719,953;718,953;714,952;712,952;708,952;706,952;704,952;701,952;699,951;696,951;695,951;691,951;690,951;689,951;688,951;688,952;688,953;689,954;
Specular reflection; POLYGON; 191, 91, 22; 728,994;727,995;725,996;723,997;722,998;720,999;719,1000;717,1001;716,1002;715,1003;714,1005;712,1005;711,1007;710,1008;709,1009;708,1012;709,1016;709,1017;709,1018;709,1019;709,1020;710,1020;710,1021;711,1022;712,1023;712,1024;713,1024;713,1025;714,1025;714,1026;715,1026;716,1027;717,1027;718,1027;719,1027;720,1028;721,1028;722,1028;723,1028;724,1028;725,1028;726,1028;727,1028;728,1028;729,1028;730,1027;731,1027;732,1026;735,1025;737,1025;738,1025;738,1024;739,1024;741,1024;741,1023;742,1023;743,1023;744,1023;745,1022;747,1022;751,1021;753,1020;754,1020;755,1019;756,1019;757,1018;758,1018;758,1017;759,1016;760,1016;760,1015;761,1014;762,1013;762,1012;762,1011;763,1010;763,1009;763,1008;763,1005;763,1004;763,1003;762,1002;762,1001;761,1000;760,998;759,998;758,997;756,996;754,995;752,994;750,994;747,993;745,992;742,992;740,991;737,991;735,990;732,990;731,990;729,989;728,989;727,989;732,990;
Specular reflection; POLYGON; 191, 91, 22; 849,950;848,950;847,950;846,950;844,951;843,951;842,952;841,952;840,953;836,955;836,956;835,956;832,958;832,959;830,962;830,963;830,964;830,965;830,966;830,967;830,968;830,969;831,969;831,970;832,971;833,972;834,973;835,973;835,974;836,974;837,975;838,975;839,976;840,976;840,977;841,977;842,978;843,978;844,978;845,979;846,980;847,980;848,981;851,983;851,984;852,985;853,985;854,985;854,986;855,986;856,986;858,986;861,986;862,986;863,986;864,986;866,986;866,985;868,985;869,984;871,984;874,982;875,982;876,981;877,981;879,980;880,980;880,979;881,979;882,979;884,981;885,981;886,982;887,982;888,983;889,983;892,984;895,984;897,985;898,985;899,985;900,985;901,985;902,986;903,986;904,986;906,986;907,986;911,985;912,985;913,985;914,985;916,985;917,985;918,985;919,985;920,985;920,984;922,984;923,984;924,983;926,983;927,982;930,981;931,980;931,979;931,978;931,977;931,976;931,975;931,968;930,967;929,966;927,965;926,964;924,964;924,963;923,963;922,963;921,962;920,962;919,961;918,961;913,960;910,959;908,959;907,959;905,959;903,959;901,959;898,959;897,959;896,959;894,959;893,959;889,959;888,959;887,959;886,958;882,958;851,955;850,955;847,955;844,953;845,954;
Specular reflection; POLYGON; 191, 91, 22; 991,965;986,971;985,972;985,973;984,974;983,976;983,977;983,979;983,980;983,981;984,982;984,984;985,985;985,986;986,987;986,988;987,989;988,991;988,992;989,993;990,996;990,997;990,998;990,999;990,1000;989,1002;988,1003;988,1004;987,1005;986,1005;986,1006;985,1007;984,1007;983,1007;976,1009;974,1010;972,1010;970,1011;967,1012;963,1013;955,1016;954,1016;954,1017;953,1017;951,1017;947,1017;946,1017;947,1017;948,1017;948,1018;949,1018;950,1018;951,1018;953,1019;955,1019;956,1019;957,1019;958,1019;962,1019;980,1019;982,1019;984,1019;985,1019;987,1019;988,1019;989,1019;998,1020;1002,1020;1003,1020;1004,1020;1005,1020;1007,1020;1008,1020;1009,1020;1010,1020;1011,1020;1012,1020;1013,1020;1014,1020;1015,1020;1016,1020;1017,1020;1018,1020;1019,1020;1020,1020;1021,1020;1022,1019;1022,1017;1022,1016;1022,1015;1022,1014;1022,1013;1022,1011;1022,1010;1022,1009;1022,1008;1021,1006;1021,1005;1021,1004;1021,1002;1021,1001;1021,1000;1021,998;1021,997;1021,995;1021,994;1020,992;1020,990;1020,989;1020,988;1020,986;1019,985;1019,983;1019,982;1019,980;1018,979;1018,978;1018,977;1018,976;1018,975;1018,974;1018,973;1018,972;1018,969;1018,965;1018,963;1018,962;1018,961;1018,960;1018,958;1017,958;1017,959;1016,959;1015,959;1014,959;1013,960;1010,961;1009,961;1008,962;1006,962;1005,963;1003,963;1002,963;1001,963;1000,964;998,964;997,964;996,964;994,964;993,964;992,964;992,965;991,965;991,966;990,968;990,972;990,973;
Specular reflection; POLYGON; 191, 91, 22; 926,812;927,812;928,812;929,813;930,813;932,816;933,817;933,818;934,819;934,820;934,821;934,822;934,823;934,825;934,826;933,829;929,833;928,833;928,834;927,834;927,835;926,836;925,837;923,838;922,839;921,839;920,840;919,840;919,841;918,841;918,842;917,842;916,842;915,842;914,842;913,842;912,841;911,841;911,840;910,839;909,839;909,838;908,837;908,836;907,836;907,835;
Specular reflection; POLYGON; 191, 91, 22; 951,810;949,810;946,810;937,814;938,823;939,824;939,825;940,826;942,826;943,828;945,829;947,830;948,831;949,831;950,832;951,832;953,832;955,833;956,833;958,832;959,832;961,831;962,830;964,829;966,828;967,827;968,826;971,824;972,822;971,822;969,821;964,817;963,817;961,816;
Specular reflection; POLYGON; 191, 91, 22; 938,740;937,741;936,742;935,743;934,743;933,744;933,745;932,747;932,748;932,750;932,751;934,756;935,757;938,762;941,763;942,764;944,764;946,764;947,764;948,764;950,764;952,764;953,763;954,762;955,761;956,760;956,759;957,758;957,757;957,756;957,755;957,753;957,751;956,740;956,739;955,739;953,738;949,737;947,737;937,737;935,738;
Specular reflection; POLYGON; 191, 91, 22; 685,650;683,652;682,653;682,654;682,655;682,656;682,657;682,658;682,660;682,661;682,662;682,663;682,664;683,665;683,666;683,667;684,668;684,669;685,670;687,672;689,675;690,675;691,675;692,676;694,676;698,676;700,676;701,676;702,675;703,675;704,674;704,673;705,672;706,671;707,670;708,669;710,668;711,667;711,666;712,665;713,664;713,663;714,662;714,661;714,660;714,659;714,657;713,656;713,654;712,653;712,651;711,650;711,649;711,648;710,647;710,646;709,646;708,646;702,646;700,647;698,648;696,648;694,649;691,650;689,650;687,651;
Specular reflection; POLYGON; 191, 91, 22; 640,606;639,605;638,605;637,605;636,605;635,605;634,604;633,604;631,604;624,607;623,608;622,611;622,612;622,613;622,614;622,615;622,616;623,617;623,618;624,619;624,620;625,621;625,622;626,622;626,623;626,624;627,624;627,625;628,625;628,626;629,626;630,627;631,628;632,628;633,628;634,629;635,629;636,629;637,630;638,630;639,630;643,631;650,631;651,631;653,631;656,631;657,631;658,631;661,629;661,628;662,626;663,625;663,624;663,623;664,621;664,620;664,619;664,617;664,615;663,614;661,612;660,611;657,610;654,610;652,609;648,608;645,608;642,608;640,607;637,607;635,607;633,607;632,607;632,608;631,609;631,610;631,611;
Specular reflection; POLYGON; 191, 91, 22; 638,916;636,916;633,916;631,916;616,922;614,922;613,923;612,923;611,924;609,925;606,926;605,926;604,927;603,927;603,928;602,928;601,929;601,930;601,931;600,932;599,932;598,933;597,933;596,934;595,934;594,935;593,935;592,935;592,936;591,936;591,937;590,937;590,938;589,938;589,939;588,939;588,940;588,941;587,941;587,942;587,943;588,945;589,946;590,946;592,948;593,948;597,949;598,949;599,949;600,949;601,949;603,950;604,950;605,950;606,951;607,951;608,951;609,951;611,951;612,951;614,951;616,951;618,951;620,951;622,951;624,951;626,951;628,950;631,950;632,950;633,949;634,949;635,949;636,949;637,948;638,948;639,948;640,948;641,948;642,947;643,947;645,947;646,947;648,946;654,945;656,944;660,942;667,938;669,937;671,936;672,935;673,934;674,933;675,931;675,928;675,927;675,926;674,926;673,925;673,924;672,924;671,923;667,921;665,920;663,920;660,919;657,918;654,918;652,917;649,916;646,916;643,916;641,915;639,915;637,915;635,915;634,915;633,914;631,914;630,914;629,914;628,914;627,914;626,915;626,916;
Specular reflection; POLYGON; 191, 91, 22; 449,942;448,943;445,944;444,944;442,945;441,945;440,946;437,946;436,946;434,947;433,947;432,947;430,947;429,947;427,947;426,948;424,948;419,948;415,947;415,946;414,946;413,946;410,945;409,945;408,945;408,946;408,947;407,948;407,949;407,950;407,951;407,952;407,953;407,954;407,955;408,957;409,958;409,959;409,960;410,961;410,962;410,963;410,964;411,964;412,966;413,966;415,966;416,967;419,968;420,968;421,969;422,969;423,969;424,969;424,970;425,970;426,970;427,970;428,970;429,970;430,970;431,970;432,970;433,970;434,970;435,970;436,970;436,971;437,971;438,972;439,972;440,972;441,972;442,972;443,972;444,972;445,972;446,972;447,972;448,972;449,972;450,972;451,972;452,972;453,972;454,972;455,972;456,972;457,972;459,972;464,974;472,977;473,977;474,977;475,977;476,977;477,977;478,976;479,976;480,976;481,976;483,975;484,975;485,975;486,975;486,974;487,974;488,974;489,973;490,973;490,972;491,972;492,971;492,970;493,970;494,969;495,968;495,967;495,966;495,965;495,964;495,963;495,962;495,961;494,960;493,959;493,958;492,956;491,955;490,954;489,952;488,951;487,950;486,949;483,947;476,943;474,942;466,941;461,943;459,944;458,945;457,946;456,947;455,948;455,949;454,949;454,950;454,951;455,951;456,951;457,951;
Specular reflection; POLYGON; 191, 91, 22; 407,913;406,913;405,912;404,912;403,912;402,912;400,911;399,911;398,911;396,911;394,911;393,912;391,912;390,912;389,913;388,913;387,914;386,914;386,915;385,915;385,916;384,916;384,917;383,918;382,919;382,920;381,921;381,922;380,922;380,923;380,924;380,925;380,926;380,927;380,929;380,930;381,930;381,931;381,932;382,932;382,933;383,934;396,940;397,940;398,940;398,941;399,941;400,941;401,941;402,943;403,943;403,944;403,945;402,946;401,947;400,947;399,948;398,948;397,949;396,950;395,950;394,951;393,952;392,953;391,953;391,954;391,955;392,956;393,956;394,957;395,957;396,957;397,957;398,957;400,958;427,949;428,949;429,949;430,949;431,949;432,949;433,949;434,949;435,949;435,948;436,948;437,948;438,948;439,947;440,947;441,947;442,947;442,946;443,946;444,946;444,945;444,944;444,943;443,943;435,926;435,925;435,924;435,923;435,922;435,921;435,920;435,919;436,918;436,917;436,916;437,916;437,915;437,914;436,914;435,914;434,914;433,914;432,914;430,913;429,913;428,913;427,913;426,912;425,912;423,912;422,912;420,912;418,911;416,911;414,911;412,911;408,911;399,916;401,917;403,917;
Specular reflection; POLYGON; 191, 91, 22; 487,877;484,878;476,880;471,883;477,902;491,907;493,907;496,907;498,907;500,906;502,905;504,904;506,903;507,901;508,899;509,898;510,896;511,894;511,891;511,890;511,887;511,886;510,884;509,882;504,879;502,878;494,879;493,880;
Specular reflection; POLYGON; 191, 91, 22; 366,817;367,817;369,817;371,817;373,817;375,817;377,817;379,817;381,817;382,817;384,816;386,816;387,816;389,816;390,815;391,815;395,815;396,815;397,815;397,814;398,814;399,814;400,813;401,812;402,812;402,811;403,810;404,810;405,809;405,808;406,808;406,807;407,806;415,802;416,802;417,802;418,802;419,802;420,802;421,802;422,803;423,803;424,803;425,804;426,804;427,804;428,805;430,805;431,806;432,806;433,806;435,807;436,807;437,807;438,807;440,807;441,807;442,807;443,807;444,807;445,807;446,807;447,807;448,807;449,806;450,806;451,806;451,807;452,807;454,808;455,809;456,809;457,810;458,810;459,810;460,810;461,810;462,810;463,810;464,810;473,811;474,811;476,811;477,811;478,811;479,811;480,811;481,811;482,811;483,811;484,811;485,811;486,811;487,811;488,811;489,811;490,811;491,811;492,811;493,811;494,811;495,810;496,810;497,810;498,810;499,810;500,810;501,810;502,810;503,809;507,806;507,805;507,804;506,803;506,802;505,802;505,801;504,801;503,800;503,799;502,799;501,798;500,798;499,797;498,797;496,796;495,796;494,795;493,795;492,794;490,794;489,793;488,793;487,792;486,791;485,791;484,790;483,790;482,789;481,789;480,788;478,788;477,787;476,787;474,787;473,787;471,787;470,786;468,786;467,786;466,786;465,786;464,786;460,786;449,789;448,789;447,789;446,790;445,790;444,790;443,791;442,791;441,791;440,791;439,791;438,791;437,791;436,791;435,791;434,791;433,791;432,791;431,791;430,791;429,791;427,791;426,791;425,791;424,791;422,791;421,791;420,791;418,790;417,790;415,790;414,790;413,790;412,790;411,790;411,789;410,789;409,788;408,787;407,787;405,786;398,789;397,790;396,790;395,790;394,791;393,791;392,791;392,792;391,792;390,792;389,793;388,793;387,794;386,794;385,795;384,795;383,796;382,796;381,797;380,797;379,798;378,798;377,799;376,799;375,800;374,800;373,801;372,801;371,801;370,802;369,802;368,802;367,802;366,803;364,804;363,804;362,805;361,805;360,806;359,806;358,807;357,808;357,809;357,810;358,811;359,812;362,815;369,820;
Specular reflection; POLYGON; 191, 91, 22; 344,790;343,790;342,790;341,790;341,791;340,791;339,791;338,792;337,792;336,793;335,793;334,794;332,795;324,811;324,812;323,813;323,814;322,815;322,817;322,818;322,819;322,820;322,821;322,822;322,823;322,824;322,825;323,825;323,826;325,826;325,827;326,827;327,827;328,828;329,828;330,828;332,828;335,828;337,828;339,828;340,827;342,827;343,826;345,825;346,824;348,824;349,823;350,822;351,821;352,819;353,818;355,817;356,815;357,814;358,812;362,806;362,805;361,804;358,803;339,792;337,792;335,792;333,793;330,793;
Specular reflection; POLYGON; 191, 91, 22; 260,867;259,867;258,867;257,867;256,867;255,868;254,868;253,868;251,868;249,869;248,870;247,871;245,872;244,872;243,873;242,874;240,877;236,883;235,884;235,886;234,887;233,890;232,890;232,893;233,896;233,897;234,898;234,902;234,903;234,904;235,904;235,905;236,905;237,905;237,906;238,906;238,907;239,907;239,908;240,909;240,910;241,910;241,911;242,911;243,912;244,912;245,913;246,913;247,913;248,914;250,914;251,914;252,915;253,915;254,915;255,916;256,916;257,916;258,917;259,917;260,917;261,917;262,917;263,917;264,917;265,917;266,917;267,917;267,918;270,919;272,919;273,919;274,920;275,920;275,921;275,922;276,922;276,923;277,923;277,924;278,924;278,925;279,925;280,925;281,926;282,926;283,926;284,926;285,926;286,926;287,926;288,927;289,927;290,927;290,928;291,928;292,928;293,928;294,928;295,928;296,928;297,928;298,929;299,929;300,929;301,930;302,931;302,932;303,932;303,933;304,934;305,934;306,933;306,932;307,932;307,931;308,930;308,929;309,928;310,927;310,926;310,925;311,924;311,923;311,920;312,919;312,918;312,917;312,916;312,915;312,914;312,913;312,912;312,911;313,910;313,909;313,908;313,906;313,905;313,902;312,900;312,899;312,897;311,896;311,895;310,894;309,892;308,891;307,890;306,890;305,890;304,890;302,890;301,890;300,890;298,890;297,890;296,890;295,890;294,890;295,890;296,888;297,888;297,886;297,885;297,883;298,882;298,880;298,879;298,878;298,877;298,876;298,875;298,874;298,873;298,872;298,871;298,870;297,869;296,869;296,868;295,868;294,867;293,867;292,866;290,865;289,865;288,864;287,863;286,863;285,863;283,863;282,862;281,862;279,862;278,862;277,862;275,862;273,863;272,863;270,863;268,863;264,864;255,863;258,868;
Specular reflection; POLYGON; 191, 91, 22; 141,931;140,931;139,931;138,933;137,934;136,935;135,938;134,939;134,940;134,941;133,942;133,943;132,944;132,945;132,946;131,947;131,948;131,949;131,950;131,951;131,952;130,953;130,954;130,955;130,957;130,958;130,959;130,960;130,961;130,962;130,963;130,964;130,965;130,966;130,967;131,967;131,968;131,969;132,969;132,970;133,970;134,971;135,971;136,971;143,971;150,970;151,970;151,969;152,969;153,969;154,968;155,968;156,967;157,967;157,966;158,965;158,964;159,963;160,962;160,961;160,960;161,959;162,958;162,957;162,956;162,955;162,954;163,953;163,952;163,951;162,950;162,949;161,947;160,946;160,944;159,942;158,940;157,938;156,937;155,935;153,934;152,932;151,931;149,930;147,930;146,929;144,929;142,929;140,929;139,930;137,931;136,932;135,933;134,936;
Specular reflection; POLYGON; 191, 91, 22; 97,894;96,895;95,896;95,897;94,898;94,899;93,900;93,901;93,903;93,904;93,905;93,906;93,908;93,909;93,910;94,911;95,912;96,912;96,913;97,913;99,914;101,914;102,914;105,914;106,914;107,914;108,914;109,913;109,912;111,908;112,899;112,897;112,896;112,895;112,894;111,894;110,894;110,895;
Specular reflection; POLYGON; 191, 91, 22; 77,817;76,819;75,820;74,821;73,823;72,824;71,825;70,827;69,828;69,829;68,831;68,832;68,833;68,834;68,836;68,837;69,838;69,839;70,840;71,841;72,842;72,843;73,844;74,845;75,846;76,846;76,847;78,848;78,849;79,849;80,849;81,849;82,849;83,848;84,848;85,847;86,846;87,846;89,845;90,844;91,843;93,842;96,840;97,838;98,834;100,823;100,822;99,821;99,820;98,819;96,818;95,818;93,818;92,818;91,818;89,818;88,818;84,818;
Specular reflection; POLYGON; 191, 91, 22; 141,766;140,766;139,766;138,766;137,766;136,766;135,766;134,766;132,766;131,766;129,767;128,767;127,768;125,769;124,769;123,770;121,770;120,771;119,772;117,772;116,773;114,774;113,774;112,775;111,775;110,776;109,777;108,778;108,779;108,780;109,781;110,782;111,783;112,783;112,784;113,784;113,785;114,785;114,786;114,787;115,789;117,791;118,792;119,792;120,792;120,793;121,793;123,793;124,794;125,795;126,795;127,796;128,796;129,796;130,796;131,796;132,796;134,796;135,796;137,795;138,795;140,794;141,794;142,793;144,793;145,792;146,792;147,792;148,791;149,791;150,791;151,791;151,790;152,790;152,789;153,789;154,788;154,787;156,785;156,783;157,782;158,781;159,779;160,778;160,777;161,776;161,775;162,775;162,774;162,773;161,773;160,772;159,769;155,762;154,761;154,760;153,759;153,758;
Specular reflection; POLYGON; 191, 91, 22; 145,659;145,658;144,658;144,659;143,660;143,661;142,662;141,663;140,665;140,666;139,668;137,670;136,671;135,673;135,675;134,677;133,678;133,680;132,682;132,684;132,686;132,688;132,690;132,691;132,693;132,694;132,696;132,697;132,698;133,699;133,700;133,701;134,701;134,702;134,703;134,704;134,705;134,706;134,707;134,708;135,709;136,711;138,713;138,714;139,714;139,715;140,715;141,715;142,715;143,715;145,715;146,715;147,714;148,714;149,714;150,713;151,713;152,712;153,711;154,710;155,709;156,708;157,707;158,705;159,703;160,702;161,699;162,697;163,695;164,692;165,689;166,687;166,685;167,683;167,680;168,674;168,672;168,670;168,668;167,666;166,662;165,660;163,658;162,656;160,655;159,653;157,652;156,651;155,651;154,651;153,651;152,651;152,653;152,659;
Specular reflection; POLYGON; 191, 91, 22; 408,448;407,448;406,448;401,450;397,454;396,455;395,457;394,459;392,461;391,462;390,464;389,465;388,466;386,467;385,468;385,469;384,469;383,470;382,470;381,470;380,470;379,471;378,471;377,472;376,472;375,472;375,473;374,473;373,473;372,474;372,475;372,476;372,477;371,477;371,478;371,479;372,480;373,480;374,480;381,482;382,482;382,483;383,483;383,484;384,484;384,485;385,485;386,485;387,486;389,486;390,486;391,486;393,486;394,486;396,486;397,486;399,487;401,487;402,487;404,487;405,487;406,487;408,487;409,487;410,487;412,487;414,486;415,485;416,485;417,484;418,483;419,483;422,481;423,481;424,480;425,479;426,478;427,478;428,477;429,477;429,476;430,476;430,475;431,475;432,475;433,475;434,475;435,475;436,475;437,475;438,475;440,475;442,475;443,475;444,475;445,474;445,473;446,473;447,473;448,472;449,471;450,471;451,471;452,471;453,470;454,470;455,470;456,470;457,469;458,469;459,469;460,468;461,468;462,468;463,467;464,466;467,465;468,464;470,463;471,463;472,462;473,462;474,462;475,462;476,462;477,462;478,462;479,461;480,461;481,461;482,461;483,460;484,459;486,459;492,455;493,455;493,454;494,454;495,454;496,453;501,448;502,446;502,445;503,443;503,442;504,441;504,440;505,440;505,439;505,438;506,437;506,436;506,435;506,434;507,433;507,432;507,431;507,430;507,429;507,428;507,427;506,426;505,425;504,425;503,425;502,425;483,427;480,427;478,427;476,428;475,428;473,428;472,428;470,429;469,429;468,429;467,429;466,430;465,430;464,430;464,431;463,431;462,432;460,433;455,437;454,438;454,439;453,440;453,441;453,442;453,443;453,444;453,445;453,446;453,447;454,448;454,449;454,450;453,450;452,450;451,450;449,450;447,450;445,449;444,449;442,448;440,448;438,447;436,447;435,446;433,446;429,444;408,450;407,451;406,452;405,452;404,454;403,454;403,455;402,457;402,459;401,460;401,462;401,464;401,466;401,468;401,470;402,472;403,474;
Specular reflection; POLYGON; 191, 91, 22; 404,455;403,456;401,456;400,457;399,458;397,459;396,460;394,462;392,463;391,464;389,465;387,467;386,468;385,469;383,470;382,471;378,473;376,475;375,475;374,475;373,475;373,476;372,477;372,478;371,478;371,479;371,480;370,481;370,482;370,483;370,484;371,485;375,488;386,493;388,493;392,493;395,493;397,493;400,492;402,492;404,491;406,491;408,491;409,490;410,490;411,490;412,490;413,490;414,490;415,491;416,491;417,491;419,491;420,491;422,491;423,491;425,491;426,490;428,489;429,489;430,488;432,487;433,486;434,484;435,483;436,482;437,481;437,480;440,475;440,473;441,470;441,468;441,467;440,465;439,464;438,462;437,461;436,459;434,458;433,457;431,456;430,455;429,454;398,452;394,453;392,454;391,454;390,455;390,457;390,460;390,462;
Specular reflection; POLYGON; 191, 91, 22; 291,468;290,469;290,470;289,471;288,472;288,473;287,474;285,477;286,501;288,502;289,502;291,502;295,502;298,502;300,501;302,499;304,498;306,495;308,493;309,491;311,488;312,485;314,482;315,479;316,476;316,472;316,469;316,466;316,463;316,462;315,460;314,460;312,459;310,459;309,459;307,459;305,460;304,460;302,461;301,462;299,463;298,464;298,465;297,467;296,468;
Specular reflection; POLYGON; 191, 91, 22; 146,444;145,444;144,444;143,445;143,446;142,446;141,447;140,449;139,450;139,451;137,452;135,455;134,456;131,459;121,473;121,475;120,476;120,477;119,478;119,480;118,481;118,482;117,483;117,484;117,485;117,486;117,487;117,488;117,489;117,490;118,490;119,491;119,492;119,493;120,493;120,494;121,495;121,496;121,497;121,498;121,499;122,500;122,501;122,502;122,503;123,505;123,506;124,507;124,508;125,508;133,507;136,505;138,504;140,503;142,501;147,497;154,486;155,483;156,480;156,477;157,474;157,472;157,469;158,467;158,466;158,464;158,463;157,463;156,463;155,463;154,462;153,461;152,460;151,459;150,458;149,457;148,455;146,451;146,450;144,448;144,447;143,447;142,447;141,447;141,448;
Specular reflection; POLYGON; 191, 91, 22; 108,401;107,401;106,402;105,403;104,404;102,405;101,407;99,408;98,410;97,412;96,413;95,415;94,417;93,418;93,419;93,421;94,421;95,422;96,423;97,424;99,425;100,426;102,427;103,428;105,429;106,429;108,430;109,430;110,431;112,431;113,431;132,408;131,407;126,400;122,395;121,394;119,392;117,391;116,391;114,391;112,391;111,392;109,393;107,395;
Specular reflection; POLYGON; 191, 91, 22; 179,331;177,333;176,335;174,337;173,340;171,343;170,346;168,348;167,351;166,353;166,355;166,357;166,359;166,360;167,361;168,361;169,362;171,362;173,362;175,362;177,362;179,362;181,362;189,362;192,360;194,360;196,359;198,356;200,355;201,353;201,351;202,348;202,346;202,340;199,336;196,333;192,331;189,331;187,331;185,332;180,336;
Specular reflection; POLYGON; 191, 91, 22; 968,287;966,287;965,287;963,287;958,287;956,288;953,289;951,290;932,303;931,306;931,307;931,308;931,310;931,312;931,313;931,314;931,315;931,316;931,317;931,318;931,320;932,321;932,322;933,323;933,324;934,325;934,327;934,328;934,329;934,330;933,331;932,332;931,333;930,333;928,334;927,335;926,336;924,336;923,337;922,338;921,339;920,340;920,342;920,343;919,344;918,349;918,352;918,353;918,354;918,355;919,355;921,358;922,358;924,362;924,364;924,365;924,366;925,367;926,367;927,367;928,367;932,367;934,367;936,367;937,367;939,368;941,368;943,368;945,368;946,368;948,368;950,368;951,368;953,368;955,368;956,368;957,368;958,367;960,366;960,365;962,364;963,363;963,362;964,361;965,360;965,359;966,358;967,358;968,357;969,356;970,356;971,355;972,355;974,354;975,354;976,353;977,352;978,351;978,350;979,349;979,348;979,347;980,345;980,344;980,342;980,341;981,337;982,337;983,335;982,335;982,334;983,333;984,332;985,331;985,330;986,329;987,328;988,325;989,324;989,323;990,321;990,320;991,319;991,318;992,317;992,316;992,314;993,313;993,312;993,311;994,310;994,308;994,307;995,306;995,304;995,303;996,302;996,301;
Specular reflection; POLYGON; 191, 91, 22; 972,287;970,288;963,293;958,310;
Specular reflection; POLYGON; 191, 91, 22; 910,283;912,282;914,281;916,280;918,278;920,277;922,275;923,274;925,273;927,271;928,270;929,269;931,268;931,267;932,266;932,265;933,265;955,263;962,260;964,259;964,258;965,258;966,257;967,257;968,257;969,257;970,257;971,257;972,258;973,258;975,259;977,260;978,261;980,261;982,262;984,263;985,263;986,263;987,263;989,264;990,264;991,264;993,264;994,264;995,264;996,264;997,264;998,264;999,265;1000,265;1001,265;1003,266;1004,266;1005,266;1006,267;1007,267;1008,267;1009,267;1013,266;1015,266;1015,265;1017,262;1019,258;1021,255;1021,253;1021,252;1021,251;1021,250;1020,249;1020,248;1019,247;1019,246;1019,245;1018,244;1018,243;1018,242;1018,241;1017,240;1017,239;1016,239;1015,239;1013,239;1012,239;1010,239;1008,239;1005,239;1003,239;1001,239;998,239;995,239;993,239;988,239;985,240;981,241;979,241;977,241;975,242;973,242;971,242;970,242;968,242;966,243;964,243;963,243;961,243;960,244;958,244;957,244;954,246;944,249;943,249;938,250;933,250;932,250;930,250;929,250;925,250;916,252;914,252;913,253;910,253;908,254;906,255;904,255;901,256;896,258;893,259;892,259;890,260;888,260;886,261;885,261;884,261;884,262;883,262;883,263;882,264;882,265;881,266;881,267;881,269;880,270;880,272;879,273;878,275;878,276;878,277;878,279;878,280;879,282;880,284;882,286;883,287;885,289;887,291;890,293;894,296;896,297;905,300;909,300;912,300;919,299;942,294;
Specular reflection; POLYGON; 191, 91, 22; 900,718;898,718;897,718;895,718;893,719;891,720;889,721;887,722;885,724;884,726;883,727;882,729;882,731;882,733;882,735;882,737;884,738;888,741;890,741;892,742;894,742;896,742;898,742;900,742;902,742;904,741;906,740;907,739;909,737;910,736;911,734;912,732;909,724;908,725;
Specular reflection; POLYGON; 191, 91, 22; 915,753;915,752;915,751;914,751;912,751;911,751;909,751;907,751;904,751;902,752;899,753;896,754;893,755;891,757;874,777;874,779;874,781;874,784;876,791;883,798;885,799;887,799;889,800;893,801;895,802;897,802;899,802;901,802;903,802;905,802;907,802;909,803;910,803;912,803;913,803;915,803;916,803;917,803;918,803;919,803;920,803;921,802;923,801;924,800;926,798;928,796;930,794;932,792;934,790;936,787;938,785;940,783;942,782;943,780;943,779;943,778;943,776;941,776;939,775;937,774;934,774;932,773;928,772;926,770;923,769;920,768;918,766;915,764;913,762;899,759;896,762;
Specular reflection; POLYGON; 191, 91, 22; 835,811;834,811;833,811;832,811;831,812;829,812;827,813;825,814;823,815;820,817;812,824;811,825;810,827;809,830;809,832;809,838;810,840;811,842;813,843;814,845;816,846;817,847;819,848;821,849;822,850;825,852;834,853;836,851;837,849;838,848;839,845;843,834;846,816;846,813;845,811;843,809;841,808;837,807;833,807;829,807;825,807;822,808;819,809;815,810;814,812;813,814;812,816;812,819;812,821;813,824;
Specular reflection; POLYGON; 191, 91, 22; 855,861;853,861;851,862;849,863;847,863;845,864;843,865;841,865;839,866;838,867;837,868;835,868;834,869;833,869;831,870;830,870;829,870;828,870;827,871;826,871;825,871;824,871;823,871;822,871;821,871;819,872;817,872;816,872;815,872;814,872;813,872;812,872;811,873;810,873;809,873;808,873;808,874;808,875;807,875;807,876;806,876;805,878;805,880;806,880;808,882;809,882;810,883;811,884;813,884;815,885;816,886;818,886;820,887;821,887;822,888;824,889;825,890;826,890;827,891;828,892;829,893;830,894;831,894;832,895;834,896;836,897;837,898;839,898;841,899;842,899;844,899;845,899;847,900;848,900;849,900;850,900;851,900;851,901;850,901;849,902;848,902;847,902;847,903;844,904;844,905;844,906;845,906;846,908;847,908;848,908;850,908;852,908;853,908;854,908;855,909;856,909;857,909;858,909;858,910;859,910;860,911;861,912;862,912;862,913;863,913;864,913;865,913;866,913;867,913;868,913;869,913;870,913;871,913;872,913;873,912;874,912;875,912;876,912;877,912;878,912;879,912;883,911;883,910;885,908;885,907;886,906;888,902;888,901;886,895;880,890;879,890;878,889;876,888;875,888;875,887;874,887;873,887;873,886;872,886;871,886;872,886;873,886;875,886;882,886;895,883;896,883;897,882;898,881;898,880;899,879;900,879;901,879;902,879;903,879;904,879;905,879;906,879;907,879;908,879;909,878;909,877;910,876;910,875;910,874;910,873;910,871;910,870;909,869;909,868;908,867;907,866;906,866;904,865;903,864;901,863;900,863;898,862;895,861;894,860;893,859;892,858;891,857;891,856;890,854;890,853;891,851;894,846;896,843;894,843;893,843;886,846;885,847;884,847;883,847;881,848;880,848;879,848;878,849;876,849;875,849;873,850;872,850;871,850;869,851;868,852;867,853;865,854;864,855;863,856;861,857;859,859;858,860;856,862;855,863;853,865;852,866;850,868;849,868;848,869;847,870;846,871;845,871;843,872;843,873;842,873;841,874;840,874;
Specular reflection; POLYGON; 191, 91, 22; 838,913;837,913;830,917;829,918;827,919;826,920;825,922;824,923;824,924;823,926;823,927;823,928;823,929;825,931;826,932;828,933;831,934;834,935;837,935;840,935;844,935;847,935;850,935;853,935;856,935;858,934;860,933;862,932;863,932;863,931;863,930;863,929;862,928;861,928;860,927;859,927;858,926;857,926;856,926;849,925;848,926;
Specular reflection; POLYGON; 191, 91, 22; 905,925;904,925;903,925;901,925;896,926;894,926;892,927;889,928;886,929;883,930;881,931;878,933;876,934;874,936;871,940;871,941;872,942;873,943;876,944;879,944;883,945;899,944;911,942;912,942;912,941;912,940;911,939;910,938;908,938;907,938;
Specular reflection; POLYGON; 191, 91, 22; 926,999;924,1000;922,1001;920,1002;919,1003;917,1005;916,1006;913,1008;912,1009;912,1010;911,1011;910,1013;909,1017;909,1018;910,1019;911,1020;912,1020;912,1021;913,1021;915,1021;916,1021;917,1021;919,1021;921,1021;923,1021;924,1021;926,1021;928,1021;930,1021;932,1021;934,1021;936,1021;938,1021;940,1021;941,1021;942,1021;943,1021;944,1021;945,1021;945,1020;946,1020;947,1020;948,1020;949,1020;950,1019;952,1019;955,1018;957,1018;958,1018;960,1017;962,1017;963,1017;965,1016;966,1016;968,1016;970,1015;971,1015;972,1015;973,1014;974,1014;976,1010;975,1007;974,1006;973,1005;969,1002;966,1002;963,1000;960,1000;957,999;951,998;947,998;943,998;940,998;936,998;933,998;929,999;926,999;923,1000;921,1001;920,1002;919,1002;918,1003;917,1003;
Specular reflection; POLYGON; 191, 91, 22; 701,972;699,973;696,976;692,984;692,985;693,986;694,987;695,988;696,989;718,997;723,996;725,995;727,993;729,992;731,990;733,989;737,984;737,982;738,981;738,979;738,978;738,977;736,976;734,975;732,974;730,974;727,973;725,973;720,972;718,972;714,972;712,972;711,972;709,972;708,972;708,973;707,973;706,973;706,974;708,974;709,974;710,974;712,974;
Specular reflection; POLYGON; 191, 91, 22; 715,957;716,958;721,962;748,969;752,969;753,969;754,969;755,969;756,969;757,969;758,969;758,968;759,968;760,968;761,968;762,968;763,968;764,966;765,965;765,964;766,963;766,962;766,961;767,958;767,957;767,956;767,954;756,947;755,947;754,946;753,946;752,945;751,944;750,943;749,943;748,942;747,941;746,940;745,940;744,939;743,938;742,938;741,937;739,937;738,936;737,936;735,935;734,935;733,935;732,934;731,933;730,933;730,932;729,932;728,931;727,931;727,930;726,930;725,930;725,929;724,929;723,928;722,927;721,926;719,924;719,923;718,923;717,924;716,924;712,928;711,928;710,929;709,930;709,931;708,932;708,933;707,934;707,938;707,945;707,946;708,947;708,949;708,950;708,951;709,951;709,952;709,953;710,953;711,954;712,955;713,956;716,957;718,957;720,958;722,959;723,960;725,960;727,961;729,961;730,962;732,962;733,963;734,963;735,963;736,964;
Specular reflection; POLYGON; 191, 91, 22; 372,922;370,923;369,925;368,927;367,929;366,931;366,933;366,935;366,937;366,939;367,940;368,942;370,943;372,944;374,945;376,945;386,941;389,926;389,925;388,925;387,924;386,924;383,925;382,926;381,927;
Specular reflection; POLYGON; 191, 91, 22; 229,917;229,919;229,921;229,923;228,925;228,926;228,928;228,930;227,933;226,937;226,938;225,939;225,940;225,941;225,942;224,942;224,944;223,944;223,945;222,945;222,944;221,944;221,943;220,943;219,942;218,942;216,941;215,941;214,940;213,940;212,940;211,940;210,939;209,939;208,939;207,938;206,937;205,934;205,933;204,933;203,934;201,935;200,935;199,936;198,936;197,937;196,937;195,937;194,937;193,937;192,937;191,937;190,936;189,935;188,935;187,934;186,933;183,931;182,930;181,929;180,929;179,928;178,927;177,927;176,926;175,926;174,925;172,924;168,923;167,923;166,922;166,921;166,920;166,919;166,910;166,909;165,907;166,907;167,907;168,906;169,906;170,906;171,906;172,906;173,906;173,907;175,907;176,907;177,907;179,907;180,907;181,907;182,908;188,911;188,912;190,912;191,913;192,914;192,915;194,917;195,918;197,918;198,918;199,918;200,918;201,918;202,918;203,918;204,918;205,918;206,918;207,918;208,918;209,918;209,917;210,917;210,916;210,915;210,914;210,912;210,911;210,908;210,907;209,906;209,905;207,900;207,899;208,898;209,898;210,897;212,896;213,896;214,895;216,895;217,895;220,894;228,896;229,896;231,897;235,902;236,903;237,904;237,906;238,908;238,910;239,912;239,913;239,914;239,915;238,915;237,915;237,916;236,917;235,917;235,918;234,920;233,921;232,921;232,922;232,924;232,925;
Specular reflection; POLYGON; 191, 91, 22; 181,865;178,868;177,869;176,870;175,871;175,872;174,884;174,886;174,887;174,888;174,891;179,902;181,904;181,905;182,905;184,906;187,906;189,906;190,906;192,905;193,904;196,904;196,903;197,902;198,896;198,895;198,893;198,892;196,888;194,883;194,882;194,881;193,878;193,877;195,877;196,877;197,877;198,878;199,878;206,881;208,882;209,882;211,882;212,883;213,883;222,884;223,884;224,883;226,882;228,864;218,858;216,858;215,857;214,857;212,857;211,856;203,856;201,856;194,858;186,862;183,870;184,873;185,874;188,877;
Specular reflection; POLYGON; 191, 91, 22; 290,816;282,828;301,839;303,837;305,836;305,834;306,833;306,831;299,823;296,822;294,822;293,822;291,822;290,822;289,822;288,822;287,822;
Specular reflection; POLYGON; 191, 91, 22; 263,793;261,793;252,794;248,798;247,805;247,807;252,813;278,816;279,815;280,812;277,803;
Specular reflection; POLYGON; 191, 91, 22; 446,552;445,554;444,555;442,559;479,577;482,576;484,574;487,571;485,554;483,551;481,550;480,550;478,550;475,550;474,550;471,552;468,555;
Specular reflection; POLYGON; 191, 91, 22; 536,422;534,422;532,423;530,424;528,425;527,426;524,430;524,431;524,432;524,433;524,435;526,436;527,438;529,439;532,441;534,442;536,443;555,439;555,434;554,432;554,431;553,429;552,428;551,427;549,425;547,425;546,425;544,425;542,425;541,425;539,426;
Specular reflection; POLYGON; 191, 91, 22; 102,523;100,522;99,522;98,522;98,521;97,521;96,522;96,523;96,524;95,525;95,526;95,528;94,530;94,532;94,535;94,537;94,539;98,547;99,548;104,551;105,551;106,551;107,550;108,549;110,548;111,547;112,545;113,544;113,542;114,541;115,539;115,538;115,537;115,536;115,534;115,533;115,532;115,531;115,530;112,526;107,523;106,522;105,522;104,522;103,522;102,523;
Specular reflection; POLYGON; 191, 91, 22; 107,458;106,460;104,462;103,463;99,468;97,471;96,472;95,473;94,475;93,476;93,477;92,479;92,480;92,481;92,482;92,483;92,484;92,485;92,486;91,486;89,489;87,490;86,490;86,491;85,492;84,492;84,493;83,493;83,494;82,494;82,495;81,495;81,496;80,497;80,498;80,499;80,500;84,501;86,501;87,501;88,501;89,501;90,501;91,501;92,501;93,501;94,500;96,499;98,499;100,498;101,497;105,495;107,495;109,494;110,493;112,492;113,491;115,489;116,488;118,487;119,485;120,484;121,482;122,480;127,472;128,471;129,470;129,469;130,467;131,459;130,458;129,457;129,456;128,455;127,454;126,453;125,452;124,451;123,450;122,450;121,449;120,449;119,449;118,448;117,448;116,448;115,448;114,448;114,449;113,450;112,451;112,455;
Specular reflection; POLYGON; 191, 91, 22; 53,616;52,618;51,621;50,623;48,629;51,637;53,638;55,639;56,639;58,639;60,639;62,638;64,637;66,636;68,635;70,633;72,631;74,630;75,628;78,625;79,623;80,622;80,621;81,619;81,618;81,617;80,615;74,612;70,611;68,610;66,610;64,610;63,610;61,609;60,609;59,609;58,610;57,611;55,614;
Specular reflection; POLYGON; 191, 91, 22; 20,663;20,665;21,672;22,682;22,683;22,685;22,687;22,688;22,690;22,691;21,693;21,694;20,695;20,696;19,697;18,698;18,699;17,700;17,701;16,701;15,702;15,703;14,703;14,704;13,704;13,705;9,708;8,708;7,709;6,709;5,710;4,710;3,710;2,710;1,710;1,709;1,708;1,707;1,706;0,706;0,705;0,704;-1,704;-2,702;-3,701;
Specular reflection; POLYGON; 191, 91, 22; 9,645;10,644;12,643;13,643;13,642;14,642;14,641;15,641;15,642;16,642;18,643;19,644;19,646;20,647;20,648;20,649;20,650;21,652;21,653;21,654;21,655;21,657;22,658;22,660;22,662;22,664;22,666;23,668;23,670;23,672;23,675;23,676;23,678;23,682;
Specular reflection; POLYGON; 191, 91, 22; 10,644;8,644;7,644;6,644;5,644;4,644;3,645;1,645;0,646;-2,647;-3,648;-3,649;
Specular reflection; POLYGON; 191, 91, 22; 10,684;11,684;12,684;15,682;15,681;16,681;16,679;16,678;18,674;25,658;25,657;26,655;26,654;26,652;26,651;25,650;24,649;23,648;21,647;20,647;18,646;17,645;16,645;15,644;14,644;12,646;
Specular reflection; POLYGON; 191, 91, 22; 7,684;6,683;5,683;8,678;8,677;8,676;7,674;6,673;5,671;4,670;4,669;3,668;3,667;2,666;2,665;1,664;1,663;0,662;0,659;4,655;5,655;6,654;8,654;9,653;10,652;11,652;12,651;13,651;14,651;15,650;16,650;16,651;16,652;17,653;19,659;20,659;20,660;20,661;20,662;20,663;20,664;20,665;19,667;19,668;18,669;18,670;17,672;17,673;16,675;16,676;15,678;15,679;15,681;14,682;14,685;14,690;13,690;12,690;13,690;
Specular reflection; POLYGON; 191, 91, 22; 295,602;295,603;294,604;293,604;292,605;292,606;291,607;290,608;289,609;289,610;288,611;287,612;286,613;285,614;285,616;284,617;284,621;292,628;293,628;294,628;295,628;297,628;299,628;300,627;301,626;303,625;304,624;306,622;306,621;307,619;308,617;308,613;308,611;308,609;307,607;307,606;306,605;305,603;304,603;303,603;301,603;298,607;
Specular reflection; POLYGON; 191, 91, 22; 505,610;502,610;499,611;496,613;487,618;484,621;480,630;480,632;482,634;485,636;489,637;493,637;497,637;501,637;506,637;509,637;511,636;514,635;515,634;517,633;518,632;518,631;518,630;508,622;506,621;505,621;502,620;501,620;499,620;
Specular reflection; POLYGON; 191, 91, 22; 463,656;463,655;463,654;462,654;462,653;461,653;461,652;460,652;459,652;458,652;456,652;455,652;453,653;452,653;449,657;448,667;450,669;458,673;461,673;463,674;466,674;468,674;470,673;472,672;473,671;475,670;475,669;476,668;476,667;476,666;476,665;476,664;476,663;475,662;474,662;472,661;470,661;468,661;467,661;
Specular reflection; POLYGON; 191, 91, 22; 298,684;297,686;296,688;297,696;301,697;303,697;305,697;307,696;309,695;310,695;314,692;314,691;314,690;314,689;314,688;314,687;314,686;312,683;
Specular reflection; POLYGON; 191, 91, 22; 284,643;282,644;281,645;279,646;278,647;277,648;276,649;275,650;274,651;273,652;271,654;271,656;270,658;270,659;270,662;273,664;273,665;274,665;275,665;276,665;277,666;278,666;279,666;280,667;282,667;283,668;284,668;286,669;287,670;288,670;291,673;292,674;293,674;293,675;294,676;304,676;308,674;310,674;311,673;312,673;313,673;314,673;315,673;316,673;317,673;318,672;319,672;320,671;321,670;322,670;323,669;324,669;325,668;326,667;329,666;334,666;335,665;336,665;338,665;339,664;340,664;341,663;342,663;343,662;345,660;346,659;346,658;347,657;347,656;348,655;348,654;348,653;349,653;349,652;349,651;346,644;344,642;344,641;343,641;342,640;341,639;340,639;339,639;337,639;331,639;329,639;323,639;320,639;317,639;314,640;308,640;305,640;302,640;300,641;298,641;296,641;294,642;289,643;289,647;291,647;
Specular reflection; POLYGON; 191, 91, 22; 254,617;252,619;251,621;251,624;250,626;250,628;250,630;250,632;250,633;250,634;250,635;251,636;252,638;253,639;254,640;255,641;256,642;257,642;258,643;259,643;259,644;263,644;264,643;265,643;266,641;267,641;268,640;270,638;272,637;272,636;273,635;274,634;275,633;276,631;277,629;277,627;278,625;279,623;279,620;280,618;281,615;282,613;282,611;282,609;282,608;282,607;282,606;277,605;268,605;266,604;265,604;264,604;263,604;
Specular reflection; POLYGON; 191, 91, 22; 278,936;274,941;272,942;270,946;269,947;267,952;267,953;267,955;266,955;265,955;263,956;262,956;261,956;258,957;257,957;256,958;256,959;255,960;255,961;254,965;253,966;253,968;253,969;252,970;252,971;252,972;251,973;251,974;250,975;250,976;249,976;250,976;254,976;255,976;256,976;256,977;257,977;258,977;258,978;259,978;260,978;261,978;263,979;264,979;265,979;266,979;268,979;270,979;271,979;272,979;275,979;279,980;279,981;280,981;281,981;282,981;283,981;284,981;285,981;286,981;287,981;288,980;288,979;289,979;289,978;289,977;290,976;291,976;291,975;292,976;294,977;296,977;300,976;305,973;306,973;306,972;307,972;308,972;309,971;309,970;310,970;310,969;311,969;311,968;311,967;311,966;311,965;310,964;309,963;308,963;307,963;304,961;302,961;300,960;299,960;296,960;295,960;293,960;290,960;288,960;286,960;284,961;283,961;281,962;280,962;279,962;278,963;277,963;277,962;277,961;277,960;277,959;278,958;278,957;279,957;279,956;280,956;280,955;281,955;282,954;283,954;284,954;284,953;285,953;286,953;287,953;291,953;296,953;297,953;298,953;301,953;302,953;303,953;304,953;304,952;306,950;306,949;307,949;307,948;307,947;308,947;308,946;308,945;308,944;309,944;309,943;309,942;309,941;309,940;309,939;309,938;309,936;309,935;308,934;308,933;308,932;307,932;307,931;306,930;302,930;296,930;290,930;288,930;286,930;285,930;283,930;282,930;281,930;280,930;278,931;277,931;276,932;275,932;275,933;275,934;276,935;282,936;288,938;
Specular reflection; POLYGON; 191, 91, 22; 630,1000;629,1000;628,1001;627,1001;626,1002;617,1011;615,1012;614,1013;612,1015;611,1016;611,1017;610,1018;610,1019;610,1020;610,1021;610,1022;611,1023;612,1023;613,1023;613,1024;614,1024;615,1024;616,1024;618,1024;619,1024;620,1024;621,1024;622,1024;624,1024;625,1024;627,1024;629,1024;630,1024;632,1024;634,1023;641,1020;647,1014;648,1012;649,1011;650,1009;651,1008;651,1007;652,1007;652,1005;652,1004;651,1003;650,1003;648,1002;647,1002;645,1001;643,1001;640,1000;638,1000;635,1000;633,1000;631,1000;628,999;626,999;
Specular reflection; POLYGON; 191, 91, 22; 816,720;814,720;812,721;810,721;808,722;807,722;806,723;805,723;804,723;803,723;800,727;799,728;799,730;799,731;799,736;805,740;813,742;815,743;822,743;834,739;835,737;836,733;837,732;837,730;837,728;837,726;837,724;835,723;834,722;832,721;827,720;824,720;812,724;811,726;811,728;
Specular reflection; POLYGON; 191, 91, 22; 785,711;786,712;787,712;787,713;788,714;788,715;789,716;789,717;789,721;789,722;789,724;789,725;789,726;789,727;788,729;788,730;787,731;787,732;786,733;786,734;786,735;785,736;785,737;785,738;784,738;784,739;783,740;782,740;782,741;781,741;781,742;780,742;780,743;779,744;778,745;778,746;775,749;774,750;773,751;772,752;772,753;771,753;771,754;770,754;770,755;769,755;768,755;767,755;766,755;764,755;762,754;759,753;758,752;757,752;756,751;755,751;755,750;755,749;755,748;755,746;755,745;755,744;756,742;756,741;757,739;757,737;758,736;758,734;759,733;759,732;760,731;761,730;761,729;762,729;762,728;764,727;769,725;770,725;771,724;772,724;773,723;774,723;774,722;775,721;775,720;775,719;776,718;776,717;777,716;778,713;779,709;779,708;779,707;779,706;780,706;780,705;780,704;779,704;778,703;778,702;777,702;776,701;775,701;775,702;774,703;774,704;
Specular reflection; POLYGON; 191, 91, 22; 686,729;685,729;683,729;682,729;681,729;679,729;678,729;676,729;675,730;674,730;670,733;668,734;667,734;667,735;666,736;666,737;666,738;666,740;674,749;677,751;679,752;681,753;682,753;684,754;686,754;691,753;692,752;696,748;697,747;698,744;698,742;698,740;697,738;696,736;695,735;693,733;692,732;690,731;688,731;686,731;684,731;683,731;681,731;680,732;678,734;677,735;
Specular reflection; POLYGON; 191, 91, 22; 489,832;488,833;486,835;486,837;486,838;486,839;486,840;486,842;488,848;488,849;489,850;489,851;489,852;489,853;489,854;490,855;491,855;492,855;493,855;494,855;495,855;498,855;499,855;500,855;502,855;507,855;508,854;511,854;512,853;513,853;514,852;515,852;516,851;517,850;518,850;519,849;519,848;520,848;522,846;522,845;523,845;523,843;523,842;523,841;523,836;516,826;514,826;512,826;511,826;509,827;507,828;506,828;504,829;503,830;502,830;501,831;499,832;
Specular reflection; POLYGON; 191, 91, 22; 306,849;306,850;306,852;306,853;307,855;309,856;311,857;313,858;316,859;318,859;321,859;324,859;326,859;328,858;330,856;332,853;334,851;334,850;334,848;334,846;334,845;331,841;329,841;326,840;324,840;323,840;321,840;320,840;319,840;318,841;316,842;314,845;
Specular reflection; POLYGON; 191, 91, 22; 250,834;246,838;245,840;244,841;243,843;242,845;241,847;241,849;241,851;244,854;246,856;249,857;252,858;255,858;258,858;261,858;265,858;267,857;270,856;273,855;275,853;276,851;278,849;278,847;279,845;279,843;279,841;279,839;278,837;277,836;275,834;273,834;271,834;268,834;266,834;
Specular reflection; POLYGON; 191, 91, 22; 108,754;108,756;107,758;107,760;106,762;106,764;105,765;105,769;104,770;104,771;103,773;102,774;102,775;101,776;100,778;99,784;98,784;97,784;96,784;95,784;94,784;93,784;93,783;92,783;91,782;91,781;90,780;90,779;89,778;85,775;84,775;84,774;84,773;84,772;84,771;84,770;84,769;84,768;85,767;85,766;86,765;86,764;87,763;87,762;88,761;89,760;90,759;90,758;91,757;93,756;94,755;95,754;96,753;97,751;98,750;99,750;99,748;101,747;108,745;110,745;111,745;112,745;113,745;114,745;115,744;116,744;117,744;119,744;120,744;
Specular reflection; POLYGON; 191, 91, 22; 321,538;321,539;321,541;322,542;323,543;324,544;327,545;329,545;333,545;336,544;338,543;343,541;344,540;345,539;345,538;345,537;345,536;345,535;344,534;344,533;343,531;342,530;342,529;341,529;340,528;340,527;339,527;338,527;337,527;335,527;
Specular reflection; POLYGON; 191, 91, 22; 321,490;319,490;318,490;317,491;316,493;310,498;309,500;307,502;306,503;305,505;304,506;304,507;304,508;304,509;315,512;320,513;321,513;322,513;323,513;
Specular reflection; POLYGON; 191, 91, 22; 195,512;196,513;196,514;197,515;197,516;199,518;199,519;200,520;205,521;206,521;207,520;209,519;211,518;212,517;215,515;216,514;218,512;220,508;220,507;221,505;221,504;221,502;220,501;219,500;217,499;216,498;214,498;213,498;211,498;210,498;209,499;207,500;206,501;205,503;
Specular reflection; POLYGON; 191, 91, 22; 985,343;984,344;983,345;983,346;983,347;983,348;982,349;982,350;982,351;982,353;983,354;983,355;986,360;986,361;987,362;988,363;989,365;988,373;987,374;986,375;986,376;985,377;984,379;983,380;983,381;982,382;982,383;981,385;980,385;980,386;980,387;979,387;979,388;978,389;978,390;977,391;977,392;977,393;977,394;977,395;977,398;978,400;979,401;979,402;979,403;979,404;979,405;979,406;979,408;979,411;979,412;979,413;980,413;980,414;980,415;980,416;981,416;981,417;982,417;983,417;984,417;985,417;987,417;988,417;990,417;992,416;994,415;995,414;997,413;998,413;1000,411;1001,410;1002,409;1003,408;1003,407;1003,406;1004,405;1004,404;1004,403;1004,401;1004,400;1004,398;1004,397;1005,392;1006,387;1005,387;1005,386;1004,386;1003,385;1002,385;1001,384;1000,383;999,382;999,381;999,380;998,378;998,372;999,371;1000,370;1001,369;1001,368;1003,367;1003,366;1004,365;1004,364;1004,363;1004,362;1004,361;1004,360;1004,359;1004,358;1004,357;1004,356;1004,354;1004,353;1004,352;1005,351;1005,350;1006,350;1007,349;1007,348;1008,347;1008,346;1009,345;1009,344;1009,343;1009,342;1009,341;1009,340;1009,339;1009,338;1010,337;1011,334;1012,332;1012,331;1012,330;1013,330;1013,329;1013,328;1013,327;1013,326;1013,325;1013,324;1010,322;1009,321;1008,321;1006,320;1005,320;1004,319;1004,318;1003,318;1002,317;1001,317;1000,317;999,317;998,317;997,318;995,318;994,319;993,320;992,321;991,322;991,324;990,325;989,326;989,328;989,329;989,331;989,332;990,334;991,335;992,337;993,338;994,339;995,340;996,340;997,341;
Specular reflection; POLYGON; 191, 91, 22; 968,264;966,265;964,265;962,266;960,267;959,268;958,269;957,270;956,273;962,279;964,279;967,280;970,280;974,280;977,280;979,280;982,280;984,279;986,278;988,276;989,275;989,271;971,264;969,264;966,264;
Specular reflection; POLYGON; 191, 91, 22; 781,799;780,799;779,799;778,799;777,799;775,799;774,799;773,799;772,798;771,797;769,797;768,796;767,795;766,794;765,794;764,793;763,792;762,792;761,791;760,791;760,790;759,790;758,789;756,787;755,787;754,787;746,787;745,787;744,787;743,787;742,788;741,788;741,789;740,789;740,790;739,790;739,791;739,795;739,797;739,798;739,799;739,800;739,801;739,802;739,803;739,804;739,806;739,807;739,808;739,809;739,810;739,811;739,812;739,813;739,814;738,815;738,816;738,817;738,818;738,819;738,822;739,824;739,825;739,826;739,827;739,828;740,828;741,828;742,828;743,828;745,828;746,828;748,828;749,828;751,828;752,827;754,827;755,826;756,826;758,825;759,825;761,824;763,824;764,823;766,823;768,822;770,821;772,821;774,821;775,820;777,820;779,820;780,820;781,820;782,820;783,820;784,820;785,820;786,820;786,819;787,818;792,812;793,812;794,810;794,809;795,808;795,807;795,806;792,801;789,798;787,797;785,797;783,796;781,796;778,796;776,795;773,795;771,795;768,795;766,795;765,795;762,797;
Specular reflection; POLYGON; 191, 91, 22; 1020,803;1019,803;1018,803;1017,803;1015,803;1011,804;1009,805;1007,806;1005,807;1003,808;1001,809;1000,811;998,812;998,813;997,814;997,816;997,817;997,818;998,818;998,819;999,820;1001,820;1002,821;1003,821;1004,821;1006,821;1007,821;1008,821;1010,821;1011,821;1012,821;1013,820;1014,819;1015,818;1015,816;1016,815;1016,814;1016,812;1016,811;1015,810;1014,809;1012,808;1010,808;1008,807;1006,807;
Specular reflection; POLYGON; 191, 91, 22; 451,1006;445,1006;444,1007;443,1007;442,1007;441,1007;440,1007;439,1008;438,1009;434,1013;433,1013;433,1014;432,1014;432,1015;431,1015;430,1015;429,1015;428,1014;427,1013;426,1012;425,1011;424,1010;423,1010;423,1009;422,1008;421,1008;420,1007;419,1006;418,1006;417,1005;416,1004;414,1004;413,1003;412,1003;411,1003;405,1001;402,1000;401,1000;400,1000;399,1000;398,1001;397,1001;396,1002;395,1002;394,1003;393,1004;392,1005;392,1006;392,1007;392,1008;392,1009;392,1010;392,1011;393,1011;393,1012;393,1013;393,1014;394,1014;394,1015;395,1015;395,1016;396,1017;397,1018;398,1020;399,1021;400,1021;401,1021;402,1021;406,1021;
Specular reflection; POLYGON; 191, 91, 22; 426,1026;427,1027;427,1028;428,1028;429,1028;430,1028;431,1028;432,1028;433,1028;434,1028;435,1028;436,1028;440,1027;443,1027;444,1027;444,1028;445,1028;446,1028;447,1028;451,1028;466,1028;476,1028;477,1028;478,1027;479,1027;
Specular reflection; POLYGON; 191, 91, 22; 502,1015;501,1014;500,1014;499,1013;498,1012;497,1012;492,1009;472,1000;454,1001;452,1002;450,1003;448,1004;446,1005;444,1006;441,1007;440,1008;
Specular reflection; POLYGON; 191, 91, 22; 411,1014;414,1014;417,1014;419,1014;421,1014;
Specular reflection; POLYGON; 191, 91, 22; 445,1006;442,1006;441,1006;439,1006;438,1006;433,1006;412,1013;411,1015;410,1015;410,1016;410,1017;
Specular reflection; POLYGON; 191, 91, 22; 427,1028;431,1028;433,1028;435,1028;436,1028;440,1027;441,1027;443,1027;444,1027;445,1027;447,1027;448,1027;449,1027;450,1027;451,1027;452,1027;453,1027;455,1027;456,1027;458,1026;459,1026;461,1026;463,1026;465,1026;467,1025;469,1025;472,1025;474,1025;475,1024;476,1024;487,1023;489,1023;495,1019;499,1013;499,1009;497,1007;495,1007;490,1006;484,1006;480,1006;476,1006;467,1006;461,1006;456,1006;451,1006;447,1006;442,1005;436,1005;435,1005;435,1003;437,1003;440,1003;
Specular reflection; POLYGON; 191, 91, 22; 431,1010;430,1010;428,1010;427,1010;426,1010;424,1010;422,1010;420,1010;418,1011;416,1011;414,1011;412,1012;410,1012;407,1013;405,1013;404,1014;402,1015;401,1015;400,1016;399,1017;399,1018;399,1019;400,1020;402,1021;405,1021;408,1022;411,1022;415,1022;419,1023;422,1023;426,1023;430,1023;433,1022;436,1022;438,1021;441,1021;446,1019;445,1014;
Specular reflection; POLYGON; 191, 91, 22; 351,955;350,956;348,956;346,956;344,957;342,957;340,958;339,958;337,959;336,959;334,960;333,960;332,961;331,962;329,963;328,964;327,965;326,966;325,967;324,968;323,969;322,970;322,971;321,973;321,974;321,975;322,975;323,976;324,976;325,977;325,978;325,979;325,980;327,983;329,985;330,985;331,986;332,986;332,987;333,987;334,988;335,988;336,988;336,989;337,989;338,989;340,989;341,989;342,989;344,989;345,989;346,989;347,989;348,989;349,989;350,990;351,990;352,990;353,991;354,991;355,991;356,991;357,991;359,991;378,985;385,981;386,980;387,980;388,979;389,978;389,977;391,975;392,974;393,973;394,971;395,970;395,969;395,968;396,968;396,967;396,966;396,965;395,963;395,961;394,960;393,958;393,956;392,954;391,952;391,951;390,949;388,948;387,947;380,946;377,946;373,946;369,947;365,948;351,954;348,961;349,961;351,961;353,961;
Specular reflection; POLYGON; 191, 91, 22; 314,791;313,792;312,793;311,794;310,794;309,796;308,797;308,798;307,799;307,801;307,802;308,804;317,811;328,814;330,814;335,814;336,814;
Vein; POLYGON; 63, 72, 204; 148,752;149,752;150,752;151,753;152,753;154,753;155,753;156,753;157,754;159,754;160,754;161,754;163,754;164,754;166,754;167,754;168,754;169,754;170,754;171,754;172,754;172,755;173,755;174,756;175,757;176,758;177,758;178,759;180,760;181,761;182,761;183,761;184,762;185,762;186,762;187,762;188,763;189,763;190,764;191,764;192,765;193,766;194,767;195,767;196,768;200,771;210,775;211,775;212,776;213,776;213,777;214,777;215,778;216,778;217,779;218,779;219,779;219,780;220,780;221,780;222,781;223,781;224,781;225,782;226,782;227,782;228,782;229,782;231,783;232,783;233,783;234,783;235,783;236,783;237,783;238,783;239,784;240,784;240,785;241,785;242,786;243,786;243,787;244,787;245,787;246,788;247,788;248,788;251,788;261,789;262,789;263,789;264,790;265,790;266,790;267,791;269,792;270,792;271,792;272,792;273,792;273,793;274,793;275,793;276,793;276,794;277,794;278,794;279,794;279,795;285,795;286,795;286,796;287,796;288,796;289,796;290,796;291,796;292,796;293,796;294,796;295,796;296,796;297,796;298,796;299,796;300,796;301,796;302,796;302,795;303,795;304,795;305,795;306,794;313,792;314,792;314,791;315,791;315,790;316,790;316,789;317,789;317,788;318,787;318,786;319,786;319,785;319,784;319,783;318,783;318,782;317,782;317,781;316,781;315,780;309,779;308,779;306,779;306,778;305,778;304,778;303,778;302,778;300,778;299,778;298,778;297,778;296,778;295,778;295,777;294,777;293,777;292,777;291,776;290,776;288,776;287,776;286,776;286,775;285,775;284,774;282,773;281,772;279,764;279,763;280,762;280,761;281,761;281,759;281,758;282,756;282,755;282,754;282,753;282,752;282,751;281,751;280,751;279,751;278,751;277,751;276,751;275,751;272,751;268,752;267,752;266,752;265,752;264,752;249,749;248,749;247,748;246,748;245,748;244,748;243,748;242,747;241,747;240,747;239,747;238,747;237,747;236,747;235,747;234,747;233,747;232,747;231,747;230,746;229,746;228,746;227,746;226,746;225,746;224,746;223,746;223,745;222,745;221,745;220,745;219,745;218,745;217,744;216,744;215,744;214,743;207,738;206,738;206,737;205,737;205,736;204,736;204,735;203,735;203,734;203,733;202,733;202,732;201,732;201,731;200,731;200,730;199,730;198,729;197,729;197,728;196,728;195,728;195,727;194,727;192,727;190,726;189,726;188,726;187,726;187,725;186,725;185,725;184,725;183,725;182,725;181,725;180,725;179,725;178,725;178,726;177,726;176,727;175,727;174,727;174,728;173,728;172,728;166,730;165,730;164,730;163,730;162,730;161,730;160,730;159,730;158,730;157,730;156,729;155,729;154,728;153,728;152,728;151,727;150,727;149,727;148,727;147,727;146,727;143,729;142,729;142,730;141,730;141,731;140,732;140,733;139,734;139,735;139,736;139,737;139,738;140,739;140,740;141,741;142,742;143,743;144,744;145,745;146,746;146,747;147,748;148,749;149,750;150,751;151,752;152,753;154,754;157,756;159,757;168,761;
Vein; POLYGON; 63, 72, 204; 195,733;196,733;197,733;198,733;199,733;201,733;202,733;204,733;205,733;207,733;208,733;209,733;213,734;230,739;231,740;234,742;236,742;237,743;239,744;240,744;242,745;244,745;246,745;248,745;250,745;252,745;254,745;257,745;259,745;260,745;265,745;266,744;267,744;268,744;270,744;271,744;272,744;273,744;274,744;275,744;275,745;276,745;276,746;277,746;277,747;278,747;278,748;279,749;279,750;280,751;281,752;281,753;282,754;282,755;282,756;282,757;282,758;282,759;282,760;282,761;281,761;280,762;279,762;278,763;277,763;276,763;275,764;274,764;273,765;272,765;271,766;270,766;269,766;268,766;267,766;266,766;264,766;262,766;260,765;258,765;256,765;254,764;251,764;249,763;247,763;244,763;242,763;240,763;238,763;237,763;236,763;235,763;234,763;233,763;232,763;231,762;230,762;228,762;227,761;224,759;222,759;221,758;219,757;215,756;214,756;213,756;212,758;212,761;
Vein; POLYGON; 63, 72, 204; 287,770;288,771;290,771;291,772;293,772;295,773;297,773;298,774;299,774;300,774;302,775;303,775;304,775;305,775;306,776;307,776;308,776;309,776;310,776;311,777;312,777;313,777;314,777;315,777;316,777;317,777;318,777;318,776;319,776;320,776;321,776;324,776;326,776;327,776;328,776;329,776;330,776;331,776;332,776;333,776;334,776;335,776;336,776;336,775;337,775;338,774;338,773;338,772;338,771;338,770;337,770;337,769;337,768;337,767;337,766;337,765;338,765;338,764;339,764;340,764;340,763;342,763;342,762;343,762;344,762;345,762;346,761;347,761;348,761;348,760;349,760;350,760;351,760;352,760;353,759;354,759;355,759;356,759;357,759;358,759;358,758;359,758;360,758;361,758;362,757;363,757;363,756;364,756;365,755;366,755;367,755;367,754;368,754;371,753;372,753;373,753;374,753;375,753;376,753;377,752;378,752;379,752;380,752;381,752;382,752;383,752;384,752;384,753;385,753;386,753;386,754;387,754;387,755;387,756;387,758;387,760;386,760;386,761;386,762;386,763;386,764;386,765;385,765;385,766;385,767;385,768;385,769;385,770;385,771;385,772;385,773;386,773;387,773;387,774;388,774;389,774;390,774;394,774;395,774;396,773;397,773;398,773;399,773;400,773;401,773;402,773;402,772;403,772;404,772;405,772;406,772;407,772;408,772;409,772;410,772;411,772;412,772;413,772;414,771;415,771;416,771;417,771;418,771;419,771;420,771;421,771;422,770;426,770;431,768;432,768;433,768;434,768;435,768;436,768;437,768;438,768;439,768;440,768;441,768;442,768;443,768;444,768;445,768;446,768;447,768;448,768;449,768;450,768;451,768;451,769;452,769;453,769;454,769;455,769;456,769;457,769;458,770;459,770;460,770;462,770;464,770;464,771;465,771;466,772;467,772;467,773;468,773;468,774;468,775;468,776;468,777;468,778;467,778;467,779;466,780;465,780;464,781;463,781;463,782;462,782;461,783;460,783;460,784;459,784;458,785;457,785;456,785;455,785;453,786;451,786;450,786;449,786;448,786;447,786;446,786;445,786;444,786;443,786;442,786;441,786;440,786;439,785;438,785;437,785;436,785;435,785;434,785;433,785;432,785;431,785;431,786;430,786;429,786;428,786;427,786;426,786;425,786;423,787;422,787;421,787;420,787;419,787;416,787;415,787;407,788;406,788;404,788;403,788;402,788;401,788;400,788;399,789;398,789;397,789;396,789;395,790;394,790;393,790;393,791;392,791;391,791;390,792;388,792;387,792;386,792;385,792;384,793;383,793;382,793;381,793;378,795;377,795;376,795;375,795;375,796;374,796;373,796;372,798;371,798;371,799;371,800;370,800;370,801;369,801;369,802;368,802;367,802;367,803;366,803;365,803;364,803;363,803;362,803;356,803;355,803;354,803;353,803;353,802;352,802;351,801;351,800;350,800;349,799;348,799;348,798;347,798;347,797;346,797;346,796;345,796;345,795;344,795;344,794;343,794;342,793;341,793;341,792;340,792;339,792;339,791;338,791;337,791;336,791;335,791;335,790;334,790;333,790;332,790;331,792;330,793;330,794;329,794;329,795;329,796;328,797;327,798;327,799;326,799;325,799;324,799;323,799;323,798;321,798;320,797;318,796;317,796;316,796;316,795;314,795;313,794;312,794;311,793;309,792;307,791;306,791;305,790;303,789;302,788;299,787;299,788;
Vein; POLYGON; 63, 72, 204; 460,769;461,769;466,768;468,768;469,767;470,767;471,767;472,767;473,767;474,767;479,767;481,766;482,766;483,766;485,766;486,766;487,766;488,766;489,766;490,766;491,766;492,766;493,766;494,766;495,766;496,766;497,766;498,766;499,766;500,766;501,766;502,766;503,766;504,766;505,766;506,766;507,766;508,767;509,767;510,767;511,767;512,768;513,768;513,769;514,769;515,769;515,770;516,770;517,771;518,771;519,772;520,772;521,773;524,775;524,776;525,777;525,778;526,778;526,779;527,779;527,780;527,781;527,782;527,783;527,784;526,784;525,784;523,785;522,786;520,786;519,786;518,787;517,787;516,787;515,787;514,787;513,787;512,787;509,787;508,786;506,786;492,783;491,783;487,783;486,783;481,783;480,783;479,783;478,783;477,783;476,783;475,783;474,783;473,783;472,783;471,782;469,782;467,781;465,781;464,781;462,780;461,780;460,780;459,779;458,779;457,779;456,779;455,779;454,779;453,779;452,779;452,780;453,781;
Vein; POLYGON; 63, 72, 204; 483,761;483,760;483,759;482,759;482,758;482,757;481,756;480,754;477,753;476,752;475,752;474,752;473,752;472,752;471,752;470,751;469,751;468,751;467,751;466,751;465,751;464,751;463,751;462,751;461,751;460,751;459,752;458,752;457,752;456,752;455,752;454,752;453,752;451,752;450,752;449,752;448,752;446,753;445,753;444,753;443,753;439,754;433,754;432,754;431,754;430,754;429,754;428,754;427,754;426,754;425,754;424,754;423,754;422,754;421,754;420,754;419,754;418,754;417,754;417,753;416,753;415,753;414,753;413,753;412,753;411,753;410,753;409,753;408,753;407,753;406,753;405,753;404,753;403,753;403,754;402,754;401,754;400,754;399,755;398,755;397,755;396,756;393,757;390,759;389,759;388,760;387,760;386,760;385,760;384,760;383,760;382,760;381,760;380,760;379,760;378,760;377,760;376,760;375,759;374,758;374,757;373,757;373,756;373,755;373,754;373,753;374,753;374,752;375,752;376,752;388,750;390,749;391,749;392,748;393,748;394,748;395,747;396,747;397,747;400,747;402,746;403,746;405,746;406,746;407,746;409,746;410,746;411,745;412,745;413,745;414,744;415,744;416,744;416,743;417,742;418,742;419,741;420,741;421,740;424,739;425,739;426,739;427,738;428,738;429,738;430,738;431,738;432,738;433,738;434,738;436,738;437,739;441,739;448,739;449,739;450,739;451,739;453,739;454,739;455,739;456,739;457,739;458,739;459,740;460,740;461,740;462,740;463,740;464,741;465,741;466,741;467,741;468,742;469,742;471,742;472,742;473,742;474,742;475,742;476,742;477,742;478,742;479,742;480,742;481,742;482,742;483,743;484,743;485,743;486,744;487,744;488,744;489,744;490,744;491,744;492,744;493,744;494,744;501,745;502,745;503,746;504,746;507,747;508,747;509,747;510,747;511,747;512,747;514,747;515,747;516,747;517,747;518,747;519,747;520,747;521,747;522,747;523,747;524,747;525,747;526,747;527,747;528,747;529,747;531,747;532,747;532,746;533,746;534,746;535,746;538,746;544,747;545,747;546,748;547,748;548,749;549,749;549,750;550,750;551,750;551,751;552,751;552,752;553,752;554,752;554,753;555,753;556,753;556,754;557,754;557,755;558,755;558,756;559,756;559,757;560,757;561,757;561,758;562,758;563,759;564,761;565,763;565,764;565,765;565,766;565,767;564,767;563,767;563,768;562,768;561,768;560,768;559,768;558,767;557,767;556,767;556,766;555,766;554,766;553,765;540,760;539,759;538,759;537,758;535,758;532,757;531,757;528,757;525,758;524,758;524,759;522,759;522,760;520,761;519,761;518,762;517,762;516,763;515,763;515,764;514,764;514,765;513,765;513,766;513,767;513,768;513,769;513,770;513,771;513,772;513,773;514,776;514,778;
Vein; POLYGON; 63, 72, 204; 527,779;528,779;530,779;531,779;533,779;534,779;535,779;536,779;538,779;539,779;540,779;541,779;542,780;543,780;544,780;545,781;546,781;547,781;548,782;549,782;552,783;565,787;566,788;567,788;568,788;569,788;569,789;571,789;572,789;573,789;574,790;576,790;577,790;578,790;579,791;580,792;581,792;581,793;582,794;583,795;583,796;584,796;584,797;585,797;586,798;587,798;587,799;588,799;588,800;589,800;589,801;589,802;589,803;589,804;589,805;590,805;590,807;590,808;590,809;590,810;590,811;590,812;589,812;588,813;587,813;586,813;585,813;584,814;583,814;582,814;581,814;580,814;579,814;578,814;577,814;576,814;572,814;570,813;569,813;568,812;566,812;564,811;561,810;548,805;530,794;526,793;525,792;522,790;520,790;519,789;518,788;517,787;516,787;515,786;514,785;513,785;512,784;511,784;511,783;510,783;509,783;508,783;509,783;510,784;512,785;514,786;516,787;
Vein; POLYGON; 63, 72, 204; 594,810;595,810;596,811;597,812;598,813;613,821;617,821;618,822;619,822;620,822;621,822;622,822;
Stroma, ICG; POLYGON; 255, 255, 255; 805,590;804,591;803,591;802,591;800,593;796,595;795,595;791,598;790,599;788,601;788,602;787,603;786,603;786,604;785,607;784,610;784,611;784,612;784,613;784,614;784,615;784,616;784,617;784,618;784,619;784,620;784,621;784,622;784,623;784,624;784,625;784,626;783,626;782,626;781,626;779,626;776,627;775,627;774,627;772,627;771,628;770,628;769,629;768,629;767,629;765,630;764,630;761,631;760,631;758,631;757,631;756,631;755,631;754,631;753,631;752,631;751,631;750,631;749,631;748,631;747,631;746,632;745,632;744,632;743,632;742,632;735,632;734,633;733,634;732,634;731,635;730,635;729,636;728,636;727,636;726,637;725,637;724,638;723,638;722,638;721,639;720,640;719,640;718,640;717,641;716,641;715,641;714,641;713,641;712,641;711,641;710,641;709,641;709,640;708,639;707,637;707,636;706,635;706,634;706,633;705,633;705,632;704,631;704,630;704,629;704,628;703,628;703,627;703,626;703,625;703,624;702,624;702,623;702,622;702,621;702,620;702,619;702,618;701,618;701,617;701,616;701,615;701,614;701,613;700,613;700,612;700,611;700,610;699,610;699,609;699,608;698,608;698,606;697,604;697,602;697,601;697,600;696,600;696,599;696,598;696,597;695,597;695,596;695,595;694,595;693,595;693,594;692,594;692,593;691,593;690,592;689,592;689,591;688,590;687,589;687,588;686,587;686,586;686,585;686,584;685,584;685,583;685,582;685,581;685,580;685,579;685,578;685,577;685,576;685,575;686,575;686,574;687,574;689,572;690,571;691,570;692,570;692,569;692,568;693,567;694,566;694,565;695,565;695,564;695,563;696,563;696,562;697,561;697,560;698,559;698,558;699,558;699,557;700,557;700,556;701,556;701,555;702,555;703,554;703,553;704,553;704,552;705,552;706,551;707,551;707,550;708,550;709,549;710,548;711,548;713,545;716,543;717,542;717,541;718,541;718,540;718,539;719,539;719,537;720,536;720,535;721,535;721,534;722,533;724,531;725,530;726,529;727,529;728,528;728,527;729,527;730,527;730,526;731,526;732,526;733,526;734,526;734,525;735,525;736,525;737,525;738,525;739,525;741,525;744,525;745,525;748,525;749,525;750,525;751,525;752,526;753,526;754,526;754,527;755,527;756,528;757,529;757,530;758,530;758,531;760,535;761,537;761,538;761,539;761,540;761,542;761,543;761,544;761,545;761,546;761,547;761,548;760,549;760,550;760,551;760,552;760,553;760,554;760,555;759,556;759,557;759,558;759,560;760,566;760,567;761,567;761,568;762,569;763,569;763,570;764,570;765,570;766,571;767,571;768,571;769,571;770,571;771,571;772,572;773,572;774,572;775,572;776,572;777,572;778,572;780,572;781,572;782,572;783,572;784,572;786,572;787,572;788,572;789,572;790,572;792,571;800,570;802,572;803,573;805,576;807,578;807,579;808,579;808,580;809,581;810,582;811,582;811,583;812,583;812,584;812,585;813,586;813,587;813,588;813,589;813,590;813,591;
Stroma, ICG; POLYGON; 255, 255, 255; 810,584;808,584;808,585;807,585;805,586;804,587;803,588;802,589;802,590;801,591;800,591;800,592;800,593;800,594;800,595;800,596;800,597;801,598;801,599;802,600;803,600;803,601;804,601;805,602;806,603;807,604;808,605;809,606;810,607;810,608;811,608;811,609;812,609;812,610;813,611;814,614;816,617;816,618;817,619;817,620;817,622;817,623;817,624;817,625;817,626;817,628;817,629;817,630;816,634;816,635;816,636;816,637;815,637;815,638;815,639;815,640;815,641;816,642;817,642;818,643;819,643;828,643;829,642;830,642;831,642;832,641;833,641;834,640;835,640;835,639;836,639;837,638;839,637;840,636;841,636;842,635;843,634;844,634;845,633;848,632;849,631;850,631;851,630;852,630;853,630;853,629;854,629;855,629;855,628;856,628;857,628;858,628;859,628;862,628;868,624;869,624;870,624;870,623;871,623;872,623;872,624;873,624;873,625;875,627;876,627;877,628;878,628;878,629;879,629;880,629;881,629;882,629;883,629;884,628;885,628;886,627;887,627;888,626;889,626;890,625;891,625;892,624;893,624;894,623;895,623;896,622;897,622;898,621;902,619;909,611;910,609;910,608;911,607;911,606;912,604;912,603;913,603;913,602;913,601;913,600;913,599;914,599;914,598;914,597;914,596;914,595;914,594;913,593;912,593;911,592;910,592;910,591;909,591;908,590;907,590;906,590;906,589;905,589;904,589;903,589;902,588;900,588;899,588;897,588;895,588;893,588;890,588;880,589;879,589;878,589;877,589;877,588;876,588;875,588;874,587;873,587;872,586;871,586;870,586;869,586;868,585;867,585;866,584;865,583;864,583;864,582;863,582;861,580;860,579;856,578;854,578;853,578;851,578;850,578;849,578;847,578;845,577;844,577;843,577;841,576;840,576;839,575;837,575;836,575;830,576;819,579;818,579;817,579;815,579;814,578;813,578;811,577;809,577;808,576;807,576;806,576;804,576;803,576;802,576;801,576;
Stroma, ICG; POLYGON; 255, 255, 255; 820,574;820,573;819,573;818,572;816,571;814,570;813,569;812,569;812,568;811,568;810,568;809,568;808,567;807,567;806,567;805,567;804,567;803,567;802,567;801,567;800,566;799,566;798,565;797,565;796,564;795,564;794,564;793,564;792,563;791,563;790,563;789,563;789,562;788,562;787,562;786,562;785,561;784,561;783,561;782,561;770,562;768,563;767,563;766,564;765,565;764,565;763,566;762,567;761,568;760,569;759,569;758,570;758,571;757,572;757,573;756,573;756,574;756,575;756,576;756,577;756,578;756,579;756,580;756,581;757,582;758,582;759,583;760,583;761,584;762,585;764,585;766,586;768,586;770,586;772,587;774,587;776,587;779,588;781,588;784,588;786,588;789,588;791,588;793,588;795,588;797,589;799,589;801,589;811,589;822,588;824,587;825,587;827,586;828,586;830,586;831,586;832,586;832,585;833,584;
Stroma, ICG; POLYGON; 255, 255, 255; 823,605;822,605;821,605;820,605;819,605;818,605;817,605;816,605;816,606;815,606;814,606;813,606;812,606;808,606;807,606;805,606;804,606;803,606;800,606;800,605;799,605;798,605;797,605;796,605;796,604;795,604;794,604;793,604;792,604;791,604;791,603;790,603;789,603;787,603;786,603;785,603;784,603;783,603;782,603;781,603;780,603;779,603;778,602;777,602;777,601;777,600;776,600;776,599;776,598;776,597;779,592;782,589;783,588;786,586;787,585;790,584;792,583;793,583;795,583;796,582;798,582;800,582;801,582;803,582;805,582;807,582;809,582;811,583;812,583;815,584;816,584;818,585;819,586;821,587;822,588;823,589;824,590;825,591;825,592;826,593;826,594;827,595;827,596;828,597;828,598;829,598;
Stroma, ICG; POLYGON; 255, 255, 255; 248,686;248,687;247,687;246,687;245,688;244,688;243,689;242,689;241,690;240,690;239,691;238,691;237,692;236,692;235,692;234,693;233,693;232,693;232,694;231,694;229,695;228,695;227,696;226,696;225,696;224,696;223,697;222,697;221,697;220,697;219,698;218,698;217,698;216,699;214,701;212,704;211,705;211,706;210,706;209,707;209,708;209,709;208,712;207,712;207,713;207,714;207,715;207,716;207,717;207,718;208,718;208,719;209,719;209,720;209,721;210,721;211,722;212,723;213,723;213,724;214,724;215,724;217,725;218,725;220,725;220,726;221,726;222,726;223,726;224,726;225,727;226,727;227,727;228,727;230,727;237,727;240,727;241,727;242,727;244,727;245,727;246,727;247,727;250,727;251,727;253,727;254,727;255,727;256,727;257,727;258,727;258,726;259,726;259,725;259,724;260,723;261,721;261,720;261,719;262,716;263,715;263,714;264,712;265,710;266,709;267,708;268,706;268,705;269,704;271,702;272,701;272,699;274,697;274,696;275,695;276,694;276,693;276,692;277,692;277,691;277,688;277,687;276,687;275,686;274,686;273,685;272,684;272,683;270,682;269,682;268,681;267,681;266,681;266,680;264,680;263,680;262,680;260,681;258,681;257,682;255,683;254,685;253,686;252,687;251,688;251,689;251,690;251,691;
Stroma, ICG; POLYGON; 255, 255, 255; 245,684;246,684;246,683;247,681;248,681;249,680;250,679;251,679;252,678;253,677;254,676;255,675;256,675;258,674;259,673;260,673;261,672;262,672;263,672;264,672;265,672;265,673;266,673;267,674;268,674;269,674;269,675;270,675;270,676;271,676;272,678;274,683;275,684;275,685;275,686;275,689;275,690;275,691;275,692;275,693;275,694;275,695;275,696;275,697;276,697;277,697;278,697;279,697;280,698;281,698;282,698;283,699;284,699;284,700;285,700;285,701;285,702;285,703;285,704;285,706;285,710;285,711;285,712;284,713;284,714;283,715;282,716;282,717;281,718;281,719;280,719;280,720;279,720;279,721;278,722;278,723;277,724;276,725;275,726;274,726;273,727;272,727;272,728;271,728;270,728;269,729;268,729;267,729;266,729;266,730;263,730;262,731;261,731;260,731;260,730;259,730;259,729;258,728;257,728;257,727;254,725;253,724;252,724;252,723;
Stroma, ICG; POLYGON; 255, 255, 255; 238,790;238,791;237,793;236,795;236,796;235,798;235,800;234,801;234,803;234,804;234,805;234,806;234,807;235,808;236,808;236,809;237,809;238,809;238,810;239,810;240,810;243,813;243,814;243,815;243,816;243,817;243,818;243,819;243,820;243,821;244,822;244,823;244,824;244,825;244,826;244,827;244,828;244,829;244,830;244,831;244,832;244,833;244,834;244,835;244,836;244,837;244,838;244,839;244,840;244,841;244,842;244,843;243,844;242,845;241,845;241,846;240,846;240,847;239,847;239,848;238,848;238,849;237,849;237,850;236,850;236,851;235,851;235,852;234,852;233,853;232,853;231,853;230,853;229,853;228,853;227,853;226,853;225,853;225,852;224,852;223,851;216,846;215,845;214,845;213,845;213,844;211,844;210,843;209,843;208,843;207,843;206,843;205,843;204,843;203,843;202,843;201,844;200,845;198,847;197,847;197,848;196,848;196,849;195,849;195,850;194,850;193,850;193,851;192,851;191,851;190,851;189,852;186,852;184,852;183,852;182,853;181,853;180,853;179,853;178,854;177,854;176,854;175,855;174,855;174,856;173,856;173,857;172,858;172,859;172,860;171,860;171,861;171,862;170,863;169,864;168,865;167,867;166,868;162,870;157,872;156,872;155,872;154,872;154,873;153,873;152,873;151,873;151,874;150,874;149,874;148,875;147,875;146,875;145,875;144,875;143,875;142,875;141,876;140,876;139,876;138,877;137,877;136,878;135,878;134,878;133,879;132,879;131,880;130,880;129,880;128,880;127,880;126,881;125,881;124,881;123,881;122,881;121,881;120,881;119,882;118,882;117,882;116,882;115,882;114,882;113,882;109,882;103,882;102,882;102,881;102,880;103,877;103,875;104,874;104,873;105,871;106,870;106,868;107,867;107,866;108,864;108,863;109,862;110,861;110,860;110,859;111,858;112,857;113,856;114,855;114,854;115,854;115,853;116,852;116,851;117,851;117,850;118,849;118,848;119,847;119,846;120,846;121,846;122,845;123,845;124,845;124,844;125,843;126,843;127,843;127,842;128,842;129,841;141,840;142,840;143,840;145,840;146,840;147,840;150,840;151,840;151,841;152,841;154,841;155,841;156,841;157,840;158,840;159,840;160,839;161,839;162,839;163,839;164,838;165,838;166,837;167,837;168,836;170,835;171,835;171,834;172,834;173,834;173,833;174,833;175,833;176,833;177,833;178,833;179,833;181,835;182,835;183,835;184,835;185,835;186,835;187,835;188,835;189,835;190,835;191,835;191,834;192,834;192,833;193,833;193,832;194,831;195,830;196,830;197,830;198,830;199,831;202,832;206,834;207,834;209,834;210,834;211,834;212,834;213,834;214,833;215,832;215,831;216,830;216,829;216,828;216,827;216,826;216,825;217,824;217,823;217,822;217,821;218,820;218,819;219,818;219,817;219,816;219,815;219,814;218,813;217,813;216,812;215,812;214,812;213,812;212,811;211,811;209,811;206,811;203,811;202,811;201,811;200,811;199,811;198,811;197,811;196,810;195,810;194,810;194,809;193,809;192,808;191,808;190,807;189,807;188,806;187,806;187,805;185,805;184,804;183,804;182,804;182,803;181,803;180,803;179,802;178,801;174,798;173,797;173,796;172,796;172,795;171,794;170,793;169,792;168,791;167,790;167,789;166,789;166,788;165,787;164,786;164,785;163,785;163,784;162,782;162,781;162,780;162,779;162,778;162,777;162,776;162,773;162,772;163,769;164,769;165,768;166,768;167,768;168,768;169,768;170,768;172,768;173,768;174,768;175,768;176,768;177,769;178,769;179,769;181,769;182,770;183,770;184,770;185,770;186,770;187,771;188,771;189,771;190,771;191,771;192,771;193,772;194,772;195,772;196,773;197,773;199,774;200,775;201,775;202,776;203,776;204,777;205,777;206,777;207,778;208,778;211,778;224,780;226,780;227,780;228,781;230,782;232,782;233,783;234,784;235,784;236,785;238,786;242,789;243,790;245,791;246,791;246,792;248,793;249,793;250,793;251,793;252,793;
Stroma, ICG; POLYGON; 255, 255, 255; 283,812;283,813;283,814;283,815;283,816;283,817;283,818;283,819;283,820;284,820;285,820;285,821;286,821;287,821;288,821;289,821;290,821;291,821;292,821;293,821;294,821;295,821;296,821;297,821;298,821;299,821;300,820;301,820;302,820;303,819;304,818;307,817;308,816;309,815;310,815;310,814;311,813;312,812;312,810;312,809;312,806;300,798;298,798;297,798;296,798;293,797;292,797;
Stroma, ICG; POLYGON; 255, 255, 255; 328,745;327,745;326,745;325,745;324,745;323,746;322,746;321,746;320,746;319,746;318,746;317,746;316,746;315,746;314,746;313,747;312,747;311,747;310,747;307,746;304,745;303,745;302,744;295,740;294,739;293,738;292,737;292,736;291,736;291,735;290,735;290,734;289,734;289,733;288,732;288,731;288,730;288,729;287,728;287,727;287,726;287,725;287,724;287,723;288,722;289,722;289,721;290,721;290,720;291,720;292,720;294,717;295,717;296,716;298,714;299,713;300,712;301,712;301,711;302,710;303,710;304,709;304,708;305,708;306,707;307,707;307,706;308,706;309,706;310,706;311,706;312,706;312,707;313,707;314,707;315,707;316,708;317,708;318,708;319,708;320,708;321,709;322,709;323,709;324,709;325,709;326,708;326,707;327,707;327,706;328,705;328,704;329,703;329,702;329,701;330,699;331,697;332,696;336,692;337,691;338,690;339,690;340,690;341,690;342,690;343,690;345,690;346,691;347,691;348,691;349,691;350,692;351,692;352,692;353,692;355,692;356,692;357,692;358,692;358,693;359,694;359,695;360,695;360,696;361,696;361,697;362,697;362,698;363,698;363,699;366,701;367,701;367,702;368,702;369,702;369,703;370,703;371,703;372,703;373,704;374,704;375,704;376,704;377,705;378,705;378,706;379,706;379,707;380,707;380,708;381,708;381,709;382,709;382,710;383,710;383,711;384,711;385,712;386,713;387,714;387,715;387,716;388,717;388,718;388,719;389,719;389,720;389,721;389,722;390,722;390,723;390,724;390,725;390,726;390,727;390,728;390,729;390,730;390,731;390,732;389,732;389,733;388,734;387,735;386,736;385,737;384,738;383,739;382,739;381,740;381,741;380,741;376,743;376,744;375,744;374,745;373,745;372,745;372,746;371,746;370,746;370,747;369,747;368,747;367,747;366,748;365,748;364,748;363,748;362,748;361,748;360,748;359,748;358,748;357,748;356,747;355,747;354,747;353,746;352,746;350,746;349,746;348,746;346,746;344,746;343,746;341,746;339,746;338,746;336,746;335,746;333,746;332,745;331,745;331,744;331,743;332,743;338,742;
Stroma, ICG; POLYGON; 255, 255, 255; 396,707;397,707;398,707;399,707;400,707;401,707;402,706;403,706;404,706;406,706;408,706;408,707;410,708;417,712;418,712;419,713;420,713;420,714;421,714;422,714;422,715;423,715;424,715;425,715;426,715;426,716;427,716;428,716;429,716;430,717;431,717;432,717;433,717;434,717;435,717;435,718;436,718;436,719;437,719;438,719;438,720;440,720;441,720;442,720;443,720;444,720;445,720;446,720;447,720;448,720;449,720;449,721;450,721;451,721;452,722;453,723;453,724;454,724;454,725;454,726;454,727;454,728;453,730;451,733;451,734;449,735;446,735;445,735;443,735;442,735;441,735;440,735;439,735;438,735;437,735;436,735;435,735;434,735;433,735;432,735;431,735;430,735;429,735;428,735;427,735;426,735;425,735;424,735;423,735;422,735;421,735;420,735;419,735;418,735;417,735;416,735;415,735;414,735;413,735;412,735;411,735;410,735;407,736;407,737;406,737;405,737;402,737;398,737;397,737;396,737;394,737;393,737;392,737;391,737;390,737;390,736;389,736;388,736;387,736;387,735;386,735;385,735;385,734;384,734;383,733;383,732;382,730;382,728;383,728;383,726;384,725;384,724;384,723;385,722;385,721;385,720;385,719;385,718;385,717;385,716;385,715;385,714;385,713;388,711;393,708;394,707;395,707;396,707;397,706;398,706;399,706;402,707;403,708;405,709;406,710;
Stroma, ICG; POLYGON; 255, 255, 255; 407,708;408,707;410,706;411,706;412,705;413,704;414,704;415,704;416,704;417,703;418,703;420,703;421,703;422,703;423,703;423,704;424,704;425,705;427,706;427,707;428,707;429,707;429,708;430,708;430,709;431,710;431,711;431,712;431,713;431,714;431,715;431,716;431,717;431,718;431,719;431,720;431,721;431,722;431,723;430,724;429,724;428,725;427,725;427,726;426,726;426,727;425,727;425,728;424,728;424,729;
Stroma, ICG; POLYGON; 255, 255, 255; 439,675;438,678;438,680;437,680;437,681;437,682;437,683;437,684;437,685;438,687;440,691;441,691;442,691;443,691;444,691;444,690;445,690;446,690;446,689;447,689;448,689;448,688;449,688;450,687;451,687;451,686;452,685;453,685;454,684;454,683;455,683;455,682;456,682;456,681;457,681;457,680;457,679;457,678;457,677;457,676;457,675;457,674;457,673;456,672;456,671;455,671;454,669;453,669;453,668;450,668;
Stroma, ICG; POLYGON; 255, 255, 255; 469,680;470,680;471,680;472,679;472,678;473,677;474,676;474,675;474,674;475,674;475,673;475,672;476,671;476,670;476,669;477,669;477,668;477,667;478,667;478,666;478,665;478,664;479,664;479,663;480,663;481,663;482,663;483,663;484,663;484,664;485,664;486,664;486,665;487,665;488,665;488,666;488,667;489,667;489,668;489,669;490,669;490,670;490,671;490,672;490,673;491,674;491,675;491,676;492,676;492,678;492,679;492,680;492,681;492,682;492,683;492,684;492,685;492,686;492,687;492,688;492,689;492,690;492,691;492,692;493,693;493,694;494,695;494,696;495,697;495,698;495,699;495,700;496,700;496,701;496,702;496,703;496,704;496,705;496,706;496,707;496,708;494,711;493,712;492,712;492,713;491,713;490,713;490,714;489,714;488,714;487,714;487,715;486,715;485,715;485,716;484,716;484,717;483,717;483,718;482,718;482,719;482,720;482,721;482,722;482,723;482,724;482,725;482,726;482,727;482,728;482,729;482,730;482,731;481,731;481,732;481,733;480,733;480,734;479,734;479,735;478,735;477,735;476,735;473,735;472,735;471,735;470,734;468,734;468,733;467,733;466,733;465,733;464,733;463,733;462,732;461,732;460,732;460,731;459,731;458,730;457,729;456,728;455,727;455,726;454,726;454,725;454,724;
Stroma, ICG; POLYGON; 255, 255, 255; 464,717;466,716;466,715;467,715;467,714;468,714;469,713;469,712;470,712;471,711;472,711;472,710;473,710;473,709;473,708;473,707;472,706;472,704;472,703;472,702;471,702;471,701;470,699;467,696;466,696;466,695;465,695;464,694;463,693;462,693;462,692;
Stroma, ICG; POLYGON; 255, 255, 255; 464,691;464,690;463,690;462,690;461,690;461,689;460,689;459,689;459,688;458,688;457,687;456,686;455,686;455,685;454,685;454,684;454,683;454,682;454,681;455,681;455,680;456,680;456,679;457,679;458,678;459,678;460,677;461,677;462,677;463,677;464,677;465,677;466,677;467,677;468,677;477,677;477,678;477,679;477,680;477,683;477,684;477,685;477,686;477,687;477,691;477,692;
Stroma, ICG; POLYGON; 255, 255, 255; 480,660;481,659;481,657;482,653;482,652;482,651;482,650;482,649;482,648;482,647;483,647;483,646;487,645;488,645;489,645;490,645;491,645;492,645;496,645;497,645;498,646;498,647;499,647;499,648;499,649;499,650;500,651;500,652;500,653;500,654;501,654;501,655;501,656;501,657;501,658;501,659;501,660;502,660;502,661;502,662;503,662;503,663;504,663;505,663;506,663;507,663;508,663;509,663;510,663;511,663;513,662;514,662;515,662;515,661;516,661;517,661;518,661;519,661;520,661;521,661;522,662;522,663;522,664;522,665;522,666;522,667;522,668;522,669;522,670;522,672;522,673;522,674;522,675;522,676;521,676;521,678;519,680;519,681;519,682;519,683;519,684;519,686;519,687;519,688;519,689;519,690;520,690;520,691;520,692;520,693;520,694;519,695;519,696;518,697;518,698;517,699;517,700;516,700;515,700;514,700;513,700;512,700;511,700;510,700;510,699;509,699;508,698;507,698;507,697;506,697;505,697;504,696;503,696;502,696;501,695;499,695;498,695;497,696;496,696;494,699;494,700;
Stroma, ICG; POLYGON; 255, 255, 255; 544,660;543,661;542,662;541,663;539,665;536,668;536,669;535,669;535,670;534,671;534,672;534,673;534,674;533,674;533,675;533,676;533,677;533,678;534,679;535,680;536,681;537,681;538,681;538,682;539,682;540,682;540,683;541,683;542,683;543,683;544,684;545,684;549,685;550,685;551,685;552,685;552,686;553,686;554,686;555,686;556,686;557,686;564,684;565,684;565,683;566,682;567,682;568,681;568,680;569,679;570,679;571,678;572,677;573,676;574,675;574,674;574,673;574,672;574,670;574,669;574,668;574,667;574,666;573,665;573,664;572,663;571,663;570,662;569,662;568,661;566,661;562,661;559,661;556,661;554,661;552,662;550,663;549,664;548,666;546,667;545,668;544,670;
Stroma, ICG; POLYGON; 255, 255, 255; 623,665;622,667;622,668;621,669;621,670;620,671;620,672;619,673;619,674;618,675;618,677;618,678;617,679;617,680;617,681;617,682;618,683;617,683;616,683;615,683;615,684;614,684;613,684;612,684;611,685;610,685;609,685;608,685;607,685;606,685;605,685;604,685;603,685;602,684;601,684;600,684;599,684;598,684;597,684;596,684;595,683;594,683;594,682;593,682;593,681;592,681;592,680;591,680;591,679;590,679;589,678;588,677;588,676;587,676;586,675;585,675;584,675;583,675;582,675;582,674;581,674;580,674;579,674;578,674;577,674;576,674;575,674;574,674;573,674;573,675;572,676;571,676;570,677;570,678;569,678;569,679;568,679;568,680;567,680;567,681;567,682;566,684;566,685;566,686;567,686;567,687;568,687;568,688;569,688;569,689;570,689;570,690;571,690;571,691;572,691;572,692;573,692;574,693;575,693;575,694;576,694;577,694;578,695;579,695;580,695;581,695;582,695;583,695;584,695;585,695;586,695;593,694;594,694;595,694;596,694;597,694;598,694;599,695;600,695;601,696;602,696;602,697;603,697;604,697;605,697;606,697;607,697;608,697;609,697;609,698;611,699;613,699;614,699;615,699;616,699;617,699;617,700;618,700;618,701;618,702;618,703;618,704;618,705;618,706;618,707;618,708;618,709;618,710;618,711;619,711;619,712;620,712;620,713;621,713;623,714;624,714;625,714;626,714;627,714;628,714;628,713;629,713;629,712;630,712;630,711;631,711;631,710;632,709;633,709;635,706;635,705;636,704;637,702;637,701;637,700;637,699;637,698;637,697;638,696;639,696;640,696;641,695;642,695;643,695;644,695;645,695;645,694;646,694;647,694;648,693;649,693;650,693;651,693;652,693;653,693;654,693;656,693;658,693;659,693;660,693;661,693;662,693;664,694;664,695;665,696;665,697;666,697;666,698;667,698;667,699;668,699;669,699;669,700;670,700;672,700;672,701;673,701;674,701;675,701;676,701;677,701;677,700;678,700;678,699;679,699;679,698;680,697;680,696;681,695;682,694;682,693;683,692;683,690;684,689;684,688;684,687;685,686;685,685;685,684;685,683;685,682;684,680;683,680;683,679;682,679;681,678;680,678;679,677;678,677;677,677;677,676;676,676;675,676;674,676;673,676;672,676;671,676;670,676;669,676;667,676;666,677;665,677;664,677;662,677;661,677;660,677;659,677;658,677;657,677;656,677;655,677;654,677;653,677;651,677;650,676;649,676;648,676;647,676;647,675;646,675;646,674;645,674;645,673;644,672;644,671;643,671;643,670;643,669;643,668;643,667;643,666;644,666;644,664;644,663;645,663;645,662;645,661;645,660;646,659;645,657;643,656;642,656;641,656;640,656;639,656;638,656;637,656;635,658;634,658;633,658;632,659;631,660;630,660;628,661;627,661;625,662;624,663;624,664;624,665;623,668;623,669;622,672;622,673;622,674;
Stroma, ICG; POLYGON; 255, 255, 255; 866,635;865,637;863,640;858,651;858,652;859,652;860,652;861,652;864,652;865,652;866,652;867,652;869,652;870,652;871,652;872,652;874,652;875,652;876,652;877,652;878,652;878,651;879,651;882,651;882,652;882,653;882,654;882,655;882,656;882,657;881,660;881,661;881,662;881,663;882,663;883,663;884,663;885,663;886,663;887,663;888,663;889,663;890,663;891,663;892,663;893,663;893,664;893,665;893,666;893,667;893,668;894,668;894,669;894,670;894,671;895,671;895,672;895,673;895,674;895,675;895,676;895,677;896,679;896,680;897,681;897,682;897,683;898,683;898,684;898,685;898,686;899,686;899,687;899,688;900,689;900,690;900,691;901,692;901,693;901,694;901,695;902,698;903,699;903,700;903,701;904,701;904,702;904,703;905,704;905,705;905,706;906,706;906,707;907,708;907,709;908,710;908,711;909,711;909,712;910,713;911,714;911,715;912,716;912,717;913,718;913,719;914,719;914,720;915,720;916,721;917,721;917,720;918,720;919,720;920,720;921,720;921,719;922,719;923,719;924,719;925,719;926,719;926,718;927,718;928,718;929,718;930,718;930,717;931,717;932,717;933,717;934,716;935,716;936,716;937,716;938,716;939,715;941,715;943,714;944,714;945,714;946,714;947,714;948,714;949,713;950,713;951,713;952,713;953,713;954,713;955,713;956,713;957,713;958,713;958,714;959,714;959,715;959,716;959,717;959,718;960,720;961,720;961,721;962,722;962,723;963,723;963,724;964,724;964,725;965,725;965,726;966,727;966,728;967,728;967,729;968,730;968,731;968,732;969,732;969,733;969,734;970,735;970,736;971,736;971,737;971,738;972,738;972,739;972,740;974,742;974,743;975,744;975,745;976,745;977,746;978,746;979,746;980,747;981,747;982,747;983,747;984,747;986,747;987,747;988,747;989,747;989,746;990,746;991,746;992,746;992,745;993,745;994,745;994,744;995,744;997,744;997,743;998,743;998,742;1001,740;1003,739;1003,738;1004,737;1005,737;1005,736;1006,736;1007,735;1008,734;1009,733;1010,732;1010,731;1011,730;1011,729;1011,728;1011,727;1011,726;1011,725;1011,724;1011,723;1011,722;1011,721;1011,720;1011,719;1011,718;1010,715;1010,713;
Stroma, ICG; POLYGON; 255, 255, 255; 1005,699;1005,698;1005,697;1005,696;1005,695;1005,694;1006,694;1006,693;1006,692;1007,692;1007,691;1007,690;1009,688;1010,686;1010,685;1011,684;1010,673;1010,672;1010,671;1010,670;1010,669;1010,668;1010,667;1010,666;1010,665;1010,664;1009,664;1009,662;1009,661;1009,660;1009,657;1009,656;1009,655;1009,654;1009,653;1009,652;1009,651;1009,650;1009,649;1009,648;1009,647;1010,646;1010,645;1010,644;1010,643;1010,642;1010,641;1010,640;1010,638;1010,637;1010,636;1010,635;1010,634;1010,633;1010,632;1010,631;1010,630;1009,630;1009,629;1008,629;1008,628;1007,628;1006,627;1005,627;1004,627;1003,627;1002,627;1001,627;1000,628;999,628;998,628;997,628;997,629;996,629;995,629;994,629;993,629;993,630;992,630;991,630;987,632;986,632;985,632;984,633;983,633;982,633;981,634;980,634;979,634;978,634;977,634;974,635;973,635;973,636;972,636;972,637;971,637;971,638;970,638;970,639;969,639;968,639;968,640;967,640;967,641;967,642;967,643;966,645;965,647;964,648;964,649;963,650;963,651;962,651;962,652;961,652;961,653;960,653;960,654;959,654;958,655;957,655;956,655;955,656;952,657;951,658;950,658;949,658;948,658;947,658;946,658;946,657;945,657;945,656;944,656;943,655;942,654;940,650;938,648;937,647;937,646;936,645;936,644;935,644;935,643;935,642;934,641;934,640;934,639;934,638;934,637;934,636;934,634;934,633;934,632;935,632;935,631;935,630;935,629;935,628;934,628;934,627;933,626;932,625;931,624;931,623;930,623;929,622;928,622;927,621;926,621;925,621;924,621;923,621;920,621;918,621;917,622;916,622;916,623;915,623;914,623;913,623;913,624;912,624;911,624;910,624;909,624;908,624;907,624;906,624;905,624;903,623;902,623;901,623;900,623;899,623;898,623;897,623;896,623;895,623;894,623;893,623;892,623;891,624;888,625;886,626;885,626;884,626;883,626;882,626;882,627;881,627;880,627;879,627;878,627;877,627;876,627;875,627;874,627;873,627;872,627;871,628;870,628;870,629;868,632;868,633;868,634;868,635;867,636;867,637;867,638;867,641;867,642;867,643;867,644;867,645;867,646;867,647;867,648;870,650;
Stroma, ICG; POLYGON; 255, 255, 255; 937,675;936,676;936,677;935,678;935,679;935,680;934,680;934,681;934,682;934,683;933,684;933,685;933,686;933,687;933,688;933,689;933,690;933,691;933,692;934,692;937,694;938,694;939,694;940,694;941,695;942,695;943,695;944,696;945,696;946,696;947,696;949,697;950,697;954,697;955,697;956,697;958,698;959,698;961,700;961,701;962,701;962,702;963,702;963,703;963,704;964,704;964,705;965,705;965,706;965,707;966,707;966,708;966,709;967,709;967,710;968,711;968,712;969,712;969,713;970,713;970,714;971,714;972,716;972,717;973,717;974,717;974,718;975,718;976,719;977,719;978,719;979,720;980,720;982,722;986,723;987,724;988,724;989,724;990,724;991,724;992,724;993,724;994,724;995,724;996,724;997,724;998,723;999,723;1000,723;1001,723;1001,722;1002,722;1003,722;1003,721;1004,721;1005,721;1006,720;1007,718;1007,717;1008,717;1008,716;1008,715;1009,715;1009,714;1009,713;1010,713;1011,710;1011,709;1012,708;1012,707;1012,706;1013,706;1013,705;1013,704;1014,703;1014,702;1015,701;1015,700;1015,699;1016,696;1016,695;1016,694;1016,693;1016,692;1016,691;1016,690;1016,689;1016,688;1016,687;1016,686;1016,685;1016,684;1015,681;1015,680;1015,679;1015,678;1014,675;1014,674;1014,673;1014,672;1014,671;1014,670;1014,669;1014,668;1014,667;1014,666;1014,665;1014,664;1014,662;1014,661;1014,660;1012,653;1011,649;1011,648;1010,647;1010,646;1009,645;1009,644;1009,643;1009,642;1008,642;1008,641;1008,640;1008,639;1008,637;1007,637;1007,636;1006,636;1005,635;1004,635;1004,634;1003,634;1003,633;1002,633;1001,633;1001,632;1000,632;995,631;994,630;993,630;992,630;991,630;990,630;989,630;988,630;987,630;986,630;985,630;984,630;983,630;982,630;981,630;979,631;978,631;977,632;976,632;975,632;974,632;974,633;973,633;972,633;971,633;971,634;970,634;969,635;968,635;967,636;967,637;966,638;963,643;962,646;962,648;962,649;961,654;961,655;959,663;959,664;959,665;959,666;959,668;959,669;959,670;959,671;960,672;961,673;962,673;963,673;965,673;966,673;
Stroma, ICG; POLYGON; 255, 255, 255; 977,644;977,643;977,642;977,641;977,640;977,639;977,638;977,637;977,636;977,635;977,634;977,633;977,632;977,631;978,630;978,629;978,626;978,625;978,624;978,623;979,622;979,621;979,620;979,619;980,618;980,617;981,616;981,615;981,614;982,614;982,613;982,612;983,612;983,611;984,611;984,610;985,610;985,609;986,609;987,608;988,608;988,607;990,607;991,607;993,606;995,606;996,606;997,606;998,606;999,606;1000,606;1001,606;1001,607;1002,607;1003,607;1003,608;1004,608;1004,609;1005,609;1006,609;1007,610;1007,611;1008,611;1008,612;1009,612;1009,613;1010,613;1010,614;1011,614;1011,615;1012,615;1012,616;1013,617;1013,618;1013,619;1014,620;1014,621;1014,622;1015,622;1015,623;1015,624;1016,625;1016,627;1016,628;1016,629;1017,629;1017,630;1017,631;1017,632;1017,633;1017,634;1017,635;1017,636;1017,637;1017,638;1017,640;1017,641;1017,642;1017,643;1017,644;1017,645;1017,646;1017,651;1015,658;1015,659;1015,660;1015,661;1015,663;1011,673;1009,676;1008,677;1008,679;1006,681;1006,682;1005,682;1005,683;1006,683;1007,683;
Stroma, ICG; POLYGON; 255, 255, 255; 982,624;981,624;980,625;979,625;978,625;977,625;977,626;976,626;975,626;975,627;974,627;973,627;973,628;972,628;971,628;970,628;970,629;969,630;968,630;967,631;966,632;965,633;964,634;963,635;963,636;962,636;962,637;961,637;961,638;960,639;960,640;959,641;958,642;958,643;957,644;957,645;956,648;955,650;954,650;954,651;953,652;953,653;952,654;952,655;952,656;952,657;952,658;952,659;952,660;952,661;952,662;952,663;952,664;952,665;953,666;954,667;954,668;955,668;956,669;957,669;958,670;959,670;961,671;962,671;963,671;978,666;980,665;983,662;985,661;986,659;987,658;988,657;990,656;991,655;992,653;993,652;994,651;994,649;995,648;995,647;996,646;996,645;
Stroma, ICG; POLYGON; 255, 255, 255; 962,644;962,643;961,642;961,641;961,640;960,639;960,638;959,634;959,633;959,632;958,632;958,631;957,631;956,631;955,630;954,630;953,630;953,629;952,629;951,629;950,629;949,629;948,629;947,629;944,630;943,630;943,631;942,631;941,631;941,632;940,632;939,632;938,632;938,633;936,633;935,633;934,633;933,633;932,633;931,633;930,633;929,633;928,633;927,633;926,633;925,633;924,633;923,632;922,632;921,632;920,632;919,632;918,632;914,631;913,631;913,630;912,630;911,630;910,630;909,630;908,630;908,629;907,629;906,629;905,628;904,628;904,627;903,627;903,626;902,626;902,625;901,625;901,624;901,623;901,622;901,621;901,620;901,619;901,618;901,617;901,616;903,613;904,613;904,612;905,612;905,611;906,611;906,610;907,610;907,609;908,609;908,608;909,608;910,607;911,607;912,607;913,607;914,607;915,607;916,607;917,607;918,608;919,609;920,609;921,609;921,610;922,610;923,610;924,610;925,610;925,611;926,611;927,611;928,611;928,612;929,612;930,613;931,613;933,615;936,616;937,616;938,616;939,616;939,617;940,617;941,617;941,618;943,618;943,619;944,619;944,620;945,620;946,620;946,621;947,621;948,621;948,622;949,622;950,622;951,622;952,622;953,622;954,622;955,623;956,623;957,623;958,623;959,623;960,623;962,623;963,623;964,623;965,623;966,623;966,624;968,625;970,626;971,626;971,627;972,627;974,628;975,629;976,629;977,630;978,630;978,631;979,632;980,633;981,634;981,635;982,636;982,637;983,642;984,644;984,645;984,646;984,649;984,650;984,651;984,652;984,653;983,653;
Stroma, ICG; POLYGON; 255, 255, 255; 948,653;947,654;946,655;945,655;944,656;944,657;943,657;943,658;942,658;941,659;941,660;940,660;939,661;938,662;941,667;942,668;943,668;945,669;946,669;947,669;952,669;953,669;954,669;955,669;956,668;957,667;958,666;959,665;960,664;961,663;962,662;962,660;963,658;964,657;965,656;966,655;
Specular reflection; POLYGON; 191, 91, 22; 939,634;938,635;938,636;937,636;937,637;937,638;936,638;936,640;936,641;936,642;936,643;936,644;936,645;936,646;936,647;936,649;936,650;937,650;937,651;937,652;938,652;938,653;939,653;939,654;940,654;941,654;942,654;944,654;945,654;946,654;947,654;948,653;949,653;950,653;950,652;951,652;952,651;953,651;953,650;954,649;954,648;955,647;955,646;956,646;956,645;956,644;956,643;956,642;956,641;956,640;956,639;956,638;956,637;956,636;955,634;954,633;952,632;945,632;945,633;
Specular reflection; POLYGON; 191, 91, 22; 968,598;968,599;967,600;966,601;966,602;965,602;964,604;963,606;963,607;963,608;963,609;963,610;963,611;963,612;963,613;963,614;963,615;963,616;963,617;964,617;964,618;965,618;965,619;966,619;967,619;968,619;969,619;970,619;971,619;972,619;973,619;974,618;975,618;977,617;978,616;979,616;979,615;980,614;981,614;981,613;982,613;982,612;983,612;983,611;983,610;984,610;984,609;984,608;985,607;985,606;985,605;985,604;986,603;986,602;986,601;986,600;986,599;986,598;985,598;984,598;983,597;982,597;981,597;976,596;970,598;969,598;968,599;
Specular reflection; POLYGON; 191, 91, 22; 659,728;659,729;658,729;657,730;656,731;655,731;655,732;655,733;654,733;654,734;654,735;654,736;654,737;654,738;654,739;655,739;655,740;656,741;656,742;657,742;657,743;658,743;658,744;659,744;658,744;657,744;656,744;655,743;654,743;653,742;652,742;651,741;649,741;649,740;648,740;647,740;647,739;646,739;646,738;645,738;644,737;643,737;643,736;642,736;641,736;640,736;640,735;639,735;638,734;638,733;637,733;637,732;636,732;635,732;633,731;633,730;632,730;630,729;629,728;628,728;628,727;627,727;627,726;626,726;626,725;625,725;625,724;624,724;624,723;624,722;624,721;624,720;624,719;623,719;623,718;623,717;622,717;622,716;621,716;620,716;620,717;619,717;619,718;618,718;618,719;617,719;617,720;616,720;616,721;615,722;615,723;614,723;614,724;613,725;613,726;613,727;613,728;612,728;612,729;612,730;612,733;612,734;612,735;612,736;612,737;612,738;613,738;613,739;614,740;615,741;615,742;616,742;616,743;617,743;617,744;618,744;618,745;619,745;619,746;620,746;620,747;620,748;621,748;621,749;621,750;622,750;622,751;623,753;624,754;625,755;626,755;627,755;628,755;629,755;632,755;633,755;634,755;634,756;635,756;636,756;637,757;638,757;639,758;639,759;638,760;638,761;637,763;637,764;637,765;636,765;636,767;636,768;635,768;635,769;635,770;635,771;635,772;634,773;634,777;634,778;634,779;634,780;634,781;634,782;634,783;635,783;635,784;636,784;637,785;638,785;639,786;640,786;641,787;642,787;643,787;643,788;644,788;649,789;649,790;650,790;651,790;652,791;653,791;654,791;654,792;655,792;656,792;657,792;658,792;659,792;660,792;661,792;662,792;663,792;664,792;665,792;666,792;667,792;668,792;669,792;669,791;670,791;670,790;671,790;672,789;672,788;673,787;674,787;674,786;674,785;674,784;674,783;674,782;674,781;674,780;673,779;673,778;673,777;672,776;672,775;671,774;671,773;670,772;670,771;669,770;669,769;668,769;668,768;667,768;667,767;666,765;666,764;666,763;666,762;666,761;673,756;673,755;674,755;674,754;675,754;675,753;675,752;676,751;676,750;676,749;676,748;676,747;676,746;676,745;676,742;676,741;675,740;675,739;675,738;674,737;674,736;673,735;673,733;672,732;672,731;670,729;670,728;669,728;
Specular reflection; POLYGON; 191, 91, 22; 931,367;931,368;930,368;930,369;930,370;930,371;930,372;930,373;930,374;930,375;931,375;931,376;932,376;933,377;934,377;935,377;935,378;936,378;937,378;938,378;939,378;940,379;943,379;944,379;947,375;947,374;948,373;949,372;949,371;950,371;951,370;951,369;951,368;951,367;951,366;951,365;951,364;951,363;949,362;946,361;943,363;943,364;
Specular reflection; POLYGON; 191, 91, 22; 1003,801;1004,801;1005,801;1005,800;1006,800;1007,800;1008,800;1008,799;1009,799;1009,798;1010,798;1011,798;1012,798;1013,799;1013,800;1014,800;1015,801;1016,802;1017,802;1017,803;1018,803;1018,804;1019,805;1019,806;1020,806;1020,807;1020,808;1021,808;1021,809;1021,810;1022,810;1022,812;1023,813;1024,814;1024,815;1024,816;1024,817;1025,818;1025,819;1025,820;1025,821;1025,822;1025,823;1025,824;1025,826;1025,827;1025,828;1025,829;1025,830;1025,831;1025,832;1024,833;1024,834;1024,836;1024,837;1023,838;1023,839;1023,840;1023,841;1022,841;1022,842;1022,843;1022,844;1021,844;1021,845;1021,846;1021,847;1020,848;1020,849;1019,849;1019,850;1018,850;1018,851;1017,852;1016,852;1015,852;1014,852;1013,852;1012,852;1011,852;1009,851;1008,851;1006,850;1001,846;1000,845;999,845;999,844;998,843;998,842;998,841;998,840;998,838;998,837;998,836;998,835;1000,828;1001,827;1001,826;1001,825;1001,824;1001,823;1001,822;1001,821;
Specular reflection; POLYGON; 191, 91, 22; 1003,803;1003,804;1003,805;1003,806;1003,807;1003,808;1003,809;1004,810;1005,811;1006,812;1007,813;1008,813;1008,814;1010,814;1014,815;1015,815;1016,815;1017,815;1018,815;1019,815;1020,814;1020,813;1021,813;1022,812;1023,811;1023,810;1025,807;1026,805;1026,804;1025,804;1025,803;1023,802;1022,801;1021,800;1021,799;1020,799;1020,798;
Specular reflection; POLYGON; 191, 91, 22; 923,763;922,762;921,761;920,760;919,759;919,758;918,758;918,757;917,757;917,756;916,756;916,755;915,754;914,754;914,753;913,753;912,753;911,753;910,753;909,752;908,752;907,752;907,751;906,751;905,750;904,750;904,749;903,749;902,749;901,749;900,749;899,749;898,749;897,749;896,749;895,749;894,750;893,750;893,751;893,752;893,753;893,754;893,755;893,756;893,757;893,758;893,759;894,760;895,761;896,762;897,764;897,765;898,766;899,767;900,767;900,768;901,769;902,769;902,770;903,770;903,771;904,771;905,771;906,772;907,772;908,772;909,772;910,772;911,772;912,772;915,772;919,772;
Specular reflection; POLYGON; 191, 91, 22; 522,960;522,961;522,962;522,963;522,964;522,965;522,966;522,967;522,968;523,971;523,972;524,972;524,973;524,974;525,974;525,975;526,975;526,976;527,977;528,978;528,979;529,979;529,980;530,980;531,981;532,982;533,983;533,984;534,984;535,985;536,986;537,986;537,987;538,987;538,988;540,988;541,989;542,989;542,990;543,990;544,991;545,991;545,992;546,992;546,993;547,993;547,994;547,995;546,995;546,996;545,997;544,997;544,998;543,998;542,998;541,998;540,998;539,997;538,997;537,997;534,996;532,995;531,995;530,994;529,994;528,994;527,993;526,993;525,993;524,992;523,992;523,991;522,991;521,991;520,990;519,990;518,990;517,990;517,989;516,989;515,989;514,989;513,989;512,989;511,989;508,989;506,989;505,989;504,989;501,989;500,989;500,988;499,988;498,988;497,988;496,988;496,987;495,987;494,987;493,987;492,987;492,986;491,986;490,986;489,985;488,985;488,984;487,984;486,984;485,983;485,982;484,981;484,980;484,979;485,978;486,976;487,976;487,975;488,975;488,974;489,974;490,974;491,974;492,974;493,974;494,974;495,974;496,974;497,974;498,974;499,974;500,974;503,975;505,976;508,977;509,977;510,977;511,977;511,976;512,975;512,974;513,971;514,969;514,967;515,966;515,963;515,962;516,961;516,960;516,959;516,958;516,957;515,957;515,956;514,956;514,955;514,954;513,954;513,953;513,952;514,951;514,950;515,950;516,949;519,946;522,945;
Specular reflection; POLYGON; 191, 91, 22; 509,964;508,966;508,967;508,968;508,969;508,970;508,971;508,972;508,973;508,974;508,975;509,976;509,977;509,978;509,979;510,979;510,980;511,981;512,981;512,982;513,982;513,983;514,983;515,983;517,984;518,984;519,984;521,984;522,984;525,981;526,980;528,977;529,976;530,974;530,973;531,972;532,970;532,969;532,968;533,967;533,966;533,965;533,964;533,962;533,961;533,960;533,958;532,957;532,955;531,954;530,953;529,952;528,951;527,950;527,949;526,948;525,947;524,947;524,946;524,947;521,950;520,951;
Specular reflection; POLYGON; 191, 91, 22; 449,938;449,939;448,939;447,940;447,941;446,941;442,949;442,950;443,951;445,953;449,955;451,956;452,956;453,956;455,956;456,956;458,956;460,955;461,954;463,954;467,952;476,943;476,942;476,941;475,940;473,939;472,939;470,938;469,938;468,937;466,937;465,937;464,937;463,938;462,938;461,940;
Specular reflection; POLYGON; 191, 91, 22; 485,506;485,507;485,508;485,509;485,510;485,517;485,518;485,520;485,521;485,522;485,523;485,524;485,525;485,526;485,527;485,528;485,529;486,530;486,531;487,532;487,533;487,534;488,535;489,536;490,537;491,538;493,542;493,543;493,544;494,544;494,545;495,545;496,546;497,547;499,548;500,548;502,550;503,550;505,552;506,552;507,552;507,553;508,553;509,554;510,554;511,555;512,555;513,555;514,555;515,555;516,555;517,555;518,555;519,555;519,556;520,556;521,556;522,556;522,557;523,557;524,557;525,557;526,557;527,557;528,557;528,556;531,555;532,555;533,555;533,554;534,554;535,554;535,553;536,552;537,551;537,550;539,548;539,547;540,547;540,546;540,545;540,544;540,543;540,542;540,541;540,540;539,540;539,539;538,538;537,536;536,535;535,534;534,533;533,532;532,531;531,530;530,529;526,526;525,526;524,525;523,525;523,524;522,524;521,524;521,523;520,523;519,523;518,523;517,522;516,522;515,521;514,521;514,520;514,519;514,518;514,517;514,515;514,513;514,512;514,511;514,510;514,509;514,508;513,508;513,507;513,506;512,505;512,504;511,504;511,503;510,502;509,501;508,500;507,499;506,499;506,498;505,498;504,497;503,497;502,497;501,496;499,496;498,496;496,496;495,496;484,503;486,505;
Specular reflection; POLYGON; 191, 91, 22; 702,319;701,319;700,319;699,319;698,320;694,322;693,322;690,323;689,323;688,323;688,324;687,324;686,324;686,325;685,325;685,326;684,326;683,327;682,328;681,328;681,329;681,330;679,332;679,334;679,335;679,336;678,336;678,337;678,338;678,339;678,340;678,341;679,341;679,342;679,343;680,343;680,344;681,345;682,346;683,347;684,347;684,348;685,349;686,350;688,350;688,351;689,351;690,351;691,351;692,351;692,352;693,352;694,352;695,352;696,352;697,352;698,352;700,352;701,352;702,351;703,351;704,351;706,350;707,350;708,349;709,349;710,349;711,348;712,348;713,347;714,347;715,346;718,345;719,344;720,344;721,343;722,342;723,342;724,341;725,340;726,340;726,339;727,338;728,337;729,336;731,333;732,332;733,331;734,330;734,329;735,328;736,326;734,322;730,319;729,317;724,312;722,311;720,309;719,308;718,308;716,307;715,307;714,307;713,307;712,308;711,310;711,311;710,313;
Specular reflection; POLYGON; 191, 91, 22; 954,280;954,279;953,279;953,278;952,277;950,277;941,280;940,280;938,283;937,283;936,284;936,285;935,286;934,290;934,294;934,296;935,297;936,298;937,300;939,301;940,302;942,302;943,303;944,303;946,303;948,303;950,303;951,303;953,303;955,302;957,301;958,300;960,299;961,298;963,298;964,297;
Specular reflection; POLYGON; 191, 91, 22; 757,980;757,981;757,983;757,984;757,985;757,986;757,987;757,988;757,989;757,990;758,993;759,995;760,995;760,996;761,996;762,996;763,997;764,997;765,997;766,997;767,997;768,997;769,998;770,998;771,998;771,999;772,999;773,999;774,999;774,1000;775,1000;776,1000;778,1000;779,1000;780,1000;780,999;780,998;781,998;781,997;782,996;782,995;782,994;782,993;782,992;782,991;782,990;782,989;782,988;782,986;782,985;781,984;781,982;780,981;776,975;775,974;774,974;773,973;771,971;763,969;759,969;758,969;755,970;754,970;753,970;751,970;750,970;750,971;750,972;750,974;750,975;
Specular reflection; POLYGON; 191, 91, 22; 566,972;565,973;564,973;564,974;563,975;562,975;562,976;561,976;561,977;560,977;560,978;559,978;558,979;557,979;557,980;556,980;555,980;554,980;554,981;553,981;552,981;552,982;551,982;550,983;549,984;548,985;548,986;547,986;547,988;547,989;547,990;547,993;547,994;547,995;547,996;548,996;548,997;549,998;550,998;550,999;551,999;552,1000;553,1000;554,1001;555,1001;556,1001;557,1001;558,1001;561,1001;565,1000;567,999;568,998;569,998;570,997;571,997;572,996;572,995;573,995;574,994;575,994;576,993;577,992;578,992;579,991;580,991;581,990;582,989;583,989;583,988;584,987;585,987;585,986;586,986;587,986;587,985;588,985;589,985;590,984;590,983;590,982;591,982;591,981;591,980;592,978;592,977;592,976;592,975;592,972;591,971;591,969;590,968;589,967;588,967;588,966;586,965;585,965;580,965;579,965;578,966;576,967;574,968;573,968;572,969;571,969;569,969;567,969;566,969;566,968;566,967;569,966;
Specular reflection; POLYGON; 191, 91, 22; 518,855;517,855;516,855;515,856;515,857;514,858;513,859;512,860;511,861;510,862;510,863;509,863;508,865;507,866;507,867;506,868;506,869;506,870;506,871;506,872;506,873;506,874;506,875;506,876;506,877;507,878;507,879;508,880;509,880;509,881;510,882;511,883;512,883;513,883;515,883;517,883;519,882;520,881;522,881;524,879;526,878;527,878;528,877;529,876;530,875;531,875;532,874;533,871;534,865;534,863;534,862;
Specular reflection; POLYGON; 191, 91, 22; 38,468;37,469;37,470;37,471;37,472;37,473;37,474;37,476;37,477;37,478;36,482;36,483;36,486;36,487;36,488;36,490;36,491;37,492;37,493;37,494;37,495;38,496;38,497;39,498;39,499;41,501;42,501;42,502;43,502;44,503;45,503;46,503;47,504;48,504;49,505;50,506;51,507;51,508;51,509;52,509;52,510;53,510;53,511;54,511;55,511;55,510;56,510;56,509;57,508;57,507;58,506;58,505;59,504;59,503;59,502;59,501;61,489;61,488;62,485;62,484;61,482;61,481;60,481;60,480;60,479;59,479;59,478;58,477;58,476;58,475;57,475;57,474;57,473;56,473;56,472;55,471;55,470;55,469;55,468;54,467;54,466;54,465;54,463;54,462;53,462;53,461;52,460;52,459;51,458;51,457;50,457;50,456;49,455;48,453;47,453;46,452;45,452;44,452;43,452;42,453;42,454;41,455;41,456;40,457;40,458;39,459;39,461;38,463;38,464;37,465;37,466;37,467;37,468;37,469;38,470;39,471;40,473;43,475;
Specular reflection; POLYGON; 191, 91, 22; 27,532;27,533;27,534;27,535;26,536;26,537;26,538;26,539;25,539;25,540;24,541;24,542;23,542;23,544;22,545;21,546;21,547;19,555;19,556;20,557;21,557;21,558;22,558;23,558;26,559;27,559;28,559;29,559;29,558;30,558;30,557;31,556;32,555;33,554;34,554;34,553;35,551;36,551;37,549;37,548;38,547;39,546;39,545;40,544;41,542;42,541;43,539;43,538;43,537;44,536;44,535;44,534;44,533;44,532;44,531;44,530;44,528;39,522;36,522;35,523;35,524;34,524;34,525;34,526;
Specular reflection; POLYGON; 191, 91, 22; 79,322;79,324;79,328;79,330;79,331;79,332;79,333;80,333;80,334;81,334;81,335;82,335;82,336;83,336;84,336;85,336;86,336;87,336;88,335;89,335;90,335;91,334;92,334;94,330;97,327;97,326;98,325;99,324;99,323;100,322;100,321;101,320;101,319;101,318;101,317;101,316;101,315;100,314;98,311;96,307;95,308;95,309;93,312;92,313;91,314;90,315;90,316;89,316;
Specular reflection; POLYGON; 191, 91, 22; 87,369;87,370;87,372;87,373;87,374;87,375;87,376;88,376;88,377;89,377;90,378;91,378;92,379;93,379;94,379;95,379;96,379;96,378;97,377;97,376;98,374;98,372;99,371;99,369;99,368;99,367;99,366;99,365;99,364;99,363;
Specular reflection; POLYGON; 191, 91, 22; 107,669;107,670;107,671;106,672;106,673;105,674;105,675;104,675;104,676;103,677;103,678;103,679;103,680;102,681;102,686;102,687;102,688;103,689;104,689;105,689;106,689;107,689;108,689;109,689;110,689;111,689;112,688;118,681;119,680;119,678;119,677;120,676;120,674;120,673;120,672;120,671;120,670;120,669;120,668;120,667;120,666;119,666;118,666;117,665;116,665;114,665;113,665;112,665;110,665;109,665;108,664;107,664;
Specular reflection; POLYGON; 191, 91, 22; 203,602;203,603;203,604;204,606;204,607;207,607;210,607;212,606;213,605;215,603;216,602;217,600;218,598;219,597;220,595;221,594;221,593;222,591;222,590;221,588;220,587;217,585;213,583;
Specular reflection; POLYGON; 191, 91, 22; 142,507;142,508;141,510;141,511;141,513;141,514;141,515;141,516;141,517;141,518;142,519;143,519;144,520;145,520;147,520;148,520;149,520;151,520;152,519;153,519;154,518;155,517;156,517;156,516;157,516;157,515;158,515;158,514;159,513;159,512;160,511;160,510;161,509;161,508;161,507;162,507;162,506;162,505;163,505;
Specular reflection; POLYGON; 191, 91, 22; 451,559;448,568;448,574;448,575;449,576;449,577;450,578;451,579;451,580;452,581;452,582;453,582;454,583;455,584;456,584;457,585;458,585;459,586;460,586;461,587;463,587;465,587;466,587;468,587;469,587;471,586;472,586;473,585;474,583;474,582;475,581;476,579;476,578;477,576;477,574;477,572;478,569;478,567;478,565;479,562;479,560;479,558;479,556;479,555;479,554;478,552;477,552;476,552;474,552;473,552;471,552;468,552;466,553;463,554;461,554;459,555;453,556;452,557;451,558;
Specular reflection; POLYGON; 191, 91, 22; 540,496;539,498;537,504;537,506;536,513;542,521;544,521;545,521;547,520;549,518;550,517;552,515;553,513;554,512;556,510;557,508;557,506;558,504;558,502;559,501;559,499;559,497;559,495;559,494;559,493;558,492;557,491;557,490;556,489;554,489;553,489;552,489;551,489;549,490;548,491;547,492;545,494;544,495;
Specular reflection; POLYGON; 191, 91, 22; 302,578;301,580;301,581;300,582;300,583;299,584;299,585;298,586;298,587;298,590;297,591;297,593;297,594;297,595;297,596;297,597;297,598;297,599;297,600;297,601;297,602;297,603;297,604;298,604;298,605;299,606;300,606;301,607;302,607;304,607;305,607;306,607;307,607;308,607;309,607;310,607;311,607;312,606;313,606;314,605;315,605;317,603;332,588;332,587;333,585;334,583;334,582;334,580;334,578;334,576;334,575;334,574;334,573;333,573;333,572;332,572;331,571;330,571;329,570;327,570;325,570;321,569;319,569;317,569;315,569;313,569;311,569;309,570;308,571;307,571;305,573;304,574;303,576;
Specular reflection; POLYGON; 191, 91, 22; 709,878;709,877;709,875;709,874;708,873;707,870;706,870;706,869;705,869;704,869;704,868;703,868;703,867;702,867;701,867;701,866;700,866;699,866;698,866;697,866;697,865;696,865;695,865;694,864;693,864;692,864;692,863;691,863;690,863;689,863;689,864;688,865;688,866;687,866;687,867;687,868;686,869;685,870;685,871;685,872;685,873;685,874;685,875;686,876;686,877;686,878;687,879;687,880;688,881;688,882;689,883;690,883;691,884;692,884;694,885;696,885;698,885;701,885;
Vein; POLYGON; 63, 72, 204; 850,1022;848,1022;847,1022;846,1022;845,1022;844,1022;843,1022;843,1023;841,1023;841,1024;840,1024;840,1025;839,1025;838,1026;837,1026;834,1026;831,1026;830,1026;829,1026;828,1026;827,1026;826,1026;825,1026;824,1026;823,1026;822,1026;821,1026;820,1026;819,1026;818,1026;817,1026;816,1026;816,1027;815,1027;814,1027;813,1027;812,1027;811,1027;810,1027;809,1027;808,1027;807,1027;807,1026;806,1026;805,1026;804,1024;803,1023;802,1022;802,1021;801,1021;801,1020;801,1019;800,1019;800,1018;799,1017;798,1016;798,1015;797,1014;797,1013;796,1013;796,1012;796,1011;795,1010;794,1009;794,1008;793,1007;793,1006;792,1004;791,1004;791,1003;790,1002;788,999;788,998;787,997;787,996;786,996;786,995;785,995;785,994;785,993;784,993;784,992;784,991;784,990;784,989;783,989;783,988;783,987;783,986;783,985;783,983;783,982;783,981;783,980;783,979;783,978;784,977;785,977;785,976;786,976;786,975;787,975;787,974;788,974;789,974;790,974;791,974;792,974;793,974;794,974;795,974;795,975;797,975;798,975;798,976;799,976;800,976;801,976;802,976;803,976;804,975;805,975;805,974;806,974;807,974;808,974;809,974;810,974;811,973;812,973;813,973;814,973;816,972;817,972;818,972;819,972;820,972;822,972;822,973;823,973;824,973;825,973;825,974;826,974;827,974;827,975;828,975;829,976;830,976;831,976;831,977;832,977;833,978;834,979;835,979;836,980;837,981;838,981;839,982;840,982;840,983;841,983;842,984;843,984;843,985;844,985;844,986;845,986;845,987;846,988;847,989;848,990;849,991;850,992;851,993;852,994;853,995;853,996;854,996;854,997;855,997;855,998;856,998;858,999;858,1000;859,1001;859,1002;860,1002;860,1003;861,1003;862,1004;862,1005;863,1005;863,1006;864,1006;864,1007;864,1008;865,1008;866,1009;866,1010;867,1010;867,1011;868,1011;868,1012;869,1012;869,1013;870,1013;870,1014;871,1014;871,1015;871,1016;871,1017;870,1018;870,1019;870,1020;869,1020;869,1021;869,1022;
Vein; POLYGON; 63, 72, 204; 828,976;828,975;828,974;827,973;827,972;826,968;824,964;824,963;824,962;823,961;823,960;822,959;822,958;822,957;821,957;821,956;821,955;821,954;820,954;820,953;820,952;819,952;819,951;818,951;818,950;817,949;816,948;816,947;815,947;815,946;814,946;814,945;813,945;813,944;812,944;812,943;811,942;811,941;810,940;810,939;810,938;809,938;809,937;808,937;807,934;807,933;806,933;806,932;805,931;805,930;805,929;804,929;804,928;803,927;803,926;802,926;802,925;801,925;801,924;800,923;800,922;799,922;799,921;798,921;797,920;796,919;794,917;794,916;793,916;793,915;792,915;792,914;790,913;788,911;787,911;787,910;786,910;785,910;784,910;783,910;782,910;782,911;782,912;781,912;781,913;781,914;780,914;780,916;780,917;779,918;779,919;779,920;778,921;778,922;778,923;778,924;778,925;779,925;779,926;780,926;780,927;781,927;781,928;782,928;783,929;784,929;784,930;785,930;786,930;786,931;788,932;789,932;789,933;790,933;791,933;791,934;792,934;792,935;793,935;793,936;794,936;794,937;795,938;796,938;796,939;797,940;798,940;798,941;799,941;799,942;800,942;801,943;803,944;803,945;804,945;805,946;806,946;806,947;807,947;807,948;808,948;808,949;809,949;810,950;810,951;811,951;811,952;812,952;812,953;812,954;813,954;813,955;813,956;814,956;814,957;815,958;815,959;816,960;817,961;817,962;820,970;820,971;820,972;820,973;821,973;821,974;821,975;822,975;822,976;822,977;822,978;823,982;824,983;824,984;825,984;826,984;827,983;
Vein; POLYGON; 63, 72, 204; 814,961;814,962;815,965;816,967;817,968;817,969;817,970;817,971;818,971;818,972;818,973;818,974;819,975;819,976;819,977;819,978;819,979;819,980;818,980;818,981;817,981;817,982;817,983;816,983;816,984;816,985;816,986;816,987;817,987;819,988;820,988;821,988;822,988;823,988;823,987;824,987;825,987;825,986;826,986;827,985;828,984;829,983;830,983;830,982;831,982;832,982;
Vein; POLYGON; 63, 72, 204; 800,980;799,980;798,980;797,979;796,979;796,978;795,978;795,977;794,977;794,976;793,975;792,974;792,973;792,972;791,972;791,971;791,970;791,969;791,968;791,967;791,966;790,964;790,963;789,963;789,962;788,962;785,959;784,958;783,957;782,956;781,955;780,954;779,953;778,953;778,952;777,952;777,951;776,951;776,950;775,950;775,949;774,949;774,948;773,948;773,947;772,946;771,946;771,944;770,944;770,943;769,943;768,941;767,940;766,939;765,938;764,938;764,937;763,937;762,936;761,936;760,936;760,935;759,935;758,935;758,934;757,934;757,935;757,936;757,937;761,946;761,947;762,947;762,948;763,949;764,950;767,953;768,954;769,955;770,956;771,957;772,958;772,959;773,959;774,960;774,961;775,961;775,962;776,963;776,964;777,965;777,966;777,967;778,968;778,969;779,971;780,973;780,974;781,974;781,975;781,976;782,976;783,977;784,978;785,979;789,982;794,984;795,985;796,986;797,986;797,987;798,987;799,987;800,987;
Vein; POLYGON; 63, 72, 204; 777,954;777,953;777,952;777,951;777,949;777,948;778,948;778,947;779,947;780,947;781,947;782,947;783,948;784,948;785,949;787,949;788,949;789,949;789,950;790,950;791,950;792,950;793,951;794,951;796,951;798,949;799,949;799,948;800,948;800,947;800,946;801,946;801,945;801,944;801,943;801,942;802,941;802,940;802,939;802,938;802,937;802,936;802,935;801,935;801,934;801,933;800,932;800,931;799,931;799,930;798,930;798,929;796,928;796,927;795,927;794,926;793,926;793,925;792,925;792,924;791,924;790,924;789,924;788,924;787,924;786,924;786,925;785,925;785,926;784,926;783,926;782,926;782,927;781,927;781,928;780,928;779,929;778,929;777,929;777,930;776,930;774,931;773,931;773,932;772,932;771,932;769,932;768,932;767,932;766,932;765,932;764,932;763,932;762,932;761,932;761,933;762,933;762,934;
Vein; POLYGON; 63, 72, 204; 758,935;757,935;756,934;755,933;755,932;754,932;754,931;754,930;753,930;753,929;752,928;752,927;751,927;751,926;750,924;749,922;749,921;748,921;748,920;747,920;746,920;745,920;744,919;743,919;742,919;741,919;741,918;740,918;739,917;738,917;738,916;737,916;737,915;736,915;736,914;735,914;735,913;734,913;734,912;733,912;733,911;732,911;731,911;731,910;730,910;729,910;728,910;727,910;726,910;723,910;722,910;721,910;720,910;719,910;719,909;718,909;717,909;716,909;715,909;715,910;714,910;713,910;712,910;711,910;711,911;711,912;711,913;711,914;712,915;714,916;715,916;715,917;716,917;717,917;718,917;719,918;720,918;721,918;722,919;725,919;726,919;727,919;727,920;728,920;729,920;729,921;730,921;731,921;731,922;732,922;733,922;734,923;735,923;736,923;737,923;738,924;739,924;739,925;740,925;741,926;742,926;743,926;743,927;744,927;744,928;745,928;745,929;746,929;747,930;748,930;748,931;749,931;749,932;750,932;751,933;752,933;753,934;754,935;755,935;755,936;756,936;757,937;758,938;758,939;759,939;759,940;760,940;760,941;761,941;761,942;761,943;762,943;762,944;763,944;763,945;764,945;765,946;766,946;766,947;767,947;
Vein; POLYGON; 63, 72, 204; 764,932;763,932;759,929;758,929;757,929;756,929;756,928;755,928;754,928;753,928;752,928;751,928;750,928;750,929;749,929;749,930;749,931;749,932;750,933;751,933;751,934;752,934;754,936;756,937;757,938;758,938;759,938;759,939;760,939;761,939;762,939;763,939;764,940;765,940;766,940;767,940;768,940;769,940;771,940;772,939;773,939;774,939;775,938;777,937;778,936;
Vein; POLYGON; 63, 72, 204; 779,922;779,921;779,920;779,919;779,918;779,917;779,916;778,916;778,915;777,914;776,913;773,912;773,911;772,911;771,911;770,911;769,911;768,911;767,911;766,911;765,911;764,911;763,911;762,911;762,912;761,912;760,912;759,912;758,912;758,913;757,913;757,914;756,914;756,915;755,915;755,916;754,916;754,917;753,919;753,920;752,920;752,921;751,921;751,922;750,922;750,923;749,923;748,923;747,923;746,923;745,923;744,923;743,923;742,923;741,923;741,922;740,922;739,922;737,921;737,920;736,920;735,920;735,919;734,919;734,918;733,918;732,917;731,917;731,916;730,916;730,915;729,915;729,914;729,913;729,912;729,911;730,911;731,910;732,909;732,908;733,907;734,906;734,905;735,905;735,904;736,904;736,903;736,902;737,901;737,900;737,899;737,898;736,898;736,897;735,896;735,895;735,894;734,894;734,893;734,892;733,892;733,891;733,890;732,890;732,889;732,888;732,887;732,886;732,885;733,885;733,884;737,884;738,884;739,884;740,884;741,884;742,884;744,884;745,884;746,884;747,884;749,883;750,883;751,883;752,883;753,883;754,883;754,884;755,884;756,884;758,885;759,885;759,886;760,886;760,887;761,887;761,888;762,888;762,889;763,889;763,890;764,890;765,891;766,892;766,893;767,893;767,894;768,894;769,895;770,895;770,896;771,896;772,896;772,897;773,897;774,898;775,898;775,899;776,899;777,900;778,901;779,901;779,902;780,902;780,903;781,903;781,904;782,904;782,905;783,906;783,907;784,907;784,908;785,909;785,910;786,910;786,911;787,912;788,913;788,914;790,917;790,919;790,920;791,920;791,921;791,922;792,922;792,923;793,924;794,924;
Vein; POLYGON; 63, 72, 204; 737,893;736,892;735,892;734,892;734,891;733,891;732,891;731,891;730,891;729,891;728,891;727,891;726,891;725,891;724,891;723,891;722,890;721,889;721,888;720,888;720,887;719,887;719,886;719,885;718,885;718,884;717,884;717,883;717,882;716,882;716,881;715,881;715,880;714,880;714,879;713,878;712,878;712,877;711,877;711,876;710,876;709,876;709,875;708,875;708,874;707,874;706,873;702,871;702,870;701,870;701,869;700,869;699,867;698,867;698,866;697,866;697,865;696,865;696,864;695,864;695,863;694,862;693,861;693,860;692,859;691,859;691,858;690,857;689,856;689,855;688,855;688,854;687,853;687,852;687,851;688,851;689,850;690,850;691,850;692,850;693,850;694,850;695,850;696,850;697,850;698,850;699,850;700,850;701,850;702,850;703,851;704,851;705,851;705,852;706,852;707,852;707,853;708,853;709,855;710,856;711,857;711,858;713,859;713,860;714,860;714,861;715,862;716,862;716,863;717,863;717,864;718,864;719,865;720,866;721,866;722,867;723,867;723,868;725,869;726,869;727,870;728,870;728,871;729,871;730,871;735,875;736,876;737,876;738,877;739,877;740,878;741,878;743,880;744,880;744,881;745,881;745,882;746,882;746,883;747,883;747,884;748,884;748,885;749,885;749,886;750,887;752,889;752,890;753,890;753,891;754,891;754,892;755,893;755,894;756,896;
Vein; POLYGON; 63, 72, 204; 733,914;732,914;731,914;730,914;729,915;728,915;727,915;726,915;725,915;725,914;724,914;723,913;722,913;720,912;719,912;718,912;717,912;716,912;715,911;714,911;713,911;712,910;711,910;710,910;709,909;708,909;708,908;707,908;707,907;706,907;706,906;705,906;705,905;704,905;704,904;703,904;703,903;703,902;702,902;702,901;701,900;701,899;700,899;700,898;699,897;698,896;697,896;697,895;696,895;695,895;695,894;694,894;693,893;693,892;692,892;692,891;691,891;690,890;689,890;689,889;688,889;688,888;687,888;686,888;686,887;684,887;683,886;682,886;682,885;681,885;680,885;680,884;679,884;678,884;678,883;677,883;676,882;675,881;675,880;673,879;673,878;672,877;672,876;672,875;671,875;671,874;671,873;670,871;670,870;670,869;670,868;671,868;671,867;672,867;672,866;674,865;674,864;675,864;676,864;676,863;678,862;679,861;680,860;681,860;682,860;683,860;685,859;686,859;687,859;687,858;688,858;689,858;689,857;689,856;689,855;689,854;689,853;689,852;689,851;689,850;689,849;688,848;688,847;687,847;687,846;687,845;686,845;686,844;685,843;684,842;684,841;683,841;683,840;682,840;682,839;681,838;681,837;680,837;680,836;679,836;678,835;678,834;677,834;677,833;676,833;675,832;674,831;673,831;673,830;672,830;672,829;671,829;670,829;670,828;668,828;668,827;667,827;666,827;666,826;665,826;665,825;664,825;663,825;662,826;662,827;661,827;661,828;660,829;660,830;659,830;659,831;659,832;658,833;654,836;654,837;653,837;652,837;651,838;650,838;649,839;648,839;647,839;646,839;646,840;645,840;645,841;645,842;644,842;644,843;643,843;643,844;643,845;642,845;642,846;642,847;642,848;642,849;642,850;642,851;642,852;643,852;643,853;644,854;645,855;646,856;647,857;648,858;649,859;650,859;651,860;652,861;653,861;653,862;654,862;654,863;655,863;655,864;656,864;656,865;657,865;658,866;659,867;660,867;661,867;662,868;663,868;664,869;666,869;667,870;668,870;676,872;677,873;
Vein; POLYGON; 63, 72, 204; 675,853;674,854;673,854;673,855;672,855;671,856;670,857;670,858;669,858;669,859;668,859;668,860;667,861;667,862;666,862;666,863;666,864;665,865;665,866;665,867;665,868;665,869;665,870;666,870;666,871;667,871;668,872;670,872;671,872;672,872;673,871;674,870;675,868;676,867;676,866;677,865;678,864;678,863;679,863;680,862;681,862;682,862;683,861;684,861;685,861;
Vein; POLYGON; 63, 72, 204; 656,830;656,829;656,828;655,828;655,827;654,827;654,826;654,825;653,825;653,824;652,824;652,823;651,822;651,821;650,821;650,820;649,820;649,819;648,819;648,818;647,818;647,817;646,817;646,816;645,816;644,816;643,815;642,815;642,814;641,814;641,813;640,813;639,813;639,812;638,812;637,812;637,811;636,811;635,810;634,810;634,809;633,809;632,809;631,809;630,808;629,808;628,807;627,807;626,807;625,806;624,806;623,806;623,805;622,805;621,805;621,804;620,804;619,804;618,804;618,803;617,803;617,802;616,802;615,801;614,801;613,801;612,800;611,800;610,799;609,799;608,798;607,798;606,798;606,797;605,797;604,797;604,796;603,796;602,796;601,795;600,795;599,794;598,794;597,793;596,793;595,792;594,792;594,791;593,791;593,790;592,790;591,789;590,789;590,788;
Vein; POLYGON; 63, 72, 204; 577,781;576,781;576,780;575,780;575,779;574,779;573,779;573,778;572,778;571,777;569,776;562,774;
Vein; POLYGON; 63, 72, 204; 569,765;570,765;
Vein; POLYGON; 63, 72, 204; 580,771;581,771;582,771;584,772;592,776;594,777;595,777;
Vein; POLYGON; 63, 72, 204; 605,786;606,786;607,787;607,788;609,788;620,793;621,794;622,794;623,795;
Vein; POLYGON; 63, 72, 204; 647,819;648,819;648,820;649,820;649,821;650,821;653,823;656,826;659,829;659,830;660,830;
Vein; POLYGON; 63, 72, 204; 666,831;665,830;665,829;664,829;664,828;663,827;663,826;663,825;662,825;662,824;661,824;661,823;660,822;660,821;659,821;659,820;658,819;658,818;657,818;657,817;656,816;655,815;654,814;654,813;653,813;652,813;652,812;651,812;650,812;650,811;649,811;648,810;647,810;647,809;646,809;645,808;644,808;643,808;643,807;642,807;641,807;640,806;639,806;639,805;638,805;638,804;637,804;636,803;635,803;635,802;634,802;633,802;632,802;631,801;630,801;628,799;627,799;626,799;625,799;624,799;623,798;622,798;621,797;620,797;619,796;618,796;618,795;617,795;616,794;615,794;615,793;614,792;613,792;613,791;612,791;612,790;611,790;611,789;609,788;608,788;608,787;607,787;606,786;605,786;605,785;604,785;603,784;602,783;601,782;600,782;600,781;599,781;598,780;597,779;596,779;596,778;595,778;595,777;594,777;594,776;593,776;592,776;592,775;591,775;591,774;589,773;588,773;588,772;587,772;586,771;585,771;585,770;584,770;584,769;583,769;583,768;582,768;581,767;580,767;579,766;578,766;577,765;576,765;575,765;574,765;574,764;573,764;572,764;571,764;570,763;568,763;567,762;566,762;565,762;564,761;563,761;562,761;560,761;559,761;558,761;557,761;556,761;556,762;556,763;556,764;556,765;557,765;557,766;558,766;558,767;559,767;562,769;563,769;564,769;565,769;566,769;567,769;567,770;568,770;569,770;570,770;570,771;571,771;572,771;573,771;573,772;574,772;575,772;575,773;576,773;576,774;577,775;578,775;578,776;579,777;579,778;580,778;580,779;581,779;581,780;582,780;582,781;583,781;583,782;584,783;585,784;586,784;586,785;587,785;588,785;589,785;589,786;590,786;591,786;592,786;593,786;596,787;597,787;597,788;599,788;600,788;601,788;601,789;602,789;603,789;604,789;604,790;605,790;606,790;606,791;607,791;608,791;609,791;609,792;610,792;611,792;611,793;612,793;612,794;613,794;614,795;615,795;615,796;616,796;616,797;617,797;617,798;618,798;618,799;619,799;620,799;620,800;621,801;622,801;622,802;623,802;624,802;624,803;625,803;626,803;626,804;627,804;628,804;628,805;629,805;631,807;632,807;632,808;633,808;633,809;634,809;635,810;635,811;636,811;636,812;637,812;637,813;638,813;638,814;640,815;640,816;641,817;642,817;643,818;644,818;645,818;646,818;647,819;648,819;649,820;650,820;651,820;651,821;652,821;652,822;653,822;654,822;655,823;658,826;659,826;659,827;660,827;661,828;661,829;662,829;662,830;663,830;664,831;665,832;665,833;666,833;666,834;667,834;668,834;669,834;670,834;671,834;
Vein; POLYGON; 63, 72, 204; 618,802;618,801;617,801;617,800;613,799;613,798;612,798;611,798;611,797;610,797;609,797;608,797;607,797;607,796;606,796;605,796;604,796;604,795;602,795;602,794;601,794;600,794;599,794;599,793;598,793;597,793;596,792;595,792;595,791;594,791;594,790;593,790;592,789;591,788;590,787;589,787;589,786;588,786;588,785;587,785;587,784;586,784;586,783;585,783;585,782;586,782;587,782;588,782;589,782;590,782;591,782;592,782;593,782;594,782;596,782;597,782;598,782;599,782;600,782;601,782;601,783;602,783;603,783;604,784;605,784;606,785;607,785;608,785;609,785;610,785;612,785;614,785;615,786;616,786;617,787;619,788;619,789;
Vein; POLYGON; 63, 72, 204; 624,798;625,798;625,799;626,799;626,800;627,800;627,801;627,802;628,802;628,803;628,804;627,804;626,804;625,804;625,805;624,805;623,805;
Vein; POLYGON; 63, 72, 204; 626,800;626,801;627,801;628,801;628,802;629,803;629,804;630,804;630,805;630,806;631,806;631,807;632,807;632,808;633,809;633,810;632,810;631,810;630,810;629,810;627,810;623,808;622,807;622,806;621,806;621,805;620,805;620,804;619,804;618,803;617,802;616,801;616,800;615,800;615,799;614,798;615,798;
Vein; POLYGON; 63, 72, 204; 645,841;645,840;644,840;643,840;641,839;640,839;639,838;638,838;637,838;636,838;635,838;634,838;633,837;632,837;631,836;630,836;630,835;629,835;628,835;628,834;628,833;627,833;627,832;626,832;626,831;625,830;624,829;623,827;622,827;621,826;620,825;619,825;617,823;616,823;615,822;614,822;614,821;613,821;612,820;611,820;611,819;610,818;609,817;608,817;608,816;607,816;606,815;605,814;604,813;603,812;602,811;602,810;601,810;600,808;599,807;598,807;597,805;596,804;595,804;594,803;593,803;592,803;592,802;591,802;590,802;590,801;589,801;588,801;587,801;586,802;585,802;584,802;583,802;581,802;580,802;579,803;578,803;578,804;578,805;578,806;578,807;578,808;579,809;579,810;579,811;579,812;580,812;580,813;580,814;581,814;581,815;582,816;582,817;583,817;583,818;584,818;585,819;586,819;587,819;588,820;589,820;591,820;592,820;593,820;594,820;595,820;596,820;597,820;597,821;598,821;599,821;599,822;600,822;601,822;602,822;602,823;605,823;605,824;606,824;607,824;607,825;608,825;609,826;610,826;610,827;611,827;611,828;612,828;612,829;613,829;613,830;614,830;614,831;615,832;616,832;616,833;617,834;617,835;618,835;619,836;620,836;621,836;621,837;622,837;623,838;625,839;626,840;627,840;627,841;628,841;629,842;630,842;632,843;633,843;634,844;635,844;636,844;637,844;638,844;638,845;639,845;640,845;641,845;642,845;643,845;645,845;646,845;646,846;647,846;648,846;649,846;649,847;650,847;650,846;651,846;652,846;653,846;654,846;655,846;656,846;656,845;656,844;656,843;656,842;656,841;656,840;656,839;655,839;654,839;
Vein; POLYGON; 63, 72, 204; 583,788;583,789;582,789;582,790;582,791;582,792;582,793;581,794;581,795;581,796;581,797;580,798;580,799;580,800;580,801;579,802;579,803;580,803;582,803;583,803;584,803;585,803;586,803;587,802;588,801;589,800;590,800;590,799;591,799;591,798;592,798;592,797;592,796;593,796;593,795;594,794;595,793;595,792;596,791;596,790;596,789;596,788;596,787;595,787;595,786;594,786;593,786;
Vein; POLYGON; 63, 72, 204; 369,759;368,759;368,760;367,760;366,760;365,760;364,760;363,760;362,760;361,760;360,760;359,760;358,760;357,760;356,760;355,760;354,760;353,759;352,759;350,759;349,759;348,759;346,759;345,758;344,758;343,758;342,758;341,758;340,758;339,758;338,758;337,758;336,758;335,758;334,758;333,758;332,759;332,760;332,761;332,762;332,763;332,764;332,765;332,766;332,768;334,772;335,773;336,776;338,777;338,778;339,778;340,778;341,778;342,778;343,778;344,778;345,778;346,778;347,778;348,778;349,778;350,778;351,778;352,778;353,778;354,778;355,778;355,777;356,776;358,775;359,773;363,771;
Vein; POLYGON; 63, 72, 204; 373,751;372,751;371,751;370,751;369,751;368,751;367,751;366,751;365,751;364,752;363,752;362,752;359,752;358,752;357,752;353,753;352,753;350,755;348,766;348,767;348,768;348,769;348,770;349,771;350,772;351,773;352,773;353,774;354,774;355,774;355,775;357,775;358,775;359,775;360,775;361,775;362,775;363,775;364,775;365,775;366,775;367,775;369,774;370,773;374,770;377,767;380,763;382,760;
Vein; POLYGON; 63, 72, 204; 411,738;410,738;409,738;407,738;406,738;405,738;404,738;403,738;402,738;401,739;400,739;400,740;399,740;398,741;397,741;396,742;395,742;394,743;393,743;392,743;392,744;391,744;390,744;389,744;388,744;387,744;386,744;385,744;384,744;383,744;382,744;381,744;380,744;379,744;378,744;378,743;377,743;376,743;374,744;373,744;371,746;370,748;369,749;369,750;368,751;368,752;368,753;368,754;367,755;367,756;367,757;367,758;367,759;367,760;368,760;368,761;369,761;370,761;371,762;372,762;373,762;374,762;375,762;376,762;379,762;380,762;381,762;382,762;383,762;384,762;385,762;386,761;387,761;388,761;388,760;389,760;390,760;391,760;392,760;393,760;394,760;395,760;395,759;396,759;397,759;398,758;399,758;400,758;400,757;401,757;402,757;404,754;406,753;407,752;408,752;409,752;409,751;410,751;411,751;412,751;412,750;414,749;414,748;415,748;416,747;416,746;417,746;417,745;418,745;419,744;420,744;420,743;421,743;421,742;421,741;421,740;420,740;419,739;418,738;417,738;416,737;415,737;414,736;413,735;412,735;411,735;410,734;409,734;408,734;408,735;408,736;
Vein; POLYGON; 63, 72, 204; 358,756;357,756;357,755;356,755;355,755;354,755;354,754;353,754;352,754;351,754;351,753;350,753;349,753;347,753;346,753;345,753;344,753;343,753;342,753;341,753;340,753;339,753;338,754;337,754;336,754;336,755;335,755;334,755;334,756;333,756;333,758;333,759;333,760;333,761;333,762;333,763;334,764;335,765;336,766;342,768;351,770;352,770;354,770;355,769;356,768;357,768;358,767;359,766;360,765;364,763;374,760;
Vein; POLYGON; 63, 72, 204; 400,742;400,741;399,740;398,739;397,739;396,738;395,738;394,737;393,737;392,737;391,737;390,737;389,737;386,737;384,739;383,740;382,741;381,743;380,743;380,744;379,745;379,746;378,746;378,747;378,748;377,748;377,749;377,750;377,751;377,752;377,753;378,753;379,753;380,754;381,754;382,754;383,754;385,754;387,753;395,750;397,750;399,749;
Vein; POLYGON; 63, 72, 204; 811,983;811,984;812,985;812,986;813,986;814,986;815,987;816,987;818,986;818,985;819,985;819,984;820,984;820,983;821,983;821,982;822,982;822,981;822,980;822,979;822,978;822,977;822,976;822,975;822,974;822,973;822,972;821,972;821,971;820,971;819,971;818,971;817,971;816,971;813,971;812,971;811,971;
Stroma, ICG; POLYGON; 255, 255, 255; 770,758;769,758;768,758;767,758;766,758;765,758;764,758;761,758;761,759;760,759;758,760;757,760;756,760;756,761;755,761;754,762;753,763;752,763;751,764;750,765;750,766;748,768;747,769;747,770;746,770;746,771;746,772;745,772;745,773;745,774;745,775;745,776;745,777;745,778;745,779;745,780;746,781;747,783;748,784;748,785;749,785;749,786;750,786;750,787;751,787;751,788;752,788;753,789;754,789;755,790;756,790;757,790;758,790;760,790;761,791;762,791;763,791;764,791;765,792;766,792;767,792;770,792;771,792;772,792;774,792;775,792;776,792;777,792;778,792;779,792;780,792;781,792;782,792;783,792;784,792;785,792;786,792;787,792;787,791;789,790;790,790;790,789;791,789;792,788;793,787;794,785;795,784;795,783;796,783;796,782;796,781;796,780;797,779;797,778;797,777;797,776;797,775;797,773;797,772;796,772;796,771;796,770;796,769;795,769;795,768;794,767;794,766;793,766;793,765;792,765;792,764;791,764;790,764;790,763;789,763;788,763;787,763;786,763;785,763;785,762;785,761;785,760;786,760;786,759;786,758;787,758;787,757;787,756;787,755;788,755;788,754;788,753;789,753;789,752;789,751;789,750;790,750;790,749;790,748;791,748;791,747;791,746;792,746;792,745;793,745;793,744;794,743;794,742;795,742;795,741;795,740;796,740;796,739;796,738;797,738;798,735;799,734;799,733;800,733;800,732;801,732;801,731;802,731;802,730;803,730;803,729;804,729;805,728;806,728;807,727;808,727;809,726;810,726;811,725;812,725;813,725;814,725;816,724;817,724;817,723;818,723;819,723;819,722;820,721;820,720;820,719;820,718;820,717;820,716;819,715;819,714;818,713;817,712;817,711;816,711;816,710;815,710;815,709;814,709;814,708;813,708;813,707;812,707;812,706;811,706;810,705;809,704;808,703;807,703;807,702;806,702;806,701;805,701;805,700;804,700;804,699;803,699;803,698;802,698;802,697;801,697;801,696;800,696;799,695;799,694;798,694;797,694;797,693;796,693;795,693;795,692;794,692;793,692;792,692;791,692;790,692;787,694;787,695;786,695;786,696;786,697;785,697;785,698;785,699;784,700;784,701;784,702;784,703;784,704;784,705;785,705;785,706;786,706;787,706;787,707;788,707;789,707;790,707;790,708;791,708;792,708;793,709;794,709;794,710;795,710;796,710;796,711;797,711;797,712;797,713;797,714;797,715;797,716;797,717;796,718;796,719;796,720;795,720;794,722;794,723;794,724;793,724;793,725;792,726;792,727;792,728;791,728;791,729;790,730;789,732;788,733;788,734;788,735;787,735;787,736;787,737;786,737;786,738;785,739;785,740;784,741;784,742;783,742;783,743;783,744;782,744;782,745;781,747;781,748;780,748;780,749;778,752;778,753;777,754;777,755;776,755;776,756;776,757;776,758;776,759;776,760;777,761;778,761;779,762;781,763;
Stroma, ICG; POLYGON; 255, 255, 255; 877,696;876,696;874,698;
Stroma, ICG; POLYGON; 255, 255, 255; 863,711;862,712;861,713;860,714;860,715;858,716;855,728;855,729;855,730;855,731;
Stroma, ICG; POLYGON; 255, 255, 255; 866,737;867,737;868,736;871,735;880,727;880,724;
Stroma, ICG; POLYGON; 255, 255, 255; 891,714;892,714;893,714;894,714;896,713;909,710;910,710;
Stroma, ICG; POLYGON; 255, 255, 255; 909,691;909,690;908,690;908,689;907,687;907,686;906,686;905,685;904,685;891,687;891,688;890,688;889,688;888,688;
Stroma, ICG; POLYGON; 255, 255, 255; 874,693;868,697;867,697;867,698;867,699;866,700;866,701;866,702;866,703;867,704;868,704;
Stroma, ICG; POLYGON; 255, 255, 255; 871,699;870,700;869,701;869,702;868,703;865,708;864,709;864,710;864,711;863,712;863,713;862,715;861,716;861,717;860,718;860,719;859,719;859,720;859,721;859,722;858,723;858,724;858,725;858,726;858,727;858,728;858,729;858,730;858,731;859,733;859,734;859,735;860,736;860,737;860,738;861,738;861,739;862,739;863,739;864,739;865,739;866,738;868,737;869,736;870,736;870,735;871,735;872,734;873,734;874,733;875,732;876,732;876,731;877,731;877,730;878,730;879,729;880,729;884,727;885,726;886,726;887,725;888,725;888,724;889,724;890,724;890,723;891,723;892,723;893,722;894,721;895,721;897,719;899,719;899,718;900,718;900,717;901,717;902,716;903,716;903,715;904,715;904,714;905,714;906,712;907,711;907,710;908,709;908,708;909,707;909,706;909,705;910,705;910,704;910,703;910,702;910,701;910,700;910,699;910,698;910,694;907,688;906,688;906,687;905,687;904,686;903,686;902,686;901,686;900,686;899,686;898,686;897,687;895,688;894,688;893,689;892,689;890,690;889,690;887,691;886,691;885,691;883,691;881,691;870,704;
Stroma, ICG; POLYGON; 255, 255, 255; 915,721;914,722;913,723;913,724;913,725;912,725;911,728;911,729;911,730;911,731;911,732;911,733;911,734;912,734;912,735;913,736;914,736;914,737;915,737;916,737;917,737;918,737;921,737;922,736;923,735;925,735;926,734;927,734;928,734;929,733;930,733;931,733;932,733;933,732;934,732;935,732;936,732;937,732;937,731;939,731;940,731;941,731;942,731;943,732;944,732;945,732;946,732;947,732;948,732;949,732;950,732;951,732;952,731;953,731;954,731;954,730;955,730;956,730;960,726;961,724;962,723;962,722;963,721;963,720;963,719;963,718;964,717;964,716;964,715;964,714;964,713;963,712;963,711;962,710;961,708;960,707;960,706;959,705;958,704;957,702;956,701;955,700;954,699;953,698;952,697;947,694;945,694;943,694;941,694;938,694;934,695;927,697;923,699;920,701;917,702;915,703;913,704;912,704;911,705;911,706;910,707;911,708;916,710;
Stroma, ICG; POLYGON; 255, 255, 255; 424,865;424,866;424,868;424,869;425,869;425,870;426,871;427,872;428,872;429,872;429,873;429,874;429,875;429,876;428,877;425,879;425,880;424,880;423,881;422,882;421,883;421,884;420,884;419,885;419,886;418,886;417,886;417,887;416,887;415,887;414,887;414,888;413,888;412,888;412,889;411,889;410,889;409,890;408,890;408,891;407,891;406,892;405,892;403,894;403,895;402,895;402,896;402,897;402,898;402,899;402,900;402,901;402,902;402,903;402,904;403,905;403,906;404,906;404,907;405,907;406,907;406,908;407,908;408,908;409,909;410,909;411,909;412,910;413,910;414,910;416,910;417,910;418,910;419,910;420,910;421,910;421,909;422,909;423,909;424,909;424,908;425,908;426,907;427,906;428,906;429,906;429,905;431,905;432,905;433,905;433,904;434,904;435,904;435,903;436,903;437,903;438,903;439,903;440,903;441,902;442,902;443,901;445,899;445,898;446,898;446,897;447,896;447,895;448,895;448,894;449,893;449,892;450,891;451,890;452,890;453,889;454,889;455,889;456,888;457,888;458,887;459,887;460,886;461,885;462,885;463,884;464,884;465,883;466,883;467,883;468,882;469,882;473,881;474,880;475,880;476,880;477,880;478,880;479,880;480,880;481,880;482,879;483,879;483,878;485,877;486,877;488,876;491,875;492,875;493,875;494,875;494,874;495,874;496,874;496,873;497,873;497,872;498,872;499,871;500,871;500,870;502,869;503,868;503,867;503,866;504,865;504,864;504,863;503,862;502,861;501,860;500,859;499,859;499,858;498,858;497,858;496,857;495,856;494,856;493,855;492,855;491,854;490,854;489,853;488,853;487,852;486,852;485,852;484,851;484,850;484,849;484,848;484,847;484,846;484,845;485,845;485,844;486,844;486,843;487,843;487,842;488,842;488,841;489,841;489,840;490,840;490,839;491,838;491,837;492,836;493,836;493,835;494,835;495,834;496,833;497,833;497,832;498,832;499,832;500,831;501,830;502,830;503,830;504,830;505,830;506,830;506,829;507,829;508,829;511,828;512,827;513,827;514,827;515,827;516,827;517,827;518,827;519,827;520,827;521,827;522,828;523,828;523,829;524,829;525,829;525,830;526,830;526,831;527,831;527,832;528,832;529,834;530,835;531,835;531,836;532,836;533,837;534,837;535,837;536,837;537,837;538,837;539,837;540,837;541,837;542,837;543,837;544,836;545,836;546,836;547,836;547,835;548,835;549,835;550,835;550,834;551,834;551,833;552,833;552,832;553,831;553,830;553,829;553,828;553,827;553,826;553,825;553,824;552,824;552,823;552,822;552,821;551,821;551,820;551,819;550,818;550,817;549,816;549,815;548,814;548,813;547,813;547,812;546,812;545,811;544,810;543,810;542,809;541,808;540,807;539,807;538,807;537,807;537,806;536,806;534,806;533,805;532,805;531,804;530,804;529,804;529,803;528,803;527,803;526,802;526,801;525,801;525,800;524,800;524,799;523,798;520,795;519,794;518,794;517,793;516,793;515,793;512,793;511,793;511,794;511,795;510,795;510,797;510,798;510,801;511,804;511,805;512,805;512,806;513,806;514,807;514,808;515,808;515,809;516,809;516,810;516,811;516,812;517,812;517,813;516,814;515,814;513,814;510,814;510,815;508,815;507,815;506,815;505,815;504,815;503,815;502,815;501,815;500,815;499,815;498,815;497,815;496,815;495,815;494,815;493,815;492,815;491,815;490,815;489,815;488,815;487,815;486,815;485,815;484,815;483,815;482,814;481,814;480,814;479,814;478,814;477,814;476,813;475,813;474,813;473,813;472,812;471,812;470,812;470,811;469,811;468,811;467,811;466,811;465,811;464,811;463,810;462,810;461,810;460,810;459,810;459,811;459,812;459,813;463,816;464,817;465,818;466,819;467,819;467,820;468,820;468,821;469,821;471,822;472,823;473,823;474,824;476,825;477,826;478,827;478,828;478,829;478,830;478,831;478,832;478,833;478,834;478,835;477,835;477,836;477,837;477,838;474,845;474,846;473,847;473,848;472,848;472,849;471,850;471,851;469,853;468,854;467,854;466,855;465,855;464,855;464,856;463,856;462,856;462,857;461,857;460,857;460,858;459,858;458,858;457,858;456,858;455,857;452,856;451,855;449,855;449,854;448,854;447,854;446,854;443,853;441,853;440,853;439,853;438,853;437,853;436,853;436,854;435,854;435,855;435,856;434,856;434,857;434,858;433,859;433,860;433,861;432,861;432,862;432,863;431,863;431,864;431,865;431,866;
Stroma, ICG; POLYGON; 255, 255, 255; 318,929;317,929;315,930;314,931;313,932;313,933;312,933;312,934;311,935;311,936;310,937;310,938;309,938;309,939;308,940;308,941;308,942;307,943;307,944;307,945;306,946;306,947;306,948;306,949;306,950;306,951;306,952;306,953;307,953;307,954;307,955;308,957;308,958;309,958;309,959;310,960;311,960;312,961;313,961;314,961;314,962;315,962;316,962;317,962;318,962;319,963;320,963;321,963;322,963;323,963;324,963;325,963;326,963;327,963;328,962;329,962;330,962;331,961;339,957;340,956;341,955;342,955;343,954;344,954;345,953;346,953;347,952;348,952;349,951;349,950;349,949;349,948;349,947;349,946;349,945;349,944;348,944;348,943;348,942;348,941;347,941;347,940;347,939;346,939;346,938;345,937;345,936;344,935;343,934;342,933;341,932;340,931;339,930;338,929;337,928;335,927;334,927;333,926;332,926;331,926;329,926;327,926;323,928;
Stroma, ICG; POLYGON; 255, 255, 255; 220,948;219,949;219,950;218,951;218,952;217,953;217,954;217,955;216,956;216,957;216,958;215,959;215,960;216,961;216,962;217,962;217,963;218,963;218,964;219,964;219,965;220,965;221,965;221,966;222,966;225,969;227,970;228,970;228,971;229,971;231,974;232,975;232,976;232,977;232,978;232,981;232,982;231,983;230,984;229,985;225,989;224,990;223,990;223,991;221,991;220,991;219,991;218,991;217,991;216,991;215,991;213,991;212,991;210,990;209,990;207,990;206,989;205,989;204,989;203,988;202,988;200,988;200,987;199,987;198,987;192,981;191,980;191,979;190,978;187,976;186,974;185,973;185,972;184,972;184,971;184,970;184,969;184,968;184,967;184,965;184,964;184,963;185,962;185,961;185,960;185,959;185,958;185,957;185,956;185,955;185,954;185,953;185,952;185,951;185,950;185,949;183,945;182,942;182,941;181,939;180,939;180,938;179,938;178,937;174,935;174,934;173,934;172,933;171,933;170,933;169,933;168,933;167,933;166,933;165,933;165,934;164,934;164,935;163,935;163,936;163,937;163,938;162,938;162,939;162,940;162,941;162,942;162,949;162,950;162,951;162,953;162,954;162,956;162,957;162,958;162,959;162,960;162,962;163,963;163,964;164,965;164,966;165,967;165,968;166,969;166,970;166,971;166,972;166,973;166,974;167,974;167,975;167,976;168,977;168,978;169,980;169,981;169,982;169,983;170,984;170,987;170,989;170,990;170,991;170,992;170,993;170,994;170,995;171,995;171,996;171,997;172,997;172,998;173,999;174,1000;175,1001;176,1002;177,1003;177,1004;178,1004;178,1005;179,1005;180,1005;182,1005;184,1005;185,1005;186,1006;187,1006;188,1006;188,1007;189,1007;191,1008;192,1008;193,1009;194,1009;194,1010;195,1010;196,1011;201,1012;202,1012;203,1012;204,1012;205,1012;208,1012;209,1013;210,1013;211,1013;212,1013;213,1013;214,1013;215,1013;216,1013;217,1013;217,1012;218,1012;219,1012;220,1012;222,1012;225,1012;226,1012;227,1012;228,1012;229,1012;231,1012;232,1012;233,1012;233,1013;234,1013;235,1013;236,1013;237,1013;238,1013;239,1013;240,1013;241,1013;242,1013;243,1013;244,1013;245,1013;246,1013;246,1014;247,1014;248,1014;249,1014;250,1014;251,1014;252,1014;253,1014;256,1015;257,1015;258,1015;259,1015;260,1015;261,1015;262,1015;263,1015;264,1014;265,1014;266,1014;266,1013;266,1012;266,1011;267,1011;267,1010;267,1009;268,1008;268,1007;269,1007;269,1006;270,1006;271,1005;272,1005;273,1005;275,1004;276,1004;277,1003;278,1003;279,1003;280,1003;281,1003;282,1003;282,1002;283,1002;284,1002;285,1001;286,1001;286,1000;287,1000;287,999;288,999;289,999;289,998;290,998;290,997;291,997;291,996;291,995;292,995;292,994;292,993;292,992;292,991;292,990;291,990;291,989;290,989;289,988;288,988;287,988;286,988;286,987;283,987;282,986;281,986;280,986;277,985;276,984;275,984;274,985;273,986;272,986;272,987;271,987;270,987;269,987;268,988;265,989;264,989;263,989;262,989;261,989;258,988;257,988;256,988;255,988;254,987;253,987;253,986;252,986;251,985;250,985;249,983;248,982;248,981;248,980;248,979;248,978;248,977;248,976;248,975;248,974;248,973;248,972;248,971;249,970;249,969;250,969;250,968;251,968;251,967;252,966;253,965;254,965;255,964;255,963;256,963;256,962;257,961;258,960;259,959;259,958;260,958;261,958;261,957;262,957;262,956;263,956;263,955;264,954;264,953;265,953;265,952;267,951;267,950;268,949;268,948;269,948;269,946;270,945;270,944;270,943;270,942;270,941;270,940;270,939;270,938;270,937;270,936;270,935;269,934;269,933;268,932;267,930;266,930;265,929;264,927;263,926;262,925;258,922;257,922;257,921;256,921;255,920;254,920;254,919;253,919;252,918;251,918;251,917;250,917;249,917;248,917;248,916;247,916;246,916;245,916;244,915;243,915;241,915;240,915;239,915;238,916;237,916;237,917;236,917;235,919;235,920;233,922;232,925;232,926;231,927;231,928;231,929;230,930;230,931;229,932;229,933;228,933;228,934;228,935;228,936;228,937;228,938;227,938;227,939;227,940;226,941;226,942;226,943;225,945;224,945;224,946;223,946;221,948;221,949;220,949;220,950;221,950;
Stroma, ICG; POLYGON; 255, 255, 255; 220,967;219,967;218,967;217,967;216,967;215,967;213,967;211,966;210,966;209,966;208,965;207,965;207,964;206,964;205,964;205,963;204,963;203,963;203,962;202,962;201,962;200,962;199,962;198,962;197,962;197,963;196,963;195,963;191,965;190,965;188,965;187,965;186,965;185,965;184,965;183,965;183,964;182,964;182,963;181,963;181,962;181,961;180,961;179,960;179,959;178,958;178,957;178,956;178,955;178,954;178,953;178,950;179,949;180,948;181,948;182,947;185,946;186,946;187,945;188,945;189,944;190,944;191,943;192,943;192,942;193,942;194,942;195,942;196,942;197,942;198,942;199,942;200,942;201,942;202,942;203,942;204,942;205,942;206,942;207,942;209,943;210,943;211,944;212,944;213,945;214,945;215,945;216,946;217,946;218,947;219,947;226,953;227,953;227,954;228,954;229,955;229,956;231,957;231,958;231,959;231,960;
Stroma, ICG; POLYGON; 255, 255, 255; 274,585;274,587;274,588;274,589;274,590;
Stroma, ICG; POLYGON; 255, 255, 255; 280,601;281,601;282,601;283,601;284,601;284,600;285,600;286,599;286,598;287,598;287,597;288,597;288,596;289,595;289,594;290,594;291,593;292,592;292,591;293,591;293,590;294,590;294,589;294,588;295,588;295,587;295,586;296,586;296,585;297,585;298,585;298,584;299,584;299,583;300,583;301,583;301,582;302,581;302,580;303,580;303,579;303,578;304,577;304,576;304,575;304,574;305,573;305,572;306,571;306,570;307,570;309,569;310,569;311,569;312,569;313,569;314,568;315,568;316,568;317,568;318,568;319,568;320,568;320,567;321,567;322,567;323,567;324,567;324,566;325,566;326,566;326,565;327,565;328,565;328,564;329,564;329,563;329,562;329,561;330,560;330,558;330,557;329,556;329,555;328,554;328,553;327,553;327,552;326,551;325,550;325,549;324,549;324,548;323,548;323,547;322,547;322,546;321,546;320,545;319,545;318,544;317,544;317,543;316,543;316,542;316,541;316,540;316,539;316,538;316,537;317,537;317,536;318,535;318,534;319,534;319,533;320,533;320,532;321,532;321,531;322,531;323,531;324,531;325,531;327,530;328,530;329,529;330,529;331,529;332,529;333,529;333,528;334,528;337,527;338,527;339,527;340,527;341,527;342,526;343,526;344,526;346,526;347,526;348,526;348,525;349,525;350,525;350,524;351,523;351,522;352,520;352,519;352,518;352,516;352,515;352,514;351,513;351,512;351,511;350,511;350,510;350,509;350,508;350,507;349,507;349,506;349,505;349,504;348,504;348,503;348,502;348,501;348,500;347,500;347,499;347,498;346,498;345,495;345,494;344,494;344,493;343,493;342,492;341,492;340,491;339,490;338,490;337,489;336,489;336,488;335,488;334,488;334,487;333,487;332,487;332,486;331,486;330,486;330,485;329,485;328,485;327,485;327,486;326,486;326,488;325,492;325,493;325,495;325,496;325,497;325,498;325,499;325,500;326,500;326,501;327,501;327,502;328,502;329,503;330,503;330,504;331,504;331,505;332,505;332,506;332,507;333,507;333,508;333,509;333,510;333,511;332,511;332,512;330,514;324,516;324,517;323,517;323,518;322,518;321,519;320,520;319,520;318,521;317,521;317,522;316,522;315,523;314,523;313,523;313,524;312,524;311,524;310,524;308,524;307,524;306,524;305,524;304,524;302,524;299,524;298,524;297,524;295,524;294,524;293,524;292,524;291,524;290,524;289,524;289,523;288,523;287,523;287,522;286,522;286,521;285,521;285,520;284,519;284,518;283,517;283,516;282,515;282,514;282,513;281,512;281,510;281,509;280,508;280,506;280,505;280,504;280,503;280,502;279,501;279,500;279,499;279,498;279,497;279,496;279,495;279,494;280,494;280,493;280,492;281,491;281,490;281,489;282,488;282,487;283,486;283,485;284,485;284,484;284,483;286,482;286,481;288,478;288,477;288,476;288,475;288,474;288,473;288,472;287,471;286,470;285,470;285,469;284,469;283,468;282,467;281,467;280,466;279,466;278,466;277,466;275,466;274,467;273,467;272,467;272,468;270,468;269,469;268,469;265,471;265,472;264,472;262,473;261,474;260,474;260,475;259,475;258,475;257,476;256,477;255,477;255,478;254,479;253,480;252,480;252,481;251,482;250,482;250,483;249,483;248,483;247,484;246,484;244,485;243,485;242,485;241,486;240,486;238,487;237,487;236,488;235,488;235,489;234,489;233,490;230,493;229,493;229,495;228,495;227,497;227,498;227,499;226,500;226,501;226,502;226,503;226,504;226,505;226,506;226,507;225,507;225,508;225,509;224,509;224,510;223,511;223,512;222,512;221,513;220,515;219,515;218,515;217,515;216,515;215,516;214,516;213,516;212,516;211,517;210,517;209,517;208,517;207,517;206,517;205,517;204,517;203,517;202,517;202,518;201,518;200,518;200,519;199,519;198,519;197,520;196,521;195,521;195,522;194,522;192,525;191,526;191,527;190,528;190,529;189,529;189,531;189,532;189,533;189,534;189,535;189,536;189,537;189,538;189,539;189,540;189,541;189,542;189,543;189,544;189,545;190,545;190,546;190,547;191,547;191,548;192,548;193,548;193,549;194,549;195,549;195,550;196,550;197,550;198,550;199,551;200,551;201,551;201,552;202,552;202,553;203,553;204,554;205,555;206,556;206,557;207,557;208,559;209,561;209,562;210,562;210,563;210,564;211,564;211,565;212,565;212,566;213,566;214,566;215,566;216,566;217,566;218,565;218,564;219,564;219,563;220,563;220,562;221,561;221,560;222,560;222,559;223,558;223,557;224,557;224,556;225,555;225,554;226,554;226,553;226,552;227,552;227,551;228,551;228,550;229,550;230,550;231,550;232,550;233,550;234,550;235,550;237,549;238,549;239,549;240,549;241,549;242,549;243,549;244,549;245,549;246,549;246,550;247,550;247,551;247,552;247,553;247,554;247,555;247,556;248,556;249,556;249,557;250,557;251,557;252,557;253,557;254,557;255,557;255,556;256,556;257,556;258,556;259,556;258,556;259,556;260,555;262,554;263,553;264,553;265,552;266,552;267,552;267,551;268,551;269,551;270,551;270,552;270,553;269,554;269,555;268,556;268,557;267,558;267,559;266,560;266,561;265,562;265,563;264,563;264,564;263,564;263,565;263,566;263,567;263,568;263,569;263,570;263,571;263,572;263,573;263,574;263,575;263,576;262,576;262,577;262,578;262,579;262,580;262,581;262,582;262,583;262,584;262,585;263,586;264,588;264,589;265,590;265,591;266,591;266,592;267,592;268,593;269,594;270,594;271,594;271,595;272,595;273,595;274,595;274,596;275,596;276,596;276,597;277,597;278,597;279,598;280,599;281,599;282,599;285,600;286,600;287,599;288,599;290,599;290,598;291,598;292,597;293,596;294,596;294,595;295,595;296,594;297,593;
Stroma, ICG; POLYGON; 255, 255, 255; 337,564;339,563;340,562;341,562;342,561;345,560;346,560;347,560;348,560;349,560;349,559;350,559;351,558;351,557;351,556;352,556;352,555;352,554;352,553;352,552;352,551;352,550;352,549;351,548;351,547;348,546;346,546;345,546;344,546;342,546;341,547;340,547;339,547;339,548;338,548;337,548;336,549;335,549;334,550;333,551;332,551;331,552;330,552;329,553;328,553;327,553;327,554;326,554;325,554;324,554;323,554;322,555;321,555;320,555;319,555;319,556;318,556;317,557;317,558;317,559;317,560;318,561;320,562;321,563;322,564;324,565;326,566;
Stroma, ICG; POLYGON; 255, 255, 255; 372,558;371,560;371,561;371,562;370,563;370,564;370,565;370,566;370,567;370,568;370,569;370,570;370,571;370,572;370,573;370,574;371,575;372,576;373,576;374,577;375,577;376,577;376,578;377,578;378,579;379,579;380,579;381,579;382,579;383,579;384,579;385,579;386,579;387,579;388,579;388,578;389,578;389,577;390,576;390,575;391,574;391,573;392,572;392,571;393,571;393,570;394,569;394,568;395,568;396,565;396,564;397,563;397,562;398,562;398,561;399,561;399,560;400,559;400,558;401,558;401,557;401,556;401,555;401,553;401,552;401,551;401,550;400,549;400,548;400,547;399,546;399,545;398,545;397,544;396,544;392,543;391,543;390,543;389,543;388,543;387,543;386,543;386,544;384,546;383,547;382,548;378,552;377,552;376,553;376,554;375,554;375,555;376,555;378,556;380,556;
Stroma, ICG; POLYGON; 255, 255, 255; 409,508;409,509;409,510;409,515;411,528;411,529;411,530;411,531;411,532;411,533;411,534;412,534;412,535;413,535;413,536;414,536;414,537;415,537;416,537;417,537;419,538;420,539;421,539;422,539;423,539;424,540;425,540;426,540;427,540;428,539;429,539;430,539;430,538;431,538;432,537;434,536;435,535;436,535;437,535;437,534;438,533;438,532;439,532;439,531;439,530;439,529;439,528;440,527;440,526;440,523;440,522;440,521;440,519;440,518;440,517;440,516;439,515;439,514;439,513;439,512;438,511;438,510;438,509;438,508;437,507;437,506;437,505;437,504;436,503;436,502;436,501;435,501;435,499;434,498;434,497;433,496;432,495;430,493;429,493;429,492;428,492;427,492;426,492;425,492;424,492;423,493;422,493;422,494;421,494;420,495;419,496;418,497;417,497;417,498;416,498;415,498;414,499;413,499;413,500;413,501;413,502;413,503;413,504;413,506;414,507;
Stroma, ICG; POLYGON; 255, 255, 255; 450,597;449,597;449,598;448,598;447,598;446,599;445,599;444,599;443,599;442,599;440,598;438,598;438,597;437,597;436,597;436,596;435,596;434,596;434,595;433,595;432,594;431,593;430,593;428,592;427,591;426,591;425,591;424,591;423,591;422,591;421,592;421,593;420,593;420,594;419,596;418,600;418,601;418,604;418,605;418,606;418,607;419,611;419,612;420,613;421,613;421,614;422,614;423,614;423,615;424,615;425,615;426,615;427,615;427,616;428,616;429,616;430,616;431,616;433,616;434,616;435,616;436,616;436,617;437,617;438,617;438,618;439,618;439,619;440,619;441,619;441,620;442,620;442,621;443,621;444,621;444,622;445,622;445,623;447,624;448,624;448,625;449,625;449,626;450,626;451,627;452,627;452,628;453,628;454,628;454,629;455,629;456,629;457,629;457,630;458,630;459,630;460,631;461,631;462,632;464,634;465,634;465,635;466,635;467,635;467,636;468,636;469,636;469,637;470,637;471,637;472,637;473,637;474,637;475,637;476,637;476,636;477,636;478,636;479,635;480,635;481,634;482,634;482,633;483,633;484,632;485,631;485,630;486,630;487,629;487,628;488,627;488,626;488,625;488,624;488,623;488,622;488,621;488,620;488,619;488,618;486,617;486,616;485,616;484,616;483,616;482,616;481,616;481,615;480,615;479,615;478,615;477,615;476,615;475,615;474,615;473,615;472,615;471,615;469,614;468,614;467,614;467,613;466,613;465,612;464,612;464,611;464,610;464,609;464,608;464,607;464,606;465,606;465,605;466,605;466,604;466,603;467,602;467,601;468,599;469,599;469,598;469,597;469,596;469,595;469,594;469,593;469,592;469,591;468,590;468,589;467,588;466,587;466,586;465,586;464,586;464,585;463,585;462,585;461,585;461,584;460,584;459,584;458,584;457,584;456,584;455,584;454,585;452,586;449,592;448,593;448,594;447,595;446,596;446,597;446,598;445,598;445,599;446,599;454,595;
Stroma, ICG; POLYGON; 255, 255, 255; 487,586;486,587;485,588;482,591;481,592;481,593;480,594;480,595;479,596;479,597;479,598;479,599;479,600;478,601;478,602;478,603;478,604;478,605;479,606;479,607;480,608;481,608;482,609;483,609;484,609;485,609;486,609;487,609;488,609;489,609;490,609;491,609;492,608;493,608;494,607;495,607;496,607;496,606;497,606;498,606;498,605;499,604;499,603;500,603;500,601;501,601;501,600;501,599;502,598;502,597;502,596;502,593;501,592;501,591;498,588;492,585;491,585;490,585;487,586;486,587;485,588;484,589;484,590;483,591;483,592;483,593;
Stroma, ICG; POLYGON; 255, 255, 255; 471,533;471,532;470,532;469,531;468,531;467,531;467,532;466,533;466,534;465,535;465,536;465,537;465,538;464,538;464,539;464,540;464,542;464,543;464,544;464,545;465,545;465,546;466,546;466,547;466,548;467,548;467,549;468,549;468,550;469,550;469,551;470,551;471,551;472,551;474,551;475,551;476,551;477,551;478,551;479,551;480,551;481,551;482,551;482,552;483,552;483,553;483,554;483,555;483,557;483,558;483,559;483,560;483,561;483,562;483,563;483,564;482,564;482,565;482,566;482,567;482,568;482,569;482,570;482,571;482,572;483,572;484,572;484,573;485,573;486,573;487,573;488,573;489,573;490,573;491,573;492,573;493,573;495,572;496,572;498,571;499,570;500,570;501,570;502,569;503,569;504,568;505,568;505,567;506,567;506,566;507,566;507,565;508,565;508,564;508,563;509,563;509,562;509,561;510,561;510,559;510,558;510,557;509,556;509,555;508,555;507,554;506,554;506,553;505,553;504,552;503,552;503,551;502,551;501,551;501,550;500,550;500,549;499,549;499,548;498,548;498,547;497,547;497,546;496,546;496,545;493,544;493,543;492,543;492,542;491,542;490,542;490,541;489,541;488,541;487,541;486,541;485,541;484,541;483,540;482,540;481,540;480,540;480,539;479,539;478,537;478,536;477,535;477,534;477,533;
Stroma, ICG; POLYGON; 255, 255, 255; 314,617;314,618;314,619;313,619;313,620;313,621;313,622;313,623;313,624;313,625;314,625;314,626;314,627;315,628;316,628;316,629;317,629;318,629;318,630;319,630;320,630;321,630;321,631;322,631;323,631;324,631;325,631;326,631;327,631;328,631;330,630;331,630;332,630;333,630;333,629;334,629;335,629;336,629;337,629;337,628;338,628;339,628;339,627;340,627;340,626;340,625;340,624;340,623;340,622;340,621;339,620;339,619;339,618;338,618;338,617;337,617;336,616;335,615;335,614;334,613;334,612;333,612;333,611;332,611;332,610;331,610;331,609;330,609;330,608;330,607;331,607;332,607;332,606;333,606;333,605;336,603;337,602;338,602;338,601;339,601;339,600;340,600;340,599;341,599;342,598;343,598;343,597;344,597;344,596;345,596;345,595;346,594;346,593;346,592;346,591;346,590;346,589;346,588;346,587;346,586;346,585;346,584;345,584;345,583;344,583;344,582;343,582;342,582;341,582;340,582;339,582;338,583;338,584;337,585;336,585;336,586;335,587;334,588;333,589;332,590;332,592;331,592;330,594;329,595;329,596;328,596;328,597;328,598;327,598;327,599;326,600;326,601;325,601;325,602;324,602;324,603;323,603;322,604;321,604;320,604;319,605;318,605;317,605;317,606;316,606;315,607;314,608;313,609;312,609;312,610;311,610;310,610;310,611;310,612;310,613;311,613;312,614;313,614;314,614;317,614;
Stroma, ICG; POLYGON; 255, 255, 255; 409,822;408,822;407,822;406,822;404,822;403,822;402,822;401,822;400,822;400,823;398,823;397,823;397,824;396,824;395,825;394,826;393,827;392,828;392,829;391,829;391,830;390,830;389,831;388,831;387,831;385,832;384,832;383,832;382,832;381,832;380,832;379,832;378,832;377,832;376,832;375,832;375,833;374,833;373,833;373,834;372,834;371,834;371,835;370,835;369,836;368,836;367,836;367,837;366,837;364,839;363,839;362,840;362,841;361,841;361,842;358,842;357,843;356,843;355,843;355,844;354,844;354,845;353,845;353,846;353,847;352,847;352,848;351,848;351,849;350,849;350,850;350,851;349,851;349,852;349,853;348,853;348,854;347,854;347,855;346,855;345,855;344,855;343,855;342,855;341,855;340,855;339,855;339,854;338,854;337,853;337,852;336,852;336,851;336,850;335,849;335,848;335,847;334,846;334,845;334,844;333,843;333,842;332,842;332,841;331,841;331,840;330,840;329,840;328,840;328,839;325,839;324,839;323,839;322,839;321,839;320,839;319,839;318,839;317,839;316,839;316,840;315,840;315,841;315,842;314,842;314,843;314,844;314,845;314,846;313,847;313,848;313,851;312,854;311,855;311,856;310,857;310,858;310,859;309,859;309,860;309,861;309,862;308,863;308,864;307,864;307,865;306,865;305,865;304,866;303,866;302,867;300,867;299,867;298,867;297,867;296,867;295,867;294,867;293,867;291,866;290,866;289,866;288,866;288,865;287,865;286,865;285,864;284,864;283,864;283,863;282,863;281,863;281,862;280,862;280,861;279,861;277,859;277,858;277,857;277,856;277,855;278,855;278,854;278,853;279,853;279,852;279,851;280,851;280,850;281,850;281,849;282,847;282,846;283,846;284,845;284,844;285,844;286,844;287,843;288,843;289,843;290,843;291,843;292,843;293,843;294,843;295,843;296,843;297,843;298,843;299,842;300,842;301,842;301,841;302,841;302,838;302,837;302,836;302,835;303,834;303,833;303,832;303,831;303,830;303,829;302,828;302,827;302,826;301,824;301,823;301,822;301,821;301,820;301,819;301,818;302,818;302,817;303,817;304,817;304,816;305,816;305,815;306,815;307,815;308,814;309,814;310,814;311,814;311,813;312,813;313,813;314,813;315,813;316,814;317,815;318,816;318,817;319,817;319,818;320,819;320,820;321,821;321,822;322,822;322,823;323,824;323,825;323,826;324,826;324,827;324,828;325,828;325,829;326,829;326,830;327,830;327,831;328,831;329,831;330,831;331,831;332,831;333,831;334,831;335,831;336,831;337,831;338,831;339,831;340,831;341,831;342,831;343,831;344,831;345,831;346,831;347,831;347,830;348,829;349,829;349,828;350,828;351,827;352,827;352,826;353,826;354,826;354,825;355,825;356,825;357,824;358,824;359,824;360,824;361,824;363,824;364,824;365,824;366,824;367,824;368,824;369,824;369,825;370,825;371,825;372,825;373,825;374,825;375,825;376,825;377,825;378,825;379,825;380,825;381,825;382,824;384,823;385,823;385,822;386,822;386,821;387,821;388,820;389,819;390,818;391,817;392,817;392,816;393,816;394,815;395,815;395,814;396,814;396,813;397,813;397,812;398,812;398,811;399,811;399,810;400,810;401,810;401,809;403,809;404,809;404,808;405,808;406,808;407,808;408,808;409,808;410,808;411,808;412,808;413,808;414,808;415,808;416,807;417,807;418,807;418,806;419,806;420,806;420,805;421,805;422,805;423,805;424,805;425,805;425,806;426,806;427,806;427,807;428,807;428,808;429,808;429,809;430,809;430,810;431,811;431,812;432,812;432,813;432,814;433,815;433,816;433,817;433,818;433,819;433,820;433,821;433,822;431,824;430,824;429,825;428,825;427,825;426,825;425,825;424,825;423,825;422,825;421,825;419,825;418,824;417,824;416,824;415,823;414,823;413,823;413,824;413,826;
Stroma, ICG; POLYGON; 255, 255, 255; 244,855;243,854;242,854;242,853;241,853;240,852;239,852;239,851;238,851;237,850;236,849;235,849;235,848;234,848;233,847;232,847;230,846;229,846;228,846;227,845;226,845;225,845;224,845;223,845;222,845;221,845;220,845;219,844;217,844;216,844;215,844;214,843;213,843;212,843;211,843;210,843;209,843;208,843;207,843;206,843;205,843;204,843;203,843;202,843;201,843;200,843;199,843;199,844;199,845;200,846;200,847;201,847;202,848;203,848;204,849;205,849;206,850;207,850;208,851;209,851;209,852;210,852;211,852;211,853;212,853;213,853;214,853;214,854;218,855;219,855;219,856;221,857;222,858;222,859;223,859;224,860;224,861;225,861;225,862;226,862;226,863;227,863;227,864;228,865;228,866;229,866;229,867;229,868;230,868;230,869;231,870;231,871;232,871;232,872;232,873;234,874;235,874;235,875;236,875;237,875;238,875;239,875;239,874;241,874;241,873;242,873;243,873;243,872;244,872;244,871;245,871;245,870;246,870;247,869;248,869;250,866;251,865;251,864;251,863;251,862;251,861;251,860;251,859;
Stroma, ICG; POLYGON; 255, 255, 255; 221,887;220,887;219,887;218,887;214,887;213,887;212,887;210,885;209,885;208,884;207,883;206,883;206,882;205,882;204,881;203,881;202,881;202,880;201,880;200,880;199,880;199,881;199,882;198,882;198,883;197,884;197,885;197,886;196,886;196,887;195,888;195,889;195,892;195,893;195,894;195,895;196,895;196,896;197,897;197,898;197,899;197,900;197,901;196,901;196,902;195,902;195,903;193,904;192,905;191,906;188,909;187,910;186,911;186,912;185,914;185,915;185,916;186,916;186,917;186,918;187,918;188,919;189,919;189,920;190,920;191,920;192,920;193,920;194,921;195,921;196,921;197,921;198,921;199,921;200,921;201,921;202,921;203,920;204,920;207,917;208,916;208,915;208,914;208,913;208,911;208,910;208,908;208,907;207,907;207,906;207,905;206,905;206,904;206,903;205,903;205,902;206,902;208,900;211,898;212,898;213,898;213,897;214,897;215,897;216,897;217,897;218,896;219,896;220,895;221,894;222,894;223,893;224,893;225,893;226,892;227,892;227,891;228,891;228,890;228,889;228,888;228,887;
Stroma, ICG; POLYGON; 255, 255, 255; 165,917;164,916;164,915;163,914;162,913;162,912;161,912;161,911;160,911;160,910;159,910;158,910;157,910;156,910;155,910;154,910;153,910;153,911;152,911;151,911;150,911;149,911;149,912;148,912;147,912;146,912;146,913;146,914;146,915;145,916;145,917;145,918;145,919;145,920;145,921;145,922;145,923;144,923;144,924;144,925;144,926;143,926;143,927;142,927;142,928;141,928;141,929;140,929;140,930;139,930;138,931;137,931;136,931;135,931;135,932;134,932;133,932;132,933;131,933;131,934;130,934;129,934;128,934;127,934;126,934;125,934;124,934;124,933;123,933;122,933;121,933;120,933;117,932;116,932;115,932;115,931;114,931;113,930;112,930;112,929;111,928;111,927;111,926;111,925;111,924;112,922;112,921;113,920;113,918;114,917;115,916;115,915;116,915;116,914;117,914;117,913;118,913;119,912;120,912;120,911;121,911;121,910;122,910;122,909;123,909;123,908;124,908;124,907;125,907;125,906;128,905;129,904;130,904;131,904;132,904;133,904;134,904;134,903;135,903;135,902;136,902;137,902;138,902;139,902;139,901;140,901;141,901;142,901;143,901;144,901;145,901;146,901;147,901;148,901;150,902;151,902;152,902;152,903;153,903;154,903;154,904;155,904;155,905;156,905;157,906;157,907;158,907;158,908;158,909;
Stroma, ICG; POLYGON; 255, 255, 255; 174,929;173,929;173,928;172,927;171,926;170,925;169,924;168,923;167,923;167,922;166,922;166,921;165,920;164,920;164,919;163,918;162,917;161,916;161,915;160,915;159,914;159,913;158,913;157,913;157,912;156,912;155,912;155,911;154,911;154,910;153,910;152,911;151,911;150,911;149,912;148,912;147,912;147,913;146,913;146,914;146,915;146,916;146,917;146,918;146,919;146,920;146,921;146,922;146,923;146,924;146,925;146,926;147,928;148,930;148,931;149,932;149,933;150,934;150,935;151,936;151,937;152,937;152,938;154,939;158,941;160,942;161,942;162,943;163,943;164,944;165,944;166,944;166,945;167,945;168,945;170,945;171,945;172,946;173,946;174,946;175,946;176,946;177,946;178,946;179,946;180,946;183,946;184,946;185,946;186,946;186,945;187,945;187,944;188,944;188,943;189,942;189,941;189,940;189,938;189,937;189,936;189,935;188,935;188,934;188,933;188,932;
Stroma, ICG; POLYGON; 255, 255, 255; 152,909;152,908;153,907;154,906;155,906;155,905;157,905;157,904;158,904;159,904;160,904;161,904;162,904;162,905;163,905;164,905;165,905;166,905;167,905;168,905;169,905;170,905;171,905;172,905;173,905;173,904;174,904;174,903;174,902;175,901;175,900;175,899;176,899;176,898;176,897;176,895;175,894;174,893;174,892;173,891;172,890;172,889;171,889;171,888;170,887;169,886;169,885;168,885;168,884;167,883;167,882;167,881;167,880;167,879;168,879;169,878;169,877;170,877;170,876;171,876;171,875;172,874;172,873;173,872;173,871;174,871;174,870;175,870;175,869;176,869;177,868;178,867;178,866;179,865;180,864;181,863;182,862;183,862;184,862;185,862;186,862;187,862;189,861;190,860;191,860;192,859;193,858;194,857;195,857;196,856;197,855;197,852;197,851;197,850;197,849;197,848;196,847;195,847;195,846;194,846;193,846;192,845;191,845;190,845;190,844;189,844;188,844;188,843;187,843;186,843;185,843;184,842;183,842;182,842;181,842;179,843;177,845;176,846;175,846;174,846;173,846;172,846;171,847;170,847;169,847;167,847;166,847;164,848;163,848;162,848;160,849;159,850;158,850;157,850;157,851;156,851;155,852;154,853;152,856;151,858;151,859;150,859;150,860;149,861;148,862;147,863;147,864;146,864;146,865;146,866;146,867;146,868;146,869;146,870;146,871;146,872;146,873;146,874;146,875;146,876;146,877;146,878;146,879;147,880;147,881;148,882;148,883;149,884;149,885;151,893;151,894;151,895;151,896;151,897;151,901;151,902;151,903;150,905;150,907;150,908;149,909;149,910;149,911;149,912;150,912;151,912;
Stroma, ICG; POLYGON; 255, 255, 255; 128,914;127,914;126,914;125,914;124,914;124,915;123,915;122,915;121,916;117,917;115,917;115,918;114,918;113,918;112,919;111,919;110,920;109,920;109,921;108,921;107,921;106,922;105,922;104,922;103,923;102,924;100,925;98,927;98,928;97,929;97,930;97,931;97,932;97,933;97,934;98,935;98,936;99,937;99,938;100,939;100,940;101,941;101,942;101,943;102,943;102,944;102,945;103,945;103,946;104,947;105,948;106,948;106,949;107,949;108,949;109,949;109,950;111,950;112,950;112,951;114,951;115,951;116,951;117,951;118,951;119,951;120,951;121,951;122,951;123,951;124,951;124,950;125,950;125,949;125,948;126,947;126,946;127,946;127,945;127,943;128,939;128,937;128,936;128,935;128,934;128,933;128,932;128,931;128,930;128,929;128,928;127,927;126,926;125,926;124,925;
Stroma, ICG; POLYGON; 255, 255, 255; 122,904;121,904;121,903;120,903;119,902;119,901;118,901;118,900;117,899;117,898;116,898;116,897;115,896;115,895;114,894;114,893;113,893;113,892;112,891;111,889;111,888;111,887;111,886;111,885;111,884;111,883;111,882;111,881;111,880;112,879;113,878;114,877;115,876;116,876;116,875;117,875;118,874;118,873;119,873;120,872;121,872;122,872;122,871;125,870;126,870;127,870;128,870;132,869;133,869;134,869;136,868;137,868;138,868;140,868;145,871;146,872;147,872;148,873;149,874;150,874;150,875;151,875;151,876;152,877;153,878;153,879;154,881;155,882;155,883;155,884;155,885;156,885;156,886;156,887;156,888;157,889;157,890;157,891;157,892;158,893;158,894;158,895;158,896;158,897;159,897;159,898;159,899;159,900;159,901;160,901;160,902;160,903;160,905;159,906;158,906;158,907;157,907;157,908;156,908;155,910;154,911;153,911;153,912;152,912;151,913;150,913;150,914;
Stroma, ICG; POLYGON; 255, 255, 255; 127,848;127,847;126,847;126,846;125,846;125,845;124,845;123,844;123,843;122,843;121,843;120,843;120,842;119,842;118,842;117,842;116,842;115,842;114,842;113,843;112,843;111,844;109,845;108,846;107,847;107,848;106,848;106,849;105,849;105,850;104,850;104,851;103,852;102,853;102,854;101,854;101,855;101,856;100,856;100,857;100,858;100,859;99,860;99,861;99,862;99,863;99,865;99,866;99,867;99,870;99,871;99,872;99,873;99,874;100,875;100,876;100,877;100,878;101,879;101,880;102,880;103,881;104,881;106,882;106,883;107,883;108,883;109,884;110,884;111,884;112,885;113,885;114,886;115,886;116,886;117,887;120,887;121,888;122,888;124,889;128,889;
Stroma, ICG; POLYGON; 255, 255, 255; 135,845;134,844;134,843;133,842;133,841;133,840;132,839;132,838;131,837;129,835;129,834;128,834;127,833;126,832;125,832;125,831;124,831;123,832;123,833;122,833;122,834;122,835;121,836;121,837;121,838;121,839;120,840;120,841;120,842;120,843;120,844;120,845;120,847;120,848;120,849;119,850;119,851;119,852;119,853;119,854;119,855;120,857;132,864;
Stroma, ICG; POLYGON; 255, 255, 255; 758,846;757,846;756,846;755,846;754,846;753,846;752,846;751,846;750,846;749,846;748,847;747,847;746,847;746,848;745,848;745,849;744,850;744,851;742,855;742,859;742,860;742,861;742,862;743,863;743,865;743,866;744,867;744,868;744,869;745,870;745,871;746,872;746,873;747,874;748,874;749,875;750,875;750,876;751,877;752,877;752,878;753,878;753,879;754,879;755,880;756,881;759,883;760,883;761,883;762,883;763,883;764,883;764,884;765,884;766,884;767,884;768,884;769,884;770,884;771,884;771,883;772,883;773,883;774,883;774,882;775,882;776,882;777,881;778,881;780,879;781,879;781,878;782,878;782,877;783,877;783,876;784,876;784,875;784,874;784,873;784,872;784,871;784,870;784,869;784,868;784,867;784,866;784,865;784,864;783,864;783,863;783,862;782,861;779,857;778,856;777,855;774,854;772,853;771,853;770,853;770,852;769,852;768,852;767,852;765,851;763,851;762,851;761,850;759,850;758,850;757,849;756,849;755,849;753,849;752,848;753,849;754,850;
Stroma, ICG; POLYGON; 255, 255, 255; 709,849;708,848;707,848;706,847;705,847;704,846;703,846;702,845;701,844;699,842;698,842;696,840;695,839;694,839;694,838;693,837;691,835;690,834;689,833;689,832;688,831;687,830;686,829;685,829;685,828;684,828;684,827;683,827;682,826;681,825;680,825;679,824;678,823;677,823;676,822;675,821;674,821;673,820;672,820;671,820;670,819;669,819;668,819;667,818;666,818;657,813;656,812;655,811;654,810;653,810;652,809;651,808;650,808;649,807;648,807;647,806;646,806;645,805;644,805;644,804;643,804;642,804;642,803;641,803;640,803;639,803;638,802;637,802;637,801;636,800;636,799;635,799;635,798;634,798;633,798;633,797;632,797;631,797;628,796;627,795;626,794;625,794;624,794;623,793;622,793;622,792;621,792;620,792;619,792;618,792;617,792;613,792;612,792;609,792;608,792;607,791;606,791;606,790;605,790;604,790;604,789;603,789;603,788;602,788;602,787;601,787;601,786;600,786;600,785;599,785;597,783;596,783;596,782;595,782;594,781;593,781;593,780;592,780;592,779;591,779;591,778;590,778;589,777;588,776;587,775;586,775;586,774;585,773;585,772;584,772;584,771;583,770;583,769;582,769;582,768;581,768;581,767;580,767;580,766;579,765;578,764;577,763;576,762;575,762;575,761;574,761;573,760;572,759;571,759;566,756;565,755;564,754;563,754;563,753;562,753;561,752;558,751;557,751;557,750;555,750;554,750;553,749;552,749;551,748;550,748;549,748;548,747;547,747;546,747;545,747;544,747;543,747;542,747;542,746;541,746;540,746;539,746;538,746;537,746;536,746;535,746;535,745;534,745;534,744;533,744;532,743;531,743;531,742;530,742;530,741;529,740;528,740;526,738;526,737;525,736;525,735;524,735;524,734;524,733;523,733;523,732;523,731;523,730;522,730;522,729;522,728;522,727;522,726;522,725;522,724;522,723;521,723;521,722;521,721;521,720;520,719;519,716;519,715;518,714;518,713;517,712;517,711;516,710;516,709;515,708;515,707;514,706;513,705;513,704;512,704;512,703;511,703;511,702;510,701;510,700;510,699;510,698;510,697;510,695;511,695;511,694;512,694;512,693;513,693;514,692;515,691;516,691;517,691;518,691;519,691;520,691;521,691;522,691;523,691;525,691;526,691;527,691;528,692;529,692;530,692;531,692;532,692;533,693;534,693;535,693;536,694;537,694;537,695;538,695;539,696;540,696;540,697;541,697;541,698;541,699;542,701;542,702;542,703;542,704;542,705;542,706;542,707;542,708;543,709;543,710;543,711;543,712;543,713;543,714;544,714;544,715;544,716;544,717;544,718;546,721;546,722;547,723;547,724;548,725;548,726;549,726;550,728;551,728;552,729;553,729;554,730;555,730;556,730;556,731;557,731;558,731;559,731;559,732;560,732;561,732;562,732;563,732;564,732;565,732;566,733;567,733;569,733;570,733;570,734;571,734;572,734;573,734;574,734;575,734;575,735;575,736;575,737;576,737;576,738;577,738;577,739;578,739;578,740;579,741;580,742;581,743;581,744;582,744;582,746;583,746;583,747;583,748;584,748;584,749;585,749;586,749;586,750;587,750;588,750;588,751;589,751;590,751;591,751;591,752;592,752;593,752;594,751;595,750;595,749;596,748;596,747;597,746;598,746;599,745;599,744;600,744;601,744;601,743;602,743;603,743;603,742;604,742;605,742;606,742;607,742;608,742;608,743;609,743;609,744;610,744;611,744;612,744;612,745;613,745;614,745;615,745;615,746;616,746;616,747;617,747;617,748;618,748;619,748;619,749;620,749;620,750;621,750;622,750;622,751;623,751;624,753;625,753;626,754;626,755;627,756;627,757;627,758;627,759;627,760;627,761;627,762;627,763;627,764;627,765;626,766;626,767;624,769;624,770;624,771;623,771;623,772;623,773;623,774;623,775;624,775;624,776;625,776;625,777;626,777;627,777;628,778;629,778;631,778;632,778;633,779;634,779;634,780;636,781;639,783;640,783;642,783;643,784;644,784;645,784;646,785;647,785;647,786;648,786;649,786;649,787;650,787;651,787;652,787;653,788;654,788;655,788;655,789;656,789;657,789;657,790;658,790;658,791;659,791;659,792;660,792;661,792;661,793;662,793;663,794;664,794;664,795;664,796;665,796;665,797;666,797;666,798;667,798;667,799;668,799;668,800;669,800;669,801;670,801;670,802;671,802;672,802;672,803;673,803;675,804;676,804;677,805;678,805;679,805;679,806;680,806;681,806;682,806;683,806;684,806;685,806;686,806;687,807;688,807;689,808;690,808;691,808;692,809;693,810;694,810;695,810;696,811;697,811;697,812;698,812;698,813;699,813;699,814;699,815;700,815;700,816;700,817;701,818;701,819;701,820;702,820;702,821;702,822;703,822;703,823;703,824;704,825;704,826;705,827;706,827;706,828;707,828;707,829;708,829;709,830;710,831;711,831;711,832;711,833;711,835;712,836;712,837;712,838;712,839;712,840;712,841;712,842;712,843;712,844;712,845;712,846;712,847;712,848;713,848;
Stroma, ICG; POLYGON; 255, 255, 255; 752,647;751,647;751,648;750,648;749,648;749,649;748,649;747,649;746,650;745,651;744,651;744,652;743,652;743,653;742,654;741,655;740,656;740,657;739,658;738,659;737,660;737,661;736,662;736,664;735,664;735,665;734,666;734,667;733,668;733,669;732,669;732,670;731,671;731,672;730,673;730,674;730,675;730,677;730,678;730,681;730,682;730,686;731,688;732,688;732,689;733,689;734,690;735,690;735,691;736,691;737,692;738,692;739,693;740,693;741,694;742,694;743,695;744,695;745,695;746,695;747,695;749,695;750,695;751,695;752,695;753,695;754,695;755,695;756,694;757,694;758,693;759,693;759,692;760,691;760,690;761,688;761,687;761,686;761,685;761,684;761,683;762,683;762,682;763,679;764,678;765,678;765,677;766,677;766,676;767,676;768,676;769,676;769,675;770,675;771,675;772,675;773,675;774,675;775,675;776,675;777,675;778,675;779,675;780,675;781,675;782,674;783,672;783,671;784,671;784,670;784,669;785,669;785,668;785,667;785,666;785,663;785,662;785,661;785,660;785,659;785,658;785,657;785,656;785,655;784,655;784,654;783,654;783,653;782,652;780,651;779,650;778,649;775,647;773,646;772,645;769,643;768,642;766,641;765,641;763,640;762,640;761,640;760,640;759,641;758,641;757,641;755,642;754,642;753,642;752,642;751,642;751,643;751,644;750,645;749,648;749,650;748,651;748,653;747,655;747,657;
Stroma, ICG; POLYGON; 255, 255, 255; 828,643;827,645;827,646;827,647;826,648;825,649;824,649;820,649;819,649;818,649;817,649;815,649;814,649;813,649;812,649;811,649;810,649;809,649;808,649;807,649;806,649;805,649;804,649;803,649;802,649;802,650;801,650;800,651;799,651;798,651;797,652;796,653;795,653;794,654;793,654;792,655;791,655;790,656;789,656;789,657;788,657;787,657;787,658;786,658;785,658;785,659;785,660;785,661;784,661;784,662;784,663;783,664;783,665;783,666;783,667;783,668;783,669;783,670;784,670;784,671;785,671;786,671;786,672;787,672;788,672;789,672;790,672;791,672;792,672;793,672;794,672;795,672;796,672;797,672;798,672;799,672;800,672;801,672;802,672;803,672;804,671;805,671;810,668;812,668;813,667;815,667;816,667;817,667;818,667;819,667;820,667;821,667;822,667;823,667;824,667;825,668;826,668;827,668;828,669;829,669;830,669;831,669;832,669;833,669;833,668;834,668;835,668;836,667;837,667;838,667;839,667;840,667;841,667;842,667;843,667;847,667;853,669;855,669;856,669;857,669;858,669;859,669;860,669;861,670;862,670;863,670;864,671;865,671;866,671;867,671;868,671;869,671;870,671;872,671;873,671;874,671;875,671;876,670;879,667;881,666;882,665;883,665;884,663;885,662;885,661;886,660;886,658;887,658;887,657;887,656;888,656;888,655;889,654;889,653;889,652;889,651;889,650;889,649;889,648;889,646;889,645;889,644;889,643;889,642;889,641;888,640;888,639;887,637;887,635;887,633;886,629;886,628;886,627;886,626;886,625;885,624;885,623;885,622;884,621;883,621;883,620;882,620;882,619;881,619;880,619;878,619;877,619;876,619;874,618;873,618;872,618;871,618;869,618;867,617;866,617;865,617;864,617;863,617;862,616;861,616;860,616;859,616;856,616;855,616;854,616;839,616;836,618;835,620;833,624;832,626;831,628;830,630;828,636;827,636;827,637;827,638;828,638;829,638;830,638;832,637;833,637;835,637;837,637;839,637;841,637;
Stroma, ICG; POLYGON; 255, 255, 255; 889,611;888,612;887,613;883,616;882,617;879,620;878,621;877,623;876,624;876,625;876,626;875,627;875,629;875,630;875,631;875,632;875,634;877,636;878,638;880,638;882,639;896,639;899,637;900,636;901,635;902,634;903,632;904,628;905,626;906,624;906,622;907,621;907,619;907,618;907,614;905,613;904,613;901,613;900,613;897,614;
Stroma, ICG; POLYGON; 255, 255, 255; 848,628;843,629;842,629;841,629;839,630;837,630;835,631;834,631;833,631;832,631;831,631;830,631;829,631;829,632;829,633;828,633;828,634;828,636;828,637;828,638;828,640;828,641;828,643;828,644;828,645;828,646;828,647;828,648;828,649;831,651;832,651;836,652;844,644;845,642;846,640;847,638;847,636;848,634;849,632;850,628;850,626;850,625;850,624;850,623;849,623;848,623;847,623;846,624;845,625;843,626;
Stroma, ICG; POLYGON; 255, 255, 255; 828,630;827,630;826,630;825,630;824,630;823,631;822,635;821,636;821,637;820,638;820,639;818,642;817,645;817,646;817,647;817,648;817,651;817,652;818,653;818,654;819,654;819,655;820,655;821,655;822,655;823,655;825,655;826,655;827,655;828,655;830,655;831,655;832,655;834,654;835,654;836,653;837,653;838,651;838,650;839,649;839,647;839,645;839,644;839,642;839,640;839,638;839,636;838,634;837,632;836,630;835,629;834,628;833,628;832,627;831,628;831,629;
Stroma, ICG; POLYGON; 255, 255, 255; 801,894;801,895;800,895;800,896;800,897;798,899;798,900;798,901;797,901;797,902;797,903;796,903;796,904;796,905;796,906;796,907;796,908;796,909;796,910;796,911;796,912;797,912;797,913;799,915;800,916;800,917;802,919;803,919;803,920;804,920;804,921;805,921;806,921;807,921;807,922;808,922;809,922;810,923;811,923;812,923;813,923;814,923;815,924;816,924;817,924;818,924;819,924;820,924;821,924;822,924;823,924;823,923;824,923;825,923;825,922;826,922;827,922;827,921;829,920;830,920;831,919;832,919;832,918;833,918;835,917;836,917;837,916;838,915;839,914;840,914;840,913;841,913;841,912;842,912;842,911;843,910;843,909;843,908;843,907;843,906;843,905;843,904;843,903;843,902;842,902;842,901;841,901;841,900;840,899;838,897;838,896;837,896;837,895;836,895;836,894;835,894;834,893;833,893;833,892;832,892;831,891;830,891;830,890;829,890;828,890;828,889;827,889;826,889;826,888;825,888;824,887;823,887;822,887;822,886;821,886;820,886;819,886;818,886;816,886;815,886;814,886;813,886;812,886;812,885;811,885;810,885;809,885;808,885;807,885;806,885;804,886;804,887;803,888;803,889;802,890;802,891;802,892;
Stroma, ICG; POLYGON; 255, 255, 255; 783,868;782,868;782,869;781,870;781,871;781,872;781,873;781,874;781,875;781,876;781,877;781,878;781,879;782,881;783,882;784,882;786,883;787,884;788,884;791,884;792,884;793,884;795,883;796,882;797,881;797,880;799,879;800,877;800,876;800,875;800,874;800,873;800,872;800,871;799,870;798,869;798,868;797,868;797,867;796,866;796,865;795,865;794,864;793,864;792,864;791,864;790,864;789,864;
Stroma, ICG; POLYGON; 255, 255, 255; 785,860;785,859;784,859;784,858;783,858;783,857;782,857;781,857;780,857;780,858;779,858;778,859;778,860;778,861;777,862;777,863;777,864;777,865;777,866;777,867;777,868;777,869;777,870;778,871;781,871;783,871;784,871;785,871;786,871;786,870;786,869;787,869;787,868;787,867;787,866;787,865;787,864;787,863;787,862;787,860;787,859;786,858;785,857;
Stroma, ICG; POLYGON; 255, 255, 255; 775,857;775,856;776,855;776,854;776,853;776,852;776,851;776,850;775,849;775,848;774,847;774,846;774,845;774,844;774,843;774,842;774,841;774,840;773,840;772,839;771,839;770,839;769,839;768,839;767,839;766,839;765,839;764,839;763,839;762,839;761,839;760,839;758,839;757,839;757,840;756,840;755,841;754,842;753,843;752,844;751,845;751,846;750,846;750,847;749,847;749,848;749,849;748,849;748,850;748,851;748,852;749,852;749,853;750,853;750,854;751,854;751,855;754,857;755,857;756,858;758,859;759,859;761,860;
Stroma, ICG; POLYGON; 255, 255, 255; 544,965;543,965;542,966;541,966;540,966;539,966;535,967;534,967;530,971;530,972;530,974;530,975;530,976;530,977;530,978;530,979;530,980;530,981;530,982;531,983;531,984;532,984;532,985;533,985;534,985;535,985;536,985;537,985;538,985;538,986;539,986;542,986;543,986;544,986;545,986;546,986;547,986;548,986;549,986;550,986;550,985;551,985;552,984;553,983;554,983;554,982;555,981;556,980;556,979;557,979;557,978;558,978;558,977;559,977;560,976;561,975;561,974;562,974;563,974;564,974;564,973;565,973;565,972;566,972;567,972;567,971;568,971;569,970;570,970;571,970;572,970;573,970;574,970;576,970;577,970;581,970;582,970;583,969;584,969;585,969;586,969;587,969;588,969;589,969;589,970;590,970;591,970;592,970;592,971;593,971;594,971;594,972;595,972;595,973;596,973;596,974;597,974;597,975;597,976;598,976;598,978;599,978;599,979;600,979;601,979;602,980;603,980;604,980;605,980;606,980;610,979;611,978;612,977;613,977;614,977;614,976;615,976;616,976;617,976;618,976;618,975;619,975;620,975;620,974;621,974;622,974;623,974;623,973;624,973;625,972;627,970;627,969;627,968;627,967;627,966;627,965;626,965;626,964;626,963;625,963;625,962;624,962;624,961;623,961;623,960;622,960;622,959;621,958;620,958;619,958;619,957;618,957;617,957;616,957;615,957;614,957;613,957;612,957;611,957;610,957;609,957;606,957;605,957;604,957;603,957;602,957;602,956;601,956;600,956;599,956;599,955;598,955;598,954;597,954;596,954;595,954;594,954;593,953;592,953;591,953;590,953;589,953;588,953;587,953;586,953;585,953;584,953;583,953;582,953;581,954;578,955;576,957;575,957;574,957;574,958;573,958;572,958;572,959;571,959;558,962;557,962;556,963;555,963;554,963;553,963;551,964;549,964;549,965;550,965;551,965;
Stroma, ICG; POLYGON; 255, 255, 255; 634,966;635,966;636,966;637,966;640,965;643,964;644,964;645,964;646,964;647,963;648,963;649,963;651,963;652,963;653,963;654,963;655,963;656,963;657,963;657,964;658,964;659,964;660,964;662,964;663,964;664,964;665,964;666,964;667,964;668,964;669,964;670,964;671,963;672,962;673,962;675,961;676,961;677,961;678,960;679,959;680,959;680,958;681,958;682,958;682,957;683,957;684,957;684,956;685,956;686,954;687,954;689,953;690,953;691,952;692,952;693,952;693,951;694,951;695,951;695,950;696,950;697,950;698,950;699,949;700,949;703,948;704,947;704,946;705,945;706,944;706,943;706,942;706,941;707,941;707,940;707,939;706,939;705,937;701,932;700,931;699,931;698,930;696,930;695,930;694,930;694,929;692,929;690,928;689,928;688,928;688,927;687,927;685,927;684,926;683,926;680,928;679,928;678,929;677,929;676,929;675,929;674,929;673,930;672,931;671,932;670,933;669,934;668,935;668,936;667,936;666,937;665,937;665,938;664,938;663,938;662,939;661,939;661,940;660,940;659,940;658,942;657,942;656,943;656,944;655,944;654,944;654,945;652,945;651,946;650,946;649,946;646,947;643,948;642,949;640,949;639,949;638,949;637,949;636,949;635,950;634,950;631,950;630,950;629,950;628,950;627,950;626,950;625,950;624,950;623,950;623,951;622,951;622,952;621,952;621,953;620,953;620,954;620,955;619,955;619,956;619,957;618,960;618,961;618,962;618,963;619,963;620,963;621,963;621,964;622,964;623,964;624,964;625,964;625,965;626,965;627,965;628,965;630,965;632,965;633,964;634,964;635,964;
Stroma, ICG; POLYGON; 255, 255, 255; 526,997;525,997;521,998;520,998;519,998;518,999;516,999;515,999;514,1000;508,1001;506,1002;505,1002;503,1003;502,1003;502,1004;501,1004;501,1005;500,1005;499,1005;499,1006;498,1006;498,1007;497,1007;497,1008;496,1009;495,1010;495,1011;494,1011;494,1012;494,1013;494,1014;495,1014;496,1015;497,1015;498,1015;499,1015;500,1016;501,1016;502,1016;502,1017;503,1017;504,1017;505,1017;505,1018;506,1018;507,1018;508,1018;509,1019;510,1019;512,1019;513,1020;514,1020;515,1020;516,1020;517,1020;518,1020;519,1020;520,1020;521,1020;522,1020;523,1020;524,1020;527,1020;528,1021;529,1021;530,1021;531,1022;532,1022;533,1022;534,1022;536,1023;537,1023;538,1023;539,1023;540,1023;540,1024;541,1024;542,1024;544,1024;545,1024;546,1024;547,1024;548,1024;549,1024;550,1024;551,1024;552,1024;553,1024;554,1024;554,1023;555,1023;556,1023;557,1023;558,1023;559,1023;560,1023;561,1023;562,1023;563,1022;564,1022;566,1020;566,1019;567,1019;567,1017;567,1016;567,1015;567,1014;566,1013;566,1012;564,1010;563,1010;562,1010;561,1009;560,1009;559,1009;558,1008;557,1008;556,1008;555,1008;554,1008;553,1007;552,1007;548,1005;543,1002;543,1001;542,1001;541,1000;540,1000;539,999;538,999;537,999;536,998;535,998;534,998;533,997;532,997;530,996;529,995;527,995;527,994;527,995;527,997;
Stroma, ICG; POLYGON; 255, 255, 255; 489,1002;488,1002;487,1002;486,1002;485,1002;483,1001;482,1001;481,1001;480,1001;478,1000;477,1000;476,1000;475,1000;474,1000;473,1000;472,1000;470,1000;469,1000;468,999;466,999;465,999;464,999;463,999;460,1001;458,1002;457,1002;456,1002;455,1002;454,1002;453,1002;452,1002;451,1002;450,1002;449,1003;448,1003;447,1003;445,1003;444,1002;443,1002;442,1002;441,1002;440,1002;439,1002;438,1002;437,1002;436,1002;435,1002;434,1002;433,1002;432,1002;429,1003;428,1003;427,1003;426,1004;425,1004;424,1004;424,1005;423,1005;422,1005;421,1005;420,1005;419,1004;418,1004;417,1004;417,1003;416,1003;415,1003;414,1003;414,1002;413,1002;412,1002;411,1002;410,1001;409,1001;408,1001;407,1001;404,1000;403,1000;402,1000;401,1000;400,999;398,999;397,999;396,999;395,999;394,999;392,998;391,998;390,997;389,997;389,996;388,996;388,995;387,995;387,994;387,993;386,993;386,992;386,991;386,990;387,989;389,987;390,987;390,986;391,986;392,985;393,985;394,985;395,984;397,983;397,982;398,982;400,980;401,979;402,978;402,977;403,976;404,976;404,975;406,974;407,973;408,972;409,971;410,971;411,970;412,970;413,970;414,970;415,970;416,970;417,970;418,970;419,970;420,970;421,970;422,970;425,970;428,970;429,970;432,971;433,972;434,972;434,973;435,973;436,973;437,973;438,973;439,973;440,974;441,974;442,974;443,974;444,974;445,974;446,974;447,974;448,975;449,975;450,975;451,975;452,975;453,975;454,976;455,976;456,976;457,976;464,977;465,977;466,977;467,977;468,977;469,977;470,977;471,977;472,977;473,977;473,978;474,978;475,979;476,980;477,980;478,980;478,981;479,981;480,981;480,982;481,982;481,983;482,983;483,983;485,984;486,985;487,985;487,986;488,986;489,987;490,988;491,989;491,990;492,990;492,991;493,991;493,992;494,992;495,994;496,995;497,996;498,997;499,998;500,998;500,999;501,999;502,999;502,1000;505,1002;506,1002;506,1003;507,1003;507,1004;507,1005;507,1006;508,1007;
Stroma, ICG; POLYGON; 255, 255, 255; 370,991;369,992;365,993;363,994;361,994;360,995;359,995;357,996;356,996;355,997;354,997;353,998;352,998;351,999;349,1000;346,1002;346,1003;345,1003;345,1004;344,1005;344,1006;343,1006;343,1007;342,1007;342,1008;341,1008;341,1009;340,1009;340,1010;340,1011;339,1011;339,1012;339,1013;339,1014;339,1015;340,1016;341,1016;342,1017;343,1017;347,1018;350,1019;351,1019;352,1019;353,1019;354,1019;355,1019;356,1018;360,1015;361,1015;362,1013;364,1012;365,1011;366,1011;367,1011;368,1010;369,1010;370,1010;371,1009;372,1008;373,1007;374,1007;375,1006;376,1005;377,1004;379,1003;380,1002;381,1002;382,1001;383,1001;384,1001;385,1001;391,1001;392,1001;393,1001;393,1000;394,1000;395,999;396,999;397,998;397,997;398,996;398,995;399,993;399,992;400,991;400,990;400,989;400,988;400,987;400,986;399,986;398,986;398,985;397,985;395,985;393,985;392,986;387,988;372,993;370,994;368,994;367,994;368,995;369,996;371,996;
Stroma, ICG; POLYGON; 255, 255, 255; 345,898;344,898;344,899;343,900;343,901;342,902;342,903;342,904;342,905;341,906;341,907;341,908;341,909;341,910;341,911;342,912;342,913;343,913;343,914;344,914;345,914;346,914;347,914;348,914;349,914;350,914;351,914;352,913;353,913;354,912;355,912;355,911;356,910;357,909;358,909;358,908;359,907;361,906;361,905;366,902;367,902;368,901;369,900;369,899;370,899;371,898;371,897;371,896;372,895;372,894;372,893;372,892;372,891;371,891;371,890;371,889;370,889;369,888;369,887;368,887;367,887;367,886;366,886;365,886;364,886;363,886;362,886;361,886;360,886;359,887;359,888;359,889;359,890;
Stroma, ICG; POLYGON; 255, 255, 255; 300,862;299,863;298,864;298,865;298,866;297,866;297,867;297,869;297,870;296,870;296,871;296,872;296,873;296,874;296,875;296,876;296,877;296,881;296,882;296,886;296,887;296,888;296,889;297,889;297,890;297,891;298,891;299,893;300,895;301,895;301,896;302,896;303,896;304,896;305,897;307,897;308,897;309,897;310,897;311,897;312,897;313,897;313,896;314,896;315,896;315,895;316,895;317,894;318,893;319,893;319,892;320,891;321,891;322,890;323,889;324,889;324,888;325,888;326,887;327,886;327,885;328,885;328,884;329,884;329,883;330,880;331,878;332,878;332,877;332,876;332,875;332,874;332,873;332,872;332,871;332,870;331,869;330,868;329,867;325,863;324,862;323,862;321,862;320,861;319,861;317,861;316,860;315,860;314,860;312,860;311,860;310,860;309,861;308,863;308,864;308,866;308,868;308,871;
Stroma, ICG; POLYGON; 255, 255, 255; 463,841;462,841;461,841;460,841;459,841;456,840;455,840;454,839;453,839;452,839;451,839;450,839;449,840;449,841;448,842;448,843;448,844;448,845;447,846;447,847;447,849;448,858;448,859;448,860;449,861;449,862;449,863;450,863;451,864;452,865;453,866;454,866;455,866;456,866;457,866;458,866;459,866;461,866;462,865;463,865;464,865;465,864;466,864;467,864;467,863;468,862;469,862;469,861;470,860;470,859;471,858;471,857;472,856;472,855;472,854;473,853;473,852;473,851;474,846;474,844;474,843;473,843;472,843;
Stroma, ICG; POLYGON; 255, 255, 255; 469,839;470,839;478,831;479,831;480,831;481,832;481,836;481,838;481,841;481,843;481,844;481,845;481,847;481,848;480,850;480,851;480,852;480,853;480,854;479,855;479,856;478,857;477,857;
Stroma, ICG; POLYGON; 255, 255, 255; 692,1001;692,1002;692,1003;691,1003;691,1004;691,1005;691,1006;691,1007;691,1008;691,1009;691,1010;691,1011;691,1012;691,1013;691,1014;691,1015;692,1015;692,1016;692,1017;693,1017;694,1017;695,1017;696,1018;697,1018;698,1018;699,1017;700,1017;701,1015;702,1015;702,1014;703,1014;703,1013;704,1013;704,1012;705,1012;705,1011;706,1011;706,1010;706,1009;707,1009;707,1008;707,1007;707,1006;707,1005;707,1002;706,1001;705,1000;705,999;704,999;704,997;703,997;703,996;703,995;702,995;701,995;701,994;700,994;699,994;698,994;698,995;698,996;698,997;698,998;698,999;
Stroma, ICG; POLYGON; 255, 255, 255; 700,990;699,990;698,990;697,990;696,990;695,990;693,993;693,994;693,995;693,996;692,997;692,998;692,999;692,1000;692,1001;692,1002;692,1003;692,1004;692,1005;692,1006;692,1007;693,1007;694,1008;695,1008;696,1008;697,1008;698,1008;699,1008;700,1008;701,1008;702,1007;703,1006;703,1005;705,1004;705,1003;706,1002;706,1001;707,1001;707,1000;708,999;709,998;709,996;709,995;709,994;708,993;707,993;
Stroma, ICG; POLYGON; 255, 255, 255; 954,860;953,860;949,859;947,858;945,857;944,857;943,857;943,856;942,856;941,856;940,856;939,856;937,856;936,856;935,855;934,855;933,855;932,855;931,855;930,855;929,855;928,855;927,855;926,855;925,855;925,856;924,856;923,856;922,856;921,857;917,857;915,857;914,857;913,857;912,857;911,857;911,858;910,858;909,858;908,858;907,858;906,858;905,858;904,858;903,859;902,859;901,859;900,859;899,859;898,859;897,859;896,859;895,859;894,858;893,858;892,857;892,856;891,856;891,855;891,854;891,853;892,853;893,852;893,851;894,851;895,850;896,850;897,850;898,849;899,849;901,848;902,848;903,848;904,847;906,847;907,847;909,847;911,846;912,846;913,846;914,845;915,845;916,845;917,844;918,844;920,843;921,843;922,843;923,843;924,843;925,842;926,842;927,842;928,841;929,840;930,840;932,839;933,839;934,839;935,839;936,838;937,838;938,838;939,838;939,837;940,837;941,837;942,837;943,837;946,836;947,836;948,836;949,836;950,836;951,836;952,836;953,836;954,836;955,836;955,837;956,837;956,838;957,838;957,839;958,840;958,841;959,842;959,843;960,844;960,845;960,846;961,846;962,846;962,847;963,847;964,847;965,848;966,848;967,849;968,849;968,850;969,850;969,851;970,851;970,852;972,853;973,853;973,854;974,855;974,856;974,857;974,858;974,859;974,860;974,861;974,862;974,863;973,863;973,864;972,864;972,865;972,866;971,868;970,868;970,869;969,869;969,870;968,870;967,871;966,871;965,872;964,872;963,872;962,872;961,872;960,872;960,871;959,871;956,869;956,868;955,868;955,866;954,865;954,863;954,862;954,860;957,858;
Stroma, ICG; POLYGON; 255, 255, 255; 927,742;927,743;928,743;928,744;929,744;929,745;930,746;930,747;931,747;931,748;931,749;932,749;932,750;932,751;933,751;933,752;934,752;934,753;935,753;935,754;936,754;936,755;936,756;937,757;937,758;937,759;938,760;938,761;939,761;939,762;939,763;939,764;939,765;938,765;937,765;936,766;935,766;934,766;933,766;932,766;931,766;930,766;929,766;928,766;927,766;926,765;925,765;924,764;923,764;920,761;919,760;919,759;918,759;918,758;917,758;917,757;917,756;916,756;916,755;916,754;915,754;915,753;915,752;914,752;914,751;914,750;914,749;913,749;913,748;913,747;913,746;913,745;913,744;912,744;912,743;912,742;912,741;912,740;912,739;912,738;912,733;913,732;913,731;914,730;914,729;915,729;915,728;916,728;917,727;918,727;918,726;919,726;920,725;921,725;922,725;923,725;924,725;925,725;926,725;927,726;928,727;928,728;929,729;929,730;931,732;932,733;932,734;933,734;933,735;933,736;932,737;929,737;928,738;928,740;928,741;928,742;
Stroma, ICG; POLYGON; 255, 255, 255; 977,742;977,743;977,744;977,745;977,746;977,747;977,748;977,749;977,750;976,750;976,751;975,752;975,753;974,753;973,753;972,753;971,753;970,753;969,753;969,754;968,754;967,754;966,754;965,754;964,754;964,753;963,753;962,753;959,750;959,749;959,748;959,747;959,746;959,745;959,744;959,743;959,742;960,741;960,740;960,739;961,739;961,738;961,737;961,736;960,736;959,736;958,736;957,736;956,736;955,736;953,736;952,736;951,736;950,736;949,736;949,737;948,737;947,737;946,738;945,738;944,738;944,739;943,739;942,739;941,739;940,739;940,740;939,740;938,740;937,740;937,741;936,741;935,741;934,742;933,742;932,742;931,742;930,742;929,742;928,742;927,741;924,739;924,738;924,737;924,735;924,734;925,734;926,731;927,731;927,730;933,725;939,722;940,721;942,721;944,720;945,719;947,718;950,716;951,716;952,715;953,715;954,714;955,714;956,714;957,714;958,714;959,713;960,713;961,713;962,713;963,713;964,713;965,713;966,714;967,715;968,716;969,717;969,718;972,721;973,722;974,722;974,723;975,723;975,724;978,727;978,730;978,731;978,734;978,735;977,737;976,738;976,740;975,741;975,742;975,743;975,744;
Stroma, ICG; POLYGON; 255, 255, 255; 531,589;530,590;529,590;529,591;528,591;528,592;527,592;526,593;525,593;524,594;523,594;522,594;522,595;521,595;521,596;520,596;519,596;518,596;517,596;516,596;515,596;514,596;511,597;510,597;509,598;508,598;508,599;507,599;506,600;506,601;505,603;505,604;505,605;505,606;504,606;504,607;504,608;504,609;504,610;504,611;504,612;505,612;505,613;506,613;507,614;510,615;510,616;511,616;512,616;513,616;514,616;515,616;516,616;517,616;518,617;519,617;520,617;521,617;522,617;523,617;523,616;524,616;525,616;526,615;527,615;528,615;529,614;530,614;531,614;532,613;533,613;534,613;535,613;536,613;537,612;538,612;539,612;541,611;544,610;545,609;546,609;547,609;548,608;549,607;550,607;550,606;551,606;551,605;552,605;553,605;553,604;554,604;555,604;556,603;557,603;557,602;558,602;559,602;559,601;561,601;562,600;563,599;564,599;564,598;565,598;566,597;566,596;567,595;567,594;568,593;568,592;568,591;569,591;569,590;569,589;569,588;569,587;569,586;568,586;568,585;567,584;566,583;566,582;565,582;564,582;563,581;561,579;560,579;560,578;559,578;558,578;558,577;557,577;557,576;556,575;556,574;556,573;555,572;555,571;554,570;554,569;554,568;552,567;552,566;551,565;551,564;550,564;550,563;549,563;548,562;547,561;546,560;545,560;544,559;543,559;542,559;541,559;540,559;539,559;538,559;538,560;537,560;536,561;535,562;535,563;534,563;533,565;532,566;532,567;532,568;532,569;532,570;532,571;532,572;532,573;532,574;532,575;532,576;532,577;532,578;532,579;532,580;532,581;532,582;532,583;532,584;532,585;532,586;531,586;531,587;532,587;
Vein; POLYGON; 63, 72, 204; 208,739;207,739;207,738;206,737;206,736;206,735;205,735;206,735;207,735;208,735;209,735;210,735;211,735;212,735;213,735;214,735;215,735;216,735;217,735;218,735;219,734;221,734;222,734;225,733;226,733;231,733;232,733;234,733;236,733;237,733;238,733;239,733;240,733;244,731;245,731;246,731;247,731;248,731;249,731;250,730;251,730;252,730;253,730;254,729;255,729;256,729;257,729;258,729;259,730;260,730;261,730;262,730;263,730;264,730;264,731;265,731;266,731;267,731;268,731;268,732;269,732;270,732;271,732;272,732;273,732;274,732;275,732;276,732;277,732;281,731;283,731;285,731;286,731;287,732;288,732;289,732;289,733;290,733;291,733;291,734;292,734;292,735;293,736;294,737;295,738;295,739;295,740;295,741;295,742;294,743;293,744;292,745;291,746;290,746;290,747;289,747;289,748;288,748;287,749;286,750;285,750;284,750;283,750;282,751;281,751;280,751;279,751;276,752;275,752;274,752;272,753;270,753;269,753;267,754;266,754;265,754;263,755;262,755;261,755;256,757;256,758;255,758;255,759;255,760;255,761;
Vein; POLYGON; 63, 72, 204; 321,761;320,761;320,760;319,760;318,759;317,759;317,758;316,758;316,757;315,757;315,756;314,756;314,755;313,755;312,755;311,754;310,754;309,754;308,754;307,754;306,754;303,753;302,753;301,753;300,753;299,753;298,753;297,753;296,753;295,753;294,752;293,752;292,752;291,752;290,752;289,752;288,752;287,752;286,752;285,752;285,751;285,750;284,749;284,748;285,748;285,747;285,746;286,746;286,745;287,745;288,744;289,744;289,743;290,743;291,743;292,743;293,743;295,743;297,743;300,743;301,743;303,744;304,744;306,745;307,745;309,745;311,745;313,745;314,745;315,745;316,745;317,745;318,745;319,746;321,746;322,746;323,746;324,746;325,746;326,746;327,746;328,746;329,746;330,746;331,746;332,746;333,746;334,746;335,746;336,746;337,746;338,746;339,746;341,746;342,746;343,746;344,746;346,746;348,746;349,746;350,746;351,746;352,746;353,746;354,746;356,746;357,746;358,746;359,747;361,748;362,748;363,748;364,749;365,749;366,749;367,750;367,751;368,751;368,752;368,753;368,754;368,756;368,757;368,758;368,759;367,759;367,760;367,761;366,762;365,763;364,764;364,765;363,765;362,765;362,766;361,766;360,766;358,766;357,766;356,766;355,766;354,766;353,766;352,766;350,766;348,766;347,765;346,765;345,765;344,765;342,765;340,765;339,765;338,765;337,765;329,763;328,763;327,763;326,763;326,762;325,762;324,762;323,762;323,761;322,761;321,761;320,761;320,760;319,760;318,760;317,759;317,758;317,757;318,757;318,758;319,759;
Vein; POLYGON; 63, 72, 204; 402,765;402,766;402,767;402,768;402,769;402,770;402,771;401,772;400,773;400,774;399,775;398,776;397,778;396,779;396,780;395,781;394,783;394,784;393,784;392,784;392,785;391,785;391,786;390,786;388,786;387,786;386,786;385,786;384,786;383,786;383,785;382,785;380,783;377,779;376,778;376,777;376,776;375,776;375,775;375,774;375,773;375,772;378,767;378,766;379,765;380,764;381,763;385,761;386,761;386,760;387,760;388,760;389,760;394,758;395,757;396,757;398,757;400,757;401,757;402,758;403,759;403,760;403,761;
Vein; POLYGON; 63, 72, 204; 634,849;634,850;634,851;634,852;634,853;635,853;635,854;636,854;636,855;637,855;637,856;638,856;639,857;640,857;640,858;641,858;641,859;642,859;643,859;643,860;644,860;644,861;645,861;646,861;646,862;647,862;647,863;648,863;651,865;652,865;653,865;653,866;654,866;655,866;655,867;656,867;657,867;657,868;658,868;659,869;660,869;660,870;661,870;662,870;662,871;663,871;664,871;665,870;665,869;666,869;666,868;667,868;667,867;667,866;668,866;668,865;668,864;668,863;669,863;669,862;669,861;670,861;670,860;670,859;671,859;671,858;671,857;671,856;671,855;671,854;671,853;670,853;670,852;669,851;668,850;667,850;667,849;666,848;665,848;662,845;661,845;660,845;660,844;659,844;659,843;658,843;657,843;657,842;656,842;655,842;655,841;654,841;653,841;653,842;652,842;651,842;650,842;649,842;648,842;648,843;647,843;646,843;645,843;645,844;644,844;643,844;641,845;640,845;640,846;639,846;638,847;638,848;637,848;637,849;637,850;638,850;
Specular reflection; POLYGON; 191, 91, 22; 695,641;694,641;693,641;692,641;691,641;690,641;689,642;688,643;687,644;685,645;684,646;683,648;682,649;680,651;679,653;678,654;677,657;676,659;675,661;674,663;674,665;674,667;674,669;675,670;676,671;677,672;678,672;680,673;681,673;683,673;685,673;687,672;688,672;690,671;691,671;693,670;694,669;695,668;696,667;697,665;698,664;699,662;700,661;701,659;702,657;703,656;703,654;704,653;704,651;704,649;703,648;702,648;701,648;700,648;699,648;697,648;696,648;695,649;693,650;692,650;691,650;690,651;
Specular reflection; POLYGON; 191, 91, 22; 691,650;691,649;690,649;690,648;689,648;689,647;689,646;689,645;689,644;689,642;689,641;689,640;689,639;690,637;690,636;691,635;691,634;691,633;691,632;692,632;692,631;692,630;693,629;693,628;693,627;693,626;694,625;694,624;694,623;694,622;694,621;694,620;694,619;694,617;694,616;693,615;693,614;693,613;693,612;693,611;693,610;692,609;692,608;692,607;691,606;691,605;691,604;690,603;690,602;689,601;689,600;688,600;688,599;688,598;687,598;687,597;687,596;686,595;686,594;686,593;685,593;685,592;684,592;684,591;683,590;683,589;682,589;682,588;681,588;681,587;680,586;679,585;679,584;678,584;677,584;676,584;675,584;675,585;674,585;674,586;673,586;672,587;672,588;671,588;671,589;670,589;670,590;669,590;669,591;668,592;668,593;668,594;668,595;668,596;668,597;668,598;669,599;669,600;669,601;669,602;669,603;669,604;669,605;669,606;669,607;668,607;668,608;667,608;667,609;666,610;666,611;665,611;665,612;665,613;664,613;664,614;664,615;663,615;663,616;663,617;662,617;662,618;661,618;661,619;660,619;660,620;659,620;658,620;657,620;656,620;655,620;654,620;653,620;652,619;651,619;651,618;650,618;649,618;648,617;647,617;646,616;645,616;644,615;643,615;642,614;641,613;640,612;639,611;638,611;638,610;637,610;637,609;636,609;636,608;635,608;635,607;635,606;634,606;634,605;634,604;634,603;633,602;633,601;633,600;632,600;632,599;632,598;632,597;631,597;631,596;631,595;630,595;630,594;630,593;629,593;629,592;628,592;628,591;627,590;626,590;626,589;625,589;624,589;623,588;622,588;621,588;620,588;620,587;619,587;618,587;617,586;616,586;615,586;614,586;613,586;612,586;612,585;611,585;610,585;609,586;608,586;608,587;607,588;606,589;606,590;605,590;605,591;604,591;604,592;603,593;603,594;602,594;602,595;602,596;602,597;601,597;601,598;601,599;601,600;601,601;601,602;602,602;602,603;603,603;604,603;605,604;606,604;607,604;608,604;609,605;610,605;611,605;612,605;612,606;613,606;614,607;614,608;615,608;615,609;615,610;615,611;615,612;615,613;614,614;614,615;614,616;613,616;613,617;613,618;613,619;613,620;613,621;613,622;612,622;612,623;612,624;612,625;612,626;612,627;612,628;612,629;612,630;612,631;612,632;612,633;612,634;612,635;612,636;612,637;612,638;612,639;612,640;612,641;612,642;612,643;611,643;611,644;610,644;610,645;609,645;608,645;607,645;606,645;605,645;604,644;603,644;602,643;600,643;598,642;598,641;597,641;596,640;595,640;593,639;591,638;590,638;589,637;588,637;587,637;586,637;586,636;585,636;584,636;583,636;582,636;581,636;581,637;580,637;580,638;579,638;579,639;578,639;577,641;575,642;574,643;573,644;573,645;571,646;570,647;569,647;569,648;568,649;567,650;567,651;567,652;568,653;568,654;569,655;569,656;570,656;570,657;571,658;571,659;572,660;572,661;573,662;573,663;573,664;574,665;574,666;574,667;575,667;575,668;575,669;576,669;576,670;577,671;577,672;578,673;579,673;579,674;580,674;580,675;581,675;582,675;582,676;583,676;584,676;584,677;585,677;586,677;586,678;587,678;588,678;589,678;590,678;591,678;592,678;593,678;594,679;595,679;596,679;597,679;598,679;599,679;600,679;601,679;602,679;603,679;604,679;605,679;606,679;607,679;608,679;609,679;610,679;611,679;612,678;613,678;613,677;614,677;615,676;616,675;616,674;617,674;617,673;618,673;618,672;619,672;619,671;620,671;620,670;621,670;621,669;622,668;622,667;622,666;623,666;623,665;624,665;625,665;625,664;626,664;627,664;628,664;629,664;629,663;630,663;631,663;632,662;633,662;634,661;635,661;636,660;638,660;639,660;639,659;640,659;641,659;642,659;643,659;644,659;645,659;646,659;647,659;648,659;649,659;649,660;650,660;650,661;650,662;650,663;650,664;650,665;650,666;650,667;650,669;650,670;650,671;650,673;650,674;651,674;652,675;653,675;654,675;656,675;657,675;658,675;660,675;661,674;663,674;664,673;665,673;667,672;669,671;670,671;672,670;674,669;675,669;676,668;678,667;678,666;679,666;680,666;680,665;681,665;682,665;682,664;683,664;684,663;685,663;686,662;687,662;689,661;690,661;691,660;692,660;692,659;693,659;694,659;694,658;695,658;696,658;
Specular reflection; POLYGON; 191, 91, 22; 973,251;972,251;971,252;970,252;970,253;969,253;968,254;967,255;966,256;965,257;964,259;963,261;962,263;961,265;960,267;959,269;958,271;957,274;957,276;957,277;957,279;958,280;959,281;960,282;961,282;963,282;965,282;968,281;970,280;973,279;975,278;977,277;980,275;982,274;984,272;986,271;988,270;990,269;992,267;993,266;994,265;995,265;996,264;997,264;996,264;995,264;994,264;994,263;995,263;996,263;
Specular reflection; POLYGON; 191, 91, 22; 1004,254;1004,255;1004,256;1004,258;1003,260;1003,262;1003,264;1003,266;1003,268;1003,270;1003,272;1003,274;1003,275;1004,276;1004,277;1005,278;1006,279;1007,279;1008,279;1009,279;1010,279;1011,279;1013,279;1014,279;1015,278;1016,277;1017,277;1019,276;1020,275;1021,274;1022,273;1024,272;1024,271;1026,270;1026,269;1027,268;1027,267;1028,266;1028,265;1028,264;1028,262;1028,261;1027,260;1026,259;1025,258;1024,257;1023,256;1022,255;1020,254;1019,254;1018,253;1016,252;1015,251;1014,250;1013,249;1012,248;1012,249;1012,250;1012,251;
Specular reflection; POLYGON; 191, 91, 22; 997,348;998,347;999,346;999,345;1000,344;1001,342;1001,341;1002,340;1003,338;1003,337;1004,335;1004,334;1005,333;1005,332;1006,331;1006,329;1006,328;1006,327;1007,326;1007,325;1007,323;1007,322;1007,321;1007,319;1008,318;1008,316;1008,315;1008,314;1008,312;1008,311;1008,310;1007,309;1007,308;1007,307;1006,307;1006,306;1005,305;1005,304;1004,303;1004,302;1003,301;1003,300;1002,299;1002,298;1001,297;1001,296;1000,295;1000,294;999,293;998,292;998,291;997,290;996,289;995,288;994,287;993,287;993,286;992,286;991,285;990,285;989,284;988,284;987,284;986,284;985,284;984,284;983,284;983,285;982,285;981,286;979,287;978,288;977,289;976,290;975,291;974,292;973,294;972,295;971,296;970,297;969,299;968,300;967,301;966,303;966,304;965,306;965,308;964,310;964,311;964,313;964,316;964,318;965,323;966,325;967,328;968,330;969,332;971,334;972,337;974,338;975,340;977,341;980,344;982,345;984,346;986,346;987,347;989,348;990,349;992,351;992,352;993,352;994,353;995,354;995,355;996,355;997,355;997,354;998,354;998,353;1000,352;
Specular reflection; POLYGON; 191, 91, 22; 1008,409;1008,411;1008,412;1008,413;1008,414;1008,416;1008,417;1008,418;1008,419;1008,421;1008,423;1008,424;1008,426;1008,427;1008,428;1008,429;1008,430;1009,431;1009,432;1009,433;1010,434;1010,435;1011,436;1012,437;1013,437;1014,438;1015,438;1016,438;1017,438;1018,439;1019,439;1020,439;1020,438;1020,437;1021,436;1021,435;1021,434;1021,433;1022,431;1022,429;1022,428;1022,427;1023,425;1023,423;1023,422;1023,420;1023,418;1023,417;1023,415;1023,413;1023,411;1023,410;1022,408;1022,407;1022,405;1021,404;1021,403;1020,402;1020,401;1020,400;1019,398;1018,398;1017,398;1017,397;1016,397;1015,397;1014,397;1013,398;1012,398;1011,399;1011,400;1011,401;1011,402;
Specular reflection; POLYGON; 191, 91, 22; 1008,522;1008,523;1008,524;1008,525;1007,526;1007,527;1007,529;1006,530;1006,531;1006,532;1006,533;1006,534;1006,535;1006,536;1006,537;1006,538;1006,539;1007,539;1007,540;1008,540;1009,540;1010,540;1011,540;1012,539;1013,539;1014,539;1015,539;1016,538;1017,538;1018,537;1019,536;1020,535;1020,534;1021,534;1021,533;1021,532;1022,532;1022,531;1023,530;1023,529;1024,529;1024,528;1024,527;1024,526;1024,525;1024,524;1024,523;1024,522;1024,521;1024,520;1024,519;1024,518;1024,517;1024,516;1023,516;1023,515;1022,515;1022,514;1021,514;1020,513;1019,513;1018,512;1017,512;1016,512;1015,512;1014,513;1012,514;
Specular reflection; POLYGON; 191, 91, 22; 933,583;932,583;931,583;930,583;929,583;928,584;927,584;926,585;925,585;925,586;925,587;924,587;924,588;924,589;923,590;923,591;923,592;923,594;923,595;923,596;923,597;923,598;923,600;924,600;925,601;926,602;927,602;928,602;929,602;930,602;931,602;933,602;934,602;935,601;936,600;938,599;939,598;940,597;941,596;942,595;943,594;944,593;945,592;946,591;946,590;946,589;947,588;947,587;947,586;947,585;946,585;945,585;944,585;943,585;942,585;941,585;940,585;939,585;938,586;937,586;
Specular reflection; POLYGON; 191, 91, 22; 1003,592;1003,593;1002,594;1002,595;1002,596;1002,597;1002,598;1002,599;1002,600;1002,601;1003,601;1003,602;1004,603;1005,603;1006,604;1007,605;1008,605;1009,605;1010,605;1011,605;1012,605;1013,604;1014,603;1015,602;1016,601;1017,601;1017,600;1018,599;1019,599;1019,598;1020,598;1020,597;1021,597;1021,596;1022,595;1022,594;1022,593;1022,592;1022,591;1022,590;1022,589;1022,588;1022,587;1022,586;1022,585;1022,584;1021,584;1021,583;1020,583;1019,583;1019,582;1018,582;1017,582;1017,581;1016,581;1015,581;1014,582;1013,583;1012,583;
Specular reflection; POLYGON; 191, 91, 22; 754,721;753,721;752,721;751,721;751,722;750,722;749,723;748,724;747,725;747,726;746,727;745,728;745,729;744,730;743,731;743,732;743,733;743,735;742,736;742,737;742,738;742,739;743,741;743,742;744,743;745,744;746,745;747,745;748,745;749,745;750,745;751,745;752,745;753,745;754,745;755,745;756,745;756,744;757,744;757,743;758,742;759,740;760,739;760,737;761,735;762,733;763,732;763,730;764,728;764,727;765,725;765,723;765,722;765,721;765,720;764,719;763,718;763,717;762,716;761,716;
Specular reflection; POLYGON; 191, 91, 22; 905,787;904,787;903,788;902,788;901,788;900,788;899,788;898,788;897,788;896,789;895,789;893,789;892,790;891,791;890,792;889,793;888,794;887,796;886,798;885,800;884,802;884,804;883,807;883,809;883,811;883,813;883,814;883,816;884,817;885,818;885,819;887,820;888,821;890,822;891,822;893,823;896,824;899,825;901,826;904,826;907,827;909,827;912,827;914,826;917,825;919,824;921,822;923,819;926,816;931,811;933,808;934,805;935,803;936,800;936,798;936,795;933,792;931,791;929,790;926,789;924,789;918,789;912,790;909,791;906,792;903,793;900,794;897,795;894,795;891,796;889,797;887,797;886,798;885,798;884,798;884,799;885,799;886,800;
Specular reflection; POLYGON; 191, 91, 22; 863,805;862,805;861,805;861,804;860,804;859,804;858,804;857,804;856,803;855,803;854,803;853,803;852,803;851,803;850,803;849,803;848,804;847,804;846,805;845,805;844,805;844,806;843,806;842,807;841,807;840,808;839,809;838,810;837,811;837,812;836,812;836,813;835,814;835,815;835,816;835,817;835,818;835,819;834,819;834,820;834,821;834,822;834,823;834,824;834,825;834,826;834,827;835,827;835,828;835,829;836,830;837,831;838,832;839,832;839,833;840,833;840,834;841,834;842,834;843,834;844,834;845,835;846,835;847,835;849,835;850,835;851,836;852,836;853,836;854,836;855,836;856,836;857,836;857,835;858,835;859,835;860,835;860,836;861,837;861,838;861,839;861,840;861,841;861,842;861,843;860,844;860,845;860,846;860,847;859,848;859,849;859,850;859,851;859,852;859,853;860,853;861,853;862,853;863,853;864,853;865,852;866,852;867,851;868,851;869,850;870,850;871,849;872,848;873,847;875,846;877,844;878,843;879,842;880,841;883,838;885,837;885,836;886,835;887,834;887,833;888,831;888,830;889,829;889,828;889,827;889,826;889,825;889,824;889,823;888,822;887,821;887,820;886,820;885,819;885,818;884,816;883,815;882,814;881,813;880,812;879,811;878,810;877,809;876,808;875,808;873,808;872,807;871,807;870,807;869,807;867,807;866,807;865,807;864,807;863,807;864,807;
Specular reflection; POLYGON; 191, 91, 22; 837,718;838,718;839,718;840,718;841,718;842,718;842,719;843,719;844,720;845,720;846,720;847,720;847,721;848,721;848,722;849,722;849,723;850,723;850,724;851,724;851,725;851,726;851,727;852,727;852,728;852,729;852,730;852,731;853,731;853,732;853,733;853,734;854,734;854,735;854,736;854,737;854,738;854,739;853,739;853,740;852,740;852,741;851,741;850,741;849,741;849,742;848,742;847,742;846,742;845,742;844,742;843,742;842,742;842,741;841,741;840,741;839,741;838,740;837,740;836,740;835,739;834,739;833,739;832,739;831,739;830,739;829,739;829,740;828,740;828,741;828,742;828,743;828,744;828,745;828,746;828,747;828,748;828,749;828,750;828,751;828,752;828,753;827,753;827,754;827,755;826,755;826,756;825,757;825,758;824,758;824,759;823,759;823,760;822,760;822,761;821,762;820,762;820,763;819,763;819,764;818,764;817,765;816,765;815,765;814,766;813,766;812,766;811,765;810,765;808,764;807,764;806,764;805,764;804,763;803,763;802,763;801,763;800,762;799,762;799,761;798,761;797,760;796,760;795,760;794,760;793,760;792,760;792,759;791,759;790,759;790,758;790,757;790,756;790,755;790,754;790,753;791,752;791,751;792,750;793,749;794,748;795,747;797,746;798,745;800,743;802,742;804,740;807,739;809,738;811,736;814,735;816,734;819,734;821,734;823,734;
Specular reflection; POLYGON; 191, 91, 22; 897,717;896,718;895,719;894,719;893,720;891,721;890,723;889,724;887,725;886,727;885,728;884,729;883,731;883,732;883,735;883,736;883,737;884,738;885,739;886,739;887,740;889,740;891,740;892,741;894,741;896,741;898,741;900,741;902,740;904,739;905,737;907,736;908,734;910,731;911,729;913,727;914,724;915,722;915,720;916,718;916,716;916,715;916,714;915,713;914,712;913,712;912,712;911,712;910,712;909,712;908,711;907,711;906,711;
Specular reflection; POLYGON; 191, 91, 22; 533,768;533,767;532,767;531,767;530,767;529,767;528,767;527,767;527,768;526,769;525,769;525,770;525,771;525,772;525,773;525,774;525,775;525,776;525,777;525,778;526,779;527,779;528,780;529,780;529,781;530,781;531,781;532,781;533,781;533,782;534,782;535,782;536,782;537,782;538,781;539,780;540,779;540,778;541,778;541,777;542,777;542,776;543,776;543,775;544,775;544,774;545,773;545,772;545,771;545,770;544,769;543,768;542,768;541,768;540,768;
Specular reflection; POLYGON; 191, 91, 22; 493,798;493,799;493,800;493,801;493,802;493,803;493,804;494,805;494,806;495,807;495,808;496,808;496,809;497,809;498,809;498,810;499,810;500,810;500,811;501,811;502,811;503,811;504,811;505,812;506,812;507,812;508,812;509,812;510,812;510,811;511,811;511,810;512,810;512,809;513,808;514,807;514,806;515,806;515,805;515,804;516,804;516,803;516,802;516,801;516,800;516,799;516,798;516,797;516,796;516,795;516,794;515,794;515,793;515,792;514,792;514,791;513,791;513,790;512,789;511,789;511,788;510,788;510,787;509,787;508,787;507,787;506,787;505,787;504,788;503,788;502,789;501,789;500,790;499,790;498,791;498,792;
Specular reflection; POLYGON; 191, 91, 22; 459,494;459,493;458,493;457,492;456,492;456,493;455,493;454,494;453,495;453,496;452,496;452,497;452,498;451,499;451,500;451,501;450,503;450,504;449,505;449,506;449,507;449,508;448,509;448,510;448,511;448,512;448,513;448,514;449,515;449,516;450,517;450,518;451,519;452,519;453,520;455,521;456,521;457,521;458,521;459,521;460,519;462,518;464,514;466,512;467,510;468,506;469,504;469,502;470,500;470,498;470,496;470,494;469,492;469,491;468,489;467,488;466,487;465,486;464,485;462,485;460,485;459,485;457,486;455,487;453,488;452,490;450,491;448,494;
Specular reflection; POLYGON; 191, 91, 22; 445,402;444,403;443,403;443,404;442,404;442,405;441,405;441,406;440,407;439,407;439,408;438,409;437,410;436,411;436,412;435,412;434,413;434,414;433,414;433,415;432,415;432,416;432,417;431,417;431,418;430,418;430,419;429,419;429,420;428,420;428,421;427,421;426,422;425,423;424,423;424,424;423,424;422,425;421,425;421,426;420,426;419,427;418,428;417,428;416,429;415,430;414,430;413,431;412,432;411,432;410,433;409,433;408,434;407,434;406,434;406,435;405,435;404,435;404,436;403,436;402,437;401,438;400,439;399,439;399,440;398,440;398,441;397,442;396,443;395,444;394,445;393,447;392,447;392,448;391,449;390,450;389,451;388,452;387,453;386,454;385,455;384,456;384,457;382,458;382,459;382,460;381,460;381,461;380,461;380,462;379,462;379,463;378,464;377,465;377,467;376,470;375,471;375,473;375,474;375,475;375,476;375,477;375,478;375,479;376,479;378,479;379,479;380,479;381,479;383,479;384,480;386,480;388,480;389,480;391,480;393,480;395,480;396,479;398,479;399,478;402,477;404,477;405,476;406,475;408,474;409,473;410,472;412,471;414,470;416,469;417,468;419,467;421,467;422,466;424,465;426,464;427,464;428,464;429,464;429,463;430,463;431,463;432,462;433,461;434,461;435,460;436,459;437,458;438,458;438,457;439,457;440,456;441,456;442,456;443,456;444,455;445,455;446,455;447,454;448,454;449,454;449,453;450,453;451,453;452,453;453,453;453,452;454,452;455,451;456,450;457,450;458,449;459,449;460,448;461,447;461,446;462,446;462,445;463,445;463,444;464,443;465,442;466,441;466,440;467,440;467,439;468,438;468,437;469,436;470,435;470,434;470,433;470,432;471,431;471,430;471,428;471,426;471,425;471,424;471,422;471,421;470,418;470,417;470,416;470,414;469,413;469,412;468,410;468,409;467,408;466,407;465,406;464,404;463,404;462,403;461,402;460,402;459,402;458,402;457,401;456,401;454,401;453,401;451,402;450,402;447,403;445,403;444,404;443,404;443,405;443,406;444,407;
Specular reflection; POLYGON; 191, 91, 22; 343,414;343,415;342,417;342,418;341,420;341,422;341,423;341,424;340,425;340,426;340,427;340,428;340,429;340,430;341,431;342,431;342,432;343,432;344,432;345,432;346,432;348,432;350,431;351,429;352,428;354,426;355,424;357,422;358,420;359,418;360,414;361,413;361,411;361,410;361,409;361,408;361,407;360,407;359,406;358,405;357,405;356,404;355,404;352,403;350,403;349,403;348,403;347,403;346,403;345,403;344,404;
Specular reflection; POLYGON; 191, 91, 22; 318,427;319,426;320,425;321,424;322,423;323,422;324,421;325,420;326,418;326,417;327,416;327,415;327,414;327,413;327,412;327,411;326,410;325,410;324,409;323,409;322,408;321,408;319,407;318,407;317,407;316,407;315,407;314,407;311,407;310,407;309,408;308,409;306,410;305,411;304,412;303,414;301,415;300,416;299,417;298,418;297,418;297,419;296,419;296,420;297,421;298,422;
Specular reflection; POLYGON; 191, 91, 22; 168,360;167,361;166,364;165,366;165,367;164,368;164,369;164,370;164,371;164,372;164,373;164,374;165,374;166,375;168,376;169,376;170,377;171,377;172,377;173,377;174,377;175,377;178,377;180,377;181,376;183,375;183,374;184,373;184,372;185,367;186,366;186,364;186,363;186,361;185,360;185,359;184,357;183,356;182,355;181,354;180,353;179,352;177,351;175,350;174,350;173,350;172,351;172,352;
Specular reflection; POLYGON; 191, 91, 22; 172,381;171,381;171,382;170,383;170,384;169,385;168,386;167,387;167,389;166,390;165,392;164,395;164,397;163,399;163,401;163,402;163,404;163,406;164,407;165,408;167,410;169,411;171,411;173,411;174,411;176,411;178,411;180,411;182,411;185,411;186,410;187,410;188,409;190,409;190,408;191,407;191,406;192,405;192,403;193,402;193,400;193,399;193,397;193,396;193,394;193,392;193,391;192,389;192,388;191,387;191,385;190,384;189,383;188,383;188,384;187,385;187,386;186,387;186,388;
Specular reflection; POLYGON; 191, 91, 22; 114,383;113,384;112,386;111,387;110,390;109,392;109,393;108,395;108,399;108,401;108,403;108,405;109,406;110,408;111,408;112,409;116,409;118,409;119,408;121,407;122,405;123,404;124,402;126,400;127,399;128,396;129,395;130,394;130,393;130,392;130,391;130,390;130,389;129,389;128,388;127,388;126,387;125,387;124,387;123,387;122,388;121,389;
Specular reflection; POLYGON; 191, 91, 22; 124,494;124,495;123,496;122,498;122,500;122,501;121,503;121,504;120,506;120,508;119,509;119,511;118,512;118,514;117,516;117,517;116,518;116,520;116,521;116,522;115,524;115,525;114,525;114,526;114,527;113,528;113,529;113,530;113,531;113,532;113,533;113,534;113,535;113,536;113,537;113,538;114,538;114,539;114,540;115,540;116,540;116,541;117,541;118,541;119,541;120,541;121,541;122,541;123,541;124,541;125,541;125,540;126,540;126,539;127,538;128,538;128,537;129,537;130,536;130,535;131,535;132,534;133,533;134,532;135,531;136,530;137,530;138,529;139,529;140,529;140,528;141,528;142,527;143,527;144,526;145,525;146,525;147,524;149,523;150,522;151,522;152,521;153,521;153,520;154,520;154,519;155,518;155,517;155,516;156,515;156,514;157,513;157,512;158,511;158,510;159,509;160,508;160,507;160,506;160,505;160,503;160,502;160,501;160,499;159,498;159,497;158,496;157,496;156,495;155,495;153,494;152,493;151,493;149,492;148,492;146,491;144,490;142,490;141,489;140,489;138,489;135,489;134,489;132,489;131,490;129,492;127,493;126,495;124,497;122,499;121,501;120,503;119,505;119,507;119,508;
Specular reflection; POLYGON; 191, 91, 22; 161,505;161,506;160,508;160,509;160,510;159,511;159,512;159,513;159,514;159,515;159,516;159,517;159,518;159,519;159,520;159,521;159,522;159,523;160,523;160,524;161,525;161,526;162,526;162,527;163,527;163,528;164,528;164,529;165,530;165,531;166,531;166,532;166,533;167,533;167,534;168,534;168,535;169,536;169,537;170,537;170,538;171,538;172,538;172,539;173,539;174,540;175,540;176,541;177,541;177,542;178,542;178,543;179,543;179,544;180,544;180,545;181,545;182,546;183,546;184,546;184,545;185,544;185,543;185,542;186,542;186,541;187,540;187,539;187,538;188,538;189,537;189,536;190,535;190,533;190,532;191,531;191,529;192,528;192,526;192,524;193,522;193,521;193,519;193,517;193,515;193,513;192,511;192,509;191,508;190,506;190,505;189,504;188,504;187,503;186,503;185,502;184,502;183,502;182,502;181,502;180,503;178,504;177,504;175,505;174,506;172,507;171,508;170,508;169,509;168,510;168,511;168,512;168,513;169,514;
Specular reflection; POLYGON; 191, 91, 22; 174,639;174,640;173,641;173,642;173,643;173,644;173,645;173,646;173,647;173,648;173,649;174,651;176,653;176,654;177,654;178,655;179,657;180,657;180,658;181,658;181,659;182,659;183,660;184,660;185,660;186,660;187,660;188,660;189,660;190,660;191,659;192,658;193,657;194,654;194,653;194,651;194,650;194,648;194,647;194,645;194,644;193,642;192,641;191,639;190,637;189,636;188,635;186,634;184,632;183,631;182,630;181,630;181,631;
Specular reflection; POLYGON; 191, 91, 22; 130,674;129,674;129,675;128,675;128,676;127,676;127,677;126,678;126,679;126,680;126,681;126,682;126,683;126,684;127,686;127,687;127,688;128,689;129,690;129,691;130,691;131,692;132,692;132,693;133,693;134,693;135,693;136,693;137,693;138,692;138,691;139,690;140,689;141,687;142,685;143,684;143,683;143,682;144,682;144,681;144,680;145,680;145,679;145,678;145,676;145,675;145,674;145,673;144,671;143,670;142,668;141,668;140,667;139,666;138,666;136,666;135,666;134,666;133,666;132,666;132,667;131,668;130,669;130,670;130,671;
Specular reflection; POLYGON; 191, 91, 22; 90,751;90,752;89,752;89,753;88,753;87,754;87,755;86,756;85,757;84,758;84,759;83,759;83,760;82,760;82,761;81,762;80,763;79,764;79,765;78,766;78,767;77,767;77,768;77,769;76,770;76,771;76,772;75,773;75,774;75,775;75,776;75,777;75,778;75,779;75,780;75,781;75,782;76,782;76,783;77,783;77,784;78,784;79,784;79,785;80,785;81,785;82,786;83,786;84,786;85,786;86,786;87,786;88,786;89,785;90,785;91,784;92,783;93,783;93,782;94,781;95,780;96,779;97,779;97,778;98,777;99,776;100,776;100,775;101,774;102,773;103,772;104,770;104,769;105,768;106,766;107,765;108,763;108,762;109,760;110,759;110,757;111,756;111,755;112,753;112,752;113,751;113,749;113,748;113,747;114,745;114,744;114,743;115,742;115,741;115,740;116,739;116,738;116,737;116,736;115,736;115,735;114,735;113,735;112,734;111,734;110,734;109,735;107,735;105,737;103,738;102,739;101,740;100,741;98,742;97,742;96,743;95,743;94,744;93,744;
Specular reflection; POLYGON; 191, 91, 22; 7,661;7,662;7,663;7,664;6,665;6,666;6,667;6,668;6,669;6,670;6,671;6,672;6,673;6,674;5,675;5,676;5,677;5,678;5,679;5,680;5,681;5,682;5,683;5,684;5,685;5,686;5,687;5,688;5,689;5,690;4,691;4,692;4,693;4,694;4,695;4,697;3,698;3,700;3,701;3,702;3,703;3,704;3,705;3,706;4,706;4,707;5,707;6,707;7,707;8,706;9,705;9,704;10,703;10,702;11,701;11,700;12,699;12,698;12,697;13,696;13,695;13,693;14,692;14,691;14,689;14,688;15,687;15,685;15,684;16,683;16,682;16,681;16,680;17,679;17,678;17,677;17,675;17,674;17,673;17,671;17,669;17,668;17,667;17,665;17,664;17,662;17,661;17,660;17,659;17,658;17,657;17,656;17,655;17,654;17,653;17,652;16,651;16,650;16,649;15,648;15,647;14,646;13,646;13,645;13,644;12,644;12,643;12,644;11,644;11,645;11,646;10,647;10,648;9,650;9,651;
Specular reflection; POLYGON; 191, 91, 22; 3,657;3,658;3,659;3,660;3,661;3,662;3,663;3,664;3,665;3,666;3,667;2,668;2,669;2,670;2,671;1,671;1,672;1,673;1,674;0,675;0,677;0,679;0,680;0,681;0,682;0,683;0,684;0,685;0,686;0,688;0,689;0,691;0,692;0,693;0,694;0,696;0,697;0,698;1,699;1,700;1,701;1,702;1,703;1,704;1,705;1,706;1,707;2,708;2,709;2,710;2,711;3,711;3,712;3,713;3,714;4,714;4,715;4,716;5,716;5,717;6,717;7,716;7,715;8,714;9,713;9,712;10,711;10,710;11,709;12,708;13,706;14,704;15,703;15,701;16,699;17,698;17,696;18,694;18,692;19,691;19,689;19,687;19,686;20,684;20,682;20,681;20,679;20,677;20,675;20,673;20,671;20,669;20,667;20,665;20,664;20,662;20,660;20,658;20,657;20,654;19,653;19,652;18,650;18,649;17,649;17,648;17,647;16,647;16,646;15,646;14,646;14,645;13,645;12,645;11,645;11,644;10,644;10,645;9,645;9,646;9,647;
Specular reflection; POLYGON; 191, 91, 22; 57,583;56,583;56,584;55,584;54,585;53,586;52,587;51,588;50,588;49,589;49,590;48,591;47,592;47,593;46,594;46,595;46,596;45,596;45,597;44,598;44,599;43,600;43,601;43,602;42,602;42,603;42,604;41,604;40,604;39,604;38,604;37,604;36,605;35,605;34,605;33,605;32,605;31,605;30,605;29,605;29,606;28,606;27,606;26,606;25,606;24,606;24,607;23,607;22,607;21,607;20,608;20,609;19,609;19,610;18,610;18,611;18,612;17,612;17,613;16,614;16,615;16,616;16,617;16,618;16,619;16,620;16,621;17,621;18,622;19,622;20,622;22,622;24,622;25,622;26,622;27,622;28,622;29,622;31,622;32,622;33,622;35,622;36,621;37,621;39,620;40,620;41,620;42,619;43,619;44,619;45,618;46,618;47,617;48,616;49,616;50,615;51,615;52,614;53,613;54,612;55,611;56,611;56,610;57,610;57,609;58,608;59,607;60,606;61,605;62,604;64,601;65,600;66,598;67,597;67,596;68,594;69,593;69,592;70,591;70,589;70,588;71,588;72,586;72,585;73,584;73,583;73,582;73,581;72,581;71,580;71,579;70,579;69,578;68,577;67,577;66,577;65,576;64,576;63,577;62,577;61,578;
Specular reflection; POLYGON; 191, 91, 22; 377,599;376,599;375,599;374,599;373,599;372,599;371,600;370,601;370,602;369,602;369,603;369,604;368,605;368,606;368,607;368,608;368,609;368,610;368,611;368,612;368,613;368,614;368,615;368,617;369,618;370,618;370,619;371,620;372,621;373,622;374,622;376,622;377,622;378,622;379,622;380,622;380,621;381,620;382,620;382,619;383,618;384,617;385,616;385,615;387,613;387,611;388,610;388,609;388,608;389,607;389,605;389,604;389,603;388,601;388,600;387,598;386,597;384,594;383,593;382,592;381,592;380,591;379,591;378,591;376,591;375,591;374,592;374,593;373,594;
Specular reflection; POLYGON; 191, 91, 22; 345,614;344,615;344,616;344,619;343,620;343,622;343,623;343,624;343,626;343,627;343,628;344,629;345,630;346,630;347,630;348,630;349,630;350,630;351,630;352,630;353,629;355,629;356,628;357,627;358,626;359,625;360,624;361,622;362,620;362,619;362,617;362,615;362,614;362,613;361,612;359,610;358,608;357,608;355,607;354,606;353,605;351,605;350,604;349,604;
Specular reflection; POLYGON; 191, 91, 22; 491,562;490,562;490,563;490,564;489,564;489,565;489,566;488,567;488,568;488,569;487,570;487,571;487,572;487,573;487,574;487,575;487,576;487,577;487,578;487,579;487,580;488,580;488,581;488,582;489,582;489,583;490,583;490,584;491,584;492,584;492,585;493,585;494,585;495,585;496,585;497,585;498,585;499,584;500,584;501,583;502,583;502,582;503,582;504,581;505,580;506,580;507,579;507,578;508,578;509,577;510,577;512,575;513,574;514,574;514,573;515,573;516,572;517,571;517,570;517,569;518,568;518,567;518,566;518,565;517,564;516,563;515,562;514,562;514,561;513,561;512,561;510,560;509,560;508,560;507,560;506,560;505,560;504,560;502,560;500,559;499,559;498,559;497,559;496,559;495,559;494,559;494,560;494,561;494,562;494,563;495,566;
Specular reflection; POLYGON; 191, 91, 22; 563,547;562,547;562,546;561,546;560,546;559,546;559,547;557,548;556,549;555,550;554,551;553,553;553,554;552,555;551,557;550,558;550,560;549,561;549,562;549,563;549,564;549,565;549,566;549,567;549,568;550,569;551,570;552,571;553,571;554,572;555,573;557,573;558,573;559,573;561,573;562,573;564,573;565,573;567,572;568,571;570,569;571,568;572,566;574,564;575,562;576,560;577,559;578,557;579,556;579,555;579,554;579,553;579,552;578,552;578,551;577,551;575,550;574,550;573,550;571,550;570,549;568,549;567,549;565,548;564,548;563,548;562,547;561,547;
Specular reflection; POLYGON; 191, 91, 22; 670,530;669,530;668,529;667,529;667,528;666,528;665,528;665,527;664,527;663,527;663,526;662,526;661,526;660,526;659,526;658,526;657,526;656,526;656,527;655,527;655,528;655,529;654,530;654,531;653,532;653,533;652,534;652,535;652,536;652,537;651,538;651,539;651,540;651,541;651,542;651,543;651,544;652,544;652,546;653,546;653,547;653,548;654,548;654,549;654,550;655,550;655,551;656,552;657,552;657,553;658,553;659,554;660,555;661,556;662,556;663,556;663,557;664,557;665,557;666,558;667,558;668,558;669,558;670,558;671,558;672,558;673,558;675,558;676,558;677,557;678,557;679,556;680,556;681,555;682,555;683,554;684,554;685,553;686,553;687,553;688,552;689,552;690,551;691,550;692,549;693,548;693,547;694,545;694,544;695,543;695,542;695,540;694,539;693,539;692,538;691,538;690,538;688,537;687,537;685,536;682,535;681,534;680,533;678,532;677,531;676,530;673,528;671,527;670,526;669,526;668,526;667,527;
Specular reflection; POLYGON; 191, 91, 22; 611,550;610,550;609,550;608,550;607,550;606,550;605,550;604,550;603,551;602,551;601,551;600,552;599,552;598,552;597,553;596,553;595,554;594,554;593,555;592,556;591,557;590,557;590,558;589,559;588,560;588,561;587,562;587,563;587,564;586,564;586,565;586,566;585,567;585,568;585,569;585,570;586,571;587,572;588,573;589,574;590,574;591,575;592,575;593,575;594,576;596,576;597,576;598,576;599,576;600,577;601,577;603,577;604,577;606,577;607,577;608,577;609,577;610,577;612,577;613,577;614,577;615,577;616,577;617,577;618,577;619,577;620,577;621,577;622,577;623,577;624,577;625,577;626,577;627,577;628,577;629,576;630,576;631,576;632,576;633,576;634,576;634,575;635,575;635,574;635,573;635,572;635,571;635,570;635,568;635,566;634,565;634,564;633,563;633,562;632,561;632,560;631,559;631,557;630,556;630,554;629,553;629,552;628,551;627,550;626,549;626,548;625,547;624,546;623,545;622,544;621,543;620,543;619,543;618,543;617,543;615,543;615,544;614,545;613,547;
Specular reflection; POLYGON; 191, 91, 22; 713,693;712,694;712,695;711,696;711,698;710,699;710,700;709,701;709,703;709,704;708,706;708,707;708,709;708,710;707,712;707,713;707,715;707,716;707,718;707,719;707,721;706,723;706,724;706,726;706,727;706,728;706,730;706,731;706,732;707,733;707,735;708,736;708,737;708,738;708,739;709,740;709,741;709,742;709,743;710,744;710,745;710,746;711,746;711,747;712,747;712,748;713,749;714,750;715,750;715,751;716,751;716,752;717,752;717,753;718,753;719,753;720,753;721,753;722,753;723,753;724,752;725,751;726,751;727,750;727,749;728,749;729,748;730,747;731,746;732,745;732,744;733,742;734,741;735,740;736,739;736,738;737,737;737,735;738,734;739,733;739,732;739,731;740,730;740,728;740,727;740,725;740,723;740,721;740,719;740,716;740,714;739,712;739,710;739,708;739,707;739,705;738,704;738,703;738,702;737,702;737,701;735,699;733,697;732,696;730,695;729,693;727,691;726,689;725,687;724,686;722,684;721,683;720,681;719,681;719,680;718,680;718,681;718,682;718,683;718,684;719,685;719,686;
Specular reflection; POLYGON; 191, 91, 22; 591,830;590,830;589,830;588,830;587,830;586,830;585,830;584,830;583,830;582,830;581,830;580,830;579,830;578,830;577,830;576,830;575,830;574,830;573,830;572,830;571,830;570,830;569,830;568,830;567,830;566,830;565,830;564,830;563,831;562,831;561,831;560,831;560,832;559,832;558,832;557,833;556,833;556,834;555,834;554,835;553,835;553,836;552,837;551,838;550,839;550,840;549,841;548,842;547,843;546,845;545,847;544,848;543,849;543,850;542,851;542,852;541,853;541,855;540,856;539,859;539,860;538,861;538,862;538,863;538,864;538,865;539,865;539,866;539,867;540,868;540,869;540,870;540,871;540,872;541,872;541,873;542,873;543,873;543,874;544,874;545,874;546,875;547,876;548,876;549,876;549,877;550,877;551,877;552,877;553,877;554,877;555,877;556,877;557,877;558,877;559,877;560,877;561,877;562,877;563,877;564,877;565,877;566,877;567,877;568,877;569,877;570,877;570,876;571,876;572,876;573,876;574,876;575,876;576,875;577,875;578,875;579,875;580,875;581,875;582,875;583,875;584,874;585,874;586,874;587,874;588,873;589,873;590,872;591,872;592,871;593,871;594,870;595,870;596,869;597,869;597,868;598,868;599,866;600,865;601,864;602,864;603,863;604,863;604,862;605,862;606,862;607,862;608,862;608,861;609,861;610,861;611,860;612,860;613,860;613,859;614,859;615,859;616,859;617,859;618,858;619,858;620,857;621,856;622,855;623,854;623,853;624,852;624,851;625,850;625,849;625,848;625,847;626,846;626,845;626,843;626,841;626,839;625,838;624,836;623,835;622,835;620,833;619,832;617,832;616,831;614,829;612,829;610,828;608,828;604,827;602,827;599,827;598,827;596,827;594,827;593,827;592,827;591,827;590,827;589,827;588,827;588,828;587,828;586,828;585,828;584,828;584,829;
Specular reflection; POLYGON; 191, 91, 22; 601,795;600,795;599,795;598,795;597,795;597,796;596,796;595,797;595,798;594,798;594,799;593,800;593,801;593,802;593,803;593,804;594,804;594,805;595,805;596,805;596,806;597,806;598,806;599,806;600,806;601,806;603,806;604,806;605,807;606,807;607,807;608,807;609,807;610,807;611,806;612,806;613,805;614,804;614,803;614,802;614,801;615,800;615,799;615,798;614,797;614,795;613,794;613,793;612,792;611,792;611,791;610,791;610,790;609,790;608,790;607,790;606,790;605,790;
Specular reflection; POLYGON; 191, 91, 22; 441,804;441,805;440,805;439,805;439,806;438,807;438,808;438,809;438,810;437,811;437,812;437,813;437,814;437,815;438,815;438,816;438,817;439,817;439,818;440,818;440,819;440,820;440,821;439,821;438,821;437,821;436,821;435,821;434,821;433,821;432,822;431,822;430,822;429,822;428,823;427,824;426,824;426,825;425,825;425,826;424,826;424,827;423,827;422,828;421,828;421,829;420,830;419,831;419,832;418,832;418,833;418,834;418,835;418,836;417,836;417,837;417,838;417,839;417,840;417,841;417,842;417,843;417,844;417,845;417,846;417,847;417,848;418,848;418,849;419,850;420,851;421,851;422,851;423,851;424,851;424,852;425,852;426,852;427,852;428,852;429,852;430,852;431,852;432,852;433,852;434,852;435,852;436,852;437,852;438,852;438,851;439,851;440,851;440,850;441,850;441,849;442,849;443,848;444,847;444,846;445,846;445,845;446,845;446,844;447,844;447,843;447,842;448,842;448,841;449,841;450,840;451,840;451,839;452,839;453,839;453,838;454,838;455,838;456,838;457,838;458,838;458,839;459,839;460,839;460,840;461,840;462,840;463,840;463,841;464,841;465,841;466,841;467,841;468,841;469,840;470,839;470,838;470,837;471,837;471,836;471,835;472,834;472,833;472,832;473,831;473,830;473,829;474,828;474,827;474,826;474,825;474,824;474,823;474,822;474,821;473,821;473,820;473,819;472,818;471,817;471,816;470,815;469,814;468,814;468,813;467,813;466,813;466,812;465,812;464,811;463,810;462,809;461,809;461,808;460,808;460,807;459,807;459,806;458,806;458,805;457,805;456,804;455,804;454,804;453,803;452,803;451,803;450,803;449,803;448,803;447,803;446,803;446,802;445,802;445,801;445,800;445,799;444,799;443,799;442,799;442,800;442,801;441,802;
Specular reflection; POLYGON; 191, 91, 22; 378,811;378,812;378,813;378,814;377,814;377,815;377,816;376,816;376,817;375,818;375,819;374,819;374,820;374,821;373,821;372,821;371,821;370,821;369,821;368,821;367,820;366,820;365,820;364,820;363,820;362,820;361,819;360,819;359,819;358,819;357,819;356,819;355,818;354,818;354,817;354,816;354,815;354,814;354,813;355,813;355,812;356,811;357,810;358,809;359,808;360,807;361,806;362,806;363,806;364,805;365,805;366,804;
Specular reflection; POLYGON; 191, 91, 22; 204,830;203,830;202,831;201,831;200,831;199,831;198,831;197,831;196,831;195,831;194,831;193,831;192,831;191,831;191,830;190,830;189,830;188,829;187,829;186,829;185,829;185,828;184,828;183,828;182,828;181,828;180,828;179,829;178,829;177,829;176,829;175,829;175,830;174,830;173,830;172,830;171,830;170,830;170,831;169,831;168,831;167,831;166,831;165,830;164,830;163,830;162,830;162,829;161,829;161,828;160,828;160,827;160,826;159,826;159,825;159,824;159,823;159,822;159,821;159,820;159,819;159,818;159,817;159,816;159,815;159,814;160,814;160,813;161,812;161,811;162,811;162,810;163,809;164,809;164,808;165,808;166,807;167,807;168,807;169,807;170,807;171,807;172,807;173,807;174,807;175,807;176,807;177,807;178,807;179,807;180,807;181,807;182,807;182,806;183,806;184,806;185,806;186,806;187,806;188,806;189,806;190,807;191,807;192,807;193,808;194,808;195,808;196,808;197,809;198,809;199,809;200,809;201,809;202,809;202,810;203,810;204,810;205,811;206,811;206,812;207,812;207,813;208,813;209,814;209,815;209,816;210,817;210,818;210,819;210,820;210,821;210,822;210,823;210,824;210,825;210,826;210,827;210,828;210,829;210,830;209,831;209,832;208,833;207,833;206,833;205,833;
Specular reflection; POLYGON; 191, 91, 22; 92,829;92,830;91,831;91,832;90,832;90,833;90,834;89,834;89,835;89,836;89,837;89,838;89,839;89,840;89,841;89,842;89,843;89,844;90,844;90,845;91,845;91,846;92,847;93,848;93,849;94,849;95,850;96,850;96,851;97,851;98,851;99,851;100,851;100,852;101,852;102,852;103,852;104,852;105,852;106,852;106,851;107,851;108,851;108,850;109,850;109,849;110,849;111,848;112,848;112,847;113,847;114,846;115,845;116,844;117,843;118,843;118,842;119,841;119,840;120,839;121,838;121,837;121,836;122,835;122,834;122,833;122,832;122,831;121,830;121,829;119,828;119,827;118,827;117,826;116,826;115,825;113,824;111,823;110,822;109,822;106,821;105,821;104,820;103,820;102,820;101,820;100,820;100,821;99,821;99,822;98,822;98,823;97,824;96,825;96,826;95,826;94,826;94,825;
Specular reflection; POLYGON; 191, 91, 22; 77,817;76,817;76,818;76,819;75,820;75,821;74,822;74,823;74,825;73,826;73,827;73,828;72,829;72,830;72,831;72,832;72,833;72,834;72,835;72,836;72,837;72,838;72,839;72,840;72,841;72,842;72,843;72,844;72,845;72,846;72,847;72,848;72,849;72,850;72,851;72,852;73,853;74,854;75,855;76,855;77,855;78,855;78,854;79,854;80,853;81,853;82,852;84,851;85,850;87,849;88,848;91,845;93,844;94,842;95,841;96,839;97,838;98,836;98,834;98,832;99,830;99,828;99,826;99,824;98,822;98,820;98,819;97,818;96,817;96,816;95,815;94,814;93,814;92,814;91,814;90,814;89,814;88,814;88,815;
Specular reflection; POLYGON; 191, 91, 22; 287,616;286,616;285,617;284,618;283,619;282,619;282,620;281,620;281,621;280,622;280,623;280,624;279,624;279,625;279,626;279,627;279,628;279,630;279,631;279,632;279,633;280,633;280,634;280,635;281,635;281,636;282,636;282,637;283,637;284,638;285,639;286,639;287,639;288,640;289,640;290,640;291,640;293,640;296,639;297,639;298,638;300,638;301,637;302,637;303,637;303,636;304,636;305,635;306,634;306,633;307,633;307,632;308,632;308,631;309,630;309,629;310,629;310,628;310,627;310,626;310,625;310,624;310,623;309,622;308,621;308,620;307,618;306,617;305,616;304,615;303,614;301,613;300,612;298,611;296,611;294,610;292,610;289,610;287,610;286,609;
Specular reflection; POLYGON; 191, 91, 22; 245,609;245,610;245,611;245,613;245,614;245,615;245,616;246,618;247,619;248,620;249,620;250,620;251,620;252,620;252,619;253,618;253,617;254,616;255,615;255,614;256,614;256,613;256,612;257,612;257,611;258,611;258,610;258,609;258,608;257,607;256,607;255,606;254,606;253,605;252,605;251,604;250,604;249,604;248,604;247,603;
Specular reflection; POLYGON; 191, 91, 22; 220,627;220,630;219,632;219,633;218,637;218,638;218,639;217,640;217,641;217,642;217,643;217,644;218,645;218,646;221,647;222,647;223,647;224,647;225,647;226,647;227,646;228,645;229,644;231,642;233,640;234,639;234,637;235,636;236,634;236,632;237,631;237,629;237,628;237,625;237,623;237,622;236,621;235,619;234,618;233,617;232,616;231,615;230,615;229,615;228,615;227,615;226,615;225,616;
Specular reflection; POLYGON; 191, 91, 22; 236,665;235,666;235,667;234,668;234,669;234,670;234,671;234,673;234,674;234,675;234,676;234,677;234,678;234,679;234,680;234,681;234,682;234,683;234,684;235,684;236,685;237,685;237,686;238,686;239,686;240,686;241,686;242,686;243,686;244,686;245,686;246,685;247,684;248,682;249,681;250,680;251,678;252,677;252,675;253,674;253,672;253,671;254,670;254,669;254,668;254,666;254,665;254,664;254,663;254,662;254,661;254,660;253,659;253,658;252,657;252,656;251,655;
Specular reflection; POLYGON; 191, 91, 22; 309,511;309,512;309,513;309,514;310,515;310,516;311,517;312,518;313,518;314,518;315,518;316,518;317,518;318,518;318,517;319,517;320,515;320,514;321,513;321,512;321,511;322,511;322,510;322,509;323,509;323,508;323,507;323,506;323,504;322,503;322,502;321,501;321,500;320,499;319,498;318,498;317,497;316,496;315,495;314,495;313,494;312,494;311,494;308,493;307,493;306,493;
Specular reflection; POLYGON; 191, 91, 22; 295,453;294,456;293,457;293,459;292,460;292,462;292,465;292,468;292,469;292,470;292,472;293,473;294,474;294,475;296,477;298,477;299,477;300,478;302,478;303,478;305,478;307,476;308,475;309,474;310,472;311,471;311,469;312,467;312,466;313,464;313,462;313,461;313,458;312,456;311,455;310,453;309,452;308,451;307,450;306,450;304,449;303,449;302,449;301,449;300,449;
Specular reflection; POLYGON; 191, 91, 22; 292,341;292,343;291,345;291,346;291,350;291,353;291,354;291,355;291,356;291,357;291,358;291,360;291,362;291,363;291,364;291,365;292,365;292,366;293,366;294,365;295,365;295,364;296,364;297,363;298,362;299,361;301,360;302,359;303,358;304,357;306,354;306,353;307,351;307,349;308,347;308,346;308,344;308,342;308,340;308,339;307,337;306,336;305,335;304,334;303,334;302,333;301,333;299,333;298,333;297,333;296,333;296,334;295,335;294,335;294,336;
Specular reflection; POLYGON; 191, 91, 22; 222,347;222,349;222,351;222,353;222,354;222,356;223,357;224,358;225,359;226,359;227,359;228,359;229,358;230,357;230,356;231,355;231,354;232,353;232,352;232,350;232,349;232,348;232,347;232,346;232,345;231,343;231,342;230,341;230,340;230,339;229,339;229,338;229,337;229,338;
Specular reflection; POLYGON; 191, 91, 22; 118,377;117,376;116,376;115,377;115,378;114,380;114,382;114,383;114,385;114,386;114,388;114,389;114,391;114,392;114,393;115,394;116,395;117,396;118,396;119,396;121,396;122,395;123,394;124,394;126,392;127,392;127,391;128,390;128,389;129,388;130,387;130,386;130,384;130,383;130,382;130,381;130,380;130,379;129,378;129,377;128,377;127,377;126,378;
Specular reflection; POLYGON; 191, 91, 22; 251,452;251,453;251,454;251,455;251,456;251,457;251,458;252,459;252,460;252,461;253,462;253,463;254,464;254,466;255,468;256,469;257,470;258,471;259,472;260,472;261,473;262,473;263,473;264,474;265,474;266,474;267,474;268,474;269,474;270,474;270,473;271,472;271,471;272,469;273,468;274,467;275,465;275,464;277,462;278,461;278,460;279,459;279,458;279,457;279,456;280,456;280,455;280,454;280,453;279,452;279,451;278,450;277,449;276,448;275,447;272,446;271,445;268,445;266,445;265,445;264,445;263,446;262,447;
Specular reflection; POLYGON; 191, 91, 22; 486,428;485,430;485,431;484,433;484,434;483,436;482,439;481,441;481,443;480,445;480,446;479,449;479,450;479,452;478,453;478,454;478,456;478,457;478,458;479,459;480,459;480,460;481,460;482,461;483,461;484,460;485,460;485,459;486,459;487,459;488,458;489,458;490,457;491,457;491,456;492,455;493,455;493,454;494,453;495,452;496,451;497,451;499,449;500,448;501,447;502,446;503,445;504,444;505,443;506,441;507,438;508,436;508,435;509,433;509,432;509,429;510,428;510,427;510,426;510,425;510,424;510,423;509,422;508,421;507,420;507,419;506,418;505,417;504,415;503,414;502,413;501,412;500,411;499,409;498,409;497,409;496,410;
Specular reflection; POLYGON; 191, 91, 22; 787,832;787,831;786,831;785,831;784,831;783,832;782,832;781,833;780,833;780,834;779,835;778,836;778,837;777,838;777,839;776,840;776,841;776,842;775,843;775,844;775,845;775,846;775,847;775,848;775,849;776,849;776,850;777,850;777,851;778,851;779,851;779,852;780,852;781,852;782,852;783,853;784,853;785,853;786,853;787,853;789,852;790,851;791,850;791,849;792,847;793,846;794,844;794,843;795,842;795,840;795,839;795,838;796,837;796,836;795,836;795,835;
Specular reflection; POLYGON; 191, 91, 22; 888,268;887,268;886,267;885,267;884,267;883,267;882,267;881,267;880,267;879,267;879,268;877,269;877,270;876,271;875,272;874,273;874,274;873,275;872,276;872,278;871,279;871,280;870,283;870,284;869,286;869,287;869,289;869,290;869,291;869,292;869,293;869,294;870,295;871,296;872,297;873,298;874,298;874,299;875,299;876,299;877,300;878,300;879,300;880,300;881,300;883,300;884,300;885,300;886,299;888,298;890,296;890,295;891,294;891,292;892,291;892,289;892,288;892,286;892,285;892,283;892,282;892,280;892,279;892,278;891,277;890,274;890,273;890,272;890,271;
Specular reflection; POLYGON; 191, 91, 22; 891,263;890,263;889,263;888,263;886,263;886,264;885,264;883,265;882,265;882,266;881,266;880,267;879,267;878,267;877,268;876,268;876,269;875,269;874,270;873,271;872,272;872,273;871,274;871,275;870,276;870,277;869,278;869,279;869,280;870,280;870,281;871,281;873,282;874,282;875,282;877,282;878,283;881,283;882,283;883,282;885,282;886,281;887,279;888,278;889,277;890,275;890,273;890,272;891,271;891,269;891,268;890,267;889,267;887,266;885,266;884,267;883,267;883,268;882,269;
Specular reflection; POLYGON; 191, 91, 22; 494,702;494,703;494,705;494,706;494,708;494,709;494,711;494,713;494,714;495,715;495,716;495,717;496,717;497,718;498,718;499,718;500,717;501,717;501,716;502,715;503,715;503,714;504,714;505,713;506,712;507,711;508,710;509,708;509,707;510,706;510,705;511,703;511,702;511,700;511,699;511,697;510,695;509,693;508,692;507,691;506,691;505,690;504,690;503,690;502,690;501,690;500,690;499,690;499,691;
Specular reflection; POLYGON; 191, 91, 22; 369,657;368,657;368,658;367,658;367,659;367,660;366,660;366,661;365,662;365,663;365,666;364,667;364,669;364,670;364,672;364,674;364,676;364,677;364,679;364,680;364,681;365,682;365,683;366,683;367,684;368,684;369,684;370,684;371,684;372,683;373,683;375,682;376,681;378,679;379,678;381,676;382,674;384,671;385,669;386,666;387,664;387,662;388,660;388,658;388,656;388,655;386,653;385,652;384,652;382,651;381,651;380,651;379,651;378,651;376,652;374,653;373,653;371,654;370,654;
Specular reflection; POLYGON; 191, 91, 22; 340,671;340,672;340,673;339,675;339,676;339,678;339,680;339,681;339,683;340,686;340,688;341,689;342,691;343,692;344,693;345,693;346,693;347,693;348,693;349,692;350,691;351,689;351,688;352,686;353,685;354,683;354,682;354,680;355,679;355,678;355,677;355,676;355,675;355,674;355,673;354,672;353,672;352,672;351,672;350,672;
Specular reflection; POLYGON; 191, 91, 22; 387,511;387,512;386,513;386,514;385,515;385,517;385,518;385,520;385,521;385,523;385,525;386,526;386,528;387,529;388,530;390,531;391,531;392,531;393,531;394,530;395,529;396,528;396,527;397,527;397,526;397,525;398,524;398,523;399,523;399,522;400,521;400,520;400,519;401,518;401,517;401,515;401,514;401,513;401,510;401,508;401,507;400,506;399,505;398,504;397,504;396,504;395,504;394,504;393,504;392,505;391,506;
Specular reflection; POLYGON; 191, 91, 22; 403,484;402,487;401,488;401,489;400,490;400,492;400,493;399,495;399,496;400,497;400,498;401,498;402,498;403,498;405,498;406,498;408,497;410,496;411,496;414,494;416,493;417,492;418,491;419,490;420,489;420,488;421,487;421,486;421,485;421,484;421,483;421,482;420,481;419,481;419,480;418,479;417,479;415,478;414,477;412,477;411,477;410,477;409,477;409,478;
Specular reflection; POLYGON; 191, 91, 22; 483,454;482,455;482,456;482,457;481,458;481,459;481,460;480,461;480,462;480,464;480,465;480,466;480,467;481,468;482,469;483,470;484,471;485,471;486,471;487,471;488,471;489,471;490,470;491,469;492,468;493,466;494,465;494,463;495,460;496,458;496,456;496,454;496,452;496,450;496,448;496,446;495,445;494,444;494,443;493,443;492,443;491,443;490,443;489,444;488,445;487,446;
Specular reflection; POLYGON; 191, 91, 22; 444,400;443,401;442,402;441,402;441,403;440,404;439,405;439,406;438,407;438,408;438,409;438,410;438,411;438,412;438,413;438,414;439,414;440,414;440,415;441,415;442,415;443,415;445,415;446,415;447,415;448,414;449,413;450,413;451,412;452,411;454,408;454,406;455,405;455,402;456,400;456,398;455,396;454,395;453,395;451,394;449,394;447,394;446,394;444,395;442,396;441,397;
Specular reflection; POLYGON; 191, 91, 22; 335,444;335,446;335,448;335,449;335,450;335,451;335,453;335,454;335,455;336,457;337,459;338,460;339,462;340,463;340,464;341,465;342,467;343,467;343,468;344,469;344,470;345,471;345,472;346,473;346,474;347,474;348,474;348,473;348,472;349,472;349,471;349,470;349,469;350,469;350,468;350,467;351,466;351,465;352,464;352,463;352,462;352,460;353,459;353,458;353,457;353,454;353,452;353,451;352,447;350,443;350,440;349,438;348,436;347,432;346,430;345,429;344,429;343,429;342,429;340,431;337,434;336,435;335,436;335,437;334,438;334,440;335,441;335,442;
Specular reflection; POLYGON; 191, 91, 22; 347,495;346,497;346,498;345,500;345,503;345,504;345,505;345,507;346,508;347,509;348,510;349,511;351,511;353,511;354,511;355,511;356,511;357,510;359,509;360,508;362,506;364,504;365,503;365,501;366,500;367,499;367,497;367,495;367,494;367,492;366,491;365,490;363,488;361,487;359,487;358,486;356,486;354,485;352,485;351,485;349,485;348,485;347,486;346,487;346,488;346,489;347,490;
Specular reflection; POLYGON; 191, 91, 22; 327,526;326,526;325,526;324,526;323,527;322,527;321,527;321,528;320,528;319,529;319,530;318,531;318,532;317,532;317,533;316,534;315,536;315,537;315,538;315,539;315,540;316,541;317,541;317,542;318,542;320,542;321,542;322,542;323,542;324,542;325,542;327,542;328,541;329,541;330,540;332,539;333,538;334,537;334,536;335,535;336,534;336,533;336,532;336,531;336,530;335,530;334,530;333,530;
Specular reflection; POLYGON; 191, 91, 22; 243,570;243,571;243,572;243,574;243,575;243,576;243,577;243,579;243,580;244,581;244,582;244,583;244,584;244,585;245,586;245,587;245,588;246,589;246,590;247,591;247,592;248,593;249,594;250,595;251,595;252,596;253,596;254,596;255,596;255,595;256,595;257,594;258,593;258,592;259,590;260,588;260,586;260,585;261,584;261,582;261,581;261,580;261,578;261,577;261,576;260,574;260,573;259,572;258,571;257,569;256,569;255,568;254,568;253,567;252,567;251,567;250,567;249,568;248,568;247,569;246,570;245,571;244,571;
Specular reflection; POLYGON; 191, 91, 22; 106,665;106,664;105,664;105,663;105,662;104,662;103,661;102,661;101,661;100,662;100,663;98,664;98,666;97,668;97,670;97,671;97,673;97,674;97,675;97,676;97,679;98,679;99,680;100,681;101,681;102,681;103,681;104,680;105,678;106,677;106,676;107,674;107,673;108,672;108,671;108,670;108,669;109,667;109,666;109,665;109,664;108,664;
Specular reflection; POLYGON; 191, 91, 22; 90,360;88,365;88,367;88,368;88,369;88,371;88,372;88,374;88,375;88,376;89,377;90,378;91,378;92,378;93,378;94,378;95,378;96,377;97,376;98,376;99,374;100,373;100,371;101,370;102,368;103,364;103,362;103,360;103,359;103,357;103,356;103,354;102,353;100,352;98,350;96,350;94,350;92,350;88,350;87,351;85,352;84,354;83,355;83,357;82,358;82,360;82,361;
Specular reflection; POLYGON; 191, 91, 22; 134,398;134,397;133,397;132,398;132,399;131,400;130,401;130,403;129,405;128,407;127,412;127,414;127,416;127,418;127,420;127,421;127,422;129,423;130,423;133,422;134,421;138,419;140,418;141,417;143,415;144,414;145,413;146,412;147,410;147,409;147,408;147,407;146,406;145,406;143,406;142,406;141,406;140,406;
Stroma, ICG; POLYGON; 255, 255, 255; 912,748;911,749;911,750;910,751;909,751;908,751;908,750;907,750;906,750;905,750;904,750;903,750;902,750;901,750;900,750;899,750;898,750;897,750;897,749;896,749;896,748;896,747;896,746;897,746;897,745;898,745;899,744;900,744;901,743;902,743;903,743;904,742;905,742;907,742;908,742;910,741;911,741;912,741;914,741;915,741;917,741;918,741;919,740;920,740;921,740;922,740;924,739;925,739;926,738;927,738;
Stroma, ICG; POLYGON; 255, 255, 255; 850,738;850,739;849,740;848,741;848,742;847,742;847,743;846,743;846,744;846,745;846,746;846,747;846,748;847,748;847,749;848,749;849,750;849,751;850,752;850,753;850,754;850,755;851,755;851,756;851,757;852,758;852,759;852,760;852,761;852,762;852,763;852,764;852,765;852,766;851,766;851,767;850,767;849,768;848,768;847,768;847,769;846,769;845,769;844,769;843,769;842,769;841,769;840,770;839,770;838,770;837,770;836,771;835,771;834,771;834,772;833,772;832,772;831,773;830,773;829,773;828,774;827,774;827,775;826,775;825,776;824,776;824,777;823,777;823,778;822,778;821,778;820,779;819,780;818,781;816,782;816,783;815,783;814,784;813,784;812,785;811,785;810,785;809,785;808,785;807,785;806,786;805,786;804,787;803,787;802,787;801,787;800,787;799,787;798,787;797,787;796,787;795,787;794,787;793,787;793,786;794,786;794,785;794,784;794,783;795,783;795,782;795,781;795,780;796,780;796,779;796,778;796,777;797,776;797,775;797,774;797,773;797,772;797,771;796,771;796,770;796,769;795,769;795,768;795,767;795,766;794,766;794,765;795,765;796,765;797,765;798,765;799,766;801,766;802,766;804,766;805,766;806,766;807,766;808,766;809,766;810,766;811,766;812,766;813,766;814,766;815,766;816,766;817,766;818,766;819,766;819,767;820,767;821,767;822,767;822,766;823,766;824,766;825,765;825,764;825,763;826,763;826,762;827,761;827,760;828,759;828,758;829,757;829,756;829,755;829,754;829,753;829,752;829,751;829,750;829,749;829,748;829,747;830,747;830,746;831,746;831,745;832,745;833,744;834,744;837,742;840,741;842,740;843,740;844,740;845,739;846,739;846,740;846,741;846,742;846,743;846,744;846,745;846,746;846,748;846,749;846,751;846,752;846,753;
Stroma, ICG; POLYGON; 255, 255, 255; 723,781;724,780;724,779;724,778;723,777;722,776;722,775;721,775;721,774;720,773;719,772;718,772;718,771;717,771;716,770;715,770;714,770;713,770;712,770;711,770;710,770;709,770;708,770;708,771;707,771;706,771;706,772;705,772;705,773;704,773;704,774;703,774;703,775;702,776;702,777;701,778;701,779;701,780;700,781;700,782;700,783;700,784;700,785;700,786;700,787;700,788;700,789;700,790;699,791;699,792;699,793;698,793;698,794;697,794;696,794;695,794;694,794;694,793;693,793;692,793;691,793;690,793;690,792;689,792;688,792;688,791;687,791;687,790;687,789;687,788;687,787;687,786;688,786;688,785;689,785;689,784;690,783;690,782;691,782;691,781;691,780;692,780;692,779;692,778;693,777;693,776;693,775;694,775;694,774;694,773;694,772;694,771;695,771;695,770;696,769;696,768;697,768;697,767;697,766;698,766;698,765;698,764;698,763;699,763;699,762;699,761;699,760;699,759;699,758;699,757;699,756;698,756;698,755;698,754;697,754;697,753;697,752;697,751;696,751;696,750;696,749;695,749;695,748;695,747;694,746;694,745;693,744;693,743;693,742;692,742;692,741;692,740;692,739;691,739;691,738;691,737;690,737;690,736;689,735;689,734;688,734;688,733;687,733;686,732;685,732;685,731;684,731;683,731;683,730;682,730;681,730;680,730;679,729;678,729;677,729;677,728;676,728;675,728;674,728;673,728;672,727;671,727;670,727;670,726;669,726;668,726;667,726;666,726;665,726;664,726;663,726;662,726;661,727;660,727;660,728;659,729;659,730;658,730;658,731;657,731;657,732;656,732;655,733;654,733;653,733;652,733;651,733;650,733;649,733;648,733;647,733;646,733;645,733;645,732;644,732;643,732;642,732;641,731;640,731;639,730;638,730;638,729;637,729;636,728;635,728;635,727;634,727;634,726;633,726;633,725;632,725;632,724;631,724;631,723;630,722;630,721;630,720;630,719;630,718;630,717;630,716;630,715;630,714;630,713;631,713;631,712;631,711;632,711;632,710;632,709;632,708;631,708;631,707;631,706;630,706;630,705;630,704;631,703;631,702;632,702;632,701;633,700;634,699;634,698;635,698;635,697;635,698;635,699;635,700;636,701;636,703;636,704;636,705;637,706;637,707;637,708;637,709;637,710;637,711;638,711;638,712;639,712;639,713;640,713;641,713;642,713;643,713;644,714;645,714;646,714;647,714;648,714;649,714;650,714;651,714;652,714;653,714;654,714;655,714;656,714;657,714;658,714;659,714;659,713;660,713;661,712;662,712;662,711;663,711;664,710;665,710;665,709;666,709;667,708;668,707;669,706;670,705;670,704;671,703;671,702;672,702;672,701;672,700;672,699;672,698;672,697;672,696;671,696;671,695;670,695;670,694;670,693;670,692;670,691;670,690;670,689;670,688;670,687;671,687;672,688;673,688;674,688;675,688;676,688;676,689;677,689;678,689;679,689;679,690;680,690;681,690;682,691;683,691;684,691;685,692;686,692;686,693;687,693;687,694;687,695;687,696;687,697;687,698;687,699;687,700;687,701;687,702;687,703;687,704;687,705;687,706;687,707;687,708;687,709;687,710;687,711;687,712;687,713;687,714;688,715;689,715;690,715;691,715;692,715;692,716;693,716;694,716;694,717;695,717;696,717;696,718;697,718;697,719;698,719;698,720;699,721;699,722;700,723;700,724;700,725;700,726;701,726;701,727;701,728;701,729;702,729;702,730;702,731;703,731;703,732;703,733;703,734;703,735;704,735;704,736;704,737;704,738;704,739;705,739;705,740;705,741;706,741;706,742;706,743;707,743;707,744;707,745;708,745;708,746;708,747;709,747;709,748;709,749;710,749;710,750;711,751;711,752;712,752;712,753;713,753;713,754;714,754;714,755;715,755;715,756;716,756;717,757;718,757;718,758;719,758;720,758;721,758;722,758;722,759;723,759;723,760;724,760;724,761;725,761;725,762;726,763;726,764;726,765;727,765;727,766;727,767;728,768;728,769;729,769;729,770;729,771;730,771;730,772;730,773;730,774;731,774;731,775;731,776;731,777;731,778;730,778;729,778;728,777;728,776;727,776;727,775;726,775;
Stroma, ICG; POLYGON; 255, 255, 255; 757,767;756,766;756,765;755,765;755,764;754,763;753,762;752,761;752,760;751,760;751,759;750,759;750,758;749,757;749,756;748,756;748,755;747,755;746,754;746,753;745,753;745,752;744,752;743,752;743,751;742,751;741,751;740,751;740,750;739,750;738,750;737,750;736,750;735,749;734,749;733,749;732,749;732,750;731,750;730,750;730,751;729,751;729,752;728,752;728,753;727,753;727,754;726,755;726,756;725,756;725,757;725,758;724,758;724,759;724,760;723,761;723,762;723,763;723,764;723,765;723,766;723,767;723,768;723,769;723,770;724,770;724,771;724,772;725,772;725,773;726,773;726,774;727,774;728,774;728,775;729,775;730,775;731,775;732,776;733,776;734,776;735,776;736,777;737,777;738,777;739,777;740,777;741,777;742,777;743,777;744,777;745,777;746,777;747,778;748,778;749,779;750,779;
Specular reflection; POLYGON; 191, 91, 22; 704,777;704,778;703,779;703,780;703,781;703,782;702,783;702,784;702,785;702,786;702,787;702,788;702,789;702,790;702,791;702,792;702,793;702,794;703,795;703,796;704,797;705,798;706,799;707,799;708,800;709,800;711,800;712,800;713,800;715,800;716,799;718,798;720,797;722,796;724,794;726,792;727,790;729,788;730,786;731,784;732,782;732,780;733,778;733,776;733,775;732,773;731,773;729,772;728,771;726,771;724,770;722,770;720,770;719,770;717,770;715,770;713,770;712,770;711,770;710,770;709,771;709,772;
Specular reflection; POLYGON; 191, 91, 22; 701,790;700,790;700,791;699,791;699,792;699,793;698,793;698,794;698,795;697,795;697,796;696,797;696,798;695,799;695,800;694,801;694,802;694,803;694,804;695,805;695,806;696,806;696,807;697,807;697,808;698,808;699,808;700,809;701,809;702,809;703,809;704,809;705,808;706,808;707,807;708,806;709,806;710,805;711,804;711,803;712,802;712,801;712,800;712,799;711,798;710,798;709,797;708,797;707,797;706,797;705,796;704,796;
Specular reflection; POLYGON; 191, 91, 22; 690,638;689,638;688,639;687,640;687,641;686,642;686,644;685,646;684,648;683,650;683,653;682,656;682,658;681,661;681,663;680,665;680,667;680,669;680,671;680,672;681,673;682,674;683,675;684,676;685,677;687,678;688,678;690,678;692,678;694,678;696,678;698,677;700,675;702,673;703,671;705,668;707,666;708,663;709,661;710,658;711,656;712,653;712,651;712,648;712,646;712,644;711,642;710,640;708,638;707,637;705,636;704,635;702,635;701,635;699,635;696,635;695,635;694,636;694,637;694,638;
Specular reflection; POLYGON; 191, 91, 22; 789,332;788,333;787,334;786,336;785,337;784,338;784,339;784,341;784,343;784,345;784,346;784,348;785,349;787,352;788,353;789,354;790,354;791,354;793,354;794,354;796,354;797,353;799,351;801,349;803,347;804,345;806,343;808,341;809,339;810,337;810,336;811,334;811,331;811,329;811,327;811,325;810,323;809,320;807,316;805,315;804,314;802,313;800,312;798,312;796,312;794,312;793,313;791,315;790,316;789,318;789,320;789,322;789,324;
Specular reflection; POLYGON; 191, 91, 22; 853,441;853,442;852,442;851,443;850,444;850,445;849,445;849,446;848,447;848,448;848,449;847,450;847,451;847,452;847,454;847,455;847,456;848,457;848,458;849,459;850,460;851,461;852,462;853,463;854,464;855,464;856,465;859,465;860,465;862,465;863,464;867,461;869,459;871,457;872,455;874,453;875,451;876,449;877,447;878,446;878,444;878,441;878,440;877,439;876,438;874,437;872,436;870,434;868,434;866,433;863,432;861,432;859,432;857,432;855,432;854,432;853,433;852,435;851,436;
Specular reflection; POLYGON; 191, 91, 22; 940,763;939,763;939,762;938,762;937,762;935,762;934,763;933,764;932,765;931,765;931,766;930,766;929,767;928,767;927,768;926,768;926,769;925,769;924,770;924,771;923,771;922,772;922,773;922,774;921,775;921,776;921,777;921,778;922,778;922,779;923,779;924,780;925,780;925,781;926,781;928,781;929,782;930,782;932,782;933,782;936,782;939,781;941,779;943,777;944,776;944,775;945,774;946,773;946,772;946,771;946,770;946,769;946,768;945,768;944,767;943,767;941,767;940,766;939,766;938,766;937,765;936,765;
Specular reflection; POLYGON; 191, 91, 22; 255,831;255,832;255,833;254,834;254,835;254,836;255,837;255,838;256,838;257,839;258,839;259,839;260,839;261,839;262,839;263,839;265,838;265,837;266,836;267,835;268,834;268,832;268,831;269,830;269,829;269,827;269,826;269,825;269,824;269,823;268,823;268,822;267,822;267,821;
Specular reflection; POLYGON; 191, 91, 22; 43,409;42,411;41,415;40,416;40,418;39,420;38,422;38,423;38,425;37,426;37,427;36,428;36,429;35,431;34,432;33,433;32,434;32,435;31,436;30,436;30,437;29,438;29,439;28,440;28,441;28,442;28,443;28,444;27,444;27,445;27,446;26,447;26,448;26,449;25,449;25,450;26,450;27,450;28,450;30,448;32,448;33,447;35,446;36,445;38,443;40,442;44,438;46,437;48,435;50,432;52,430;54,428;56,425;57,422;59,420;60,417;61,414;62,411;63,409;63,407;63,405;64,403;64,402;64,400;64,399;64,397;64,396;63,395;63,394;62,393;61,393;60,392;59,392;58,392;57,392;56,392;55,392;54,392;54,393;54,394;54,395;53,395;
Specular reflection; POLYGON; 191, 91, 22; 96,298;95,298;94,298;92,298;91,299;90,300;89,300;88,301;87,302;86,302;86,303;85,304;84,305;83,307;83,308;82,309;82,311;82,313;82,314;82,316;82,318;82,319;82,320;82,321;83,322;83,323;84,323;85,323;86,323;88,323;89,323;90,323;91,323;92,322;94,321;95,321;97,320;98,318;99,317;99,316;100,314;100,313;100,312;100,310;101,309;101,308;101,307;101,306;100,305;100,304;99,303;98,303;97,303;
Stroma, ICG; POLYGON; 255, 255, 255; 176,835;175,835;174,835;173,834;172,834;171,834;171,833;170,833;169,833;168,833;167,833;166,833;165,833;164,833;164,832;163,832;162,832;161,832;161,831;160,831;160,830;159,830;159,829;159,828;158,827;158,826;158,825;158,824;158,823;158,822;158,821;158,820;159,820;159,819;159,818;159,817;159,816;160,816;160,815;160,814;161,814;161,813;162,813;162,812;163,812;164,812;165,811;166,811;166,810;167,810;168,810;169,810;170,810;171,810;172,810;173,810;173,809;174,809;175,809;176,809;176,808;177,808;177,807;177,806;178,805;178,804;178,803;178,802;177,801;177,800;177,799;177,798;176,798;176,797;176,796;176,795;175,794;175,793;175,792;174,791;174,790;173,789;173,788;173,787;172,787;172,786;171,785;170,784;169,783;168,783;167,783;167,782;166,782;165,782;164,782;163,782;162,782;161,783;160,783;160,784;159,784;158,784;157,785;156,785;155,785;155,786;154,786;153,787;152,787;152,788;151,788;151,789;150,789;150,790;149,790;148,791;147,791;146,792;145,792;144,792;143,793;142,793;141,793;140,793;140,794;139,794;138,794;137,794;137,795;136,795;135,795;134,795;133,795;132,795;131,795;130,795;129,795;129,794;128,794;127,793;126,793;125,793;125,792;124,792;123,792;123,791;122,791;121,791;120,791;119,791;118,791;118,790;117,790;116,790;115,790;114,790;114,789;113,789;112,789;111,789;111,788;110,788;109,788;109,787;108,787;108,786;107,786;107,785;106,785;106,784;106,783;106,782;105,782;105,781;105,780;105,779;105,778;105,777;106,777;106,776;107,776;107,775;108,775;109,774;110,774;110,773;111,773;112,772;113,771;114,771;115,770;116,769;117,769;117,768;118,768;119,767;120,767;120,766;121,766;121,765;122,765;123,765;123,764;124,764;125,764;125,763;126,763;127,762;128,761;129,761;129,760;130,760;131,760;131,759;132,759;133,759;133,758;134,758;134,757;135,757;135,756;136,756;136,755;136,754;137,754;137,753;137,752;137,751;137,750;137,749;137,748;137,747;137,746;137,745;137,744;137,743;136,743;136,742;136,741;136,740;136,739;135,739;135,738;135,737;135,736;135,735;135,734;135,733;135,732;135,731;135,730;135,729;135,728;136,728;136,727;136,726;136,725;136,724;136,723;136,722;136,721;136,720;135,720;135,719;135,718;135,717;134,717;134,716;134,715;134,714;133,713;133,712;133,711;132,711;132,710;132,709;132,708;131,708;131,707;130,706;130,705;129,705;129,704;128,704;128,703;127,703;127,702;126,702;126,701;125,701;124,701;123,701;122,701;121,701;120,701;119,701;118,701;117,702;116,702;115,703;114,704;113,705;112,706;110,708;109,710;108,711;107,712;106,714;106,715;105,716;104,717;104,718;104,719;103,719;103,720;103,721;103,722;103,723;104,723;104,724;105,724;106,724;106,725;107,725;108,726;109,726;109,727;110,727;110,728;111,728;111,729;112,729;112,730;112,731;113,731;113,732;113,733;114,734;114,735;114,736;114,737;114,738;115,739;115,740;115,741;115,742;115,743;115,744;115,745;114,746;114,747;114,748;113,749;113,750;112,750;112,751;112,752;111,752;111,753;110,753;110,754;110,755;109,755;109,756;108,757;108,758;108,759;107,759;107,760;107,761;106,761;106,762;106,763;105,764;105,765;105,766;104,767;104,768;104,769;104,770;104,771;104,772;104,773;104,774;104,775;104,776;103,776;103,777;103,778;103,779;103,780;103,781;102,781;102,782;101,784;101,785;100,785;100,786;99,786;98,787;97,787;96,787;95,787;94,787;93,787;92,787;91,787;90,787;90,788;89,788;88,788;87,788;86,788;85,788;84,788;83,788;82,788;81,788;80,788;79,788;79,787;78,787;77,786;77,785;76,785;76,784;75,783;75,782;75,781;74,780;74,779;74,778;74,777;74,776;74,775;74,774;74,773;74,772;74,771;74,770;74,769;74,768;74,767;74,766;74,765;74,764;74,763;74,762;74,761;74,760;75,760;75,759;75,758;76,758;76,757;77,756;78,755;79,754;80,753;81,753;81,752;82,752;83,751;84,750;85,750;85,749;86,749;87,749;87,748;88,748;88,747;89,747;89,746;89,745;90,744;90,743;90,742;91,742;91,741;91,740;91,739;91,738;91,737;92,737;92,736;92,735;92,734;92,733;92,732;92,731;92,730;92,729;92,728;92,727;92,726;92,725;92,724;92,723;92,722;92,721;92,720;92,719;92,718;92,717;92,716;92,715;92,714;92,713;92,712;92,711;92,710;92,709;91,708;91,707;91,706;91,705;91,704;91,703;91,702;91,701;91,700;91,699;91,698;90,698;90,697;90,696;90,695;90,694;90,693;90,692;90,691;90,690;90,689;89,689;89,687;89,686;89,685;89,684;89,683;89,682;89,681;89,680;89,679;89,678;90,677;90,676;90,675;90,674;90,673;90,672;90,671;90,670;90,669;90,668;90,667;90,666;90,665;89,664;89,663;88,663;88,662;87,662;86,662;85,662;84,662;83,662;82,662;82,663;81,663;81,664;80,664;79,665;78,666;77,667;77,668;76,669;76,670;75,671;75,672;74,673;74,674;74,675;74,676;73,677;73,678;73,679;73,680;73,681;72,681;72,682;72,683;72,684;72,685;72,686;72,687;72,688;72,689;72,690;72,691;71,691;71,692;71,693;70,693;70,694;70,695;69,695;68,696;68,697;67,697;67,698;66,698;66,699;65,700;65,701;64,701;64,702;63,703;63,704;62,704;62,705;62,706;61,706;61,707;61,708;60,708;60,709;60,710;59,711;59,712;58,713;58,714;57,716;57,717;56,718;56,719;55,720;55,722;54,722;54,723;54,724;54,725;54,726;54,727;54,728;54,729;54,730;54,731;54,732;53,732;53,734;53,735;52,737;52,738;51,739;51,740;51,742;50,743;50,745;50,746;50,747;50,748;50,749;50,750;50,752;50,753;51,754;51,755;51,756;51,757;51,759;51,760;52,762;52,764;52,765;52,766;52,767;52,768;52,769;52,770;53,771;53,772;53,773;53,774;53,775;53,776;53,777;53,778;53,779;53,780;53,781;52,782;52,783;52,784;52,785;52,786;52,787;51,788;51,789;51,790;51,791;51,792;51,793;51,794;51,795;51,796;51,797;51,798;51,799;51,800;51,801;51,802;51,803;51,804;51,805;51,806;51,807;51,808;51,809;51,810;51,811;51,812;51,813;51,814;51,815;51,816;51,817;51,818;51,819;51,820;51,821;51,822;51,823;51,824;51,825;51,826;51,827;51,828;50,829;50,830;50,831;50,832;50,833;50,834;50,835;50,836;50,837;50,838;50,839;50,840;50,841;50,842;50,843;50,844;49,844;49,845;49,846;49,847;49,848;49,849;49,850;49,851;49,852;50,852;50,853;50,854;50,853;51,853;52,851;53,849;54,847;55,845;56,844;57,843;58,841;58,840;59,839;60,838;60,837;61,836;62,835;62,834;63,834;63,833;63,832;64,831;64,830;65,830;65,829;66,829;66,828;67,827;67,826;68,826;69,825;69,824;70,823;71,823;71,822;72,822;72,821;73,821;74,820;74,819;75,818;76,817;77,817;77,816;78,816;79,816;80,815;81,815;82,814;83,814;84,813;85,813;86,813;87,813;87,812;88,812;89,812;90,812;91,812;92,812;93,812;94,812;95,812;96,812;97,812;97,813;98,813;99,814;100,815;101,815;101,816;102,816;102,817;103,817;104,818;105,818;105,819;106,819;106,820;107,820;107,821;109,822;109,823;110,824;110,825;111,826;111,827;112,827;112,828;113,828;113,829;114,829;114,830;115,830;116,830;116,831;117,831;118,831;118,832;119,832;120,832;121,833;122,833;123,834;124,834;124,835;125,835;125,836;126,836;127,837;128,838;129,839;130,840;131,841;131,842;132,843;132,845;133,846;133,847;133,848;133,849;133,852;133,854;134,855;134,856;134,857;134,858;135,858;135,859;136,859;136,860;137,860;137,861;138,861;139,861;140,861;141,861;142,860;143,860;143,859;144,859;145,859;145,858;146,858;147,858;147,857;148,857;149,857;149,856;150,856;151,855;152,855;153,855;154,854;155,854;156,853;157,853;158,853;159,853;161,852;162,852;163,851;165,851;165,850;166,850;167,849;168,849;168,848;169,848;170,847;170,846;171,846;171,845;172,844;173,844;174,844;174,843;175,843;176,843;177,843;
Stroma, ICG; POLYGON; 255, 255, 255; 208,815;208,817;207,818;207,820;206,823;205,827;205,829;205,831;205,833;205,835;205,837;206,839;207,840;208,841;209,842;210,843;211,843;212,844;213,844;214,844;215,844;216,844;216,843;217,842;218,841;218,839;219,836;220,835;220,833;221,831;221,829;221,827;221,825;221,823;221,821;221,819;221,817;221,815;221,813;221,810;221,809;220,807;220,805;219,804;218,804;218,803;217,803;216,803;215,803;214,804;213,805;213,806;
Stroma, ICG; POLYGON; 255, 255, 255; 235,817;236,816;237,816;239,815;240,814;241,813;242,813;243,812;246,809;247,808;248,808;248,807;249,807;249,806;250,806;250,805;250,804;251,803;251,802;251,801;251,800;250,800;250,799;250,798;250,797;249,796;249,795;248,794;248,793;248,792;247,791;247,790;246,789;245,788;244,787;243,787;242,787;241,787;240,787;239,788;238,788;237,789;236,790;234,791;233,792;232,793;231,794;230,795;229,796;228,797;227,798;226,799;225,801;224,802;224,804;223,805;222,807;222,808;222,810;221,811;221,812;221,813;221,814;222,815;223,815;224,815;225,815;226,815;227,815;229,815;231,815;
Stroma, ICG; POLYGON; 255, 255, 255; 290,719;289,719;289,718;288,718;288,717;287,717;287,716;286,716;285,715;285,714;284,714;284,713;283,712;283,711;283,710;282,710;282,709;282,708;281,708;281,707;281,706;280,706;280,705;280,704;279,703;279,702;278,701;277,700;276,699;276,698;275,698;275,697;274,697;274,696;273,695;272,694;272,693;271,693;271,692;270,691;270,690;269,690;269,689;268,689;268,688;267,687;267,686;266,686;266,685;266,684;265,684;265,683;264,682;264,681;263,681;262,680;261,680;261,679;260,679;259,678;258,678;258,677;257,677;256,677;256,676;255,676;255,675;254,675;254,674;254,673;254,672;254,671;254,670;254,669;254,668;254,667;254,666;254,665;254,664;254,663;254,662;254,661;254,660;254,659;254,658;254,657;254,656;255,655;255,654;255,653;256,652;256,651;256,650;257,650;257,649;258,648;258,647;259,647;259,646;259,645;260,645;260,644;261,644;261,643;262,643;262,642;263,642;264,641;265,641;265,640;266,640;267,639;268,639;269,639;270,639;271,638;272,638;273,638;274,638;275,638;276,638;277,638;278,638;279,638;280,638;281,638;282,638;283,638;284,638;284,639;285,639;286,639;286,640;286,641;286,642;285,642;285,643;284,643;284,644;283,645;282,646;281,647;280,648;279,649;277,650;276,650;275,650;274,651;273,651;272,651;272,652;271,652;271,653;270,653;269,654;269,655;269,656;269,657;269,658;269,659;269,660;269,661;269,662;270,663;271,664;271,665;272,665;272,666;273,666;273,667;274,667;275,667;275,668;276,668;277,668;278,668;279,668;280,668;280,669;281,669;282,669;282,670;283,670;284,670;285,670;286,671;287,672;288,673;289,673;289,674;290,674;291,674;291,675;292,675;293,676;293,677;294,677;294,678;295,678;295,679;295,680;295,681;295,682;295,683;295,684;295,685;294,685;294,686;294,687;294,688;294,689;293,689;293,690;293,691;293,692;292,693;292,694;292,695;292,696;292,697;293,697;293,698;294,698;294,699;295,699;296,699;297,699;298,699;299,699;300,699;302,699;303,699;304,699;305,699;307,699;308,699;309,699;310,699;311,699;311,700;312,700;313,700;313,701;314,701;315,701;316,701;317,701;318,701;319,701;320,701;321,701;322,701;322,702;323,702;323,703;324,703;324,704;325,705;325,706;325,707;325,708;325,709;325,710;325,712;324,712;324,713;323,714;322,715;321,716;319,717;318,719;317,720;316,721;316,722;315,722;315,723;314,723;314,724;313,724;312,724;311,724;310,724;309,724;308,724;307,724;306,724;305,724;304,724;302,724;301,724;300,724;299,724;298,724;299,724;300,724;
Stroma, ICG; POLYGON; 255, 255, 255; 326,719;326,718;325,718;324,717;324,716;323,716;323,715;322,715;321,714;321,713;320,713;320,712;319,712;319,711;319,710;318,710;318,709;317,709;317,708;316,708;316,707;315,707;315,706;314,706;314,705;314,704;313,704;313,703;313,702;314,702;314,701;314,700;314,699;314,698;314,697;315,696;315,695;315,694;316,693;316,692;316,691;317,691;317,690;317,689;318,688;318,687;319,686;319,685;320,685;321,684;322,684;323,684;324,685;325,685;326,685;327,686;328,686;329,687;330,687;331,687;332,688;333,688;334,689;335,689;336,689;336,690;337,690;338,691;338,692;339,692;339,693;339,694;339,695;340,696;340,697;340,698;340,699;340,700;339,702;339,703;338,704;337,705;337,706;336,707;335,707;335,708;334,709;333,709;333,710;332,711;331,711;331,712;330,713;330,714;329,714;328,715;328,716;327,717;327,718;327,719;
Stroma, ICG; POLYGON; 255, 255, 255; 376,720;377,719;378,719;379,719;380,718;381,718;382,718;383,717;384,717;385,717;386,717;387,716;388,716;389,716;390,715;391,715;392,715;393,714;394,714;395,714;396,714;397,713;398,713;399,713;399,712;400,712;401,711;401,710;402,709;402,708;402,707;402,706;402,705;401,704;401,703;400,702;400,701;399,701;399,700;398,700;398,699;398,698;397,698;397,697;396,697;396,696;395,696;395,695;394,695;393,695;393,694;392,694;391,694;390,694;390,693;389,693;388,693;387,693;387,692;386,692;385,691;384,691;384,690;383,690;382,689;381,688;381,687;380,687;380,686;379,685;379,684;378,684;377,683;376,682;375,681;374,680;373,680;373,679;372,679;371,679;370,679;369,679;368,680;367,680;367,681;366,681;365,682;364,683;362,684;361,685;360,685;359,686;358,686;357,687;356,688;355,689;355,690;354,691;353,692;352,694;352,695;351,696;351,697;351,699;351,700;351,701;351,702;351,703;351,704;351,705;352,706;353,707;354,708;356,709;357,709;359,710;361,711;
Stroma, ICG; POLYGON; 255, 255, 255; 400,627;400,628;399,629;398,630;398,631;397,631;397,632;396,633;396,634;395,635;395,636;395,637;395,638;395,639;395,640;395,641;396,641;396,642;396,643;397,643;397,644;398,644;399,644;399,643;400,643;400,642;400,641;401,641;401,640;402,639;402,638;403,637;403,636;403,635;404,634;404,633;404,632;404,631;404,630;405,629;405,628;406,628;406,627;406,626;407,626;407,625;408,625;408,624;409,624;410,623;411,622;412,622;413,622;413,621;414,621;415,621;416,621;417,620;418,620;418,619;419,619;420,619;420,618;421,618;422,618;422,617;423,617;423,616;424,616;424,615;425,614;425,613;425,612;425,611;425,610;424,610;424,609;423,609;423,608;422,608;421,608;421,607;420,607;419,607;418,607;417,607;416,607;415,607;414,607;414,608;413,608;412,609;412,610;411,610;411,611;411,612;411,613;411,614;410,614;410,615;
Stroma, ICG; POLYGON; 255, 255, 255; 418,602;417,602;416,601;415,601;414,601;414,600;413,600;412,600;411,600;411,599;410,599;409,599;408,598;407,598;406,597;405,597;404,596;403,595;402,594;402,593;401,593;401,592;400,592;399,592;399,591;398,591;397,591;396,591;395,591;394,591;393,591;392,591;391,591;390,591;389,591;388,591;387,591;386,591;385,591;384,591;383,591;382,591;381,591;380,591;379,591;378,590;377,590;377,589;377,588;376,588;376,587;376,586;376,585;376,584;376,583;377,582;377,581;378,581;378,580;379,580;379,579;380,579;380,578;381,578;381,577;382,577;383,577;384,577;385,577;386,577;386,578;387,578;388,578;388,579;389,579;389,580;390,580;391,581;391,582;392,582;392,583;392,584;393,584;393,585;394,585;395,586;396,586;397,587;398,587;399,587;400,587;401,587;402,587;403,587;404,588;405,588;406,588;407,588;408,588;409,588;409,589;410,589;411,589;411,590;412,590;413,591;414,591;415,592;416,592;417,592;417,593;418,593;419,593;420,594;421,594;421,595;422,595;422,596;423,596;424,596;424,597;425,597;425,598;426,598;426,599;427,599;427,600;427,601;426,601;425,601;425,602;424,602;424,603;423,603;423,604;422,604;422,605;
Stroma, ICG; POLYGON; 255, 255, 255; 421,539;420,539;419,539;418,539;417,539;416,539;415,539;414,539;413,540;412,540;411,540;411,541;410,541;409,541;409,542;408,542;407,542;406,543;405,543;404,543;403,544;402,544;401,545;400,545;400,546;399,546;399,547;399,548;399,549;399,550;398,550;398,551;398,552;398,553;398,554;398,555;399,555;399,556;400,556;401,556;402,557;403,557;404,557;404,558;405,558;406,558;407,558;408,558;409,559;410,559;411,559;412,559;413,559;413,558;414,558;415,558;417,557;418,557;419,557;420,557;421,557;422,557;423,557;424,557;425,557;426,556;427,556;428,556;429,556;430,556;431,556;432,556;433,556;434,556;435,556;436,556;437,556;438,556;439,556;440,555;441,555;442,554;443,554;444,554;445,553;446,553;447,553;448,553;449,553;450,552;451,552;452,552;453,552;454,552;455,551;456,551;457,551;458,551;459,551;459,550;460,550;461,549;462,548;462,547;463,547;463,546;464,546;464,545;464,544;465,544;465,543;465,542;465,541;465,540;466,540;466,539;466,538;465,538;464,538;464,537;463,537;463,536;462,536;461,535;460,534;459,534;459,533;458,533;457,532;456,532;455,531;454,531;453,530;452,530;452,529;451,529;450,529;450,528;449,528;448,527;447,526;446,526;445,525;443,524;442,524;441,523;440,523;439,523;439,522;438,522;438,523;
Specular reflection; POLYGON; 191, 91, 22; 509,607;509,608;508,608;507,609;506,609;505,610;504,611;503,611;502,612;501,613;500,613;500,614;499,615;498,616;498,617;497,618;497,620;496,621;496,622;495,623;495,624;495,625;495,626;495,627;495,628;495,629;496,629;496,630;497,630;497,631;498,632;499,632;499,633;500,633;501,633;502,633;503,633;504,633;505,633;506,633;507,633;508,633;509,633;510,633;510,632;511,632;512,631;513,631;513,630;514,630;514,629;515,629;515,628;516,627;517,626;517,625;518,624;518,623;518,622;518,621;518,620;518,619;518,618;518,616;518,615;518,613;518,612;518,611;518,610;517,610;517,609;516,608;515,608;514,607;513,607;512,606;511,606;510,606;510,605;509,605;508,605;507,605;506,606;506,608;506,609;506,610;
Specular reflection; POLYGON; 191, 91, 22; 454,578;453,578;453,579;453,580;453,581;452,581;452,582;452,583;452,584;452,585;452,586;452,587;452,588;451,588;451,589;450,589;450,590;449,590;448,591;447,592;446,592;446,593;445,593;444,593;444,594;443,594;442,594;441,595;440,595;439,595;438,595;438,596;437,596;436,596;435,596;434,596;434,595;433,595;433,594;432,593;432,592;431,592;431,591;431,590;430,590;430,589;430,588;429,588;429,587;429,586;428,585;428,584;428,583;428,582;428,581;428,580;428,579;428,578;428,577;428,576;428,575;428,574;428,573;428,572;428,571;428,570;428,569;429,568;429,567;429,566;429,565;429,564;429,563;429,562;429,561;429,560;430,560;430,559;431,559;432,558;433,558;433,557;434,557;435,557;435,556;436,556;437,556;437,555;438,555;439,555;439,554;440,554;441,554;442,554;442,553;443,553;444,553;445,553;446,552;447,552;448,552;449,552;450,552;451,552;451,551;452,551;453,551;454,550;455,550;456,550;457,550;457,549;458,549;459,549;460,549;461,548;462,548;463,548;464,548;465,548;466,548;467,548;468,548;469,548;469,549;470,549;470,550;470,551;470,552;470,553;470,554;469,556;469,557;469,558;469,559;469,560;469,561;469,562;469,563;
Stroma, ICG; POLYGON; 255, 255, 255; 590,695;589,695;588,695;587,695;587,696;586,697;586,698;585,698;585,699;584,700;584,701;584,702;584,703;583,704;583,705;582,706;582,707;581,708;581,709;581,710;580,710;580,711;579,711;579,712;578,712;577,712;576,712;575,712;575,713;574,713;573,713;572,713;571,713;570,713;570,714;569,714;568,714;567,714;566,714;565,714;564,714;563,714;562,714;561,714;560,714;559,713;558,713;558,712;557,712;557,711;556,711;555,710;554,709;553,708;552,708;552,707;551,707;551,706;550,706;550,705;549,705;549,704;548,704;548,703;548,702;548,701;548,700;548,699;548,698;548,697;548,696;549,696;549,695;550,695;550,694;551,694;551,693;552,693;553,692;554,692;554,691;555,691;555,690;556,690;556,689;557,688;557,687;557,686;557,685;557,684;557,683;557,682;556,682;556,681;555,681;555,680;554,680;554,679;553,679;552,678;551,678;550,677;549,677;548,677;548,676;547,676;546,676;546,675;545,675;544,675;544,674;543,674;542,674;541,674;540,674;539,674;538,673;537,673;536,673;535,673;534,673;533,673;532,673;531,673;530,673;529,673;528,673;527,673;526,673;525,673;524,673;524,674;523,674;522,674;521,675;520,675;519,675;518,675;518,676;517,677;517,678;517,679;517,680;516,681;516,682;516,684;516,685;516,686;516,687;516,688;516,689;516,691;516,692;516,693;516,694;516,695;517,696;517,697;518,698;518,699;518,700;519,700;519,701;520,702;520,703;521,703;521,704;522,704;522,705;523,705;523,706;524,706;524,707;525,708;525,709;526,710;526,711;526,712;527,712;527,713;528,714;528,715;528,716;529,716;529,717;529,718;530,720;530,721;531,721;531,722;531,723;532,723;532,724;533,724;533,725;533,726;534,727;534,728;534,729;535,729;535,730;535,731;536,731;536,732;537,732;537,733;538,733;538,734;539,734;540,734;540,735;541,735;541,736;542,736;542,737;543,737;543,738;544,738;544,739;545,739;545,740;546,740;546,741;547,741;548,742;549,742;550,742;550,743;551,743;552,743;553,743;553,744;554,744;555,744;556,744;557,744;558,744;559,744;560,744;561,744;562,744;563,744;563,745;564,745;565,745;566,745;567,745;568,744;569,744;570,744;570,743;570,742;571,741;571,740;571,739;571,738;571,737;571,736;571,735;570,734;570,733;569,732;569,731;569,730;569,729;569,728;569,727;569,726;569,725;569,724;570,724;570,723;571,723;571,722;572,722;572,721;573,721;573,720;574,720;575,719;576,719;576,718;577,718;578,717;579,717;580,716;581,716;582,715;583,715;584,714;585,714;586,714;586,713;587,713;588,713;589,713;590,713;591,713;591,712;592,712;593,712;594,712;594,711;595,711;596,711;597,711;598,711;598,710;599,710;600,710;601,710;602,710;603,710;603,709;604,709;605,709;606,709;607,709;608,709;608,708;609,708;610,708;611,708;612,708;612,707;613,707;614,707;614,706;615,706;615,705;615,704;616,703;616,702;616,701;616,700;616,699;615,698;615,697;615,696;614,695;613,694;612,693;612,692;611,691;610,690;609,690;608,689;607,689;606,689;605,689;604,689;603,689;601,689;600,690;598,691;597,691;596,692;594,692;593,693;592,693;591,694;590,695;590,696;590,697;591,698;591,699;
Specular reflection; POLYGON; 191, 91, 22; 648,693;647,693;646,693;646,694;645,694;644,694;644,695;643,695;643,696;642,696;642,697;641,697;641,698;640,698;640,699;639,700;639,701;639,702;639,703;639,704;639,705;639,706;639,707;639,708;639,709;639,710;640,710;640,711;641,712;642,712;642,713;643,713;644,713;644,714;645,714;646,714;647,714;648,714;649,713;650,713;651,713;651,712;652,712;653,712;654,712;655,712;656,712;658,711;659,711;660,711;661,711;662,710;663,710;663,709;664,709;664,708;664,707;664,706;664,705;664,704;664,703;664,702;664,701;664,700;664,699;664,698;663,698;663,697;662,696;661,695;660,695;659,694;658,694;657,694;656,694;655,694;654,694;653,694;652,694;651,694;650,693;649,693;648,693;647,693;647,694;
Stroma, ICG; POLYGON; 255, 255, 255; 787,800;788,800;788,801;788,802;789,802;789,803;789,804;789,805;790,806;790,807;790,808;790,809;790,810;790,811;790,812;789,812;789,813;789,814;788,814;788,815;788,816;788,817;787,817;786,817;785,817;785,818;784,818;783,818;782,819;781,819;780,819;779,819;778,819;777,819;776,820;775,820;774,820;774,821;773,821;772,821;771,821;770,821;770,822;769,822;768,822;767,822;766,822;765,822;764,823;763,823;762,823;761,823;760,823;759,824;758,824;757,825;756,825;755,825;754,825;753,825;752,825;751,825;751,826;750,826;749,826;748,826;747,827;746,827;746,828;745,828;745,829;744,830;743,831;743,832;742,833;742,834;742,835;741,835;741,836;741,837;741,838;740,838;740,839;740,840;740,841;740,842;740,843;740,844;741,844;741,845;742,846;742,847;743,847;743,848;744,848;745,848;745,849;746,849;747,849;748,849;749,849;750,849;751,849;752,849;753,849;754,849;755,849;756,849;757,849;758,849;759,849;760,848;761,848;762,848;763,848;763,847;764,847;765,847;766,846;767,846;768,845;769,845;770,845;771,844;772,844;772,843;773,843;774,843;774,842;775,842;776,842;776,841;777,841;777,840;778,840;779,839;780,838;781,837;781,836;782,836;782,835;783,834;783,833;784,833;784,832;785,832;785,831;786,831;786,830;786,829;787,829;788,829;789,828;790,828;791,827;792,827;793,827;794,827;794,826;795,826;796,826;796,825;797,825;797,824;798,824;798,823;799,822;799,821;800,821;800,820;800,819;800,818;800,817;800,816;800,815;800,814;799,814;799,813;799,812;799,811;798,811;798,810;798,809;798,808;797,807;797,806;797,805;796,805;796,804;796,803;796,802;795,802;795,801;795,800;795,799;795,798;795,797;795,796;795,795;795,794;795,793;794,792;794,791;793,790;792,789;791,788;790,788;790,787;789,787;788,787;787,787;786,788;785,789;784,790;783,791;783,792;782,793;782,794;782,795;782,796;781,797;781,798;781,799;781,801;782,802;782,803;783,804;784,805;
Stroma, ICG; POLYGON; 255, 255, 255; 750,829;749,828;748,828;747,828;746,828;746,827;745,827;744,827;743,827;742,827;741,826;740,826;739,825;738,825;738,824;737,824;736,823;735,823;735,822;734,822;733,822;732,822;731,822;730,822;729,822;728,822;727,822;726,822;726,821;725,821;724,821;723,821;722,821;721,821;720,821;719,821;719,822;718,822;717,823;716,824;715,824;715,825;714,825;714,826;713,826;713,827;712,827;711,828;710,829;709,830;708,830;708,831;707,832;706,832;706,833;705,833;705,834;705,835;705,836;706,836;707,837;708,837;709,837;710,837;711,838;713,838;714,838;715,838;716,839;718,839;719,839;721,840;722,840;724,840;726,840;727,841;729,841;731,841;732,841;734,842;735,842;737,842;738,843;739,843;740,843;741,843;742,843;743,843;744,843;745,843;746,843;747,843;748,843;749,843;750,843;751,843;752,843;753,843;754,843;755,842;757,841;759,839;759,838;760,837;760,836;761,836;761,835;761,834;761,833;761,832;761,831;760,831;760,830;759,830;758,829;757,828;756,827;755,827;755,826;754,826;753,826;752,826;751,826;750,826;750,825;749,825;748,825;747,825;746,825;745,825;744,825;743,825;742,825;742,824;741,824;740,824;739,823;738,823;738,822;737,822;737,823;
Stroma, ICG; POLYGON; 255, 255, 255; 697,822;696,821;696,820;696,819;696,818;696,817;696,816;696,815;696,814;696,813;696,812;696,811;697,811;697,810;697,809;697,808;697,807;697,806;697,805;697,804;697,803;697,802;697,801;697,800;696,799;696,798;695,797;695,796;694,795;694,794;693,793;693,792;692,792;691,791;690,791;690,790;689,790;688,790;687,789;686,789;686,788;685,788;684,788;683,788;683,787;682,787;681,787;680,787;679,787;678,786;675,786;674,786;673,786;672,786;670,786;669,787;668,787;667,787;665,788;664,789;664,790;663,790;663,791;663,792;663,793;663,794;663,795;663,797;663,798;663,799;664,800;665,801;666,802;667,803;667,804;668,805;669,806;670,806;671,807;672,808;674,809;675,809;676,810;677,810;679,810;681,811;682,811;684,811;686,810;688,809;690,808;692,807;694,806;695,805;697,804;698,803;699,802;700,801;701,801;701,800;702,799;703,798;703,797;
Stroma, ICG; POLYGON; 255, 255, 255; 622,767;623,767;624,766;625,766;626,765;627,765;627,764;628,764;629,764;629,763;630,763;630,762;631,762;631,761;631,760;631,759;631,758;631,757;631,756;630,756;630,755;629,754;629,753;628,753;628,752;627,752;626,751;625,751;624,750;623,750;622,749;621,749;620,749;619,748;618,748;617,748;616,747;615,747;615,746;614,746;614,745;613,745;612,744;612,743;611,743;611,742;611,741;611,740;611,739;611,738;611,737;611,736;611,735;611,734;611,733;611,732;610,732;610,731;609,731;608,731;607,731;606,731;605,731;604,731;603,731;602,731;601,731;600,732;599,732;598,732;597,733;595,733;594,733;594,734;593,734;592,734;591,734;590,735;589,735;588,735;587,735;587,734;586,734;585,734;584,734;584,733;583,733;582,733;581,733;580,733;579,733;578,733;577,734;576,735;575,735;574,736;574,737;573,738;573,739;572,740;572,741;572,742;572,743;572,744;573,745;575,747;577,748;578,748;579,750;580,750;582,752;583,752;584,753;585,754;586,755;587,756;588,756;589,757;590,757;592,758;593,758;595,758;597,758;599,758;601,758;604,758;606,758;608,758;610,757;612,757;614,757;616,757;617,757;619,757;621,757;
Stroma, ICG; POLYGON; 255, 255, 255; 615,674;614,674;613,675;612,675;611,675;610,675;609,675;608,675;607,675;606,676;605,676;604,677;603,677;601,678;599,679;597,680;596,681;595,681;594,682;593,683;591,684;591,685;589,687;589,688;589,689;590,690;591,690;592,691;594,691;596,691;598,691;600,691;602,691;604,691;605,690;607,690;609,690;610,689;612,689;613,688;615,688;617,687;618,687;620,686;621,686;622,685;624,685;625,685;626,685;628,685;
Stroma, ICG; POLYGON; 255, 255, 255; 563,672;563,671;563,670;563,669;563,668;564,667;564,666;564,665;564,664;565,664;565,663;565,662;566,661;566,660;566,659;566,658;566,657;566,656;566,655;566,654;566,653;566,652;566,651;566,650;567,649;567,648;567,647;567,646;568,646;568,645;568,644;569,644;569,643;570,643;570,642;571,642;571,641;572,641;572,640;573,640;573,639;574,639;574,638;575,638;575,637;576,637;577,636;578,636;579,636;580,636;581,636;582,636;583,636;584,636;584,637;585,637;585,638;586,638;587,638;587,639;588,639;589,639;590,640;591,640;592,640;593,640;594,640;595,640;596,640;597,640;597,639;598,639;599,639;600,639;601,640;602,640;602,641;603,641;603,640;604,640;604,639;605,638;605,637;605,636;606,636;606,635;606,634;606,633;607,633;607,632;607,631;607,630;608,630;608,629;608,628;608,627;609,627;609,626;609,625;609,624;609,623;609,622;609,621;609,620;609,619;609,618;609,617;608,617;608,616;608,615;607,615;607,614;606,614;606,613;606,612;605,612;604,612;604,611;603,611;602,611;601,610;600,610;599,610;598,610;598,609;597,609;596,609;595,608;594,608;593,608;592,608;591,608;591,607;590,607;589,607;589,606;588,606;587,606;587,605;586,605;586,604;585,604;584,603;583,603;583,602;582,602;582,601;581,601;581,600;580,600;579,600;578,599;577,599;577,598;576,598;575,598;574,598;573,598;572,598;571,598;570,598;569,598;568,598;567,598;566,598;565,598;564,598;563,598;562,598;561,598;560,598;559,598;558,598;557,598;556,598;555,599;554,599;554,600;553,600;553,601;552,601;552,602;551,602;550,602;550,603;549,603;548,603;548,604;547,604;546,604;546,605;545,605;544,605;543,606;542,606;541,606;541,607;540,607;539,607;538,608;537,608;537,609;536,609;535,609;535,610;534,610;534,611;533,611;533,612;532,612;532,613;531,613;530,613;530,614;529,614;529,615;528,615;527,615;527,616;526,616;526,617;525,617;525,618;524,618;524,619;523,620;523,621;522,621;522,622;521,623;521,624;520,624;520,625;519,626;519,627;518,627;518,628;517,628;517,629;516,629;516,630;515,631;514,631;514,632;513,633;512,634;511,635;510,636;509,636;509,637;508,637;508,638;507,639;506,640;505,641;504,641;504,642;503,643;502,644;501,645;500,646;499,647;498,649;497,650;496,651;495,652;494,653;494,654;493,657;493,658;493,659;493,660;493,661;493,662;493,663;494,664;494,665;495,666;496,667;497,668;498,668;498,669;499,670;500,672;501,673;502,674;503,675;504,676;505,677;506,678;507,679;508,679;509,680;510,680;510,681;511,681;512,681;513,681;514,681;515,681;516,681;517,682;518,682;519,682;520,682;520,683;521,683;522,683;523,683;524,683;525,683;526,684;527,684;528,684;529,684;530,684;531,683;532,683;533,683;534,682;535,682;536,682;537,681;538,681;539,681;540,680;541,680;542,679;543,679;544,679;545,679;546,678;547,678;548,678;550,678;551,677;552,677;555,676;559,675;561,675;563,674;
Stroma, ICG; POLYGON; 255, 255, 255; 514,645;513,644;512,643;511,643;510,643;509,643;508,643;507,643;506,643;505,643;504,643;503,643;502,642;501,642;500,641;499,641;498,641;497,641;496,641;495,641;494,641;493,641;492,641;491,641;490,641;490,642;489,642;488,642;487,642;486,642;486,643;485,643;484,643;483,643;482,644;481,645;480,645;480,646;479,647;478,648;478,649;477,650;476,650;475,651;475,652;474,653;474,654;474,655;474,656;474,657;475,657;477,657;479,658;481,658;483,658;486,659;489,659;491,659;494,659;496,659;499,659;501,659;504,659;506,659;509,659;511,659;513,658;516,658;519,657;521,656;
Stroma, ICG; POLYGON; 255, 255, 255; 528,602;527,602;527,603;526,603;525,603;524,604;523,604;522,604;521,604;520,604;519,604;518,604;517,604;517,603;516,603;515,603;515,602;514,602;513,601;512,601;512,600;511,600;510,600;510,599;509,599;508,599;507,599;507,598;506,598;505,598;505,597;504,597;504,596;504,595;503,595;503,594;503,593;503,592;503,591;503,590;503,589;503,588;504,588;504,587;505,586;506,586;507,585;508,584;509,584;509,583;510,583;511,582;512,581;513,581;513,580;514,580;514,579;515,579;516,578;516,577;517,576;517,575;518,574;518,573;518,572;518,571;518,570;518,569;519,569;519,568;519,567;519,566;519,565;519,564;519,563;519,562;520,562;520,561;521,561;522,561;522,560;523,560;524,560;525,560;525,561;526,561;527,562;528,563;528,564;529,564;529,566;530,567;530,568;530,569;531,570;531,571;531,572;531,573;532,574;532,575;532,576;532,577;532,578;533,579;533,580;533,581;533,582;533,583;533,584;533,586;533,587;533,589;533,590;532,592;532,593;531,594;531,596;531,597;531,598;530,599;530,600;530,601;530,602;530,603;
Stroma, ICG; POLYGON; 255, 255, 255; 519,599;519,600;518,600;517,600;516,601;515,601;514,601;514,602;513,602;512,602;511,602;511,603;510,603;509,603;508,603;508,604;507,604;506,604;506,605;505,605;504,606;503,606;503,607;502,607;501,608;500,609;500,610;499,610;499,611;498,611;497,612;496,612;496,613;495,613;494,613;494,614;493,614;492,614;491,614;490,614;489,614;488,614;487,614;486,614;486,613;486,612;486,611;486,610;486,609;486,608;486,607;486,606;486,605;486,604;486,603;486,602;487,602;487,601;487,600;487,599;487,598;487,597;487,596;487,595;487,594;487,593;487,592;488,591;488,590;489,589;490,588;490,587;491,587;491,586;492,586;493,585;494,584;495,584;495,583;496,583;497,582;498,582;498,581;500,581;500,580;501,580;502,580;503,580;504,579;505,579;506,579;507,579;508,579;509,579;510,579;511,578;512,578;513,577;514,577;514,576;515,576;515,575;516,575;517,575;517,574;518,574;518,573;519,573;520,573;520,574;520,575;520,576;520,577;520,578;520,579;520,580;520,581;519,581;519,582;519,583;519,584;519,585;519,586;519,587;519,588;519,589;519,590;519,591;519,592;519,593;519,594;519,595;518,595;518,596;518,597;
Stroma, ICG; POLYGON; 255, 255, 255; 495,597;494,597;493,597;492,597;491,597;490,597;489,597;488,597;488,596;487,596;486,596;485,596;485,595;484,595;483,595;482,595;481,595;481,594;480,594;479,594;479,593;478,593;477,593;477,592;476,592;475,591;474,591;474,590;473,590;473,589;473,588;473,587;473,586;473,585;473,584;473,583;474,582;474,581;475,580;475,579;476,579;476,578;477,577;477,576;478,576;478,575;478,574;479,574;479,573;479,572;480,572;480,571;481,571;482,571;483,571;484,572;484,573;485,574;485,575;486,576;486,577;487,578;487,579;488,580;488,581;488,582;488,583;489,584;489,585;489,586;489,587;489,588;489,589;489,590;490,591;490,592;490,593;491,594;491,595;492,595;
Stroma, ICG; POLYGON; 255, 255, 255; 378,579;378,580;377,581;377,582;376,584;376,585;376,586;375,587;375,588;375,589;374,590;374,591;374,592;373,593;373,594;373,593;373,592;372,592;372,591;371,591;371,590;370,590;370,589;369,589;368,589;368,588;367,588;366,588;365,588;364,588;363,588;362,588;361,588;361,589;360,589;359,589;358,589;357,589;356,589;355,589;354,589;353,589;353,590;352,590;351,590;350,590;349,590;348,590;347,590;346,590;346,589;345,589;345,588;345,587;344,587;344,586;344,585;345,584;346,583;347,583;348,582;349,581;350,580;351,579;352,578;353,578;354,577;354,576;355,575;356,574;356,573;357,573;357,572;357,571;356,571;356,570;355,570;355,569;354,568;354,567;354,566;353,566;353,565;352,564;351,563;350,562;349,561;349,560;349,559;349,558;349,557;349,556;350,556;350,555;351,555;351,554;352,554;353,553;354,552;355,552;356,552;357,551;358,551;359,551;360,551;361,551;362,551;363,551;364,551;365,552;366,552;367,552;368,553;369,553;370,553;370,554;371,554;372,554;372,555;373,555;374,555;374,556;375,556;375,557;376,557;376,558;377,559;377,560;378,561;378,562;379,562;379,563;380,563;380,564;381,565;381,566;381,567;381,568;382,568;382,569;382,570;382,571;382,572;382,574;382,575;382,577;384,579;385,579;386,580;389,580;
Stroma, ICG; POLYGON; 255, 255, 255; 379,581;379,582;378,582;378,583;377,583;377,584;376,584;376,585;375,585;375,586;374,586;374,587;373,588;373,589;372,590;372,592;372,593;372,594;372,595;372,596;372,597;373,598;373,599;373,600;373,601;373,602;373,603;372,603;371,603;370,603;369,603;368,603;367,602;365,601;364,600;363,599;362,598;361,598;360,596;359,596;358,595;357,594;357,593;356,592;356,591;356,590;356,589;356,587;357,586;357,585;357,584;357,583;358,582;358,581;359,580;360,579;361,579;361,578;362,578;364,578;365,577;366,577;368,577;369,577;371,577;
Stroma, ICG; POLYGON; 255, 255, 255; 280,714;279,714;278,714;278,715;277,715;277,716;276,716;276,717;275,717;275,718;274,719;274,720;274,721;273,722;273,723;273,724;274,724;275,725;276,725;276,726;277,726;278,726;279,726;280,726;281,726;282,726;284,725;286,724;287,724;288,723;289,723;289,722;290,721;292,720;293,719;293,718;294,717;294,716;294,715;293,715;292,715;291,715;
Stroma, ICG; POLYGON; 255, 255, 255; 167,719;166,719;165,719;164,719;163,719;163,720;162,720;161,720;161,721;160,721;160,722;159,722;158,723;157,723;156,723;155,723;154,723;153,723;152,723;151,723;150,723;150,722;149,722;149,721;149,720;149,719;149,718;149,717;150,717;150,716;150,715;151,715;151,714;152,713;153,713;153,712;154,711;155,711;155,710;156,710;157,710;158,710;159,710;160,710;161,710;162,710;163,710;164,711;165,711;165,712;166,712;166,713;167,713;167,714;168,714;168,715;169,715;169,716;169,717;169,718;170,719;170,720;171,721;
Stroma, ICG; POLYGON; 255, 255, 255; 119,728;118,728;117,728;116,728;115,728;114,729;113,729;112,729;112,730;111,730;110,730;109,730;109,731;108,731;107,731;106,731;106,732;105,732;104,732;103,732;102,732;101,732;100,732;99,733;98,733;97,733;97,734;96,734;95,734;94,734;93,734;93,733;92,733;92,732;92,731;92,730;92,729;92,728;92,727;92,726;93,725;93,724;94,723;94,722;95,721;96,720;96,719;97,717;97,716;98,715;98,714;99,713;99,712;100,709;101,708;101,706;102,706;102,707;103,707;104,707;105,708;109,709;110,710;111,710;113,711;114,711;115,712;116,712;117,713;117,714;118,715;119,716;119,717;119,718;119,719;119,720;119,721;119,722;
Stroma, ICG; POLYGON; 255, 255, 255; 740,627;740,628;741,628;742,628;743,628;744,628;745,628;745,629;746,629;746,630;747,630;747,631;747,632;746,632;745,632;744,632;743,632;743,631;742,631;741,631;740,631;739,631;738,631;737,631;737,632;736,632;736,633;735,633;735,634;734,635;734,636;734,637;733,637;733,638;733,639;733,640;733,641;733,642;733,643;733,644;734,645;734,646;735,647;735,648;736,648;736,649;737,651;737,652;738,652;738,653;739,654;740,655;741,656;742,656;742,657;743,657;743,658;744,658;745,658;745,659;745,660;746,660;746,661;747,662;748,663;748,664;749,665;749,666;749,667;750,667;750,668;750,669;750,670;749,670;749,671;749,672;748,672;748,673;747,674;746,676;746,677;745,678;745,679;744,679;744,680;743,681;743,682;743,683;742,683;742,684;741,685;741,686;740,686;740,687;740,688;739,689;739,690;739,691;738,691;738,692;737,692;737,693;736,693;735,693;734,693;733,693;732,693;731,693;731,692;730,692;730,691;729,691;729,690;729,689;728,689;728,688;727,688;727,687;726,687;726,686;725,686;725,685;724,685;723,685;723,684;722,684;721,684;720,684;720,683;719,683;718,683;717,683;716,683;715,683;714,683;713,683;712,683;711,683;711,684;710,684;709,684;708,684;708,685;707,685;706,685;705,686;704,686;704,687;703,687;703,688;702,689;701,689;700,690;699,690;698,690;697,690;696,690;695,690;695,691;694,691;693,691;692,691;692,692;691,692;690,692;689,693;688,693;687,693;686,693;685,693;684,692;684,691;683,691;683,690;682,689;682,688;681,688;681,687;680,687;681,687;682,687;683,687;684,687;685,687;686,687;687,687;688,686;689,686;690,686;691,686;692,685;693,685;694,685;695,685;695,684;696,684;697,683;698,682;698,681;699,681;699,680;700,680;700,679;701,679;701,678;702,678;702,677;703,676;703,675;704,675;704,674;705,673;705,672;706,672;706,671;706,670;707,669;707,668;707,667;708,667;708,666;708,665;709,664;709,663;709,662;709,661;709,660;709,659;710,658;710,656;710,655;710,654;710,653;710,652;710,651;710,650;710,649;710,647;710,645;710,644;709,643;709,642;709,641;709,640;709,639;709,637;710,636;710,635;711,634;713,632;714,632;715,631;717,630;720,629;723,628;725,627;726,626;728,626;729,625;732,625;734,625;736,625;738,625;739,625;740,625;741,625;742,625;743,625;745,625;
Stroma, ICG; POLYGON; 255, 255, 255; 898,693;897,693;896,693;895,693;894,693;893,693;892,692;891,692;890,691;889,691;889,690;888,690;887,689;887,688;886,687;886,686;886,685;885,684;885,683;884,682;884,681;884,680;884,679;883,678;883,677;883,676;883,675;883,674;883,673;883,672;883,671;883,670;884,669;884,668;884,667;885,667;885,666;886,666;886,665;887,664;888,664;888,663;889,663;890,663;891,662;892,662;893,662;894,662;895,663;896,663;897,663;897,664;898,664;898,665;899,665;900,666;901,666;902,667;903,667;903,668;904,668;904,669;905,669;905,670;905,671;905,672;905,673;905,674;905,675;905,676;905,677;
Stroma, ICG; POLYGON; 255, 255, 255; 875,698;874,698;873,698;873,697;872,697;871,697;871,696;870,696;869,696;868,696;867,696;866,696;865,696;864,696;864,695;863,695;862,695;861,695;860,695;859,695;858,694;857,694;856,694;856,693;855,693;855,692;855,691;854,691;854,690;854,689;854,688;854,687;853,686;853,685;853,684;852,684;852,683;852,682;852,681;852,680;853,680;853,679;854,679;854,678;855,678;855,677;856,677;856,676;857,676;857,675;858,674;858,673;858,672;859,672;859,671;859,670;860,670;860,669;860,668;860,667;860,666;860,665;859,664;859,663;858,662;858,661;857,660;856,659;856,658;855,658;854,657;853,656;852,655;851,655;850,654;849,654;848,653;847,653;846,653;846,652;845,652;844,652;843,652;842,652;841,652;840,653;839,654;839,655;838,656;838,657;838,658;838,659;838,660;838,661;838,662;838,663;838,664;838,665;838,666;838,667;839,668;839,669;839,670;840,671;840,672;840,673;841,673;841,674;842,674;842,675;843,675;843,676;844,676;845,677;845,678;845,679;846,679;846,680;846,681;846,682;847,682;847,683;847,684;847,685;847,686;847,687;847,688;847,689;847,690;847,691;847,692;847,693;847,694;847,695;848,695;848,696;849,696;849,697;850,698;851,699;852,700;853,701;854,701;855,702;856,702;856,703;857,703;857,704;858,704;859,704;860,704;861,705;862,705;863,705;864,706;865,706;866,706;867,706;868,706;870,706;870,705;873,705;874,704;875,704;877,704;878,705;
Stroma, ICG; POLYGON; 255, 255, 255; 875,728;874,729;873,730;873,731;872,731;872,732;871,733;871,734;871,735;872,736;873,736;874,737;875,737;876,737;876,738;877,738;877,739;877,740;878,740;879,740;880,740;880,739;881,738;881,737;882,736;882,735;882,734;882,733;882,732;882,731;882,730;882,729;881,728;880,728;880,727;879,727;878,727;
Stroma, ICG; POLYGON; 255, 255, 255; 896,741;895,741;894,741;893,741;892,741;891,741;890,741;889,740;888,740;887,740;886,740;885,740;885,741;884,741;884,742;884,743;884,744;884,745;884,746;885,747;886,747;887,748;888,748;889,749;890,749;892,749;893,750;895,750;896,750;898,749;899,749;901,748;901,747;
Stroma, ICG; POLYGON; 255, 255, 255; 980,749;980,750;980,751;980,752;980,753;980,754;979,754;979,755;979,756;978,756;978,757;977,758;977,759;976,759;976,760;975,761;974,761;973,761;972,761;971,761;970,760;969,760;968,760;968,759;967,759;966,759;966,758;965,758;965,757;964,757;963,757;963,756;962,756;962,755;961,755;961,754;960,754;960,753;960,752;959,752;959,751;959,750;959,749;959,748;959,747;959,746;958,746;958,745;957,745;956,744;955,744;954,743;953,743;952,743;951,742;950,742;949,742;948,741;948,740;948,739;948,738;949,736;949,735;950,735;950,734;951,733;953,732;955,731;957,730;960,730;961,729;965,728;966,728;967,728;970,728;972,729;975,730;976,730;979,731;980,732;981,732;983,733;984,733;985,733;
Stroma, ICG; POLYGON; 255, 255, 255; 588,827;587,827;586,827;585,827;584,827;583,827;583,828;582,828;581,828;580,828;579,828;578,829;577,829;576,829;575,830;574,830;573,830;572,830;571,830;570,830;569,830;568,830;567,830;566,830;565,830;564,830;563,830;562,830;561,830;560,830;559,830;558,830;558,829;557,829;556,829;555,828;554,828;553,828;553,827;552,827;551,826;550,826;549,825;548,825;548,824;547,824;547,823;546,823;545,822;544,822;543,822;543,821;542,821;542,820;541,819;541,818;540,818;540,817;539,817;538,816;537,815;536,815;536,814;535,814;534,813;533,813;533,812;532,812;531,812;531,811;530,811;530,810;529,810;529,809;528,809;528,808;527,808;527,807;527,806;526,806;526,805;525,805;525,804;524,803;524,802;523,802;523,801;523,800;522,800;522,799;522,798;523,798;524,798;525,798;526,798;527,798;529,798;529,799;530,799;531,799;532,800;533,801;534,801;535,801;536,802;537,802;538,803;539,803;540,803;541,803;542,803;543,803;544,803;545,804;546,804;547,805;548,805;549,805;550,806;551,806;552,806;553,806;554,806;555,806;556,806;557,806;557,807;558,807;560,807;561,808;562,808;563,808;563,809;564,809;565,810;566,811;566,812;567,813;568,813;569,814;570,814;571,814;572,814;573,814;574,814;575,814;576,814;577,814;578,814;579,814;580,814;581,814;582,814;582,815;583,815;584,815;584,816;585,816;586,816;587,817;588,817;589,817;589,818;590,818;591,819;592,819;592,820;593,820;593,821;594,821;594,822;595,822;596,822;596,823;597,823;597,824;597,825;596,825;595,825;594,825;593,826;592,826;590,826;589,827;588,827;587,827;586,828;585,828;584,828;583,829;582,829;581,829;
Stroma, ICG; POLYGON; 255, 255, 255; 525,822;524,822;524,823;523,823;523,824;522,824;522,825;521,825;521,826;520,826;520,827;520,828;519,828;519,829;519,830;519,831;519,832;519,833;519,834;518,834;518,835;518,836;518,837;518,838;518,839;519,839;519,840;519,841;519,842;519,843;519,844;520,844;520,845;520,846;520,847;520,848;520,849;520,850;520,851;521,851;521,852;521,853;522,853;523,853;523,854;524,854;525,854;526,854;527,854;528,854;529,854;530,853;531,853;532,853;533,853;534,853;535,853;536,853;537,852;538,852;539,852;539,851;540,851;541,851;542,851;542,850;543,850;544,850;544,849;545,848;545,847;545,846;546,845;546,844;546,843;546,842;546,841;546,840;546,839;546,838;545,837;545,836;544,836;544,835;543,835;542,835;541,834;
Stroma, ICG; POLYGON; 255, 255, 255; 444,847;443,847;442,847;442,848;440,848;440,849;439,849;438,850;437,850;436,850;436,851;435,851;434,851;434,852;433,852;432,853;431,854;430,855;430,856;429,857;429,858;428,858;428,859;428,860;427,861;427,862;427,863;427,864;427,865;428,865;429,866;430,866;431,867;432,867;433,867;434,868;435,868;436,868;437,868;438,868;440,868;441,868;443,868;444,868;446,867;447,866;448,865;450,865;451,864;452,863;453,862;
Stroma, ICG; POLYGON; 255, 255, 255; 350,855;351,856;351,857;352,857;352,858;352,859;352,860;352,861;352,862;352,863;352,864;352,865;351,865;351,866;350,866;350,867;349,867;349,868;348,868;348,869;347,869;347,870;346,870;346,871;345,871;345,872;344,872;343,872;342,872;341,872;340,871;339,871;338,871;337,871;336,871;335,871;334,871;333,871;332,871;331,871;330,871;329,871;328,871;327,870;326,870;325,870;324,870;323,870;322,870;321,870;320,870;319,870;319,869;319,868;319,867;319,866;320,865;321,864;322,864;322,863;323,863;324,862;325,862;326,861;327,861;327,860;328,859;329,859;330,858;331,858;332,857;333,857;334,856;335,856;336,855;337,855;337,854;338,854;338,853;339,853;340,852;341,852;341,851;342,851;343,850;
Stroma, ICG; POLYGON; 255, 255, 255; 360,824;360,823;359,823;359,822;358,822;358,821;357,821;356,821;355,821;354,821;353,821;352,821;351,821;350,821;349,822;348,822;348,823;347,823;346,824;345,824;345,825;344,825;343,825;342,825;341,826;340,826;339,826;339,827;338,827;337,828;336,829;335,830;334,831;334,832;333,832;333,833;332,834;331,835;330,836;329,836;329,837;328,837;328,838;328,839;327,839;327,840;327,841;327,842;327,843;328,843;329,843;333,844;334,844;337,843;339,843;343,843;345,842;346,842;348,841;350,841;352,840;353,840;
Stroma, ICG; POLYGON; 255, 255, 255; 296,844;295,844;294,844;293,844;292,844;291,844;291,843;290,843;289,843;289,842;289,841;288,841;288,840;287,840;287,839;286,839;286,838;286,837;285,837;284,837;284,836;283,836;283,835;283,834;282,834;282,833;282,832;282,831;282,830;282,829;282,828;282,827;282,826;282,825;283,824;283,823;284,823;284,822;285,822;285,821;286,821;286,820;287,820;287,819;287,818;288,818;288,817;288,816;289,816;289,815;289,814;289,813;289,812;289,811;289,810;289,809;289,808;288,808;288,807;288,806;288,805;287,805;287,804;287,803;287,802;287,801;286,801;286,800;285,800;285,799;284,799;284,798;283,798;282,798;282,797;281,797;280,797;280,796;279,796;278,796;278,795;277,795;276,795;275,795;274,795;274,794;273,794;272,794;271,794;271,795;271,796;271,797;271,798;272,798;272,799;272,800;273,800;273,801;274,801;275,802;275,803;276,803;277,804;277,805;278,805;278,806;279,806;279,807;280,807;280,808;280,809;281,809;281,810;282,810;282,811;282,812;282,813;282,814;281,815;280,815;280,816;279,816;279,817;278,817;277,817;277,818;276,818;275,818;275,819;274,819;274,820;273,820;273,821;272,821;272,822;271,822;271,823;270,824;270,825;270,826;269,827;269,828;269,829;269,830;269,831;269,832;269,833;270,833;270,834;271,834;272,834;273,834;274,834;275,834;276,834;277,834;277,835;278,835;278,836;278,837;278,838;278,839;278,840;278,841;279,842;279,843;279,844;280,844;280,845;280,846;281,846;282,847;283,847;284,848;285,848;286,848;287,848;288,848;289,848;290,848;291,848;292,848;292,847;293,847;294,845;295,845;296,844;297,843;298,843;
Stroma, ICG; POLYGON; 255, 255, 255; 277,854;276,854;275,854;274,854;273,854;272,854;271,854;270,854;269,854;268,854;268,855;267,855;266,855;265,855;264,855;264,856;263,856;262,856;261,856;260,856;259,856;258,856;257,856;256,857;255,857;254,857;253,857;252,857;251,857;250,857;249,857;248,857;247,857;246,857;246,858;245,858;244,858;244,859;243,860;243,861;243,862;243,863;243,864;243,865;243,866;243,867;244,868;245,868;246,868;247,868;248,869;249,869;250,869;251,869;252,869;253,869;254,869;255,869;256,869;257,869;258,869;259,869;260,869;261,869;262,869;263,869;264,868;265,868;266,868;267,868;268,867;269,867;270,866;271,866;272,865;273,865;274,864;275,864;276,863;277,863;278,862;279,862;280,861;281,861;282,861;283,860;284,860;285,860;285,859;286,859;287,859;288,859;289,859;289,858;290,858;290,857;290,856;289,856;289,855;288,855;287,854;286,853;285,852;284,851;283,851;282,851;
Stroma, ICG; POLYGON; 255, 255, 255; 192,833;191,832;190,832;189,832;188,832;187,832;186,832;185,831;184,831;183,831;182,831;181,831;180,831;178,832;177,833;175,834;174,835;173,835;172,836;171,837;170,838;169,839;169,840;169,842;169,843;170,844;171,844;177,844;180,844;
Stroma, ICG; POLYGON; 255, 255, 255; 163,775;163,774;162,773;162,772;161,772;161,771;161,770;160,770;160,769;160,768;159,768;159,767;158,767;158,766;157,766;156,765;155,764;155,763;154,763;154,762;153,762;152,762;151,762;150,762;149,762;147,763;146,763;145,764;144,764;143,765;142,765;141,765;141,766;140,766;137,767;136,768;134,769;133,770;132,770;131,771;130,771;130,770;129,769;129,768;128,768;128,767;127,766;126,765;126,764;126,763;126,762;126,761;125,760;125,759;125,758;125,757;125,756;125,755;125,754;125,753;125,752;125,751;125,750;125,749;126,748;126,747;126,746;126,745;127,744;127,743;127,742;128,742;128,741;128,740;128,739;128,738;128,737;128,736;128,735;129,735;129,734;129,733;129,732;130,731;130,730;130,729;130,728;130,727;130,726;131,726;131,725;131,724;131,723;132,723;132,722;132,721;132,720;132,719;132,718;133,718;133,717;134,717;135,717;136,717;136,718;137,718;137,719;137,720;137,721;138,722;138,723;138,724;138,725;138,726;138,727;138,728;138,729;138,731;138,732;138,733;138,734;138,735;138,736;138,737;138,738;138,739;139,739;139,740;139,741;140,741;140,742;141,742;141,743;142,743;143,744;144,744;144,745;145,745;146,746;147,747;148,747;148,748;149,748;150,749;150,750;151,750;151,751;152,751;153,752;154,752;154,753;155,753;155,754;156,754;157,755;158,755;159,755;159,756;160,756;161,756;162,756;162,757;163,757;163,758;164,758;165,758;166,758;167,758;168,758;169,758;170,758;171,758;172,758;173,758;174,758;175,758;176,758;177,758;178,758;179,758;180,758;181,759;182,759;182,760;183,760;184,761;185,761;185,762;186,762;187,763;188,763;189,764;190,764;190,765;191,766;192,766;193,767;194,768;194,769;195,770;195,772;196,772;196,773;196,774;197,775;197,776;197,777;197,778;197,779;196,779;195,779;193,779;191,778;188,778;187,778;186,777;184,777;182,777;181,777;179,777;177,776;176,776;175,776;173,776;172,776;171,775;170,775;169,774;169,773;169,772;
Stroma, ICG; POLYGON; 255, 255, 255; 246,725;245,725;244,725;243,725;243,726;242,726;241,726;240,726;239,726;238,726;237,726;236,726;235,726;234,726;233,726;232,726;231,726;230,726;229,725;228,725;227,725;226,725;225,724;224,724;223,723;222,723;221,722;220,722;219,722;218,721;217,721;217,720;216,720;215,720;215,719;214,719;214,718;213,718;213,717;212,717;212,716;212,715;212,714;212,713;212,712;213,712;213,711;214,711;214,710;215,710;216,710;216,709;217,709;218,709;218,708;219,708;220,708;221,708;222,708;223,707;224,707;224,706;225,706;225,705;226,704;226,703;226,702;226,701;226,700;226,699;225,699;225,698;225,697;225,696;225,695;226,695;227,695;228,695;229,695;230,695;231,695;232,695;233,696;234,696;236,697;237,697;238,698;239,698;241,698;242,699;243,699;244,700;245,700;246,700;247,701;248,701;248,702;249,702;250,702;251,702;251,703;252,703;253,703;254,703;255,704;256,704;257,705;258,705;258,706;
Stroma, ICG; POLYGON; 255, 255, 255; 470,539;470,538;469,538;469,537;468,537;468,536;468,535;467,535;467,534;467,533;468,533;469,533;470,532;471,532;471,531;472,531;473,530;473,529;473,528;473,527;473,526;473,525;472,525;472,524;471,524;471,523;470,523;470,522;469,522;468,522;468,521;467,521;466,521;465,521;464,521;463,521;462,521;461,521;460,521;459,521;458,521;457,521;456,522;455,522;454,522;453,522;452,522;451,521;450,520;450,519;449,519;449,518;449,517;449,516;449,515;449,514;449,513;449,512;448,512;448,511;448,510;448,509;448,508;448,507;448,506;447,506;447,505;447,504;446,504;446,503;445,503;445,502;444,502;444,501;443,501;443,500;442,500;441,499;440,499;439,498;438,498;438,497;437,497;436,496;435,496;434,496;433,496;433,497;432,497;432,498;432,499;432,500;432,501;431,501;431,502;431,504;431,505;431,506;430,507;430,508;430,509;430,511;430,512;430,514;430,515;430,516;430,518;430,519;430,521;430,522;430,523;430,524;430,525;431,526;431,527;432,527;432,528;433,528;434,529;435,529;436,530;436,531;437,531;438,532;439,533;440,534;442,535;443,536;444,537;445,538;446,538;447,539;448,540;449,540;450,541;451,541;452,541;453,541;454,541;456,541;457,541;458,541;459,541;460,541;461,541;462,541;463,541;464,541;464,542;
Stroma, ICG; POLYGON; 255, 255, 255; 417,531;416,531;416,530;415,529;414,529;414,528;413,528;412,528;411,528;410,528;409,528;408,528;407,528;407,529;406,529;405,529;405,530;404,530;403,531;402,531;402,532;401,533;400,534;399,534;398,535;398,536;397,537;396,538;395,539;394,540;393,541;393,542;392,543;391,545;390,547;389,548;389,549;388,551;388,552;387,554;387,555;387,556;387,557;387,558;388,558;389,558;390,558;391,558;392,558;394,558;397,556;399,555;401,554;403,553;407,551;410,549;412,548;414,547;416,545;418,544;420,543;421,542;423,542;424,541;425,540;426,539;426,538;426,537;
Stroma, ICG; POLYGON; 255, 255, 255; 401,544;400,544;399,544;398,544;397,544;396,544;395,544;394,544;393,544;392,544;391,544;390,544;389,545;388,545;387,545;387,546;386,546;385,546;385,547;384,547;383,548;382,548;382,549;381,549;380,549;380,550;379,550;378,550;377,550;376,551;375,551;374,551;373,551;372,551;372,552;371,552;370,552;369,552;368,552;367,552;366,552;365,552;364,552;363,552;362,552;362,551;361,551;360,551;359,551;359,550;358,550;357,550;356,550;355,550;354,550;353,550;353,549;352,549;351,549;350,549;349,549;349,550;348,550;347,551;347,552;346,552;346,553;346,554;345,555;345,556;345,557;345,558;345,559;345,560;345,561;344,561;344,562;343,562;342,562;342,563;343,563;343,564;344,564;345,565;346,565;346,566;347,566;348,567;349,568;350,568;352,569;352,570;353,570;354,570;354,571;354,572;355,572;355,573;355,574;355,575;355,576;355,577;356,578;356,579;356,580;357,581;358,582;359,582;361,582;364,581;365,580;366,579;369,578;371,576;373,575;376,573;378,571;380,569;381,568;382,568;384,567;385,566;387,566;
Stroma, ICG; POLYGON; 255, 255, 255; 766,688;767,689;768,689;768,690;769,690;769,691;770,691;771,691;772,691;773,691;773,692;774,692;775,692;776,692;777,692;778,693;779,693;780,693;780,694;781,694;781,695;782,695;782,696;782,697;783,698;783,699;784,699;784,700;784,701;784,702;785,702;785,703;785,704;785,705;784,705;783,705;782,705;781,705;780,705;779,705;778,705;778,704;777,704;776,704;775,704;775,703;774,703;773,703;772,702;771,702;770,701;769,701;769,700;768,700;768,699;767,699;766,698;765,698;765,697;764,697;764,696;763,696;762,695;762,694;761,694;761,693;760,693;759,692;758,691;758,690;757,690;757,689;756,689;756,688;755,687;755,686;754,685;754,684;754,683;755,683;756,682;757,682;758,682;760,682;761,681;762,681;
Stroma, ICG; POLYGON; 255, 255, 255; 772,658;771,658;770,658;770,657;769,657;768,657;768,656;767,656;766,656;765,655;764,655;763,655;763,654;762,654;761,654;760,653;759,653;759,652;758,652;757,651;756,651;756,650;755,650;755,649;754,649;754,648;754,647;754,646;754,645;754,644;755,644;755,643;756,642;756,641;757,641;758,640;759,640;759,639;760,639;761,638;762,637;763,636;764,636;764,635;765,634;766,633;766,631;766,629;766,628;766,627;766,624;766,623;765,622;765,621;764,620;763,619;762,618;761,618;760,617;759,617;758,617;755,617;753,616;751,616;750,616;747,616;746,616;745,616;743,616;742,616;741,616;740,617;739,617;738,617;736,618;735,618;734,618;733,619;732,619;731,620;730,620;730,621;728,622;727,623;727,624;727,625;726,627;725,629;724,633;723,637;722,641;720,645;720,648;719,650;718,654;718,657;718,659;718,661;718,663;720,666;722,668;724,670;725,671;729,674;733,678;739,681;746,682;
Stroma, ICG; POLYGON; 255, 255, 255; 949,441;949,443;948,444;947,446;946,448;945,450;945,451;944,453;943,455;942,457;941,459;940,461;939,463;938,465;937,467;936,469;935,470;934,472;933,473;933,474;932,475;931,475;930,476;929,477;928,478;927,479;925,480;924,481;923,482;921,483;920,484;919,485;918,486;917,487;916,488;915,488;914,489;913,489;912,490;911,491;910,491;910,492;909,492;908,492;907,492;907,493;906,493;905,493;905,494;904,494;902,495;901,496;900,496;899,497;899,498;898,498;897,499;896,500;895,501;894,502;893,503;892,504;891,504;891,505;890,506;889,506;889,507;888,508;888,509;887,509;887,510;887,511;886,512;886,513;886,514;886,515;885,515;885,516;885,517;886,517;887,517;888,517;889,517;890,517;891,517;892,517;893,517;894,517;897,516;898,516;900,516;902,515;904,515;905,515;908,514;910,514;911,513;913,513;914,512;916,512;917,512;918,511;920,511;921,510;923,510;924,510;925,510;926,509;927,509;928,509;930,509;931,509;932,509;933,508;935,508;936,507;938,507;941,505;942,505;943,504;944,504;945,503;946,503;946,502;947,502;948,502;949,502;950,501;951,501;952,500;953,500;954,499;955,498;957,497;958,496;960,495;961,494;963,493;964,492;966,491;967,490;969,489;970,488;971,487;972,487;973,487;973,486;974,485;975,485;976,484;977,483;978,482;979,481;980,481;981,480;982,479;982,478;983,477;984,477;985,476;985,475;986,475;986,474;987,474;987,473;988,473;988,472;989,472;989,471;990,471;990,470;991,470;991,469;992,469;992,468;993,468;993,467;994,467;994,466;995,465;995,464;996,464;996,463;996,462;997,462;997,461;997,460;998,460;998,459;998,458;999,457;999,456;999,455;1000,455;1000,454;1000,453;1000,452;1001,451;1001,450;1001,449;1002,449;1002,448;1002,447;1002,446;1002,445;1003,445;1003,444;1003,443;1003,442;1003,441;1004,441;1004,440;1004,439;1004,438;1004,437;1005,436;1005,435;1005,434;1005,433;1005,432;1005,431;1005,430;1005,429;1005,428;1005,427;1005,426;1005,425;1005,424;1005,423;1005,422;1005,421;1005,420;1005,419;1005,418;1004,418;1004,417;1003,417;1003,416;1002,416;1001,416;1000,416;1000,415;999,415;998,415;997,415;996,415;995,415;994,415;993,415;992,415;992,416;991,416;990,416;989,416;988,416;987,416;986,416;985,416;985,415;984,415;983,414;982,414;982,413;981,412;981,411;980,411;980,410;979,410;979,409;979,408;978,408;978,407;977,406;977,405;977,404;976,403;976,402;976,401;976,400;976,399;976,398;976,397;976,396;976,395;976,394;976,393;977,392;977,391;977,390;978,390;978,389;979,388;979,387;980,386;980,385;980,384;981,384;981,383;981,382;982,382;982,381;982,380;983,379;983,378;983,377;984,377;984,376;984,375;984,374;984,373;984,372;984,371;984,370;984,369;984,368;984,367;984,366;984,365;984,364;984,363;983,363;983,362;983,361;982,361;982,360;982,359;981,359;981,358;980,358;980,357;979,357;979,356;978,356;978,355;977,355;977,354;976,354;976,353;975,353;974,353;973,353;972,354;971,355;970,355;970,356;969,356;969,357;968,357;968,358;967,358;966,359;965,360;965,361;964,361;964,362;963,363;963,364;963,365;963,366;962,366;962,367;962,368;962,369;962,370;961,371;961,372;961,373;961,374;961,375;961,376;961,377;961,378;961,379;961,380;961,381;961,382;961,383;960,384;960,385;960,386;959,387;959,388;959,389;958,390;958,392;957,393;956,394;956,395;955,396;955,397;954,399;954,400;953,402;953,403;952,404;951,406;951,407;950,409;950,411;949,413;949,415;948,417;947,419;947,421;947,422;947,424;947,425;946,426;946,428;946,429;946,431;946,432;945,434;945,436;945,438;945,441;945,443;945,448;945,454;946,456;948,458;951,463;
